cycle_number,relax_var,relax_ske,relax_max,relax_min,relax_mean,relax_kur,relax_duration_s,relax_points,relax_start_voltage,relax_end_voltage,relax_voltage_delta,window_s,window_points,SOH,RUL,discharge_capacity_in_Ah
2,0.0008482388789878,-3.756081462930568,4.1863446,4.0656619,4.170033093333334,14.37589515236959,1680.1240798016115,15,4.1863446,4.0656619,-0.1206826999999997,1680.1240798016115,15,0.9486630674547368,406.0,3.320320736091579
3,0.0008598385413054,-3.75678809053523,4.186305,4.0648351,4.169922860000001,14.37945608133732,1680.1220844958298,15,4.186305,4.0648351,-0.1214699000000001,1680.1220844958298,15,0.9473052124472576,405.0,3.3155682435654015
4,0.0008655356134168,-3.759603291260896,4.1862264,4.0644021,4.16985986,14.394543823409451,1680.1240844957065,15,4.1862264,4.0644021,-0.1218243000000001,1680.1240844957065,15,0.9460608795007516,404.0,3.311213078252631
5,0.0008716166623349,-3.7606388720450536,4.186305,4.0640082,4.169844093333333,14.400148575974328,1680.1220844957134,15,4.186305,4.0640082,-0.1222967999999999,1680.1220844957134,15,0.9447340583043856,403.0,3.306569204065349
6,0.0008742857712378,-3.762696438351502,4.1862659,4.063850899999999,4.169865126666668,14.41111955852292,1680.118084495407,15,4.1862659,4.063850899999999,-0.122415000000001,1680.118084495407,15,0.94350258838406,402.0,3.3022590593442094
7,0.0008756356346417,-3.762705957033816,4.186108600000001,4.063653899999999,4.16974968,14.410877224715264,1680.124123425674,15,4.186108600000001,4.063653899999999,-0.1224547000000013,1680.124123425674,15,0.9422365115792412,401.0,3.297827790527344
8,0.0008843182333525,-3.761319630462248,4.1861873,4.0629845,4.16959474,14.404245238930354,1680.1321752516087,15,4.1861873,4.0629845,-0.1232028000000005,1680.1321752516087,15,0.9409659048920744,400.0,3.29338066712226
9,0.0008849200955126,-3.761153407077108,4.186108600000001,4.063024,4.169668253333333,14.402526078759925,1680.1341752517328,15,4.186108600000001,4.063024,-0.1230846000000003,1680.1341752517328,15,0.939773141202334,399.0,3.289205994208169
10,0.0008967340054512,-3.763000675230444,4.186305,4.0623546,4.1697233533333335,14.412468477808368,1680.1401752521924,15,4.186305,4.0623546,-0.1239504,1680.1401752521924,15,0.938620777845828,398.0,3.285172722460398
11,0.0008987316425095,-3.764147749370076,4.1860294,4.0620394,4.1695369666666675,14.418593301415054,1680.1401752524253,15,4.1860294,4.0620394,-0.12399,1680.1401752524253,15,0.9373798914282234,397.0,3.280829619998782
12,0.0009018344121095,-3.7639022471350874,4.1862264,4.0619607,4.169641966666666,14.41753281427466,1680.1501752537151,15,4.1862264,4.0619607,-0.1242656999999995,1680.1501752537151,15,0.9363047008943688,396.0,3.277066453130291
13,0.0009039168115611,-3.7664123825115694,4.1860294,4.0616851,4.169510740000001,14.430742625067897,1680.1421752525202,15,4.1860294,4.0616851,-0.1243442999999997,1680.1421752525202,15,0.9351472231098484,395.0,3.273015280884469
14,0.0009035817798474,-3.764603264679147,4.1861873,4.0617247,4.16951602,14.42138302911949,1680.1341752516746,15,4.1861873,4.0617247,-0.1244626000000002,1680.1341752516746,15,0.9340597200476656,394.0,3.26920902016683
15,0.0009234727353092,-3.763893665245784,4.1858721,4.0602283,4.169193073333333,14.416964854787697,1680.1381752518646,15,4.1858721,4.0602283,-0.1256437999999997,1680.1381752518646,15,0.9323248221018184,393.0,3.2631368773563643
16,0.0009104630664326,-3.764972265411171,4.1859903,4.0611734,4.169376913333333,14.422929446112484,1680.140175252047,15,4.1859903,4.0611734,-0.1248168999999999,1680.140175252047,15,0.9318873562686018,392.0,3.261605746940106
17,0.0009153966330783,-3.765822580166658,4.1859508000000005,4.0608582,4.169361146666666,14.427235809720568,1680.1361752525845,15,4.1859508000000005,4.0608582,-0.1250926000000003,1680.1361752525845,15,0.9308540014641068,391.0,3.2579890051243736
18,0.0009246440639892,-3.765030498987987,4.1860294,4.0603466,4.169389973333334,14.42319398313134,1680.1361752515077,15,4.1860294,4.0603466,-0.1256827999999998,1680.1361752515077,15,0.9298980372462486,390.0,3.2546431303618704
19,0.0009213162165369,-3.767180268903501,4.1861477,4.0604644,4.169329613333333,14.43527727478207,1680.136175251624,15,4.1861477,4.0604644,-0.1256833000000004,1680.136175251624,15,0.92889383513575,389.0,3.251128422975125
20,0.0009223425144659,-3.765931592747909,4.1859903,4.0603857,4.16930078,14.428129080102192,1680.142175252433,15,4.1859903,4.0603857,-0.1256045999999999,1680.142175252433,15,0.927969257563244,388.0,3.247892401471354
21,0.0009175453862649,-3.7663145223656063,4.1858721,4.0606613,4.169295506666668,14.429825899489398,1680.1381752518355,15,4.1858721,4.0606613,-0.1252108000000005,1680.1381752518355,15,0.9270258066104756,387.0,3.244590323136664
22,0.0009264395296212,-3.7659301060208943,4.1859117,4.060071,4.169227286666667,14.427767894768415,1680.134175251529,15,4.1859117,4.060071,-0.1258407000000003,1680.134175251529,15,0.92612448388668,386.0,3.241435693603381
23,0.0009285929463488,-3.765556200072883,4.1859117,4.0599132,4.16919312,14.42570653576164,1680.1401752522215,15,4.1859117,4.0599132,-0.1259984999999996,1680.1401752522215,15,0.9252247519281304,385.0,3.238286631748456
24,0.0009406706854731,-3.76834303309029,4.1859903,4.0591259,4.16913812,14.44134483994846,1680.1361752514497,15,4.1859903,4.0591259,-0.1268644000000005,1680.1361752514497,15,0.9243747471715724,384.0,3.2353116151005037
25,0.0009414584940155,-3.767953601398339,4.185833000000001,4.0590076,4.169061846666667,14.438572375021815,1680.140175252105,15,4.185833000000001,4.0590076,-0.1268254000000004,1680.140175252105,15,0.92348479308927,383.0,3.232196775812445
26,0.0009441578144526,-3.766958115520654,4.185833000000001,4.0588107,4.169014646666667,14.433492521812685,1680.1381752518937,15,4.185833000000001,4.0588107,-0.1270223000000001,1680.1381752518937,15,0.9226402103159884,382.0,3.229240736105959
27,0.0009316162614702,-3.765273040498424,4.185833000000001,4.0595984,4.16905402,14.42442934810692,1680.1481752528343,15,4.185833000000001,4.0595984,-0.1262346000000009,1680.1481752528343,15,0.9218245774261378,381.0,3.226386020991482
28,0.0009411111004483,-3.768094160491348,4.1857147,4.0588899,4.168925413333333,14.439665001623696,1680.138175252243,15,4.1857147,4.0588899,-0.1268248000000005,1680.138175252243,15,0.9210035827034122,380.0,3.2235125394619426
29,0.0009345078847738,-3.7660601456106217,4.1857147,4.0593619,4.168993666666667,14.428552128329253,1680.136175251566,15,4.1857147,4.0593619,-0.1263528000000002,1680.136175251566,15,0.9201930262546892,379.0,3.220675591891412
30,0.000952234228632,-3.768743437639527,4.1858721,4.0582595,4.168948973333333,14.443314693700476,1680.1341752511216,15,4.1858721,4.0582595,-0.1276125999999999,1680.1341752511216,15,0.9194275308799912,378.0,3.217996358079969
31,0.0009467085336612,-3.766345420505844,4.1858721,4.0585747,4.168922753333334,14.43058457130964,1680.1301752514555,15,4.1858721,4.0585747,-0.1272973999999997,1680.1301752514555,15,0.9186710957736156,377.0,3.215348835207655
32,0.0009396622771192,-3.764969158159943,4.185833000000001,4.0589685,4.168893906666667,14.423364566396256,1680.1281752510113,15,4.185833000000001,4.0589685,-0.1268645000000008,1680.1281752510113,15,0.9179098241853452,376.0,3.2126843846487083
33,0.0009487131179657,-3.765921616786021,4.1857538,4.058338200000001,4.168799400000001,14.428234203687282,1680.126175250858,15,4.1857538,4.058338200000001,-0.127415599999999,1680.126175250858,15,0.917165328182392,375.0,3.210078648638372
34,0.0009332887232723,-3.7634721843248378,4.1855574,4.0591655,4.168704933333334,14.415182348309308,1680.108175249712,15,4.1855574,4.0591655,-0.1263919000000006,1680.108175249712,15,0.916358838894004,374.0,3.2072559361290143
35,0.0009437191686711,-3.7642977969071687,4.1857147,4.0586143,4.168770540000001,14.419235220506206,1680.1221752503188,15,4.1857147,4.0586143,-0.1271003999999997,1680.1221752503188,15,0.9156951150142606,373.0,3.204932902549912
36,0.0009481777525842,-3.764269697648578,4.1857147,4.0582991,4.1687154,14.419402547603193,1680.1081752507016,15,4.1857147,4.0582991,-0.1274155999999999,1680.1081752507016,15,0.9149576004292992,372.0,3.202351601502547
37,0.000949543938426,-3.7648878908082897,4.1855178,4.0581417,4.168641920000001,14.422074761701264,1680.1141752488911,15,4.1855178,4.0581417,-0.1273761000000002,1680.1141752488911,15,0.9142332975565391,371.0,3.199816541447887
38,0.0009495141703469,-3.7673073194507176,4.1854391,4.0581417,4.1686603133333335,14.435014140988528,1680.1101752491668,15,4.1854391,4.0581417,-0.1272973999999997,1680.1101752491668,15,0.9135365001866322,370.0,3.197377750653213
39,0.0009517274772778,-3.763685030462675,4.1857538,4.0580235,4.168641893333334,14.41667572266046,1680.1141752490075,15,4.1857538,4.0580235,-0.1277302999999996,1680.1141752490075,15,0.9129376130673756,369.0,3.195281645735814
40,0.0009524043085949,-3.7640445455277862,4.1855178,4.0578661,4.168526406666667,14.418245342049204,1680.116175250267,15,4.1855178,4.0578661,-0.1276517000000003,1680.116175250267,15,0.9122068140507968,368.0,3.192723849177789
41,0.0009640241878992,-3.7654799244962502,4.1855178,4.0570393,4.168384673333334,14.42595145331408,1680.1101752493996,15,4.1855178,4.0570393,-0.1284785000000008,1680.1101752493996,15,0.9115088456090727,367.0,3.1902809596317545
42,0.0009567226643398,-3.762343440616945,4.1855965,4.0575509,4.168447653333334,14.409210363216918,1680.1141752488911,15,4.1855965,4.0575509,-0.1280456000000001,1680.1141752488911,15,0.910876884188524,366.0,3.188069094659834
43,0.0009588312812099,-3.764383784583609,4.1855965,4.057432700000001,4.1684686,14.420071051921235,1680.1141752507538,15,4.1855965,4.057432700000001,-0.1281637999999993,1680.1141752507538,15,0.9102486826483448,365.0,3.185870389269207
44,0.0009463301629941,-3.762411645692319,4.1854782,4.0581808,4.168473846666667,14.409306992722383,1680.1081752477912,15,4.1854782,4.0581808,-0.1272974000000006,1680.1081752477912,15,0.9096196908969248,364.0,3.183668918139237
45,0.0009605773998,-3.761986221084344,4.1855178,4.0571966,4.168313800000001,14.407515490552171,1680.1161752494518,15,4.1855178,4.0571966,-0.1283212000000002,1680.1161752494518,15,0.9089356064567448,363.0,3.181274622598607
46,0.0009488333490335,-3.7619103021963136,4.1853604,4.0579448,4.168379406666667,14.40657282553315,1680.1061752483947,15,4.1853604,4.0579448,-0.1274156000000008,1680.1061752483947,15,0.908365368797394,362.0,3.1792787907908786
47,0.0009854294331755,-3.765467012235492,4.1854391,4.0557399,4.168313813333333,14.425261055014191,1680.1161752510816,15,4.1854391,4.0557399,-0.1296992000000001,1680.1161752510816,15,0.9078031090531598,361.0,3.177310881686059
48,0.0009657310498752,-3.764158734712723,4.185320900000001,4.0568423,4.168274466666667,14.41832745152615,1680.1181752495468,15,4.185320900000001,4.0568423,-0.1284786000000011,1680.1181752495468,15,0.9071735560531372,360.0,3.1751074461859803
49,0.0009525789994157,-3.7631043041464527,4.1853604,4.0575905,4.1682534,14.41345741259136,1680.1081752489554,15,4.1853604,4.0575905,-0.1277699000000005,1680.1081752489554,15,0.9065568315781176,359.0,3.172948910523411
50,0.0009546381823242,-3.761348787249372,4.1853604,4.057432700000001,4.1682009,14.404399870214348,1680.114175249706,15,4.1853604,4.057432700000001,-0.1279276999999998,1680.114175249706,15,0.9059766462065194,358.0,3.170918261722818
51,0.0009693555344639,-3.761450811896883,4.1853995,4.0565271,4.16814576,14.40415244399092,1680.1121752494946,15,4.1853995,4.0565271,-0.1288723999999996,1680.1121752494946,15,0.9054171719325088,357.0,3.168960101763781
52,0.0009555362278014,-3.758288561101805,4.1853995,4.057354,4.168148399999999,14.387776149568824,1680.1101752491668,15,4.1853995,4.057354,-0.1280454999999998,1680.1101752491668,15,0.904839832052332,356.0,3.1669394121831624
53,0.0009584930323188,-3.7613617616490584,4.185320900000001,4.0571966,4.16818778,14.40401197350864,1680.0881752474234,15,4.185320900000001,4.0571966,-0.1281243000000005,1680.0881752474234,15,0.9043110286259138,355.0,3.1650886001906984
54,0.0009583953942935,-3.7610881532684193,4.185320900000001,4.0571179,4.1681011266666665,14.402560532168229,1680.092175247264,15,4.185320900000001,4.0571179,-0.1282030000000009,1680.092175247264,15,0.9037309815141368,354.0,3.163058435299479
55,0.0009605772097283,-3.7598082803839104,4.1852422,4.0568814,4.167980386666667,14.395887975497349,1680.0881752474234,15,4.1852422,4.0568814,-0.1283608000000002,1680.0881752474234,15,0.9031590582208744,353.0,3.1610567037730606
56,0.0009590972590349,-3.7597348657377543,4.1852026,4.0569997,4.168011893333333,14.395026403365094,1680.088175248355,15,4.1852026,4.0569997,-0.1282028999999998,1680.088175248355,15,0.9026454662462404,352.0,3.159259131861842
57,0.0009619108390195,-3.760597283085827,4.1851635,4.0567241,4.167906966666667,14.40024939555817,1680.0901752476348,15,4.1851635,4.0567241,-0.1284393999999995,1680.0901752476348,15,0.902104962967704,351.0,3.157367370386964
58,0.0009651135333512,-3.759903849887968,4.1850061,4.056488,4.167849153333333,14.39583425092486,1680.0861752470955,15,4.1850061,4.056488,-0.1285180999999999,1680.0861752470955,15,0.9015543629250374,350.0,3.155440270237631
59,0.0009663747800468,-3.761450579894289,4.1852026,4.0564485,4.16789646,14.4050135924157,1680.0921752469148,15,4.1852026,4.0564485,-0.1287541000000001,1680.0921752469148,15,0.9011001843603909,349.0,3.1538506452613677
60,0.0009658773124755,-3.7602911004236264,4.1851239,4.0564485,4.167857046666668,14.39800047047418,1680.0881752474234,15,4.1851239,4.0564485,-0.1286753999999996,1680.0881752474234,15,0.9005848417307635,348.0,3.152046946057672
61,0.0009656833910178,-3.758428257405217,4.1850061,4.0562911,4.1676732733333335,14.388416260237278,1680.084175247699,15,4.1850061,4.0562911,-0.1287149999999997,1680.084175247699,15,0.8999987332161068,347.0,3.149995566256374
62,0.0009688594025449,-3.759566045874553,4.1850452,4.0562119,4.167786106666667,14.39403751306318,1680.0841752452543,15,4.1850452,4.0562119,-0.1288333000000001,1680.0841752452543,15,0.8995694708612352,346.0,3.1484931480143232
63,0.0009849119053069,-3.759246893558989,4.1851239,4.0551095,4.167602413333333,14.393079659329588,1680.0861752460478,15,4.1851239,4.0551095,-0.1300143999999994,1680.0861752460478,15,0.8989918098249163,345.0,3.1464713343872073
64,0.0009694940835588,-3.756964233686029,4.1850061,4.0560155,4.1676050799999995,14.380730099446552,1680.0821752457414,15,4.1850061,4.0560155,-0.1289905999999998,1680.0821752457414,15,0.8984788960201585,344.0,3.144676136070555
65,0.0009703192883563,-3.7588865255384336,4.1849666,4.0559759,4.167628706666667,14.390646792306208,1680.08217524644,15,4.1849666,4.0559759,-0.1289907000000001,1680.08217524644,15,0.898025594963068,343.0,3.143089582370738
66,0.0009726883095792,-3.757927324149564,4.185084799999999,4.0558972,4.167678506666666,14.385835551917232,1680.0801752465777,15,4.185084799999999,4.0558972,-0.1291875999999989,1680.0801752465777,15,0.8975668653883775,342.0,3.1414840288593213
67,0.0009744081355659,-3.755862475730907,4.1849666,4.0556216,4.167484320000001,14.374840627996305,1680.086175248376,15,4.1849666,4.0556216,-0.1293449999999998,1680.086175248376,15,0.8970170639984811,341.0,3.139559723994684
68,0.0009753813060978,-3.7576379175802286,4.1848483,4.0554643,4.167397626666666,14.384149620999896,1680.082175248186,15,4.1848483,4.0554643,-0.1293839999999999,1680.082175248186,15,0.8964612533834787,340.0,3.1376143868421753
69,0.0009746776403459,-3.7583996630382135,4.1849666,4.055660700000001,4.167560419999999,14.38848860327512,1680.0821752457414,15,4.1849666,4.055660700000001,-0.1293058999999994,1680.0821752457414,15,0.8961107398471218,339.0,3.1363875894649262
70,0.0009765285717449,-3.7570205245147714,4.1848879,4.0554247000000005,4.1674186933333335,14.38090293248744,1680.0862002839567,15,4.1848879,4.0554247000000005,-0.1294631999999991,1680.0862002839567,15,0.8955616000894017,338.0,3.1344656003129057
71,0.0009784634872528,-3.75687508127914,4.1848092,4.0551887,4.167292700000001,14.380401696778282,1680.0762002799893,15,4.1848092,4.0551887,-0.1296204999999997,1680.0762002799893,15,0.8950546770624451,337.0,3.132691369718558
72,0.0009785703983341,-3.7568712137577776,4.1847696,4.0552673,4.167376713333334,14.37980252269208,1680.0802002851851,15,4.1847696,4.0552673,-0.1295023000000004,1680.0802002851851,15,0.8946421410501922,336.0,3.131247493675673
73,0.0009806601733082,-3.756307316132464,4.1848483,4.0550704,4.16729526,14.377292897399226,1680.0762002822012,15,4.1848483,4.0550704,-0.1297778999999996,1680.0762002822012,15,0.8941751185094625,335.0,3.129612914783119
74,0.0009811562085549,-3.7560259208703743,4.184927,4.0550704,4.167321506666666,14.375997579590573,1680.078200281132,15,4.184927,4.0550704,-0.1298566000000001,1680.078200281132,15,0.8937135371694029,334.0,3.12799738009291
75,0.0009838362222641,-3.7546562058267536,4.1848879,4.0547948,4.167187753333334,14.368895574889809,1680.080200281227,15,4.1848879,4.0547948,-0.1300930999999998,1680.080200281227,15,0.8932463047007149,333.0,3.126362066452502
76,0.0009814770324249,-3.7545083916776543,4.1847301,4.0549521,4.167208606666667,14.367778755187128,1680.0782002818305,15,4.1847301,4.0549521,-0.1297779999999999,1680.0782002818305,15,0.8927357673861833,332.0,3.1245751858516417
77,0.0009833311779506,-3.756294208299197,4.1847301,4.0548339,4.167211273333333,14.37711650191719,1680.0822002810892,15,4.1847301,4.0548339,-0.1298962000000001,1680.0822002810892,15,0.8923246894282066,331.0,3.1231364129987234
78,0.0009677173297583,-3.751292235792759,4.1847696,4.055779,4.167219146666667,14.350903165687477,1680.0802002809942,15,4.1847696,4.055779,-0.1289905999999998,1680.0802002809942,15,0.8918916536371134,330.0,3.121620787729897
79,0.0009876706486739,-3.7536564076107592,4.1849666,4.0545979,4.16720086,14.363307529365468,1680.0802002819255,15,4.1849666,4.0545979,-0.1303687,1680.0802002819255,15,0.8915143672123398,329.0,3.12030028524319
80,0.0009885481133835,-3.7540269331039138,4.1847696,4.0544796000000005,4.167135193333333,14.364837336669286,1680.0962002840824,15,4.1847696,4.0544796000000005,-0.1302899999999995,1680.0962002840824,15,0.891060591791914,328.0,3.118712071271699
81,0.0009891863366892,-3.7530518853746577,4.1847696,4.0543222000000005,4.167006526666667,14.360182762074071,1680.0822002808563,15,4.1847696,4.0543222000000005,-0.1304473999999995,1680.0822002808563,15,0.8905880524719428,327.0,3.1170581836518
82,0.0009910926426355,-3.753640264382893,4.1846123,4.0541649,4.166961913333334,14.36261845754574,1680.0802002828568,15,4.1846123,4.0541649,-0.1304474000000004,1680.0802002828568,15,0.8900831198769616,326.0,3.115290919569366
83,0.0009883475866852,-3.754333327408939,4.1846514,4.0543222000000005,4.166969766666667,14.36712562012374,1680.0802002819255,15,4.1846514,4.0543222000000005,-0.1303291999999993,1680.0802002819255,15,0.889670547625751,325.0,3.113846916690129
84,0.0010075229296755,-3.7567847345374625,4.1846123,4.0531411,4.166896346666666,14.3795171827636,1680.0922002829611,15,4.1846123,4.0531411,-0.1314712,1680.0922002829611,15,0.8892383144108454,324.0,3.112334100437959
85,0.0010089989720063,-3.753467345437852,4.1846514,4.0530229,4.166833306666667,14.362068068981188,1680.0922002822626,15,4.1846514,4.0530229,-0.1316284999999997,1680.0922002822626,15,0.8888088890024337,323.0,3.110831111508518
86,0.0009942733396137,-3.753233556679503,4.184691,4.053849700000001,4.166825466666666,14.361578429176287,1680.0882002820726,15,4.184691,4.053849700000001,-0.1308412999999992,1680.0882002820726,15,0.8883715387062103,322.0,3.109300385471736
87,0.0009949385261902,-3.751001432533493,4.184691,4.053810100000001,4.16680442,14.349499053808769,1680.0882002832368,15,4.184691,4.053810100000001,-0.1308808999999993,1680.0882002832368,15,0.8879828959485049,321.0,3.107940135819767
88,0.0009961430007226,-3.751533729898503,4.1847301,4.0536923,4.166759853333334,14.352605831017195,1680.0822002789937,15,4.1847301,4.0536923,-0.1310378000000005,1680.0822002789937,15,0.8875507780368767,320.0,3.106427723129068
89,0.0009980503403957,-3.7536485541513382,4.1846123,4.0536137000000005,4.166807100000001,14.36354333483466,1680.0802002800629,15,4.1846123,4.0536137000000005,-0.1309985999999998,1680.0802002800629,15,0.887170662479151,319.0,3.1050973186770285
90,0.0009965331895702,-3.751797407651557,4.1845727,4.0536528,4.166744080000001,14.35345470392642,1680.088200279046,15,4.1845727,4.0536528,-0.1309199000000003,1680.088200279046,15,0.8867683977750264,318.0,3.1036893922125923
91,0.0009990299283206,-3.751520274411729,4.1845336,4.0534167000000005,4.166646993333334,14.351821104471952,1680.0882002820726,15,4.1845336,4.0534167000000005,-0.1311168999999994,1680.0882002820726,15,0.8863357576287363,317.0,3.102175151700577
92,0.0010000383900526,-3.7499901248027503,4.1846123,4.0534167000000005,4.166691553333333,14.344054821671184,1680.1022002841346,15,4.1846123,4.0534167000000005,-0.1311955999999998,1680.1022002841346,15,0.8859607025536721,316.0,3.1008624589378524
93,0.0009978757739055,-3.750800339559188,4.1845727,4.0534954,4.166654813333334,14.348541126851426,1680.1002002838068,15,4.1845727,4.0534954,-0.1310773000000002,1680.1002002838068,15,0.8855306885343431,315.0,3.099357409870201
94,0.0010036759115626,-3.752930733310842,4.1844544,4.0530624,4.166568146666667,14.35966187233159,1680.1002002810128,15,4.1844544,4.0530624,-0.1313919999999999,1680.1002002810128,15,0.8851143081403846,314.0,3.097900078491346
95,0.0010035176164349,-3.750666679973403,4.1844153,4.0529833,4.166460506666668,14.347421623084443,1680.0822002789937,15,4.1844153,4.0529833,-0.1314320000000002,1680.0822002789937,15,0.8846909150376289,313.0,3.096418202631701
96,0.0010042639002326,-3.750591321410915,4.1844544,4.0530229,4.166541886666667,14.34720383330512,1680.08420028002,15,4.1844544,4.0530229,-0.1314314999999997,1680.08420028002,15,0.8843559448898662,312.0,3.095245807114532
97,0.0010057475275131,-3.749133283073233,4.1843367,4.0528259,4.16641598,14.33922770345269,1680.0822002775967,15,4.1843367,4.0528259,-0.1315108,1680.0822002775967,15,0.8839424951209462,311.0,3.093798732923312
98,0.0010056968537506,-3.751914466184207,4.1843758,4.0528259,4.166436926666667,14.354061561062512,1680.094200283289,15,4.1843758,4.0528259,-0.1315498999999995,1680.094200283289,15,0.8835684525075569,310.0,3.092489583776449
99,0.0010074580370426,-3.74827274575456,4.184258,4.0525899,4.166268946666667,14.334485148244845,1680.1002002840396,15,4.184258,4.0525899,-0.1316680999999997,1680.1002002840396,15,0.8831746335308166,309.0,3.091111217357858
100,0.0010072878162995,-3.7488298270557543,4.1841397,4.0524716,4.1661456333333335,14.337305129523616,1680.09820028604,15,4.1841397,4.0524716,-0.1316681000000006,1680.09820028604,15,0.8826819155776836,308.0,3.089386704521893
101,0.0010080195236669,-3.748505572696921,4.1843367,4.0525112000000005,4.166224353333334,14.33610539796056,1680.0982002839446,15,4.1843367,4.0525112000000005,-0.1318254999999997,1680.0982002839446,15,0.8823548855276929,307.0,3.088242099346925
102,0.0010243615634925,-3.751670885198632,4.1841788,4.0514479,4.16610616,14.352698355010542,1680.100200284738,15,4.1841788,4.0514479,-0.1327308999999994,1680.100200284738,15,0.8819966937250046,306.0,3.086988428037516
103,0.001042872357994,-3.751686572810775,4.1842184,4.0502667,4.165956513333334,14.352852558902978,1680.118200282799,15,4.1842184,4.0502667,-0.1339516999999999,1680.118200282799,15,0.881592025635812,305.0,3.085572089725342
104,0.001043060066174,-3.752740467742835,4.1839824,4.0501881,4.1658962399999995,14.357443529698603,1680.1122002820484,15,4.1839824,4.0501881,-0.1337942999999999,1680.1122002820484,15,0.8812282785008997,304.0,3.084298974753149
105,0.0010444747832754,-3.74987849648872,4.1843367,4.0501881,4.16595136,14.343525913111808,1680.1122002860066,15,4.1843367,4.0501881,-0.1341486000000005,1680.1122002860066,15,0.880897598427308,303.0,3.083141594495578
106,0.0010292729372992,-3.750637787132811,4.1840215,4.050975299999999,4.165898826666667,14.346931889576323,1680.1142002830748,15,4.1840215,4.050975299999999,-0.1330462000000007,1680.1142002830748,15,0.8804487354325558,302.0,3.081570574013945
107,0.0010316329889297,-3.749006947460924,4.184258,4.050975299999999,4.166016959999999,14.33872753443811,1680.1162002831695,15,4.184258,4.050975299999999,-0.1332827000000005,1680.1162002831695,15,0.8801605425894792,301.0,3.080561899063177
108,0.0010480065601171,-3.751551307111293,4.1842184,4.0499125,4.1658857,14.3522442101972,1680.1202002882492,15,4.1842184,4.0499125,-0.1343059000000002,1680.1202002882492,15,0.8798058559947377,300.0,3.079320495981582
109,0.0010344355448874,-3.746990593973418,4.1841788,4.0506997,4.16588038,14.328282140838803,1680.1142002833076,15,4.1841788,4.0506997,-0.1334790999999997,1680.1142002833076,15,0.8794422747450861,299.0,3.078047961607801
110,0.0010165804451182,-3.7464718525458536,4.1841002,4.0516839,4.16586206,14.325806783308837,1680.100200284738,15,4.1841002,4.0516839,-0.1324163,1680.100200284738,15,0.8790110950898283,298.0,3.076538832814399
111,0.0010188424399055,-3.7482533389388792,4.1840611,4.0516448,4.165964486666666,14.33464391007632,1680.100200281944,15,4.1840611,4.0516448,-0.1324163,1680.100200281944,15,0.8787535721508398,297.0,3.075637502527939
112,0.001017511326062,-3.744651823339562,4.1842184,4.0516448,4.165859473333333,14.316079529373962,1680.0982002837118,15,4.1842184,4.0516448,-0.1325735999999997,1680.0982002837118,15,0.8783443271565378,296.0,3.0742051450478822
113,0.0010206352542778,-3.746952591710041,4.1840611,4.0514479,4.165856806666667,14.327649709670832,1680.0862002808135,15,4.1840611,4.0514479,-0.1326131999999997,1680.0862002808135,15,0.8779736978158326,295.0,3.072907942355414
114,0.0010198615346731,-3.7443895049523954,4.1839032,4.0513692,4.16571242,14.313824542632638,1680.0762002840638,15,4.1839032,4.0513692,-0.1325339999999997,1680.0762002840638,15,0.8775980282852023,294.0,3.071593098998208
115,0.0010045941068092,-3.741374243109635,4.1839824,4.0522747,4.165733426666667,14.298158155507505,1680.0722002829425,15,4.1839824,4.0522747,-0.1317076999999997,1680.0722002829425,15,0.8772263883964614,293.0,3.070292359387615
116,0.0010234906011231,-3.743848422241496,4.1839032,4.0510936,4.16563628,14.311649721864285,1680.0742002830375,15,4.1839032,4.0510936,-0.1328095999999998,1680.0742002830375,15,0.8768543167858688,292.0,3.068990108750541
117,0.0010242057912249,-3.7422896043304914,4.1841397,4.0511723,4.165741326666668,14.303226055066762,1680.0742002758195,15,4.1841397,4.0511723,-0.1329674,1680.0742002758195,15,0.8765911934745481,291.0,3.0680691771609183
118,0.0010236112648841,-3.741861707420677,4.1840215,4.0510936,4.165625853333333,14.301093730194111,1680.0762002801057,15,4.1840215,4.0510936,-0.1329279000000003,1680.0762002801057,15,0.8762047364019884,290.0,3.066716577406959
119,0.0010280042890188,-3.745350316802523,4.1839824,4.0508571,4.16566512,14.3196795837542,1680.0742002818731,15,4.1839824,4.0508571,-0.1331252999999996,1680.0742002818731,15,0.8758525999887616,289.0,3.0654840999606656
120,0.0010271494387398,-3.7441593469914,4.1839032,4.050818,4.165568086666666,14.31343678313863,1680.0922002792358,15,4.1839032,4.050818,-0.1330852,1680.0922002792358,15,0.8755073904198446,288.0,3.064275866469456
121,0.0010266604945998,-3.743670086781538,4.1838245,4.0507393,4.165457786666666,14.310799916971966,1680.098200282082,15,4.1838245,4.0507393,-0.1330852,1680.098200282082,15,0.8751134532130072,287.0,3.062897086245525
122,0.0010285256185288,-3.742532950913792,4.1839032,4.0506606,4.16547362,14.30493060860174,1680.0962002840824,15,4.1839032,4.0506606,-0.1332426,1680.0962002840824,15,0.874794431659962,286.0,3.061780510809867
123,0.0010297868735895,-3.744220847981555,4.1837854,4.050502799999999,4.165400066666667,14.313316831949738,1680.0882002799772,15,4.1837854,4.050502799999999,-0.1332826000000002,1680.0882002799772,15,0.8744490565400621,285.0,3.0605716978902175
124,0.0010485460804078,-3.743890151329748,4.1838641,4.0493612,4.165297693333334,14.311812842204157,1680.0902002796065,15,4.1838641,4.0493612,-0.1345029000000002,1680.0902002796065,15,0.87403295918829,284.0,3.059115357159015
125,0.0010317403323469,-3.743033503348808,4.1838641,4.050385,4.165381653333333,14.307614199736353,1680.096200279659,15,4.1838641,4.050385,-0.1334790999999997,1680.096200279659,15,0.8737375286972575,283.0,3.058081350440401
126,0.0010343085959897,-3.742054223489611,4.1836672,4.0500302,4.16516126,14.302305164090903,1680.0902002851944,15,4.1836672,4.0500302,-0.1336370000000002,1680.0902002851944,15,0.8732989635079517,282.0,3.0565463722778308
127,0.0010504329420163,-3.743778125183053,4.1836672,4.0491247,4.1651638066666665,14.310660073361989,1680.108200282557,15,4.1836672,4.0491247,-0.1345425000000002,1680.108200282557,15,0.8730283209843523,281.0,3.055599123445233
128,0.0010688578725966,-3.7445891758211447,4.1836276,4.0478649,4.164924933333334,14.315391895589451,1680.1102002863772,15,4.1836276,4.0478649,-0.1357626999999999,1680.1102002863772,15,0.8726116331951809,280.0,3.054140716183133
129,0.001036283373852,-3.7417569276647624,4.1837068,4.0498729,4.165111326666667,14.300813034848847,1680.0962002826857,15,4.1837068,4.0498729,-0.1338338999999999,1680.0962002826857,15,0.8723342251292007,279.0,3.053169787952202
130,0.001053689106236,-3.745083370888203,4.1835885,4.04881,4.1650404199999995,14.317746271542056,1680.1082002832554,15,4.1835885,4.04881,-0.1347785000000003,1680.1082002832554,15,0.8720187713456414,278.0,3.052065699709745
131,0.0010555956390692,-3.7456452483840534,4.1834702,4.0486131,4.164953873333333,14.320982836735327,1680.1042002819013,15,4.1834702,4.0486131,-0.1348571000000005,1680.1042002819013,15,0.8716495699607052,277.0,3.0507734948624683
132,0.0010376190326935,-3.7401960344531777,4.1836672,4.0497546,4.165053593333334,14.292431702004144,1680.100200283574,15,4.1836672,4.0497546,-0.1339126000000003,1680.100200283574,15,0.8713512054896375,276.0,3.0497292192137313
133,0.0010408400497492,-3.740159872476929,4.1835885,4.049479,4.1649564266666665,14.292184098987429,1680.1002002838068,15,4.1835885,4.049479,-0.1341095000000001,1680.1002002838068,15,0.8709806122873259,275.0,3.0484321430056407
134,0.0010598297321741,-3.741183012723316,4.1836672,4.0483375,4.164872486666666,14.297552858697731,1680.100200282177,15,4.1836672,4.0483375,-0.1353297000000006,1680.100200282177,15,0.8706673077611911,274.0,3.047335577164169
135,0.0010747652689988,-3.7428285602090656,4.1835489,4.0473528,4.16472018,14.305951011888377,1680.0982002811506,15,4.1835489,4.0473528,-0.1361961000000002,1680.0982002811506,15,0.8702641107917136,273.0,3.045924387770998
136,0.001042684919314,-3.738911826510997,4.1835098,4.049243,4.16481206,14.285727732153555,1680.092200281564,15,4.1835098,4.049243,-0.1342668000000006,1680.092200281564,15,0.8699545956444935,272.0,3.0448410847557272
137,0.0010439184276325,-3.740418925578072,4.1836276,4.0492034,4.16485404,14.293835109763409,1680.0982002851088,15,4.1836276,4.0492034,-0.1344242000000006,1680.0982002851088,15,0.8696722694147206,271.0,3.0438529429515224
138,0.0010600884678566,-3.739302994680929,4.1835489,4.0481796,4.164712266666666,14.287550357909344,1680.1162002822384,15,4.1835489,4.0481796,-0.1353692999999998,1680.1162002822384,15,0.8693132775310406,270.0,3.042596471358642
139,0.0010438956360309,-3.738205365982194,4.1834702,4.0492034,4.164833033333334,14.281689832892592,1680.1162002880592,15,4.1834702,4.0492034,-0.1342668000000006,1680.1162002880592,15,0.8690371633779763,269.0,3.041630071822917
140,0.0010814083063174,-3.741874871442602,4.183391599999999,4.0467625,4.164483980000001,14.301194916323212,1680.140200289432,15,4.183391599999999,4.0467625,-0.1366290999999995,1680.140200289432,15,0.8686360495124934,268.0,3.040226173293727
141,0.0010641010046466,-3.741705439764266,4.1832733,4.0477862,4.164560033333333,14.300036925556178,1680.1202002835926,15,4.1832733,4.0477862,-0.1354870999999997,1680.1202002835926,15,0.8683469738296752,267.0,3.039214408403863
142,0.0010838621349725,-3.741962972386197,4.1833129,4.046526,4.164381539999999,14.301509772870896,1680.1226981503423,15,4.1833129,4.046526,-0.1367868999999997,1680.1226981503423,15,0.8679833272703137,266.0,3.037941645446098
143,0.0010513208594366,-3.736479832021139,4.1834702,4.048534399999999,4.164560066666666,14.273070847428292,1680.1026980653403,15,4.1834702,4.048534399999999,-0.1349358000000009,1680.1026980653403,15,0.8677325298578168,265.0,3.037063854502359
144,0.0010699519117674,-3.738718776904315,4.1833129,4.0473528,4.1644209199999995,14.284232671826572,1680.114698074758,15,4.1833129,4.0473528,-0.1359601000000001,1680.114698074758,15,0.8674058237968139,264.0,3.0359203832888486
145,0.0010513463280066,-3.735773186201562,4.1833129,4.048494799999999,4.164515466666667,14.269117079456386,1680.1046982370317,15,4.1833129,4.048494799999999,-0.1348181000000003,1680.1046982370317,15,0.8671388378255219,263.0,3.034985932389327
146,0.0008723729045093,-4.159452661694308,4.1828008,4.0459356,4.166228447368422,17.800438148360083,1680.1146980561316,19,4.1828008,4.0459356,-0.1368651999999999,1680.1146980561316,19,0.8659922698931989,262.0,3.030972944626196
147,0.0010534452396071,-3.7349159072507,4.183116,4.0481796,4.1643081,14.264240741769813,1680.0926980832592,15,4.183116,4.0481796,-0.1349363999999999,1680.0926980832592,15,0.8664266332988048,261.0,3.0324932165458165
148,0.001072140898942,-3.7393870534817975,4.1832733,4.0471559,4.164350093333334,14.288157427387064,1680.0886981408112,15,4.1832733,4.0471559,-0.1361173999999998,1680.0886981408112,15,0.866196318862151,260.0,3.0316871160175283
149,0.0010563084867263,-3.739050315756103,4.1831946,4.048061799999999,4.164384226666666,14.28614850582798,1680.0866982471198,15,4.1831946,4.048061799999999,-0.1351328000000009,1680.0866982471198,15,0.8658484215224683,259.0,3.030469475328639
150,0.0010560653520169,-3.7335563643704632,4.1832733,4.0479436,4.164205686666666,14.258009481372856,1680.090698086191,15,4.1832733,4.0479436,-0.1353296999999997,1680.090698086191,15,0.865511226304874,258.0,3.029289292067059
151,0.0010539419368778,-3.734977118979193,4.1833129,4.0481009,4.164258193333333,14.265317324136408,1680.0886981063522,15,4.1833129,4.0481009,-0.1352120000000001,1680.0886981063522,15,0.8652557922788783,257.0,3.028395272976074
152,0.0010954075474841,-3.7352413099774826,4.1832342,4.0455418,4.163964213333333,14.26653010542692,1680.1046980624087,15,4.1832342,4.0455418,-0.1376924000000006,1680.1046980624087,15,0.864852694879829,256.0,3.0269844320794013
153,0.0010751844381931,-3.736905090314716,4.183076399999999,4.0467229,4.16406132,14.274963069925963,1680.094698132947,15,4.183076399999999,4.0467229,-0.1363534999999993,1680.094698132947,15,0.8646044205708245,255.0,3.026115471997886
154,0.0010583806029378,-3.73352003449761,4.183076399999999,4.0477071,4.164095473333334,14.257196297236993,1680.090698084794,15,4.183076399999999,4.0477071,-0.1353692999999989,1680.090698084794,15,0.8642496570381104,254.0,3.0248737996333865
155,0.0010791396375121,-3.735910556966892,4.183116,4.0464869,4.164032526666667,14.269996822466268,1680.0926980813963,15,4.183116,4.0464869,-0.1366291000000004,1680.0926980813963,15,0.8639801092342514,253.0,3.02393038231988
156,0.0010785568064221,-3.7353347751537416,4.1831555,4.0464473,4.163956426666666,14.267242099289362,1680.0886981408112,15,4.1831555,4.0464473,-0.1367082000000001,1680.0886981408112,15,0.8636440546793615,252.0,3.022754191377765
157,0.0010603962331225,-3.7318822775290874,4.183076399999999,4.0475106,4.16399574,14.248833834482816,1680.096698219888,15,4.183076399999999,4.0475106,-0.1355657999999993,1680.096698219888,15,0.863358253380766,251.0,3.021753886832681
158,0.0010989286879278,-3.739549508036837,4.183076399999999,4.0452266,4.163877573333333,14.2892558536068,1680.1046982565897,15,4.183076399999999,4.0452266,-0.1378497999999988,1680.1046982565897,15,0.8630895676090491,250.0,3.020813486631672
159,0.0010837634676095,-3.736022024136159,4.182919,4.0460143,4.163811933333333,14.270177364212463,1680.1046981918626,15,4.182919,4.0460143,-0.1369046999999996,1680.1046981918626,15,0.8627491850525484,249.0,3.0196221476839193
160,0.0010639590802369,-3.733366547542582,4.1829586,4.0472741,4.163966853333334,14.2559147057588,1680.1066980618052,15,4.1829586,4.0472741,-0.1356844999999999,1680.1066980618052,15,0.8624959702511549,248.0,3.018735895879042
161,0.0011023403482455,-3.7389581386509714,4.1829586,4.0449119,4.163741113333335,14.285732103485069,1680.120698216837,15,4.1829586,4.0449119,-0.1380467000000003,1680.120698216837,15,0.8621638838881526,247.0,3.017573593608534
162,0.001103638365198,-3.737614878733494,4.1828403,4.044754,4.163641366666666,14.278775473311054,1680.1246982137673,15,4.1828403,4.044754,-0.1380862999999994,1680.1246982137673,15,0.86186994583438,246.0,3.01654481042033
163,0.0010683557472842,-3.729113588613178,4.1829586,4.0467625,4.1636597,14.234298331779016,1680.1226980318315,15,4.1829586,4.0467625,-0.1361961000000002,1680.1226980318315,15,0.8615145585032635,245.0,3.0153009547614222
164,0.0011045335543054,-3.733637500396193,4.1829977,4.0447149,4.163615060000001,14.257910067787613,1680.1266980860382,15,4.1829977,4.0447149,-0.1382827999999998,1680.1266980860382,15,0.8612825397628339,244.0,3.014488889169918
165,0.0010681158290135,-3.731246073880886,4.182919,4.0468016,4.163704306666667,14.24542677003189,1680.1106981318444,15,4.182919,4.0468016,-0.1361173999999998,1680.1106981318444,15,0.86096982840987,243.0,3.013394399434545
166,0.0011062629204226,-3.7370871702093,4.182722099999999,4.0444393,4.163462853333333,14.27572548655479,1680.1066981563345,15,4.182722099999999,4.0444393,-0.1382827999999998,1680.1066981563345,15,0.8606044536394007,242.0,3.0121155877379024
167,0.0011088822631212,-3.736636422549384,4.1827617,4.0443211,4.163481213333333,14.273169868339014,1680.1086980546825,15,4.1827617,4.0443211,-0.1384406,1680.1086980546825,15,0.8603501073296437,241.0,3.011225375653753
168,0.0010723653070997,-3.7292533190981474,4.182919,4.0464473,4.16356524,14.235314182735983,1680.082698225975,15,4.182919,4.0464473,-0.1364717000000004,1680.082698225975,15,0.8600474487939846,240.0,3.010166070778946
169,0.0010721792451069,-3.7298147536296624,4.182722099999999,4.0464082,4.1635205866666665,14.237977979568072,1680.0886981412768,15,4.182722099999999,4.0464082,-0.1363138999999993,1680.0886981412768,15,0.8597886038442842,239.0,3.009260113454995
170,0.0010737953319811,-3.7290895565775313,4.182722099999999,4.0462899,4.16348384,14.233929024059318,1680.088698134292,15,4.182722099999999,4.0462899,-0.1364321999999997,1680.088698134292,15,0.8594545056506154,238.0,3.008090769777154
171,0.0010721690364435,-3.727778028069914,4.1828403,4.0463686,4.163462826666666,14.227531210540851,1680.080698103644,15,4.1828403,4.0463686,-0.1364716999999995,1680.080698103644,15,0.8591532125101529,237.0,3.007036243785535
172,0.0010732973907783,-3.727708375729181,4.182683,4.0462112,4.163365753333333,14.22664437742612,1680.080698239617,15,4.182683,4.0462112,-0.1364717999999998,1680.080698239617,15,0.8588303293416353,236.0,3.0059061526957236
173,0.0010760381937149,-3.7273056903665216,4.1828799,4.0460534,4.163355226666666,14.225584372221672,1680.0806982442737,15,4.1828799,4.0460534,-0.1368264999999997,1680.0806982442737,15,0.8585448266805394,235.0,3.004906893381888
174,0.0010764626818588,-3.727752272209262,4.1826434,4.0459356,4.16326338,14.227050310161037,1680.0906981788576,15,4.1826434,4.0459356,-0.1367077999999999,1680.0906981788576,15,0.8582610217982694,234.0,3.003913576293942
175,0.0010771265308897,-3.727587288441627,4.1825252,4.0458174,4.163179359999999,14.225748506624502,1680.106698109303,15,4.1825252,4.0458174,-0.1367077999999999,1680.106698109303,15,0.8579451774077694,233.0,3.002808120927193
176,0.0010771306942274,-3.728673905666563,4.1825252,4.0457778,4.16315038,14.232106165765156,1680.1046980614774,15,4.1825252,4.0457778,-0.1367473999999999,1680.1046980614774,15,0.8576065827497981,232.0,3.001623039624293
177,0.0010980871584745,-3.729882450789356,4.1825647,4.044518,4.163037579999999,14.238424008844596,1680.112698074896,15,4.1825647,4.044518,-0.1380467000000003,1680.112698074896,15,0.8573224970306683,231.0,3.0006287396073392
178,0.0010816527302897,-3.727260161664342,4.1825252,4.0454631,4.16306916,14.224562848571498,1680.1146982153878,15,4.1825252,4.0454631,-0.1370620999999996,1680.1146982153878,15,0.8570153286746639,230.0,2.9995536503613236
179,0.0011030382892202,-3.730259822078334,4.1825647,4.044282,4.16307178,14.240349722272969,1680.1086981883273,15,4.1825647,4.044282,-0.1382827000000004,1680.1086981883273,15,0.8567985702242992,229.0,2.998794995785047
180,0.0011023565497255,-3.72824920797668,4.182683,4.0443211,4.163055986666666,14.229608009079069,1680.1286981049925,15,4.182683,4.0443211,-0.1383618999999996,1680.1286981049925,15,0.8565582619391352,228.0,2.9979539167869733
181,0.0011220676213111,-3.731287059583588,4.1825252,4.0431004,4.1629194599999995,14.245555005159986,1680.1306980885563,15,4.1825252,4.0431004,-0.1394247999999995,1680.1306980885563,15,0.8562779724807792,227.0,2.9969729036827273
182,0.0010834709872235,-3.727421370213566,4.1824861,4.0453053,4.163011373333333,14.225246802547565,1680.1046982300468,15,4.1824861,4.0453053,-0.1371808000000003,1680.1046982300468,15,0.8559998165511832,226.0,2.9959993579291413
183,0.0011037255233155,-3.728537374122842,4.182446499999999,4.0441241,4.162935246666666,14.231077876523836,1680.1106980955228,15,4.182446499999999,4.0441241,-0.1383223999999989,1680.1106980955228,15,0.8557132290103394,225.0,2.994996301536188
184,0.0011246436564652,-3.730610887135621,4.1824861,4.042824700000001,4.162775133333333,14.242017751868534,1680.1186981359497,15,4.1824861,4.042824700000001,-0.1396613999999996,1680.1186981359497,15,0.8553753039428706,224.0,2.9938135638000474
185,0.0011249813559066,-3.7282608001303794,4.182446499999999,4.042707,4.162654333333333,14.229710480476978,1680.112698123325,15,4.182446499999999,4.042707,-0.1397394999999992,1680.112698123325,15,0.8550344086615669,223.0,2.992620430315484
186,0.001108781817938,-3.724746114639132,4.1825252,4.0436912000000005,4.162741033333334,14.21176739734295,1680.1106981839985,15,4.1825252,4.0436912000000005,-0.1388339999999992,1680.1106981839985,15,0.8547244651382294,222.0,2.991535627983803
187,0.0011067229463726,-3.727879217779181,4.1822495,4.0437698,4.162735753333334,14.227204619343294,1680.10469808802,15,4.1822495,4.0437698,-0.1384797000000004,1680.10469808802,15,0.8544869771841669,221.0,2.990704420144584
188,0.0010893011567238,-3.726410797261412,4.1822495,4.0447936,4.162806533333334,14.219567347773577,1680.1086982474662,15,4.1822495,4.0447936,-0.1374558999999999,1680.1086982474662,15,0.8542262468659708,220.0,2.989791864030898
189,0.0010886156904755,-3.7219236479499096,4.1824074,4.044754,4.1626911133333335,14.19686773551189,1680.0966982017271,15,4.1824074,4.044754,-0.1376533999999996,1680.0966982017271,15,0.8539213434850492,219.0,2.9887247021976724
190,0.0010926238039002,-3.722671879356077,4.1823678,4.044518,4.16267798,14.2002661487817,1680.0966980871744,15,4.1823678,4.044518,-0.1378497999999997,1680.0966980871744,15,0.8536518306263955,218.0,2.9877814071923843
191,0.001112551072212,-3.72573023888085,4.1822891,4.0432973,4.1625572066666665,14.216222637681518,1680.100698250346,15,4.1822891,4.0432973,-0.1389918000000003,1680.100698250346,15,0.8533860640014254,217.0,2.986851224004989
192,0.0011112840375883,-3.725347102011302,4.1821709,4.0432186,4.162407613333333,14.214561515824965,1680.1046981699765,15,4.1821709,4.0432186,-0.1389522999999997,1680.1046981699765,15,0.8530062939256646,216.0,2.985522028739826
193,0.0011105286679226,-3.724954225660181,4.1822495,4.043376,4.162520446666666,14.212099771162029,1680.1186981406065,15,4.1822495,4.043376,-0.1388734999999998,1680.1186981406065,15,0.8528101665347531,215.0,2.984835582871636
194,0.001114200235464,-3.7257672307821057,4.1820922,4.0429826,4.162331486666667,14.2166425974886,1680.1206981497817,15,4.1820922,4.0429826,-0.1391095999999994,1680.1206981497817,15,0.8524586577979295,214.0,2.9836053022927533
195,0.0011164727671628,-3.722485338888952,4.1820922,4.0427461000000005,4.162187100000001,14.199353992541525,1680.1146982153878,15,4.1820922,4.0427461000000005,-0.1393460999999991,1680.1146982153878,15,0.852166579878704,213.0,2.9825830295754643
196,0.0010962773781274,-3.723746831273768,4.1821709,4.044085,4.16245228,14.206177896690338,1680.0986981885508,15,4.1821709,4.044085,-0.1380859000000001,1680.0986981885508,15,0.852013682928836,212.0,2.982047890250926
197,0.0010963926407112,-3.7213061451907623,4.1821709,4.044085,4.1624364866666665,14.193120715477804,1680.1006981590765,15,4.1821709,4.044085,-0.1380859000000001,1680.1006981590765,15,0.8516977069465369,211.0,2.9809419743128793
198,0.0011178608726245,-3.721607532816008,4.1820135,4.0426278,4.16213468,14.194382520722556,1680.1026981277391,15,4.1820135,4.0426278,-0.1393857,1680.1026981277391,15,0.851310835465999,210.0,2.979587924130996
199,0.0010976874130555,-3.7210642770624873,4.1820135,4.0438094,4.162229086666667,14.192231128967656,1680.0946981566958,15,4.1820135,4.0438094,-0.1382041000000002,1680.0946981566958,15,0.8510809112551151,209.0,2.9787831893929027
201,0.001121864117944,-3.720556499974285,4.1819348,4.0422735,4.161984986666666,14.18908966298039,1680.102698083967,15,4.1819348,4.0422735,-0.1396612999999993,1680.102698083967,15,0.8504962613663732,207.0,2.976736914782306
202,0.0011008066100183,-3.718744568381059,4.1820135,4.0435729,4.162139886666666,14.179955270476428,1680.0986981946044,15,4.1820135,4.0435729,-0.1384406,1680.0986981946044,15,0.8503054152194164,206.0,2.976068953267957
203,0.0011009986543792,-3.719058872670172,4.1819739,4.0434942000000005,4.1620742066666665,14.181516317822751,1680.1006980985403,15,4.1819739,4.0434942000000005,-0.1384796999999995,1680.1006980985403,15,0.8500196846885469,205.0,2.975068896409914
204,0.0011205552594111,-3.7232450736452503,4.1819348,4.0423131,4.16197976,14.203839951023337,1680.1006980692036,15,4.1819348,4.0423131,-0.1396216999999993,1680.1006980692036,15,0.849755522154522,204.0,2.974144327540827
205,0.0011426826295206,-3.725471862817037,4.1818562,4.0410924,4.161953573333333,14.21441420106181,1680.12069820147,15,4.1818562,4.0410924,-0.1407638000000002,1680.12069820147,15,0.8495888550830084,203.0,2.9735609927905293
206,0.0011236403022126,-3.721566070233298,4.1819348,4.042116200000001,4.161932486666667,14.195127480586631,1680.1166981398128,15,4.1819348,4.042116200000001,-0.139818599999999,1680.1166981398128,15,0.8492639105257151,202.0,2.972423686840003
207,0.0011063921151392,-3.71778549435536,4.1818953,4.0431004,4.161958793333333,14.174592209446132,1680.112698122859,15,4.1818953,4.0431004,-0.1387948999999997,1680.112698122859,15,0.8490228826274189,201.0,2.971580089195966
208,0.0011057433332274,-3.717750289564635,4.181776999999999,4.0429034,4.161727719999999,14.175259964799078,1680.1086981301196,15,4.181776999999999,4.0429034,-0.1388735999999992,1680.1086981301196,15,0.8486458546208461,200.0,2.970260491172961
209,0.0011267512390806,-3.7186690642599265,4.181776999999999,4.0417619,4.161717226666667,14.179476877129533,1680.0846981513314,15,4.181776999999999,4.0417619,-0.1400150999999994,1680.0846981513314,15,0.8484115223699468,199.0,2.9694403282948136
210,0.0011065229674378,-3.719116113453012,4.1816592,4.043021700000001,4.161898426666667,14.181077200095764,1680.0826981565915,15,4.1816592,4.043021700000001,-0.1386374999999997,1680.0826981565915,15,0.8482165139405076,198.0,2.9687577987917764
211,0.0011097492115423,-3.7157743603572047,4.1818562,4.0427461000000005,4.161767133333334,14.164403134667982,1680.078698251862,15,4.1818562,4.0427461000000005,-0.1391100999999999,1680.078698251862,15,0.8479209042342891,197.0,2.9677231648200117
212,0.0011104428775683,-3.716953475538056,4.181776999999999,4.0427461000000005,4.161814313333333,14.17012213192325,1680.0786981536075,15,4.181776999999999,4.0427461000000005,-0.1390308999999989,1680.0786981536075,15,0.8476898767248725,196.0,2.966914568537054
213,0.0011095094638083,-3.716390925177425,4.1816983,4.0427461000000005,4.161759246666667,14.16717115035672,1680.0886981151998,15,4.1816983,4.0427461000000005,-0.1389521999999994,1680.0886981151998,15,0.8473838576722549,195.0,2.965843501852892
214,0.0011501312537831,-3.721622070794995,4.181776999999999,4.040265600000001,4.16148628,14.195230272184991,1680.1186980977654,15,4.181776999999999,4.040265600000001,-0.1415113999999988,1680.1186980977654,15,0.8470492287749573,194.0,2.9646723007123503
215,0.0011311691484712,-3.719407489038163,4.1815805,4.0412893,4.1614862466666676,14.183360748751536,1680.1206981842406,15,4.1815805,4.0412893,-0.1402912,1680.1206981842406,15,0.8467630678114932,193.0,2.9636707373402262
216,0.0011352211622397,-3.718322434698614,4.1815805,4.041013700000001,4.161415353333334,14.17725738581784,1680.120698059909,15,4.1815805,4.041013700000001,-0.1405667999999993,1680.120698059909,15,0.9141021763408362,192.0,3.199357617192927
217,0.0011358966336395,-3.715782767705563,4.181501399999999,4.0408564,4.161270933333332,14.16399140164031,1680.1106981500052,15,4.181501399999999,4.0408564,-0.1406449999999992,1680.1106981500052,15,0.845392004326869,191.0,2.9588720151440415
218,0.0011185580343645,-3.715493857424632,4.1816196,4.041919200000001,4.1614100800000005,14.16364557190774,1680.108698066324,15,4.1816196,4.041919200000001,-0.1397003999999997,1680.108698066324,15,0.8451916937635249,190.0,2.958170928172337
219,0.0011564964855649,-3.7172167810563903,4.181541,4.0397143,4.161228993333333,14.17154419539494,1680.108698216267,15,4.181541,4.0397143,-0.1418267000000002,1680.108698216267,15,0.8449579811636596,189.0,2.9573529340728086
220,0.0011193230916739,-3.713400062193921,4.181541,4.041801,4.16131304,14.15200052800596,1680.102698144503,15,4.181541,4.041801,-0.1397399999999997,1680.102698144503,15,0.8447333760320176,188.0,2.9565668161120615
221,0.0011381659449898,-3.715544292012344,4.1814227,4.0406594,4.161192253333334,14.1629307113248,1680.088698214851,15,4.1814227,4.0406594,-0.1407632999999997,1680.088698214851,15,0.8444566146091809,187.0,2.955598151132133
222,0.0011199991214271,-3.7126421879077824,4.1814227,4.0416436,4.1611844,14.14764637535405,1680.086698202882,15,4.1814227,4.0416436,-0.1397791000000001,1680.086698202882,15,0.8441777280556332,186.0,2.9546220481947163
223,0.0011209067933955,-3.7128228114059536,4.181344,4.041604,4.161194846666667,14.148566473220995,1680.0926981982775,15,4.181344,4.041604,-0.1397399999999997,1680.0926981982775,15,0.843955448523763,185.0,2.9538440698331705
224,0.0011212848556959,-3.7124811841045946,4.181501399999999,4.0415649,4.1611739199999995,14.147621612276904,1680.0906980782747,15,4.181501399999999,4.0415649,-0.1399364999999992,1680.0906980782747,15,0.8436592880562536,184.0,2.9528075081968876
225,0.0011211687542682,-3.712336745046035,4.1813836,4.0414863,4.1610872599999995,14.146442949302152,1680.0866981297731,15,4.1813836,4.0414863,-0.1398973000000003,1680.0866981297731,15,0.8434084773000375,183.0,2.9519296705501312
226,0.0011217378157426,-3.712498656935969,4.1813836,4.0415254,4.161158146666667,14.147249356059636,1680.088698082138,15,4.1813836,4.0415254,-0.1398581999999999,1680.088698082138,15,0.8432036293680639,182.0,2.9512127027882236
227,0.0011645874327831,-3.7170813528132505,4.1811867,4.0388479,4.16078542,14.170650600823723,1680.1166981137358,15,4.1811867,4.0388479,-0.1423387999999992,1680.1166981137358,15,0.8428365307730363,181.0,2.949927857705627
228,0.0011253479230069,-3.71152854134445,4.1813836,4.041210700000001,4.161026886666667,14.142069567485024,1680.108698240481,15,4.1813836,4.041210700000001,-0.1401728999999996,1680.108698240481,15,0.8426588061791607,180.0,2.9493058216270622
229,0.0011267361528206,-3.7112947289446416,4.1811867,4.041013700000001,4.160900906666667,14.140258720912476,1680.1086980700493,15,4.1811867,4.041013700000001,-0.140172999999999,1680.1086980700493,15,0.8423420704301526,179.0,2.948197246505534
230,0.0011477730560969,-3.7147872812203673,4.1812654,4.039793,4.160827413333333,14.159596234366536,1680.112698125653,15,4.1812654,4.039793,-0.1414723999999996,1680.112698125653,15,0.8420970651660926,178.0,2.947339728081324
231,0.0011486712905992,-3.7151836630907225,4.1812258,4.0397534,4.160837906666666,14.161026258546098,1680.1126982155256,15,4.1812258,4.0397534,-0.1414723999999996,1680.1126982155256,15,0.8418205002022113,177.0,2.9463717507077396
232,0.0011508150176335,-3.7122067194196102,4.1813049,4.039557,4.1607276933333335,14.145744051926483,1680.1106982151978,15,4.1813049,4.039557,-0.1417478999999994,1680.1106982151978,15,0.8415201475219732,176.0,2.9453205163269063
233,0.0011285982676849,-3.709506021258744,4.181108,4.0406985,4.160669893333333,14.131899784946402,1680.1026981547477,15,4.181108,4.0406985,-0.1404094999999996,1680.1026981547477,15,0.8412016248789762,175.0,2.944205687076417
234,0.0011502022717802,-3.7126280079755953,4.1811471,4.0395174,4.16065942,14.147745052842035,1680.09069814533,15,4.1811471,4.0395174,-0.1416296999999993,1680.09069814533,15,0.8410151334404455,174.0,2.943552967041559
235,0.0011513056936039,-3.7140477078366767,4.1811471,4.0395174,4.16073026,14.155016152715987,1680.096698094625,15,4.1811471,4.0395174,-0.1416296999999993,1680.096698094625,15,0.8408247969764154,173.0,2.942886789417454
236,0.0011285536503306,-3.7104035991723014,4.1810293,4.0406985,4.160675106666667,14.136197554306555,1680.1066982075572,15,4.1810293,4.0406985,-0.1403307999999992,1680.1066982075572,15,0.8405266404472043,172.0,2.941843241565215
237,0.0011701872575517,-3.714236619813651,4.1810684,4.0382576,4.160462519999999,14.156324153697597,1680.1186981527137,15,4.1810684,4.0382576,-0.1428108000000003,1680.1186981527137,15,0.8401890914544576,171.0,2.9406618200906016
238,0.001131997356944,-3.7093419698213785,4.181108,4.040501600000001,4.160651513333333,14.130650128333668,1680.0846981438808,15,4.181108,4.040501600000001,-0.1406063999999993,1680.0846981438808,15,0.8399989529127139,170.0,2.9399963351944987
239,0.0011334954026971,-3.7098446252245374,4.1810293,4.0404229,4.1606568,14.13322211539727,1680.0966981402598,15,4.1810293,4.0404229,-0.1406063999999993,1680.0966981402598,15,0.8397544770887971,169.0,2.93914066981079
240,0.0011370939516052,-3.708944993725152,4.1811867,4.0401869,4.160604333333334,14.129295602128732,1680.0926980744116,15,4.1811867,4.0401869,-0.1409997999999994,1680.0926980744116,15,0.839512197802463,168.0,2.9382926923086203
241,0.0011347413743038,-3.708564829586287,4.1810293,4.0401869,4.160475666666667,14.126862302268258,1680.090698142536,15,4.1810293,4.0401869,-0.1408423999999994,1680.090698142536,15,0.8391896830261801,167.0,2.93716389059163
242,0.0011760490432485,-3.713004056313057,4.1810293,4.0378242,4.1603234,14.1498247184321,1680.1046981881373,15,4.1810293,4.0378242,-0.1432050999999994,1680.1046981881373,15,0.8389264547614401,166.0,2.9362425916650405
243,0.0011765551489174,-3.714733543285615,4.1808324,4.0376668,4.160207880000001,14.158557801271442,1680.096698116511,15,4.1808324,4.0376668,-0.1431655999999996,1680.096698116511,15,0.8386582733618548,165.0,2.935303956766492
244,0.0011588030409963,-3.710498889596173,4.1809502,4.038690600000001,4.160265606666666,14.13690539223509,1680.0906982445158,15,4.1809502,4.038690600000001,-0.1422595999999991,1680.0906982445158,15,0.8384143824067617,164.0,2.934450338423666
245,0.001137284569944,-3.7085089518179433,4.1809111,4.0399113,4.160333913333333,14.126302213707952,1680.094698204659,15,4.1809111,4.0399113,-0.1409998000000003,1680.094698204659,15,0.8381998860306611,163.0,2.933699601107314
246,0.0011599049410317,-3.7096425967060873,4.1809111,4.0386119,4.160236719999999,14.132303092973457,1680.0906980899165,15,4.1809111,4.0386119,-0.1422992,1680.0906980899165,15,0.8379267630338543,162.0,2.93274367061849
247,0.0011595833487602,-3.711751438435491,4.1808324,4.0384936,4.160121319999999,14.143703677086918,1680.0906982365996,15,4.1808324,4.0384936,-0.1423388000000001,1680.0906982365996,15,0.8376587572140455,161.0,2.931805650249159
248,0.0011396167448855,-3.706129415453336,4.1809502,4.0397143,4.1602393866666665,14.114358693992797,1680.08669821918,15,4.1809502,4.0397143,-0.1412358999999998,1680.08669821918,15,0.8374146598212733,160.0,2.9309513093744566
249,0.0011427030162712,-3.7069775564845826,4.1807928,4.0394387,4.160134386666666,14.118627358124154,1680.074698143173,15,4.1807928,4.0394387,-0.1413541,1680.074698143173,15,0.8371500635177566,159.0,2.930025222312148
250,0.0011615054456988,-3.708882656383043,4.1807928,4.0384150000000005,4.16011598,14.127763333237844,1680.0806981651112,15,4.1807928,4.0384150000000005,-0.1423777999999993,1680.0806981651112,15,0.8369641781028337,158.0,2.929374623359918
251,0.0011651989718906,-3.707717882103672,4.1807928,4.0380607,4.159945426666668,14.122498922695756,1680.100698250346,15,4.1807928,4.0380607,-0.1427320999999999,1680.100698250346,15,0.836620858763021,157.0,2.9281730056705735
252,0.0011439065756463,-3.703442868153595,4.1807928,4.0392814,4.160008426666668,14.1001207116231,1680.0866981605068,15,4.1807928,4.0392814,-0.1415113999999997,1680.0866981605068,15,0.8364068880783034,156.0,2.927424108274062
253,0.0011461648024723,-3.7054393239507104,4.1807141,4.039163100000001,4.160026766666667,14.11005438345639,1680.0866981744766,15,4.1807141,4.039163100000001,-0.1415509999999997,1680.0866981744766,15,0.8361627918205913,155.0,2.9265697713720695
254,0.0011460077282974,-3.705398876705277,4.1807141,4.0390844,4.15994022,14.110455016391564,1680.092698097695,15,4.1807141,4.0390844,-0.1416297000000002,1680.092698097695,15,0.835902334464751,154.0,2.9256581706266287
255,0.0011463111138788,-3.704052049066508,4.1805959,4.0390844,4.15994278,14.10249669518828,1680.0806982167996,15,4.1805959,4.0390844,-0.1415115,1680.0806982167996,15,0.8356780565025882,153.0,2.9248731977590587
256,0.001145543553292,-3.7060076567888296,4.1807532,4.0390844,4.159921773333334,14.114038782007924,1680.0766982426867,15,4.1807532,4.0390844,-0.1416687999999997,1680.0766982426867,15,0.8354510509738874,152.0,2.924078678408606
257,0.001146624467682,-3.703270420289828,4.1806746,4.0390058,4.159874493333333,14.099132086937484,1680.0806981250644,15,4.1806746,4.0390058,-0.1416687999999997,1680.0806981250644,15,0.8351771202668489,151.0,2.923119920933971
258,0.0011508513837283,-3.703948730699307,4.1806355,4.038690600000001,4.159787846666667,14.102535438311882,1680.0906981597657,15,4.1806355,4.038690600000001,-0.1419448999999994,1680.0906981597657,15,0.8348682120252819,150.0,2.922038742088487
259,0.0011675212740035,-3.704604568673419,4.1803989,4.0375485,4.159525393333334,14.105723094113632,1680.084698184859,15,4.1803989,4.0375485,-0.1428504000000003,1680.084698184859,15,0.8345121120227248,149.0,2.920792392079537
260,0.0011490569432368,-3.70130309647158,4.1805959,4.038651,4.15963036,14.089233944623915,1680.086698088795,15,4.1805959,4.038651,-0.1419449000000003,1680.086698088795,15,0.8342736268378761,148.0,2.919957693932566
261,0.0011739585354228,-3.7059900662507954,4.1803203,4.0370369,4.1593626,14.113163980521897,1680.1006982424296,15,4.1803203,4.0370369,-0.1432833999999996,1680.1006982424296,15,0.8339553161208383,147.0,2.918843606422934
262,0.0011922694332968,-3.708769574027876,4.1804385,4.0361314,4.159433539999999,14.12793238646529,1680.098698200658,15,4.1804385,4.0361314,-0.1443070999999998,1680.098698200658,15,0.8338075650072861,146.0,2.9183264775255013
263,0.0011509173195592,-3.7017882297597926,4.1804385,4.0384936,4.1595753066666665,14.091739906736102,1680.082698175218,15,4.1804385,4.0384936,-0.1419449000000003,1680.082698175218,15,0.8335950387172543,145.0,2.91758263551039
264,0.001150780254862,-3.700948794060092,4.1804776,4.0385723,4.1596383066666665,14.086733631901932,1680.0846981555223,15,4.1804776,4.0385723,-0.1419052999999994,1680.0846981555223,15,0.8334301621859119,144.0,2.917005567650692
265,0.0011546795066783,-3.700856243226725,4.1803989,4.0381789,4.1594492533333325,14.086457082065715,1680.0826981249263,15,4.1803989,4.0381789,-0.14222,1680.0826981249263,15,0.8330613671087931,143.0,2.915714784880776
266,0.0011306590839277,-3.700242290018125,4.1804385,4.039635700000001,4.159632993333334,14.083644504521637,1680.0626981966195,15,4.1804385,4.039635700000001,-0.1408027999999994,1680.0626981966195,15,0.8329080644619218,142.0,2.9151782256167262
267,0.0011580795788328,-3.7015343955996376,4.1804385,4.0380998,4.1595543,14.089619436559056,1680.0726981833575,15,4.1804385,4.0380998,-0.1423386999999998,1680.0726981833575,15,0.8326837533693345,141.0,2.914393136792671
268,0.0011530271474626,-3.701975967131859,4.1804385,4.0382967,4.159491246666667,14.09288557594827,1680.082698246464,15,4.1804385,4.0382967,-0.1421418000000001,1680.082698246464,15,0.8324496954043051,140.0,2.913573933915068
269,0.001157075801404,-3.702086000883956,4.1802812000000005,4.037982,4.1593890133333336,14.092605720727793,1680.076698161196,15,4.1802812000000005,4.037982,-0.1422992,1680.076698161196,15,0.8321510359240915,139.0,2.91252862573432
270,0.0011564739402326,-3.701772192494962,4.1803203,4.0380607,4.159433553333334,14.091170902109202,1680.0866982531734,15,4.1803203,4.0380607,-0.1422596,1680.0866982531734,15,0.8319327067339021,138.0,2.9117644735686574
271,0.0011579369265021,-3.700835651195908,4.1801629,4.0377455,4.1591867733333325,14.08647327221361,1680.0846981676295,15,4.1801629,4.0377455,-0.1424174000000002,1680.0846981676295,15,0.8315786488316519,137.0,2.9105252709107816
272,0.0011821341466145,-3.7028758726729607,4.1801629,4.036328299999999,4.15905022,14.096742937081068,1680.104698249139,15,4.1801629,4.036328299999999,-0.1438346000000008,1680.104698249139,15,0.8312969201853544,136.0,2.9095392206487403
273,0.001160181748324,-3.7005167379595623,4.180202,4.0375485,4.15910536,14.08546437117425,1680.098698168993,15,4.180202,4.0375485,-0.1426535000000006,1680.098698168993,15,0.8310227551078093,135.0,2.9085796428773327
274,0.0012011981057555,-3.704996811854385,4.180202,4.035265,4.158992513333334,14.107994994277473,1680.1126981419511,15,4.180202,4.035265,-0.1449370000000005,1680.1126981419511,15,0.8308276055953548,134.0,2.907896619583742
275,0.0011844025102849,-3.700928420083746,4.180202,4.0362101,4.159031926666667,14.086743075529842,1680.098698072601,15,4.180202,4.0362101,-0.1439919000000005,1680.098698072601,15,0.8306156977502256,133.0,2.9071549421257896
276,0.0011610818839326,-3.6996724017105382,4.1802416,4.037509399999999,4.159105386666666,14.080864767606734,1680.0926981433297,15,4.1802416,4.037509399999999,-0.1427322000000002,1680.0926981433297,15,0.8303654966421362,132.0,2.906279238247477
277,0.0011807603697152,-3.7003731973222624,4.1800447,4.036249199999999,4.158877033333334,14.083935396602612,1680.0826981398277,15,4.1800447,4.036249199999999,-0.1437955000000004,1680.0826981398277,15,0.8300568325187568,131.0,2.905198913815649
278,0.0011615680943095,-3.697243285425217,4.1801233,4.0374308,4.159029266666667,14.067612218219438,1680.0726981158368,15,4.1801233,4.0374308,-0.1426924999999999,1680.0726981158368,15,0.8298446175945174,130.0,2.904456161580811
279,0.0011849172236698,-3.700812890409869,4.180202,4.0360131,4.158861313333333,14.086753844884392,1680.0786981848069,15,4.180202,4.0360131,-0.1441889000000005,1680.0786981848069,15,0.8295676327432117,129.0,2.903486714601241
280,0.00116797304025,-3.697699687299535,4.179926399999999,4.03684,4.158777300000001,14.069894561576294,1680.0766981099732,15,4.179926399999999,4.03684,-0.1430863999999996,1680.0766981099732,15,0.829277048696832,128.0,2.9024696704389124
281,0.0011661871340097,-3.698128851311676,4.1800447,4.037076,4.15892424,14.072314524166313,1680.0906981606968,15,4.1800447,4.037076,-0.1429686999999999,1680.0906981606968,15,0.8291667562046214,127.0,2.902083646716175
282,0.0011668259402878,-3.6993683373597297,4.1800842000000005,4.037076,4.158968926666668,14.078760953511754,1680.0926982504316,15,4.1800842000000005,4.037076,-0.1430082000000005,1680.0926982504316,15,0.828939968130077,126.0,2.9012898884552696
283,0.0011660699970897,-3.697905285507278,4.1800056,4.0370369,4.15887706,14.071229931143789,1680.0846981634386,15,4.1800056,4.0370369,-0.1429686999999999,1680.0846981634386,15,0.828653982028576,125.0,2.900288937100016
284,0.0011693224730641,-3.6980230801226854,4.179926399999999,4.036761299999999,4.158772053333333,14.071622555038854,1680.0806981469505,15,4.179926399999999,4.036761299999999,-0.1431651,1680.0806981469505,15,0.8283604716515145,124.0,2.899261650780301
285,0.0011725217916626,-3.696190452881121,4.1798477,4.0364461,4.158606653333333,14.061967283194534,1680.082698091399,15,4.1798477,4.0364461,-0.1434015999999998,1680.082698091399,15,0.8280434919926527,123.0,2.8981522219742843
286,0.001169765779224,-3.696355104813723,4.1800056,4.0367217,4.158740586666667,14.063204461791791,1680.0726982322522,15,4.1800056,4.0367217,-0.1432839000000001,1680.0726982322522,15,0.827954043005488,122.0,2.897839150519208
287,0.0011693892452298,-3.6962751390694657,4.1798477,4.0366826,4.158680213333333,14.062096737152109,1680.0890013496391,15,4.1798477,4.0366826,-0.1431651,1680.0890013496391,15,0.8276995813911366,121.0,2.896948534868978
288,0.0011716987417074,-3.697121084297198,4.1798477,4.0365644,4.15869068,14.066852847977046,1680.0850013270974,15,4.1798477,4.0365644,-0.1432833000000002,1680.0850013270974,15,0.8275204052078678,120.0,2.8963214182275374
289,0.0011735592457452,-3.697085021903169,4.1798086,4.036328299999999,4.1585515666666675,14.066977903970653,1680.0830014571548,15,4.1798086,4.036328299999999,-0.1434803000000011,1680.0830014571548,15,0.8271898292071634,119.0,2.895164402225072
290,0.0011731908594563,-3.696336048437678,4.1796904,4.036249199999999,4.158446573333334,14.063203026087518,1680.0850015124306,15,4.1796904,4.036249199999999,-0.1434412000000007,1680.0850015124306,15,0.8269193188449445,118.0,2.894217615957306
291,0.0011959963392382,-3.699949021933892,4.1796904,4.0348711,4.15828374,14.081838440179824,1680.1010012701154,15,4.1796904,4.0348711,-0.1448192999999999,1680.1010012701154,15,0.8266187412441486,117.0,2.89316559435452
292,0.0011745045631017,-3.6946576729868346,4.1796117,4.0361314,4.15838092,14.053852604376583,1680.0970013327897,15,4.1796117,4.0361314,-0.1434802999999993,1680.0970013327897,15,0.826414422409824,116.0,2.892450478434384
293,0.0011753286047783,-3.6965454442589434,4.1795721,4.0360131,4.158323186666666,14.063921415735628,1680.091001261957,15,4.1795721,4.0360131,-0.1435589999999997,1680.091001261957,15,0.8262018604653009,115.0,2.891706511628553
294,0.0011983263939217,-3.697190917403492,4.1796508,4.0346742,4.15818138,14.067492759021537,1680.0910015264526,15,4.1796508,4.0346742,-0.1449765999999996,1680.0910015264526,15,0.825927797259502,114.0,2.890747290408257
295,0.0011787081229369,-3.693721276593112,4.1796117,4.0358162,4.158275913333333,14.049186969531313,1680.0990013070405,15,4.1796117,4.0358162,-0.1437954999999995,1680.0990013070405,15,0.8256773986727667,113.0,2.889870895354683
296,0.0011997110169545,-3.6954449141711168,4.179769,4.0346351,4.158197179999999,14.058276280503785,1680.1030014441349,15,4.179769,4.0346351,-0.1451339000000002,1680.1030014441349,15,0.8254432541473291,112.0,2.889051389515652
297,0.0012005186774635,-3.6966674817732534,4.179533,4.0344777,4.158092206666667,14.064218687224235,1680.103001304902,15,4.179533,4.0344777,-0.1450553000000001,1680.103001304902,15,0.8251682493225292,111.0,2.888088872628852
298,0.0011790285695878,-3.6948079066308432,4.1794934,4.0356979,4.158183973333333,14.054611200922576,1680.0870012678206,15,4.1794934,4.0356979,-0.1437955000000004,1680.0870012678206,15,0.8249909560348465,110.0,2.887468346121963
299,0.0011770787622506,-3.6937307683293503,4.1795721,4.0358162,4.1581919266666665,14.049686118781516,1680.103001384996,15,4.1795721,4.0358162,-0.1437558999999995,1680.103001384996,15,0.8247719807617966,109.0,2.886701932666288
300,0.0011768246897478,-3.691774555874092,4.1796508,4.0358162,4.158160406666667,14.039327316537928,1680.0970013691112,15,4.1796508,4.0358162,-0.1438345999999999,1680.0970013691112,15,0.8245724258584063,108.0,2.886003490504422
301,0.0011819648508502,-3.6915899021407377,4.179533,4.0354223,4.15803178,14.038415854732708,1680.0910013057292,15,4.179533,4.0354223,-0.1441107000000006,1680.0910013057292,15,0.8242576719599848,107.0,2.8849018518599467
302,0.0012054090322309,-3.6957735955332383,4.1796508,4.0341625,4.158021266666667,14.060377973331626,1680.0950013622642,15,4.1796508,4.0341625,-0.1454883000000002,1680.0950013622642,15,0.8240611224031571,106.0,2.8842139284110497
303,0.0011815851825012,-3.692284732410233,4.1793361,4.0353045,4.157900586666667,14.041922300611915,1680.1030013402924,15,4.1793361,4.0353045,-0.1440316000000008,1680.1030013402924,15,0.8237366964743378,105.0,2.883078437660182
304,0.0012247689682545,-3.698488554792968,4.179414700000001,4.0329027,4.157777220000001,14.074162641175722,1680.1130013391376,15,4.179414700000001,4.0329027,-0.1465120000000004,1680.1130013391376,15,0.823556457213427,104.0,2.8824476002469943
305,0.0011825282292255,-3.69270050576569,4.1794934,4.0353832,4.158031746666667,14.043890718643464,1680.0910015255213,15,4.1794934,4.0353832,-0.1441102,1680.0910015255213,15,0.8234266547865126,103.0,2.881993291752794
306,0.0011847400376678,-3.692783717706075,4.1791391,4.0349107,4.157674806666666,14.044402748035695,1680.093001274392,15,4.1791391,4.0349107,-0.1442284000000002,1680.093001274392,15,0.823004190869799,102.0,2.880514668044297
307,0.0011839739272612,-3.6915684328597567,4.179414700000001,4.0351076,4.157821813333333,14.03887879359553,1680.1050013639033,15,4.179414700000001,4.0351076,-0.1443071000000007,1680.1050013639033,15,0.8228727668201269,101.0,2.880054683870444
308,0.0011837982680983,-3.6919013300633057,4.1790996,4.0350289,4.157735186666667,14.03915198326171,1680.10300154984,15,4.1790996,4.0350289,-0.1440706999999994,1680.10300154984,15,0.8225977267153792,100.0,2.879092043503827
309,0.0012077422340111,-3.694030574248783,4.1792574,4.03369,4.15765114,14.050427424913394,1680.0930015444756,15,4.1792574,4.03369,-0.1455674,1680.0930015444756,15,0.8223727677761502,99.0,2.878304687216526
310,0.0011857448970312,-3.69220510568416,4.1792574,4.0349107,4.157722046666666,14.041808302241469,1680.0890013743192,15,4.1792574,4.0349107,-0.1443466999999998,1680.0890013743192,15,0.8221653603026955,98.0,2.8775787610594343
311,0.001208343362956,-3.6918382082959993,4.1792965,4.0336113,4.157582979999999,14.039160805823162,1680.1030013402924,15,4.1792965,4.0336113,-0.1456852000000008,1680.1030013402924,15,0.8219423702081015,97.0,2.876798295728355
312,0.0011906621382698,-3.6911371298545266,4.1790996,4.0344381,4.157493686666666,14.036084268200604,1680.1050015548244,15,4.1790996,4.0344381,-0.1446614999999997,1680.1050015548244,15,0.8216457128379991,96.0,2.875759994932997
313,0.0012119306463442,-3.6915654376458154,4.1790605,4.033257,4.1574097,14.037481756158964,1680.1310013271868,15,4.1790605,4.033257,-0.1458035000000004,1680.1310013271868,15,0.821406253997125,95.0,2.8749218889899373
314,0.0012328488735082,-3.6970788816786744,4.1790605,4.032115,4.157386059999999,14.065809314418876,1680.1170013137162,15,4.1790605,4.032115,-0.1469455000000001,1680.1170013137162,15,0.8212240024653553,94.0,2.874284008628744
315,0.0011884542616821,-3.6896785734267894,4.1790209,4.0345564,4.157483193333333,14.027648472213734,1680.085001513362,15,4.1790209,4.0345564,-0.1444645000000006,1680.085001513362,15,0.8209832466470189,93.0,2.873441363264566
316,0.0011893965072398,-3.6891707461583656,4.1790996,4.0345168,4.157488446666667,14.025623956181178,1680.085001386702,15,4.1790996,4.0345168,-0.1445828000000002,1680.085001386702,15,0.8207868986619544,92.0,2.8727541453168404
317,0.0011925271387863,-3.689826953869347,4.1791787000000005,4.0343595,4.157498926666667,14.029032402459992,1680.0990012930706,15,4.1791787000000005,4.0343595,-0.1448192000000006,1680.0990012930706,15,0.8205650183641799,91.0,2.87197756427463
318,0.001215046627078,-3.691514346752393,4.1789818,4.0329027,4.157215466666667,14.038011483796982,1680.0850015273318,15,4.1789818,4.0329027,-0.1460790999999996,1680.0850015273318,15,0.8202533743837587,90.0,2.8708868103431553
319,0.0011913906979698,-3.6899195877040114,4.1790209,4.0342412,4.157323053333333,14.029716416785757,1680.0750014930964,15,4.1790209,4.0342412,-0.1447796999999999,1680.0750014930964,15,0.8200595269219667,89.0,2.8702083442268833
320,0.0011928392756298,-3.687750686286254,4.1790605,4.0341625,4.157299386666668,14.018685517551429,1680.0950013510885,15,4.1790605,4.0341625,-0.1448980000000004,1680.0950013510885,15,0.8198237217054194,88.0,2.869383025968968
321,0.0011939306525026,-3.689072566036138,4.1790209,4.034083799999999,4.1572889533333335,14.02531410617398,1680.095001269132,15,4.1790209,4.034083799999999,-0.1449371000000008,1680.095001269132,15,0.8195918987361669,87.0,2.868571645576584
322,0.0012191189766721,-3.691653495033337,4.1791787000000005,4.0327058,4.157228573333334,14.039163895523608,1680.1130015477538,15,4.1791787000000005,4.0327058,-0.1464729000000009,1680.1130015477538,15,0.8193421995898046,86.0,2.867697698564316
323,0.0012190693684717,-3.691214022380162,4.1790996,4.0327058,4.157220720000001,14.03600306865128,1680.117001593113,15,4.1790996,4.0327058,-0.1463938000000002,1680.117001593113,15,0.8191871820825971,85.0,2.8671551372890898
324,0.0012390985029263,-3.693683805438075,4.1789422,4.0314455,4.157002793333334,14.049040582714907,1680.1130015561355,15,4.1789422,4.0314455,-0.1474966999999996,1680.1130015561355,15,0.8188795923382093,84.0,2.8660785731837324
325,0.0012409768650311,-3.692279761460373,4.1788635,4.0312881,4.15692676,14.04137581292698,1680.1210015853867,15,4.1788635,4.0312881,-0.1475754,1680.1210015853867,15,0.8186182331687128,83.0,2.865163816090495
326,0.0011954657318792,-3.685583679457358,4.1789422,4.0338082,4.157060526666666,14.007512892963629,1680.1110015660524,15,4.1789422,4.0338082,-0.1451339999999996,1680.1110015660524,15,0.8183917689739123,82.0,2.864371191408693
327,0.0011987213565149,-3.685878014195018,4.1789031,4.0336113,4.1570343266666665,14.009197091036455,1680.107001274824,15,4.1789031,4.0336113,-0.1452918000000007,1680.107001274824,15,0.8181709493036184,81.0,2.8635983225626647
328,0.0012231780577674,-3.689262512523633,4.1789422,4.0323119,4.1570186200000006,14.0261805014444,1680.1090013235807,15,4.1789422,4.0323119,-0.1466303,1680.1090013235807,15,0.8180067797575645,80.0,2.8630237291514757
329,0.0011985600088545,-3.686700376987502,4.1789031,4.0335326,4.15695558,14.01395366087905,1680.1010015448555,15,4.1789031,4.0335326,-0.1453705000000003,1680.1010015448555,15,0.8177078817776531,79.0,2.8619775862217858
330,0.0012212279430806,-3.68945596192976,4.178706200000001,4.0321546,4.156764006666666,14.027430030631947,1680.099001317285,15,4.178706200000001,4.0321546,-0.1465516000000004,1680.099001317285,15,0.8174846650936266,78.0,2.861196327827693
331,0.001200902662274,-3.6866793196510614,4.178706200000001,4.0333748,4.15691624,14.012412824067075,1680.0930015072229,15,4.178706200000001,4.0333748,-0.1453314000000007,1680.0930015072229,15,0.8173534404720436,77.0,2.8607370416521527
332,0.0012029331278263,-3.6877322498186302,4.1787848,4.033257,4.156913593333333,14.018593974236529,1680.097001538612,15,4.1787848,4.033257,-0.1455277999999999,1680.097001538612,15,0.8171543570283818,76.0,2.8600402495993364
333,0.0012014226482602,-3.6862591165566823,4.1787453,4.0332961,4.15686108,14.010752412616169,1680.0930013563484,15,4.1787453,4.0332961,-0.1454491999999998,1680.0930013563484,15,0.8168782193664355,75.0,2.859073767782524
334,0.0012041748891755,-3.6840025958498632,4.1787848,4.0330992,4.156784946666668,13.999313904115624,1680.0910015404224,15,4.1787848,4.0330992,-0.1456856000000002,1680.0910015404224,15,0.8166331744714166,74.0,2.858216110649958
335,0.0012053444776112,-3.683495935362956,4.1784306,4.0327449,4.156485653333333,13.996431232225046,1680.093001528643,15,4.1784306,4.0327449,-0.1456857000000004,1680.093001528643,15,0.8161955801282322,73.0,2.856684530448813
336,0.0012275069252235,-3.68914526415094,4.1784306,4.0316424,4.156567126666667,14.024563306051764,1680.0990015417335,15,4.1784306,4.0316424,-0.1467882000000004,1680.0990015417335,15,0.8161410474013752,72.0,2.856493665904813
337,0.0012067082623069,-3.6861401332331742,4.178391,4.0326662,4.156501446666668,14.010032220791013,1680.099001556635,15,4.178391,4.0326662,-0.1457248,1680.099001556635,15,0.8158428021811057,71.0,2.85544980763387
338,0.0012515957249902,-3.692708277051421,4.178509200000001,4.030304,4.15648308,14.043579027152436,1680.0990012735128,15,4.178509200000001,4.030304,-0.1482052000000004,1680.0990012735128,15,0.8156716918237683,70.0,2.854850921383189
339,0.0012072471773055,-3.684002518717024,4.178627,4.0327449,4.156588046666666,13.999124230703302,1680.119001582265,15,4.178627,4.0327449,-0.1458820999999996,1680.119001582265,15,0.8154492567980764,69.0,2.8540723987932677
340,0.0012295872493755,-3.686659523530929,4.1783514,4.0312486000000005,4.156257253333334,14.012782097256228,1680.1090012900531,15,4.1783514,4.0312486000000005,-0.1471027999999998,1680.1090012900531,15,0.8150869749528392,68.0,2.852804412334937
341,0.0012102284781206,-3.684271976965104,4.1783514,4.0323906,4.156388593333333,14.000125047415564,1680.0970015367493,15,4.1783514,4.0323906,-0.1459608000000001,1680.0970015367493,15,0.814902546577032,67.0,2.852158913019612
342,0.0012061961265309,-3.682274683611508,4.178391,4.0325875,4.156359733333334,13.989528102618856,1680.1050014356151,15,4.178391,4.0325875,-0.1458035000000004,1680.1050014356151,15,0.8147395628441606,66.0,2.851588469954562
343,0.0012088671353009,-3.681628709462425,4.178509200000001,4.032548,4.156451566666667,13.98644437051259,1680.0970015376806,15,4.178509200000001,4.032548,-0.1459612000000003,1680.0970015376806,15,0.8145779142713374,65.0,2.851022699949681
344,0.0011883524033663,-3.67516903009384,4.1785483,4.03369,4.156477826666667,13.952935661610072,1680.0790015151724,15,4.1785483,4.03369,-0.1448583000000001,1680.0790015151724,15,0.8143080226502432,64.0,2.850078079275851
345,0.0012365629849169,-3.685017248687017,4.178391,4.0308552,4.156202213333333,14.004103250830704,1680.0850014025343,15,4.178391,4.0308552,-0.1475358,1680.0850014025343,15,0.8140247824353223,63.0,2.849086738523628
346,0.0012351337796092,-3.686368818173659,4.178194,4.0308943,4.156181173333334,14.010757486901175,1680.0990013703704,15,4.178194,4.0308943,-0.1472997000000004,1680.0990013703704,15,0.8138086345656621,62.0,2.848330220979818
347,0.0012563671607039,-3.6881175304717977,4.1783123,4.0296741,4.156049959999999,14.019885466082489,1680.119001582265,15,4.1783123,4.0296741,-0.1486381999999997,1680.119001582265,15,0.8136337077733218,61.0,2.847717977206626
348,0.0012324726914945,-3.6864461307469063,4.1781549,4.0309339,4.15608668,14.011343441468924,1680.1210015853867,15,4.1781549,4.0309339,-0.147221,1680.1210015853867,15,0.8134154510160133,60.0,2.8469540785560468
349,0.0012151884319468,-3.682023612788987,4.1783123,4.031918,4.15614964,13.989120885429609,1680.1090014502406,15,4.1783123,4.031918,-0.1463942999999998,1680.1090014502406,15,0.8132265969031726,59.0,2.846293089161104
350,0.0012146512580823,-3.6805009615871582,4.1783123,4.0319576,4.156147066666666,13.98088656819158,1680.093001268804,15,4.1783123,4.0319576,-0.1463546999999998,1680.093001268804,15,0.8129902462812728,58.0,2.845465861984455
351,0.001240266481452,-3.6835224608298662,4.1783123,4.0305009,4.156021093333333,13.996169018047745,1680.0950015475971,15,4.1783123,4.0305009,-0.1478114000000001,1680.0950015475971,15,0.8127565519143326,57.0,2.8446479317001643
352,0.0012389717517826,-3.6834245120677,4.1781549,4.0303826,4.155837346666668,13.996404070824298,1680.10300154984,15,4.1781549,4.0303826,-0.1477722999999997,1680.10300154984,15,0.8124211293845327,56.0,2.8434739528458643
353,0.0012167575470069,-3.6802659059687466,4.1781154,4.0316424,4.155937013333334,13.979465959161304,1680.10300154984,15,4.1781154,4.0316424,-0.1464730000000003,1680.10300154984,15,0.8122259206306183,55.0,2.842790722207164
354,0.0012404884517583,-3.6870009804656982,4.1780367,4.030304,4.155868813333333,14.014559183035864,1680.1070012720302,15,4.1780367,4.030304,-0.1477326999999997,1680.1070012720302,15,0.8120342239593408,54.0,2.842119783857693
355,0.0012421295360995,-3.684131671266452,4.1780367,4.0302253,4.155845166666667,13.999067343102784,1680.1090013487265,15,4.1780367,4.0302253,-0.1478114000000001,1680.1090013487265,15,0.8118244499783763,53.0,2.8413855749243173
356,0.0012189866265878,-3.679831731126277,4.1781549,4.0314851,4.155889826666667,13.977507261535518,1680.101001560688,15,4.1781549,4.0314851,-0.1466697999999997,1680.101001560688,15,0.8116137598221264,52.0,2.840648159377442
357,0.0012178708871292,-3.68003439484797,4.1781549,4.0315638,4.155913506666667,13.978572174060885,1680.091001487337,15,4.1781549,4.0315638,-0.1465911000000002,1680.091001487337,15,0.811407338935896,51.0,2.839925686275636
358,0.0012409685789868,-3.6845585723979792,4.1778793,4.0301461000000005,4.155711360000001,14.001333796757796,1680.1050013639033,15,4.1778793,4.0301461000000005,-0.1477331999999993,1680.1050013639033,15,0.8111429151498172,50.0,2.83900020302436
359,0.0012218024832712,-3.6799736727196497,4.1781154,4.0312881,4.155837313333333,13.977912820548642,1680.0930015444756,15,4.1781154,4.0312881,-0.1468273,1680.0930015444756,15,0.8109998623394886,49.0,2.8384995181882102
360,0.0012235659109409,-3.6798699851047703,4.1780367,4.0310912000000005,4.155729733333334,13.977706716217416,1680.0830014273524,15,4.1780367,4.0310912000000005,-0.1469454999999992,1680.0830014273524,15,0.810765448371776,48.0,2.837679069301216
361,0.0012213854868635,-3.678389507806589,4.177958,4.0312486000000005,4.155761206666667,13.969319770248475,1680.08300152421,15,4.177958,4.0312486000000005,-0.1467093999999997,1680.08300152421,15,0.8105687581084908,47.0,2.836990653379718
362,0.0012229571809083,-3.678430828378428,4.1780758,4.0311308,4.155724513333333,13.970042844716955,1680.0810013525188,15,4.1780758,4.0311308,-0.1469450000000005,1680.0810013525188,15,0.8103592678919425,46.0,2.8362574376217986
363,0.0012448201551592,-3.6819990519131447,4.1778398,4.0295558,4.155293973333333,13.989905044066663,1680.109001561999,15,4.1778398,4.0295558,-0.1482840000000003,1680.109001561999,15,0.8098814766386481,45.0,2.834585168235268
364,0.0012464061117298,-3.681985688238644,4.1778398,4.0296345,4.155451413333333,13.988915545437628,1680.1310012713077,15,4.1778398,4.0296345,-0.1482052999999998,1680.1310012713077,15,0.8098149668822069,44.0,2.8343523840877243
365,0.0012464173947692,-3.681748259483939,4.1776824,4.0295558,4.155370106666667,13.987018493174295,1680.131001342088,15,4.1776824,4.0295558,-0.1481266000000003,1680.131001342088,15,0.8095904782404436,43.0,2.8335666738415526
366,0.0012886191986783,-3.688197648694117,4.1778002,4.0273509,4.155338686666668,14.019816369290822,1680.111001258716,15,4.1778002,4.0273509,-0.1504493,1680.111001258716,15,0.8094664345746149,42.0,2.833132521011152
367,0.0012238061963542,-3.677540662008624,4.1776824,4.0308156,4.1554436,13.964956092675305,1680.1090013226494,15,4.1776824,4.0308156,-0.1468667999999997,1680.1090013226494,15,0.8091862634447072,41.0,2.8321519220564753
368,0.001249589421954,-3.68012371911831,4.1778002,4.0293980000000005,4.155356886666667,13.978617029293904,1680.1290015354753,15,4.1778002,4.0293980000000005,-0.1484021999999996,1680.1290015354753,15,0.8089701050010074,40.0,2.831395367503526
369,0.0012507046313809,-3.679162010054428,4.1776824,4.0291619,4.155167966666666,13.97373237979679,1680.1070013307035,15,4.1776824,4.0291619,-0.1485205,1680.1070013307035,15,0.8086182252646015,39.0,2.830163788426105
370,0.0012495613117112,-3.679526415785497,4.1776824,4.0292802000000005,4.155230953333334,13.97478545551759,1680.107001332566,15,4.1776824,4.0292802000000005,-0.1484021999999996,1680.107001332566,15,0.8084582364887927,38.0,2.8296038277107742
371,0.0012299685263411,-3.678533809207631,4.1774459,4.0302253,4.155175840000001,13.96998062637687,1680.0830014199018,15,4.1774459,4.0302253,-0.1472206000000007,1680.0830014199018,15,0.8081302350334832,37.0,2.828455822617191
372,0.0012303961688198,-3.675854083185413,4.177761100000001,4.0303431000000005,4.155291313333334,13.957001786540264,1680.093001369387,15,4.177761100000001,4.0303431000000005,-0.147418,1680.093001369387,15,0.8080648011279691,36.0,2.8282268039478917
373,0.0012275206572002,-3.6769811214775943,4.177564100000001,4.0303826,4.1551941800000005,13.961989737994678,1680.0910013625398,15,4.177564100000001,4.0303826,-0.1471815000000003,1680.0910013625398,15,0.8078133345890682,35.0,2.827346671061739
374,0.0012307289966712,-3.6768312912407346,4.177603700000001,4.0301857000000005,4.155160113333334,13.962105784589363,1680.085001528263,15,4.177603700000001,4.0301857000000005,-0.147418,1680.085001528263,15,0.8076430826931043,34.0,2.8267507894258648
375,0.0012294162726649,-3.6751841250968895,4.1774068,4.0301461000000005,4.155036726666667,13.952420358505172,1680.091001443565,15,4.1774068,4.0301461000000005,-0.1472606999999994,1680.091001443565,15,0.8073361015926491,33.0,2.825676355574272
376,0.0012321498270482,-3.6762814621646145,4.1775246,4.0301461000000005,4.155186339999999,13.95842898529452,1680.0850013596937,15,4.1775246,4.0301461000000005,-0.1473784999999994,1680.0850013596937,15,0.8072232432798165,32.0,2.825281351479358
377,0.0012078104207926,-3.672445608627365,4.177564100000001,4.0314064,4.155170586666667,13.93931776895193,1680.073001488112,15,4.177564100000001,4.0314064,-0.1461577000000007,1680.073001488112,15,0.8069758900058515,31.0,2.82441561502048
378,0.0012328815786198,-3.6753855309247103,4.1775246,4.0299888,4.155057686666666,13.953806123513337,1680.0710013210771,15,4.1775246,4.0299888,-0.1475358,1680.0710013210771,15,0.8067645740960206,30.0,2.823676009336072
379,0.001231047933148,-3.6760113732248874,4.1774855,4.0300674,4.155049833333334,13.957541208551325,1680.085001256317,15,4.1774855,4.0300674,-0.1474181000000003,1680.085001256317,15,0.8065946857254082,29.0,2.8230814000389284
380,0.0012356980980655,-3.6734759235042143,4.1776824,4.0297918,4.154986813333334,13.944969579585068,1680.0810012556612,15,4.1776824,4.0297918,-0.1478906000000002,1680.0810012556612,15,0.8063285698334415,28.0,2.822149994417045
381,0.0012593295380778,-3.67873473664028,4.1774068,4.0283747000000005,4.1548109733333325,13.97188834228887,1680.085001513362,15,4.1774068,4.0283747000000005,-0.1490320999999994,1680.085001513362,15,0.8060848976032365,27.0,2.821297141611328
382,0.0012342252917002,-3.67399830932464,4.1773281,4.029713200000001,4.154837220000001,13.946706037481755,1680.0850015142933,15,4.1773281,4.029713200000001,-0.1476148999999997,1680.0850015142933,15,0.8058087147297012,26.0,2.820330501553954
383,0.0012370160435371,-3.674718223459556,4.177249,4.0293980000000005,4.1546718,13.951587973582736,1680.08700126037,15,4.177249,4.0293980000000005,-0.1478509999999993,1680.08700126037,15,0.8054971097530299,25.0,2.819239884135605
384,0.0012362012609174,-3.6764004550098703,4.1772885,4.029516200000001,4.15476368,13.95960819144231,1680.0970015376806,15,4.1772885,4.029516200000001,-0.1477722999999997,1680.0970015376806,15,0.8053978015017357,24.0,2.818892305256075
385,0.0012361685421806,-3.67296048661185,4.1773672,4.0295558,4.154768973333334,13.94169425085336,1680.0970015367493,15,4.1773672,4.0295558,-0.1478114000000001,1680.0970015367493,15,0.8052006787887906,23.0,2.8182023757607673
386,0.0012344616106411,-3.673740644531508,4.177131200000001,4.0295558,4.15469024,13.945953692419153,1680.0970013532788,15,4.177131200000001,4.0295558,-0.1475754000000009,1680.0970013532788,15,0.8049781302785529,22.0,2.8174234559749354
387,0.0012420842699955,-3.6701559775757944,4.1773672,4.0290046,4.154490753333333,13.92746780291154,1680.085001271218,15,4.1773672,4.0290046,-0.1483625999999995,1680.085001271218,15,0.8046090222448541,21.0,2.8161315778569893
388,0.0012391918513426,-3.6731650670974942,4.177249,4.0292406000000005,4.154608853333334,13.942845545942806,1680.0950014675036,15,4.177249,4.0292406000000005,-0.1480083999999992,1680.0950014675036,15,0.8045103240108038,20.0,2.8157861340378134
389,0.0012392684186298,-3.675014446096112,4.1770525,4.0292015,4.154590586666667,13.951991083048853,1680.093001528643,15,4.1770525,4.0292015,-0.1478510000000001,1680.093001528643,15,0.8043199579515444,19.0,2.8151198528304056
390,0.0012366338979506,-3.6747149824549066,4.1772099,4.0294375,4.154690173333333,13.950302425996377,1680.07700126525,15,4.1772099,4.0294375,-0.1477724,1680.07700126525,15,0.8042304041262097,18.0,2.814806414441734
391,0.0012381247376597,-3.675330757114764,4.1770916,4.0292802000000005,4.1546141400000005,13.953455779787806,1680.087001399137,15,4.1770916,4.0292802000000005,-0.1478113999999992,1680.087001399137,15,0.8039760330512156,17.0,2.8139161156792545
392,0.0012413453921509,-3.672887675292609,4.1771703,4.0292015,4.154674466666667,13.940236027706682,1680.0890013873577,15,4.1771703,4.0292015,-0.1479688000000001,1680.0890013873577,15,0.8038735831382526,16.0,2.813557540983884
393,0.0012425552810523,-3.67261241401947,4.1772099,4.0290046,4.154537966666668,13.940208299047391,1680.0910013318062,15,4.1772099,4.0290046,-0.1482052999999998,1680.0910013318062,15,0.8035266168468655,15.0,2.8123431589640293
394,0.0012436007475845,-3.67249498617697,4.1770916,4.0289259,4.154509119999999,13.938282717375492,1680.0710013657808,15,4.1770916,4.0289259,-0.1481656999999998,1680.0710013657808,15,0.8032943938602888,14.0,2.811530378511011
395,0.0012424032054497,-3.673580017753411,4.176934200000001,4.028846700000001,4.154380440000001,13.944401438958838,1680.0950014153495,15,4.176934200000001,4.028846700000001,-0.1480874999999999,1680.0950014153495,15,0.8030202197039314,13.0,2.81057076896376
396,0.0012649422015738,-3.676005209159825,4.1770129,4.0275478,4.154238733333333,13.957299492902354,1680.0970015237108,15,4.1770129,4.0275478,-0.1494651000000004,1680.0970015237108,15,0.802768486244498,12.0,2.809689701855743
397,0.001244589563846,-3.670390435606412,4.1770129,4.0286503,4.15426502,13.92850656555892,1680.1090012658387,15,4.1770129,4.0286503,-0.1483626000000004,1680.1090012658387,15,0.8025694895262127,11.0,2.8089932133417443
398,0.00124462808417,-3.6749600080623823,4.176855600000001,4.0286503,4.1543096,13.951624845853043,1680.0950015336275,15,4.176855600000001,4.0286503,-0.1482053000000007,1680.0950015336275,15,0.8023968315780394,10.0,2.808388910523138
399,0.0012469656519678,-3.672693947348763,4.1768947,4.0284534,4.154209906666668,13.940473309812493,1680.0930015295744,15,4.1768947,4.0284534,-0.1484413,1680.0930015295744,15,0.8021187972381879,9.0,2.807415790333658
400,0.0012461962310117,-3.671577098438226,4.176855600000001,4.0284138,4.154120680000001,13.9345414917934,1680.097001360729,15,4.176855600000001,4.0284138,-0.1484418000000005,1680.097001360729,15,0.80184370795569,8.0,2.806452977844915
401,0.0012470630081698,-3.6710841364884703,4.1768947,4.0284534,4.154199346666666,13.932008445934049,1680.1010014200583,15,4.1768947,4.0284534,-0.1484413,1680.1010014200583,15,0.8016722621556843,7.0,2.805852917544895
402,0.0012493797900435,-3.669357365641073,4.1768947,4.0282168,4.154062873333334,13.922946763834688,1680.1030012881383,15,4.1768947,4.0282168,-0.1486779,1680.1030012881383,15,0.8013861239563574,6.0,2.804851433847251
403,0.0012462977749492,-3.6695197841057583,4.1770129,4.0284534,4.1541468266666675,13.924614053576589,1680.099001556635,15,4.1770129,4.0284534,-0.1485595000000001,1680.099001556635,15,0.8013355332605555,5.0,2.804674366411944
404,0.0012939501186471,-3.676413135153629,4.176934200000001,4.0257363,4.1538765,13.96005465580031,1680.1010015467182,15,4.176934200000001,4.0257363,-0.1511979000000005,1680.1010015467182,15,0.8010652297434592,4.0,2.803728304102107
405,0.001269136521372,-3.6757984417781695,4.1766977,4.0270753,4.153973626666667,13.955845950823534,1680.085001274012,15,4.1766977,4.0270753,-0.1496224000000001,1680.085001274012,15,0.8006390681378275,3.0,2.8022367384823963
406,0.0012504350717955,-3.668657407186361,4.1767373,4.0279808,4.153873886666666,13.919687214345466,1680.0830015093088,15,4.1767373,4.0279808,-0.1487565000000001,1680.0830015093088,15,0.8006116226132735,2.0,2.802140679146457
407,0.0012507236657502,-3.6703715668196297,4.1767373,4.027941200000001,4.153865979999999,13.92919120655909,1680.0770014971497,15,4.1767373,4.027941200000001,-0.1487960999999993,1680.0770014971497,15,0.8003934130535016,1.0,2.801376945687256
408,0.001249079144682,-3.671217237990923,4.1766977,4.028138200000001,4.153986673333333,13.932439227207563,1680.0750013645738,15,4.1766977,4.028138200000001,-0.1485594999999993,1680.0750013645738,15,0.8003620581973125,0.0,2.801267203690594
409,0.0012507286742209,-3.6702666360109513,4.1765404,4.0278625,4.153784566666666,13.927211413394463,1680.0810015052557,15,4.1765404,4.0278625,-0.1486779,1680.0810015052557,15,0.7999879683834801,-1.0,2.7999578893421804
410,0.001250914576724,-3.668485603752846,4.1764617,4.0277443,4.153658546666668,13.917836708069046,1680.0870013162494,15,4.1764617,4.0277443,-0.1487173999999997,1680.0870013162494,15,0.7997908638508339,-2.0,2.7992680234779184
411,0.0012537318650325,-3.6677519845408697,4.1767373,4.027665600000001,4.15371634,13.915366933441728,1680.089001298882,15,4.1767373,4.027665600000001,-0.1490716999999994,1680.089001298882,15,0.7995754025452636,-3.0,2.7985139089084226
412,0.001251973337364,-3.6667365166534194,4.1764617,4.027665600000001,4.153616686666667,13.908931697668825,1680.0850014537573,15,4.1764617,4.027665600000001,-0.1487960999999993,1680.0850014537573,15,0.79928324226237,-4.0,2.797491347918295
413,0.0012547423314068,-3.66773599570358,4.1766586000000006,4.0275869,4.15368754,13.914737459737964,1680.1010012654588,15,4.1766586000000006,4.0275869,-0.1490717000000003,1680.1010012654588,15,0.7991581210417056,-5.0,2.7970534236459694
414,0.0012524249700445,-3.667794651792892,4.1766191,4.027705200000001,4.15369012,13.915175404390126,1680.0810014372692,15,4.1766191,4.027705200000001,-0.1489138999999992,1680.0810014372692,15,0.798975298225678,-6.0,2.796413543789873
415,0.0012554128487421,-3.666953153587231,4.1766191,4.0275478,4.153674373333334,13.910453277193124,1680.0790015012026,15,4.1766191,4.0275478,-0.1490713000000001,1680.0790015012026,15,0.798830237899578,-7.0,2.795905832648523
416,0.0012558839223031,-3.668371745692287,4.1765008,4.027468700000001,4.15363238,13.91771095687437,1680.081001363695,15,4.1765008,4.027468700000001,-0.1490320999999994,1680.081001363695,15,0.7986356094518062,-8.0,2.7952246330813217
417,0.0012533935923355,-3.669610965716549,4.176383,4.027468700000001,4.1535195133333325,13.924490371338084,1680.0850015124306,15,4.176383,4.027468700000001,-0.1489142999999995,1680.0850015124306,15,0.7983385714825532,-9.0,2.794185000188936
418,0.0012324645516585,-3.663821773611946,4.176383,4.028729,4.1536665,13.893231528062788,1680.073001361452,15,4.176383,4.028729,-0.1476540000000001,1680.073001361452,15,0.7981833424922102,-10.0,2.7936416987227357
419,0.0012569820466798,-3.6701205617753,4.1763043,4.0272717,4.1535063533333325,13.926153090608452,1680.0890015289187,15,4.1763043,4.0272717,-0.1490325999999999,1680.0890015289187,15,0.7979582766512818,-11.0,2.7928539682794864
420,0.0012572594781728,-3.668217226537074,4.176383,4.027193100000001,4.1534249999999995,13.917392720829696,1680.095001307316,15,4.176383,4.027193100000001,-0.1491898999999996,1680.095001307316,15,0.7976293296620797,-12.0,2.791702653817279
421,0.0012562065468712,-3.67049361306684,4.1763043,4.0272326000000005,4.153432846666666,13.92882874686224,1680.097001538612,15,4.1763043,4.0272326000000005,-0.1490716999999994,1680.097001538612,15,0.7975139676772145,-13.0,2.791298886870251
422,0.0012570643271812,-3.665980581156285,4.1764221,4.0272326000000005,4.153432846666666,13.905430880604612,1680.10300154984,15,4.1764221,4.0272326000000005,-0.1491894999999994,1680.10300154984,15,0.797313412405405,-14.0,2.7905969434189175
423,0.0012589737523698,-3.665909916635737,4.1762648,4.026917500000001,4.1532123866666675,13.904743717813083,1680.1030013337731,15,4.1762648,4.026917500000001,-0.1493472999999996,1680.1030013337731,15,0.7969901578558246,-15.0,2.789465552495386
424,0.0012608204972817,-3.66709297922204,4.1762648,4.0268388,4.15323858,13.9115512157309,1680.093001273461,15,4.1762648,4.0268388,-0.149426,1680.093001273461,15,0.7968118447977895,-16.0,2.7888414567922633
425,0.0012590634125163,-3.6661630104830807,4.1763043,4.026957,4.153259626666667,13.90663941932825,1680.0950015326962,15,4.1763043,4.026957,-0.1493472999999996,1680.0950015326962,15,0.7966042563220789,-17.0,2.788114897127276
426,0.0012818649345298,-3.6703164419566017,4.1762648,4.0256972,4.153178246666667,13.928011574730128,1680.0950013138354,15,4.1762648,4.0256972,-0.1505676000000004,1680.0950013138354,15,0.7964510806001598,-18.0,2.7875787821005593
427,0.0012602391153659,-3.667722804280323,4.1759892,4.0266814,4.153057520000001,13.91442000147969,1680.091001259163,15,4.1759892,4.0266814,-0.1493077999999998,1680.091001259163,15,0.7961021017590137,-19.0,2.786357356156548
428,0.0012640872884071,-3.665669860303213,4.176383,4.026760100000001,4.153309500000001,13.903909437391553,1680.0850015124306,15,4.176383,4.026760100000001,-0.1496228999999997,1680.0850015124306,15,0.7961166894222395,-20.0,2.786408412977838
429,0.0012353092378112,-3.6604683613154103,4.1760678,4.028138200000001,4.153188713333334,13.876372642463458,1680.0830012978986,15,4.1760678,4.028138200000001,-0.1479295999999994,1680.0830012978986,15,0.7958049813254117,-21.0,2.785317434638941
430,0.0012361923161135,-3.6628253450275943,4.1760678,4.0279808,4.153099526666666,13.88945770813893,1680.0710014998913,15,4.1760678,4.0279808,-0.1480870000000003,1680.0710014998913,15,0.7955083562676316,-22.0,2.784279246936711
431,0.001265241961472,-3.6667874130527505,4.1761074,4.0264449,4.1530627933333335,13.9096912736632,1680.0910013653338,15,4.1761074,4.0264449,-0.1496624999999998,1680.0910013653338,15,0.7953913784714471,-23.0,2.783869824650065
432,0.0012640599636082,-3.669947307140328,4.1758709000000005,4.0264058,4.15299444,13.92577789727488,1680.0930015295744,15,4.1758709000000005,4.0264058,-0.1494651000000004,1680.0930015295744,15,0.795146093719618,-24.0,2.783011328018663
433,0.0012389484396806,-3.6627964257813046,4.1758709000000005,4.027705200000001,4.152963006666666,13.889238201328254,1680.0810012873262,15,4.1758709000000005,4.027705200000001,-0.1481656999999998,1680.0810012873262,15,0.794857861814778,-25.0,2.782002516351723
434,0.001267521654114,-3.665531821589107,4.1759496,4.0260906,4.152810753333333,13.903402664616095,1680.089001278393,15,4.1759496,4.0260906,-0.1498590000000002,1680.089001278393,15,0.7946439894649445,-26.0,2.781253963127306
435,0.0012676882791369,-3.6647148817586226,4.1759105000000005,4.0260906,4.152810753333333,13.89878722539358,1680.0810013599694,15,4.1759105000000005,4.0260906,-0.1498199000000006,1680.0810013599694,15,0.7944507090830772,-27.0,2.7805774817907705
436,0.0012645143290435,-3.6661456175177953,4.1759105000000005,4.026287600000001,4.152863206666666,13.906554244068598,1680.0850012600422,15,4.1759105000000005,4.026287600000001,-0.1496228999999997,1680.0850012600422,15,0.7943387049571003,-28.0,2.780185467349851
437,0.0012680858196841,-3.6661352447060582,4.1758709000000005,4.0259728,4.152726786666667,13.906436901730256,1680.0990013862029,15,4.1758709000000005,4.0259728,-0.1498981000000006,1680.0990013862029,15,0.7940526788926097,-29.0,2.779184376124134
438,0.0012704299261777,-3.665209843491237,4.175674,4.025657700000001,4.152519393333334,13.901260045514013,1680.0970014715567,15,4.175674,4.025657700000001,-0.150016299999999,1680.0970014715567,15,0.793646215464449,-30.0,2.7777617541255717
439,0.0012696960009498,-3.6632911284305942,4.1758709000000005,4.0258937,4.152700486666666,13.891446168925189,1680.093001263216,15,4.1758709000000005,4.0258937,-0.1499772000000003,1680.093001263216,15,0.7936331764061721,-31.0,2.7777161174216025
440,0.0012688572735609,-3.6620546083215713,4.176028700000001,4.0259728,4.1527267666666665,13.885742546639744,1680.0930014932528,15,4.176028700000001,4.0259728,-0.1500559000000008,1680.0930014932528,15,0.7934936435411243,-32.0,2.777227752393935
441,0.0012687241873855,-3.66416566100178,4.1758709000000005,4.0258937,4.1526611466666665,13.896562678858675,1680.0910015264526,15,4.1758709000000005,4.0258937,-0.1499772000000003,1680.0910015264526,15,0.7933036890251809,-33.0,2.776562911588133
442,0.0012714679699259,-3.662737839934872,4.1757922,4.025657700000001,4.15254828,13.889031072387969,1680.0810012556612,15,4.1757922,4.025657700000001,-0.1501344999999991,1680.0810012556612,15,0.7930407216148938,-34.0,2.7756425256521284
443,0.0012977983074309,-3.6708750060902062,4.1757922,4.0242796,4.152556133333333,13.93108325081079,1680.0790012823418,15,4.1757922,4.0242796,-0.1515126000000002,1680.0790012823418,15,0.7928742098035244,-35.0,2.7750597343123355
444,0.0012441009553745,-3.658258278612509,4.1759105000000005,4.027193100000001,4.15266892,13.866529018482588,1680.0730012813583,15,4.1759105000000005,4.027193100000001,-0.1487173999999997,1680.0730012813583,15,0.7926556375807605,-36.0,2.774294731532662
445,0.0012727703907483,-3.662341240934341,4.1758318,4.025657700000001,4.152608753333334,13.886486658972585,1680.0730013791472,15,4.1758318,4.025657700000001,-0.1501740999999992,1680.0730013791472,15,0.792440563997978,-37.0,2.773541973992923
446,0.0012718021200435,-3.6659728776714977,4.1755166,4.0254216,4.152359293333332,13.905360077620394,1680.1010015616191,15,4.1755166,4.0254216,-0.1500950000000003,1680.1010015616191,15,0.7921005047729885,-38.0,2.77235176670546
447,0.0012977445070211,-3.6671227612032777,4.1757531000000006,4.0241222,4.15235926,13.911373512551258,1680.0990013554692,15,4.1757531000000006,4.0241222,-0.1516309000000006,1680.0990013554692,15,0.7919798718998023,-39.0,2.771929551649308
448,0.0012744161337539,-3.660208978193841,4.1757531000000006,4.0253034,4.15231734,13.87644834423563,1680.1010012710467,15,4.1757531000000006,4.0253034,-0.1504497000000002,1680.1010012710467,15,0.7916738080288558,-40.0,2.7708583281009953
449,0.0012753582478583,-3.6644207552862023,4.175556200000001,4.0251851,4.1522857533333335,13.897720726217816,1680.0930015295744,15,4.175556200000001,4.0251851,-0.1503711000000009,1680.0930015295744,15,0.7914412645360164,-41.0,2.7700444258760575
450,0.0012977404747926,-3.667099660568115,4.1756349,4.0239644,4.152201746666666,13.911774503386454,1680.0910014649853,15,4.1756349,4.0239644,-0.1516705000000007,1680.0910014649853,15,0.7912788299725636,-42.0,2.769475904903973
451,0.0012782295685302,-3.663775944397349,4.1756349,4.025066900000001,4.15230412,13.894222246418003,1680.079001367092,15,4.1756349,4.025066900000001,-0.1505679999999998,1680.079001367092,15,0.7911118121376643,-43.0,2.768891342481825
452,0.0012735781470495,-3.663034773731319,4.1755166,4.0253034,4.152301533333333,13.890167102205766,1680.0750014940277,15,4.1755166,4.0253034,-0.1502131999999996,1680.0750014940277,15,0.7909254052131386,-44.0,2.7682389182459852
453,0.0012772088864935,-3.6628206062100577,4.1755166,4.025066900000001,4.152243673333333,13.888938998498308,1680.0830012774095,15,4.1755166,4.025066900000001,-0.1504496999999993,1680.0830012774095,15,0.790753196642214,-45.0,2.767636188247749
454,0.0012782257652352,-3.6599482481581616,4.175556200000001,4.024949100000001,4.152149333333333,13.874453120372994,1680.0790015161035,15,4.175556200000001,4.024949100000001,-0.1506071000000002,1680.0790015161035,15,0.7905234918456646,-46.0,2.766832221459826
455,0.0012768400514954,-3.6627230818034673,4.1755166,4.0250278,4.15218604,13.888995131911477,1680.0730015039444,15,4.1755166,4.0250278,-0.1504887999999997,1680.0730015039444,15,0.7903138220482617,-47.0,2.766098377168916
456,0.0012783939472571,-3.661610876963107,4.1753983,4.0248699,4.1520941,13.88273218197067,1680.0830015083775,15,4.1753983,4.0248699,-0.1505284000000006,1680.0830015083775,15,0.7900805958252345,-48.0,2.765282085388321
457,0.0012815082858626,-3.6610921197829542,4.175359200000001,4.0246339,4.152007513333333,13.879737421548864,1680.0790013158694,15,4.175359200000001,4.0246339,-0.1507253000000004,1680.0790013158694,15,0.7898299174717497,-49.0,2.764404711151124
458,0.0012777872425309,-3.6610512344719903,4.175241000000001,4.0246735000000005,4.151863166666667,13.880590210255123,1680.0810015201569,15,4.175241000000001,4.0246735000000005,-0.1505675000000002,1680.0810015201569,15,0.789551966787226,-50.0,2.763431883755291
459,0.0012510610195312,-3.656597063645473,4.1753197,4.026287600000001,4.152096753333335,13.856944549317582,1680.0790015161035,15,4.1753197,4.026287600000001,-0.1490320999999994,1680.0790015161035,15,0.7895060988509891,-51.0,2.763271345978462
460,0.0012521596289463,-3.655761064974877,4.175359200000001,4.0261693,4.152025893333334,13.852794238321106,1680.0830015232789,15,4.175359200000001,4.0261693,-0.1491899000000005,1680.0830015232789,15,0.7893076823648314,-52.0,2.76257688827691
461,0.0012836713942941,-3.6590322814360814,4.175241000000001,4.0242796,4.151742386666666,13.87022232416586,1680.077001277357,15,4.175241000000001,4.0242796,-0.1509614000000008,1680.077001277357,15,0.788943680040922,-53.0,2.761302880143227
462,0.0012808812650183,-3.660949235532599,4.1753197,4.0245156,4.151857913333333,13.879911650630252,1680.0830013323575,15,4.1753197,4.0245156,-0.1508041000000002,1680.0830013323575,15,0.788881811641361,-54.0,2.7610863407447632
463,0.0012535334753588,-3.655090499215626,4.1751623,4.0258937,4.151813219999999,13.849544039795845,1680.085001256317,15,4.1751623,4.0258937,-0.1492686,1680.085001256317,15,0.7885298458550354,-55.0,2.759854460492624
464,0.0012822989272949,-3.659392784239808,4.175241000000001,4.024437,4.151834226666667,13.871445359535224,1680.075001492165,15,4.175241000000001,4.024437,-0.1508040000000008,1680.075001492165,15,0.7883739754885911,-56.0,2.759308914210069
465,0.0012835729617406,-3.662103548392941,4.1750441,4.02424,4.151726593333333,13.885419100720007,1680.0770015120506,15,4.1750441,4.02424,-0.1508041000000002,1680.0770015120506,15,0.7881639980727614,-57.0,2.758573993254665
466,0.001308641264032,-3.6640092527708727,4.175083600000001,4.022862,4.151605906666666,13.895164665415477,1680.085001366213,15,4.175083600000001,4.022862,-0.1522216000000007,1680.085001366213,15,0.7880148382472638,-58.0,2.7580519338654232
467,0.0013077514952085,-3.66209269895264,4.1750441,4.022862,4.1515429,13.884857152349117,1680.0930015454069,15,4.1750441,4.022862,-0.1521821000000001,1680.0930015454069,15,0.7877204225316603,-59.0,2.757021478860811
468,0.0012835098161826,-3.6606566300903256,4.1750441,4.0240827,4.151553413333334,13.878825739221,1680.0910012973472,15,4.1750441,4.0240827,-0.1509613999999999,1680.0910012973472,15,0.7874707946862589,-60.0,2.756147781401906
469,0.0012847027191983,-3.660826460954536,4.1750441,4.0240827,4.151613713333333,13.879298389542951,1680.0810012659058,15,4.1750441,4.0240827,-0.1509613999999999,1680.0810012659058,15,0.7873052731097312,-61.0,2.755568455884059
470,0.0012587697399726,-3.6554092116244825,4.1749654000000005,4.0254607,4.151645346666667,13.85069872804798,1680.0750015070662,15,4.1749654000000005,4.0254607,-0.1495047000000005,1680.0750015070662,15,0.7871229372900395,-62.0,2.754930280515138
471,0.0012852956579655,-3.660802254063604,4.1750050000000005,4.0240431,4.151603253333333,13.879126774239484,1680.0730015039444,15,4.1750050000000005,4.0240431,-0.1509619000000004,1680.0730015039444,15,0.7870348257712517,-63.0,2.754621890199381
472,0.0013094870130692,-3.664447616515511,4.1750050000000005,4.0226259,4.151416906666666,13.89833143308153,1680.1190015962347,15,4.1750050000000005,4.0226259,-0.1523791000000001,1680.1190015962347,15,0.786760126666899,-64.0,2.7536604433341463
473,0.0013350211007663,-3.665817528245157,4.1748080000000005,4.0209327,4.150986393333334,13.905176656650088,1680.1070012841374,15,4.1748080000000005,4.0209327,-0.1538753000000001,1680.1070012841374,15,0.7862820182640445,-65.0,2.751987063924156
474,0.0013143542744378,-3.661743420482779,4.1750441,4.0222716,4.151275193333333,13.884275487500226,1680.117001466453,15,4.1750441,4.0222716,-0.1527725000000002,1680.117001466453,15,0.786203887713293,-66.0,2.7517136069965256
475,0.0012900009070445,-3.65964570779303,4.1750050000000005,4.0236497,4.15143268,13.873698258128911,1680.091001319699,15,4.1750050000000005,4.0236497,-0.1513553000000005,1680.091001319699,15,0.7860709965620346,-67.0,2.7512484879671213
476,0.0013146324031971,-3.6615166342660737,4.1749654000000005,4.0222716,4.1512857,13.88242932467081,1680.0950012737885,15,4.1749654000000005,4.0222716,-0.1526938000000006,1680.0950012737885,15,0.7858524066484927,-68.0,2.750483423269724
477,0.0013140490458592,-3.661463531768932,4.1747684000000005,4.0221138,4.151099293333333,13.882525301603057,1680.1150012686849,15,4.1747684000000005,4.0221138,-0.1526546000000008,1680.1150012686849,15,0.785571100231158,-69.0,2.749498850809053
478,0.0013135437978388,-3.663719989300588,4.1746898,4.0221534,4.15113602,13.894085126112929,1680.0910015255213,15,4.1746898,4.0221534,-0.1525364000000006,1680.0910015255213,15,0.7854520024103656,-70.0,2.7490820084362797
479,0.0013147963243202,-3.6617760275767552,4.1746898,4.0219564,4.15098112,13.88381546358162,1680.091001267545,15,4.1746898,4.0219564,-0.1527334000000006,1680.091001267545,15,0.7851723404703005,-71.0,2.748103191646052
480,0.0012907460484935,-3.658672015700587,4.174650700000001,4.0233345,4.151143906666666,13.867891619390964,1680.0810015052557,15,4.174650700000001,4.0233345,-0.151316200000001,1680.0810015052557,15,0.7850314315507968,-72.0,2.7476100104277887
481,0.001292787326512,-3.6557695884543486,4.1747293,4.0231376,4.151020626666667,13.853441015044917,1680.083001434803,15,4.1747293,4.0231376,-0.1515917,1680.083001434803,15,0.7847678233447265,-73.0,2.746687381706543
482,0.0012933915653554,-3.656798008926737,4.1746898,4.0230985,4.151020560000001,13.85817872982992,1680.0910013839602,15,4.1746898,4.0230985,-0.1515913000000006,1680.0910013839602,15,0.7845735897574864,-74.0,2.7460075641512023
483,0.0012934477518426,-3.6565290703302864,4.1746898,4.0231376,4.151059846666667,13.85676913606508,1680.0930015454069,15,4.1746898,4.0231376,-0.1515522000000002,1680.0930015454069,15,0.7844615969376241,-75.0,2.7456155892816843
484,0.0013155497777611,-3.662521560788508,4.174453700000001,4.0217595,4.15082894,13.88795282976859,1680.089001293294,15,4.174453700000001,4.0217595,-0.1526942000000009,1680.089001293294,15,0.7842046281468568,-76.0,2.7447161985139985
485,0.0012926213570526,-3.658270724539289,4.1745324,4.0229802,4.150878846666667,13.866110557090174,1680.083001291379,15,4.1745324,4.0229802,-0.1515522000000002,1680.083001291379,15,0.784066961450622,-77.0,2.744234365077177
486,0.0012950854184109,-3.655227533856174,4.1744928,4.0228229,4.150813133333333,13.849829587162212,1680.0830013146624,15,4.1744928,4.0228229,-0.1516698999999999,1680.0830013146624,15,0.783806393610646,-78.0,2.743322377637261
487,0.0012955327509745,-3.6579840494845257,4.1745715,4.0228229,4.15086302,13.86483181078825,1680.079001514241,15,4.1745715,4.0228229,-0.1517485999999994,1680.079001514241,15,0.7836420053607084,-79.0,2.742747018762479
488,0.0012696709853388,-3.650746230305433,4.1745715,4.02424,4.15092602,13.827335696222242,1680.0730014583096,15,4.1745715,4.02424,-0.1503315,1680.0730014583096,15,0.7833970013240565,-80.0,2.741889504634198
489,0.0012941962845682,-3.656189776798475,4.174453700000001,4.0228229,4.1507790600000005,13.855194276661678,1680.0950012672693,15,4.174453700000001,4.0228229,-0.1516308000000004,1680.0950012672693,15,0.7832244035819309,-81.0,2.741285412536758
490,0.0013217706540802,-3.659824212434349,4.174453700000001,4.0213265,4.150674019999999,13.87381602312864,1680.111001440324,15,4.174453700000001,4.0213265,-0.153127200000001,1680.111001440324,15,0.7830774439151618,-82.0,2.740771053703066
491,0.0012989675717869,-3.656418091223191,4.1744142,4.022429,4.150624153333333,13.857159586385482,1680.097001501359,15,4.1744142,4.022429,-0.1519852000000003,1680.097001501359,15,0.7827776322528749,-83.0,2.739721712885062
492,0.0012959561412883,-3.6559576488446903,4.174295900000001,4.0225863,4.150626786666667,13.853694222927636,1680.097001373768,15,4.174295900000001,4.0225863,-0.1517096000000002,1680.097001373768,15,0.7825603663337833,-84.0,2.738961282168242
493,0.0013239576719738,-3.659379414517955,4.174453700000001,4.0211687000000005,4.150618966666667,13.871607228908058,1680.1130013270304,15,4.174453700000001,4.0211687000000005,-0.1532850000000003,1680.1130013270304,15,0.7824152716860825,-85.0,2.738453450901289
494,0.0012980962136726,-3.656957413329372,4.174335500000001,4.0224681,4.150624146666667,13.85900186170812,1680.1010015252978,15,4.174335500000001,4.0224681,-0.1518674000000004,1680.1010015252978,15,0.7821964505633837,-86.0,2.737687576971843
495,0.0012969730302066,-3.656428622055609,4.1744142,4.0226259,4.150721333333333,13.85623651528918,1680.1010015467182,15,4.1744142,4.0226259,-0.1517882999999997,1680.1010015467182,15,0.7821025379791358,-87.0,2.737358882926975
496,0.0013008931097769,-3.655756954428677,4.174335500000001,4.022429,4.150710753333333,13.85231088242328,1680.0910013318062,15,4.174335500000001,4.022429,-0.1519065000000008,1680.0910013318062,15,0.7819382355906658,-88.0,2.7367838245673304
497,0.0012996002851482,-3.653062659922884,4.174453700000001,4.022429,4.1506215399999995,13.838957464028413,1680.0770013649017,15,4.174453700000001,4.022429,-0.152024700000001,1680.0770013649017,15,0.7816947816817806,-89.0,2.7359317358862323
498,0.0012966779169028,-3.657377943771981,4.1742172,4.0225472,4.1506373000000005,13.861129952765303,1680.0810013264418,15,4.1742172,4.0225472,-0.1516700000000002,1680.0810013264418,15,0.7815575070426046,-90.0,2.735451274649116
499,0.0013013715493655,-3.658922991424359,4.1742568,4.0222321,4.150569053333333,13.869309855722506,1680.0890012802556,15,4.1742568,4.0222321,-0.1520247000000001,1680.0890012802556,15,0.7813200983507731,-91.0,2.734620344227706
500,0.001327125265278,-3.659408074070015,4.174178100000001,4.0207357,4.1503407333333335,13.871559115620158,1680.0890012793243,15,4.174178100000001,4.0207357,-0.1534424000000003,1680.0890012793243,15,0.7810184864001666,-92.0,2.733564702400583
501,0.0013052924932645,-3.655323813496864,4.174138500000001,4.0218382,4.15033282,13.850367208404773,1680.091001264751,15,4.174138500000001,4.0218382,-0.1523003000000002,1680.091001264751,15,0.7807895568979408,-93.0,2.732763449142793
502,0.0013064022913221,-3.6535050921999006,4.1740599000000005,4.0217595,4.150290773333333,13.84077464504702,1680.0850012786686,15,4.1740599000000005,4.0217595,-0.1523004000000005,1680.0850012786686,15,0.7805707106270925,-94.0,2.731997487194824
503,0.0013024735808971,-3.656353016452668,4.173981200000001,4.0219564,4.1503223,13.855703989293431,1680.0950015354902,15,4.173981200000001,4.0219564,-0.1520248000000013,1680.0950015354902,15,0.7804143725940144,-95.0,2.73145030407905
504,0.001329197340852,-3.654969684851419,4.174099,4.0203815,4.1500440733333335,13.848663036508984,1680.1010015616191,15,4.174099,4.0203815,-0.1537174999999999,1680.1010015616191,15,0.7800945320450845,-96.0,2.7303308621577957
505,0.0013300790946617,-3.657706930042146,4.1740599000000005,4.0203028,4.15003618,13.863435266010178,1680.1110013555735,15,4.1740599000000005,4.0203028,-0.1537571000000008,1680.1110013555735,15,0.7798851979267043,-97.0,2.729598192743465
506,0.0013043462063631,-3.649843957426042,4.174178100000001,4.0217991,4.150193679999999,13.822030553036,1680.0930013163015,15,4.174178100000001,4.0217991,-0.1523790000000007,1680.0930013163015,15,0.7797474099574112,-98.0,2.729115934850939
507,0.0013061877285788,-3.653374068845963,4.1738629000000005,4.021444799999999,4.14996532,13.840899167956405,1680.0890014246106,15,4.1738629000000005,4.021444799999999,-0.1524181000000011,1680.0890014246106,15,0.7793835317859462,-99.0,2.727842361250812
508,0.0013057744628435,-3.655000661482991,4.1738234,4.0215235,4.150038793333334,13.84876677509829,1680.1050015520304,15,4.1738234,4.0215235,-0.1522999,1680.1050015520304,15,0.7793044946126315,-100.0,2.7275657311442103
509,0.0013290713797126,-3.660431054815456,4.1739025000000005,4.0203419,4.150051986666667,13.876863646995254,1680.089001536369,15,4.1739025000000005,4.0203419,-0.1535606000000005,1680.089001536369,15,0.7792550213664894,-101.0,2.727392574782713
510,0.0013060036752102,-3.654654552958803,4.1739416,4.0216022,4.150125480000001,13.847041010966205,1680.0950015336275,15,4.1739416,4.0216022,-0.1523393999999998,1680.0950015336275,15,0.7790453949652775,-102.0,2.726658882378471
511,0.0013067872133198,-3.653463564941148,4.1739025000000005,4.0215626,4.150112313333334,13.840505567285838,1680.0790014052764,15,4.1739025000000005,4.0215626,-0.1523399000000003,1680.0790014052764,15,0.7788069070733353,-103.0,2.725824174756674
512,0.0013076440337383,-3.6545017860282782,4.1738234,4.0214052,4.150007246666666,13.845932706137091,1680.0910015255213,15,4.1738234,4.0214052,-0.1524181999999996,1680.0910015255213,15,0.778560206401638,-104.0,2.7249607224057333
513,0.0013083644194935,-3.655386907419601,4.173666000000001,4.0212083,4.149855026666667,13.850946222271922,1680.0890013696626,15,4.173666000000001,4.0212083,-0.1524577000000011,1680.0890013696626,15,0.7782630640945489,-105.0,2.723920724330921
514,0.0013091737134163,-3.65527305745548,4.1737843,4.0212083,4.149894426666666,13.850885213298458,1680.1010013101622,15,4.1737843,4.0212083,-0.1525760000000007,1680.1010013101622,15,0.7781937097293526,-106.0,2.7236779840527343
515,0.0013089285125888,-3.654359507108551,4.1737447,4.0211296,4.14979462,13.846099784949695,1680.1010013828054,15,4.1737447,4.0211296,-0.1526151000000002,1680.1010013828054,15,0.7779403338028967,-107.0,2.7227911683101387
516,0.0013102601568754,-3.65285398338572,4.173666000000001,4.0210114,4.149726459999999,13.837813148535416,1680.0970013206825,15,4.173666000000001,4.0210114,-0.1526546000000008,1680.0970013206825,15,0.7777056175891698,-108.0,2.721969661562094
517,0.0013085512529117,-3.653115715000329,4.1736269,4.02109,4.1497237799999995,13.839239131904236,1680.0950013687834,15,4.1736269,4.02109,-0.1525369000000003,1680.0950013687834,15,0.777522468715084,-109.0,2.721328640502794
518,0.0013592515064078,-3.660899840106393,4.1735873,4.0182948,4.149474426666666,13.87959681526844,1680.103001321666,15,4.1735873,4.0182948,-0.1552925000000007,1680.103001321666,15,0.7772763442485503,-110.0,2.720467204869926
519,0.0013343472075155,-3.657639021834059,4.173705600000001,4.0197515,4.149692346666666,13.863178391994971,1680.0810013571754,15,4.173705600000001,4.0197515,-0.1539541000000008,1680.0810013571754,15,0.7772742512468609,-111.0,2.720459879364013
520,0.0013116079304411,-3.6541202366767855,4.173666000000001,4.0209723,4.149765840000001,13.844298306664054,1680.0810013692826,15,4.173666000000001,4.0209723,-0.1526937000000003,1680.0810013692826,15,0.7771134541856555,-112.0,2.7198970896497943
521,0.0013151391140768,-3.653027867224136,4.173666000000001,4.0206966,4.149652860000001,13.838771735018852,1680.0710014998913,15,4.173666000000001,4.0206966,-0.1529694000000008,1680.0710014998913,15,0.7768568254942877,-113.0,2.718998889230007
522,0.0012840007197935,-3.651100211038268,4.1735873,4.0223894,4.149792026666667,13.829359338170502,1680.0690013235435,15,4.1735873,4.0223894,-0.1511979000000005,1680.0690013235435,15,0.7767190053879508,-114.0,2.718516518857828
523,0.0013110571719526,-3.653046926215941,4.1735873,4.020854,4.149610886666666,13.839366099702929,1680.1010013027117,15,4.1735873,4.020854,-0.1527333000000004,1680.1010013027117,15,0.7764266320173769,-115.0,2.7174932120608193
524,0.0013147689567035,-3.651358012477636,4.173666000000001,4.0206175,4.149540106666667,13.8307592229209,1680.0950015326962,15,4.173666000000001,4.0206175,-0.1530485000000006,1680.0950015326962,15,0.7761704353174989,-116.0,2.716596523611246
525,0.001314090734172,-3.6537750127232806,4.1734691,4.0206175,4.149529526666667,13.84253540606164,1680.0990015408024,15,4.1734691,4.0206175,-0.1528515999999999,1680.0990015408024,15,0.7760153763367669,-117.0,2.716053817178684
526,0.0013367595036063,-3.6593731322172887,4.173430000000001,4.0193973,4.149471826666667,13.871560478693606,1680.121001294814,15,4.173430000000001,4.0193973,-0.154032700000001,1680.121001294814,15,0.7758535268779465,-118.0,2.715487344072813
527,0.0013631246565898,-3.6599989402253343,4.1734691,4.0178223,4.149180453333333,13.875476736451542,1680.1150015583262,15,4.1734691,4.0178223,-0.1556468000000004,1680.1150015583262,15,0.7755501663891989,-119.0,2.714425582362196
528,0.0013140764559531,-3.653481113449339,4.173390400000001,4.0204601,4.149369420000001,13.841634617106616,1680.1070015570149,15,4.173390400000001,4.0204601,-0.1529303000000004,1680.1070015570149,15,0.7754294710775126,-120.0,2.714003148771294
529,0.0013170101962902,-3.652753394482075,4.1732721,4.0201845,4.14923032,13.837745986661355,1680.107001288794,15,4.1732721,4.0201845,-0.1530876000000001,1680.107001288794,15,0.7751117154292599,-121.0,2.71289100400241
530,0.001319647635052,-3.6524375442714785,4.173390400000001,4.0201845,4.149356326666666,13.83605512353489,1680.0950015336275,15,4.173390400000001,4.0201845,-0.1532059000000005,1680.0950015336275,15,0.7750123208817744,-122.0,2.7125431230862103
531,0.0013147934284397,-3.6526391550392265,4.1731544000000005,4.0202241,4.14915946,13.836648840325342,1680.075001291931,15,4.1731544000000005,4.0202241,-0.1529303000000004,1680.075001291931,15,0.7746675547219899,-123.0,2.7113364415269645
532,0.0013177606483178,-3.651727913867368,4.173075700000001,4.0200272,4.149099106666666,13.831962166843123,1680.0770015120506,15,4.173075700000001,4.0200272,-0.1530485000000006,1680.0770015120506,15,0.7744639190885417,-124.0,2.710623716809896
533,0.001320001991364,-3.651459224824337,4.1731935,4.0199485,4.14912794,13.830893017338443,1680.0790013074875,15,4.1731935,4.0199485,-0.153245,1680.0790013074875,15,0.7743056331055075,-125.0,2.710069715869276
534,0.0013405397469442,-3.6568357614758167,4.1732721,4.0188065,4.1490412999999995,13.859556952068656,1680.109001419507,15,4.1732721,4.0188065,-0.1544655999999999,1680.109001419507,15,0.7741559162211297,-126.0,2.709545706773954
535,0.0013195943332982,-3.651538135938044,4.1731148000000005,4.0198698,4.14903084,13.831842766161998,1680.1110012866557,15,4.1731148000000005,4.0198698,-0.153245,1680.1110012866557,15,0.7738858973561118,-127.0,2.708600640746391
536,0.0013211679655763,-3.649870763180999,4.1731935,4.0198302,4.149051793333333,13.823193728449876,1680.0870015164835,15,4.1731935,4.0198302,-0.1533632999999996,1680.0870015164835,15,0.773688068884549,-128.0,2.7079082410959217
537,0.0013190257914531,-3.6501557682510386,4.1731935,4.0199485,4.14906752,13.824276041062388,1680.083001371473,15,4.1731935,4.0199485,-0.153245,1680.083001371473,15,0.7735442305886883,-129.0,2.707404807060409
538,0.0013212150717312,-3.650730577519718,4.173075700000001,4.019712,4.148944213333333,13.82754447965158,1680.1010015467182,15,4.173075700000001,4.019712,-0.1533637000000007,1680.1010015467182,15,0.7732646098222808,-130.0,2.706426134377983
539,0.0013455831831597,-3.655239685257768,4.173075700000001,4.0183735,4.148836640000001,13.850840681865296,1680.1190015831962,15,4.173075700000001,4.0183735,-0.1547022000000009,1680.1190015831962,15,0.7731131219690903,-131.0,2.705895926891816
540,0.0013211843154549,-3.652746713959739,4.173075700000001,4.019712,4.148962573333333,13.838045904914493,1680.1050012866035,15,4.173075700000001,4.019712,-0.1533637000000007,1680.1050012866035,15,0.7729923882418009,-132.0,2.7054733588463034
541,0.001318728644432,-3.652228565137844,4.1729178,4.0197515,4.148875893333332,13.834698383014135,1680.1010013828054,15,4.1729178,4.0197515,-0.1531662999999996,1680.1010013828054,15,0.772754605397716,-133.0,2.704641118892006
542,0.001344904480064,-3.6508542081260407,4.1731935,4.0183735,4.1487604466666665,13.828276886636267,1680.1050015008077,15,4.1731935,4.0183735,-0.1548199999999999,1680.1050015008077,15,0.7725137435326761,-134.0,2.7037981023643662
543,0.0013235622939355,-3.6507734196454416,4.1728392,4.019279,4.1486265866666665,13.827935179070051,1680.0970015376806,15,4.1728392,4.019279,-0.1535602000000002,1680.0970015376806,15,0.7721547860656155,-135.0,2.702541751229654
544,0.0013254834029774,-3.651958565354408,4.1729965,4.0193973,4.1488496800000005,13.833577389781627,1680.0850015142933,15,4.1729965,4.0193973,-0.1535992000000003,1680.0850015142933,15,0.7721735310946408,-136.0,2.702607358831243
545,0.0013232960258314,-3.650913250130469,4.1731935,4.0195942,4.1489311,13.829346279436916,1680.077001325786,15,4.1731935,4.0195942,-0.1535992999999997,1680.077001325786,15,0.7721372356605355,-137.0,2.7024803248118743
546,0.0013254489861845,-3.6485528416518425,4.1728392,4.0192003,4.14861872,13.81677234158511,1680.0810013394805,15,4.1728392,4.0192003,-0.1536389000000007,1680.0810013394805,15,0.7717161528482689,-138.0,2.701006534968941
547,0.0013230372134869,-3.649453943384334,4.1729574000000005,4.019515,4.148823413333333,13.820674386703,1680.0810013599694,15,4.1729574000000005,4.019515,-0.1534424000000003,1680.0810013599694,15,0.7717173855757078,-139.0,2.701010849514977
548,0.001350138359202,-3.655733415545613,4.1727209,4.0177436,4.148432326666668,13.853448056572844,1680.1030013002455,15,4.1727209,4.0177436,-0.1549772999999996,1680.1030013002455,15,0.7712810337413197,-140.0,2.699483618094619
549,0.0013511208826228,-3.6542377343121974,4.1726031,4.0176644,4.148385,13.845084165566814,1680.1090014576912,15,4.1726031,4.0176644,-0.1549386999999997,1680.1090014576912,15,0.7710330102120141,-141.0,2.698615535742049
550,0.0013270379469906,-3.651386500261198,4.172800100000001,4.0190821,4.148605573333333,13.831179735910002,1680.1070013279095,15,4.172800100000001,4.0190821,-0.1537180000000004,1680.1070013279095,15,0.7709653306173658,-142.0,2.6983786571607804
551,0.0013275810877974,-3.651213110568875,4.1726818,4.0190425,4.148589779999999,13.82956879304712,1680.0830013519153,15,4.1726818,4.0190425,-0.1536393,1680.0830013519153,15,0.7707879461754013,-143.0,2.6977578116139043
552,0.0013291289225398,-3.647424261129813,4.1729965,4.0190425,4.148629146666667,13.81085251136339,1680.077001371421,15,4.1729965,4.0190425,-0.1539539999999997,1680.077001371421,15,0.7706877650920757,-144.0,2.697407177822265
553,0.0013528091743711,-3.654918838015503,4.1726818,4.0176253,4.1484349599999994,13.849070529427896,1680.0850014984608,15,4.1726818,4.0176253,-0.1550565000000006,1680.0850014984608,15,0.7704284260930534,-145.0,2.696499491325687
554,0.0013286967733626,-3.650880379556488,4.1725636,4.0187278,4.148327353333333,13.828660747076237,1680.0790013186634,15,4.1725636,4.0187278,-0.1538358000000004,1680.0790013186634,15,0.7700636074704328,-146.0,2.695222626146515
555,0.0013290368051678,-3.649256756423717,4.1726422,4.0187669,4.148366673333333,13.820034731783196,1680.1010015448555,15,4.1726422,4.0187669,-0.1538753000000001,1680.1010015448555,15,0.7698532522759335,-147.0,2.694486382965767
556,0.0013310664219068,-3.650596869768509,4.1726031,4.0186491,4.14836146,13.8272497063157,1680.0970013402402,15,4.1726031,4.0186491,-0.1539539999999997,1680.0970013402402,15,0.7697074954477066,-148.0,2.693976234066973
557,0.0013538269946212,-3.6550554541246223,4.172524500000001,4.0173888,4.148248613333333,13.8495055220293,1680.1010013148189,15,4.172524500000001,4.0173888,-0.1551357000000006,1680.1010013148189,15,0.7695566252696004,-149.0,2.6934481884436017
558,0.0013302392102012,-3.6513690282128937,4.172484900000001,4.0186095,4.148287953333334,13.83040531050807,1680.091001487337,15,4.172484900000001,4.0186095,-0.1538754000000004,1680.091001487337,15,0.7693559742430863,-150.0,2.692745909850802
559,0.0013308547880717,-3.6506968905554182,4.172484900000001,4.0185704,4.14827222,13.826912862011518,1680.0930014252665,15,4.172484900000001,4.0185704,-0.1539145000000008,1680.0930014252665,15,0.7691789120312889,-151.0,2.692126192109511
560,0.0013572495344692,-3.652658656522733,4.172524500000001,4.0171528,4.148154126666666,13.837145545217291,1680.089001536369,15,4.172524500000001,4.0171528,-0.1553717000000007,1680.089001536369,15,0.7690341673587083,-152.0,2.691619585755479
561,0.0013334438430978,-3.648763390209953,4.1724062,4.0182948,4.148104226666667,13.817310642912346,1680.0810015192255,15,4.1724062,4.0182948,-0.1541114000000005,1680.0810015192255,15,0.7686686973419677,-153.0,2.690340440696887
562,0.0013052222881538,-3.645260870977942,4.1722484,4.019712,4.148106833333333,13.799641705629284,1680.0730014964938,15,4.1722484,4.019712,-0.1525363999999998,1680.0730014964938,15,0.7684326811902052,-154.0,2.6895143841657183
563,0.0013346370116669,-3.649611288340115,4.1723275,4.018137,4.148012353333335,13.821384946915384,1680.0770014980808,15,4.1723275,4.018137,-0.1541904999999994,1680.0770014980808,15,0.768279058240908,-155.0,2.688976703843178
564,0.0013321208027617,-3.648132070078927,4.1722879,4.0182157,4.147954619999999,13.81415642163262,1680.0910012610257,15,4.1722879,4.0182157,-0.1540721999999998,1680.0910012610257,15,0.7681167129232928,-156.0,2.6884084952315246
565,0.0013331509235506,-3.648123562758075,4.1721306,4.0180583,4.147846893333334,13.813818892190575,1680.0870013106614,15,4.1721306,4.0180583,-0.1540723000000001,1680.0870013106614,15,0.7678785733747977,-157.0,2.687575006811792
566,0.0013356552891998,-3.647530650116499,4.1722093000000005,4.0179796,4.147883753333334,13.810465625035311,1680.0950013855472,15,4.1722093000000005,4.0179796,-0.1542297000000001,1680.0950013855472,15,0.7677196721213492,-158.0,2.687018852424722
567,0.0013318750667998,-3.6488817396310673,4.1721306,4.0181766,4.147909946666666,13.817327437321929,1680.0810015052557,15,4.1721306,4.0181766,-0.1539539999999997,1680.0810015052557,15,0.7675940503898492,-159.0,2.686579176364472
568,0.0013044790136621,-3.6437245460486833,4.1722093000000005,4.0196729,4.148015006666667,13.790907799931286,1680.073001488112,15,4.1722093000000005,4.0196729,-0.1525364000000006,1680.073001488112,15,0.7673876191851903,-160.0,2.685856667148166
569,0.0013339053318692,-3.6480836036062896,4.172091,4.01794,4.147765593333334,13.814108284194138,1680.095001269132,15,4.172091,4.01794,-0.1541509999999997,1680.095001269132,15,0.7671098065799,-161.0,2.68488432302965
570,0.0013332692711785,-3.6455693916317786,4.1723275,4.0180979,4.147868,13.801304628802676,1680.0890015223997,15,4.1723275,4.0180979,-0.1542295999999998,1680.0890015223997,15,0.7670201607542778,-162.0,2.6845705626399723
571,0.0013847264757978,-3.654532918708013,4.1721697,4.015262600000001,4.147602826666667,13.84730242693383,1680.107001288794,15,4.1721697,4.015262600000001,-0.1569070999999997,1680.107001288794,15,0.7667829980588109,-163.0,2.683740493205838
572,0.0013348082990335,-3.6503426049869594,4.1722093000000005,4.0180583,4.147949293333332,13.825190407206588,1680.1070014405996,15,4.1722093000000005,4.0180583,-0.1541510000000006,1680.1070014405996,15,0.7667998051035468,-164.0,2.6837993178624138
573,0.001364744971654,-3.651163718995706,4.1722093000000005,4.0163651,4.147713060000001,13.829632397545712,1680.0850013494492,15,4.1722093000000005,4.0163651,-0.1558442000000006,1680.0850013494492,15,0.7664050122906977,-165.0,2.6824175430174417
574,0.0013380221309439,-3.650124292172792,4.1719337,4.0175858,4.14763166,13.824578090678695,1680.085001528263,15,4.1719337,4.0175858,-0.1543479000000003,1680.085001528263,15,0.7660989648452229,-166.0,2.68134637695828
575,0.0013400761438074,-3.646498189367116,4.172091,4.0175858,4.14769468,13.805225146110004,1680.0970012629405,15,4.172091,4.0175858,-0.1545052,1680.0970012629405,15,0.7660042579194951,-167.0,2.681014902718233
576,0.0013403727516263,-3.6469713488320226,4.1720123,4.0173101,4.147440106666667,13.809136824308055,1680.089001333341,15,4.1720123,4.0173101,-0.1547021999999991,1680.089001333341,15,0.7656042283816189,-168.0,2.679614799335666
577,0.0013648397319188,-3.650408958976623,4.1720123,4.016129,4.14747422,13.825876876170174,1680.0870013311503,15,4.1720123,4.016129,-0.1558832999999992,1680.0870013311503,15,0.7655567182905119,-169.0,2.6794485140167916
578,0.0013403920105566,-3.6461770439317416,4.1720123,4.0173888,4.147510966666666,13.804360904853787,1680.0810015201569,15,4.1720123,4.0173888,-0.1546234999999995,1680.0810015201569,15,0.7653458847980213,-170.0,2.6787105967930747
579,0.0013401145673349,-3.645804408589148,4.1719728,4.0172315,4.147337726666667,13.803323494798004,1680.0890014162287,15,4.1719728,4.0172315,-0.1547412999999995,1680.0890014162287,15,0.7649724600687076,-171.0,2.6774036102404764
580,0.001339063355334,-3.6483736257238486,4.171855,4.0173497000000005,4.147429586666666,13.81606527985316,1680.0910012656825,15,4.171855,4.0173497000000005,-0.1545052999999994,1680.0910012656825,15,0.7649028390615689,-172.0,2.677159936715491
581,0.0013424882645198,-3.646613912706864,4.1718941,4.017271,4.147497813333334,13.805648736873264,1680.0850013652816,15,4.1718941,4.017271,-0.1546231000000002,1680.0850013652816,15,0.7648215408527866,-173.0,2.676875392984753
582,0.0013462406624998,-3.647795076953925,4.1719337,4.0170345,4.147455813333333,13.812376288700529,1680.0810015201569,15,4.1719337,4.0170345,-0.1548992,1680.0810015201569,15,0.764637997468262,-174.0,2.676232991138917
583,0.0013436712971026,-3.647891829187027,4.1717763,4.0169559,4.147253746666667,13.813009109854502,1680.0810015052557,15,4.1717763,4.0169559,-0.1548204000000002,1680.0810015052557,15,0.7643342845204769,-175.0,2.675169995821669
584,0.0013434638070255,-3.646077080274662,4.171658,4.0169954,4.147264253333334,13.802878996182724,1680.08300152421,15,4.171658,4.0169954,-0.1546625999999999,1680.08300152421,15,0.7641875712741817,-176.0,2.674656499459636
585,0.0013431887701495,-3.644860147379164,4.1716185,4.0167985,4.147043766666666,13.797888260873655,1680.083001429215,15,4.1716185,4.0167985,-0.1548199999999999,1680.083001429215,15,0.7638195020615931,-177.0,2.673368257215576
586,0.001345443048542,-3.645747097406163,4.171736699999999,4.0167985,4.147161893333333,13.80254019455696,1680.0842031240463,15,4.171736699999999,4.0167985,-0.1549381999999992,1680.0842031240463,15,0.7637298448277067,-178.0,2.673054456896973
587,0.0013463913514726,-3.644252912564096,4.1718154,4.0167589,4.147153946666666,13.795186052049765,1680.0922028943896,15,4.1718154,4.0167589,-0.1550564999999997,1680.0922028943896,15,0.7635366917985414,-179.0,2.672378421294895
588,0.0013661724874426,-3.652041813599269,4.171658,4.0156565,4.147083113333333,13.835036472790607,1680.0882031321526,15,4.171658,4.0156565,-0.1560014999999994,1680.0882031321526,15,0.7633723736874153,-180.0,2.6718033079059533
589,0.0013711776736483,-3.6518773198729386,4.171658,4.015302200000001,4.146967653333333,13.83417455452377,1680.098203152418,15,4.171658,4.015302200000001,-0.1563557999999991,1680.098203152418,15,0.7631687675945559,-181.0,2.6710906865809454
590,0.001373159451692,-3.6518481805274656,4.1715007,4.015105200000001,4.146865273333334,13.833858215258278,1680.098203152418,15,4.1715007,4.015105200000001,-0.1563954999999994,1680.098203152418,15,0.7629505820955407,-182.0,2.6703270373343924
591,0.0013711033739055,-3.6515345724782686,4.171579400000001,4.0153418,4.146999086666667,13.8315558765734,1680.0862031280994,15,4.171579400000001,4.0153418,-0.1562376000000007,1680.0862031280994,15,0.7629572354433669,-183.0,2.670350324051784
592,0.0013476005401835,-3.6464223305158208,4.1715398,4.0165229,4.146996526666666,13.80533554843219,1680.0762030929327,15,4.1715398,4.0165229,-0.1550168999999996,1680.0762030929327,15,0.7626834168894939,-184.0,2.669391959113229
593,0.001314858021228,-3.639741261837776,4.171658,4.0183339,4.147148733333333,13.771901681061005,1680.0742028690877,15,4.171658,4.0183339,-0.1533240999999998,1680.0742028690877,15,0.7625275026634961,-185.0,2.6688462593222364
594,0.0013480042474106,-3.647176169473805,4.1716185,4.0166407,4.147140826666667,13.80888681644198,1680.082203090191,15,4.1716185,4.0166407,-0.1549778000000001,1680.082203090191,15,0.7624686839733698,-186.0,2.668640393906794
595,0.0013463162309949,-3.6488918712765774,4.1715398,4.0166016,4.147038493333333,13.818805238955653,1680.0862031280994,15,4.1715398,4.0166016,-0.1549381999999992,1680.0862031280994,15,0.7622798329165892,-187.0,2.667979415208062
596,0.0013484479243423,-3.6462761411898033,4.1715398,4.0164833,4.146996533333333,13.804632624318264,1680.0922031402588,15,4.1715398,4.0164833,-0.1550564999999997,1680.0922031402588,15,0.7620458778911285,-188.0,2.66716057261895
597,0.0013717888704469,-3.65143480253534,4.171421499999999,4.0151839,4.146873113333333,13.831025082355634,1680.094203144312,15,4.171421499999999,4.0151839,-0.1562375999999989,1680.094203144312,15,0.7618312298582817,-189.0,2.666409304503986
598,0.0013752491574406,-3.650063038746832,4.1713037,4.014869200000001,4.146710393333334,13.823754715989155,1680.1042031645777,15,4.1713037,4.014869200000001,-0.1564344999999996,1680.1042031645777,15,0.7614501953840371,-190.0,2.66507568384413
599,0.0013736078502669,-3.6478097715090954,4.1713824,4.0148296000000006,4.146571253333334,13.813325950253716,1680.1122029349208,15,4.1713824,4.0148296000000006,-0.1565527999999991,1680.1122029349208,15,0.761084628165458,-191.0,2.663796198579103
600,0.0013521792069423,-3.645178674113205,4.1713428,4.015971700000001,4.146655166666667,13.79947340678594,1680.11420292221,15,4.1713428,4.015971700000001,-0.1553710999999991,1680.11420292221,15,0.7609446800250346,-192.0,2.663306380087621
601,0.0013750813185998,-3.651535022127717,4.1713428,4.014751,4.146600086666667,13.832264828808096,1680.1062029115856,15,4.1713428,4.014751,-0.1565917999999992,1680.1062029115856,15,0.7609104707106814,-193.0,2.663186647487385
602,0.0013496728871998,-3.644042780802634,4.1711855,4.0160894,4.1466394866666665,13.792887356775868,1680.0902031213045,15,4.1711855,4.0160894,-0.1550960999999997,1680.0902031213045,15,0.7606879205393186,-194.0,2.662407721887615
603,0.001350764633246,-3.6460984807035977,4.1712251,4.0160503,4.14667358,13.80352764901122,1680.0902031362057,15,4.1712251,4.0160503,-0.1551748000000001,1680.0902031362057,15,0.7605343394423906,-195.0,2.661870188048367
604,0.001326641481782,-3.638590949997611,4.1713428,4.0173101,4.1466893066666675,13.765825108110068,1680.082202911377,15,4.1713428,4.0173101,-0.1540326999999992,1680.082202911377,15,0.760335109773685,-196.0,2.6611728842078977
605,0.0013251494348555,-3.6387159600601815,4.1711459,4.0173101,4.1466157866666675,13.765081696817177,1680.0822031199932,15,4.1711459,4.0173101,-0.1538357999999995,1680.0822031199932,15,0.7601197000557266,-197.0,2.660418950195043
606,0.0013519806732998,-3.643011384165204,4.1711459,4.0158534,4.146505553333333,13.788100024015757,1680.08020311594,15,4.1711459,4.0158534,-0.1552924999999998,1680.08020311594,15,0.7599640736092123,-198.0,2.659874257632243
607,0.0013532193214223,-3.645746572472076,4.1711068,4.015696,4.146434766666666,13.801974916481662,1680.076203107834,15,4.1711068,4.015696,-0.1554107999999994,1680.076203107834,15,0.7597395327311582,-199.0,2.6590883645590537
608,0.0013545430033512,-3.643474141818946,4.1708703,4.0153809,4.146161713333333,13.790720393023552,1680.0762029625475,15,4.1708703,4.0153809,-0.1554893999999995,1680.0762029625475,15,0.759345496104834,-200.0,2.657709236366919
609,0.0013533081889092,-3.644142537885256,4.1709495,4.0154991,4.1462273933333345,13.79451375458414,1680.084202889353,15,4.1709495,4.0154991,-0.1554503999999994,1680.084202889353,15,0.759250282005325,-201.0,2.6573759870186375
610,0.0013548943897783,-3.645260534957768,4.170791599999999,4.015302200000001,4.146117153333333,13.79955724361022,1680.08020311594,15,4.170791599999999,4.015302200000001,-0.1554893999999986,1680.08020311594,15,0.7590333432748178,-202.0,2.656616701461862
611,0.0013547873910259,-3.6420025790266464,4.1709886,4.0153809,4.146159020000001,13.783260409145612,1680.0862031280994,15,4.1709886,4.0153809,-0.1556077,1680.0862031280994,15,0.7588670679639832,-203.0,2.656034737873941
612,0.0013554027474449,-3.642196560527391,4.1709886,4.0153809,4.146190606666667,13.784201375163214,1680.0842031240463,15,4.1709886,4.0153809,-0.1556077,1680.0842031240463,15,0.7586966984843517,-204.0,2.655438444695231
613,0.0013540990451917,-3.641590375587143,4.1710281,4.0154204,4.146161719999999,13.781491885910889,1680.0902031362057,15,4.1710281,4.0154204,-0.1556077,1680.0902031362057,15,0.7584739750978506,-205.0,2.654658912842477
614,0.0013567341310769,-3.642351164460376,4.170791599999999,4.0151448,4.146019946666667,13.78478616328286,1680.0862028896809,15,4.170791599999999,4.0151448,-0.1556467999999995,1680.0862028896809,15,0.7582184691106308,-206.0,2.653764641887208
615,0.0013571925949206,-3.6443453991806662,4.1709495,4.015262600000001,4.146180093333333,13.795359213063309,1680.0922031104565,15,4.1709495,4.015262600000001,-0.1556868999999991,1680.0922031104565,15,0.7582498244337103,-207.0,2.653874385517986
616,0.001355182268304,-3.645762158261629,4.1706343,4.0152235,4.146056753333333,13.801715814361842,1680.0862030982971,15,4.1706343,4.0152235,-0.1554107999999994,1680.0862030982971,15,0.7580076506518171,-208.0,2.65302677728136
617,0.0013547844525683,-3.643651807153402,4.1708312,4.015302200000001,4.146096113333334,13.791426247835634,1680.096203148365,15,4.1708312,4.015302200000001,-0.1555289999999995,1680.096203148365,15,0.7578605512950297,-209.0,2.652511929532604
618,0.0013567487734125,-3.643808798565862,4.1708703,4.0151839,4.14607514,13.792931774719584,1680.1022031605244,15,4.1708703,4.0151839,-0.1556863999999995,1680.1022031605244,15,0.7577079699197048,-210.0,2.651977894718967
619,0.0013832696215645,-3.647486836046672,4.1709099,4.0138059,4.14600688,13.811695431409987,1680.120202910155,15,4.1709099,4.0138059,-0.1571039999999994,1680.120202910155,15,0.7575445209296338,-211.0,2.651405823253718
620,0.0013818852451178,-3.6468643505119607,4.170791599999999,4.0138454,4.145972706666667,13.807599985773551,1680.1182031929493,15,4.170791599999999,4.0138454,-0.1569461999999992,1680.1182031929493,15,0.7573938561772235,-212.0,2.6508784966202823
621,0.0014093116807999,-3.653869852423084,4.1705947,4.0122309000000005,4.1457337999999995,13.843718344177766,1680.098202906549,15,4.1705947,4.0122309000000005,-0.1583637999999991,1680.098202906549,15,0.7571336720342334,-213.0,2.649967852119817
622,0.0013588462372559,-3.643956191616343,4.1705556,4.014751,4.14574432,13.793344866628203,1680.0842031240463,15,4.1705556,4.014751,-0.1558045999999997,1680.0842031240463,15,0.7567878379700286,-214.0,2.6487574328951
623,0.0013610523426812,-3.6421604347937175,4.1707525,4.0147114,4.145794213333334,13.784835805631662,1680.092202872038,15,4.1707525,4.0147114,-0.1560410999999995,1680.092202872038,15,0.7566664395473327,-215.0,2.6483325384156644
624,0.0013595923274492,-3.639059366237463,4.1704373,4.0145144,4.145494926666667,13.768097600634311,1680.0982031505555,15,4.1704373,4.0145144,-0.1559228999999993,1680.0982031505555,15,0.756250112632921,-216.0,2.646875394215223
625,0.0013871531543992,-3.648454820008859,4.1705556,4.0133333,4.145728606666666,13.816093980822645,1680.1182030886412,15,4.1705556,4.0133333,-0.1572222999999999,1680.1182030886412,15,0.7564092677195712,-217.0,2.647432437018499
626,0.001384668417234,-3.647967742507872,4.1705947,4.013451600000001,4.145723386666666,13.813601723109745,1680.094203127548,15,4.1705947,4.013451600000001,-0.1571430999999989,1680.094203127548,15,0.7562652527404977,-218.0,2.646928384591742
627,0.0014085028980021,-3.6518880157651097,4.170516,4.0120735,4.145518593333333,13.833904541285758,1680.0942031145096,15,4.170516,4.0120735,-0.1584425000000004,1680.0942031145096,15,0.7560128362994872,-219.0,2.646044927048205
628,0.0013873139580154,-3.64712165858222,4.1704373,4.0131760000000005,4.14556586,13.809388402037762,1680.1102031767368,15,4.1704373,4.0131760000000005,-0.1572612999999991,1680.1102031767368,15,0.7558003218231105,-220.0,2.645301126380887
629,0.0013862897735968,-3.647805292955533,4.1702404,4.0130186000000005,4.14536634,13.812872431703695,1680.116202864796,15,4.1702404,4.0130186000000005,-0.1572217999999994,1680.116202864796,15,0.7554028180283907,-221.0,2.6439098630993674
630,0.0013892810716811,-3.6475275849628304,4.1702013,4.012821700000001,4.1453086400000005,13.810941048033255,1680.1182031929493,15,4.1702013,4.012821700000001,-0.1573795999999996,1680.1182031929493,15,0.755158463031684,-222.0,2.643054620610894
631,0.0013909105236026,-3.6452304359622,4.1704769,4.0129399,4.145481913333333,13.799458070071148,1680.1182031929493,15,4.1704769,4.0129399,-0.1575369999999996,1680.1182031929493,15,0.7551307374817867,-223.0,2.6429575811862533
632,0.0013631903788406,-3.642105280688673,4.170516,4.014396700000001,4.145581593333333,13.784332983952575,1680.0882031079382,15,4.170516,4.014396700000001,-0.1561192999999994,1680.0882031079382,15,0.7550801652647575,-224.0,2.642780578426651
633,0.0013637994241295,-3.644231208128539,4.17028,4.014199700000001,4.145434633333333,13.794986322155204,1680.0922029577196,15,4.17028,4.014199700000001,-0.1560802999999992,1680.0922029577196,15,0.7548377556890963,-225.0,2.641932144911837
634,0.0013641652101963,-3.642741774910154,4.1703978,4.0142388,4.145476606666667,13.787385542112634,1680.0822031199932,15,4.1703978,4.0142388,-0.1561589999999997,1680.0822031199932,15,0.7547077794794003,-226.0,2.641477228177901
635,0.0013637496499866,-3.6417478398915137,4.1703978,4.0141602,4.145368966666667,13.782887892631926,1680.0862031280994,15,4.1703978,4.0141602,-0.1562375999999998,1680.0862031280994,15,0.7544304472324918,-227.0,2.640506565313721
636,0.0013908377522652,-3.6486455311151302,4.1701617,4.0126638,4.145237666666666,13.817712636943616,1680.0982031486928,15,4.1701617,4.0126638,-0.1574979,1680.0982031486928,15,0.754177247295541,-228.0,2.6396203655343937
637,0.0013656925293612,-3.6434669095645416,4.1701221,4.0138845000000005,4.145203613333334,13.791547207897658,1680.1162031721324,15,4.1701221,4.0138845000000005,-0.1562375999999998,1680.1162031721324,15,0.7539171905115708,-229.0,2.638710166790498
638,0.0013656373137568,-3.641461505119002,4.1701617,4.0139632,4.14525876,13.780583250765892,1680.1142031829804,15,4.1701617,4.0139632,-0.1561985000000003,1680.1142031829804,15,0.7538744490960989,-230.0,2.6385605718363463
639,0.0013651575565988,-3.6418873791390647,4.17028,4.0140028,4.145279820000001,13.78302156932897,1680.120203152299,15,4.17028,4.0140028,-0.1562771999999999,1680.120203152299,15,0.7537489169988529,-231.0,2.6381212094959854
640,0.0013393860980663,-3.6368442186592143,4.1701617,4.015302200000001,4.145284993333334,13.757449316288348,1680.0782030783594,15,4.1701617,4.015302200000001,-0.1548594999999997,1680.0782030783594,15,0.7535644586594749,-232.0,2.637475605308162
641,0.0013666405519598,-3.642452834611646,4.1701221,4.0138845000000005,4.145237786666667,13.785452479467882,1680.0782031100243,15,4.1701221,4.0138845000000005,-0.1562375999999998,1680.0782031100243,15,0.7534182767430864,-233.0,2.6369639686008024
642,0.0013656616796006,-3.6437292720010337,4.170083,4.0139241000000005,4.145242993333333,13.79196456487564,1680.0902031362057,15,4.170083,4.0139241000000005,-0.1561588999999994,1680.0902031362057,15,0.753202506055502,-234.0,2.636208771194257
643,0.0013657117356182,-3.642322020942362,4.1701221,4.0138454,4.1451537400000005,13.785475227795928,1680.08820313029,15,4.1701221,4.0138454,-0.1562767000000002,1680.08820313029,15,0.7530230543148181,-235.0,2.6355806901018632
644,0.0014146976839678,-3.651889707470368,4.1700044,4.0112071,4.144946426666667,13.834621537049834,1680.1182031929493,15,4.1700044,4.0112071,-0.1587972999999998,1680.1182031929493,15,0.7528284773974605,-236.0,2.634899670891112
645,0.0013680139793837,-3.643437366650564,4.170043499999999,4.013727200000001,4.145156366666666,13.790562318601973,1680.110202949494,15,4.170043499999999,4.013727200000001,-0.1563162999999985,1680.110202949494,15,0.7527323064577522,-237.0,2.6345630726021327
