cycle_number,relax_var,relax_ske,relax_max,relax_min,relax_mean,relax_kur,relax_duration_s,relax_points,relax_start_voltage,relax_end_voltage,relax_voltage_delta,window_s,window_points,SOH,RUL,discharge_capacity_in_Ah
2,0.0009247124673882,-3.7337646855969697,4.1854405,4.0588408,4.16763376,14.258673778651946,1680.0760797993353,15,4.1854405,4.0588408,-0.1265997000000007,1680.0760797993353,15,0.9252029053888812,458.0,3.2382101688610843
3,0.0009688456635269,-3.7405425405412767,4.1853619,4.056006,4.167421213333333,14.294128822687004,1680.0780844935216,15,4.1853619,4.056006,-0.1293559000000002,1680.0780844935216,15,0.9265790412568596,457.0,3.2430266443990092
4,0.0009977676920426,-3.7305405983304736,4.1844559,4.052816399999999,4.165798846666666,14.242551183378527,1680.084084493792,15,4.1844559,4.052816399999999,-0.1316395000000003,1680.084084493792,15,0.9187805941274118,456.0,3.215732079445941
5,0.0009902725211026,-3.728109339707192,4.1843381,4.0531311,4.165667586666666,14.229568831466748,1680.0740844933025,15,4.1843381,4.0531311,-0.1312069999999998,1680.0740844933025,15,0.9174889682448232,455.0,3.211211388856881
6,0.0009915338762502,-3.731698408436944,4.1844559,4.0532494,4.16588808,14.248581639112713,1680.082084493697,15,4.1844559,4.0532494,-0.1312064999999993,1680.082084493697,15,0.9164391113016568,454.0,3.207536889555799
7,0.0009985693653238,-3.7320149673195417,4.1843381,4.0526586,4.165699066666667,14.250409939182468,1680.0781752457117,15,4.1843381,4.0526586,-0.1316794999999997,1680.0781752457117,15,0.9153121947093944,453.0,3.2035926814828803
8,0.0009981908943697,-3.729850900122067,4.1843772,4.0526981,4.165699060000001,14.239243701063511,1680.080175246083,15,4.1843772,4.0526981,-0.1316791000000003,1680.080175246083,15,0.9143250705939592,452.0,3.200137747078857
9,0.0010001810689721,-3.73234773741538,4.1844168,4.0525799,4.165714873333333,14.252566896915567,1680.0861752469064,15,4.1844168,4.0525799,-0.1318369000000006,1680.0861752469064,15,0.9133287911373472,451.0,3.196650768980715
10,0.0010042626104723,-3.729887286263164,4.1841803,4.0520682,4.165412966666667,14.23971990488992,1680.084175246011,15,4.1841803,4.0520682,-0.1321121000000005,1680.084175246011,15,0.9123671692073952,450.0,3.1932850922258833
11,0.0010064262443112,-3.73195325137896,4.184219799999999,4.0520287,4.165512713333334,14.250270461933646,1680.084175246011,15,4.184219799999999,4.0520287,-0.1321910999999991,1680.084175246011,15,0.9114934005086652,449.0,3.190226901780328
12,0.0010042004905863,-3.733234221085284,4.1841803,4.0522256,4.165594106666665,14.25630781831164,1680.1021752477973,15,4.1841803,4.0522256,-0.1319547000000005,1680.1021752477973,15,0.9105058349600456,448.0,3.18677042236016
13,0.0010210865002828,-3.734840801178805,4.1843381,4.051201799999999,4.1655338,14.2651957200618,1680.1021752486413,15,4.1843381,4.051201799999999,-0.1331363000000003,1680.1021752486413,15,0.90955731436442,447.0,3.1834506002754703
14,0.0010216545650121,-3.73350514710092,4.1844559,4.051201799999999,4.165554726666667,14.258653097294545,1680.0961752477742,15,4.1844559,4.051201799999999,-0.1332541000000002,1680.0961752477742,15,0.9086782326770604,446.0,3.1803738143697116
15,0.001011924663054,-3.7326034558865775,4.1843381,4.0517135,4.165512713333333,14.25376877732468,1680.0941752475046,15,4.1843381,4.0517135,-0.1326245999999997,1680.0941752475046,15,0.9076696905078132,445.0,3.1768439167773463
16,0.0010263962098085,-3.736637813105033,4.184219799999999,4.0508475,4.1654917,14.27453547102948,1680.1021752478846,15,4.184219799999999,4.0508475,-0.1333722999999995,1680.1021752478846,15,0.90689164647058,444.0,3.1741207626470302
17,0.0010162112500983,-3.7324120708927446,4.184219799999999,4.051398799999999,4.165436586666667,14.252286538425498,1680.1041752482415,15,4.184219799999999,4.051398799999999,-0.1328209999999998,1680.1041752482415,15,0.9059603991142732,443.0,3.1708613968999564
18,0.0010400407360255,-3.737473987124203,4.1841016,4.0498629,4.1652737533333335,14.278866824753075,1680.1041752488818,15,4.1841016,4.0498629,-0.1342387,1680.1041752488818,15,0.905094585287892,442.0,3.1678310485076224
19,0.0010183412353378,-3.734672096989778,4.184219799999999,4.0512409,4.165418206666667,14.26475106234876,1680.096175247803,15,4.184219799999999,4.0512409,-0.1329788999999994,1680.096175247803,15,0.9043673400298003,441.0,3.165285690104301
20,0.0010199435865895,-3.737141977414147,4.1840229,4.0511231,4.165410366666666,14.27692669855135,1680.098175247549,15,4.1840229,4.0511231,-0.1328998000000005,1680.098175247549,15,0.9036251656588696,440.0,3.1626880798060437
21,0.0010182249933326,-3.7363023962239095,4.1841016,4.0511622,4.165347313333333,14.27361827753084,1680.1001752477605,15,4.1841016,4.0511622,-0.1329393999999997,1680.1001752477605,15,0.9027614394205732,439.0,3.1596650379720064
22,0.0010218665543823,-3.734377642177289,4.184219799999999,4.051044,4.165415533333334,14.262641151735448,1680.0941752473009,15,4.184219799999999,4.051044,-0.1331757999999991,1680.0941752473009,15,0.9020491033517796,438.0,3.157171861731229
23,0.001037949952002,-3.7390818869446703,4.1841412,4.0500989,4.1654077266666665,14.287429050303444,1680.10217524803,15,4.1841412,4.0500989,-0.1340422999999999,1680.10217524803,15,0.9013605786418034,437.0,3.154762025246312
24,0.0010248790033269,-3.734580886070499,4.1840229,4.0507293,4.165271153333333,14.263772779574428,1680.104175248125,15,4.1840229,4.0507293,-0.1332936,1680.104175248125,15,0.9005145238542039,436.0,3.151800833489714
25,0.0010259616966863,-3.736131274329421,4.1841803,4.0507684,4.165384106666668,14.27199239241736,1680.0981752481894,15,4.1841803,4.0507684,-0.1334119000000004,1680.0981752481894,15,0.8999163418735271,435.0,3.149707196557345
26,0.0010397860223812,-3.734820884878797,4.1840625,4.0497446,4.165118846666667,14.265298348408296,1680.098175248073,15,4.1840625,4.0497446,-0.1343178999999992,1680.098175248073,15,0.8990828510102381,434.0,3.1467899785358333
27,0.0010279253385368,-3.735189869664875,4.1840625,4.0504537,4.16517146,14.267457338238366,1680.088175246783,15,4.1840625,4.0504537,-0.1336087999999993,1680.088175246783,15,0.8983732142547123,433.0,3.144306249891493
28,0.0010103016971292,-3.7318798525370895,4.1839046,4.051398799999999,4.165100573333334,14.249974559660275,1680.0701752442983,15,4.1839046,4.051398799999999,-0.1325058000000005,1680.0701752442983,15,0.8977348668608168,432.0,3.142072034012859
29,0.0010313896212002,-3.732909417450823,4.1839833,4.0501385,4.16502968,14.255396982603866,1680.0761752454564,15,4.1839833,4.0501385,-0.1338448000000003,1680.0761752454564,15,0.8970259329570466,431.0,3.139590765349663
30,0.0010298660465155,-3.735486346054518,4.1840229,4.050375,4.165202946666668,14.268517567098163,1680.0741752453614,15,4.1840229,4.050375,-0.1336479000000006,1680.0741752453614,15,0.8964505568200881,430.0,3.137576948870308
31,0.0010315998546983,-3.735234785759775,4.1839442,4.0501385,4.165061186666667,14.267432206964068,1680.082175245916,15,4.1839442,4.0501385,-0.1338056999999999,1680.082175245916,15,0.895762642250008,429.0,3.135169247875028
32,0.0010298432508831,-3.736279859886351,4.1839442,4.0503354,4.16516878,14.272588145634057,1680.0881752472487,15,4.1839442,4.0503354,-0.1336088000000002,1680.0881752472487,15,0.8952534917933488,428.0,3.133387221276721
33,0.0010166518776445,-3.732884144477167,4.1839046,4.0510836,4.16515042,14.254978226856093,1680.0721752472457,15,4.1839046,4.0510836,-0.1328209999999998,1680.0721752472457,15,0.8946492740799388,427.0,3.131272459279786
34,0.0010169166887825,-3.7301193141931694,4.1840229,4.0509653,4.16502434,14.241312491332229,1680.0641752444208,15,4.1840229,4.0509653,-0.1330576000000007,1680.0641752444208,15,0.8939124065200658,426.0,3.12869342282023
35,0.0010182237345766,-3.73426611916448,4.1839442,4.0510049,4.165171433333334,14.262042311786075,1680.0641752443626,15,4.1839442,4.0510049,-0.1329393000000003,1680.0641752443626,15,0.8933482584695475,425.0,3.126718904643416
36,0.0010189871503426,-3.73319489101407,4.183826,4.0507684,4.1649692866666665,14.25701263355505,1680.0641752444208,15,4.183826,4.0507684,-0.1330575999999999,1680.0641752444208,15,0.8926849626982186,424.0,3.124397369443765
37,0.0010170550442252,-3.733567095774492,4.1838655,4.0509262,4.1650217666666665,14.25882357288831,1680.0641752444208,15,4.1838655,4.0509262,-0.1329392999999994,1680.0641752444208,15,0.8921516772224157,423.0,3.122530870278455
38,0.0010183746035649,-3.731689794401903,4.183826,4.0508475,4.165000773333333,14.248767909336184,1680.0701752454042,15,4.183826,4.0508475,-0.1329785000000001,1680.0701752454042,15,0.8916390786449426,422.0,3.120736775257299
39,0.0010395337200798,-3.73706462934402,4.1840229,4.0497446,4.165124153333334,14.27702178399072,1680.0761752454564,15,4.1840229,4.0497446,-0.1342783,1680.0761752454564,15,0.8911574709477691,421.0,3.1190511483171917
40,0.0010569509294106,-3.737425234798186,4.1837864,4.048405600000001,4.164751306666667,14.27926441981467,1680.0981752471998,15,4.1837864,4.048405600000001,-0.1353807999999992,1680.0981752471998,15,0.8903503229728577,420.0,3.1162261304050016
41,0.0010610754846225,-3.732457692734091,4.1831961,4.0474215,4.16395076,14.253287691546934,1680.098175247433,15,4.1831961,4.0474215,-0.1357746000000004,1680.098175247433,15,0.8894074607116895,419.0,3.1129261124909133
42,0.0010392107193526,-3.735843863738286,4.183589899999999,4.049350700000001,4.1647014533333335,14.270347738238335,1680.0981752481312,15,4.183589899999999,4.049350700000001,-0.1342391999999987,1680.0981752481312,15,0.8892988447338095,418.0,3.1125459565683333
43,0.0010437756811366,-3.732898367344877,4.183826,4.049233,4.164811833333333,14.25527121729492,1680.0921752471477,15,4.183826,4.049233,-0.1345929999999997,1680.0921752471477,15,0.8888666349555504,417.0,3.1110332223444264
44,0.0010861149910095,-3.742150835066952,4.183747299999999,4.0466733,4.164654333333333,14.303615072717538,1680.1201752498746,15,4.183747299999999,4.0466733,-0.1370739999999992,1680.1201752498746,15,0.8883359863136704,416.0,3.1091759520978464
45,0.0010757062067525,-3.740656893536944,4.183747299999999,4.0473032,4.16470416,14.295564196423644,1680.1201752498746,15,4.183747299999999,4.0473032,-0.1364440999999994,1680.1201752498746,15,0.8879401128332715,415.0,3.1077903949164503
46,0.0010863502973431,-3.739514284630448,4.183747299999999,4.046594600000001,4.16456502,14.289666217025625,1680.1241752505302,15,4.183747299999999,4.046594600000001,-0.1371526999999988,1680.1241752505302,15,0.8873487138020837,414.0,3.105720498307293
47,0.001063268086754,-3.7379935027260767,4.1836686,4.0479727,4.164669946666666,14.281770967122522,1680.118175249314,15,4.1836686,4.0479727,-0.1356958999999999,1680.118175249314,15,0.8868239301997692,413.0,3.1038837556991923
48,0.0010625177155863,-3.737637155787651,4.183589899999999,4.047894,4.164546706666666,14.279723142626093,1680.1181752495468,15,4.183589899999999,4.047894,-0.1356958999999991,1680.1181752495468,15,0.8862716625562687,412.0,3.1019508189469405
49,0.0010657191383698,-3.735275159300147,4.183747299999999,4.0478153,4.1646227866666665,14.267183275151098,1680.100175249274,15,4.183747299999999,4.0478153,-0.1359319999999995,1680.100175249274,15,0.885810947269151,411.0,3.1003383154420283
50,0.0010456726563823,-3.732952617423285,4.183629,4.0489178,4.164601766666667,14.255311050332018,1680.1061752474634,15,4.183629,4.0489178,-0.1347111999999999,1680.1061752474634,15,0.8853421866999552,410.0,3.098697653449843
52,0.0010505347814835,-3.7331894666883008,4.1837077,4.0487208,4.164675326666666,14.25644100359794,1680.0901752478676,15,4.1837077,4.0487208,-0.1349869000000003,1680.0901752478676,15,0.8846888361733863,408.0,3.096410926606852
53,0.0010498536139226,-3.7338768565888385,4.183747299999999,4.0488391,4.164761886666667,14.259951035662615,1680.09017524682,15,4.183747299999999,4.0488391,-0.134908199999999,1680.09017524682,15,0.8842137945838372,407.0,3.0947482810434304
54,0.0010689666074063,-3.73559486053814,4.183629,4.047461,4.164449493333334,14.269156128195071,1680.126175250858,15,4.183629,4.047461,-0.1361679999999996,1680.126175250858,15,0.8835504877317397,406.0,3.092426707061089
55,0.0010979591862498,-3.7402394239031422,4.183629,4.0457678,4.164373353333334,14.29351605365557,1680.1281752493232,15,4.183629,4.0457678,-0.1378611999999996,1680.1281752493232,15,0.8830841298424323,405.0,3.0907944544485133
56,0.0010693598990706,-3.736424358267643,4.183826,4.0476575,4.164675206666667,14.273835399003492,1680.126175250858,15,4.183826,4.0476575,-0.1361685000000001,1680.126175250858,15,0.882734207117629,404.0,3.0895697249117013
57,0.0010852888267863,-3.739513278207656,4.1835504,4.0465159,4.164428506666667,14.289527434530775,1680.1361752506346,15,4.1835504,4.0465159,-0.1370344999999995,1680.1361752506346,15,0.8821466461754405,403.0,3.0875132616140415
58,0.0010498189435482,-3.735309115734708,4.1837077,4.0487208,4.16465424,14.267614798801592,1680.1061752482783,15,4.1837077,4.0487208,-0.1349869000000003,1680.1061752482783,15,0.8817346053609023,402.0,3.086071118763158
59,0.0010869202514698,-3.7389319280479967,4.1837077,4.0465159,4.1645124466666665,14.286851716118877,1680.1121752505424,15,4.1837077,4.0465159,-0.1371918,1680.1121752505424,15,0.8813022313241328,401.0,3.084557809634465
60,0.0010699531144488,-3.7363772058905713,4.1835504,4.0474215,4.16447052,14.273017010081889,1680.1081752490718,15,4.1835504,4.0474215,-0.1361289000000001,1680.1081752490718,15,0.8808058418052843,400.0,3.082820446318495
61,0.0010541199575369,-3.733608955852701,4.1837077,4.048405600000001,4.164562386666667,14.259387882428603,1680.094175247243,15,4.1837077,4.048405600000001,-0.1353020999999996,1680.094175247243,15,0.8804055445924017,399.0,3.081419406073406
62,0.0010542981229226,-3.732489029669891,4.1835108,4.0482092000000005,4.164365486666666,14.253050302822174,1680.078175245435,15,4.1835108,4.0482092000000005,-0.1353015999999991,1680.078175245435,15,0.8798817748694814,398.0,3.0795862120431847
63,0.0010546025609426,-3.733063377313721,4.183589899999999,4.048327,4.164504553333334,14.25566081524622,1680.0841752445558,15,4.183589899999999,4.048327,-0.1352628999999998,1680.0841752445558,15,0.8795220485340332,397.0,3.078327169869116
64,0.0010560943804242,-3.734151540721503,4.1835108,4.0481300000000005,4.1643996,14.26172211401298,1680.078175246017,15,4.1835108,4.0481300000000005,-0.1353807999999992,1680.078175246017,15,0.8790812604399566,396.0,3.076784411539848
65,0.0010362400735135,-3.7302466628977577,4.183589899999999,4.0493903,4.1645282733333335,14.241368050000162,1680.0801752468103,15,4.183589899999999,4.0493903,-0.1341995999999996,1680.0801752468103,15,0.8786799714091568,395.0,3.0753798999320487
66,0.0010573826574845,-3.7335288639039215,4.1834717,4.0479727,4.164307780000001,14.25846725695991,1680.0801752468103,15,4.1834717,4.0479727,-0.1354990000000002,1680.0801752468103,15,0.8782073416168309,394.0,3.0737256956589083
67,0.0010594303907182,-3.734754777568984,4.1834321,4.0478544,4.164312959999999,14.265042956225944,1680.078175246017,15,4.1834321,4.0478544,-0.1355776999999998,1680.078175246017,15,0.8779487580073081,393.0,3.072820653025578
68,0.0010603391858702,-3.730525393768423,4.1834321,4.0476971,4.16416862,14.242800047741603,1680.074175244779,15,4.1834321,4.0476971,-0.1357350000000003,1680.074175244779,15,0.8775110604141875,392.0,3.071288711449656
69,0.0010610838009669,-3.7330864814953575,4.1832747,4.0476184,4.164152813333334,14.255944349832152,1680.078200279968,15,4.1832747,4.0476184,-0.1356562999999999,1680.078200279968,15,0.8771024251283869,391.0,3.0698584879493542
70,0.0010588012874755,-3.731807990805524,4.1834321,4.047775700000001,4.164173786666667,14.249436664994985,1680.0742002780316,15,4.1834321,4.047775700000001,-0.1356563999999993,1680.0742002780316,15,0.876682860253092,390.0,3.068390010885822
71,0.0010600784782411,-3.731861668030815,4.1834321,4.0477366,4.16420536,14.249728955290678,1680.0802002800629,15,4.1834321,4.0477366,-0.1356954999999997,1680.0802002800629,15,0.8763339575127895,389.0,3.0671688512947632
72,0.0010625097733917,-3.731090667414819,4.1834717,4.0476971,4.1642920199999995,14.245206124642152,1680.0802002828568,15,4.1834717,4.0476971,-0.1357746000000004,1680.0802002828568,15,0.8760113095315214,388.0,3.066039583360325
73,0.0010401769784068,-3.729270639702468,4.1835108,4.0489964,4.16434446,14.236272368503876,1680.076200281037,15,4.1835108,4.0489964,-0.1345143999999996,1680.076200281037,15,0.8756222334125815,387.0,3.064677816944035
74,0.0010611211715771,-3.728023280416879,4.1834321,4.047500100000001,4.1639927,14.229694560786683,1680.0742002818731,15,4.1834321,4.047500100000001,-0.1359319999999995,1680.0742002818731,15,0.8752176344550241,386.0,3.0632617205925845
75,0.0010639196039825,-3.731437767300436,4.183393,4.0474215,4.16409776,14.247806741693063,1680.0842002779243,15,4.183393,4.0474215,-0.1359715000000001,1680.0842002779243,15,0.8748586378255592,385.0,3.062005232389457
76,0.0010638803675152,-3.732991081562049,4.1832747,4.0474215,4.164108266666667,14.255223778077225,1680.0742002818731,15,4.1832747,4.0474215,-0.1358532000000005,1680.0742002818731,15,0.874499259752527,384.0,3.060747409133844
77,0.0010428641325239,-3.728646877864235,4.1834321,4.0486817,4.164173860000001,14.233487252731615,1680.0742002772167,15,4.1834321,4.0486817,-0.1347503999999997,1680.0742002772167,15,0.8741435477097674,383.0,3.059502416984186
78,0.0010628777394488,-3.730542890333633,4.1833138,4.0474215,4.16403212,14.242593147675372,1680.0762002831325,15,4.1833138,4.0474215,-0.1358923,1680.0762002831325,15,0.8737569388908255,382.0,3.058149286117889
79,0.0010645769164792,-3.731310515121323,4.1831961,4.0472245,4.163935026666667,14.246630069063237,1680.0702002791222,15,4.1831961,4.0472245,-0.1359716000000004,1680.0702002791222,15,0.8734273194854064,381.0,3.0569956181989224
80,0.0010663116200295,-3.733262516552299,4.1831174,4.0470276,4.1638509333333324,14.257402357936884,1680.0942002828233,15,4.1831174,4.0470276,-0.1360898000000006,1680.0942002828233,15,0.8730604960813106,380.0,3.055711736284587
81,0.0010680508721709,-3.73205642967523,4.1831961,4.0470276,4.163934966666667,14.250557115701913,1680.0922002810985,15,4.1831961,4.0470276,-0.1361685000000001,1680.0922002810985,15,0.8727542046931579,379.0,3.0546397164260526
82,0.0010638673248969,-3.7314883126094633,4.1832747,4.0473032,4.1639769866666665,14.24803395468659,1680.0922002829611,15,4.1832747,4.0473032,-0.1359715000000001,1680.0922002829611,15,0.8723868844467312,378.0,3.053354095563559
83,0.0010878247456802,-3.73429222176955,4.1833138,4.045925100000001,4.16392972,14.26248269575316,1680.0882002781143,15,4.1833138,4.045925100000001,-0.1373886999999989,1680.0882002781143,15,0.8720717492861019,377.0,3.0522511225013567
84,0.0010664030736478,-3.731554524303248,4.1830778,4.0469885,4.163801126666666,14.247838795396865,1680.0842002830468,15,4.1830778,4.0469885,-0.1360893,1680.0842002830468,15,0.8716360097244703,376.0,3.050726034035646
85,0.0010687378070366,-3.731053829530328,4.1832352,4.0469885,4.163924466666667,14.24515136160674,1680.0822002792263,15,4.1832352,4.0469885,-0.1362467,1680.0822002792263,15,0.8714297581816565,375.0,3.050004153635798
86,0.0010675345414017,-3.729521573018444,4.1832747,4.0470276,4.16388508,14.237724659699804,1680.0802002814598,15,4.1832747,4.0470276,-0.1362471000000003,1680.0802002814598,15,0.8710928012878991,374.0,3.048824804507647
87,0.0010712256262431,-3.7295615774984463,4.1833534,4.046870200000001,4.16392972,14.23781005805077,1680.080200283788,15,4.1833534,4.046870200000001,-0.1364831999999989,1680.080200283788,15,0.8707236365121609,373.0,3.047532727792563
88,0.0010709674398317,-3.7290826751768855,4.1832352,4.0467129,4.16375382,14.23509747855832,1680.0842002811842,15,4.1832352,4.0467129,-0.1365223000000002,1680.0842002811842,15,0.8703178098392934,372.0,3.046112334437527
89,0.0010712247597074,-3.729860402293125,4.1831174,4.0466337,4.16369602,14.2395547310386,1680.0822002782952,15,4.1831174,4.0466337,-0.1364837000000003,1680.0822002782952,15,0.8699456050322434,371.0,3.044809617612852
90,0.0010901634070995,-3.732498157968904,4.1830778,4.04561,4.163724933333333,14.252595807234076,1680.0862002833746,15,4.1830778,4.04561,-0.1374678000000004,1680.0862002833746,15,0.8697041046290229,370.0,3.04396436620158
91,0.0010681698893168,-3.7294798613755376,4.1830778,4.0467916,4.16368294,14.237098014051869,1680.0822002778295,15,4.1830778,4.0467916,-0.1362862000000007,1680.0822002778295,15,0.8694630558381781,369.0,3.043120695433623
92,0.0010690093298549,-3.7256735469830544,4.1831961,4.0467129,4.163617293333333,14.21754290021834,1680.0822002808563,15,4.1831961,4.0467129,-0.1364831999999998,1680.0822002808563,15,0.8691675332494349,368.0,3.042086366373022
93,0.0010718923945712,-3.72789070351105,4.1831174,4.0466337,4.163714486666667,14.228657905104368,1680.0802002819255,15,4.1831174,4.0466337,-0.1364837000000003,1680.0802002819255,15,0.8687628736645897,367.0,3.040670057826064
94,0.0010712364201949,-3.729784102707314,4.1831174,4.0466733,4.163735426666667,14.239020672044065,1680.0862002840731,15,4.1831174,4.0466733,-0.1364441000000003,1680.0862002840731,15,0.8684644478111051,366.0,3.039625567338868
95,0.0010719080551917,-3.728004322623265,4.1829991,4.0464368,4.16352018,14.229839028014789,1680.102200285066,15,4.1829991,4.0464368,-0.1365622999999995,1680.102200285066,15,0.8680329245826366,365.0,3.038115236039228
96,0.0010729248611254,-3.730352618381017,4.1831174,4.046555000000001,4.16371446,14.242109142734911,1680.0982002818491,15,4.1831174,4.046555000000001,-0.1365623999999998,1680.0982002818491,15,0.8678559559713316,364.0,3.0374958458996604
97,0.0010696405762826,-3.729567814847317,4.1830778,4.0467129,4.163685546666667,14.237618952314,1680.104200284928,15,4.1830778,4.0467129,-0.1363649000000002,1680.104200284928,15,0.8675250973758374,363.0,3.0363378408154307
98,0.0010724672929163,-3.7281259049731794,4.1830778,4.0464764,4.1635910266666665,14.230209534795478,1680.1002002840396,15,4.1830778,4.0464764,-0.1366013999999999,1680.1002002840396,15,0.8672125911355646,362.0,3.035244068974476
99,0.001075312602832,-3.7274082098579457,4.1828413,4.0460434,4.1633075733333325,14.226898746769294,1680.1022002839018,15,4.1828413,4.0460434,-0.1367978999999994,1680.1022002839018,15,0.8667474162920465,361.0,3.033615957022163
100,0.0010759929409898,-3.7298327583020727,4.1830382,4.0462008,4.163522746666667,14.23913811823642,1680.0902002826333,15,4.1830382,4.0462008,-0.1368374000000001,1680.0902002826333,15,0.8665502755804732,360.0,3.032925964531656
101,0.0010756760586331,-3.728544987409169,4.1828809,4.0461221,4.163415179999999,14.232150357565114,1680.0902002791408,15,4.1828809,4.0461221,-0.1367587999999999,1680.0902002791408,15,0.8662463698252266,359.0,3.031862294388293
103,0.0010796248266349,-3.724597244345138,4.1831174,4.045925100000001,4.163399406666667,14.212206845556338,1680.0782002808992,15,4.1831174,4.045925100000001,-0.1371922999999997,1680.0782002808992,15,0.8660145105849292,357.0,3.0310507870472523
104,0.0010789686047797,-3.72785966968725,4.1829205,4.0459642,4.16343086,14.22875333934677,1680.0822002864445,15,4.1829205,4.0459642,-0.1369562999999996,1680.0822002864445,15,0.8656487121401061,356.0,3.0297704924903712
105,0.0010788617298897,-3.725793074411892,4.182959599999999,4.045925100000001,4.1633679133333334,14.218051807403498,1680.094200283056,15,4.182959599999999,4.045925100000001,-0.1370344999999986,1680.094200283056,15,0.8653032179563879,355.0,3.0285612628473575
106,0.001078171499914,-3.727352608973421,4.1828413,4.0458069,4.16322616,14.226474987813518,1680.090200278908,15,4.1828413,4.0458069,-0.1370344000000001,1680.090200278908,15,0.8648885963785806,354.0,3.027110087325032
107,0.0010781099246978,-3.724144605311664,4.182959599999999,4.0458465,4.163234106666667,14.209628088296949,1680.0882002848666,15,4.182959599999999,4.0458465,-0.1371130999999996,1680.0882002848666,15,0.8646036334526132,353.0,3.026112717084146
108,0.0010795381047406,-3.7266901647496775,4.1829205,4.0458856,4.163373193333333,14.22280155610632,1680.0842002832796,15,4.1829205,4.0458856,-0.1370348999999997,1680.0842002832796,15,0.8643767989424064,352.0,3.0253187962984223
109,0.0010803976751663,-3.723145786195416,4.1827626,4.0454917,4.162995093333333,14.204472005153612,1680.0842002818829,15,4.1827626,4.0454917,-0.1372708999999998,1680.0842002818829,15,0.8639232720784905,351.0,3.023731452274717
110,0.0010805470516412,-3.726436543252031,4.1828022,4.0456886,4.163228786666667,14.22142532244607,1680.0842002779243,15,4.1828022,4.0456886,-0.1371136000000001,1680.0842002779243,15,0.8637283558907646,350.0,3.023049245617676
111,0.0010799493560369,-3.725617760584225,4.1828809,4.0457282,4.163228786666667,14.217252466929008,1680.0822002808563,15,4.1828809,4.0457282,-0.1371526999999996,1680.0822002808563,15,0.8634586871884309,349.0,3.022105405159508
112,0.0010793629023782,-3.7277157635609135,4.1828022,4.0457282,4.1632156600000005,14.228485088298925,1680.0842002821155,15,4.1828022,4.0457282,-0.1370740000000001,1680.0842002821155,15,0.8632175233884397,348.0,3.021261331859539
113,0.0011006910514998,-3.727194524192933,4.1828413,4.0444679,4.163105353333334,14.225373787698498,1680.090200282866,15,4.1828413,4.0444679,-0.1383733999999998,1680.090200282866,15,0.8628868636221944,347.0,3.02010402267768
114,0.0010847199121383,-3.727193789884123,4.1829205,4.0454917,4.163265486666667,14.225550009192196,1680.0822002780624,15,4.1829205,4.0454917,-0.1374287999999994,1680.0822002780624,15,0.8627362354822743,346.0,3.01957682418796
115,0.0010814922832655,-3.7256496747496546,4.1828413,4.04561,4.163194613333332,14.217295940720064,1680.0802002809942,15,4.1828413,4.04561,-0.1372312999999998,1680.0802002809942,15,0.8624279018282631,345.0,3.018497656398921
116,0.0010813149017609,-3.7252275275197175,4.1827626,4.0455709,4.163142233333334,14.215130632979232,1680.074200280942,15,4.1827626,4.0455709,-0.1371916999999998,1680.074200280942,15,0.8620953531820829,344.0,3.01733373613729
117,0.0010828250737112,-3.726349205114613,4.1828022,4.0455313,4.163194646666667,14.22105122635424,1680.0782002818305,15,4.1828022,4.0455313,-0.1372708999999998,1680.0782002818305,15,0.8618551608096557,343.0,3.016493062833795
118,0.0010832961288478,-3.7250285485265704,4.1827626,4.0454917,4.163168426666667,14.213686658112367,1680.0822002820205,15,4.1827626,4.0454917,-0.1372708999999998,1680.0822002820205,15,0.8615757746549864,342.0,3.015515211292452
119,0.0010822131878771,-3.7256640585175655,4.1827626,4.0455313,4.163155300000001,14.217407844566203,1680.084200280951,15,4.1827626,4.0455313,-0.1372312999999998,1680.084200280951,15,0.8612985347700045,341.0,3.0145448716950156
120,0.0010852663351511,-3.724127105686488,4.1827626,4.045295200000001,4.16307126,14.209226766959937,1680.0922002841253,15,4.1827626,4.045295200000001,-0.1374673999999993,1680.0922002841253,15,0.8609779000385974,340.0,3.013422650135091
121,0.0011053008843511,-3.730219685886262,4.1828809,4.0441923,4.16310536,14.241621456218574,1680.0942002837546,15,4.1828809,4.0441923,-0.1386886,1680.0942002837546,15,0.8607701534267262,339.0,3.012695536993542
122,0.0011075502535155,-3.7302138078925697,4.1828022,4.044074500000001,4.163107953333333,14.24118912862173,1680.086200281512,15,4.1828022,4.044074500000001,-0.1387276999999995,1680.086200281512,15,0.8605313242148366,338.0,3.011859634751928
123,0.0010860084225682,-3.724557792557321,4.1827235,4.0451374,4.162958359999999,14.212151443217252,1680.0862002840731,15,4.1827235,4.0451374,-0.1375861,1680.0862002840731,15,0.8601486521213884,337.0,3.010520282424859
124,0.0010848178732678,-3.726018905094944,4.1827235,4.0453739,4.163142193333333,14.219024448481507,1680.086200282909,15,4.1827235,4.0453739,-0.1373495999999994,1680.086200282909,15,0.8600392737283377,336.0,3.010137458049182
125,0.001088799500168,-3.726251405957571,4.1826053,4.0449405,4.162926833333334,14.22031048904492,1680.094200280029,15,4.1826053,4.0449405,-0.1376647999999996,1680.094200280029,15,0.8596359924566354,335.0,3.008725973598224
126,0.0010858746875374,-3.7233472753722183,4.1828413,4.0452161,4.163018779999999,14.20556510873902,1680.092200285988,15,4.1828413,4.0452161,-0.1376251999999995,1680.092200285988,15,0.8594047802067061,334.0,3.0079167307234713
127,0.0010865643177455,-3.7235768832248946,4.182644799999999,4.0450587,4.162900613333333,14.206595782663744,1680.0882002825383,15,4.182644799999999,4.0450587,-0.1375860999999991,1680.0882002825383,15,0.8591036162126038,333.0,3.0068626567441132
128,0.0010888401061588,-3.7223635240385926,4.1826053,4.0447831,4.16273792,14.200487242254392,1680.0962002831511,15,4.1826053,4.0447831,-0.1378221999999995,1680.0962002831511,15,0.8587706066651554,332.0,3.005697123328044
129,0.0010881490475898,-3.7245367016781143,4.1826053,4.0449405,4.162876986666668,14.211763573591313,1680.0942002828233,15,4.1826053,4.0449405,-0.1376647999999996,1680.0942002828233,15,0.8586087171320457,331.0,3.00513050996216
130,0.0011100726228306,-3.7249652408285097,4.1827235,4.043602,4.162724773333332,14.214272138659716,1680.096200286178,15,4.1827235,4.043602,-0.1391214999999999,1680.096200286178,15,0.858364360420968,330.0,3.004275261473388
131,0.0010891167955126,-3.724528991754061,4.182644799999999,4.0448618,4.162850786666667,14.211841319607174,1680.076200277079,15,4.182644799999999,4.0448618,-0.1377829999999997,1680.076200277079,15,0.8581099881162426,329.0,3.003384958406849
132,0.0010916857500809,-3.723303440517672,4.1825657,4.0446258,4.162743133333334,14.205517731630891,1680.0782002802007,15,4.1825657,4.0446258,-0.1379398999999992,1680.0782002802007,15,0.8578610358843318,328.0,3.0025136255951614
133,0.0010879747651531,-3.7220317074940215,4.182487,4.0447435,4.16264858,14.198794387137124,1680.0922002824957,15,4.182487,4.0447435,-0.1377435,1680.0922002824957,15,0.8576013167496358,327.0,3.001604608623725
134,0.0011131013336017,-3.726601173717884,4.1825657,4.0434051,4.162703779999999,14.221961683334044,1680.0962002840824,15,4.1825657,4.0434051,-0.1391605999999994,1680.0962002840824,15,0.8573751730120758,326.0,3.000813105542265
135,0.0011093746920838,-3.7274278624632378,4.1826053,4.0435624,4.1626696333333335,14.227118237626993,1680.086200280115,15,4.1826053,4.0435624,-0.1390428999999997,1680.086200280115,15,0.8571358262180675,325.0,2.999975391763236
136,0.0010913311515935,-3.7246065621241953,4.1825657,4.0446649,4.162774593333333,14.212341908386314,1680.0862002777867,15,4.1825657,4.0446649,-0.1379007999999997,1680.0862002777867,15,0.8569230994064281,324.0,2.9992308479224983
137,0.0010923296459474,-3.72126660041372,4.1824083,4.0444288,4.16256198,14.19413792162947,1680.0862002819777,15,4.1824083,4.0444288,-0.1379794999999992,1680.0862002819777,15,0.856580296962077,323.0,2.9980310393672696
138,0.0010895818637174,-3.722560876155606,4.1825266,4.0446649,4.16266178,14.201625746988912,1680.088200281607,15,4.1825266,4.0446649,-0.1378617000000002,1680.088200281607,15,0.8563725675468906,322.0,2.997303986414117
139,0.0010917555579823,-3.722610203390408,4.182487,4.0445471,4.162661666666667,14.201571739872623,1680.0842002793215,15,4.182487,4.0445471,-0.1379399000000001,1680.0842002793215,15,0.8560949778428822,321.0,2.996332422450088
140,0.0010930351756583,-3.721049799529916,4.1823297,4.0443106,4.162480546666668,14.193407793951303,1680.0806981143542,15,4.1823297,4.0443106,-0.1380191000000001,1680.0806981143542,15,0.8557840563870674,320.0,2.995244197354736
141,0.0011176637753574,-3.7233338276065786,4.1825657,4.0430112000000005,4.16252518,14.20510895640484,1680.086698119063,15,4.1825657,4.0430112000000005,-0.1395544999999991,1680.086698119063,15,0.8556319510456183,319.0,2.994711828659664
142,0.0010941100204988,-3.7201398167661774,4.1825266,4.0443106,4.16253048,14.188621727735171,1680.090698249638,15,4.1825266,4.0443106,-0.1382159999999999,1680.090698249638,15,0.8553755907287403,318.0,2.993814567550591
143,0.0010937802534198,-3.7200717767278135,4.182487,4.0443501,4.1625515533333335,14.188225316992211,1680.0906980857253,15,4.182487,4.0443501,-0.1381369000000001,1680.0906980857253,15,0.8551693706877784,317.0,2.993092797407225
144,0.0011159082627082,-3.7239115269900087,4.1823692,4.0429325,4.1623572399999995,14.207755274764455,1680.0926981568336,15,4.1823692,4.0429325,-0.1394367,1680.0926981568336,15,0.8548526063554462,316.0,2.991984122244062
145,0.0010948511161252,-3.7195319272033016,4.182251,4.044074500000001,4.162328433333333,14.184962415864735,1680.0926981335506,15,4.182251,4.044074500000001,-0.1381764999999992,1680.0926981335506,15,0.8545701939754615,315.0,2.990995678914115
146,0.001093656034642,-3.7203000504805424,4.1822901,4.0442319,4.162428093333333,14.188975764999167,1680.0746982451528,15,4.1822901,4.0442319,-0.1380582000000005,1680.0746982451528,15,0.8544476386964062,314.0,2.9905667354374215
147,0.0010962847979495,-3.719261020413725,4.1824083,4.044074500000001,4.162404466666667,14.184347190433613,1680.082698249258,15,4.1824083,4.044074500000001,-0.1383337999999989,1680.082698249258,15,0.8542050621424698,313.0,2.989717717498644
148,0.0010965654865057,-3.71917858570185,4.1822901,4.0439954,4.1623388,14.183151030236832,1680.0786982420832,15,4.1822901,4.0439954,-0.1382947000000003,1680.0786982420832,15,0.8539591247168751,312.0,2.988856936509063
149,0.0010970747260882,-3.7187168804147617,4.1821723,4.043838,4.16220504,14.180937601499409,1680.0806981329806,15,4.1821723,4.043838,-0.1383343000000003,1680.0806981329806,15,0.8536723981892897,311.0,2.987853393662514
150,0.0010972408626078,-3.721240149015109,4.1821723,4.043838,4.162236526666666,14.19423401953177,1680.078698117286,15,4.1821723,4.043838,-0.1383343000000003,1680.078698117286,15,0.853508575880146,310.0,2.987280015580511
151,0.001094000369632,-3.719324747717202,4.1821723,4.0439954,4.162202326666668,14.184485206793152,1680.0766982417554,15,4.1821723,4.0439954,-0.1381769000000003,1680.0766982417554,15,0.8532903939317104,309.0,2.986516378760986
152,0.0010971003738512,-3.72054725378284,4.1823297,4.0439167000000005,4.162302053333333,14.191054647119303,1680.0906982542947,15,4.1823297,4.0439167000000005,-0.1384129999999999,1680.0906982542947,15,0.853052916915729,308.0,2.9856852092050516
154,0.0010979499657666,-3.71633302317285,4.1823297,4.0437984,4.162191833333333,14.168794933321012,1680.112698238343,15,4.1823297,4.0437984,-0.1385313000000003,1680.112698238343,15,0.8529162696916466,306.0,2.985206943920763
155,0.0011228462483992,-3.721150437523419,4.1821327,4.0422235,4.161994926666668,14.1939086899664,1680.1226980662905,15,4.1821327,4.0422235,-0.1399091999999999,1680.1226980662905,15,0.8525441452897146,305.0,2.983904508514001
156,0.0011243290234054,-3.7222676233091057,4.1821723,4.0421844,4.162044840000001,14.199683851225618,1680.1286981301382,15,4.1821723,4.0421844,-0.1399879000000004,1680.1286981301382,15,0.8522915245514014,304.0,2.983020335929905
157,0.0011023477469063,-3.7188925902862513,4.1821327,4.0434051,4.162058006666666,14.18201330752209,1680.092698215507,15,4.1821327,4.0434051,-0.1387276000000001,1680.092698215507,15,0.8519900336091742,303.0,2.98196511763211
158,0.0011014532220659,-3.717290917874993,4.1821327,4.043444200000001,4.16203432,14.173352772850176,1680.0866982517764,15,4.1821327,4.043444200000001,-0.1386884999999997,1680.0866982517764,15,0.8517319894163877,302.0,2.981061962957357
159,0.0011238921566763,-3.722796450105905,4.182251,4.0421844,4.162026473333333,14.202620937360066,1680.0866982145235,15,4.182251,4.0421844,-0.1400665999999999,1680.0866982145235,15,0.8515907008629794,301.0,2.980567453020428
160,0.0011014300536659,-3.718867416868849,4.1821327,4.043444200000001,4.16204748,14.18188160077962,1680.0826981803402,15,4.1821327,4.043444200000001,-0.1386884999999997,1680.0826981803402,15,0.8513294104532495,300.0,2.979652936586373
161,0.0011032752743755,-3.7185921205221537,4.1821327,4.0433655,4.162065853333333,14.180602227839486,1680.0806981031783,15,4.1821327,4.0433655,-0.1387672000000002,1680.0806981031783,15,0.8510837175230188,299.0,2.978793011330566
162,0.0011245121021374,-3.721178486154192,4.1823297,4.0422235,4.162084179999999,14.194224242466188,1680.082698151935,15,4.1823297,4.0422235,-0.1401061999999999,1680.082698151935,15,0.8509096286612955,298.0,2.9781837003145344
163,0.0011034576153192,-3.7163645222815855,4.182054,4.043247200000001,4.161937206666667,14.168708709275156,1680.080698243808,15,4.182054,4.043247200000001,-0.1388067999999993,1680.080698243808,15,0.8505566816446953,297.0,2.9769483857564336
164,0.0011041531702211,-3.717932575995588,4.1822114,4.0432868,4.16202906,14.177608763682034,1680.0786981070414,15,4.1822114,4.0432868,-0.1389246000000001,1680.0786981070414,15,0.8504412558865795,296.0,2.976544395603028
165,0.0011286719178849,-3.7222760780116233,4.182014499999999,4.0416722,4.1617639266666675,14.199718623820136,1680.0866982415318,15,4.182014499999999,4.0416722,-0.1403422999999994,1680.0866982415318,15,0.8501397141989094,295.0,2.975488999696183
166,0.001126639713354,-3.722352778799492,4.182054,4.041869200000001,4.161853186666667,14.199914140479446,1680.0826981961727,15,4.182054,4.041869200000001,-0.1401847999999992,1680.0826981961727,15,0.8500102124512094,294.0,2.975035743579233
167,0.0011044229088149,-3.714478241846749,4.1822114,4.0431294,4.161855826666667,14.15991848046126,1680.0766981081106,15,4.1822114,4.0431294,-0.1390820000000001,1680.0766981081106,15,0.8497098235781718,293.0,2.9739843825236014
168,0.0011249015330038,-3.720646740809729,4.1819358,4.0419087,4.161784933333333,14.191083959947768,1680.080698095262,15,4.1819358,4.0419087,-0.1400271000000001,1680.080698095262,15,0.8496801937977428,292.0,2.9738806782921
169,0.0011062296886806,-3.71820939431336,4.1819754,4.0430503,4.161905726666666,14.17833413141797,1680.0806982116774,15,4.1819754,4.0430503,-0.1389250999999998,1680.0806982116774,15,0.8494368304904906,291.0,2.973028906716717
170,0.0011034975651542,-3.717857109303625,4.182014499999999,4.0431685,4.1618742,14.176725960100942,1680.074698112905,15,4.182014499999999,4.0431685,-0.1388459999999991,1680.074698112905,15,0.8491622226515211,290.0,2.972067779280324
171,0.0011048058981217,-3.7184956232026942,4.1819754,4.0430503,4.161832179999999,14.18016744826173,1680.0766981495544,15,4.1819754,4.0430503,-0.1389250999999998,1680.0766981495544,15,0.8489486494893592,289.0,2.9713202732127573
172,0.0011069063235283,-3.715240826851988,4.1818571,4.042774700000001,4.161640546666667,14.163257110212092,1680.0726981172338,15,4.1818571,4.042774700000001,-0.1390823999999995,1680.0726981172338,15,0.8486759664178366,288.0,2.970365882462428
173,0.001108060755384,-3.716235625176699,4.1818571,4.0427356,4.161671986666668,14.168224849744275,1680.072698108852,15,4.1818571,4.0427356,-0.1391214999999999,1680.072698108852,15,0.8484101555142846,287.0,2.969435544299996
174,0.001130729510852,-3.720030486239149,4.1819754,4.0415149,4.161695773333334,14.187930802963049,1680.0866981521249,15,4.1819754,4.0415149,-0.1404604999999996,1680.0866981521249,15,0.8482239059499405,286.0,2.968783670824791
175,0.0011077502355349,-3.715656728876772,4.1818967,4.0426569,4.1615722733333325,14.165849357206708,1680.086698149331,15,4.1818967,4.0426569,-0.1392398000000003,1680.086698149331,15,0.8478920772270663,285.0,2.967622270294732
176,0.0011087064031888,-3.717281458910591,4.1819754,4.0427356,4.16171672,14.174287226265882,1680.0806981287897,15,4.1819754,4.0427356,-0.1392397999999994,1680.0806981287897,15,0.8478241137434901,284.0,2.967384398102215
177,0.0011065677986697,-3.715268076261513,4.1818571,4.0428143,4.16166156,14.162892101915324,1680.080698247999,15,4.1818571,4.0428143,-0.1390428000000003,1680.080698247999,15,0.847583146989126,283.0,2.966541014461941
178,0.0011110793701554,-3.711945735507093,4.181738899999999,4.0423417,4.16140166,14.145831584742885,1680.080698239617,15,4.181738899999999,4.0423417,-0.1393971999999994,1680.080698239617,15,0.8473148947351271,282.0,2.965602131572945
179,0.0011094371053483,-3.715590292108057,4.1816998,4.04246,4.161464686666666,14.165020285011227,1680.0846982225776,15,4.1816998,4.04246,-0.1392397999999994,1680.0846982225776,15,0.8470536766693019,281.0,2.9646878683425566
180,0.0011087727854697,-3.7158384478749817,4.1818175,4.042696,4.16166676,14.165911249644664,1680.0946981264278,15,4.1818175,4.042696,-0.1391214999999999,1680.0946981264278,15,0.8469472179992091,280.0,2.964315262997232
181,0.0011109789236988,-3.7148695467629222,4.1818967,4.042499100000001,4.16158022,14.16143043043991,1680.0986980721354,15,4.1818967,4.042499100000001,-0.1393975999999996,1680.0986980721354,15,0.8467065276658221,279.0,2.9634728468303773
182,0.0011117774566952,-3.714178027944984,4.1818175,4.0423813,4.161498866666667,14.157681330400411,1680.0946980984882,15,4.1818175,4.0423813,-0.1394362000000004,1680.0946980984882,15,0.8464453810716606,278.0,2.962558833750812
183,0.0011116185282335,-3.715196979759867,4.1816206,4.042263,4.161380706666667,14.162654759348918,1680.076698119752,15,4.1816206,4.042263,-0.1393575999999994,1680.076698119752,15,0.8462434277464274,277.0,2.961851997112496
184,0.0011113583354795,-3.716145295535325,4.1816602,4.0423417,4.161454233333334,14.167810060750517,1680.0806982321665,15,4.1816602,4.0423417,-0.1393184999999999,1680.0806982321665,15,0.84608949461108,276.0,2.96131323113878
185,0.0011559200879438,-3.721405012898317,4.1818571,4.0398216,4.161346533333332,14.195281912806983,1680.100698068738,15,4.1818571,4.0398216,-0.1420355000000004,1680.100698068738,15,0.8458892762845659,275.0,2.960612466995981
186,0.0011362866643892,-3.714990763888204,4.181738899999999,4.040805799999999,4.1612362733333335,14.161737087292654,1680.096698240377,15,4.181738899999999,4.040805799999999,-0.1409330999999998,1680.096698240377,15,0.8455696788626534,274.0,2.959493876019287
187,0.00113619677698,-3.7186948501401096,4.1815815,4.0407667,4.1612258,14.181018009370252,1680.1026980653403,15,4.1815815,4.0407667,-0.1408148000000002,1680.1026980653403,15,0.8453803871433615,273.0,2.9588313550017653
188,0.0011351677173863,-3.716286951359872,4.181738899999999,4.0409241,4.161307173333333,14.16865430036533,1680.0986982192844,15,4.181738899999999,4.0409241,-0.1408147999999993,1680.0986982192844,15,0.8452516429144187,272.0,2.9583807502004653
189,0.0011152516243583,-3.7139427647729626,4.1816206,4.0419478,4.161249313333333,14.156518133793028,1680.0886982488446,15,4.1816206,4.0419478,-0.1396727999999996,1680.0886982488446,15,0.8450140004127519,271.0,2.9575490014446317
190,0.0011147414925092,-3.7138482709873464,4.1816602,4.0420265,4.161299293333333,14.15559093295154,1680.0886981613005,15,4.1816602,4.0420265,-0.1396336999999992,1680.0886981613005,15,0.8448329699900794,270.0,2.9569153949652778
191,0.0011143281210552,-3.71467305755889,4.1817784,4.0421057000000005,4.1613649666666666,14.160841099182605,1680.0906980782747,15,4.1817784,4.0421057000000005,-0.1396726999999993,1680.0906980782747,15,0.8446611503987634,269.0,2.956314026395672
192,0.0011125416824312,-3.7147158646609415,4.1816602,4.0422235,4.161385913333333,14.159805035210848,1680.0886980891228,15,4.1816602,4.0422235,-0.1394366999999992,1680.0886980891228,15,0.8445085028441603,268.0,2.955779759954561
193,0.00111478714771,-3.712982006466294,4.1815028,4.0419087,4.1611759,14.150836432136344,1680.086698117666,15,4.1815028,4.0419087,-0.1395941,1680.086698117666,15,0.8441554409696259,267.0,2.9545440433936907
194,0.0011145722821011,-3.711578322235878,4.1815419,4.0419087,4.16115226,14.143837774105606,1680.090698253829,15,4.1815419,4.0419087,-0.1396332000000004,1680.090698253829,15,0.8439606591669,266.0,2.95386230708415
195,0.0011142746630655,-3.71356970974785,4.1816602,4.0419874,4.161233646666667,14.154843921787414,1680.0866981637664,15,4.1816602,4.0419874,-0.1396727999999996,1680.0866981637664,15,0.8438649590563775,265.0,2.9535273566973212
196,0.0011151249715366,-3.7128764515377393,4.1816206,4.041869200000001,4.161154866666666,14.151344855148448,1680.0766981951892,15,4.1816206,4.041869200000001,-0.1397513999999988,1680.0766981951892,15,0.8436737340072391,264.0,2.952858069025337
197,0.0011154515778497,-3.711583400311295,4.1815815,4.041869200000001,4.161160213333333,14.144153907936523,1680.0786981587298,15,4.1815815,4.041869200000001,-0.1397122999999993,1680.0786981587298,15,0.8434526182570297,263.0,2.952084163899604
198,0.001116840800954,-3.713233733115244,4.1815815,4.0417118,4.161091953333333,14.152876680918856,1680.0746981045231,15,4.1815815,4.0417118,-0.1398697000000002,1680.0746981045231,15,0.8431936484519543,262.0,2.95117776958184
199,0.0011163759643797,-3.71287553541221,4.1815028,4.0417905,4.16114184,14.150384310907413,1680.0866982489824,15,4.1815028,4.0417905,-0.1397122999999993,1680.0866982489824,15,0.8430419837863113,261.0,2.9506469432520896
200,0.0011210183169649,-3.710978535297832,4.1814241,4.041357,4.1609395933333335,14.14079196741616,1680.0806981623173,15,4.1814241,4.041357,-0.1400671000000004,1680.0806981623173,15,0.842769545305137,260.0,2.94969340856798
201,0.0011162448912757,-3.712799073241941,4.1813846,4.0416722,4.1610157999999995,14.14995634692627,1680.086698117666,15,4.1813846,4.0416722,-0.1397124000000005,1680.086698117666,15,0.8426722168055563,259.0,2.949352758819447
202,0.0011170361480549,-3.71061124249633,4.1815419,4.0416722,4.161039373333334,14.13922418167515,1680.0986982509494,15,4.1815419,4.0416722,-0.1398697000000002,1680.0986982509494,15,0.8424919916675977,258.0,2.948721970836592
203,0.0011424227361755,-3.713548342493199,4.1816206,4.0402155,4.1609580133333335,14.154503119784362,1680.0866981563158,15,4.1816206,4.0402155,-0.1414050999999991,1680.0866981563158,15,0.8422796540710252,257.0,2.947978789248588
205,0.0011458972482609,-3.713625143544887,4.1814241,4.0398216,4.160748033333333,14.154720710134423,1680.1186980679631,15,4.1814241,4.0398216,-0.1416025000000003,1680.1186980679631,15,0.842102867974292,255.0,2.947360037910022
206,0.0011454636289963,-3.709225679789792,4.1814241,4.0398216,4.160685026666666,14.13159468375547,1680.1066981442273,15,4.1814241,4.0398216,-0.1416025000000003,1680.1066981442273,15,0.8417635441050886,254.0,2.94617240436781
207,0.0011215608000366,-3.710065039693603,4.1814241,4.0412784,4.160881866666666,14.136143727526598,1680.0966981127858,15,4.1814241,4.0412784,-0.1401456999999997,1680.0966981127858,15,0.8416264316266352,253.0,2.945692510693223
208,0.001167048697244,-3.717111058474097,4.181344999999999,4.03864,4.1607085533333334,14.17232763138415,1680.0986982164904,15,4.181344999999999,4.03864,-0.1427049999999994,1680.0986982164904,15,0.8414068613709077,252.0,2.944924014798177
209,0.0011245371394263,-3.709041572646022,4.1812663,4.0408845,4.1606376733333335,14.131044814785572,1680.0706981667315,15,4.1812663,4.0408845,-0.1403818000000001,1680.0706981667315,15,0.8410626155212589,251.0,2.9437191543244063
210,0.0011217151246685,-3.709106104760475,4.1814632000000005,4.0411997,4.1608031,14.131401466097673,1680.0706981131807,15,4.1814632000000005,4.0411997,-0.1402635000000005,1680.0706981131807,15,0.8409962136379278,250.0,2.9434867477327473
211,0.0011252835087695,-3.709284717923936,4.1813059,4.0409636,4.160758466666666,14.132121687831138,1680.0946981459856,15,4.1813059,4.0409636,-0.1403422999999994,1680.0946981459856,15,0.8407875062864664,249.0,2.942756272002632
212,0.0011239513449278,-3.710486908350203,4.181344999999999,4.0410814,4.160816226666666,14.138441155445657,1680.094698249828,15,4.181344999999999,4.0410814,-0.140263599999999,1680.094698249828,15,0.8406144912219821,248.0,2.9421507192769374
213,0.0011484686916035,-3.714949842134828,4.1812272,4.0395851,4.160658773333334,14.161307193830854,1680.082698110491,15,4.1812272,4.0395851,-0.1416421000000003,1680.082698110491,15,0.8404091733303886,247.0,2.94143210665636
214,0.0011491825701617,-3.7140474992664063,4.1811485,4.039546,4.16064828,14.15595939674336,1680.0926981400698,15,4.1811485,4.039546,-0.1416025000000003,1680.0926981400698,15,0.8402375762092316,246.0,2.9408315167323105
215,0.0011265212428598,-3.7093763351315623,4.1812272,4.040845399999999,4.160706113333334,14.131958651143815,1680.0766981812194,15,4.1812272,4.040845399999999,-0.140381800000001,1680.0766981812194,15,0.8399958588475013,245.0,2.9399855059662543
216,0.0011268465430935,-3.710299447117044,4.1811876,4.0407667,4.160653526666667,14.137151629941936,1680.0766981095076,15,4.1811876,4.0407667,-0.1404209000000005,1680.0766981095076,15,0.8397862582885746,244.0,2.939251904010011
217,0.0011288043119149,-3.7089318045050983,4.1812663,4.0406485,4.160627206666666,14.130107316795346,1680.0766981756317,15,4.1812663,4.0406485,-0.1406178000000002,1680.0766981756317,15,0.8395874899377249,243.0,2.938556214782037
218,0.0011241774541766,-3.7104340167409138,4.181108999999999,4.0408845,4.160629866666666,14.137392912304705,1680.080698195845,15,4.181108999999999,4.0408845,-0.1402244999999995,1680.080698195845,15,0.8394101608039201,242.0,2.93793556281372
219,0.0011259982605906,-3.70629274645605,4.1813059,4.040805799999999,4.160611493333333,14.116323689527997,1680.068698246032,15,4.1813059,4.040805799999999,-0.1405001000000005,1680.068698246032,15,0.8392186468122217,241.0,2.937265263842776
220,0.0011301803693945,-3.708969296294951,4.1812272,4.0405302,4.1605826200000005,14.130511007395054,1680.0726981712503,15,4.1812272,4.0405302,-0.1406970000000003,1680.0726981712503,15,0.8390637689460482,240.0,2.9367231913111684
221,0.0011277735105366,-3.707190098380458,4.1811876,4.0406485,4.160556333333334,14.120720553171566,1680.0686981230974,15,4.1811876,4.0406485,-0.1405391000000007,1680.0686981230974,15,0.8388328675370866,239.0,2.9359150363798032
222,0.0011276696582117,-3.7062611169131623,4.1812272,4.0405302,4.160425020000001,14.116591822444557,1680.0686982339248,15,4.1812272,4.0405302,-0.1406970000000003,1680.0686982339248,15,0.8385748245067585,238.0,2.9350118857736547
223,0.0011284063067468,-3.710135546320725,4.181108999999999,4.0406089,4.16057734,14.136397945849016,1680.0686982069165,15,4.181108999999999,4.0406089,-0.1405000999999996,1680.0686982069165,15,0.8384609251863994,237.0,2.934613238152398
224,0.0011030357495214,-3.702363917696075,4.1811876,4.0420265,4.1605694,14.095939171547254,1680.072698152624,15,4.1811876,4.0420265,-0.1391610999999999,1680.072698152624,15,0.8382142487111713,236.0,2.9337498704890996
225,0.0011297542521198,-3.705947910047627,4.181108999999999,4.040372799999999,4.160375186666666,14.1146275685457,1680.074698176235,15,4.181108999999999,4.040372799999999,-0.1407362000000001,1680.074698176235,15,0.8380120677382129,235.0,2.933042237083745
226,0.0011022079782631,-3.701141949929298,4.1813059,4.0421448,4.16063252,14.089735789049907,1680.072698134929,15,4.1813059,4.0421448,-0.1391610999999999,1680.072698134929,15,0.8379332592430487,234.0,2.9327664073506705
227,0.0011034655861209,-3.703618378639644,4.181108999999999,4.0419478,4.160524833333334,14.102364289876617,1680.0726981563494,15,4.181108999999999,4.0419478,-0.1391611999999993,1680.0726981563494,15,0.8377019051283872,233.0,2.931956667949355
228,0.0011310022166235,-3.705657448314624,4.181108999999999,4.0403333,4.160398806666667,14.112724009143156,1680.0766981104389,15,4.181108999999999,4.0403333,-0.1407756999999989,1680.0766981104389,15,0.837519076904181,232.0,2.9313167691646336
229,0.0011028519292817,-3.7002427504025306,4.1811485,4.0419874,4.16050128,14.084697180953729,1680.0806982498616,15,4.1811485,4.0419874,-0.1391610999999999,1680.0806982498616,15,0.8373313711248304,231.0,2.9306597989369063
230,0.0011310147021192,-3.705829143130554,4.1810303,4.0402155,4.160283406666667,14.113763241454851,1680.0906980969012,15,4.1810303,4.0402155,-0.1408147999999993,1680.0906980969012,15,0.8371119372287711,230.0,2.9298917803006987
231,0.0011760187194223,-3.712912033544936,4.1810303,4.0376163,4.160115333333334,14.151040825712212,1680.0926980855877,15,4.1810303,4.0376163,-0.1434139999999999,1680.0926980855877,15,0.8369655355119594,229.0,2.929379374291858
232,0.0011301332074112,-3.7072835251845806,4.1808724,4.0402546,4.160288586666667,14.121123310866228,1680.0846980884671,15,4.1808724,4.0402546,-0.1406178000000002,1680.0846980884671,15,0.8367869149525282,228.0,2.928754202333849
233,0.0011563042551897,-3.7094162320784014,4.181069399999999,4.0387979,4.16023344,14.132446456021032,1680.0886982446536,15,4.181069399999999,4.0387979,-0.1422714999999996,1680.0886982446536,15,0.8366329095104005,227.0,2.928215183286402
234,0.0011331982816554,-3.7074748168355898,4.1809907,4.0400972,4.16029644,14.1228106848512,1680.082698092796,15,4.1809907,4.0400972,-0.1408934999999997,1680.082698092796,15,0.8364763517132854,226.0,2.927667230996499
235,0.001108116154034,-3.6997124954438094,4.1809516,4.0414362,4.16022826,14.08225523258811,1680.0786981456913,15,4.1809516,4.0414362,-0.1395154000000005,1680.0786981456913,15,0.8361853649687658,225.0,2.9266487773906804
236,0.001132088633272,-3.704520045285721,4.180912,4.0400577,4.160170393333333,14.106630767140356,1680.0886981366202,15,4.180912,4.0400577,-0.1408543,1680.0886981366202,15,0.836097472577544,224.0,2.926341154021404
237,0.0011823658257071,-3.710464556664617,4.181069399999999,4.0371833,4.1599893,14.137860367074303,1680.10469821468,15,4.181069399999999,4.0371833,-0.1438860999999995,1680.10469821468,15,0.835903308753991,223.0,2.9256615806389683
238,0.0011577021873788,-3.710071524071203,4.180912,4.0385613,4.16007592,14.135654688689367,1680.1066981977783,15,4.180912,4.0385613,-0.1423507000000006,1680.1066981977783,15,0.8357604395200505,222.0,2.925161538320177
239,0.0011355799335082,-3.704605265441173,4.180793799999999,4.039742899999999,4.16004184,14.10738088458788,1680.0966980680823,15,4.180793799999999,4.039742899999999,-0.1410508999999997,1680.0966980680823,15,0.835544708707915,221.0,2.9244064804777024
240,0.0011586064722545,-3.7088114750359176,4.180912,4.0384431,4.15999452,14.129721974461416,1680.0926982378587,15,4.180912,4.0384431,-0.1424688999999999,1680.0926982378587,15,0.8354230235221344,220.0,2.9239805823274705
241,0.0011356127958974,-3.706186293965776,4.1808333,4.039782,4.16009692,14.11559414414658,1680.0866982229054,15,4.1808333,4.039782,-0.1410513,1680.0866982229054,15,0.8352053333115546,219.0,2.923218666590441
242,0.0011374494987152,-3.7070466505914865,4.1808333,4.0396638,4.160083833333334,14.120134651969543,1680.082698224578,15,4.1808333,4.0396638,-0.1411695000000001,1680.082698224578,15,0.8350594587188432,218.0,2.922708105515951
243,0.0011359820457121,-3.704890241612107,4.180793799999999,4.0397034,4.160026073333333,14.10875773471929,1680.0886981775984,15,4.180793799999999,4.0397034,-0.1410903999999995,1680.0886981775984,15,0.8348521980864797,217.0,2.921982693302679
244,0.0011391150154712,-3.7027138795096985,4.1807547,4.0393491,4.159818746666667,14.098098812588796,1680.0966981239617,15,4.1807547,4.0393491,-0.1414055999999997,1680.0966981239617,15,0.8345791654510402,216.0,2.921027079078641
245,0.0011369445633974,-3.704774750791147,4.1806364,4.0395064,4.1598790800000005,14.10822170680384,1680.0886982493105,15,4.1806364,4.0395064,-0.1411300000000004,1680.0886982493105,15,0.8345004696092968,215.0,2.920751643632539
246,0.0011634547259523,-3.708309127197946,4.1807151,4.0379314,4.1597320333333325,14.126925731500156,1680.1006981437097,15,4.1807151,4.0379314,-0.1427836999999998,1680.1006981437097,15,0.8343350977363132,214.0,2.920172842077096
247,0.0011589653389195,-3.7075252750904184,4.180793799999999,4.0382071,4.1597661666666665,14.12345937121015,1680.0966982548125,15,4.180793799999999,4.0382071,-0.1425866999999989,1680.0966982548125,15,0.8341430525188333,213.0,2.9195006838159165
248,0.0011390012568666,-3.705197993926551,4.1807547,4.0394278,4.1599132333333335,14.11054220333988,1680.0966980759986,15,4.1807547,4.0394278,-0.1413268999999992,1680.0966980759986,15,0.8340114865451392,212.0,2.919040202907987
249,0.0011372567395006,-3.705631886855105,4.1805577000000005,4.0394278,4.1598239066666665,14.112069066892856,1680.096698211506,15,4.1805577000000005,4.0394278,-0.1411299000000001,1680.096698211506,15,0.8338001624059478,211.0,2.9183005684208174
250,0.0011622496599854,-3.707465412966164,4.180793799999999,4.0380888,4.15981864,14.1225329035476,1680.1066980576145,15,4.180793799999999,4.0380888,-0.1427049999999994,1680.1066980576145,15,0.8336809895182283,210.0,2.917883463313799
251,0.0011841884973309,-3.7103944739894903,4.1807151,4.0366712,4.159571966666666,14.138096713518909,1680.104698099196,15,4.1807151,4.0366712,-0.1440438999999997,1680.104698099196,15,0.8334770989895672,209.0,2.9171698464634854
252,0.0011389811350174,-3.7035990907293344,4.1803212,4.0390339,4.159503580000001,14.10200796690063,1680.1066981512122,15,4.1803212,4.0390339,-0.1412873000000001,1680.1066981512122,15,0.8331660623992831,208.0,2.916081218397491
253,0.0011386911456392,-3.7040796385117063,4.1806364,4.0393095,4.159768773333333,14.10497924152427,1680.092698193621,15,4.1806364,4.0393095,-0.1413269000000001,1680.092698193621,15,0.8331221876770986,207.0,2.915927656869845
254,0.0011632321129666,-3.7059482785981337,4.1807151,4.0379314,4.159697866666666,14.113934747070417,1680.0846981247887,15,4.1807151,4.0379314,-0.1427836999999998,1680.0846981247887,15,0.8329516347396612,206.0,2.915330721588814
256,0.0011424332888835,-3.700392391246605,4.180793799999999,4.038994799999999,4.159619206666667,14.086419884324616,1680.0926980827935,15,4.180793799999999,4.038994799999999,-0.1417989999999998,1680.0926980827935,15,0.8328274187366677,204.0,2.914895965578337
257,0.0011437603981892,-3.699733874699039,4.180676,4.0389156,4.159603406666667,14.08245851470192,1680.0846981955692,15,4.180676,4.0389156,-0.1417603999999999,1680.0846981955692,15,0.8326220068798833,203.0,2.9141770240795917
258,0.0011436525705723,-3.698804517480605,4.180399899999999,4.0385222,4.159196466666667,14.078085588778094,1680.0666982461698,15,4.180399899999999,4.0385222,-0.1418776999999993,1680.0666982461698,15,0.8321894227329023,202.0,2.912662979565158
259,0.0011421673561983,-3.7015547603516694,4.1805182,4.0390339,4.159653286666667,14.091240235374286,1680.0726982471533,15,4.1805182,4.0390339,-0.1414843000000001,1680.0726982471533,15,0.83221336978849,201.0,2.912746794259715
260,0.0011449485731052,-3.7022478764112705,4.1805968,4.0387979,4.159571933333334,14.09608371611241,1680.0686981789768,15,4.1805968,4.0387979,-0.1417989000000004,1680.0686981789768,15,0.8319859878875245,200.0,2.911950957606336
261,0.001143346737792,-3.701123776650489,4.1807151,4.0390735,4.159750426666666,14.08843313701912,1680.072698108852,15,4.1807151,4.0390735,-0.1416415999999998,1680.072698108852,15,0.8318658781701469,199.0,2.911530573595514
262,0.001143182920572,-3.701446994792775,4.1805577000000005,4.0389552,4.159627093333333,14.090609461567414,1680.0686981836334,15,4.1805577000000005,4.0389552,-0.1416025000000003,1680.0686981836334,15,0.8316973699026547,198.0,2.910940794659292
263,0.0011438489257606,-3.699755609499511,4.1806364,4.038837,4.159529873333334,14.082727584281336,1680.0886982087975,15,4.1806364,4.038837,-0.1417994,1680.0886982087975,15,0.8314392490992369,197.0,2.91003737184733
264,0.0011450677655155,-3.7025744951233137,4.180439499999999,4.0386796,4.159461646666667,14.096857170742329,1680.0766982510686,15,4.180439499999999,4.0386796,-0.1417598999999993,1680.0766982510686,15,0.8312278359993872,196.0,2.9092974259978552
265,0.0011466354423955,-3.700381756296631,4.1806364,4.0387192,4.159564046666667,14.085498668274106,1680.0766981095076,15,4.1806364,4.0387192,-0.1419171999999999,1680.0766981095076,15,0.8311111690939291,195.0,2.908889091828752
266,0.001144698533376,-3.700936439589029,4.1803212,4.0385613,4.15930932,14.088566734760647,1680.0886980812063,15,4.1803212,4.0385613,-0.1417599000000002,1680.0886980812063,15,0.830822908562671,194.0,2.9078801799693488
267,0.0011465439124554,-3.7006409743629343,4.180399899999999,4.0384827,4.159325160000001,14.086911131891732,1680.0866982499138,15,4.180399899999999,4.0384827,-0.141917199999999,1680.0866982499138,15,0.8306845895591521,193.0,2.9073960634570324
268,0.001145467906866,-3.702201497370376,4.180399899999999,4.0386009,4.15940122,14.095321888628042,1680.0886980965734,15,4.180399899999999,4.0386009,-0.1417989999999998,1680.0886980965734,15,0.8305648193058662,192.0,2.9069768675705316
269,0.0011469685527055,-3.6990612754509553,4.180399899999999,4.0385222,4.159372353333334,14.078407250254756,1680.092698212713,15,4.180399899999999,4.0385222,-0.1418776999999993,1680.092698212713,15,0.83030772280161,191.0,2.906077029805635
270,0.0011694177285685,-3.704104811225352,4.1803608,4.0371833,4.159256900000001,14.104853313692823,1680.086698143743,15,4.1803608,4.0371833,-0.1431775000000001,1680.086698143743,15,0.830155483603903,190.0,2.9055441926136605
271,0.001147802151424,-3.701165521004663,4.1803608,4.0383644,4.159277853333333,14.08960133497397,1680.0906980852596,15,4.1803608,4.0383644,-0.1419964,1680.0906980852596,15,0.8299670744067383,189.0,2.904884760423584
272,0.001149473682884,-3.6993184682994538,4.1802034,4.0382071,4.159191246666667,14.07956391926471,1680.0826981221326,15,4.1802034,4.0382071,-0.1419962999999997,1680.0826981221326,15,0.8297590065232046,188.0,2.904156522831216
273,0.0011498072461598,-3.698772715896346,4.1803608,4.0382071,4.159204386666667,14.077167770658,1680.082698140759,15,4.1803608,4.0382071,-0.1421536999999997,1680.082698140759,15,0.82968527814895,187.0,2.903898473521325
274,0.0011491813746397,-3.6994848645220184,4.1802821,4.0381675,4.15913874,14.081192736031667,1680.0766981686463,15,4.1802821,4.0381675,-0.1421146000000002,1680.0766981686463,15,0.8294370841059802,186.0,2.9030297943709304
275,0.0011499956597117,-3.696160947534084,4.180439499999999,4.0381284,4.159112479999999,14.064095322019089,1680.0746982400306,15,4.180439499999999,4.0381284,-0.1423110999999997,1680.0746982400306,15,0.829341243209132,185.0,2.902694351231962
276,0.0011510951300521,-3.6993831986515824,4.1803608,4.0380888,4.159159726666666,14.080615406432416,1680.0746981133707,15,4.1803608,4.0380888,-0.1422720000000001,1680.0746981133707,15,0.829214304071142,184.0,2.9022500642489972
277,0.0011225445842683,-3.695717345387055,4.1803212,4.0398216,4.159348746666667,14.061569200170062,1680.0666981465183,15,4.1803212,4.0398216,-0.1404996,1680.0666981465183,15,0.8290336446364631,183.0,2.901617756227621
278,0.0011231413414182,-3.6936223342163528,4.1802425,4.0396247,4.15916504,14.050901867770094,1680.0686982250772,15,4.1802425,4.0396247,-0.1406178000000002,1680.0686982250772,15,0.828806771101036,182.0,2.900823698853626
279,0.0011257994792195,-3.6922250863153585,4.1803212,4.039467299999999,4.159136133333333,14.04343798985852,1680.0686981230974,15,4.1803212,4.039467299999999,-0.1408539000000006,1680.0686981230974,15,0.8286384477296859,181.0,2.9002345670539005
280,0.0011229884408378,-3.693356581269912,4.1802821,4.0396638,4.159193893333333,14.04973520504701,1680.0646981210448,15,4.1802821,4.0396638,-0.1406183000000007,1680.0646981210448,15,0.8285164029368958,180.0,2.899807410279135
281,0.0011261532041757,-3.694303288745664,4.1800456,4.0393095,4.1590153,14.053779211515836,1680.066698248498,15,4.1800456,4.0393095,-0.1407360999999998,1680.066698248498,15,0.8282994432155643,179.0,2.899048051254475
282,0.0011503269623531,-3.698813040722188,4.1803212,4.0380497,4.159075720000001,14.078159454805444,1680.0726981079206,15,4.1803212,4.0380497,-0.1422714999999996,1680.0726981079206,15,0.8283148692499063,178.0,2.899102042374672
283,0.0011551477698012,-3.697297105570698,4.180124299999999,4.0375772,4.158842113333334,14.069801668317332,1680.0706982491538,15,4.180124299999999,4.0375772,-0.1425470999999989,1680.0706982491538,15,0.8279396539492266,177.0,2.897788788822293
284,0.0011241652919306,-3.692312508834158,4.1800456,4.0393882,4.158970673333333,14.043658098012344,1680.0746982386336,15,4.1800456,4.0393882,-0.1406573999999993,1680.0746982386336,15,0.8277939878391228,176.0,2.8972789574369298
285,0.0011537819611574,-3.700094232760592,4.180163899999999,4.0378132,4.15903108,14.08373699733584,1680.0810013408773,15,4.180163899999999,4.0378132,-0.1423506999999988,1680.0810013408773,15,0.8277442672661672,175.0,2.897104935431585
286,0.0011532371907463,-3.700290450977064,4.1800065,4.0377741,4.158965493333333,14.084983715311228,1680.0810015201569,15,4.1800065,4.0377741,-0.1422324000000001,1680.0810015201569,15,0.8275379477590985,174.0,2.896382817156845
287,0.0011805695973738,-3.6990936761090265,4.180124299999999,4.0360413,4.1586504333333325,14.079560733546788,1680.0890015205368,15,4.180124299999999,4.0360413,-0.1440829999999993,1680.0890015205368,15,0.8272673065087505,173.0,2.8954355727806265
288,0.0011564266940942,-3.69656404375836,4.180163899999999,4.0375772,4.1589025,14.065950517109478,1680.081001280807,15,4.180163899999999,4.0375772,-0.1425866999999989,1680.081001280807,15,0.827294719093308,172.0,2.895531516826578
289,0.0011543998123855,-3.6996186654586616,4.1800456,4.0376163,4.158863086666667,14.08187135310238,1680.115001574159,15,4.1800456,4.0376163,-0.1424292999999998,1680.115001574159,15,0.8271262477639434,171.0,2.894941867173802
290,0.0011812877922978,-3.702002098082195,4.1800852,4.0361595,4.158831593333333,14.093812342691312,1680.119001342915,15,4.1800852,4.0361595,-0.1439256999999996,1680.119001342915,15,0.8270028013091376,170.0,2.8945098045819817
291,0.0011811275203369,-3.7023502930959062,4.1799273,4.0359626,4.158629486666666,14.095576958101248,1680.115001257509,15,4.1799273,4.0359626,-0.1439646999999997,1680.115001257509,15,0.826762482624125,169.0,2.8936686891844374
292,0.0011548175452335,-3.693710902408502,4.1800852,4.0374985,4.158713493333334,14.051258620916052,1680.101001273841,15,4.1800852,4.0374985,-0.1425866999999998,1680.101001273841,15,0.8265879203496642,168.0,2.893057721223825
293,0.0011787594345526,-3.701691066504667,4.1799273,4.0360808,4.158618986666666,14.092448208089252,1680.10300154984,15,4.1799273,4.0360808,-0.1438465000000004,1680.10300154984,15,0.8264310099879869,167.0,2.8925085349579542
294,0.0011822610690671,-3.702456610173725,4.180124299999999,4.0360017,4.158729200000001,14.096734487902864,1680.10300154984,15,4.180124299999999,4.0360017,-0.1441225999999993,1680.10300154984,15,0.8263312396314639,166.0,2.892159338710124
295,0.0011805395789323,-3.700611928203345,4.1802425,4.0360808,4.1587029666666675,14.087927901151602,1680.1130012748763,15,4.1802425,4.0360808,-0.1441617000000006,1680.1130012748763,15,0.8260809016626754,165.0,2.891283155819364
296,0.001182637454406,-3.702297886320486,4.1799273,4.0358443,4.15859002,14.095986363731988,1680.105001567863,15,4.1799273,4.0358443,-0.1440830000000001,1680.105001567863,15,0.8258573186312236,164.0,2.8905006152092825
297,0.0011831143660028,-3.7001925055555622,4.1800852,4.0358443,4.1585953,14.0850485690885,1680.109001474455,15,4.1800852,4.0358443,-0.1442408999999997,1680.109001474455,15,0.8256765238668394,163.0,2.889867833533938
298,0.0012059970913331,-3.7037433173158942,4.179888200000001,4.0345054,4.158469319999999,14.102349332856338,1680.1090013124049,15,4.179888200000001,4.0345054,-0.145382800000001,1680.1090013124049,15,0.8255239987225632,162.0,2.8893339955289714
299,0.0011570527719778,-3.694746593814106,4.1800065,4.0373406,4.158682026666667,14.0564259921525,1680.1110015669838,15,4.1800065,4.0373406,-0.1426658999999999,1680.1110015669838,15,0.8254471712801498,161.0,2.8890650994805243
300,0.0011574221549898,-3.6954631440427903,4.180124299999999,4.0374193,4.158786953333333,14.060385062303691,1680.095001548529,15,4.180124299999999,4.0374193,-0.1427049999999994,1680.095001548529,15,0.8253709087693766,160.0,2.888798180692818
301,0.0011858390157397,-3.699737139530813,4.1798487,4.0356083,4.15849556,14.08203006578078,1680.1090013049543,15,4.1798487,4.0356083,-0.1442404000000001,1680.1090013049543,15,0.825060079832164,159.0,2.887710279412574
302,0.0011883487146631,-3.699260736957378,4.1800852,4.035568700000001,4.15858222,14.080095725019136,1680.1090013161302,15,4.1800852,4.035568700000001,-0.144516499999999,1680.1090013161302,15,0.8249380555075408,158.0,2.887283194276393
303,0.0011597807981666,-3.6960208497526303,4.1798487,4.037065,4.1585611333333325,14.063101394960349,1680.105001562275,15,4.1798487,4.037065,-0.1427836999999998,1680.105001562275,15,0.8247548420211362,157.0,2.886641947073977
304,0.0011612160644699,-3.69536311109789,4.1799273,4.037065,4.1586294,14.059025284682717,1680.0870014429092,15,4.1799273,4.037065,-0.1428623,1680.0870014429092,15,0.82460401267675,156.0,2.886114044368625
305,0.0011659307608352,-3.693838413988177,4.1800456,4.0367498,4.158548033333333,14.052083555485035,1680.0890013696626,15,4.1800456,4.0367498,-0.1432957999999997,1680.0890013696626,15,0.8243965994299123,155.0,2.885388098004693
307,0.0011865655756026,-3.695063720263597,4.179888200000001,4.0353718,4.158254086666667,14.05818736054184,1680.0850013708696,15,4.179888200000001,4.0353718,-0.1445164000000005,1680.0850013708696,15,0.824284902017881,153.0,2.884997157062583
308,0.0011640991341441,-3.692538838756947,4.1799273,4.0366712,4.158361653333333,14.045224499944258,1680.0850013568995,15,4.1799273,4.0366712,-0.1432561000000003,1680.0850013568995,15,0.8240994124391972,152.0,2.88434794353719
309,0.0011371565119349,-3.687467745910592,4.1800456,4.0383644,4.158592706666667,14.019060546055837,1680.0790012702346,15,4.1800456,4.0383644,-0.1416811999999998,1680.0790012702346,15,0.8239780222076897,151.0,2.883923077726914
310,0.001189723242904,-3.697247531167029,4.1798487,4.0352144,4.158280313333334,14.069555642095333,1680.085001528263,15,4.1798487,4.0352144,-0.1446342999999998,1680.085001528263,15,0.8237317449766322,150.0,2.8830611074182126
311,0.0011628312040009,-3.692904987815727,4.1798487,4.0367107,4.1583380666666665,14.047006742895253,1680.0830013705418,15,4.1798487,4.0367107,-0.1431379999999995,1680.0830013705418,15,0.8235247046058104,149.0,2.882336466120337
312,0.0011664041451198,-3.6938843380399495,4.1796913,4.0364742,4.158296086666668,14.051201627149831,1680.0950013166294,15,4.1796913,4.0364742,-0.1432171000000002,1680.0950013166294,15,0.8233068436284332,148.0,2.881573952699516
313,0.0011901153262383,-3.6962795736173,4.1797309,4.0351357000000005,4.158212086666667,14.063873816352563,1680.0930012669414,15,4.1797309,4.0351357000000005,-0.1445951999999994,1680.0930012669414,15,0.8231475735096954,147.0,2.8810165072839338
314,0.0011889580393374,-3.698499134298477,4.1795731,4.0350962,4.15813332,14.075448887748522,1680.0870015313849,15,4.1795731,4.0350962,-0.1444768999999999,1680.0870015313849,15,0.8229519247117978,146.0,2.8803317364912924
315,0.0011689934981526,-3.6901093621537786,4.179888200000001,4.0362382000000006,4.158162213333333,14.032843055794755,1680.0870014214888,15,4.179888200000001,4.0362382000000006,-0.14365,1680.0870014214888,15,0.8227590157364902,145.0,2.879656555077716
316,0.0011900463575026,-3.6983399141804534,4.17977,4.0351748,4.158267146666667,14.0749496913847,1680.10300154984,15,4.17977,4.0351748,-0.1445952000000003,1680.10300154984,15,0.8227480324212543,144.0,2.87961811347439
317,0.0011666872035321,-3.691913201145967,4.17977,4.0364742,4.158293406666667,14.041409562848312,1680.1010012915358,15,4.17977,4.0364742,-0.1432958000000006,1680.1010012915358,15,0.8225523038003786,143.0,2.878933063301325
318,0.0011668966672349,-3.691514981687541,4.1796913,4.0363564,4.1581831933333335,14.039557027858136,1680.089001312852,15,4.1796913,4.0363564,-0.1433349000000001,1680.089001312852,15,0.8223167325942844,142.0,2.8781085640799953
319,0.0011904735338174,-3.698167567463104,4.1796913,4.0350175,4.158130680000001,14.07429843180757,1680.0930014252665,15,4.1796913,4.0350175,-0.1446737999999996,1680.0930014252665,15,0.8221928270684529,141.0,2.877674894739585
320,0.0011669881052578,-3.6906590575259512,4.17977,4.0363169,4.1581412066666665,14.035593227415813,1680.0930012781173,15,4.17977,4.0363169,-0.1434531000000003,1680.0930012781173,15,0.8220011884230447,140.0,2.877004159480657
321,0.0011701442337635,-3.691895053109425,4.179494399999999,4.0358443,4.157844506666667,14.041959841068945,1680.087001517415,15,4.179494399999999,4.0358443,-0.1436500999999994,1680.087001517415,15,0.8216536375232517,139.0,2.875787731331381
322,0.001167742979134,-3.69215899507145,4.1795731,4.0361986000000005,4.1580755866666665,14.04298748074019,1680.085001513362,15,4.1795731,4.0361986000000005,-0.1433744999999993,1680.085001513362,15,0.8217499791837186,138.0,2.876124927143015
323,0.0011698942705135,-3.694016327246376,4.1796126000000005,4.0361595,4.1581647933333326,14.051948244697542,1680.0850012646988,15,4.1796126000000005,4.0361595,-0.1434531000000003,1680.0850012646988,15,0.8216541579420881,137.0,2.875789552797308
324,0.0011424600212859,-3.687898252120936,4.1795731,4.0375772,4.158088719999999,14.020763943425155,1680.0730012534186,15,4.1795731,4.0375772,-0.1419958999999995,1680.0730012534186,15,0.8212896888778837,136.0,2.874513911072593
325,0.001141731671694,-3.686953164026269,4.1794553,4.0375772,4.158041413333334,14.015592985146071,1680.0830015232789,15,4.1794553,4.0375772,-0.1418780999999995,1680.0830015232789,15,0.8211453163316129,135.0,2.874008607160645
326,0.001196823110548,-3.693466748837244,4.179533999999999,4.0344267,4.157823533333333,14.04940517716696,1680.0870013693348,15,4.179533999999999,4.0344267,-0.1451072999999993,1680.0870013693348,15,0.8209539557188196,134.0,2.8733388450158683
327,0.001169650939918,-3.691564631925864,4.1795731,4.0360017,4.157973133333333,14.04021543014981,1680.0790013605729,15,4.1795731,4.0360017,-0.1435713999999999,1680.0790013605729,15,0.8209030922535346,133.0,2.873160822887371
328,0.0011958248295726,-3.6932251339854303,4.1796517,4.0345054,4.157849753333333,14.049096521313892,1680.0890013352036,15,4.1796517,4.0345054,-0.1451463000000004,1680.0890013352036,15,0.8207261451707815,132.0,2.872541508097735
329,0.0011953466994855,-3.695347662041009,4.179494399999999,4.0344663,4.157805146666666,14.059718395582388,1680.087001517415,15,4.179494399999999,4.0344663,-0.1450280999999993,1680.087001517415,15,0.8205452942794361,131.0,2.8719085299780263
330,0.0011684097671649,-3.693197770207437,4.1793761,4.035923,4.157844506666667,14.048570159292616,1680.087001271546,15,4.1793761,4.035923,-0.1434530999999994,1680.087001271546,15,0.8204334385154306,130.0,2.871517034804007
331,0.0011713151955554,-3.692271450748587,4.1793761,4.0358443,4.15790756,14.042802056320015,1680.0850014230236,15,4.1793761,4.0358443,-0.1435317999999998,1680.0850014230236,15,0.8202569549286179,129.0,2.870899342250163
332,0.0011727381075145,-3.6899411263979074,4.179533999999999,4.035687,4.15780518,14.03238654478504,1680.0890013063326,15,4.179533999999999,4.035687,-0.1438469999999991,1680.0890013063326,15,0.8200573603202888,128.0,2.8702007611210107
333,0.001172577101118,-3.689830071940719,4.1795731,4.0357656,4.157873366666666,14.03105912600486,1680.0890015205368,15,4.1795731,4.0357656,-0.1438074999999994,1680.0890015205368,15,0.819956984401003,127.0,2.8698494454035104
334,0.0011731903106255,-3.688424070880659,4.1795731,4.0357261,4.157852386666667,14.023415480180152,1680.0910012759268,15,4.1795731,4.0357261,-0.143847,1680.0910012759268,15,0.819858624057269,126.0,2.8695051842004413
335,0.0011731995210155,-3.688676029531512,4.1794157,4.0356474,4.1577762866666665,14.024544454162346,1680.0910013616085,15,4.1794157,4.0356474,-0.1437682999999996,1680.0910013616085,15,0.8196857670541923,125.0,2.868900184689673
336,0.0011984217329492,-3.6924957305374,4.179533999999999,4.034229799999999,4.157700126666667,14.044503536069255,1680.103001353331,15,4.179533999999999,4.034229799999999,-0.1453042,1680.103001353331,15,0.8195363053819825,124.0,2.868377068836939
337,0.0011995597680111,-3.695841842270209,4.179337,4.0341511,4.15771064,14.061479284466476,1680.0910014742983,15,4.179337,4.0341511,-0.1451859000000004,1680.0910014742983,15,0.81933927232232,123.0,2.86768745312812
338,0.0011764013819617,-3.688512459795995,4.179337,4.0352931000000005,4.15758728,14.023926133341654,1680.0730012729764,15,4.179337,4.0352931000000005,-0.1440438999999997,1680.0730012729764,15,0.8191193207637328,122.0,2.866917622673065
339,0.0011468793094559,-3.685334699873077,4.1794157,4.037065,4.15778678,14.0080055789216,1680.0810015052557,15,4.1794157,4.037065,-0.1423506999999997,1680.0810015052557,15,0.8190220245524481,121.0,2.866577085933568
340,0.0011784012970169,-3.688954064279515,4.1792974,4.0351748,4.157576753333333,14.026035296141298,1680.0750015079975,15,4.1792974,4.0351748,-0.1441226000000002,1680.0750015079975,15,0.8188290401390051,120.0,2.865901640486518
341,0.0011763375714563,-3.688924140153993,4.179218799999999,4.0352144,4.157508526666667,14.02566542163268,1680.0830015074462,15,4.179218799999999,4.0352144,-0.1440043999999991,1680.0830015074462,15,0.8186873212457376,119.0,2.865405624360082
342,0.0011797946481068,-3.689019577866615,4.179218799999999,4.0350175,4.157492840000001,14.0267142465855,1680.0930012576282,15,4.179218799999999,4.0350175,-0.1442012999999988,1680.0930012576282,15,0.8184424555936489,118.0,2.864548594577771
343,0.001202492555742,-3.692792351618299,4.1793761,4.0337968,4.1574796266666665,14.046205039639524,1680.1010012701154,15,4.1793761,4.0337968,-0.1455792999999996,1680.1010012701154,15,0.8183586833391846,117.0,2.8642553916871463
344,0.0011782753127949,-3.688935132619614,4.179337,4.0351357000000005,4.157532126666666,14.026844031822254,1680.0910015255213,15,4.179337,4.0351357000000005,-0.1442012999999997,1680.0910015255213,15,0.8182146225292961,116.0,2.8637511788525365
345,0.0011771426716349,-3.688719628980965,4.1791005,4.0351748,4.157508526666667,14.024294413282224,1680.093001352623,15,4.1791005,4.0351748,-0.1439256999999996,1680.093001352623,15,0.8180630404529,115.0,2.86322064158515
346,0.0012026799179498,-3.692398779955078,4.1791792,4.033718100000001,4.157406153333334,14.043575177974162,1680.113001360558,15,4.1791792,4.033718100000001,-0.1454610999999994,1680.113001360558,15,0.8178759023985075,114.0,2.862565658394776
347,0.0011782014906306,-3.68669471904616,4.1791792,4.0350566,4.157427126666667,14.014152760620815,1680.107001566328,15,4.1791792,4.0350566,-0.1441226000000002,1680.107001566328,15,0.8176752292911018,113.0,2.861863302518856
348,0.0012281273202941,-3.693839456369539,4.1791792,4.0323005,4.157303746666667,14.05098750279685,1680.1130015701056,15,4.1791792,4.0323005,-0.1468787000000002,1680.1130015701056,15,0.8175201138665681,112.0,2.8613203985329885
349,0.0011808154166483,-3.685275607651504,4.1790614,4.034663200000001,4.157156753333334,14.00714322487961,1680.1150013087315,15,4.1790614,4.034663200000001,-0.1443981999999994,1680.1150013087315,15,0.8172013280547025,111.0,2.8602046481914587
350,0.001250878563532,-3.697370520170789,4.1791401,4.0308828000000005,4.157072706666666,14.06981042304798,1680.1130015701056,15,4.1791401,4.0308828000000005,-0.1482572999999991,1680.1130015701056,15,0.8171639497667492,110.0,2.860073824183622
351,0.001176611765038,-3.6885035683550815,4.1790614,4.0350962,4.157400866666666,14.023567297948286,1680.10700157471,15,4.1790614,4.0350962,-0.1439652000000002,1680.10700157471,15,0.8170897054339121,109.0,2.8598139690186923
352,0.0011815056503012,-3.688440867912506,4.179218799999999,4.0348206,4.157379913333333,14.024118657719296,1680.0930012781173,15,4.179218799999999,4.0348206,-0.1443981999999994,1680.0930012781173,15,0.816934489363142,108.0,2.859270712770997
353,0.0012500004268355,-3.696895492074801,4.1790218,4.0309219,4.157062146666667,14.06669430574009,1680.1350016156211,15,4.1790218,4.0309219,-0.1480999,1680.1350016156211,15,0.8167723204017469,107.0,2.858703121406114
354,0.0012544437388178,-3.698348164825185,4.1790218,4.0306072,4.1569861066666665,14.074880928667117,1680.1350013539195,15,4.1790218,4.0306072,-0.1484145999999997,1680.1350013539195,15,0.8166092415794728,106.0,2.858132345528155
355,0.0011813055704683,-3.6859285244609983,4.1791792,4.0348206,4.157345753333334,14.010616001934778,1680.109001561999,15,4.1791792,4.0348206,-0.1443586000000003,1680.109001561999,15,0.8165020109400183,105.0,2.857757038290064
356,0.0011807440442363,-3.688511992037458,4.1791005,4.0348601,4.157379873333333,14.023948695926975,1680.1050015157089,15,4.1791005,4.0348601,-0.1442403999999992,1680.1050015157089,15,0.8163800807378464,104.0,2.8573302825824625
358,0.0011827577295354,-3.6824010035895496,4.1791005,4.034623600000001,4.157190860000001,13.99188718506106,1680.0810015201569,15,4.1791005,4.034623600000001,-0.144476899999999,1680.0810015201569,15,0.8164459512543403,102.0,2.857560829390191
359,0.0011835287528752,-3.686756223009346,4.178982700000001,4.0344663,4.157114733333334,14.015219840380194,1680.0770013723522,15,4.178982700000001,4.0344663,-0.1445164000000005,1680.0770013723522,15,0.8161297462246563,101.0,2.856454111786297
360,0.0012096967144163,-3.690081874547247,4.178982700000001,4.033048600000001,4.157075393333334,14.031594501462184,1680.081001330167,15,4.178982700000001,4.033048600000001,-0.1459340999999998,1680.081001330167,15,0.8160308933084144,100.0,2.8561081265794503
361,0.0011833205274878,-3.685801156292461,4.1788645,4.0344267,4.157054406666667,14.009417739154824,1680.0810015201569,15,4.1788645,4.0344267,-0.1444378000000004,1680.0810015201569,15,0.8157219640524235,99.0,2.855026874183482
362,0.0011856975195874,-3.688372319584006,4.1788645,4.0343480000000005,4.15712258,14.022763779502014,1680.0750015079975,15,4.1788645,4.0343480000000005,-0.1445164999999999,1680.0750015079975,15,0.8156131769428958,98.0,2.8546461193001353
363,0.0011552727703492,-3.6819445638726,4.1788645,4.0360413,4.157172493333333,13.989943861270769,1680.0730013446882,15,4.1788645,4.0360413,-0.1428232000000004,1680.0730013446882,15,0.8153927160634462,97.0,2.853874506222062
364,0.0011865395389295,-3.685373370611673,4.1790218,4.0343480000000005,4.1571383666666675,14.0071692805271,1680.0750014698133,15,4.1790218,4.0343480000000005,-0.1446737999999996,1680.0750014698133,15,0.8153970980382709,96.0,2.853889843133948
365,0.0011857883962925,-3.684721579925077,4.1788645,4.034229799999999,4.15697556,14.003980742960865,1680.0730012580752,15,4.1788645,4.034229799999999,-0.144634700000001,1680.0730012580752,15,0.8151201935129118,95.0,2.852920677295191
366,0.0011855920946431,-3.681854876360036,4.1790218,4.0343876000000005,4.15709632,13.988853126660445,1680.0790015012026,15,4.1790218,4.0343876000000005,-0.1446341999999996,1680.0790015012026,15,0.8149559422801191,94.0,2.852345797980417
367,0.0011866336376206,-3.686163946122543,4.1790218,4.0343084000000005,4.157112026666668,14.0120671921437,1680.0810013487935,15,4.1790218,4.0343084000000005,-0.1447133999999996,1680.0810013487935,15,0.8148721494263864,93.0,2.852052522992353
368,0.0011842804573598,-3.6857546139075863,4.178982700000001,4.0343876000000005,4.157064946666667,14.009473804642663,1680.0890015223997,15,4.178982700000001,4.0343876000000005,-0.1445951000000001,1680.0890015223997,15,0.8147219198009277,92.0,2.851526719303247
369,0.0011886676950171,-3.684516571015996,4.1788645,4.0340328,4.1569256999999995,14.00301785249118,1680.1010015448555,15,4.1788645,4.0340328,-0.1448317000000001,1680.1010015448555,15,0.814458928754185,91.0,2.8506062506396477
370,0.0011861650217521,-3.686353370237217,4.1787858,4.034229799999999,4.157009773333334,14.012170831864978,1680.0990015557036,15,4.1787858,4.034229799999999,-0.1445560000000005,1680.0990015557036,15,0.8143589629031432,90.0,2.8502563701610013
371,0.0011894101714814,-3.6851422509720857,4.1786675,4.0338359,4.1567734,14.006564714162293,1680.0990015417335,15,4.1786675,4.0338359,-0.1448316000000007,1680.0990015417335,15,0.8141538977213546,89.0,2.8495386420247413
372,0.0012149387671457,-3.689401011298583,4.1789432,4.0326548,4.1569441,14.028389779992558,1680.0970014631748,15,4.1789432,4.0326548,-0.1462883999999995,1680.0970014631748,15,0.8140894626722937,88.0,2.849313119353028
373,0.0012374235535483,-3.6916049054150912,4.1787858,4.0312371,4.156692053333333,14.039828182554793,1680.0950015336275,15,4.1787858,4.0312371,-0.1475486999999997,1680.0950015336275,15,0.8138087810081458,87.0,2.84833073352851
374,0.0011887657515399,-3.6837410758631663,4.1789036,4.0340328,4.156923100000001,13.998646886151146,1680.09100152459,15,4.1789036,4.0340328,-0.1448707999999996,1680.09100152459,15,0.8137761856952578,86.0,2.848216649933402
375,0.0012165524803292,-3.6885000995655512,4.1787858,4.0323792,4.156741993333333,14.02329415300985,1680.093001311645,15,4.1787858,4.0323792,-0.1464065999999997,1680.093001311645,15,0.8135629592864891,85.0,2.847470357502712
376,0.0011889576178335,-3.684383919209013,4.1787066,4.033915,4.156820673333334,14.001590314028675,1680.095001548529,15,4.1787066,4.033915,-0.1447915999999995,1680.095001548529,15,0.8134298775476655,84.0,2.847004571416829
377,0.001217002750464,-3.690464044564242,4.178628,4.0322218,4.156626486666666,14.033849479079564,1680.0930015295744,15,4.178628,4.0322218,-0.1464061999999995,1680.0930015295744,15,0.813268571545488,83.0,2.846440000409208
378,0.0011907690413983,-3.6829542567562297,4.1787462,4.033718100000001,4.1567052533333335,13.99503483694818,1680.0850013699385,15,4.1787462,4.033718100000001,-0.1450280999999993,1680.0850013699385,15,0.813115381745064,82.0,2.845903836107724
379,0.0011885630479883,-3.6851052915228224,4.1787066,4.033915,4.156807553333333,14.005783264388452,1680.0810013692826,15,4.1787066,4.033915,-0.1447915999999995,1680.0810013692826,15,0.8130183517520383,81.0,2.845564231132134
380,0.0011922865953112,-3.6827627881187666,4.178628,4.0335603,4.156623813333333,13.993870146081662,1680.0910013057292,15,4.178628,4.0335603,-0.1450676999999993,1680.0910013057292,15,0.8127967553284652,80.0,2.844788643649628
381,0.001190793574922,-3.683879908693719,4.1787858,4.033718100000001,4.1567157733333335,14.000361178966362,1680.0890015214682,15,4.1787858,4.033718100000001,-0.1450676999999993,1680.0890015214682,15,0.8126594928328447,79.0,2.8443082249149563
382,0.0011896318886854,-3.6838893625500737,4.1786675,4.033718100000001,4.15665534,14.000018810270936,1680.0930012781173,15,4.1786675,4.033718100000001,-0.1449493999999997,1680.0930012781173,15,0.8124948676838423,78.0,2.843732036893448
383,0.0012192584101535,-3.684928232540797,4.1787066,4.032064,4.156531906666666,14.005028998896634,1680.091001316905,15,4.1787066,4.032064,-0.1466425999999998,1680.091001316905,15,0.8123564663228536,77.0,2.843247632129988
384,0.0011913814168799,-3.682052737566668,4.178588899999999,4.0335212,4.156532,13.990638474167262,1680.093001528643,15,4.178588899999999,4.0335212,-0.1450676999999993,1680.093001528643,15,0.812224401378968,76.0,2.842785404826388
385,0.0011930392586292,-3.6834158403891,4.1787462,4.0334425000000005,4.156552906666667,13.998779189540397,1680.0950013929978,15,4.1787462,4.0334425000000005,-0.1453036999999994,1680.0950013929978,15,0.812049512874116,75.0,2.842173295059406
386,0.0011943812280817,-3.683596982072568,4.178588899999999,4.0334029000000005,4.1565818199999995,13.997933178175115,1680.095001548529,15,4.178588899999999,4.0334029000000005,-0.1451859999999989,1680.095001548529,15,0.8119175734359887,74.0,2.8417115070259604
387,0.0011928471881266,-3.681871274547866,4.178549299999999,4.0334425000000005,4.156526666666667,13.9892439760322,1680.0830015083775,15,4.178549299999999,4.0334425000000005,-0.1451067999999988,1680.0830015083775,15,0.81175159068557,73.0,2.841130567399495
388,0.0011947737734445,-3.681663649331246,4.1786675,4.0334029000000005,4.156584420000001,13.988114516900731,1680.0810015052557,15,4.1786675,4.0334029000000005,-0.1452645999999999,1680.0810015052557,15,0.8116416007532711,72.0,2.840745602636449
389,0.0011959301985555,-3.680605969883014,4.1787066,4.0333242,4.156555613333334,13.982749655778118,1680.0850015301255,15,4.1787066,4.0333242,-0.1453823999999999,1680.0850015301255,15,0.8114666678460206,71.0,2.840133337461072
390,0.0011949195795938,-3.682305160843157,4.1785102,4.0332847,4.156479433333334,13.991238398995858,1680.0770015111193,15,4.1785102,4.0332847,-0.1452254999999995,1680.0770015111193,15,0.8112702339022583,70.0,2.839445818657904
391,0.0011679464122506,-3.678014728053941,4.178588899999999,4.034781,4.156539826666667,13.970446669552246,1680.073001277633,15,4.178588899999999,4.034781,-0.1438078999999996,1680.073001277633,15,0.8110982210329484,69.0,2.838843773615319
392,0.0011981865390426,-3.6828005915721542,4.1783133,4.03297,4.1563377133333335,13.993860058149448,1680.0950012737885,15,4.1783133,4.03297,-0.1453433000000004,1680.0950012737885,15,0.8109005112884426,68.0,2.838151789509549
393,0.0011972855122597,-3.6807239423070346,4.178549299999999,4.0331669,4.15646894,13.983124310400562,1680.1090012602508,15,4.178549299999999,4.0331669,-0.145382399999999,1680.1090012602508,15,0.810856085603144,67.0,2.837996299611004
394,0.0011972545134378,-3.682038100908688,4.1785102,4.0330877,4.156400706666667,13.990207047182096,1680.1070013297722,15,4.1785102,4.0330877,-0.1454224999999995,1680.1070013297722,15,0.8106442915125475,66.0,2.837255020293916
395,0.0011999883534012,-3.681248895453875,4.178549299999999,4.03297,4.156416413333334,13.986138892286744,1680.0990014523268,15,4.178549299999999,4.03297,-0.1455792999999996,1680.0990014523268,15,0.8104700093084611,65.0,2.836645032579614
396,0.0011974000415963,-3.6811357182337505,4.178588899999999,4.0330877,4.156400706666667,13.986200342597318,1680.095001548529,15,4.178588899999999,4.0330877,-0.1455011999999991,1680.095001548529,15,0.8103660478874471,64.0,2.836281167606065
397,0.0012253268559131,-3.686316955936422,4.178549299999999,4.0315127,4.15630358,14.01264561120577,1680.0930015295744,15,4.178549299999999,4.0315127,-0.1470365999999989,1680.0930015295744,15,0.810228917634084,63.0,2.835801211719294
398,0.0011962283657998,-3.6828186921832873,4.1783524,4.03297,4.156237913333333,13.994642521350343,1680.0910015264526,15,4.1783524,4.03297,-0.1453823999999999,1680.0910015264526,15,0.8099986062720502,62.0,2.8349951219521756
399,0.0011975377576495,-3.677755899703965,4.1785102,4.0328913,4.156180166666667,13.968839936677558,1680.0870015323162,15,4.1785102,4.0328913,-0.1456188999999996,1680.0870015323162,15,0.8098201760521292,61.0,2.834370616182452
400,0.0012252598922009,-3.6833340114219655,4.1784706,4.0313945,4.1561539666666665,13.997196070355994,1680.097001299262,15,4.1784706,4.0313945,-0.1470760999999996,1680.097001299262,15,0.8098066984552486,60.0,2.83432344459337
401,0.0012022909236202,-3.6792916450705184,4.1782737,4.0325365,4.156082980000001,13.975932610282182,1680.095001413487,15,4.1782737,4.0325365,-0.1457372000000001,1680.095001413487,15,0.8095292610674757,59.0,2.833352413736165
402,0.0012029191712202,-3.6796880570680583,4.1783133,4.0324578,4.15604108,13.97862551545784,1680.0790013717487,15,4.1783133,4.0324578,-0.1458554999999997,1680.0790013717487,15,0.809389861138006,58.0,2.8328645139830213
403,0.0012006720485235,-3.679992233631439,4.1783524,4.0326548,4.156125006666667,13.979897942121204,1680.0810015043244,15,4.1783524,4.0326548,-0.1456975999999992,1680.0810015043244,15,0.8093226769316948,57.0,2.832629369260932
404,0.0011688019332406,-3.6763075661384494,4.178195,4.0343084000000005,4.156096073333333,13.961557550271532,1680.0810013627631,15,4.178195,4.0343084000000005,-0.1438865999999992,1680.0810013627631,15,0.8091442971366961,56.0,2.832005039978436
405,0.0012011820259792,-3.680319490324504,4.1780767,4.0323792,4.155878226666667,13.981252044517884,1680.0810013404116,15,4.1780767,4.0323792,-0.1456974999999998,1680.0810013404116,15,0.8090089477359249,55.0,2.8315313170757372
406,0.0012039014898792,-3.6797704092567542,4.1780767,4.0322609,4.155894026666666,13.978028239637158,1680.0890013715252,15,4.1780767,4.0322609,-0.1458158000000002,1680.0890013715252,15,0.8088601649200153,54.0,2.8310105772200536
407,0.0012024499149112,-3.682008622370787,4.1781163,4.032418700000001,4.155999086666666,13.990316109516542,1680.0870015155524,15,4.1781163,4.032418700000001,-0.1456975999999992,1680.0870015155524,15,0.8087003876302081,53.0,2.830451356705729
409,0.0012016748364535,-3.67766609588811,4.1782346,4.0325365,4.156035806666667,13.967220837921978,1680.0970015376806,15,4.1782346,4.0325365,-0.1456980999999997,1680.0970015376806,15,0.8088038160424019,51.0,2.830813356148407
410,0.0012033911434983,-3.6769460882111886,4.1782346,4.032418700000001,4.155999086666667,13.963231949741676,1680.0930015435442,15,4.1782346,4.032418700000001,-0.1458158999999987,1680.0930015435442,15,0.8085413583306194,50.0,2.8298947541571677
411,0.0012302660155357,-3.683410059889633,4.1782346,4.0308828000000005,4.1558967,13.99695015896378,1680.0810015192255,15,4.1782346,4.0308828000000005,-0.1473517999999991,1680.0810015192255,15,0.8084042472028841,49.0,2.829414865210094
412,0.0012056145631525,-3.677325021605709,4.178195,4.0321822,4.15588094,13.965744154123932,1680.0830014050007,15,4.178195,4.0321822,-0.1460127999999994,1680.0830014050007,15,0.8081063505522229,48.0,2.82837222693278
413,0.0011781524705169,-3.674099183963132,4.1781554,4.033718100000001,4.1559701533333335,13.94906551946966,1680.0730014964938,15,4.1781554,4.033718100000001,-0.144437299999999,1680.0730014964938,15,0.8079357680032783,47.0,2.827775188011474
414,0.0011769003360502,-3.6754003843671863,4.1781554,4.0337968,4.15599638,13.956176481016456,1680.0690013663843,15,4.1781554,4.0337968,-0.1443585999999994,1680.0690013663843,15,0.8078373329206572,46.0,2.8274306652223
415,0.0011753798712682,-3.67432338727077,4.1781163,4.0338755,4.15598596,13.950401402311652,1680.0690014949068,15,4.1781163,4.0338755,-0.1442408000000004,1680.0690014949068,15,0.8076253411841214,45.0,2.826688694144425
416,0.0012064240513806,-3.6764390384108463,4.178037600000001,4.031867,4.155599973333333,13.961866739062398,1680.0790015012026,15,4.178037600000001,4.031867,-0.1461706000000004,1680.0790015012026,15,0.8073263253269938,44.0,2.8256421386444783
417,0.001207055355664,-3.67740841830768,4.1781163,4.0319462,4.155720813333334,13.967055931059022,1680.0870012752712,15,4.1781163,4.0319462,-0.1461700999999999,1680.0870012752712,15,0.8073078671129397,43.0,2.825577534895289
418,0.0012074056397309,-3.679068835983543,4.177762,4.0317492,4.155555433333334,13.974279054462205,1680.0790015161035,15,4.177762,4.0317492,-0.1460128000000002,1680.0790015161035,15,0.8070585029623168,42.0,2.824704760368109
419,0.0012078673367592,-3.67810832158196,4.1779981,4.031867,4.155689206666667,13.970246591365566,1680.0870015323162,15,4.1779981,4.031867,-0.1461310999999998,1680.0870015323162,15,0.80701643542248,41.0,2.82455752397868
420,0.0012091338516035,-3.675889429189533,4.178037600000001,4.0317492,4.155615773333333,13.958922116414318,1680.0890012914315,15,4.178037600000001,4.0317492,-0.1462884000000004,1680.0890012914315,15,0.8068269091319064,40.0,2.823894181961672
421,0.0012067853162112,-3.675890102521948,4.1782346,4.032103500000001,4.155849446666667,13.958716280484603,1680.0810013692826,15,4.1782346,4.032103500000001,-0.1461310999999989,1680.0810013692826,15,0.8068014218629089,39.0,2.823804976520181
422,0.0012081942320631,-3.677172756596749,4.178195,4.0319853,4.1558152800000006,13.965240408614145,1680.0770013034344,15,4.178195,4.0319853,-0.1462097,1680.0770013034344,15,0.8066810715137109,38.0,2.8233837502979884
423,0.0012092164864639,-3.677229662789096,4.1780767,4.031827900000001,4.15571026,13.96515162145835,1680.0770012950525,15,4.1780767,4.031827900000001,-0.1462487999999995,1680.0770012950525,15,0.8064615302308092,37.0,2.8226153558078324
424,0.0012095866340698,-3.67768034694278,4.1779194,4.0316706,4.155576353333333,13.967630912424989,1680.0810012705624,15,4.1779194,4.0316706,-0.1462488000000004,1680.0810012705624,15,0.8062757190376206,36.0,2.821965016631672
425,0.0012099575140092,-3.675417499506759,4.1778798,4.031631,4.155534393333332,13.95573252295127,1680.085001513362,15,4.1778798,4.031631,-0.1462488000000004,1680.085001513362,15,0.8062462383093072,35.0,2.821861834082575
426,0.0011799328298125,-3.6709320546353967,4.1779585,4.0333242,4.15563936,13.932686676823405,1680.0830015251413,15,4.1779585,4.0333242,-0.1446342999999998,1680.0830015251413,15,0.8061037945815117,34.0,2.821363281035291
427,0.0012094576425326,-3.6747947428580026,4.177762,4.0315914,4.155463513333333,13.95260436346129,1680.095001295209,15,4.177762,4.0315914,-0.1461706000000004,1680.095001295209,15,0.8058045683010147,33.0,2.8203159890535514
428,0.0012127326218898,-3.6763901984354495,4.1780767,4.0315523,4.155607853333334,13.961590509675656,1680.081001269631,15,4.1780767,4.0315523,-0.1465243999999996,1680.081001269631,15,0.8057736795746141,32.0,2.8202078785111495
429,0.0012343811374078,-3.6821345073426826,4.1777225,4.0301347000000005,4.155345406666666,13.990273573842495,1680.0910015264526,15,4.1777225,4.0301347000000005,-0.1475877999999992,1680.0910015264526,15,0.8055222184656344,31.0,2.8193277646297203
430,0.0012136404476712,-3.676618044867568,4.1779194,4.0313945,4.155497613333333,13.962031839296207,1680.0850013680756,15,4.1779194,4.0313945,-0.1465249000000001,1680.0850013680756,15,0.8053968617727715,30.0,2.8188890162047
431,0.0012125060476009,-3.674649360278095,4.177762,4.0313158,4.155342766666667,13.95203057538376,1680.0950013082474,15,4.177762,4.0313158,-0.1464462000000006,1680.0950013082474,15,0.8051733332918288,29.0,2.818106666521401
432,0.0012131017805592,-3.674185403305711,4.1778798,4.0313158,4.155368926666666,13.949689273496652,1680.0810015210882,15,4.1778798,4.0313158,-0.1465640000000005,1680.0810015210882,15,0.8050524101856249,28.0,2.817683435649687
433,0.0012151167696214,-3.675586878045736,4.1777225,4.031158400000001,4.155327000000001,13.956439924089072,1680.08100143075,15,4.1777225,4.031158400000001,-0.1465640999999991,1680.08100143075,15,0.8049199408219018,27.0,2.817219792876656
434,0.0012127715904063,-3.675590107714221,4.1778798,4.0312767,4.155327026666667,13.957657434086446,1680.0870013916865,15,4.1778798,4.0312767,-0.1466031000000001,1680.0870013916865,15,0.8047763391781767,26.0,2.8167171871236185
435,0.0012145639422111,-3.6725631032681223,4.1777225,4.0310011,4.15511436,13.941744678732224,1680.0890014627948,15,4.1777225,4.0310011,-0.1467213999999996,1680.0890014627948,15,0.8044971757364908,25.0,2.815740115077718
436,0.0012138088218112,-3.675071973527917,4.1776042,4.0309615,4.155059246666667,13.954419893821946,1680.0890013743192,15,4.1776042,4.0309615,-0.1466427000000001,1680.0890013743192,15,0.8043573430118428,24.0,2.81525070054145
437,0.0012157249624478,-3.67585232783138,4.1778011,4.0311189,4.155321726666667,13.958327882118793,1680.1010013744235,15,4.1778011,4.0311189,-0.1466821999999998,1680.1010013744235,15,0.8043592617085965,23.0,2.8152574159800876
438,0.0012146777457206,-3.678519562469784,4.177643799999999,4.031158400000001,4.155332206666667,13.971750857229878,1680.103001315147,15,4.177643799999999,4.031158400000001,-0.1464853999999986,1680.103001315147,15,0.8042074267842414,22.0,2.814725993744845
439,0.0012121580559863,-3.675475935205957,4.1776042,4.031198000000001,4.155214073333334,13.955709178829276,1680.1010012589395,15,4.1776042,4.031198000000001,-0.1464061999999995,1680.1010012589395,15,0.8040199096218917,21.0,2.814069683676621
440,0.0012138229456383,-3.6756595823619342,4.1775651,4.0310402000000005,4.155143253333334,13.956750321425885,1680.0930013535544,15,4.1775651,4.0310402000000005,-0.1465248999999993,1680.0930013535544,15,0.8038403513530422,20.0,2.813441229735648
441,0.001215755304074,-3.676265970971956,4.1776042,4.0310011,4.15520886,13.960086542681877,1680.0810015043244,15,4.1776042,4.0310011,-0.1466031000000001,1680.0810015043244,15,0.8037713395756215,19.0,2.8131996885146755
442,0.0012174246822868,-3.6706867348768193,4.1778798,4.0309615,4.15520356,13.932249921536162,1680.077001258731,15,4.1778798,4.0309615,-0.1469183000000002,1680.077001258731,15,0.8036268507205637,18.0,2.812693977521973
443,0.0012178168103139,-3.6753191064049626,4.177643799999999,4.0308042,4.155109159999999,13.955810805543614,1680.0830012606457,15,4.177643799999999,4.0308042,-0.1468395999999989,1680.0830012606457,15,0.8034898749020721,17.0,2.8122145621572523
444,0.0011889810793049,-3.670044788805038,4.1774859,4.0323792,4.155153726666667,13.927701035498682,1680.0730014080182,15,4.1774859,4.0323792,-0.1451066999999994,1680.0730014080182,15,0.8033151203399368,16.0,2.811602921189779
445,0.0012690818051131,-3.6818289931242703,4.1776829,4.027968899999999,4.15492532,13.989331868048067,1680.091001282446,15,4.1776829,4.027968899999999,-0.1497140000000003,1680.091001282446,15,0.8032176697005211,15.0,2.811261843951824
446,0.0012446302601098,-3.678540701432728,4.1776042,4.0293078,4.155004113333333,13.972325399782498,1680.1090015629306,15,4.1776042,4.0293078,-0.1482964000000004,1680.1090015629306,15,0.803066114043511,14.0,2.8107313991522886
447,0.0012912510065231,-3.6860743189834144,4.177762,4.0268269,4.154927980000001,14.011079333549436,1680.1150012649596,15,4.177762,4.0268269,-0.1509351000000007,1680.1150012649596,15,0.8030128989684863,13.0,2.810545146389702
448,0.0012190845920463,-3.6755259187274905,4.1776042,4.0307255,4.155095926666667,13.9560376511326,1680.1010014116764,15,4.1776042,4.0307255,-0.1468787000000002,1680.1010014116764,15,0.8027997225251119,12.0,2.8097990288378916
449,0.0012187412907623,-3.6729106267653098,4.177643799999999,4.0307255,4.155054033333334,13.94261222523314,1680.0950015336275,15,4.177643799999999,4.0307255,-0.1469182999999994,1680.0950015336275,15,0.8026354875264292,11.0,2.809224206342502
450,0.0012471830067892,-3.6775614923211246,4.1775651,4.0291109,4.154925306666667,13.966209769911298,1680.0970012983307,15,4.1775651,4.0291109,-0.1484541999999997,1680.0970012983307,15,0.8024923424478392,10.0,2.8087231985674372
451,0.0012196115100342,-3.672830038901736,4.1776042,4.0306072,4.1549805,13.943017656654458,1680.0950013464317,15,4.1776042,4.0306072,-0.1469969999999998,1680.0950013464317,15,0.8022979899483423,9.0,2.8080429648191982
452,0.001220289847074,-3.672387453520354,4.1775651,4.0306463,4.155048713333334,13.939755625963269,1680.0870012557134,15,4.1775651,4.0306463,-0.1469187999999999,1680.0870012557134,15,0.8022367731025627,8.0,2.8078287058589693
453,0.0012224399986678,-3.675062001858072,4.1775651,4.0304103,4.154949026666666,13.954827287837308,1680.0870015313849,15,4.1775651,4.0304103,-0.1471548,1680.0870015313849,15,0.8020557455042095,7.0,2.807195109264734
454,0.0012200710951878,-3.671119136653509,4.177643799999999,4.0305285,4.154909593333333,13.934497825483838,1680.0910012712702,15,4.177643799999999,4.0305285,-0.1471152999999994,1680.0910012712702,15,0.8019111144441728,6.0,2.806688900554605
455,0.0012482678402869,-3.6801945631263866,4.1774468,4.028914,4.154809813333333,13.98109973886648,1680.097001535818,15,4.1774468,4.028914,-0.1485327999999999,1680.097001535818,15,0.8017513825375904,5.0,2.8061298388815663
456,0.0012491315545455,-3.679055316151142,4.1775255,4.028914,4.154841346666667,13.97434825338576,1680.1090015629306,15,4.1775255,4.028914,-0.1486114999999994,1680.1090015629306,15,0.8016800372019546,4.0,2.805880130206841
457,0.0012214390006825,-3.674167289814236,4.1775255,4.030489,4.154967340000001,13.94945601664277,1680.085001513362,15,4.1775255,4.030489,-0.1470364999999995,1680.085001513362,15,0.8014881339432968,3.0,2.805208468801539
458,0.0011898430123323,-3.666537264218923,4.1774073,4.032064,4.154851833333333,13.910601262305075,1680.0790013968945,15,4.1774073,4.032064,-0.1453432999999995,1680.0790013968945,15,0.8012301015633911,2.0,2.804305355471869
460,0.0012241238379826,-3.670745772529552,4.1773286,4.030056,4.154639186666667,13.931968170526432,1680.079001297243,15,4.1773286,4.030056,-0.1472725999999999,1680.079001297243,15,0.801402921952621,0.0,2.8049102268341732
461,0.0011957685193212,-3.6664945573899734,4.1773682,4.0316706,4.154762586666667,13.909791638400677,1680.073001488112,15,4.1773682,4.0316706,-0.1456976000000001,1680.073001488112,15,0.8010988215787761,-1.0,2.8038458755257163
462,0.0012238807169263,-3.6742665106467753,4.1774859,4.0302134,4.154817706666667,13.950490730778284,1680.079001502134,15,4.1774859,4.0302134,-0.1472724999999997,1680.079001502134,15,0.8010460582585415,-2.0,2.803661203904895
463,0.0012248410703388,-3.6713245716492575,4.1772895,4.0299377,4.154563079999999,13.93515565948993,1680.0790014714005,15,4.1772895,4.0299377,-0.1473518,1680.0790014714005,15,0.8007015598964536,-3.0,2.8024554596375877
464,0.0012252022854955,-3.673393527104657,4.1774073,4.0300951000000005,4.154757346666667,13.94515940425197,1680.0810015043244,15,4.1774073,4.0300951000000005,-0.1473121999999991,1680.0810015043244,15,0.80067516881925,-4.0,2.802363090867375
465,0.0012240737275078,-3.672528330387275,4.1773286,4.0300951000000005,4.1546916933333335,13.940614159014777,1680.0870015313849,15,4.1773286,4.0300951000000005,-0.1472334999999995,1680.0870015313849,15,0.8005008320166398,-5.0,2.801752912058239
466,0.001251589430444,-3.6770535168886886,4.1772895,4.0285201,4.154552586666666,13.964202163609148,1680.103001399897,15,4.1772895,4.0285201,-0.1487693999999999,1680.103001399897,15,0.8003475358405024,-6.0,2.8012163754417587
467,0.0011965056658823,-3.666963716357538,4.1772895,4.0315914,4.154725866666667,13.91233469672731,1680.0750015079975,15,4.1772895,4.0315914,-0.1456980999999997,1680.0750015079975,15,0.8002088385356986,-7.0,2.800730934874945
468,0.0012248128395463,-3.6720548835977103,4.1772895,4.0299773000000005,4.154607706666667,13.938634066732984,1680.0770015111193,15,4.1772895,4.0299773000000005,-0.1473121999999991,1680.0770015111193,15,0.8000307853093224,-8.0,2.8001077485826285
469,0.0012263681449002,-3.672331723920304,4.1772895,4.0299377,4.154649719999999,13.939983353986982,1680.0750015070662,15,4.1772895,4.0299377,-0.1473518,1680.0750015070662,15,0.7999268970579504,-9.0,2.799744139702826
470,0.001252861141922,-3.675281627229326,4.1773286,4.0284019,4.154481673333333,13.955151025289483,1680.0770014012232,15,4.1773286,4.0284019,-0.1489266999999996,1680.0770014012232,15,0.799724421393927,-10.0,2.7990354748787443
471,0.0012280697555768,-3.670707674052092,4.1771712,4.0296621,4.154444840000001,13.931258733675392,1680.0910013094544,15,4.1771712,4.0296621,-0.1475090999999997,1680.0910013094544,15,0.7995122332979524,-11.0,2.798292816542834
472,0.0012284907457855,-3.6691500111791457,4.1772499,4.029622600000001,4.154413346666668,13.924137863281707,1680.0910015255213,15,4.1772499,4.029622600000001,-0.147627299999999,1680.0910015255213,15,0.7993552815387065,-12.0,2.797743485385473
473,0.0012290467571652,-3.6715982838664414,4.1771317,4.0296621,4.1545027333333335,13.935749551200256,1680.089001356624,15,4.1771317,4.0296621,-0.1474695999999999,1680.089001356624,15,0.7992355270785289,-13.0,2.797324344774851
474,0.0012283761204285,-3.67145773337705,4.1772103,4.0296621,4.1544686,13.93595742584654,1680.1010012757033,15,4.1772103,4.0296621,-0.1475481999999992,1680.1010012757033,15,0.7990801583901053,-14.0,2.7967805543653683
475,0.0012277672221711,-3.671171434402357,4.1772103,4.0297408,4.15451314,13.93407752150203,1680.0930013591424,15,4.1772103,4.0297408,-0.1474694999999997,1680.0930013591424,15,0.798991340412326,-15.0,2.796469691443141
476,0.0012553952284178,-3.6753553860031727,4.1772895,4.0281658,4.154374093333334,13.955817198770958,1680.1130015719682,15,4.1772895,4.0281658,-0.1491236999999996,1680.1130015719682,15,0.79878765296255,-16.0,2.795756785368926
477,0.0012555965243883,-3.673423609461171,4.1772103,4.0280476,4.154248046666666,13.946104323171522,1680.1170013584197,15,4.1772103,4.0280476,-0.1491626999999997,1680.1170013584197,15,0.7986631063717992,-17.0,2.795320872301297
478,0.0012559026280249,-3.674542605314457,4.1771317,4.027968899999999,4.1541955066666665,13.951987122991408,1680.1010015308857,15,4.1771317,4.027968899999999,-0.1491628000000009,1680.1010015308857,15,0.7984797946335183,-18.0,2.794679281217314
479,0.0012282283404068,-3.670580317998233,4.1772103,4.0295835,4.15437406,13.93132526792554,1680.0890013193712,15,4.1772103,4.0295835,-0.1476267999999994,1680.0890013193712,15,0.7983655660750707,-19.0,2.7942794812627474
480,0.0012299247127649,-3.672601529956624,4.1771317,4.0295048,4.154400326666666,13.94159005192553,1680.099001542665,15,4.1771317,4.0295048,-0.1476269000000005,1680.099001542665,15,0.7982593931566612,-20.0,2.7939078760483143
481,0.0012287196557069,-3.6693139411569566,4.1772103,4.0295835,4.154387153333333,13.924810848427928,1680.105001308024,15,4.1772103,4.0295835,-0.1476267999999994,1680.105001308024,15,0.798067228140578,-21.0,2.793235298492023
482,0.0012261355780202,-3.672473996864061,4.176856,4.0295048,4.15420602,13.940505798298016,1680.103001290001,15,4.176856,4.0295048,-0.1473512000000001,1680.103001290001,15,0.7978341041911972,-22.0,2.79241936466919
483,0.0012314828318311,-3.6697767186989614,4.1772103,4.0293865,4.154334639999999,13.927124224313374,1680.0990014076233,15,4.1772103,4.0293865,-0.1478237999999994,1680.0990014076233,15,0.7978180482292055,-23.0,2.7923631688022192
484,0.0012597570800895,-3.674922005417456,4.177053,4.0276537,4.154077366666667,13.953872624728657,1680.095001480542,15,4.177053,4.0276537,-0.1493992999999998,1680.095001480542,15,0.7976020088924154,-24.0,2.791607031123454
485,0.001258607729322,-3.6726668344894855,4.1770134,4.0276537,4.153998593333333,13.942486209531904,1680.1110013378784,15,4.1770134,4.0276537,-0.1493596999999997,1680.1110013378784,15,0.7975226344692453,-25.0,2.7913292206423588
486,0.0012311382484174,-3.669498123853267,4.177053,4.0293469,4.15427428,13.925174034737342,1680.1090013496578,15,4.177053,4.0293469,-0.1477060999999997,1680.1090013496578,15,0.7973838542081706,-26.0,2.790843489728597
487,0.001261190904264,-3.6751567069804265,4.177053,4.0276537,4.1541508533333324,13.954583821140726,1680.0930013014004,15,4.177053,4.0276537,-0.1493992999999998,1680.0930013014004,15,0.7972264626545839,-27.0,2.7902926192910433
488,0.0012324469190512,-3.6686075123511666,4.1770134,4.0292287,4.1542138133333335,13.920392317002506,1680.0950015336275,15,4.1770134,4.0292287,-0.1477846999999998,1680.0950015336275,15,0.7970964825511139,-28.0,2.7898376889288987
489,0.0012355043452457,-3.669620718316114,4.177053,4.0290322,4.154182400000001,13.92606856362713,1680.0970015516505,15,4.177053,4.0290322,-0.1480208000000002,1680.0970015516505,15,0.7969283968381077,-29.0,2.789249388933377
490,0.0012333071699455,-3.666936907394544,4.177053,4.0290713,4.154085253333333,13.912517700632904,1680.083001371473,15,4.177053,4.0290713,-0.1479816999999998,1680.083001371473,15,0.7967621444168527,-30.0,2.788667505458984
491,0.0012328513421652,-3.6697595142310857,4.177053,4.0292683,4.154284766666666,13.926348511126683,1680.0770013500005,15,4.177053,4.0292683,-0.1477846999999998,1680.0770013500005,15,0.796808420523508,-31.0,2.788829471832278
492,0.0012339147938982,-3.669240582451771,4.1769743,4.028992700000001,4.15405896,13.924259900647396,1680.085001340136,15,4.1769743,4.028992700000001,-0.1479815999999996,1680.085001340136,15,0.7965792151913597,-32.0,2.788027253169759
493,0.00123673944881,-3.66938617337815,4.1768956,4.0287957,4.1540064999999995,13.925052531451222,1680.0830014124513,15,4.1768956,4.0287957,-0.1480999,1680.0830014124513,15,0.796425391714332,-33.0,2.787488871000162
494,0.001236093004992,-3.667652426286209,4.1769347,4.028914,4.1540746933333335,13.915360505135848,1680.0770013416186,15,4.1769347,4.028914,-0.1480207,1680.0770013416186,15,0.7963142355184697,-34.0,2.787099824314644
495,0.0012352160560855,-3.6667929078954904,4.17662,4.0285988,4.1537072466666665,13.911145821437405,1680.087001280859,15,4.17662,4.0285988,-0.1480211999999996,1680.087001280859,15,0.7959067143137715,-35.0,2.7856735000982003
496,0.0012362056924492,-3.665382538547459,4.1768956,4.0287957,4.1539409266666665,13.903863061979848,1680.0850013531744,15,4.1768956,4.0287957,-0.1480999,1680.0850013531744,15,0.7959685313702485,-36.0,2.7858898597958697
497,0.0012371463170026,-3.66637958940768,4.177053,4.0288353,4.154038046666667,13.90939150196574,1680.0910013606772,15,4.177053,4.0288353,-0.1482177,1680.0910013606772,15,0.7958733571132892,-37.0,2.785556749896512
498,0.0012397091812455,-3.66682398741028,4.1767774,4.028441399999999,4.153778146666666,13.911799918657977,1680.0890015214682,15,4.1767774,4.028441399999999,-0.1483360000000004,1680.0890015214682,15,0.7956973595930986,-38.0,2.784940758575845
499,0.0012365180143517,-3.6670371327985856,4.1767774,4.028677500000001,4.153854180000001,13.912394941840509,1680.0810013161972,15,4.1767774,4.028677500000001,-0.1480998999999991,1680.0810013161972,15,0.795647726001131,-39.0,2.7847670410039584
500,0.001240908962072,-3.6666540078776593,4.1764622000000005,4.0281658,4.1535602266666665,13.909913802182768,1680.0850013541058,15,4.1764622000000005,4.0281658,-0.1482964000000004,1680.0850013541058,15,0.7953470296310369,-40.0,2.783714603708629
501,0.0012114086008868,-3.6612960626085296,4.17662,4.029898200000001,4.15374394,13.882965319786232,1680.0790013605729,15,4.17662,4.029898200000001,-0.146721799999999,1680.0790013605729,15,0.7953419636883835,-41.0,2.783696872909342
502,0.0012391179202995,-3.6667125695956817,4.17662,4.0283628,4.153667866666667,13.910680593244962,1680.0970015544444,15,4.17662,4.0283628,-0.1482571999999997,1680.0970015544444,15,0.7953178528870991,-42.0,2.7836124851048467
503,0.0012664367325754,-3.668989252188456,4.1767774,4.0269055,4.15360746,13.923397780083588,1680.097001307644,15,4.1767774,4.0269055,-0.1498718999999999,1680.097001307644,15,0.7950930746463065,-43.0,2.782825761262073
504,0.0012657357981952,-3.6692351215583305,4.1765804,4.0267873,4.153455233333333,13.92373588292067,1680.093001369387,15,4.1765804,4.0267873,-0.1497931000000001,1680.093001369387,15,0.7948336114938302,-44.0,2.781917640228406
505,0.0012429980079131,-3.6661823949649057,4.1764622000000005,4.027929299999999,4.15342628,13.908589056388806,1680.075001339428,15,4.1764622000000005,4.027929299999999,-0.148532900000001,1680.075001339428,15,0.7946039668675206,-45.0,2.781113884036322
506,0.0012119258710259,-3.660529042221255,4.17662,4.029898200000001,4.15376238,13.878419653600922,1680.0750012518838,15,4.17662,4.029898200000001,-0.146721799999999,1680.0750012518838,15,0.7946604437045043,-46.0,2.781311552965765
507,0.0012126110984668,-3.6574287123706,4.1765804,4.0295835,4.15345524,13.863622207412156,1680.071001276374,15,4.1765804,4.0295835,-0.1469968999999995,1680.071001276374,15,0.7944244962413192,-47.0,2.780485736844617
508,0.001240386055682,-3.664857771275371,4.1765804,4.0281262,4.153478906666667,13.901926877674494,1680.0810015052557,15,4.1765804,4.0281262,-0.1484541999999997,1680.0810015052557,15,0.7944084328595837,-48.0,2.780429515008543
509,0.0012104767585563,-3.661856911527048,4.1764231,4.0297804,4.153583873333333,13.88594329004782,1680.0790015012026,15,4.1764231,4.0297804,-0.1466427000000001,1680.0790015012026,15,0.7942165517424277,-49.0,2.779757931098497
511,0.0012425271953581,-3.663975264010034,4.17662,4.0280871,4.153539266666667,13.897089930270685,1680.077001512982,15,4.17662,4.0280871,-0.1485329000000002,1680.077001512982,15,0.7942574499840338,-51.0,2.779901074944118
512,0.0012408125336541,-3.664499661417371,4.1765413,4.0280871,4.153457886666667,13.899996489914791,1680.0910012740642,15,4.1765413,4.0280871,-0.1484542000000006,1680.0910012740642,15,0.7939389419962563,-52.0,2.778786296986897
513,0.0012711387045406,-3.671920938080551,4.1765413,4.0264726,4.153436826666667,13.93797267288532,1680.1030013114214,15,4.1765413,4.0264726,-0.1500687000000002,1680.1030013114214,15,0.7938155856575914,-53.0,2.77835454980157
514,0.0012441961185506,-3.666224342004752,4.1764622000000005,4.0278902,4.153447373333334,13.908325422624015,1680.101001419127,15,4.1764622000000005,4.0278902,-0.1485720000000006,1680.101001419127,15,0.7935630686952811,-54.0,2.777470740433484
515,0.0012435400852183,-3.663923414537372,4.1765018,4.027929299999999,4.153431613333333,13.896474668115555,1680.087001517415,15,4.1765018,4.027929299999999,-0.1485725000000002,1680.087001517415,15,0.7934058676808959,-55.0,2.776920536883136
516,0.0012730553717335,-3.671892352177051,4.1765018,4.0263147,4.153373826666667,13.937476595624066,1680.1090015629306,15,4.1765018,4.0263147,-0.1501870999999992,1680.1090015629306,15,0.7932559758516631,-56.0,2.776395915480821
517,0.0012453645827568,-3.66688508057995,4.1764622000000005,4.027811499999999,4.153434239999999,13.911996699697568,1680.0910012889651,15,4.1764622000000005,4.027811499999999,-0.148650700000001,1680.0910012889651,15,0.7931157777276325,-57.0,2.7759052220467137
518,0.001244182785886,-3.666833926100761,4.1763835,4.027771899999999,4.153334419999999,13.91166696571575,1680.0910015413538,15,4.1763835,4.027771899999999,-0.1486116000000006,1680.0910015413538,15,0.7929535678722175,-58.0,2.775337487552761
519,0.0012455639941198,-3.6625637157702777,4.1765413,4.027771899999999,4.153363353333333,13.889455155928363,1680.0930015444756,15,4.1765413,4.027771899999999,-0.1487694000000008,1680.0930015444756,15,0.7928162885662354,-59.0,2.774857009981824
520,0.0012473389581449,-3.665326594880562,4.1764231,4.0276933,4.153400173333334,13.903489844278011,1680.0810015201569,15,4.1764231,4.0276933,-0.1487297999999999,1680.0810015201569,15,0.792715491098981,-60.0,2.7745042188464333
521,0.0012142603778211,-3.659043311197702,4.1765018,4.0294256,4.15339744,13.872504843495648,1680.0770014971497,15,4.1765018,4.0294256,-0.1470761999999998,1680.0770014971497,15,0.7925029186261475,-61.0,2.7737602151915164
522,0.0012461811732155,-3.666416405371147,4.1763835,4.0276537,4.153313446666667,13.9097741806342,1680.0830012727529,15,4.1763835,4.0276537,-0.1487297999999999,1680.0830012727529,15,0.7924051605650886,-62.0,2.77341806197781
523,0.0012160061023178,-3.659240967473659,4.1763444,4.0293469,4.153407993333333,13.872230569671885,1680.0770014971497,15,4.1763444,4.0293469,-0.1469974999999994,1680.0770014971497,15,0.7922590737814666,-63.0,2.772906758235133
524,0.0012465378186006,-3.664291893153912,4.1763048,4.0276146,4.153271493333333,13.89829481659233,1680.0830015083775,15,4.1763048,4.0276146,-0.1486901999999998,1680.0830015083775,15,0.7921805972075349,-64.0,2.772632090226372
525,0.0012465626020238,-3.66576624802093,4.1763444,4.0276146,4.153287233333334,13.906283168721856,1680.085001513362,15,4.1763444,4.0276146,-0.1487297999999999,1680.085001513362,15,0.7920379138492839,-65.0,2.7721326984724937
526,0.001248004184512,-3.6631946460033697,4.1763048,4.0274568,4.153176973333334,13.8925146231718,1680.075001454912,15,4.1763048,4.0274568,-0.1488479999999992,1680.075001454912,15,0.7918437784466068,-66.0,2.771453224563124
527,0.0012192005469495,-3.660672149748912,4.1762261,4.0290713,4.153308233333333,13.879285439041531,1680.0710013629869,15,4.1762261,4.0290713,-0.1471548,1680.0710013629869,15,0.7917765547757792,-67.0,2.771217941715227
528,0.0012183737442683,-3.6555312266628177,4.1763444,4.0291109,4.1532583533333325,13.853473468319104,1680.079001517035,15,4.1763444,4.0291109,-0.1472334999999995,1680.079001517035,15,0.791604245737266,-68.0,2.770614860080431
529,0.0012478972774968,-3.6661648148035897,4.1762652000000005,4.0274568,4.15320054,13.90838305673358,1680.087001456879,15,4.1762652000000005,4.0274568,-0.1488084,1680.087001456879,15,0.7915034098980034,-69.0,2.770261934643012
530,0.0012496210658149,-3.6636918215165046,4.1762652000000005,4.0272598,4.153066626666667,13.895470368726102,1680.089001310058,15,4.1762652000000005,4.0272598,-0.1490054,1680.089001310058,15,0.791278093773639,-70.0,2.7694733282077366
531,0.0012488850009678,-3.6620562011349103,4.1761866,4.0272598,4.153014193333334,13.887123195272633,1680.087001517415,15,4.1761866,4.0272598,-0.1489267999999999,1680.087001517415,15,0.7911074236829198,-71.0,2.768875982890219
532,0.0012518160649982,-3.66530995584662,4.1761079,4.027023799999999,4.15295646,13.90383265659716,1680.0730014359578,15,4.1761079,4.027023799999999,-0.1490841000000005,1680.0730014359578,15,0.79095635214433,-72.0,2.768347232505155
533,0.001253065962352,-3.660682538187161,4.1762261,4.0269842,4.152935506666667,13.87983768957227,1680.0690014362335,15,4.1762261,4.0269842,-0.1492418999999998,1680.0690014362335,15,0.7908170639517837,-73.0,2.767859723831243
534,0.0012208779899563,-3.6606738486516446,4.1759896,4.028716999999999,4.153040393333334,13.880021083532274,1680.0690014883876,15,4.1759896,4.028716999999999,-0.1472726000000008,1680.0690014883876,15,0.7907558058034942,-74.0,2.76764532031223
535,0.0012483851224121,-3.663589921194976,4.1760292,4.0271025,4.152846173333334,13.89498846109378,1680.0850013270974,15,4.1760292,4.0271025,-0.1489267000000005,1680.0850013270974,15,0.7905600140447903,-75.0,2.766960049156766
536,0.0012505193691931,-3.6649083650432903,4.1761475,4.027063399999999,4.15292762,13.902206417981631,1680.0850013857707,15,4.1761475,4.027063399999999,-0.1490841000000005,1680.0850013857707,15,0.7904574498904087,-76.0,2.7666010746164305
537,0.0012530473663866,-3.6656993284810246,4.1761866,4.027023799999999,4.153022033333333,13.90580038473751,1680.081001506187,15,4.1761866,4.027023799999999,-0.1491628000000009,1680.081001506187,15,0.7904059509179306,-77.0,2.766420828212757
538,0.0012214063113195,-3.655730786884016,4.1760688,4.028716999999999,4.153019433333333,13.853546199345963,1680.0810013143346,15,4.1760688,4.028716999999999,-0.1473518000000009,1680.0810013143346,15,0.7902464952145338,-78.0,2.7658627332508683
539,0.0012508335145368,-3.6643907354713394,4.1760292,4.0269451,4.152819939999999,13.89933938171011,1680.0750014940277,15,4.1760292,4.0269451,-0.1490841000000005,1680.0750014940277,15,0.7900454660072551,-79.0,2.765159131025393
540,0.0012528511108297,-3.6642224409176527,4.1760292,4.026866399999999,4.152840960000001,13.898346943848374,1680.0730014899746,15,4.1760292,4.026866399999999,-0.1491628000000009,1680.0730014899746,15,0.789938499751016,-80.0,2.764784749128556
541,0.0012518410131531,-3.6608545147324176,4.1759109,4.0268269,4.152717480000001,13.88013091750144,1680.0850013652816,15,4.1759109,4.0268269,-0.1490840000000002,1680.0850013652816,15,0.789825107866753,-81.0,2.7643878775336352
542,0.0012826576364014,-3.6674178398639232,4.1760688,4.0252123,4.1527071,13.914675967721337,1680.0970015507191,15,4.1760688,4.0252123,-0.1508565000000006,1680.0970015507191,15,0.7896768085136474,-82.0,2.763868829797766
543,0.0012541104328211,-3.661660405848604,4.1759109,4.026590799999999,4.15260464,13.88540684561611,1680.107001490891,15,4.1759109,4.026590799999999,-0.1493201000000006,1680.107001490891,15,0.7894227556881663,-83.0,2.762979644908582
544,0.0012831966918052,-3.6659789503942695,4.1759109,4.0249763,4.152483933333333,13.907161822029304,1680.1030014678836,15,4.1759109,4.0249763,-0.1509346000000002,1680.1030014678836,15,0.7892851886663713,-84.0,2.7624981603323
545,0.0012542226484506,-3.660373328847432,4.1759109,4.0266299,4.152636106666667,13.87801470673449,1680.0930014755577,15,4.1759109,4.0266299,-0.1492810000000002,1680.0930014755577,15,0.7891978594562258,-85.0,2.76219250809679
546,0.0012522242574283,-3.662635652766217,4.1759109,4.0267482,4.152675553333333,13.889733358367357,1680.081001356244,15,4.1759109,4.0267482,-0.1491626999999997,1680.081001356244,15,0.7890887034869098,-86.0,2.7618104622041844
547,0.0012559732027912,-3.661085396556608,4.175792700000001,4.026433,4.152533753333333,13.88159910001832,1680.0730013111606,15,4.175792700000001,4.026433,-0.1493597000000006,1680.0730013111606,15,0.7889626130670658,-87.0,2.7613691457347302
548,0.0012553160886674,-3.6626278869844544,4.1759109,4.026590799999999,4.15267288,13.889292338318544,1680.0750014036894,15,4.1759109,4.026590799999999,-0.1493201000000006,1680.0750014036894,15,0.7888736547820564,-88.0,2.7610577917371972
549,0.0012270906401392,-3.6560090877205775,4.1758323,4.0281262,4.152720193333334,13.855000451331158,1680.0690014371648,15,4.1758323,4.0281262,-0.1477060999999997,1680.0690014371648,15,0.7887342991715887,-89.0,2.7605700471005603
550,0.0012874665336221,-3.660049359878202,4.1758718,4.0245824,4.152245006666667,13.876733931089555,1680.085001528263,15,4.1758718,4.0245824,-0.1512894000000004,1680.085001528263,15,0.7884725635085722,-90.0,2.759653972280003
551,0.0012839668571885,-3.6646778008972287,4.1757536,4.0247397000000005,4.1522739,13.901041703540912,1680.097001538612,15,4.1757536,4.0247397000000005,-0.1510138999999997,1680.097001538612,15,0.7883663171749437,-91.0,2.7592821101123026
552,0.0012852008566597,-3.666905497879783,4.1758718,4.0248976,4.15251284,13.911363050080222,1680.099001542665,15,4.1758718,4.0248976,-0.1509742000000002,1680.099001542665,15,0.7883529185306991,-92.0,2.759235214857447
553,0.001255668832444,-3.661557058157776,4.175714,4.0263543,4.152444553333334,13.884236254552082,1680.0910013308749,15,4.175714,4.0263543,-0.1493596999999997,1680.0910013308749,15,0.7881239800468904,-93.0,2.7584339301641165
554,0.0012276454740311,-3.657093360748684,4.1757536,4.028008,4.15264146,13.861357815299607,1680.0730015039444,15,4.1757536,4.028008,-0.1477456000000003,1680.0730015039444,15,0.7880120611321537,-94.0,2.758042213962538
555,0.0012876461229809,-3.666201004064491,4.175714,4.0245824,4.1523132333333335,13.908431265115096,1680.0770014449954,15,4.175714,4.0245824,-0.1511316000000002,1680.0770014449954,15,0.7878144017912546,-95.0,2.757350406269391
556,0.0012848597551969,-3.661964962043378,4.1759505,4.0247397000000005,4.152292213333333,13.887176730268244,1680.0730013689026,15,4.1759505,4.0247397000000005,-0.1512107999999994,1680.0730013689026,15,0.7877036647013729,-96.0,2.756962826454805
557,0.0012590648226542,-3.659437384685844,4.1756749,4.026118299999999,4.1523579,13.872702595254797,1680.0770012689754,15,4.1756749,4.026118299999999,-0.1495566000000003,1680.0770012689754,15,0.7875592483501902,-97.0,2.7564573692256658
558,0.0012608111629123,-3.660517650708589,4.1759109,4.0260787,4.152418266666667,13.879854811927508,1680.0950014442203,15,4.1759109,4.0260787,-0.1498321999999996,1680.0950014442203,15,0.7874458915357218,-98.0,2.756060620375026
559,0.0013111139721942,-3.670550670553745,4.1756749,4.0233221,4.1522529,13.93012313661878,1680.1050014942884,15,4.1756749,4.0233221,-0.1523528,1680.1050014942884,15,0.7873594342983096,-99.0,2.755758020044083
560,0.001287012771132,-3.665662507808376,4.175792700000001,4.0246611,4.152355293333334,13.905640649225417,1680.1010012850163,15,4.175792700000001,4.0246611,-0.1511316000000002,1680.1010012850163,15,0.7872435794697106,-100.0,2.755352528143987
562,0.0012302877119974,-3.657058470584244,4.1755567000000005,4.0276146,4.15238158,13.861045048879635,1680.0750014856458,15,4.1755567000000005,4.0276146,-0.1479421000000007,1680.0750014856458,15,0.7873718637011721,-102.0,2.755801522954102
563,0.0012608922695098,-3.660470784766954,4.1755962,4.025921299999999,4.152263453333334,13.878817712943649,1680.0770014980808,15,4.1755962,4.025921299999999,-0.1496749000000008,1680.0770014980808,15,0.7870583907132008,-103.0,2.754704367496203
564,0.0012601464362409,-3.659204712528776,4.1756749,4.0260391,4.1523316333333335,13.872160718362828,1680.075001272373,15,4.1756749,4.0260391,-0.1496357999999995,1680.075001272373,15,0.7869013480256767,-104.0,2.754154718089868
565,0.0012583491696126,-3.661417668677484,4.1755962,4.026,4.152224086666666,13.88400092339698,1680.0790015179664,15,4.1755962,4.026,-0.1495962000000004,1680.0790015179664,15,0.7866691129908389,-105.0,2.753341895467936
566,0.0012604498515263,-3.659734471071309,4.1755962,4.025921299999999,4.152234573333334,13.875254706556166,1680.0830014199018,15,4.1755962,4.025921299999999,-0.1496749000000008,1680.0830014199018,15,0.7865157773922672,-106.0,2.752805220872935
567,0.0012606031907669,-3.6604865434701734,4.1755171,4.0258818,4.152208253333333,13.877930318168657,1680.087001517415,15,4.1755171,4.0258818,-0.1496353000000008,1680.087001517415,15,0.786389386051936,-107.0,2.752362851181776
568,0.0012635566975326,-3.6616653169867392,4.1756749,4.0258031,4.152289713333333,13.884753709258144,1680.0690013216808,15,4.1756749,4.0258031,-0.1498717999999996,1680.0690013216808,15,0.7863201050599892,-108.0,2.752120367709962
569,0.00126358172183,-3.6573939390056607,4.175478,4.025566599999999,4.152014,13.86294652437532,1680.0750014362857,15,4.175478,4.025566599999999,-0.1499114000000005,1680.0750014362857,15,0.7859963761191331,-109.0,2.750987316416966
570,0.0012610276003795,-3.6582291164809657,4.1753597000000005,4.0256848,4.152011333333333,13.866537043869997,1680.0750012621284,15,4.1753597000000005,4.0256848,-0.1496749000000008,1680.0750012621284,15,0.7859660249164103,-110.0,2.750881087207436
571,0.001262607014272,-3.658093832661117,4.175281,4.0254488,4.1518538933333335,13.86639876722337,1680.105001267977,15,4.175281,4.0254488,-0.1498321999999996,1680.105001267977,15,0.7856860277258498,-111.0,2.7499010970404743
572,0.0013173243401098,-3.668002640760107,4.1753993,4.0225348,4.151746246666667,13.917356580225828,1680.1110015809536,15,4.1753993,4.0225348,-0.1528644999999997,1680.1110015809536,15,0.7855421399667112,-112.0,2.749397489883489
573,0.0012645287187098,-3.662559060400479,4.1753201,4.0254488,4.151992953333333,13.889567475113196,1680.10300154984,15,4.1753201,4.0254488,-0.1498713,1680.10300154984,15,0.7854831526966295,-113.0,2.749191034438203
574,0.0012609937371855,-3.660198768435414,4.1753597000000005,4.0256457,4.151990386666666,13.87747155521803,1680.1050015697256,15,4.1753597000000005,4.0256457,-0.1497140000000003,1680.1050015697256,15,0.785404471459574,-114.0,2.748915650108509
575,0.0012629199029357,-3.657204705825197,4.1753993,4.0254488,4.1518618,13.86239043821654,1680.0950013110414,15,4.1753993,4.0254488,-0.1499504999999992,1680.0950013110414,15,0.7851824025973846,-115.0,2.748138409090846
576,0.0012654909142425,-3.656951202444578,4.175478,4.0253305,4.15186964,13.861073167652725,1680.075001463294,15,4.175478,4.0253305,-0.1501475000000001,1680.075001463294,15,0.7851260032026207,-116.0,2.7479410112091727
577,0.001267906010096,-3.658702666770733,4.1751237,4.0250154,4.15169112,13.869423973972236,1680.0822031199932,15,4.1751237,4.0250154,-0.1501083000000003,1680.0822031199932,15,0.7848925014177982,-117.0,2.7471237549622938
578,0.0012659434056025,-3.6590280460095457,4.1751237,4.0251336,4.15171476,13.871376645894664,1680.0902031352744,15,4.1751237,4.0251336,-0.1499901000000001,1680.0902031352744,15,0.7847647729869635,-118.0,2.746676705454372
579,0.001291483567124,-3.662524786376433,4.1752415,4.023716,4.151601886666667,13.889751768425388,1680.0862031280994,15,4.1752415,4.023716,-0.1515254999999999,1680.0862031280994,15,0.7846670986172726,-119.0,2.746334845160454
580,0.0012667284920039,-3.658004928990215,4.1752024,4.025094,4.151704240000001,13.865866797111597,1680.1002031564713,15,4.1752024,4.025094,-0.1501083999999997,1680.1002031564713,15,0.7846792470775202,-120.0,2.746377364771321
581,0.0013179644999817,-3.666992194880214,4.1750054,4.022141,4.15137348,13.911760694850216,1680.1242029443383,15,4.1750054,4.022141,-0.1528643999999994,1680.1242029443383,15,0.7844284455026587,-121.0,2.7454995592593052
582,0.0012675063238998,-3.656927321659419,4.1751628,4.0249763,4.1516149533333335,13.860236377023984,1680.1202031970024,15,4.1751628,4.0249763,-0.1501865000000002,1680.1202031970024,15,0.78421728750775,-122.0,2.744760506277125
583,0.001268434460522,-3.6589637714173264,4.1751237,4.0250154,4.151720006666666,13.870739081889427,1680.0862031280994,15,4.1751237,4.0250154,-0.1501083000000003,1680.0862031280994,15,0.784167842581922,-123.0,2.744587449036727
584,0.0012676747826912,-3.6566903017725423,4.1753993,4.0250154,4.151662213333333,13.860483297541546,1680.0882028900087,15,4.1753993,4.0250154,-0.1503838999999995,1680.0882028900087,15,0.7840311458727452,-124.0,2.744109010554608
585,0.0012691002118706,-3.6576770459811168,4.1751628,4.0249763,4.151701606666666,13.863949074326856,1680.084202889353,15,4.1751628,4.0249763,-0.1501865000000002,1680.084202889353,15,0.7839243409748572,-125.0,2.743735193412
586,0.0012707313166911,-3.658819087374901,4.1750054,4.0247793,4.15159664,13.869607470413,1680.076203107834,15,4.1750054,4.0247793,-0.1502261000000002,1680.076203107834,15,0.7837456559228134,-126.0,2.743109795729847
587,0.0012697673810997,-3.6552084827756337,4.1751628,4.0247397000000005,4.151475846666667,13.852163237071888,1680.0822031199932,15,4.1751628,4.0247397000000005,-0.1504230999999993,1680.0822031199932,15,0.7835327782104103,-127.0,2.7423647237364364
588,0.0012684370968183,-3.658418442634178,4.1749659,4.024858,4.1515571866666665,13.867690109155571,1680.0842031240463,15,4.1749659,4.024858,-0.1501079,1680.0842031240463,15,0.7834571750621986,-128.0,2.742100112717695
589,0.0012710358167438,-3.657300908746931,4.1751628,4.0247006,4.151520433333333,13.86315804852702,1680.0762029364705,15,4.1751628,4.0247006,-0.1504621999999997,1680.0762029364705,15,0.7832953780141683,-129.0,2.741533823049589
590,0.0012984718157012,-3.663190817696953,4.1751628,4.023283,4.151520446666667,13.892896010901024,1680.1042031645777,15,4.1751628,4.023283,-0.1518797999999996,1680.1042031645777,15,0.7832139034825689,-130.0,2.7412486621889913
591,0.0012703158625302,-3.6592311903314103,4.1750841,4.0247397000000005,4.15154148,13.87263929053977,1680.0962029621005,15,4.1750841,4.0247397000000005,-0.1503443999999998,1680.0962029621005,15,0.7830672879820811,-131.0,2.740735507937284
592,0.0012713016405435,-3.6546204450273345,4.174690200000001,4.0241885,4.1509954066666666,13.849002311913726,1680.0822031199932,15,4.174690200000001,4.0241885,-0.1505017000000004,1680.0822031199932,15,0.7825262517995112,-132.0,2.7388418812982893
593,0.0012709195386655,-3.656459582547698,4.1750445,4.0246611,4.151465286666667,13.857547928804395,1680.0782028622923,15,4.1750445,4.0246611,-0.1503833999999999,1680.0782028622923,15,0.7827252678742331,-133.0,2.739538437559816
594,0.0012741065088835,-3.657972854543236,4.1750841,4.0245428,4.151520506666667,13.865420692376029,1680.080203101039,15,4.1750841,4.0245428,-0.1505413000000004,1680.080203101039,15,0.7826370715049519,-134.0,2.7392297502673317
595,0.0012730072808366,-3.65427791341827,4.1751628,4.0245824,4.151470566666666,13.846902422621426,1680.0842028595507,15,4.1751628,4.0245824,-0.1505803999999999,1680.0842028595507,15,0.7825165934404452,-135.0,2.738808077041558
596,0.001299768302404,-3.660047740269799,4.1751628,4.0230465,4.1513183133333325,13.877294610855197,1680.106203109026,15,4.1751628,4.0230465,-0.1521162999999994,1680.106203109026,15,0.7823738067468845,-136.0,2.738308323614096
597,0.0012760419325745,-3.6538149217897327,4.1751237,4.0243459,4.15138138,13.8449332098015,1680.0862030014396,15,4.1751237,4.0243459,-0.1507778000000001,1680.0862030014396,15,0.78224700551843,-137.0,2.737864519314505
598,0.0012727400736217,-3.6554013849517655,4.174887200000001,4.024425,4.15131048,13.852527114434428,1680.0762029644102,15,4.174887200000001,4.024425,-0.1504622000000006,1680.0762029644102,15,0.7820642760996017,-138.0,2.737224966348606
599,0.0012757041605354,-3.655035565889319,4.174887200000001,4.0242281,4.151257960000001,13.85080744634602,1680.1022031605244,15,4.174887200000001,4.0242281,-0.1506591000000003,1680.1022031605244,15,0.7819846174304789,-139.0,2.736946161006676
600,0.0013004254991097,-3.655962331074607,4.1751628,4.0230074,4.15127106,13.855528835466531,1680.1022031605244,15,4.1751628,4.0230074,-0.1521553999999998,1680.1022031605244,15,0.7819090267247181,-140.0,2.736681593536513
601,0.0012756880423502,-3.6545205793884623,4.1750054,4.0242281,4.151252680000001,13.848534053450448,1680.076203107834,15,4.1750054,4.0242281,-0.1507772999999996,1680.076203107834,15,0.7816439411426558,-141.0,2.735753793999295
602,0.0012718673670971,-3.6588048945912046,4.174887200000001,4.0245037,4.1513786999999995,13.870359064780487,1680.080203101039,15,4.174887200000001,4.0245037,-0.1503835000000002,1680.080203101039,15,0.7816390053775265,-142.0,2.735736518821343
603,0.0012783124212552,-3.650782016648323,4.1750841,4.0240703,4.151189666666666,13.829407498874309,1680.0802030861378,15,4.1750841,4.0240703,-0.1510138000000003,1680.0802030861378,15,0.7814316514684092,-143.0,2.735010780139432
604,0.0012449177904055,-3.649931565093557,4.1747689,4.0257635,4.151202786666667,13.824588786565812,1680.0682030916214,15,4.1747689,4.0257635,-0.1490054,1680.0682030916214,15,0.781305906405785,-144.0,2.7345706724202477
605,0.0012457661412578,-3.6490626821963006,4.174887200000001,4.0258818,4.151355106666667,13.819791006100916,1680.0702030956743,15,4.174887200000001,4.0258818,-0.1490054000000009,1680.0702030956743,15,0.7812589560186084,-145.0,2.7344063460651293
606,0.001275040554554,-3.6555962399349062,4.1750445,4.0242672,4.151271039999999,13.854923059116029,1680.0722030997276,15,4.1750445,4.0242672,-0.1507773000000005,1680.0722030997276,15,0.7811019177460009,-146.0,2.7338567121110033
607,0.0012779226450163,-3.6528045599867833,4.174887200000001,4.0239129,4.151032206666668,13.839750028724644,1680.0702030956743,15,4.174887200000001,4.0239129,-0.1509743000000005,1680.0702030956743,15,0.7808160666414775,-147.0,2.732856233245171
608,0.0012754972707498,-3.6538641269415018,4.1750054,4.0241885,4.151197613333333,13.845402230932,1680.0882029049098,15,4.1750054,4.0241885,-0.1508168999999997,1680.0882029049098,15,0.7808403766832536,-148.0,2.7329413183913873
609,0.0012772932814159,-3.653036232338172,4.1749268,4.0239525,4.15104272,13.840938181755956,1680.0762030929327,15,4.1749268,4.0239525,-0.1509742999999996,1680.0762030929327,15,0.7805871048056946,-149.0,2.732054866819931
610,0.0012769651650321,-3.656540125756631,4.174690200000001,4.0239916,4.151097793333334,13.85794129326748,1680.0882031023502,15,4.174690200000001,4.0239916,-0.150698600000001,1680.0882031023502,15,0.780538758533568,-150.0,2.731885654867488
611,0.0013058162554431,-3.6608263356537463,4.174690200000001,4.022377,4.15095338,13.880481279265158,1680.0922031253576,15,4.174690200000001,4.022377,-0.1523132000000009,1680.0922031253576,15,0.7804180305547019,-151.0,2.7314631069414568
613,0.0012452600103511,-3.6487611315562942,4.1748481,4.0256457,4.1510925599999995,13.819676331341764,1680.07220290415,15,4.1748481,4.0256457,-0.1492024,1680.07220290415,15,0.7805235667118906,-153.0,2.7318324834916172
614,0.0012821261862378,-3.650423106755832,4.174887200000001,4.0236373,4.150942893333333,13.827689988979728,1680.0742031037807,15,4.174887200000001,4.0236373,-0.1512499000000007,1680.0742031037807,15,0.7802247477396458,-154.0,2.73078661708876
615,0.0012467034768892,-3.649187812666949,4.1747298,4.0255275,4.151050593333334,13.821476049556736,1680.0642029251903,15,4.1747298,4.0255275,-0.1492022999999998,1680.0642029251903,15,0.7800364293052839,-155.0,2.730127502568494
616,0.0012479775348778,-3.649458023663693,4.1748085,4.0256062,4.151194926666666,13.822088869762377,1680.0742030739784,15,4.1748085,4.0256062,-0.1492022999999998,1680.0742030739784,15,0.7800302932288182,-156.0,2.730106026300864
617,0.001278912803154,-3.6531725415985776,4.1746511,4.0236769,4.150848446666666,13.841220997274084,1680.0962029322982,15,4.1746511,4.0236769,-0.1509742000000002,1680.0962029322982,15,0.7797193938242117,-157.0,2.729017878384741
618,0.0012766942898571,-3.6534825271910023,4.1746511,4.0238733,4.1509377,13.842959134692451,1680.0842031240463,15,4.1746511,4.0238733,-0.1507778000000001,1680.0842031240463,15,0.7795701686841212,-158.0,2.728495590394424
619,0.0012836332873274,-3.6547390605537657,4.1746116,4.0234008,4.15082218,13.84948129143072,1680.092203138396,15,4.1746116,4.0234008,-0.1512108000000003,1680.092203138396,15,0.7794592460252746,-159.0,2.728107361088461
620,0.0012796198821226,-3.6557641946653208,4.1746511,4.0237556,4.150987586666667,13.85478472521448,1680.0822028554976,15,4.1746511,4.0237556,-0.1508954999999998,1680.0822028554976,15,0.7793893197008694,-160.0,2.727862618953043
621,0.0012808129613952,-3.6545722338305913,4.1746511,4.0236373,4.1509166666666655,13.848356871229988,1680.0902031362057,15,4.1746511,4.0236373,-0.1510138000000003,1680.0902031362057,15,0.779185805938624,-161.0,2.7271503207851837
622,0.0013080229731983,-3.6604195667950714,4.1746116,4.0221014,4.150782746666667,13.87862949263558,1680.1142030879855,15,4.1746116,4.0221014,-0.1525102,1680.1142030879855,15,0.7790453037212065,-162.0,2.726658563024223
623,0.0012820084860638,-3.651799601431501,4.1747689,4.0235586,4.150872033333333,13.835066002955417,1680.084203094244,15,4.1747689,4.0235586,-0.1512102999999998,1680.084203094244,15,0.7789237774913979,-163.0,2.7262332212198923
624,0.0012797212909154,-3.6539816365453426,4.174572,4.0236373,4.15085634,13.84503733549153,1680.092203138396,15,4.174572,4.0236373,-0.1509347000000005,1680.092203138396,15,0.7787651474304395,-164.0,2.725678016006538
625,0.0012807142458812,-3.6526099690817135,4.1744933,4.0234404,4.150696186666667,13.838388580397996,1680.106202909723,15,4.1744933,4.0234404,-0.1510528999999998,1680.106202909723,15,0.7785183504343381,-165.0,2.7248142265201833
626,0.0012809370730326,-3.655866339827304,4.1744146,4.0234008,4.150698786666668,13.855050580926882,1680.0902031362057,15,4.1744146,4.0234008,-0.1510138000000003,1680.0902031362057,15,0.7784253940440535,-166.0,2.7244888791541872
627,0.0012508451090202,-3.648362088846021,4.174572,4.025094,4.15081688,13.816760180582012,1680.08420310542,15,4.174572,4.025094,-0.1494780000000002,1680.08420310542,15,0.7783170518528728,-167.0,2.724109681485055
628,0.0012824953672549,-3.6538679912738634,4.174336,4.0232434,4.150598993333333,13.844320593399768,1680.098203152418,15,4.174336,4.0232434,-0.1510926000000001,1680.098203152418,15,0.778179498269818,-168.0,2.723628243944363
629,0.0012832860600066,-3.656537185323218,4.1742964,4.023164700000001,4.150585866666668,13.85852839767859,1680.0882030744106,15,4.1742964,4.023164700000001,-0.1511316999999996,1680.0882030744106,15,0.7780785130751257,-169.0,2.72327479576294
630,0.001284986380364,-3.652098277158565,4.1744146,4.0230861,4.150549113333334,13.835843238514382,1680.082202900201,15,4.1744146,4.0230861,-0.1513284999999999,1680.082202900201,15,0.7778972456568535,-170.0,2.722640359798987
631,0.0013125414646983,-3.6583769653226574,4.1743755,4.0215898,4.150473046666666,13.867920818616176,1680.10420287773,15,4.1743755,4.0215898,-0.1527856999999999,1680.10420287773,15,0.7778527674765546,-171.0,2.7224846861679413
632,0.001283326433934,-3.6537819938145506,4.174336,4.0230861,4.150483553333333,13.84492703633752,1680.0882031340152,15,4.174336,4.0230861,-0.1512498999999998,1680.0882031340152,15,0.7776107753688066,-172.0,2.721637713790823
633,0.0012816485028478,-3.6551268683466778,4.1744542,4.0233617,4.1506882733333335,13.85147652828264,1680.076203096658,15,4.1744542,4.0233617,-0.1510924999999998,1680.076203096658,15,0.7776141471064683,-173.0,2.721649514872639
634,0.0012859272208278,-3.6536044695630463,4.174336,4.0230074,4.150530793333333,13.84302744119712,1680.082203090191,15,4.174336,4.0230074,-0.1513286000000002,1680.082203090191,15,0.7773934236677676,-174.0,2.720876982837187
635,0.0012851315395498,-3.652907809053645,4.174217700000001,4.0228105,4.150289253333333,13.840571268625332,1680.0762031059712,15,4.174217700000001,4.0228105,-0.1514072000000004,1680.0762031059712,15,0.7771002530668706,-175.0,2.719850885734047
636,0.0012833107034741,-3.654756475217339,4.174336,4.0232043,4.150609546666667,13.849341223306514,1680.094202876091,15,4.174336,4.0232043,-0.1511317000000005,1680.094202876091,15,0.7771924835391854,-176.0,2.720173692387149
637,0.0012868625752614,-3.654022908412638,4.174217700000001,4.0228891,4.150462500000001,13.844883611986784,1680.0762031134218,15,4.174217700000001,4.0228891,-0.1513286000000002,1680.0762031134218,15,0.7770232439001263,-177.0,2.719581353650442
638,0.0012834969845549,-3.652488820407016,4.1740208,4.0228496,4.150242006666667,13.837483777774745,1680.0782030783594,15,4.1740208,4.0228496,-0.1511712000000002,1680.0782030783594,15,0.7766891817104192,-178.0,2.7184121359864672
639,0.0012862410432478,-3.651489248653932,4.174336,4.0229678,4.150486193333333,13.832016403340427,1680.0802031103522,15,4.174336,4.0229678,-0.1513682000000002,1680.0802031103522,15,0.7768159461810212,-179.0,2.718855811633574
640,0.0012862913475474,-3.654927419297661,4.1742573,4.0228891,4.15044418,13.85047007761876,1680.0742028914392,15,4.1742573,4.0228891,-0.1513681999999994,1680.0742028914392,15,0.776715698173363,-180.0,2.7185049436067703
641,0.0012875722537826,-3.652713037950203,4.1740994,4.0226135,4.150210446666666,13.838886502006098,1680.0802028775215,15,4.1740994,4.0226135,-0.1514858999999999,1680.0802028775215,15,0.7764682997593466,-181.0,2.717639049157713
642,0.0012889800836969,-3.6532842202588216,4.1740208,4.0224166,4.150089753333334,13.842511713537393,1680.1002031546086,15,4.1740208,4.0224166,-0.1516042000000004,1680.1002031546086,15,0.7762477568802705,-182.0,2.716867149080947
643,0.0012867667786969,-3.651443339912475,4.1740994,4.0227318,4.150276146666666,13.832008893919172,1680.094203127548,15,4.1740994,4.0227318,-0.1513676000000003,1680.094203127548,15,0.7762432073395271,-183.0,2.716851225688345
644,0.0013412574300206,-3.662648341231152,4.1740603,4.0197387,4.150066106666666,13.889833719522391,1680.1102031618357,15,4.1740603,4.0197387,-0.1543215999999994,1680.1102031618357,15,0.7761102313988095,-184.0,2.7163858098958333
645,0.0012876054337892,-3.652026636554521,4.1741786,4.0226922,4.150283993333334,13.835231440266137,1680.100203158334,15,4.1741786,4.0226922,-0.1514864000000004,1680.100203158334,15,0.7760007827763049,-185.0,2.716002739717067
646,0.001289938793594,-3.6501444821202274,4.174139,4.0224953,4.150184246666667,13.825387374967551,1680.078203111887,15,4.174139,4.0224953,-0.1516437000000001,1680.078203111887,15,0.7758704869482418,-186.0,2.715546704318846
647,0.001291608584268,-3.6505171969689942,4.173981700000001,4.0222197,4.149995233333334,13.827565225122822,1680.0942031424493,15,4.173981700000001,4.0222197,-0.1517620000000006,1680.0942031424493,15,0.7756029154799489,-187.0,2.714610204179821
648,0.0012922428852497,-3.6483402236900946,4.1741786,4.0222983,4.15008454,13.816666498020584,1680.0882031321526,15,4.1741786,4.0222983,-0.1518803000000002,1680.0882031321526,15,0.7755824497386143,-188.0,2.71453857408515
649,0.001290850751284,-3.652888780797735,4.1738634,4.022259200000001,4.150018913333334,13.838881144590648,1680.0862031001598,15,4.1738634,4.022259200000001,-0.1516041999999995,1680.0862031001598,15,0.7754015344206505,-189.0,2.713905370472277
650,0.0012901686553663,-3.652674286758088,4.1740603,4.022377,4.150102873333333,13.839205556505076,1680.1042029447854,15,4.1740603,4.022377,-0.1516833000000002,1680.1042029447854,15,0.7753786170529129,-190.0,2.713825159685195
651,0.0013181583888509,-3.658461655678978,4.173745200000001,4.0206838,4.149843066666667,13.868154852020696,1680.0942031461746,15,4.173745200000001,4.0206838,-0.1530614000000012,1680.0942031461746,15,0.7751368189050096,-191.0,2.712978866167534
652,0.0013186633474563,-3.654578548461141,4.1740208,4.0206447,4.149793073333334,13.849787376341478,1680.0902031362057,15,4.1740208,4.0206447,-0.1533761,1680.0902031362057,15,0.7749800048137943,-192.0,2.71243001684828
653,0.0013453733882683,-3.659895197353893,4.173903,4.0191875,4.149688046666666,13.87599930570918,1680.1242028735578,15,4.173903,4.0191875,-0.1547155,1680.1242028735578,15,0.7748684094305709,-193.0,2.712039433006998
654,0.0012927497889435,-3.651685661381808,4.173784700000001,4.021944,4.1497878933333325,13.834034793756445,1680.0802029054612,15,4.173784700000001,4.021944,-0.1518407000000001,1680.0802029054612,15,0.7746877749841501,-194.0,2.7114072124445254
655,0.0013200160978363,-3.6551869829264936,4.1740208,4.0206447,4.149863973333334,13.852016731169808,1680.1062028761953,15,4.1740208,4.0206447,-0.1533761,1680.1062028761953,15,0.7746986219690528,-195.0,2.7114451768916847
656,0.0012906374664409,-3.651303345441289,4.1738634,4.022141,4.149877166666666,13.832363484370198,1680.090203134343,15,4.1738634,4.022141,-0.1517223999999997,1680.090203134343,15,0.7745213260314351,-196.0,2.710824641110023
657,0.0012905981163174,-3.651366613046478,4.173903,4.0222197,4.149953280000001,13.831816514841826,1680.0842030923814,15,4.173903,4.0222197,-0.1516833000000002,1680.0842030923814,15,0.7744161775801401,-197.0,2.7104566215304904
658,0.0012909596749192,-3.6470205101135544,4.1736665,4.021944,4.149653973333334,13.80979117182502,1680.082202937454,15,4.1736665,4.021944,-0.1517224999999999,1680.082202937454,15,0.7741379925530517,-198.0,2.709482973935681
659,0.0012899089019602,-3.647776172573145,4.1736274,4.0218654,4.1495305799999995,13.81365047842565,1680.0762028843164,15,4.1736274,4.0218654,-0.1517619999999997,1680.0762028843164,15,0.7738906674832197,-199.0,2.708617336191269
660,0.0012618278731106,-3.643987903290855,4.1738238,4.0235977,4.149829826666666,13.794505271697153,1680.0722029637543,15,4.1738238,4.0235977,-0.1502261000000002,1680.0722029637543,15,0.7739633691002449,-200.0,2.708871791850857
661,0.0012907749508463,-3.6517888533841183,4.173784700000001,4.0220227,4.149769526666666,13.83430273725579,1680.0802031140774,15,4.173784700000001,4.0220227,-0.1517620000000006,1680.0802031140774,15,0.7738859711621082,-201.0,2.708600899067379
662,0.0012647689379568,-3.6455639061675655,4.173784700000001,4.0234799,4.1498744599999995,13.802806439843376,1680.0742031056434,15,4.173784700000001,4.0234799,-0.1503048000000006,1680.0742031056434,15,0.7737861540218088,-202.0,2.708251539076331
664,0.0012965193011268,-3.6483608208806246,4.173784700000001,4.0217075,4.14970386,13.81580782856942,1680.0862031280994,15,4.173784700000001,4.0217075,-0.1520772000000008,1680.0862031280994,15,0.7738794874381126,-204.0,2.708578206033394
665,0.0012643442115282,-3.645428434092557,4.1737061,4.0234008,4.149772059999999,13.80157701906604,1680.074203101918,15,4.1737061,4.0234008,-0.1503053000000003,1680.074203101918,15,0.7736329246452603,-205.0,2.7077152362584114
666,0.0013228165599559,-3.654189463136381,4.1734304,4.0199356,4.14928118,13.84623599351545,1680.0862031280994,15,4.1734304,4.0199356,-0.1534947999999998,1680.0862031280994,15,0.773272360715487,-206.0,2.7064532625042044
667,0.0012952141086655,-3.650313637127286,4.1735091,4.0216289,4.149580486666666,13.826357634552831,1680.090203108266,15,4.1735091,4.0216289,-0.1518802000000008,1680.090203108266,15,0.7733176128711321,-207.0,2.7066116450489623
668,0.0012960585502069,-3.652691179504113,4.1736665,4.0216289,4.1496460866666665,13.839242986940846,1680.094203144312,15,4.1736665,4.0216289,-0.1520376000000007,1680.094203144312,15,0.7731913649756244,-208.0,2.706169777414685
669,0.0012955787098969,-3.6494224099069648,4.1735482,4.0214715,4.149433386666666,13.822449772687694,1680.1042031645777,15,4.1735482,4.0214715,-0.1520767000000003,1680.1042031645777,15,0.7729152748239091,-209.0,2.705203461883682
670,0.0012965196265723,-3.6494984613803014,4.1735878,4.021511100000001,4.149520066666666,13.822753197410396,1680.0902031380683,15,4.1735878,4.021511100000001,-0.1520766999999994,1680.0902031380683,15,0.7728125861509877,-210.0,2.704844051528457
671,0.0012702175139226,-3.639915472897487,4.1736274,4.0228496,4.149462353333333,13.774094917902788,1680.0742029268297,15,4.1736274,4.0228496,-0.1507778000000001,1680.0742029268297,15,0.7725905352073651,-211.0,2.704066873225778
672,0.0012961881569349,-3.645543433428822,4.173745200000001,4.0215502,4.149504306666667,13.802318628532394,1680.076203107834,15,4.173745200000001,4.0215502,-0.1521950000000007,1680.076203107834,15,0.7725857611523433,-212.0,2.7040501640332018
673,0.0013260867537645,-3.650944377937806,4.1735878,4.0197783,4.1492523199999995,13.829850423083954,1680.0802031103522,15,4.1735878,4.0197783,-0.1538095000000003,1680.0802031103522,15,0.7723910779405768,-213.0,2.703368772792019
674,0.001298322516068,-3.648701834526789,4.1736274,4.0213928,4.149483366666667,13.818902614809405,1680.0822031199932,15,4.1736274,4.0213928,-0.1522345999999999,1680.0822031199932,15,0.7723364454271301,-214.0,2.7031775589949554
675,0.0012988684182102,-3.649486868100455,4.1734695,4.0212355,4.149359919999999,13.822469406512074,1680.0822028815746,15,4.1734695,4.0212355,-0.1522339999999999,1680.0822028815746,15,0.7721675814706958,-215.0,2.702586535147435
676,0.00129950187924,-3.647653549445162,4.1733909,4.0210776,4.1492154999999995,13.813066715998136,1680.08020311594,15,4.1733909,4.0210776,-0.1523133000000003,1680.08020311594,15,0.7719046806452672,-216.0,2.701666382258435
677,0.0012987234906826,-3.648066340335303,4.1734304,4.0211959,4.149299586666666,13.815281374671532,1680.0862031280994,15,4.1734304,4.0211959,-0.1522344999999996,1680.0862031280994,15,0.7718322254311217,-217.0,2.701412789008926
678,0.0012684110320035,-3.644222133976295,4.1733909,4.0228891,4.149451826666667,13.79528809673108,1680.0862028878182,15,4.1733909,4.0228891,-0.1505017999999998,1680.0862028878182,15,0.7718012272993785,-218.0,2.701304295547825
679,0.001301235214318,-3.6478065739875447,4.1733909,4.0210385,4.149262833333333,13.813488755000796,1680.0762029625475,15,4.1733909,4.0210385,-0.1523523999999998,1680.0762029625475,15,0.7716265723633586,-219.0,2.700693003271755
680,0.0013020603637668,-3.643711790734141,4.1732335,4.0207233,4.14894784,13.791997150182038,1680.088203113526,15,4.1732335,4.0207233,-0.1525102,1680.088203113526,15,0.7713633142272374,-220.0,2.699771599795331
681,0.0012982951133683,-3.6489155260612622,4.173272600000001,4.0210776,4.149168286666667,13.819574233206044,1680.098203152418,15,4.173272600000001,4.0210776,-0.1521950000000007,1680.098203152418,15,0.7713693393531829,-221.0,2.69979268773614
682,0.0013025750465395,-3.6467466642121473,4.1731548,4.0207233,4.149002966666667,13.807788883100994,1680.0802029650658,15,4.1731548,4.0207233,-0.1524314999999996,1680.0802029650658,15,0.7711672015882707,-222.0,2.6990852055589474
683,0.0012978773940188,-3.649379450110469,4.173272600000001,4.0211172,4.14919188,13.82203474514277,1680.0922031402588,15,4.173272600000001,4.0211172,-0.1521554000000007,1680.0922031402588,15,0.7711229783286055,-223.0,2.6989304241501193
684,0.0012988110173735,-3.646865932855139,4.1732335,4.020999,4.149094773333333,13.808694947551416,1680.086203129962,15,4.1732335,4.020999,-0.1522345000000005,1680.086203129962,15,0.7709381769575432,-224.0,2.6982836193514013
685,0.0013284602198023,-3.65322088558468,4.173272600000001,4.0193453,4.148958266666667,13.842128884963646,1680.100202860311,15,4.173272600000001,4.0193453,-0.1539273000000003,1680.100202860311,15,0.7707700600487891,-225.0,2.697695210170762
686,0.0013033067668711,-3.641367102805949,4.1734695,4.020802,4.14906584,13.78047395402525,1680.0842031277716,15,4.1734695,4.020802,-0.1526675000000006,1680.0842031277716,15,0.7708237897378004,-226.0,2.6978832640823014
687,0.0013300976124225,-3.6513451900340104,4.1732335,4.019227,4.14890054,13.831861962736957,1680.0942031424493,15,4.1732335,4.019227,-0.1540065000000003,1680.0942031424493,15,0.7705097375990517,-227.0,2.696784081596681
688,0.0013010924411826,-3.6498307647354697,4.1731153,4.0207233,4.148960913333333,13.824391183986544,1680.078203111887,15,4.1731153,4.0207233,-0.1523919999999998,1680.078203111887,15,0.7704249507829549,-228.0,2.6964873277403423
689,0.0013052947809582,-3.648330111324241,4.1731153,4.0204868,4.14891634,13.816383844700532,1680.078203111887,15,4.1731153,4.0204868,-0.1526285000000005,1680.078203111887,15,0.77023656094525,-229.0,2.695827963308375
690,0.0013010912877063,-3.647242613090222,4.1730366000000005,4.0207629,4.148974026666666,13.810112827480117,1680.0842031240463,15,4.1730366000000005,4.0207629,-0.1522737000000003,1680.0842031240463,15,0.7701665800052696,-230.0,2.695583030018444
691,0.0013319254292478,-3.652157652662843,4.1731939,4.0190697,4.148840206666666,13.836007049605604,1680.0902031380683,15,4.1731939,4.0190697,-0.1541242,1680.0902031380683,15,0.7700452808641415,-231.0,2.6951584830244952
692,0.0012717815543723,-3.637436382268536,4.1731153,4.0223379,4.149002866666667,13.759996688385726,1680.0722030997276,15,4.1731153,4.0223379,-0.1507773999999999,1680.0722030997276,15,0.7699424058212819,-232.0,2.694798420374487
693,0.0013042435238112,-3.649284062893556,4.1729579,4.0204477,4.1488348466666665,13.821302648198795,1680.0802031196654,15,4.1729579,4.0204477,-0.1525102,1680.0802031196654,15,0.7697698646989709,-233.0,2.694194526446398
694,0.0013035588316849,-3.645855804775587,4.1729970000000005,4.0204477,4.148766673333333,13.80289667239023,1680.078203111887,15,4.1729970000000005,4.0204477,-0.1525493000000004,1680.078203111887,15,0.7696029709594715,-234.0,2.69361039835815
695,0.0013311408094255,-3.651262420326935,4.173075700000001,4.0190301,4.148753513333333,13.83132267558626,1680.086203129962,15,4.173075700000001,4.0190301,-0.1540456000000007,1680.086203129962,15,0.7696042237259731,-235.0,2.693614783040906
696,0.0013324272314569,-3.650916176700453,4.1731939,4.0189514,4.148735113333333,13.830322841484094,1680.0842031296345,15,4.1731939,4.0189514,-0.1542425000000005,1680.0842031296345,15,0.7694570682399394,-236.0,2.693099738839788
697,0.0013044286057931,-3.6478871857398,4.1729970000000005,4.0204477,4.1488296799999995,13.813640258882394,1680.076203107834,15,4.1729970000000005,4.0204477,-0.1525493000000004,1680.076203107834,15,0.7693455871418883,-237.0,2.692709554996609
698,0.0013041823599797,-3.647353155714136,4.1729579,4.0203295,4.14869576,13.81203528432486,1680.0922031402588,15,4.1729579,4.0203295,-0.1526284000000002,1680.0922031402588,15,0.7691067995104406,-238.0,2.691873798286542
699,0.0013079927101712,-3.646603258886935,4.1728396,4.0201325,4.148677346666667,13.807080657477862,1680.0882028602064,15,4.1728396,4.0201325,-0.1527070999999997,1680.0882028602064,15,0.7689780808756892,-239.0,2.6914232830649123
700,0.0013052906899674,-3.646880962971937,4.173075700000001,4.0204082,4.14882438,13.809587774872895,1680.0962031502277,15,4.173075700000001,4.0204082,-0.1526675000000006,1680.0962031502277,15,0.7689326829063583,-240.0,2.691264390172254
701,0.0012740807149617,-3.640738812485066,4.1728787,4.021944,4.14875618,13.77770449025634,1680.0722030997276,15,4.1728787,4.021944,-0.1509346999999996,1680.0722030997276,15,0.7687358447831418,-241.0,2.6905754567409965
702,0.0013030645896949,-3.649093304591031,4.1729183,4.0204477,4.148774526666666,13.820030081065788,1680.07620309107,15,4.1729183,4.0204477,-0.1524706,1680.07620309107,15,0.7687513979628207,-242.0,2.690629892869872
703,0.0013093970231812,-3.646139520925828,4.1729183,4.0200143,4.148624846666666,13.805593900705825,1680.0742031000557,15,4.1729183,4.0200143,-0.1529040000000003,1680.0742031000557,15,0.7685568146100726,-243.0,2.689948851135254
704,0.0013089654103511,-3.64863977703892,4.1729183,4.0200539,4.14866686,13.817966521632414,1680.094202939421,15,4.1729183,4.0200539,-0.1528644000000003,1680.094202939421,15,0.7684832764725169,-244.0,2.6896914676538093
705,0.0013095501758771,-3.64840892674328,4.172800100000001,4.0200143,4.1486537,13.816670011288544,1680.0802031103522,15,4.172800100000001,4.0200143,-0.152785800000001,1680.0802031103522,15,0.7683450286169231,-245.0,2.689207600159231
706,0.0012771035360917,-3.6433109756156346,4.1729579,4.0218258,4.14881382,13.791455480181815,1680.0762030798942,15,4.1729579,4.0218258,-0.1511320999999998,1680.0762030798942,15,0.7682317177756074,-246.0,2.688811012214626
707,0.0012788040881882,-3.642905807203043,4.172761,4.0215898,4.14865646,13.787970727241756,1680.064203089103,15,4.172761,4.0215898,-0.1511712000000002,1680.064203089103,15,0.7679992832073879,-247.0,2.6879974912258575
708,0.0012796990902383,-3.639813772271724,4.1728396,4.0215502,4.148632786666666,13.772946920460576,1680.0602030791342,15,4.1728396,4.0215502,-0.1512893999999995,1680.0602030791342,15,0.7678863435715054,-248.0,2.687602202500269
709,0.0012748390396583,-3.640056040014192,4.1727214,4.0217471,4.148590753333333,13.774390928236436,1680.0702030993998,15,4.1727214,4.0217471,-0.1509743000000005,1680.0702030993998,15,0.7677806605679562,-249.0,2.687232311987847
710,0.0013087777998006,-3.649336168017611,4.172761,4.0199356,4.148546193333333,13.82157613846532,1680.0742031000557,15,4.172761,4.0199356,-0.1528254000000002,1680.0742031000557,15,0.7676782174997674,-250.0,2.6868737612491858
711,0.0012764526586755,-3.640935635842405,4.1728396,4.0217471,4.148679986666667,13.77928961219486,1680.076203059405,15,4.1728396,4.0217471,-0.1510924999999998,1680.076203059405,15,0.767566380017556,-251.0,2.686482330061446
712,0.0013072460962969,-3.648338294619915,4.1728787,4.0200934,4.148619646666667,13.816908424362406,1680.0742028597742,15,4.1728787,4.0200934,-0.1527852999999996,1680.0742028597742,15,0.7674690529665026,-252.0,2.686141685382759
713,0.0013095506171669,-3.643084373313808,4.1728787,4.0197783,4.148367653333334,13.790645247924566,1680.086203109473,15,4.1728787,4.0197783,-0.1531004000000004,1680.086203109473,15,0.7673774465880768,-253.0,2.685821063058269
715,0.0013097093551263,-3.642137835569122,4.1729183,4.0198965,4.148483073333334,13.784819352537957,1680.0722031015905,15,4.1729183,4.0198965,-0.1530218000000003,1680.0722031015905,15,0.7674745952336783,-255.0,2.686161083317874
716,0.0012802346813583,-3.639726840474227,4.1729579,4.0215502,4.148659046666667,13.772902230844192,1680.0722031015905,15,4.1729579,4.0215502,-0.1514077,1680.0722031015905,15,0.767344619625496,-256.0,2.685706168689236
717,0.0013134262579083,-3.6463826608477943,4.172564,4.0194631,4.148273153333333,13.806404589517468,1680.0762030798942,15,4.172564,4.0194631,-0.1531009000000001,1680.0762030798942,15,0.7669560214309357,-257.0,2.684346075008275
718,0.0013125836542438,-3.6433892638649374,4.1728396,4.0197387,4.148477866666666,13.790761016980513,1680.0722030997276,15,4.1728396,4.0197387,-0.1531008999999992,1680.0722030997276,15,0.7669065777266241,-258.0,2.684173022043184
719,0.0013156248286281,-3.641372366497652,4.172524500000001,4.019227,4.148094566666667,13.779759364289628,1680.0782029200343,15,4.172524500000001,4.019227,-0.1532975000000007,1680.0782029200343,15,0.7665504000238333,-259.0,2.6829264000834168
720,0.0013118809819569,-3.6463929007282023,4.172564,4.0195422,4.148275746666667,13.805934946843411,1680.0802031066269,15,4.172564,4.0195422,-0.1530218000000003,1680.0802031066269,15,0.7665577251354783,-260.0,2.682952037974174
721,0.0013163394662355,-3.641535534178467,4.172524500000001,4.0191875,4.148091953333333,13.780775831420357,1680.084203099832,15,4.172524500000001,4.0191875,-0.1533370000000005,1680.084203099832,15,0.7663615898149961,-261.0,2.682265564352486
722,0.0013130963964439,-3.646360286362947,4.1724854,4.0193453,4.14813926,13.806533158924353,1680.0862028803676,15,4.1724854,4.0193453,-0.1531400999999999,1680.0862028803676,15,0.7662354086679215,-262.0,2.681823930337725
723,0.0012778846527649,-3.63919217724008,4.1726031,4.021511100000001,4.148496273333333,13.768817747705398,1680.0702030993998,15,4.1726031,4.021511100000001,-0.1510919999999993,1680.0702030993998,15,0.7662088818363252,-263.0,2.681731086427138
724,0.0013107223297469,-3.64119496992746,4.1726427,4.0195813,4.148207513333333,13.7793402258704,1680.0722030997276,15,4.1726427,4.0195813,-0.1530614000000003,1680.0722030997276,15,0.7659081721029806,-264.0,2.680678602360432
725,0.0013431220867855,-3.6462445277557736,4.172564,4.0177307,4.147986953333334,13.805411994332328,1680.0942031498998,15,4.172564,4.0177307,-0.1548332999999999,1680.0942031498998,15,0.765821822039465,-265.0,2.6803763771381277
726,0.0013160469860078,-3.639741921805307,4.172524500000001,4.0191088,4.147981706666666,13.771798120571066,1680.080203121528,15,4.172524500000001,4.0191088,-0.1534157000000009,1680.080203121528,15,0.7656707838074313,-266.0,2.6798477433260093
727,0.0013119256758838,-3.644981554437089,4.1726031,4.0195026,4.148225833333333,13.799532879169586,1680.092203138396,15,4.1726031,4.0195026,-0.1531004999999998,1680.092203138396,15,0.7656505705331955,-267.0,2.679776996866184
728,0.001313658603174,-3.6454736293637415,4.172564,4.0193844,4.148196986666667,13.801788357385725,1680.0822031199932,15,4.172564,4.0193844,-0.1531796000000005,1680.0822031199932,15,0.7654937433443401,-268.0,2.67922810170519
729,0.0013431599716392,-3.650614663390835,4.1724854,4.0177307,4.148031606666668,13.827666546421217,1680.0962031502277,15,4.1724854,4.0177307,-0.1547546999999998,1680.0962031502277,15,0.765343511649732,-269.0,2.678702290774062
730,0.0013129165627855,-3.646512268325672,4.1724062,4.0193453,4.148131346666666,13.806900603291378,1680.0942031405866,15,4.1724062,4.0193453,-0.1530608999999998,1680.0942031405866,15,0.7651783774540389,-270.0,2.678124321089136
731,0.0012806054704254,-3.637995514168261,4.1724458,4.0211563,4.14826524,13.762806981719354,1680.0722030904144,15,4.1724458,4.0211563,-0.1512894999999998,1680.0722030904144,15,0.7651012568551971,-271.0,2.67785439899319
732,0.001281922858032,-3.6405241180774905,4.172524500000001,4.0210385,4.148238973333333,13.777095014937116,1680.0782031100243,15,4.172524500000001,4.0210385,-0.1514860000000002,1680.0782031100243,15,0.765110190972882,-272.0,2.677885668405087
733,0.001313563198044,-3.6462601303056714,4.172248799999999,4.0191875,4.148002713333333,13.80551318003647,1680.0902028623968,15,4.172248799999999,4.0191875,-0.1530612999999991,1680.0902028623968,15,0.7648393224340051,-273.0,2.676937628519018
734,0.0013145093056288,-3.644439990097699,4.1724458,4.0191875,4.148031619999999,13.796402969390218,1680.07820295915,15,4.1724458,4.0191875,-0.1532583,1680.07820295915,15,0.7647463066837171,-274.0,2.67661207339301
735,0.001315416740748,-3.645962739559794,4.1724854,4.0191483,4.148052633333334,13.804856859087202,1680.0822030100971,15,4.1724854,4.0191483,-0.1533370999999999,1680.0822030100971,15,0.7645732802971162,-275.0,2.6760064810399067
736,0.0013145568301369,-3.6455589069222736,4.1723671,4.0191483,4.148005353333333,13.801927532104909,1680.0822029095143,15,4.1723671,4.0191483,-0.1532187999999994,1680.0822029095143,15,0.764476636394004,-276.0,2.6756682273790138
737,0.0012822867967292,-3.639290155724044,4.172248799999999,4.020802,4.148007973333333,13.770276193271547,1680.0762030985206,15,4.172248799999999,4.020802,-0.1514467999999995,1680.0762030985206,15,0.7642545991040425,-277.0,2.674891096864149
738,0.0012872913174498,-3.6370338442975183,4.172248799999999,4.0204477,4.147879346666667,13.758358984777196,1680.0842030905187,15,4.172248799999999,4.0204477,-0.1518010999999992,1680.0842030905187,15,0.7641700015418064,-278.0,2.674595005396322
739,0.0013146902112325,-3.645887665584538,4.1721702,4.0189514,4.14781894,13.80412260289813,1680.0822030678391,15,4.1721702,4.0189514,-0.1532188000000003,1680.0822030678391,15,0.7640604185569346,-279.0,2.674211464949271
740,0.0013159278719283,-3.644536922767433,4.172248799999999,4.0189118,4.147826853333333,13.797239865835234,1680.0822031199932,15,4.172248799999999,4.0189118,-0.1533369999999996,1680.0822031199932,15,0.7639728531361987,-280.0,2.6739049859766952
741,0.0013471228748506,-3.649139404396801,4.1721702,4.0171795,4.147658793333333,13.820658838536772,1680.0822031199932,15,4.1721702,4.0171795,-0.1549906999999999,1680.0822031199932,15,0.7638534976166834,-281.0,2.673487241658392
742,0.0013135604122569,-3.642570091707245,4.1723275,4.0190301,4.147811086666667,13.787934611962145,1680.0822031199932,15,4.1723275,4.0190301,-0.1532973999999995,1680.0822031199932,15,0.7637051216667441,-282.0,2.6729679258336043
743,0.0013474993968883,-3.64859097749412,4.1720915000000005,4.0169826,4.147475086666667,13.818166299051803,1680.0842031184584,15,4.1720915000000005,4.0169826,-0.1551089000000001,1680.0842031184584,15,0.7634593327919992,-283.0,2.672107664771997
744,0.0012869393962398,-3.6378763050322527,4.1721306,4.0202904,4.147713986666667,13.763546135385177,1680.0762031096965,15,4.1721306,4.0202904,-0.1518401999999996,1680.0762031096965,15,0.7633753600600662,-284.0,2.671813760210232
745,0.0012855718830155,-3.6394934911213377,4.1720128,4.0203295,4.147700846666667,13.771750265943696,1680.0702030993998,15,4.1720128,4.0203295,-0.1516833000000002,1680.0702030993998,15,0.7632431166417882,-285.0,2.671350908246259
746,0.0013186348880988,-3.641549550317681,4.1719341,4.0184002,4.147417320000001,13.781027961417465,1680.0722030699253,15,4.1719341,4.0184002,-0.1535338999999993,1680.0722030699253,15,0.7630145353073835,-286.0,2.6705508735758423
747,0.0013217174533442,-3.6428534586540593,4.1721306,4.0183606,4.1475433,13.789199268788124,1680.0762031003833,15,4.1721306,4.0183606,-0.1537699999999997,1680.0762031003833,15,0.7630394844140235,-287.0,2.670638195449082
748,0.0013206265510628,-3.64383172232683,4.1719732,4.0184002,4.147538100000001,13.793458906558648,1680.08820313029,15,4.1719732,4.0184002,-0.1535729999999997,1680.08820313029,15,0.7628404696269683,-288.0,2.669941643694389
749,0.0013471648984498,-3.647657810302898,4.1719341,4.0169039,4.147370113333333,13.81274263015995,1680.0862031113356,15,4.1719341,4.0169039,-0.1550301999999996,1680.0862031113356,15,0.7627304971617291,-289.0,2.669556740066052
750,0.001324637643078,-3.6385800567491886,4.172248799999999,4.0182424,4.1475249666666665,13.766621199847716,1680.0762031096965,15,4.172248799999999,4.0182424,-0.1540063999999992,1680.0762031096965,15,0.7627824977182935,-290.0,2.6697387420140273
751,0.0012902539363123,-3.634387057937088,4.1720915000000005,4.0200539,4.147606366666667,13.744716077865622,1680.0782030895352,15,4.1720915000000005,4.0200539,-0.1520376000000007,1680.0782030895352,15,0.7625242513454481,-291.0,2.668834879709068
752,0.0012906828398659,-3.635638572219398,4.1720128,4.0199752,4.14756168,13.75160338255569,1680.0782031081617,15,4.1720128,4.0199752,-0.1520375999999998,1680.0782031081617,15,0.7623872023089895,-292.0,2.668355208081463
753,0.0012926517795738,-3.633470227518974,4.1721702,4.0199356,4.147598433333334,13.74055322163975,1680.0722031015905,15,4.1721702,4.0199356,-0.1522345999999999,1680.0722031015905,15,0.7622844775395282,-293.0,2.667995671388349
754,0.0013225720963855,-3.640820580952048,4.1720128,4.0182424,4.147446153333333,13.778160824148957,1680.0822029598055,15,4.1720128,4.0182424,-0.1537703999999999,1680.0822029598055,15,0.7621951145810862,-294.0,2.667682901033802
755,0.0013213462068866,-3.644466581091384,4.1720519,4.0183606,4.147540633333334,13.797255948566496,1680.080203101039,15,4.1720519,4.0183606,-0.1536912999999993,1680.080203101039,15,0.7621281995654291,-295.0,2.667448698479002
756,0.0012919082042188,-3.640139152001994,4.1719341,4.0198178,4.147509220000001,13.775304473598176,1680.0722029209137,15,4.1719341,4.0198178,-0.1521162999999994,1680.0722029209137,15,0.761953218965774,-296.0,2.666836266380209
757,0.0012913422551909,-3.6377305239520337,4.171855,4.0198178,4.147456633333333,13.761998594941469,1680.072203097865,15,4.171855,4.0198178,-0.1520371999999996,1680.072203097865,15,0.7618332711847018,-297.0,2.6664164491464564
758,0.0012911649480045,-3.6350758039015383,4.1719732,4.0198569,4.14746188,13.748821648980227,1680.0802031196654,15,4.1719732,4.0198569,-0.1521163000000003,1680.0802031196654,15,0.7617990582647803,-298.0,2.666296703926731
759,0.0012893748504402,-3.635262839534896,4.1719732,4.0199752,4.14749342,13.749728804304926,1680.0702030975372,15,4.1719732,4.0199752,-0.1519979999999998,1680.0702030975372,15,0.7615644838637772,-299.0,2.66547569352322
760,0.0013512597065906,-3.648816746626917,4.171855,4.016588700000001,4.147264993333333,13.81901913103894,1680.08820313029,15,4.171855,4.016588700000001,-0.1552662999999992,1680.08820313029,15,0.7614714116005163,-300.0,2.665149940601807
761,0.0012929530745188,-3.638997605606484,4.1718159,4.0197387,4.14746978,13.768751966771571,1680.0722030904144,15,4.1718159,4.0197387,-0.1520771999999999,1680.0722030904144,15,0.7613541953620252,-301.0,2.6647396837670883
762,0.0012928054094066,-3.634320684860772,4.1717763,4.0195813,4.147259766666667,13.744780034607832,1680.084203131497,15,4.1717763,4.0195813,-0.1521950000000007,1680.084203131497,15,0.7611503379925822,-302.0,2.664026182974038
763,0.0013255202843738,-3.634021314385719,4.171894600000001,4.0178094,4.147089166666666,13.74243363846414,1680.0782031081617,15,4.171894600000001,4.0178094,-0.1540852000000008,1680.0782031081617,15,0.7610232809660606,-303.0,2.663581483381212
764,0.0013211859341914,-3.641969159209113,4.1716189,4.017966700000001,4.147112700000001,13.783190163256538,1680.0922031067312,15,4.1716189,4.017966700000001,-0.1536521999999998,1680.0922031067312,15,0.7609040726661709,-304.0,2.663164254331598
766,0.0013249005066712,-3.6421251199288527,4.1716976,4.0178094,4.147139013333333,13.784454481970895,1680.0722029600292,15,4.1716976,4.0178094,-0.1538881999999999,1680.0722029600292,15,0.7610560780860146,-306.0,2.663696273301051
767,0.0012954199167338,-3.634888596903903,4.171579400000001,4.0193057,4.147118033333333,13.747179830643518,1680.0702030677348,15,4.171579400000001,4.0193057,-0.1522737000000003,1680.0702030677348,15,0.7607198466788349,-307.0,2.662519463375922
768,0.0012917099455974,-3.6380171205187746,4.171658,4.0196209000000005,4.147280779999999,13.763514957132308,1680.0722030699253,15,4.171658,4.0196209000000005,-0.1520370999999993,1680.0722030699253,15,0.7607131728533847,-308.0,2.6624961049868463
769,0.0013259796109759,-3.642024899754233,4.1717763,4.0176911,4.1470733200000005,13.784622663997007,1680.074203109369,15,4.1717763,4.0176911,-0.1540851999999999,1680.074203109369,15,0.760481490705372,-309.0,2.661685217468802
770,0.0012940344183292,-3.634895128717274,4.1715007,4.0193453,4.147089173333333,13.747084059263944,1680.074203109369,15,4.1715007,4.0193453,-0.1521553999999998,1680.074203109369,15,0.7603237487844506,-310.0,2.661133120745577
771,0.0013242630512998,-3.640335332651935,4.1716189,4.017652,4.146934286666666,13.776192140632231,1680.0702031012625,15,4.1716189,4.017652,-0.1539669000000003,1680.0702031012625,15,0.7601496851700069,-311.0,2.660523898095024
772,0.0012935440456639,-3.635121670082141,4.1716976,4.019424,4.14714696,13.749097906783136,1680.0762031096965,15,4.1716976,4.019424,-0.1522736,1680.0762031096965,15,0.7600446942757169,-312.0,2.660156429965009
773,0.001296313772002,-3.636154567626337,4.1716976,4.0193057,4.147175793333333,13.754672844893577,1680.0702029597014,15,4.1716976,4.0193057,-0.1523918999999995,1680.0702029597014,15,0.7599789365472311,-313.0,2.659926277915309
774,0.0012978869620295,-3.638801206253598,4.171579400000001,4.0191483,4.147120733333334,13.767634884228166,1680.0642030816523,15,4.171579400000001,4.0191483,-0.1524311000000002,1680.0642030816523,15,0.7598505940577338,-314.0,2.6594770792020683
775,0.0013256455619597,-3.6403968434823297,4.1713037,4.0172186000000005,4.146569353333333,13.776816010971746,1680.084203120321,15,4.1713037,4.0172186000000005,-0.1540850999999996,1680.084203120321,15,0.7594085256845621,-315.0,2.657929839895967
776,0.0013289538217802,-3.6408855788029695,4.1713824,4.0171795,4.14669532,13.778597026691926,1680.084203099832,15,4.1713824,4.0171795,-0.1542028999999996,1680.084203099832,15,0.7593945821511509,-316.0,2.657881037529028
777,0.0013307599716195,-3.639956016245761,4.1716976,4.0173764,4.146971033333333,13.773781137791666,1680.0822031199932,15,4.1716976,4.0173764,-0.1543212,1680.0822031199932,15,0.7594099528561741,-317.0,2.657934834996609
778,0.0013566134200912,-3.64864865307126,4.171422,4.015801000000001,4.146734846666667,13.81859340933734,1680.0902029518038,15,4.171422,4.015801000000001,-0.1556209999999991,1680.0902029518038,15,0.7592101940949354,-318.0,2.657235679332274
779,0.0013308415796688,-3.6369784964610297,4.1715007,4.0171399,4.146708520000001,13.758022381182965,1680.0862031131985,15,4.1715007,4.0171399,-0.1543608,1680.0862031131985,15,0.7590144010301957,-319.0,2.656550403605685
780,0.0013272770198263,-3.641938642309689,4.171579400000001,4.0174155,4.1468607933333335,13.784622993017305,1680.0782031100243,15,4.171579400000001,4.0174155,-0.1541639000000003,1680.0782031100243,15,0.7590417762432188,-320.0,2.6566462168512657
781,0.0013294331328692,-3.641215662221829,4.1713824,4.0171795,4.146721726666667,13.780140199260051,1680.080203121528,15,4.1713824,4.0171795,-0.1542028999999996,1680.080203121528,15,0.7588394280952764,-321.0,2.655937998333467
782,0.0013290369528399,-3.640724652957165,4.1713037,4.0171399,4.146658599999999,13.778000262209538,1680.0782031100243,15,4.1713037,4.0171399,-0.1541638,1680.0782031100243,15,0.7587124908823163,-322.0,2.655493718088107
783,0.0012974145122423,-3.634682840360149,4.1715007,4.0190301,4.146939466666668,13.746618325400668,1680.074202960357,15,4.1715007,4.0190301,-0.1524706,1680.074202960357,15,0.7587294605392412,-323.0,2.655553111887344
784,0.0013298299128392,-3.639722924269104,4.1714616,4.0171795,4.146726893333334,13.772835489817282,1680.0782030448318,15,4.1714616,4.0171795,-0.1542820999999996,1680.0782030448318,15,0.7586098956939409,-324.0,2.655134634928793
785,0.0013292098104112,-3.6404248013394658,4.1713824,4.0171795,4.146703246666667,13.776179458957344,1680.0802030786872,15,4.1713824,4.0171795,-0.1542028999999996,1680.0802030786872,15,0.7584345580563692,-325.0,2.654520953197292
786,0.0013267506038852,-3.6400892758171337,4.1713824,4.0172973,4.146697933333334,13.774529221608848,1680.0782031100243,15,4.1713824,4.0172973,-0.1540850999999996,1680.0782031100243,15,0.7582937952728566,-326.0,2.654028283454998
787,0.0013356507905183,-3.627963832003191,4.1708312,4.0160766,4.145789686666666,13.711302400609288,1680.0782031100243,15,4.1708312,4.0160766,-0.1547546000000004,1680.0782031100243,15,0.7576463283799909,-327.0,2.651762149329968
788,0.0013295501961935,-3.6406620060305768,4.1713824,4.0171399,4.146682293333334,13.777245005882037,1680.0802031103522,15,4.1713824,4.0171399,-0.1542424999999996,1680.0802031103522,15,0.7580824623298386,-328.0,2.653288618154435
789,0.0013280305935945,-3.6384897650616503,4.1711855,4.0169826,4.14643018,13.766489412772977,1680.0842031091452,15,4.1711855,4.0169826,-0.1542028999999996,1680.0842031091452,15,0.757720905510408,-329.0,2.652023169286428
790,0.0013342885686123,-3.640363733582143,4.1712251,4.0167069,4.1464775666666664,13.776109233185696,1680.08220311068,15,4.1712251,4.0167069,-0.1545182,1680.08220311068,15,0.7577900083251957,-330.0,2.652265029138185
791,0.0013054633553726,-3.62074353520398,4.1712251,4.018163700000001,4.146330486666667,13.673143658164165,1680.0742028597742,15,4.1712251,4.018163700000001,-0.1530613999999994,1680.0742028597742,15,0.7578566404436765,-331.0,2.652498241552868
792,0.001333409014292,-3.641810650152413,4.1712646,4.0168247,4.1465667733333325,13.783506532827474,1680.0762031096965,15,4.1712646,4.0168247,-0.1544398999999998,1680.0762031096965,15,0.7575741107186266,-332.0,2.651509387515193
793,0.0012991422126869,-3.635767558104974,4.1712251,4.0185971,4.146603553333334,13.753202095465005,1680.072203097865,15,4.1712251,4.0185971,-0.1526279999999999,1680.072203097865,15,0.7574387676316034,-333.0,2.651035686710612
794,0.0013310037484935,-3.641685328256765,4.1711464,4.0168247,4.1464486733333334,13.783015506127692,1680.0862031001598,15,4.1711464,4.0168247,-0.1543216999999996,1680.0862031001598,15,0.7573070993678692,-334.0,2.650574847787542
795,0.001334406140024,-3.640322991895381,4.1710281,4.0165491,4.1463252399999995,13.775974313421951,1680.110203159973,15,4.1710281,4.0165491,-0.1544790000000002,1680.110203159973,15,0.7570826132320737,-335.0,2.649789146312258
796,0.0013335485971163,-3.6388505647839215,4.1711855,4.0166283,4.146348893333332,13.7689048875933,1680.0862028971314,15,4.1711855,4.0166283,-0.1545572000000001,1680.0862028971314,15,0.7569886444408026,-336.0,2.649460255542809
797,0.0013348539209006,-3.639851707476628,4.1711855,4.01651,4.146304193333333,13.774270470841,1680.0842031184584,15,4.1711855,4.01651,-0.1546754999999997,1680.0842031184584,15,0.7569206058370923,-337.0,2.649222120429823
798,0.0013029357872426,-3.6370758278709183,4.1710677,4.0184002,4.146603553333333,13.75806647395886,1680.0802031196654,15,4.1710677,4.0184002,-0.1526674999999997,1680.0802031196654,15,0.7568793229089554,-338.0,2.649077630181344
799,0.0013322402424806,-3.6417880589421543,4.1711464,4.0168247,4.146508993333333,13.782907266253662,1680.086202930659,15,4.1711464,4.0168247,-0.1543216999999996,1680.086202930659,15,0.7568487844355315,-339.0,2.6489707455243603
800,0.0013613179558698,-3.6466151099590913,4.1711855,4.0151315,4.146272653333334,13.808642248917549,1680.0962031502277,15,4.1711855,4.0151315,-0.1560540000000001,1680.0962031502277,15,0.7565874805703982,-340.0,2.6480561819963935
801,0.0013348398390288,-3.640474589233527,4.1712251,4.016588700000001,4.1463882199999995,13.777374755162343,1680.0842031184584,15,4.1712251,4.016588700000001,-0.1546363999999993,1680.0842031184584,15,0.756533402847222,-341.0,2.647866909965277
802,0.0013316532637855,-3.635959187764711,4.1710281,4.0164313,4.146031246666667,13.754101228379294,1680.0802031196654,15,4.1710281,4.0164313,-0.1545968000000002,1680.0802031196654,15,0.7560974433188006,-342.0,2.646341051615802
803,0.0013319958066535,-3.639711113822008,4.1710281,4.0166283,4.146280606666667,13.772470112205523,1680.0822031199932,15,4.1710281,4.0166283,-0.1543998000000002,1680.0822031199932,15,0.7562549733069035,-343.0,2.646892406574162
804,0.0013368828381992,-3.637957047395387,4.1711464,4.0164313,4.1463042266666665,13.763658891416371,1680.0762030985206,15,4.1711464,4.0164313,-0.1547150999999997,1680.0762030985206,15,0.7561692473856031,-344.0,2.6465923658496107
805,0.0013367690797009,-3.640912651610091,4.1710281,4.0162735000000005,4.1461703666666665,13.779132973593146,1680.0762029513717,15,4.1710281,4.0162735000000005,-0.1547545999999995,1680.0762029513717,15,0.7559066107181215,-345.0,2.645673137513425
806,0.0013038191634678,-3.634315274185401,4.1710281,4.018085,4.146306826666666,13.745270121803689,1680.078202970326,15,4.1710281,4.018085,-0.1529430999999999,1680.078202970326,15,0.7559357293785655,-346.0,2.645775052824979
807,0.0013356919033439,-3.641692626604448,4.1709495,4.0163918,4.14624386,13.782987337078705,1680.088202919811,15,4.1709495,4.0163918,-0.1545576999999998,1680.088202919811,15,0.7557518317102241,-347.0,2.645131410985784
808,0.0013343515008983,-3.6378060745383776,4.1710281,4.0163131000000005,4.146062686666667,13.763732620978493,1680.0742030665278,15,4.1710281,4.0163131000000005,-0.1547149999999995,1680.0742030665278,15,0.7555443856983969,-348.0,2.644405349944389
809,0.0013021090319406,-3.634667746170118,4.170870799999999,4.018085,4.146225526666666,13.746647797798772,1680.0742031000557,15,4.170870799999999,4.018085,-0.1527857999999993,1680.0742031000557,15,0.7554806980547417,-349.0,2.644182443191596
810,0.0013020132464017,-3.635944193733644,4.1709495,4.018163700000001,4.146312119999999,13.753330908544989,1680.0722030997276,15,4.1709495,4.018163700000001,-0.1527857999999993,1680.0722030997276,15,0.7554275891238068,-350.0,2.643996561933324
811,0.0013359569029955,-3.6395952022071296,4.1707134,4.0160766,4.145920946666667,13.77224872594153,1680.070203082636,15,4.1707134,4.0160766,-0.1546368000000004,1680.070203082636,15,0.755121100107112,-351.0,2.642923850374892
812,0.0013057683556249,-3.6326184730230824,4.1708312,4.0177698,4.146070673333333,13.736384665179404,1680.068203097209,15,4.1708312,4.0177698,-0.1530614000000003,1680.068203097209,15,0.7550564886490883,-352.0,2.642697710271809
813,0.0013353395072152,-3.638549588690094,4.170870799999999,4.0161557,4.145960333333334,13.767319318167374,1680.076203070581,15,4.170870799999999,4.0161557,-0.1547150999999997,1680.076203070581,15,0.7549373739307415,-353.0,2.642280808757595
814,0.0013082853081854,-3.634868838723887,4.1709099,4.0177307,4.14617824,13.7487043486483,1680.0682030916214,15,4.1709099,4.0177307,-0.1531791999999994,1680.0682030916214,15,0.7548976473123977,-354.0,2.642141765593392
815,0.0013361358683298,-3.64106903801088,4.1707134,4.0161161,4.145983986666668,13.780027465210562,1680.072202952579,15,4.1707134,4.0161161,-0.1545973000000007,1680.072202952579,15,0.7547577803005258,-355.0,2.64165223105184
817,0.0013061318465149,-3.6315209178631034,4.1710281,4.0178881,4.146196593333333,13.73109978382507,1680.074203111231,15,4.1710281,4.0178881,-0.1531399999999996,1680.074203111231,15,0.754996677132704,-357.0,2.642488369964464
818,0.0013379938634009,-3.6358814071669774,4.1709099,4.0160375,4.145944533333333,13.753431236865776,1680.0782031100243,15,4.1709099,4.0160375,-0.1548723999999994,1680.0782031100243,15,0.7546651706676278,-358.0,2.6413280973366975
819,0.0013405552710212,-3.6409648376511625,4.1705952,4.0157223,4.145802853333334,13.778910080299823,1680.08820313029,15,4.1705952,4.0157223,-0.1548728999999999,1680.08820313029,15,0.7543778215350632,-359.0,2.640322375372721
820,0.0013366398281826,-3.638174774487661,4.1706343,4.0159979,4.145860613333334,13.764367810536,1680.082203099504,15,4.1706343,4.0159979,-0.1546363999999993,1680.082203099504,15,0.7542852188029358,-360.0,2.639998265810275
821,0.0013682107583883,-3.643653692192195,4.1705952,4.014147299999999,4.145590213333333,13.793169888356378,1680.0842029191554,15,4.1705952,4.014147299999999,-0.1564479000000007,1680.0842029191554,15,0.7540414376676043,-361.0,2.639145031836615
822,0.0013383669539274,-3.6390823489861623,4.1705952,4.0157223,4.145679380000001,13.770157628238408,1680.074202960357,15,4.1705952,4.0157223,-0.1548728999999999,1680.074202960357,15,0.7538971621602572,-362.0,2.6386400675609
823,0.0013358710087231,-3.6422017877618087,4.1706343,4.0160766,4.14594192,13.785288400445737,1680.0802029371262,15,4.1706343,4.0160766,-0.1545576999999998,1680.0802029371262,15,0.7540340877081784,-363.0,2.6391193069786243
824,0.0012995060753135,-3.6299048882644462,4.1705952,4.0178094,4.145776593333333,13.722987765926431,1680.0662030931562,15,4.1705952,4.0178094,-0.1527858000000002,1680.0662030931562,15,0.7536918231396098,-364.0,2.6379213809886344
825,0.0013399271854669,-3.6382246204685327,4.1706343,4.015801000000001,4.145823786666667,13.76457977675959,1680.0782030876726,15,4.1706343,4.015801000000001,-0.154833299999999,1680.0782030876726,15,0.7537553887705386,-365.0,2.6381438606968852
826,0.0013085574796223,-3.6304301007503055,4.1705556,4.0173368,4.145752966666667,13.72494210484778,1680.0742031000557,15,4.1705556,4.0173368,-0.1532188000000003,1680.0742031000557,15,0.7535161017597897,-366.0,2.637306356159264
827,0.0013424209432717,-3.63955466536388,4.1706343,4.0156436,4.14580018,13.771276502139187,1680.0722029730678,15,4.1706343,4.0156436,-0.1549906999999999,1680.0722029730678,15,0.7535679387366311,-367.0,2.637487785578209
828,0.0013411783080412,-3.636291381231203,4.1705165,4.0154862,4.145550853333333,13.754899168848464,1680.0802031122148,15,4.1705165,4.0154862,-0.1550302999999999,1680.0802031122148,15,0.7532325699354,-368.0,2.6363139947739
829,0.0013434930447492,-3.636554874919323,4.1705952,4.0154862,4.145666306666666,13.756673400125116,1680.0742031000557,15,4.1705952,4.0154862,-0.1551090000000003,1680.0742031000557,15,0.7532525613903231,-369.0,2.636383964866131
830,0.0013095870904098,-3.632058845516025,4.1704769,4.0171795,4.145663646666666,13.73440342617454,1680.074203081429,15,4.1704769,4.0171795,-0.1532973999999995,1680.074203081429,15,0.7530433518477574,-370.0,2.635651731467151
831,0.0013126315129549,-3.633220989419687,4.1704373,4.0169826,4.145626893333334,13.740013727597711,1680.0682029481975,15,4.1704373,4.0169826,-0.1534546999999992,1680.0682029481975,15,0.7529339746219693,-371.0,2.6352689111768925
832,0.0013424002918569,-3.638476148751816,4.1705165,4.0154467,4.145592813333334,13.766557391938624,1680.078203117475,15,4.1705165,4.0154467,-0.1550697999999997,1680.078203117475,15,0.7528988745390012,-372.0,2.635146060886504
833,0.0013740354845492,-3.6408699517102865,4.1704769,4.0135961,4.145290926666667,13.779032373382496,1680.0802031178027,15,4.1704769,4.0135961,-0.1568807999999997,1680.0802031178027,15,0.752680533686446,-373.0,2.6343818679025612
834,0.0013420340492321,-3.637638015338922,4.1703587,4.0153284,4.145448426666667,13.76220912481376,1680.0762030873448,15,4.1703587,4.0153284,-0.1550303000000008,1680.0762030873448,15,0.7525264143625223,-374.0,2.633842450268828
835,0.0013422529751897,-3.635831127556429,4.1705952,4.015368,4.1454825600000005,13.754180223896572,1680.0742028318346,15,4.1705952,4.015368,-0.1552272000000005,1680.0742028318346,15,0.7523870425003486,-375.0,2.63335464875122
836,0.0013474081537054,-3.6327955283786064,4.1705952,4.015052799999999,4.145385459999999,13.737619315281425,1680.0822028871626,15,4.1705952,4.015052799999999,-0.1555424000000007,1680.0822028871626,15,0.7523270377569683,-376.0,2.633144632149389
837,0.001346865921712,-3.638068820882175,4.1703196,4.0149741,4.145332873333333,13.764762813267591,1680.0762028992176,15,4.1703196,4.0149741,-0.1553455000000001,1680.0762028992176,15,0.7520530455860929,-377.0,2.632185659551325
838,0.0013415431704555,-3.63844583190549,4.1702013,4.0152497,4.145353953333334,13.76636667081502,1680.0782031100243,15,4.1702013,4.0152497,-0.1549516000000004,1680.0782031100243,15,0.7520478400341029,-378.0,2.63216744011936
839,0.0013414152847682,-3.636897721378022,4.1702409,4.0152106,4.14529364,13.758627353946324,1680.084203120321,15,4.1702409,4.0152106,-0.1550302999999999,1680.084203120321,15,0.75185810471513,-379.0,2.631503366502955
840,0.0013440292468325,-3.638169777973714,4.17028,4.0150924,4.14531454,13.765077307260224,1680.0722030065954,15,4.17028,4.0150924,-0.1551875999999996,1680.0722030065954,15,0.7517814923571191,-380.0,2.631235223249917
841,0.001344827911458,-3.6363300105347864,4.1704769,4.0151315,4.145374866666667,13.75615190244748,1680.0742029491812,15,4.1704769,4.0151315,-0.1553453999999998,1680.0742029491812,15,0.7516906346204584,-381.0,2.6309172211716043
842,0.0013496513143692,-3.630727353734229,4.1703587,4.0147772,4.1451963733333335,13.725946907631034,1680.082202859223,15,4.1703587,4.0147772,-0.1555815000000002,1680.082202859223,15,0.7515692698008898,-382.0,2.630492444303114
843,0.0013138561493131,-3.6333006537397137,4.1702409,4.0167069,4.14541168,13.74024830708382,1680.082203099504,15,4.1702409,4.0167069,-0.1535339999999996,1680.082203099504,15,0.7514262533109729,-383.0,2.6299918865884053
844,0.0013446373895592,-3.637321588617347,4.17028,4.0150137,4.145256726666667,13.760616532250822,1680.0982031505555,15,4.17028,4.0150137,-0.1552663,1680.0982031505555,15,0.7512925866238838,-384.0,2.629524053183593
846,0.0013448457161855,-3.6340836337088662,4.17028,4.014935,4.145157046666667,13.744637796486064,1680.080203121528,15,4.17028,4.014935,-0.1553449999999996,1680.080203121528,15,0.7510080915726534,-386.0,2.628528320504287
847,0.001347156631492,-3.639347980961131,4.1701226,4.0148168,4.145201693333335,13.770902938257588,1680.078203059733,15,4.1701226,4.0148168,-0.1553057999999998,1680.078203059733,15,0.7508997417339024,-387.0,2.6281490960686584
848,0.0013155976085752,-3.629175222484199,4.17028,4.0165491,4.145298733333333,13.719045497647752,1680.0722030792383,15,4.17028,4.0165491,-0.1537309000000002,1680.0722030792383,15,0.7507941235105868,-388.0,2.627779432287054
849,0.0013450932841002,-3.6350376814036953,4.17028,4.014935,4.14517802,13.7492312768279,1680.084203120321,15,4.17028,4.014935,-0.1553449999999996,1680.084203120321,15,0.7507019213401002,-389.0,2.6274567246903504
850,0.001313930746352,-3.6292354403965104,4.1702409,4.0166674,4.145335526666667,13.718970904324046,1680.0742030590773,15,4.1702409,4.0166674,-0.1535734999999993,1680.0742030590773,15,0.750660935571212,-390.0,2.627313274499242
851,0.001313871110754,-3.631840580418983,4.170083,4.0164313,4.145122946666667,13.733068036293862,1680.0722030866891,15,4.170083,4.0164313,-0.1536517000000001,1680.0722030866891,15,0.7504593286464145,-391.0,2.626607650262451
852,0.0013184204010512,-3.631589570675416,4.1702013,4.0163522,4.145264686666667,13.732232369818604,1680.0662030875685,15,4.1702013,4.0163522,-0.1538491000000004,1680.0662030875685,15,0.7503784551210237,-392.0,2.626324592923583
853,0.0013448471556598,-3.63816051867994,4.1701617,4.0149741,4.145235813333333,13.765034563343214,1680.0762028899044,15,4.1701617,4.0149741,-0.1551876000000005,1680.0762028899044,15,0.7503884123813008,-393.0,2.626359443334553
856,0.0013484301033026,-3.6354951011256658,4.1700044,4.0145411,4.144949653333334,13.751240070243435,1680.076203050092,15,4.1700044,4.0145411,-0.1554633,1680.076203050092,15,0.7498035083191883,-396.0,2.624312279117159
857,0.0013478808245695,-3.635877314394452,4.1700439,4.0146589,4.145044133333334,13.752807368119305,1680.0682029612362,15,4.1700439,4.0146589,-0.1553849999999998,1680.0682029612362,15,0.7498097917170449,-397.0,2.624334271009657
858,0.0013477462405509,-3.63699086879761,4.1700044,4.0145802,4.144970633333333,13.75902518195968,1680.0802031103522,15,4.1700044,4.0145802,-0.1554241999999996,1680.0802031103522,15,0.7496601443235758,-398.0,2.623810505132515
863,0.001348384764244,-3.6359165462795464,4.1700439,4.0145411,4.144952186666667,13.753783046128856,1680.0762030892074,15,4.1700439,4.0145411,-0.1555027999999998,1680.0762030892074,15,0.7490846710246546,-403.0,2.621796348586291
