cycle_number,relax_var,relax_ske,relax_max,relax_min,relax_mean,relax_kur,relax_duration_s,relax_points,relax_start_voltage,relax_end_voltage,relax_voltage_delta,window_s,window_points,SOH,RUL,discharge_capacity_in_Ah
2,0.0008554881418263,-3.757859781306564,4.1863155,4.0651541,4.1699846266666665,14.385597110270144,1680.0940798001757,15,4.1863155,4.0651541,-0.1211614,1680.0940798001757,15,0.9473335274267968,392.0,3.3156673459937887
3,0.0008571275687438,-3.7588376763291103,4.186157700000001,4.064878,4.169816533333334,14.390725296457884,1680.0940844944853,15,4.186157700000001,4.064878,-0.1212797000000005,1680.0940844944853,15,0.9459249287574412,391.0,3.3107372506510444
4,0.0008673736098706,-3.759107749298652,4.1861973,4.0642877,4.169853306666666,14.391780884322444,1680.0960844943766,15,4.1861973,4.0642877,-0.1219095999999995,1680.0960844943766,15,0.944565970981832,390.0,3.305980898436412
5,0.0008771743984178,-3.7615574518804262,4.186276,4.0636578000000005,4.1698376066666665,14.404773802609675,1680.0980844943842,15,4.186276,4.0636578000000005,-0.1226181999999997,1680.0980844943842,15,0.943349758633974,389.0,3.3017241552189094
6,0.0008771010626663,-3.7628415996484024,4.1861973,4.0636969,4.169882273333333,14.411396962691416,1680.090084494106,15,4.1861973,4.0636969,-0.1225003999999998,1680.090084494106,15,0.9421355450710728,388.0,3.2974744077487546
7,0.0008895110319455,-3.76534392898673,4.186079,4.0627127,4.169666886666667,14.424869007637051,1680.102175248394,15,4.186079,4.0627127,-0.1233663000000007,1680.102175248394,15,0.9408514539779808,387.0,3.2929800889229326
8,0.0008837347958055,-3.764502130622188,4.186157700000001,4.0631852,4.169785046666667,14.42057012711713,1680.0901752470818,15,4.186157700000001,4.0631852,-0.1229725000000003,1680.0901752470818,15,0.9396769988583512,386.0,3.288869496004229
9,0.0008877349259535,-3.763930174133677,4.1861973,4.062869999999999,4.169706373333333,14.417650196153392,1680.096175247803,15,4.1861973,4.062869999999999,-0.1233273000000005,1680.096175247803,15,0.9384375447333438,385.0,3.2845314065667033
10,0.0008973426131421,-3.7670520782492223,4.1860003,4.062200499999999,4.169638093333333,14.433814755467722,1680.096175247803,15,4.1860003,4.062200499999999,-0.1237998000000004,1680.096175247803,15,0.9371837832140528,384.0,3.2801432412491853
11,0.000893326730474,-3.7666162311343063,4.186157700000001,4.0626335,4.16982704,14.431604497781738,1680.092175247206,15,4.186157700000001,4.0626335,-0.1235242000000012,1680.092175247206,15,0.9361289924139314,383.0,3.27645147344876
12,0.0009053303144326,-3.766117369605422,4.186079,4.061649299999999,4.169556646666666,14.429014738726256,1680.0981752475782,15,4.186079,4.061649299999999,-0.1244297000000012,1680.0981752475782,15,0.9349858234566824,382.0,3.272450382098388
13,0.0009009691371306,-3.765848699111331,4.186079,4.0620036,4.169648573333333,14.427590706186514,1680.096175247803,15,4.186079,4.0620036,-0.1240754000000006,1680.096175247803,15,0.933949214410304,381.0,3.268822250436064
14,0.0009003601166774,-3.7684185450188448,4.1859608,4.061964499999999,4.1695934800000005,14.440993740777326,1680.0941752475046,15,4.1859608,4.061964499999999,-0.1239963000000008,1680.0941752475046,15,0.9329019351915148,380.0,3.265156773170302
15,0.0009162185575106,-3.7626992694875367,4.185921700000001,4.060586,4.1691130733333335,14.411345453089982,1680.100175247993,15,4.185921700000001,4.060586,-0.1253357000000008,1680.100175247993,15,0.9304199100095326,379.0,3.2564696850333643
16,0.0009219802529245,-3.768921071418614,4.185921700000001,4.0604286,4.169346679999999,14.444026977016858,1680.104175248096,15,4.185921700000001,4.0604286,-0.1254931000000008,1680.104175248096,15,0.9306210535466256,378.0,3.25717368741319
17,0.0009088083234668,-3.769490555288525,4.185921700000001,4.061452399999999,4.169593439999999,14.44634807698182,1680.098175248073,15,4.185921700000001,4.061452399999999,-0.1244693000000012,1680.098175248073,15,0.9296942526619076,377.0,3.253929884316677
18,0.000922183143906,-3.7667942297357544,4.186157700000001,4.060586,4.16949892,14.432899617872486,1680.1061752485111,15,4.186157700000001,4.060586,-0.1255717000000009,1680.1061752485111,15,0.9286423667707552,376.0,3.2502482836976427
19,0.0009145918018881,-3.766887945578023,4.1860003,4.060979799999999,4.169443766666666,14.43295853995787,1680.1041752481833,15,4.1860003,4.060979799999999,-0.1250205000000006,1680.1041752481833,15,0.9276434247242762,375.0,3.2467519865349668
20,0.0009231520689706,-3.767519221366253,4.1860003,4.060349899999999,4.169325693333334,14.43654834003604,1680.1081752488972,15,4.1860003,4.060349899999999,-0.1256504000000005,1680.1081752488972,15,0.926672486171758,374.0,3.2433537016011527
21,0.0009188589234638,-3.767727145582892,4.1860394,4.0607042,4.1694279666666665,14.437629396021382,1680.1001752478187,15,4.1860394,4.0607042,-0.1253352000000003,1680.1001752478187,15,0.9257390324238512,373.0,3.2400866134834794
22,0.0009198577263306,-3.7671694927057455,4.1860394,4.060546899999999,4.169325693333334,14.435089865295208,1680.104175248649,15,4.1860394,4.060546899999999,-0.1254925000000009,1680.104175248649,15,0.9248199348080206,372.0,3.236869771828072
23,0.0009338866599069,-3.7673454990009345,4.185921700000001,4.059641399999999,4.169246953333333,14.435120975273083,1680.1061752485111,15,4.185921700000001,4.059641399999999,-0.1262803000000012,1680.1061752485111,15,0.9239171630995012,371.0,3.2337100708482542
24,0.0009262478812171,-3.767065820471203,4.1860003,4.060153,4.169307300000001,14.433832662144477,1680.1021752477973,15,4.1860003,4.060153,-0.1258473000000002,1680.1021752477973,15,0.9230706895187324,370.0,3.230747413315563
25,0.0009381313265402,-3.767370230092647,4.185921700000001,4.0592475,4.16910258,14.435699926653877,1680.1001752484008,15,4.185921700000001,4.0592475,-0.1266742000000009,1680.1001752484008,15,0.9221722098077486,369.0,3.22760273432712
26,0.0009312934168035,-3.767344101480184,4.1858034,4.0596805,4.169134006666666,14.435323033840966,1680.1021752487868,15,4.1858034,4.0596805,-0.1261229000000003,1680.1021752487868,15,0.921326228819172,368.0,3.224641800867102
27,0.0009306263565892,-3.7653322915126575,4.186079,4.0598378,4.169236393333333,14.425303465427746,1680.1001752482844,15,4.186079,4.0598378,-0.1262411999999999,1680.1001752482844,15,0.9205621674560156,367.0,3.221967586096055
28,0.0009329538524569,-3.768542638820066,4.1858034,4.059601799999999,4.169162913333334,14.441898762486073,1680.1001752482262,15,4.1858034,4.059601799999999,-0.1262016000000008,1680.1001752482262,15,0.919792458110546,366.0,3.219273603386911
29,0.0009536137933749,-3.769330307690341,4.185843,4.0582237,4.168997573333333,14.44591428125162,1680.1081752488972,15,4.185843,4.0582237,-0.1276193000000001,1680.1081752488972,15,0.9188831841847648,365.0,3.2160911446466764
30,0.0009333935146938,-3.7676096206642447,4.185724700000001,4.0594049,4.168984433333333,14.437171520674656,1680.110175249225,15,4.185724700000001,4.0594049,-0.1263198000000009,1680.110175249225,15,0.91808251470211,364.0,3.2132888014573853
31,0.000948092588862,-3.7658241931078,4.185882100000001,4.0584207,4.168845273333334,14.42798847092032,1680.108175248839,15,4.185882100000001,4.0584207,-0.1274614000000005,1680.108175248839,15,0.9173356162429864,363.0,3.2106746568504527
32,0.0009498892964231,-3.7704710162659305,4.1856461000000005,4.0583415,4.16890828,14.451972601212349,1680.106175248453,15,4.1856461000000005,4.0583415,-0.1273046000000004,1680.106175248453,15,0.9166338876037402,362.0,3.208218606613091
33,0.0009395747261888,-3.7679449228941064,4.185724700000001,4.059011,4.16895558,14.439000634722618,1680.0941752474755,15,4.185724700000001,4.059011,-0.1267137000000007,1680.0941752474755,15,0.9158616213525776,361.0,3.205515674734021
34,0.0009456502804925,-3.767899446479391,4.1856852,4.058578,4.16887676,14.438468227326505,1680.0981752480147,15,4.1856852,4.058578,-0.1271072000000002,1680.0981752480147,15,0.9150291483872768,360.0,3.2026020193554685
35,0.0009436026698221,-3.766484509956158,4.1856461000000005,4.058696299999999,4.168863673333333,14.430739869036586,1680.0881752455607,15,4.1856461000000005,4.058696299999999,-0.1269498000000011,1680.0881752455607,15,0.9143324860864644,359.0,3.2001637013026256
36,0.0009482122716335,-3.765455203908671,4.1856852,4.0584598,4.168887306666667,14.425169482820014,1680.0841752467677,15,4.1856852,4.0584598,-0.1272254000000003,1680.0841752467677,15,0.9136461428904312,358.0,3.19776150011651
37,0.0009476795935626,-3.7669543128204896,4.185724700000001,4.0584598,4.168868913333333,14.43335275851992,1680.0901752467616,15,4.185724700000001,4.0584598,-0.127264900000001,1680.0901752467616,15,0.9129749019336711,357.0,3.195412156767849
38,0.0009485366234455,-3.767257004720459,4.1855674,4.0582628,4.168724546666667,14.435137753007218,1680.092175248545,15,4.1855674,4.0582628,-0.1273046000000004,1680.092175248545,15,0.9122336167738556,356.0,3.192817658708494
39,0.0009507596031226,-3.7668746503976225,4.1855278,4.0581055,4.168693046666666,14.432771159414765,1680.088175246492,15,4.1855278,4.0581055,-0.1274223000000001,1680.088175246492,15,0.9116927650356914,355.0,3.19092467762492
40,0.0009528501710163,-3.7645141249213863,4.1855278,4.0578299,4.1685198066666675,14.420580170552576,1680.0941752464278,15,4.1855278,4.0578299,-0.1276979000000002,1680.0941752464278,15,0.9109284180938428,354.0,3.1882494633284497
41,0.0009524520933323,-3.766326870924752,4.1856065000000005,4.0579481,4.168630066666667,14.430344981334006,1680.086175247212,15,4.1856065000000005,4.0579481,-0.1276584000000005,1680.086175247212,15,0.9102400937546884,353.0,3.1858403281414094
42,0.0009559142747998,-3.765218844701823,4.1856461000000005,4.0577512,4.168624746666667,14.424288435579246,1680.088175248471,15,4.1856461000000005,4.0577512,-0.1278949000000002,1680.088175248471,15,0.9096119623209636,352.0,3.1836418681233725
43,0.0009554537118085,-3.7655321239528807,4.1856852,4.0577512,4.1686011,14.426351841949383,1680.0861752461642,15,4.1856852,4.0577512,-0.1279339999999997,1680.0861752461642,15,0.9089757166171412,351.0,3.181415008159994
44,0.0009576474359406,-3.765506060022092,4.1855278,4.0575933,4.168569593333333,14.425718218508177,1680.088175246492,15,4.1855278,4.0575933,-0.1279345000000002,1680.088175246492,15,0.9083110985708468,350.0,3.1790888449979637
45,0.0009585984237074,-3.765788735784491,4.1855674,4.0575147000000005,4.1685485799999995,14.427348888379242,1680.0821752473712,15,4.1855674,4.0575147000000005,-0.1280526999999995,1680.0821752473712,15,0.9076816201206744,349.0,3.1768856704223607
46,0.0009611305679968,-3.7652399169476984,4.1854491000000005,4.0572786,4.16845416,14.424173839676088,1680.086175246979,15,4.1854491000000005,4.0572786,-0.1281705000000004,1680.086175246979,15,0.9070612145904638,348.0,3.1747142510666233
47,0.0009757477589525,-3.765913354805709,4.185488200000001,4.056294,4.168317640000001,14.427948137318324,1680.0841752447886,15,4.185488200000001,4.056294,-0.1291942000000006,1680.0841752447886,15,0.9064067128881056,347.0,3.17242349510837
48,0.000963153851498,-3.76380569808142,4.1854491000000005,4.0570817,4.168362266666667,14.416569199462533,1680.0801752471598,15,4.1854491000000005,4.0570817,-0.1283674000000001,1680.0801752471598,15,0.905833732750457,346.0,3.1704180646265994
49,0.0009647846998971,-3.7656988600653185,4.1853309,4.0569243,4.168315,14.426750313873235,1680.0801752459956,15,4.1853309,4.0569243,-0.1284065999999999,1680.0801752459956,15,0.9052501020999576,345.0,3.168375357349851
50,0.0009663405501123,-3.7656102260766446,4.1854095,4.0568061,4.168286133333334,14.426539287757311,1680.0841752473498,15,4.1854095,4.0568061,-0.1286033999999993,1680.0841752473498,15,0.904646902898686,344.0,3.166264160145402
51,0.0009665321211949,-3.762729256399134,4.1852913,4.0566878,4.168154873333333,14.411259682643898,1680.0861752461642,15,4.1852913,4.0566878,-0.1286035000000005,1680.0861752461642,15,0.9040061430743904,343.0,3.164021500760366
52,0.0009691665727683,-3.7678597286788618,4.1851339,4.0565305,4.168191653333333,14.438000276574236,1680.0801752458792,15,4.1851339,4.0565305,-0.1286034000000002,1680.0801752458792,15,0.9034657962412826,342.0,3.1621302868444894
53,0.0009690138374445,-3.762819230755906,4.1855278,4.0566092000000005,4.168220520000001,14.41216550576996,1680.0801752451807,15,4.1855278,4.0566092000000005,-0.1289185999999995,1680.0801752451807,15,0.9029688124238128,341.0,3.160390843483345
54,0.0009700785858459,-3.7640168001274814,4.1854095,4.0564909,4.168173179999999,14.418217647989431,1680.08417524572,15,4.1854095,4.0564909,-0.1289185999999995,1680.08417524572,15,0.9024329582373052,340.0,3.1585153538305684
55,0.0009724241717106,-3.7626062842188017,4.1853704,4.0562549,4.168060393333333,14.410803501810566,1680.0821752472548,15,4.1853704,4.0562549,-0.1291155000000001,1680.0821752472548,15,0.9018905917853656,339.0,3.156617071248779
56,0.0009705527179402,-3.7617491869038338,4.1852913,4.0563335,4.1680236200000005,14.405784427778954,1680.0821752455086,15,4.1852913,4.0563335,-0.1289578000000002,1680.0821752455086,15,0.901365461722082,338.0,3.154779116027287
57,0.0009750175047526,-3.764225876825714,4.185212600000001,4.0559793,4.167947486666667,14.41950356169827,1680.0801752468103,15,4.185212600000001,4.0559793,-0.129233300000001,1680.0801752468103,15,0.900840849887076,337.0,3.1529429746047666
58,0.0009765668035597,-3.7639904085680382,4.185212600000001,4.0559006,4.16795536,14.417938422171972,1680.0781752457842,15,4.185212600000001,4.0559006,-0.1293120000000005,1680.0781752457842,15,0.9003323342737785,336.0,3.1511631699582248
59,0.0009769167798666,-3.764178981486707,4.1851735,4.0558214,4.167897633333334,14.418795552743408,1680.074175245245,15,4.1851735,4.0558214,-0.1293521000000002,1680.074175245245,15,0.8998985762751112,335.0,3.149645016962889
60,0.0009781696458752,-3.763383787098285,4.185212600000001,4.055742700000001,4.167884466666667,14.414868733120382,1680.0781752456678,15,4.185212600000001,4.055742700000001,-0.1294699000000001,1680.0781752456678,15,0.8994337005781871,334.0,3.148017952023655
61,0.0009923314229435,-3.764711021425767,4.184819200000001,4.0546403,4.167600993333333,14.420949460122491,1680.086175246979,15,4.184819200000001,4.0546403,-0.1301789000000006,1680.086175246979,15,0.8988170262097359,333.0,3.1458595917340757
62,0.0009783364759611,-3.7609619827157807,4.1850553,4.0555067000000005,4.16763774,14.40207046767809,1680.0861752476776,15,4.1850553,4.0555067000000005,-0.1295485999999996,1680.0861752476776,15,0.8982708865012711,332.0,3.143948102754449
63,0.0009638379171245,-3.7612630778132514,4.184937000000001,4.0564909,4.16778998,14.403225528584834,1680.080175244948,15,4.184937000000001,4.0564909,-0.1284461000000005,1680.080175244948,15,0.8978062023838591,331.0,3.142321708343507
64,0.0009844233010628,-3.761407809325737,4.1850157,4.0551128,4.167595700000001,14.404285186800143,1680.094175247243,15,4.1850157,4.0551128,-0.1299029000000002,1680.094175247243,15,0.8971650515083632,330.0,3.1400776802792714
65,0.0009800900478883,-3.761888648606567,4.184937000000001,4.055428,4.167666586666667,14.406390177426683,1680.0941752484068,15,4.184937000000001,4.055428,-0.1295090000000005,1680.0941752484068,15,0.896783125796324,329.0,3.1387409402871342
66,0.000985475521872,-3.761501898684272,4.1848583,4.054994600000001,4.167538006666667,14.404453348093696,1680.086175245815,15,4.1848583,4.054994600000001,-0.1298636999999995,1680.086175245815,15,0.8962543492805602,328.0,3.136890222481961
67,0.0010005004504917,-3.762846149698934,4.184976600000001,4.0541286,4.16753798,14.411483373973564,1680.0961752492003,15,4.184976600000001,4.0541286,-0.1308480000000003,1680.0961752492003,15,0.8958368920832555,327.0,3.135429122291394
68,0.0009877824500255,-3.76173308086088,4.1850948,4.0549555,4.167632486666667,14.40568440902524,1680.090175247984,15,4.1850948,4.0549555,-0.1301392999999997,1680.090175247984,15,0.8952767055590037,326.0,3.133468469456513
69,0.0009879082833978,-3.76152932153765,4.1848583,4.054797600000001,4.167480193333334,14.404711553775009,1680.092175247264,15,4.1848583,4.054797600000001,-0.1300606999999995,1680.092175247264,15,0.894788492295038,325.0,3.131759723032633
70,0.0009878059755226,-3.761535815260119,4.184937000000001,4.054837200000001,4.1675143466666675,14.405021920768398,1680.0902002832154,15,4.184937000000001,4.054837200000001,-0.1300998,1680.0902002832154,15,0.8942365020968194,324.0,3.129827757338868
71,0.0009913347748592,-3.760078077347118,4.1848583,4.0544829,4.167348926666667,14.397387704021597,1680.1042002848117,15,4.1848583,4.0544829,-0.1303754000000001,1680.1042002848117,15,0.8937330167474263,323.0,3.128065558615992
72,0.0010050184535002,-3.7596348947678297,4.1850157,4.053695200000001,4.167333220000001,14.394623583817122,1680.1062002829276,15,4.1850157,4.053695200000001,-0.1313204999999992,1680.1062002829276,15,0.8933126733950277,322.0,3.126594356882597
73,0.0009918848530283,-3.760801709417609,4.1848979,4.054522,4.167425086666666,14.400930794233844,1680.1022002839018,15,4.1848979,4.054522,-0.1303758999999997,1680.1022002839018,15,0.8929539400217396,321.0,3.1253387900760883
74,0.0010109411844235,-3.7631803130892383,4.1848979,4.0533805,4.167383093333333,14.413374124105411,1680.1062002819965,15,4.1848979,4.0533805,-0.1315173999999999,1680.1062002819965,15,0.892343284585116,320.0,3.123201496047906
75,0.0009937406506177,-3.758187276267097,4.184819200000001,4.054167700000001,4.1671547066666665,14.38747141786315,1680.110200288007,15,4.184819200000001,4.054167700000001,-0.1306514999999999,1680.110200288007,15,0.8918358832829162,319.0,3.1214255914902065
76,0.0009957232496671,-3.7594128629035586,4.184937000000001,4.0542073,4.1673174,14.39400879790195,1680.1062002833933,15,4.184937000000001,4.0542073,-0.1307297000000007,1680.1062002833933,15,0.8913386094175116,318.0,3.119685132961291
77,0.0009984035733866,-3.759484496750718,4.1848583,4.0540104,4.167272866666667,14.3940700253577,1680.1042002853935,15,4.1848583,4.0540104,-0.1308479,1680.1042002853935,15,0.8908895546993583,317.0,3.118113441447754
78,0.0010110923794125,-3.759737071056159,4.184779600000001,4.0531044000000005,4.16708644,14.39537726801225,1680.1042002839968,15,4.184779600000001,4.0531044000000005,-0.1316752000000001,1680.1042002839968,15,0.8904281645374498,316.0,3.1164985758810744
79,0.0010139730216163,-3.762299588887192,4.1846614,4.0529470000000005,4.167112693333334,14.40854958594804,1680.1062002861872,15,4.1846614,4.0529470000000005,-0.1317143999999999,1680.1062002861872,15,0.8900514296356095,315.0,3.115180003724633
80,0.0010158594100888,-3.760238501039693,4.184701,4.0526714,4.16692638,14.39826451003454,1680.0962002868764,15,4.184701,4.0526714,-0.1320295999999992,1680.0962002868764,15,0.8895758501600088,314.0,3.113515475560031
81,0.0010006171895396,-3.7568438859059423,4.184701,4.053695200000001,4.16706016,14.379612665266071,1680.0982002799865,15,4.184701,4.053695200000001,-0.1310057999999987,1680.0982002799865,15,0.8892388656358511,313.0,3.112336029725479
82,0.0010040396232298,-3.755202483386985,4.1847401,4.0533805,4.166926346666666,14.371857733336654,1680.0942002856173,15,4.1847401,4.0533805,-0.1313595999999997,1680.0942002856173,15,0.8885111468707766,312.0,3.1097890140477182
83,0.0010307932514278,-3.76135643382833,4.1846223,4.051805,4.166905306666666,14.40331838768968,1680.1122002818156,15,4.1846223,4.051805,-0.1328173000000001,1680.1122002818156,15,0.8881408413187089,311.0,3.108492944615481
84,0.0010371762744038,-3.761724836761601,4.1847401,4.0514903,4.166949933333332,14.40553298165054,1680.1182002886198,15,4.1847401,4.0514903,-0.1332497999999997,1680.1182002886198,15,0.8877435852304615,310.0,3.107102548306615
85,0.001023260568232,-3.758675078778141,4.184504,4.052002,4.1666585933333335,14.389636359181296,1680.1142002830748,15,4.184504,4.052002,-0.1325019999999996,1680.1142002830748,15,0.8871593886530423,309.0,3.105057860285648
86,0.0010364497416435,-3.759092221662341,4.184582700000001,4.0512934000000005,4.1666901266666665,14.39181339882446,1680.112200282747,15,4.184582700000001,4.0512934000000005,-0.1332893000000004,1680.112200282747,15,0.8867887818382236,308.0,3.1037607364337827
87,0.0010262045865402,-3.759370926261803,4.1846223,4.052002,4.16682918,14.39313096905036,1680.116200284101,15,4.1846223,4.052002,-0.1326203000000001,1680.116200284101,15,0.8863929584205268,307.0,3.102375354471844
88,0.0010096866881225,-3.7557684411130663,4.1846614,4.0529470000000005,4.1668160400000005,14.374450419857745,1680.1142002819106,15,4.1846614,4.0529470000000005,-0.1317143999999999,1680.1142002819106,15,0.8859352229922343,306.0,3.10077328047282
89,0.0010426272887025,-3.759829400731829,4.1845436000000005,4.0509391,4.16668486,14.39512353277216,1680.1162002873607,15,4.1845436000000005,4.0509391,-0.1336045000000005,1680.1162002873607,15,0.885540040307966,305.0,3.099390141077881
90,0.0010084196066983,-3.756451607825371,4.184582700000001,4.0529866000000005,4.1667898533333325,14.377953731115651,1680.0962002829183,15,4.184582700000001,4.0529866000000005,-0.1315961000000003,1680.0962002829183,15,0.8851453197273372,304.0,3.09800861904568
91,0.0010117758999955,-3.7563723845788255,4.1844645,4.0526323,4.166624446666668,14.377809664273862,1680.0962002829183,15,4.1844645,4.0526323,-0.1318321999999998,1680.0962002829183,15,0.8846786853725662,303.0,3.096375398803982
92,0.0010280475928423,-3.757693196960424,4.1845436000000005,4.0516872,4.166603433333334,14.38460579087794,1680.1122002829798,15,4.1845436000000005,4.0516872,-0.1328564000000005,1680.1122002829798,15,0.8842650830482308,302.0,3.094927790668808
93,0.0010300892048945,-3.7552168142385343,4.184346700000001,4.0514507,4.1664590200000005,14.370971736302856,1680.1182002867572,15,4.184346700000001,4.0514507,-0.1328960000000005,1680.1182002867572,15,0.8837586561983429,301.0,3.0931552966942
94,0.0010152582860323,-3.7531829312423426,4.1844645,4.0523958,4.166556133333333,14.36049426309382,1680.1182002879214,15,4.1844645,4.0523958,-0.1320686999999996,1680.1182002879214,15,0.8833908804452655,300.0,3.091868081558429
95,0.0010458699649514,-3.755689948848327,4.1844254,4.0504665,4.1663567,14.373618623250284,1680.1262002889998,15,4.1844254,4.0504665,-0.1339589000000005,1680.1262002889998,15,0.882967591361802,299.0,3.090386569766307
96,0.0010360016316497,-3.756811131444175,4.1843858,4.0510569,4.166409140000001,14.379865618019814,1680.1122002822813,15,4.1843858,4.0510569,-0.1333289000000004,1680.1122002822813,15,0.8825975831592192,298.0,3.0890915410572672
97,0.0010350799499292,-3.75544531935438,4.1844645,4.051136,4.166424973333333,14.372527621811448,1680.1142002830748,15,4.1844645,4.051136,-0.1333285000000001,1680.1142002830748,15,0.8822363447972857,297.0,3.0878272067905
98,0.0010348362436626,-3.7554813947433416,4.1844254,4.0510964,4.166372486666667,14.37301353456369,1680.1202002840582,15,4.1844254,4.0510964,-0.1333290000000007,1680.1202002840582,15,0.8819987220591899,296.0,3.086995527207165
99,0.0010491108497763,-3.7558991270265993,4.1841888,4.0500727,4.166144093333334,14.374681321336766,1680.1382002867758,15,4.1841888,4.0500727,-0.1341160999999999,1680.1382002867758,15,0.8815131549030017,295.0,3.0852960421605062
100,0.0010674690907874,-3.756737417431446,4.1842284,4.0489702,4.166060020000001,14.379053327421286,1680.134200284956,15,4.1842284,4.0489702,-0.1352582,1680.134200284956,15,0.8810437564762756,294.0,3.083653147666965
101,0.0010522946603568,-3.7561061540404768,4.1841888,4.0497575,4.16600746,14.376399105671531,1680.1322002878878,15,4.1841888,4.0497575,-0.1344313000000001,1680.1322002878878,15,0.8806433305647403,293.0,3.082251656976591
102,0.0010403996210252,-3.7558785603974942,4.1841497,4.0505452,4.166133566666667,14.374617926324785,1680.1362002911046,15,4.1841497,4.0505452,-0.1336044999999996,1680.1362002911046,15,0.8803568940963304,292.0,3.0812491293371567
103,0.0010570103411498,-3.756099008603477,4.1839919000000005,4.0493641,4.165873646666666,14.375921894267393,1680.134200282162,15,4.1839919000000005,4.0493641,-0.1346278000000005,1680.134200282162,15,0.8799057447633778,291.0,3.079670106671822
104,0.0010439992998409,-3.754259344071993,4.184307100000001,4.0503879000000005,4.166162533333334,14.366464114816104,1680.1362002871465,15,4.184307100000001,4.0503879000000005,-0.1339192000000002,1680.1362002871465,15,0.8796769119058089,290.0,3.0788691916703312
105,0.0010563764725078,-3.757691973981036,4.1841497,4.0495214,4.1660101733333335,14.384577744138596,1680.1362002869137,15,4.1841497,4.0495214,-0.1346283000000001,1680.1362002869137,15,0.8792285941913508,289.0,3.077300079669728
106,0.0010264308601383,-3.7486108959910287,4.184307100000001,4.0512934000000005,4.166041686666667,14.337006607466908,1680.1122002832126,15,4.184307100000001,4.0512934000000005,-0.1330137000000002,1680.1122002832126,15,0.8788563794433596,288.0,3.0759973280517587
107,0.001026122359594,-3.75132714586228,4.1841497,4.0513721,4.166125686666667,14.35069042197042,1680.1162002859635,15,4.1841497,4.0513721,-0.1327775999999998,1680.1162002859635,15,0.8785044617917989,287.0,3.074765616271296
108,0.0010270014504825,-3.750739096661124,4.1842284,4.0512934000000005,4.16609154,14.347971603992228,1680.0962002840824,15,4.1842284,4.0512934000000005,-0.1329349999999998,1680.0962002840824,15,0.8781742977463113,286.0,3.0736100421120893
109,0.0010299288817778,-3.752489100257334,4.184071100000001,4.0510178,4.165994393333333,14.357117404561276,1680.092200279003,15,4.184071100000001,4.0510178,-0.1330533000000002,1680.092200279003,15,0.8777674769058079,285.0,3.072186169170328
110,0.0010301520494963,-3.749177256426461,4.1842284,4.0509782,4.1659392933333335,14.340089747560924,1680.0802002779674,15,4.1842284,4.0509782,-0.1332501999999999,1680.0802002779674,15,0.8773156696054997,284.0,3.070604843619249
111,0.001031447879564,-3.7502573463058577,4.1841497,4.0508604,4.165902546666666,14.34537089886248,1680.0862002812792,15,4.1841497,4.0508604,-0.1332892999999995,1680.0862002812792,15,0.8770071201957769,283.0,3.069524920685219
112,0.0010319945223926,-3.749513103042452,4.1841497,4.0508995,4.165965553333334,14.341299424354538,1680.084200280951,15,4.1841497,4.0508995,-0.1332501999999999,1680.084200280951,15,0.8766190121170092,282.0,3.068166542409532
113,0.0010314754622274,-3.748888628332881,4.184071100000001,4.0507813,4.16581328,14.338202035251804,1680.0862002840731,15,4.184071100000001,4.0507813,-0.1332898000000009,1680.0862002840731,15,0.8762174298307689,281.0,3.066761004407691
114,0.0010349368506225,-3.7484244533665816,4.184031500000001,4.050427,4.16564794,14.33586880925036,1680.0922002808657,15,4.184031500000001,4.050427,-0.1336045000000005,1680.0922002808657,15,0.8758454114234552,280.0,3.065458939982093
115,0.0010355662433278,-3.749211511143686,4.1839132,4.0503879000000005,4.165650493333334,14.339865015836338,1680.0862002798822,15,4.1839132,4.0503879000000005,-0.1335252999999996,1680.0862002798822,15,0.8754933012722447,279.0,3.064226554452856
116,0.0010360868594595,-3.7483423322697145,4.1839919000000005,4.050427,4.165710866666666,14.33512219281911,1680.0862002850045,15,4.1839919000000005,4.050427,-0.1335649000000005,1680.0862002850045,15,0.8751851123801774,278.0,3.063147893330621
117,0.001069457398336,-3.752094950077461,4.1839132,4.0483403,4.16549832,14.354463754700028,1680.0982002809178,15,4.1839132,4.0483403,-0.1355729000000005,1680.0982002809178,15,0.8748009461504066,277.0,3.061803311526423
118,0.0010377930516025,-3.7458365969126586,4.184071100000001,4.0502696,4.16562694,14.322107546700243,1680.0962002831511,15,4.184071100000001,4.0502696,-0.1338015000000005,1680.0962002831511,15,0.8744105885729018,276.0,3.0604370600051563
119,0.0010382056210102,-3.7492365907289393,4.184031500000001,4.0502696,4.165679419999999,14.340180446341371,1680.1102002859116,15,4.184031500000001,4.0502696,-0.1337619000000005,1680.1102002859116,15,0.8740784011678826,275.0,3.059274404087589
120,0.0010587679259074,-3.750681337531046,4.184031500000001,4.0489702,4.16552982,14.347747792616754,1680.1182002834976,15,4.184031500000001,4.0489702,-0.1350613000000002,1680.1182002834976,15,0.8737436532538136,274.0,3.0581027863883476
121,0.0010586339008692,-3.7488990059443497,4.1839132,4.0489702,4.165506106666667,14.337694501992608,1680.1122002857735,15,4.1839132,4.0489702,-0.1349429999999998,1680.1122002857735,15,0.8733851945221046,273.0,3.056848180827366
122,0.0010618470189699,-3.75154294748154,4.1837955,4.048655,4.165390700000001,14.351646757683447,1680.104200285161,15,4.1837955,4.048655,-0.1351404999999994,1680.104200285161,15,0.8730414619836233,272.0,3.0556451169426815
123,0.0010789512512774,-3.751568564979723,4.183874100000001,4.0476708,4.16534338,14.3519329907929,1680.1082002872135,15,4.183874100000001,4.0476708,-0.1362033000000009,1680.1082002872135,15,0.8727425881918094,271.0,3.0545990586713327
124,0.0010793312226455,-3.751307557766171,4.1837955,4.047513,4.165204213333333,14.350739781639568,1680.1282002851367,15,4.1837955,4.047513,-0.1362824999999992,1680.1282002851367,15,0.8721768816035398,270.0,3.052619085612389
125,0.0010791677358169,-3.751071377151886,4.1837955,4.0475922,4.165272553333334,14.349581019754702,1680.128200284904,15,4.1837955,4.0475922,-0.1362032999999991,1680.128200284904,15,0.8719069747075358,269.0,3.051674411476375
126,0.001082056955774,-3.750857032949072,4.1837559,4.0473161,4.165151753333333,14.348268274704886,1680.1222002839204,15,4.1837559,4.0473161,-0.1364398000000006,1680.1222002839204,15,0.8715322959221926,268.0,3.050363035727674
127,0.0010656275692935,-3.74756081103134,4.1837163,4.0482612,4.165170106666667,14.33096603000897,1680.1222002841532,15,4.1837163,4.0482612,-0.1354551000000006,1680.1222002841532,15,0.8712301706731701,267.0,3.049305597356095
128,0.0010835153101542,-3.751036500060113,4.1836376,4.0470405,4.164957500000001,14.349535277818056,1680.1262002848089,15,4.1836376,4.0470405,-0.1365971000000003,1680.1262002848089,15,0.8707894099443904,266.0,3.047762934805366
129,0.0010690443667721,-3.748300645242258,4.1836376,4.047946499999999,4.165049393333334,14.335046785766242,1680.1222002839204,15,4.1836376,4.047946499999999,-0.1356911000000007,1680.1222002839204,15,0.8705564276321075,265.0,3.0469474967123764
130,0.0010677229941954,-3.747600365130208,4.1837163,4.0480642,4.16508874,14.33148773991324,1680.128200284904,15,4.1837163,4.0480642,-0.1356521000000006,1680.128200284904,15,0.8701982944355704,264.0,3.0456940305244964
131,0.0010523273142697,-3.7456084953947753,4.1835985,4.0488915,4.16505196,14.320988781530115,1680.1162002831695,15,4.1835985,4.0488915,-0.1347070000000005,1680.1162002831695,15,0.8698438788654049,263.0,3.0444535760289173
132,0.0010697329134535,-3.745235594316352,4.1835589,4.0477495,4.164862973333333,14.3186918848602,1680.1142002865672,15,4.1835589,4.0477495,-0.1358094000000003,1680.1142002865672,15,0.869458285468634,262.0,3.043103999140219
133,0.0010726269943799,-3.746002227439657,4.1835194,4.0475922,4.1648709,14.322868548919557,1680.1102002875414,15,4.1835194,4.0475922,-0.1359271999999993,1680.1102002875414,15,0.8691840530411001,261.0,3.0421441856438505
134,0.0010904195193378,-3.746054210735051,4.1836376,4.0466075,4.164855026666666,14.322880700721903,1680.1162002836354,15,4.1836376,4.0466075,-0.1370300999999996,1680.1162002836354,15,0.8688681389653867,260.0,3.0410384863788535
135,0.0010763936634198,-3.744709745390801,4.1836376,4.0473952,4.164868253333333,14.31604622875152,1680.116200287128,15,4.1836376,4.0473952,-0.1362423999999995,1680.116200287128,15,0.8684742159476141,259.0,3.039659755816649
136,0.0010903374406235,-3.747162179001176,4.1834803,4.0464501,4.164702926666666,14.3286855777487,1680.1202002838254,15,4.1834803,4.0464501,-0.1370301999999998,1680.1202002838254,15,0.8681283267590141,258.0,3.0384491436565493
137,0.0010725783965735,-3.744566122686347,4.1834407,4.0474739,4.1647369733333335,14.315017333217815,1680.1202002868522,15,4.1834407,4.0474739,-0.1359668000000002,1680.1202002868522,15,0.8677802722288874,257.0,3.037230952801106
138,0.0010914368825692,-3.745449118833611,4.1835194,4.046371499999999,4.164668726666666,14.319626024754282,1680.1382002867758,15,4.1835194,4.046371499999999,-0.1371479000000004,1680.1382002867758,15,0.8675004048265055,256.0,3.0362514168927692
139,0.0010946806001009,-3.745782298899193,4.183401600000001,4.0460958,4.164571633333335,14.321364249322258,1680.1382002849132,15,4.183401600000001,4.0460958,-0.1373058000000009,1680.1382002849132,15,0.8671364518079205,255.0,3.034977581327722
140,0.0010791284079069,-3.7445167423209127,4.183401600000001,4.046961799999999,4.164582153333333,14.314935107724242,1680.1162002861963,15,4.183401600000001,4.046961799999999,-0.1364398000000015,1680.1162002861963,15,0.8668060467352975,254.0,3.033821163573541
141,0.0010796940336917,-3.744885434125377,4.1832833,4.0468831,4.164537480000001,14.316829307418743,1680.1022002804093,15,4.1832833,4.0468831,-0.1364002000000006,1680.1022002804093,15,0.8664577789112092,253.0,3.0326022261892325
142,0.0010629335773321,-3.7410005121245775,4.183362000000001,4.0478282,4.164532273333333,14.296717267911596,1680.1026980874594,15,4.183362000000001,4.0478282,-0.135533800000001,1680.1026980874594,15,0.8660138066217138,252.0,3.031048323175998
143,0.0010807770275211,-3.7447475215029136,4.1833229,4.0468831,4.1645952600000005,14.316092345066693,1680.0926982096862,15,4.1833229,4.0468831,-0.1364398000000006,1680.0926982096862,15,0.8658220947747697,251.0,3.0303773317116938
144,0.0010827123392717,-3.7444325182300457,4.1833229,4.0466862,4.16450078,14.314340545773742,1680.0986981233582,15,4.1833229,4.0466862,-0.1366367000000004,1680.0986981233582,15,0.8655351430295134,250.0,3.029373000603297
145,0.0010634480134882,-3.739337372679748,4.1833229,4.0477886,4.16450594,14.287621557166467,1680.0946981320158,15,4.1833229,4.0477886,-0.1355343000000006,1680.0946981320158,15,0.8652129025374352,249.0,3.028245158881023
146,0.0007722675765844,-4.466341343918863,4.1828895,4.0448751000000005,4.167471854545453,20.55155052670134,1680.092698242515,22,4.1828895,4.0448751000000005,-0.1380143999999994,1680.092698242515,22,0.8640415601050574,248.0,3.0241454603677007
147,0.0010688689205435,-3.7389098310522,4.1833229,4.0473952,4.164406293333333,14.285681224462568,1680.0946981958114,15,4.1833229,4.0473952,-0.1359276999999998,1680.0946981958114,15,0.8645793616468255,247.0,3.026027765763889
148,0.0010654155809649,-3.7410632650124263,4.1831651,4.0475526,4.1643930933333335,14.29679475209685,1680.078698175028,15,4.1831651,4.0475526,-0.1356124999999997,1680.078698175028,15,0.8642240659737732,246.0,3.0247842309082063
149,0.0010859017531341,-3.740231327881331,4.1832833,4.046331899999999,4.164282813333333,14.29225995234556,1680.0806982433423,15,4.1832833,4.046331899999999,-0.1369514000000009,1680.0806982433423,15,0.863860112318212,245.0,3.023510393113742
150,0.001070118011066,-3.7398231023292214,4.1831651,4.0471587,4.164246079999999,14.290442847403291,1680.084698215127,15,4.1831651,4.0471587,-0.1360064000000003,1680.084698215127,15,0.8635681804064745,244.0,3.022488631422661
151,0.0010708948590106,-3.7401122527401585,4.1830864000000005,4.04708,4.164212006666667,14.291643581573574,1680.082698252052,15,4.1830864000000005,4.04708,-0.1360064000000003,1680.082698252052,15,0.8632973150045345,243.0,3.021540602515871
152,0.0010708538233678,-3.7376685205093954,4.1830864000000005,4.0470405,4.164149006666666,14.27891835082832,1680.078698143363,15,4.1830864000000005,4.0470405,-0.1360459000000009,1680.078698143363,15,0.8629355398151893,242.0,3.0202743893531627
153,0.0010709245712041,-3.738998323494568,4.1829681,4.046961799999999,4.164085953333333,14.28600114571494,1680.0886980807409,15,4.1829681,4.046961799999999,-0.1360063000000009,1680.0886980807409,15,0.8626031823957548,241.0,3.019111138385142
154,0.0010724161724598,-3.736619696923794,4.183126000000001,4.046961799999999,4.164146386666666,14.273324521563795,1680.0906981378794,15,4.183126000000001,4.046961799999999,-0.1361642000000014,1680.0906981378794,15,0.8622686579574731,240.0,3.017940302851156
155,0.0010740451347835,-3.738087878928954,4.183126000000001,4.0468044,4.164091206666666,14.28133081910046,1680.0826981486753,15,4.183126000000001,4.0468044,-0.1363216000000005,1680.0826981486753,15,0.8619510478471826,239.0,3.016828667465139
156,0.0010740686759081,-3.7359282083023895,4.1828895,4.046567899999999,4.163836533333333,14.26960229773281,1680.0846981182694,15,4.1828895,4.046567899999999,-0.1363216000000005,1680.0846981182694,15,0.8616207626172658,238.0,3.0156726691604305
157,0.0010756386089231,-3.7366056409870247,4.1829681,4.046567899999999,4.16392842,14.273358804634055,1680.0766981085762,15,4.1829681,4.046567899999999,-0.1364002000000006,1680.0766981085762,15,0.8613964964571317,237.0,3.014887737599961
158,0.0010793310245245,-3.7362949325691743,4.1832047,4.0464106,4.163970480000001,14.27240008960862,1680.084698185325,15,4.1832047,4.0464106,-0.1367941000000003,1680.084698185325,15,0.8610845258380218,236.0,3.013795840433076
159,0.001077566529034,-3.737209117050189,4.1829681,4.0464892,4.163959946666667,14.276357957809244,1680.0846982435323,15,4.1829681,4.0464892,-0.1364789000000001,1680.0846982435323,15,0.8607584302327471,235.0,3.012654505814615
160,0.0010786273605812,-3.737539897709632,4.1827321,4.046292299999999,4.163823446666666,14.277832860592618,1680.0886980881914,15,4.1827321,4.046292299999999,-0.1364398000000006,1680.0886980881914,15,0.8603391520684912,234.0,3.0111870322397194
161,0.0010779398673525,-3.7360251571444194,4.1829681,4.0464106,4.16389166,14.270439651265876,1680.0906980782747,15,4.1829681,4.0464106,-0.1365575000000003,1680.0906980782747,15,0.8601129029153102,233.0,3.0103951602035854
162,0.0010850838575909,-3.736905491382921,4.1827712,4.045819799999999,4.163697466666666,14.27518464460191,1680.086698201485,15,4.1827712,4.045819799999999,-0.1369514000000009,1680.086698201485,15,0.8598309681443368,232.0,3.0094083885051788
163,0.0010801228771185,-3.735066625852983,4.1827712,4.046056299999999,4.1636476,14.265243967270852,1680.102698251605,15,4.1827712,4.046056299999999,-0.1367149000000012,1680.102698251605,15,0.859561587476322,231.0,3.008465556167127
164,0.0011030553944131,-3.735913437427314,4.1828504,4.044717299999999,4.163558320000001,14.269999451779064,1680.0986982099712,15,4.1828504,4.044717299999999,-0.138133100000001,1680.0986982099712,15,0.8592096023689779,230.0,3.007233608291423
165,0.0011039100351798,-3.736628995307663,4.1828895,4.044717299999999,4.163610813333333,14.273829141849095,1680.098698119633,15,4.1828895,4.044717299999999,-0.1381722000000005,1680.098698119633,15,0.8589407642641291,229.0,3.006292674924452
166,0.0010847774615442,-3.734107591571792,4.1827321,4.0457411,4.1635767,14.25994217896329,1680.0926981978118,15,4.1827321,4.0457411,-0.136991,1680.0926981978118,15,0.8584850193243507,228.0,3.004697567635227
167,0.0011059573311469,-3.736985207354397,4.1828108,4.04456,4.163566246666667,14.275209287987895,1680.090698108077,15,4.1828108,4.04456,-0.1382508000000006,1680.090698108077,15,0.8582397772657023,227.0,3.003839220429958
168,0.0010846451847045,-3.73279712112534,4.1828504,4.0457411,4.16355828,14.253339884868094,1680.0866981595757,15,4.1828504,4.0457411,-0.1371093000000005,1680.0866981595757,15,0.8579355561497863,226.0,3.0027744465242523
169,0.0010891270599295,-3.7301869242483447,4.1830077,4.0455441,4.163581933333333,14.24008757862334,1680.0846982216462,15,4.1830077,4.0455441,-0.1374636000000002,1680.0846982216462,15,0.8577083554619289,225.0,3.001979244116751
170,0.0010870634643831,-3.7318802152637103,4.1828504,4.0455441,4.16348482,14.24882235515852,1680.0846982421351,15,4.1828504,4.0455441,-0.1373063000000005,1680.0846982421351,15,0.8573542258298843,224.0,3.000739790404595
171,0.0010909927021825,-3.7347917037631193,4.1827712,4.0452685,4.1634480400000005,14.26417073850292,1680.0726981153712,15,4.1827712,4.0452685,-0.1375027000000006,1680.0726981153712,15,0.8569799141053602,223.0,2.999429699368761
172,0.0011101371231545,-3.732942269923514,4.1828108,4.0440874,4.16328268,14.254372926846449,1680.0766981011257,15,4.1828108,4.0440874,-0.1387233999999999,1680.0766981011257,15,0.8566970671736265,222.0,2.998439735107693
173,0.0010913560675478,-3.730221661817195,4.1826534,4.0451508,4.163308906666668,14.239672270633836,1680.074698112905,15,4.1826534,4.0451508,-0.1375026000000003,1680.074698112905,15,0.8563558149982171,221.0,2.99724535249376
174,0.0010916536190935,-3.731157055875416,4.1825747,4.0451112,4.163293226666666,14.244201872263533,1680.07469823258,15,4.1825747,4.0451112,-0.1374634999999999,1680.07469823258,15,0.8561672449854679,220.0,2.996585357449138
175,0.0010940577463517,-3.730928691016432,4.1824956,4.0448356,4.163146179999999,14.243408171955338,1680.070698248688,15,4.1824956,4.0448356,-0.1376600000000003,1680.070698248688,15,0.8558425382795052,219.0,2.995448883978268
176,0.0010903687374469,-3.730605381392909,4.1826138,4.0451508,4.163259086666667,14.241874465596286,1680.0786981387064,15,4.1826138,4.0451508,-0.1374630000000003,1680.0786981387064,15,0.8555102659134345,218.0,2.994285930697021
177,0.0010939938196063,-3.7307166620375223,4.1824956,4.044796,4.163101626666667,14.242599524105168,1680.0846981555223,15,4.1824956,4.044796,-0.1376996000000003,1680.0846981555223,15,0.8551149102549136,217.0,2.9929021858921976
178,0.001097148666306,-3.7309529309864287,4.1825352,4.04456,4.16303852,14.244110782007734,1680.1006981437097,15,4.1825352,4.04456,-0.1379752000000005,1680.1006981437097,15,0.8547711273446786,216.0,2.9916989457063754
179,0.001116793187932,-3.733859497899534,4.1824565,4.0434179,4.1629781066666665,14.25909495415434,1680.0926982462406,15,4.1824565,4.0434179,-0.1390386000000001,1680.0926982462406,15,0.8545198242754061,215.0,2.9908193849639213
180,0.0010969201633563,-3.730323737761145,4.1824565,4.044481299999999,4.162941493333333,14.240505126784992,1680.0946981972083,15,4.1824565,4.044481299999999,-0.1379752000000005,1680.0946981972083,15,0.8542281399164882,214.0,2.989798489707709
181,0.0010964014121302,-3.729959978449224,4.1824169,4.0445995,4.163028019999999,14.238231126028442,1680.0946980826557,15,4.1824169,4.0445995,-0.1378173999999994,1680.0946980826557,15,0.854054346879922,213.0,2.989190214079727
182,0.001095552752504,-3.729472719761451,4.1824565,4.0446386,4.163017553333334,14.236150111346994,1680.0986982509494,15,4.1824565,4.0446386,-0.1378178999999999,1680.0986982509494,15,0.8537835385760408,212.0,2.988242385016143
183,0.0010990537415969,-3.728573880126546,4.1824565,4.0444026,4.162962446666666,14.231344521129175,1680.090698141139,15,4.1824565,4.0444026,-0.1380539,1680.090698141139,15,0.8535675851088946,211.0,2.987486547881131
184,0.0010977797820988,-3.7310562539225542,4.1823778,4.0444417,4.16295452,14.24411181383372,1680.0846982486546,15,4.1823778,4.0444417,-0.1379361000000001,1680.0846982486546,15,0.853198409685368,210.0,2.986194433898788
185,0.0011003299844595,-3.7273930091145537,4.1823778,4.0442843,4.162902066666666,14.22484558873094,1680.094698254019,15,4.1823778,4.0442843,-0.1380935000000001,1680.094698254019,15,0.8528274741270615,209.0,2.984896159444715
186,0.001101828189968,-3.728282231387724,4.1824169,4.0440874,4.1627944333333335,14.230014927081442,1680.094698251225,15,4.1824169,4.0440874,-0.1383294999999993,1680.094698251225,15,0.8524662834800887,208.0,2.9836319921803103
187,0.0011240113361078,-3.730326396808417,4.1825352,4.042906299999999,4.162820626666667,14.240653203583149,1680.094698239118,15,4.1825352,4.042906299999999,-0.1396289000000008,1680.094698239118,15,0.8522669097871323,207.0,2.982934184254963
188,0.0011022075086628,-3.7281115388755186,4.1823778,4.0440874,4.162812800000001,14.22868693016611,1680.0906982300803,15,4.1823778,4.0440874,-0.1382903999999998,1680.0906982300803,15,0.8519440394773456,206.0,2.98180413817071
189,0.0011248309877626,-3.729875104074235,4.1823778,4.0426698,4.1626237533333335,14.23827446485748,1680.116698234342,15,4.1823778,4.0426698,-0.1397080000000006,1680.116698234342,15,0.8517034315254526,205.0,2.980962010339084
190,0.0011601548807238,-3.735468651834721,4.18222,4.0406222000000005,4.162495133333333,14.266831322787542,1680.1186980423518,15,4.18222,4.0406222000000005,-0.1415977999999995,1680.1186980423518,15,0.8514333221836635,204.0,2.980016627642822
191,0.0011075102575328,-3.725518885948971,4.1823778,4.0436544,4.1626422,14.215331144743612,1680.104698207695,15,4.1823778,4.0436544,-0.1387233999999999,1680.104698207695,15,0.8510414879658431,203.0,2.978645207880451
192,0.0011069105690992,-3.7247016107535127,4.18222,4.0435758,4.1625240733333335,14.211010171102496,1680.094698227011,15,4.18222,4.0435758,-0.1386441999999998,1680.094698227011,15,0.8507098623165837,202.0,2.977484518108043
193,0.0011096647255698,-3.7266799421389383,4.18222,4.0434179,4.162531853333332,14.221482700209794,1680.100698192604,15,4.18222,4.0434179,-0.1388021000000003,1680.100698192604,15,0.8504681414656183,201.0,2.9766384951296643
194,0.0011090268034706,-3.7237514087310153,4.1821022,4.0433393,4.162392806666667,14.206081974696524,1680.0866982131265,15,4.1821022,4.0433393,-0.1387628999999997,1680.0866982131265,15,0.8501291789506986,200.0,2.975452126327445
195,0.0011091147258535,-3.7267465737318832,4.1820626,4.0433393,4.1624242733333325,14.221779419811051,1680.0806981185451,15,4.1820626,4.0433393,-0.1387232999999996,1680.0806981185451,15,0.8500428788437031,199.0,2.975150075952961
196,0.0011135438980192,-3.7260930114345774,4.1820626,4.0430636,4.162379606666667,14.217855309108876,1680.0766982501373,15,4.1820626,4.0430636,-0.1389990000000001,1680.0766982501373,15,0.849737536661552,198.0,2.9740813783154323
197,0.0011104218800697,-3.723884821735145,4.18222,4.0432606,4.162390139999999,14.20680733636562,1680.072698224336,15,4.18222,4.0432606,-0.1389594,1680.072698224336,15,0.849364376487398,197.0,2.972775317705893
198,0.001111712231034,-3.724047502247445,4.1821809000000005,4.0431819,4.162382286666666,14.207788014561178,1680.076698135119,15,4.1821809000000005,4.0431819,-0.1389990000000001,1680.076698135119,15,0.8490982588057653,196.0,2.9718439058201787
199,0.0010951574058188,-3.721588330250603,4.1819444,4.0440087,4.162295619999999,14.194292740980815,1680.0686981156468,15,4.1819444,4.0440087,-0.1379356999999998,1680.0686981156468,15,0.8487213058095007,195.0,2.9705245703332523
200,0.001113558389892,-3.7236467295963154,4.1820626,4.0429454,4.162240473333333,14.205194129608632,1680.078698173165,15,4.1820626,4.0429454,-0.1391172000000002,1680.078698173165,15,0.8485977518779848,194.0,2.970092131572947
201,0.001112650018052,-3.7260848290790665,4.1819053,4.0428667,4.162135506666666,14.218412874911763,1680.078698180616,15,4.1819053,4.0428667,-0.1390386000000001,1680.078698180616,15,0.8483565722757394,193.0,2.9692480029650876
202,0.0011159448239506,-3.72366322930679,4.1819839,4.0426698,4.162093573333333,14.205890338721217,1680.072698247619,15,4.1819839,4.0426698,-0.1393141,1680.072698247619,15,0.8481532692198748,192.0,2.9685364422695617
203,0.0011165282366702,-3.721032473147829,4.1821022,4.0427094,4.1621407800000005,14.192086263935074,1680.084698099643,15,4.1821022,4.0427094,-0.1393928000000004,1680.084698099643,15,0.8478386859224243,191.0,2.967435400728485
204,0.0011188559801659,-3.72148935819778,4.1819444,4.0424337,4.1619937799999995,14.194611426832315,1680.0826982306316,15,4.1819444,4.0424337,-0.1395106999999997,1680.0826982306316,15,0.8475352792017375,190.0,2.9663734772060812
205,0.0011203384481249,-3.722148971757507,4.1818266,4.0423551,4.161999093333333,14.197119035702148,1680.0726982424967,15,4.1818266,4.0423551,-0.1394714999999999,1680.0726982424967,15,0.847285653322329,189.0,2.9654997866281514
206,0.0011200119706052,-3.721663271116362,4.1818657,4.0421972,4.161820533333333,14.195488963926143,1680.0846981410868,15,4.1818657,4.0421972,-0.1396684999999999,1680.0846981410868,15,0.846920845420775,188.0,2.9642229589727123
207,0.0011222795210483,-3.721970402686776,4.1818657,4.0421581,4.161904553333334,14.196570825965374,1680.0826980909333,15,4.1818657,4.0421581,-0.1397076000000003,1680.0826980909333,15,0.8467853738876879,187.0,2.963748808606908
208,0.0011412480110735,-3.726057947912079,4.1817474,4.0410161,4.161807373333334,14.218009608696828,1680.0946981050074,15,4.1817474,4.0410161,-0.1407312999999996,1680.0946981050074,15,0.846481505859762,186.0,2.962685270509167
209,0.001122360426844,-3.7238319790680694,4.1816688,4.0420399,4.161807353333334,14.2062761231932,1680.0926981242374,15,4.1816688,4.0420399,-0.1396288999999999,1680.0926981242374,15,0.8461180265993921,185.0,2.9614130930978724
210,0.0011421222883125,-3.7238237550060287,4.1817083,4.0408587,4.16167614,14.20643318263421,1680.0886982255615,15,4.1817083,4.0408587,-0.1408496000000001,1680.0886982255615,15,0.8458978632958595,184.0,2.960642521535508
211,0.0011442023460892,-3.7248221661431327,4.1817083,4.0407796000000005,4.161715506666667,14.211233850339044,1680.0946980826557,15,4.1817083,4.0407796000000005,-0.1409286999999999,1680.0946980826557,15,0.8457495930528813,183.0,2.9601235756850848
212,0.0011242302929145,-3.719287505024454,4.1817083,4.0419216,4.16174702,14.181800960499594,1680.094698077999,15,4.1817083,4.0419216,-0.1397867000000001,1680.094698077999,15,0.8454443883413941,182.0,2.9590553591948794
213,0.0011249658851149,-3.718847852382904,4.1817474,4.0418034,4.161665573333333,14.18066310342542,1680.0946981878951,15,4.1817474,4.0418034,-0.1399439999999998,1680.0946981878951,15,0.8450283022200527,181.0,2.9575990577701843
214,0.0011268520244569,-3.7193999586622417,4.181787,4.0417247000000005,4.161691886666666,14.183263004639986,1680.0746982386336,15,4.181787,4.0417247000000005,-0.1400622999999994,1680.0746982386336,15,0.8447518144984256,180.0,2.9566313507444897
215,0.0011054472349788,-3.718270671711661,4.1815901,4.0428667,4.161678719999999,14.177160908052029,1680.0746982200071,15,4.1815901,4.0428667,-0.1387233999999999,1680.0746982200071,15,0.8444559303814408,179.0,2.955595756335043
216,0.0011285173555845,-3.7194928362959554,4.181551,4.04141,4.16146618,14.183396766726553,1680.0726981605403,15,4.181551,4.04141,-0.1401409999999998,1680.0726981605403,15,0.8452580009623036,178.0,2.958403003368063
217,0.0011320508457635,-3.718734571474364,4.1813931,4.0410948,4.161332193333333,14.17958331370602,1680.0846980959177,15,4.1813931,4.0410948,-0.1402983000000004,1680.0846980959177,15,0.8430103471550641,177.0,2.950536215042724
218,0.0011541456567814,-3.720158276932309,4.1814718,4.0396771000000005,4.161096,14.187708255148696,1680.084698242601,15,4.1814718,4.0396771000000005,-0.1417946999999992,1680.084698242601,15,0.8426623725134477,176.0,2.949318303797067
219,0.0011765435827331,-3.722095036580309,4.1815114,4.038496,4.16110388,14.196835665566727,1680.1086982009,15,4.1815114,4.038496,-0.1430153999999994,1680.1086982009,15,0.8424958871013523,175.0,2.948735604854733
220,0.0011571888969206,-3.718791453388963,4.1813931,4.0395198,4.161085506666667,14.179992853610106,1680.0986982015893,15,4.1813931,4.0395198,-0.1418733000000003,1680.0986982015893,15,0.8422478728970578,174.0,2.9478675551397022
221,0.0011372535393035,-3.7176290877715834,4.181354,4.0407009,4.161203606666666,14.173311588420738,1680.1026980653403,15,4.181354,4.0407009,-0.1406530999999997,1680.1026980653403,15,0.8420458863746275,173.0,2.9471606023111963
222,0.0011575569257523,-3.7207090089125874,4.1813145,4.0394015,4.161004066666667,14.190074336027587,1680.1026981421746,15,4.1813145,4.0394015,-0.1419129999999997,1680.1026981421746,15,0.8416589205017285,172.0,2.9458062217560497
223,0.0011616465278317,-3.7202603020095655,4.1813145,4.039204600000001,4.16101722,14.18735505058293,1680.1066982252523,15,4.1813145,4.039204600000001,-0.1421098999999994,1680.1066982252523,15,0.8414697227075202,171.0,2.9451440294763205
224,0.0011576321588523,-3.717776704393256,4.1813145,4.0394015,4.1609804666666665,14.17412726920631,1680.088698082138,15,4.1813145,4.0394015,-0.1419129999999997,1680.088698082138,15,0.8412040563886557,170.0,2.944214197360295
225,0.001158301517606,-3.71730154102929,4.1813145,4.0392833,4.160893820000001,14.172208027192127,1680.0926982015371,15,4.1813145,4.0392833,-0.1420311999999999,1680.0926982015371,15,0.8408291872345058,169.0,2.9429021553207706
226,0.0011606920527039,-3.718658505453346,4.1811175,4.0391259,4.160872840000001,14.178226526105888,1680.0886982185766,15,4.1811175,4.0391259,-0.1419915999999998,1680.0886982185766,15,0.8406447676839971,168.0,2.9422566868939897
227,0.0011401348041402,-3.712172693891615,4.1814718,4.040307,4.1609148199999995,14.146330552424208,1680.0866982489824,15,4.1814718,4.040307,-0.1411647999999994,1680.0866982489824,15,0.8404381851421837,167.0,2.941533647997643
228,0.001141212416892,-3.7141786280515863,4.1811175,4.040149700000001,4.1608308733333335,14.155405542638114,1680.0786981284618,15,4.1811175,4.040149700000001,-0.1409677999999994,1680.0786981284618,15,0.8400687663257606,166.0,2.940240682140162
229,0.0011418535783335,-3.713198237536712,4.1814327,4.0401893,4.1608964933333334,14.151112683758338,1680.0746982460842,15,4.1814327,4.0401893,-0.1412434000000004,1680.0746982460842,15,0.8399084957007623,165.0,2.939679734952668
230,0.001120762822522,-3.710866906586007,4.1811962,4.04141,4.160975226666666,14.138079921759363,1680.068698156625,15,4.1811962,4.04141,-0.1397861999999996,1680.068698156625,15,0.8397010932836141,164.0,2.938953826492649
231,0.0011458471023477,-3.7140637757988864,4.1812358,4.0398741000000005,4.160799373333333,14.155080485646495,1680.068698122166,15,4.1812358,4.0398741000000005,-0.1413616999999991,1680.068698122166,15,0.8393436093490373,163.0,2.9377026327216305
232,0.0011446769785798,-3.714267208138104,4.1811175,4.0398741000000005,4.160738953333333,14.155762139631246,1680.086698084604,15,4.1811175,4.0398741000000005,-0.1412433999999995,1680.086698084604,15,0.8390893183138409,162.0,2.9368126140984434
233,0.001167734206372,-3.7155981297971983,4.1811175,4.038574700000001,4.160662806666666,14.162567048155749,1680.0846980959177,15,4.1811175,4.038574700000001,-0.1425427999999993,1680.0846980959177,15,0.8388761963576143,161.0,2.93606668725165
234,0.0011476271529268,-3.7117749128948936,4.1811962,4.0396771000000005,4.160675939999999,14.143479602827052,1680.076698211953,15,4.1811962,4.0396771000000005,-0.1415190999999991,1680.076698211953,15,0.8385555472700037,160.0,2.934944415445013
235,0.0011484812631482,-3.712656717842153,4.1811571,4.0395985,4.16064974,14.147617445792129,1680.078698191326,15,4.1811571,4.0395985,-0.1415585999999997,1680.078698191326,15,0.8383058689411651,159.0,2.9340705412940777
236,0.0011709526689769,-3.715799925796829,4.1810389,4.0382204,4.160479113333333,14.164103498297422,1680.1066981568,15,4.1810389,4.0382204,-0.1428184999999997,1680.1066981568,15,0.8381416009415306,158.0,2.933495603295357
237,0.0012068037556568,-3.721276742698248,4.1810389,4.0361729,4.160339960000001,14.192631791021231,1680.1146980449555,15,4.1810389,4.0361729,-0.1448659999999995,1680.1146980449555,15,0.8377131546282482,157.0,2.931996041198869
238,0.0011739503816355,-3.717995948403184,4.180920599999999,4.038063,4.160497446666666,14.174955778940143,1680.1146980710328,15,4.180920599999999,4.038063,-0.1428575999999992,1680.1146980710328,15,0.8374745782576111,156.0,2.931161023901639
239,0.0011909518612668,-3.7197722371622537,4.1809993,4.0370784,4.160413360000001,14.184760926169243,1680.1166981747374,15,4.1809993,4.0370784,-0.1439208999999994,1680.1166981747374,15,0.837270767153863,155.0,2.93044768503852
240,0.0011726669433663,-3.711916743858964,4.1811175,4.0379448,4.160258606666667,14.144839388118008,1680.118698116392,15,4.1811175,4.0379448,-0.1431727,1680.118698116392,15,0.8369211329106602,154.0,2.9292239651873104
241,0.0011900732002549,-3.717036242294396,4.1809602,4.0369997,4.160263806666666,14.170433277004548,1680.1326982192695,15,4.1809602,4.0369997,-0.1439605000000003,1680.1326982192695,15,0.8367684763386655,153.0,2.928689667185329
242,0.0011753619943154,-3.7135423912102783,4.1811175,4.0379052,4.16037406,14.153011043986584,1680.1306981807577,15,4.1811175,4.0379052,-0.1432123,1680.1306981807577,15,0.8364917136564124,152.0,2.927720997797443
243,0.0011538964917006,-3.711273896434184,4.1809993,4.0390868,4.1604108733333325,14.140679242150616,1680.1066981852057,15,4.1809993,4.0390868,-0.1419125000000001,1680.1066981852057,15,0.8362089695653514,151.0,2.92673139347873
244,0.0011805756364678,-3.7138229436562025,4.1808815,4.0374722,4.160213926666667,14.153692219874852,1680.1086981999688,15,4.1808815,4.0374722,-0.1434093,1680.1086981999688,15,0.8359554542889701,150.0,2.9258440900113953
245,0.0011576289315814,-3.713733672637933,4.1807632,4.0387716000000005,4.160313700000001,14.153145222643747,1680.1006982298568,15,4.1807632,4.0387716000000005,-0.1419915999999998,1680.1006982298568,15,0.8357817198665745,149.0,2.9252360195330107
246,0.0011576098116637,-3.709518025431407,4.180920599999999,4.038732100000001,4.160234966666666,14.131361296064757,1680.0986981131136,15,4.180920599999999,4.038732100000001,-0.1421884999999987,1680.0986981131136,15,0.8354092522188121,148.0,2.9239323827658423
247,0.0011775261009121,-3.712269889006394,4.1808419,4.037550899999999,4.160119393333333,14.145358153634264,1680.0946982493624,15,4.1808419,4.037550899999999,-0.1432910000000005,1680.0946982493624,15,0.8351060929639063,147.0,2.922871325373672
248,0.0011566424136392,-3.71014871510364,4.1808815,4.038732100000001,4.160190326666667,14.13493395720161,1680.0926982033998,15,4.1808815,4.038732100000001,-0.1421493999999992,1680.0926982033998,15,0.8348833095778307,146.0,2.9220915835224077
249,0.0011582656153252,-3.7106560680314415,4.1807237,4.0385351,4.160082633333333,14.13718135624628,1680.1166981486604,15,4.1807237,4.0385351,-0.1421885999999999,1680.1166981486604,15,0.8346032267117749,145.0,2.921111293491212
250,0.0011804851797678,-3.71136251078439,4.180920599999999,4.0373149,4.160030173333333,14.141554683643992,1680.1286980737932,15,4.180920599999999,4.0373149,-0.1436056999999992,1680.1286980737932,15,0.8344059482048692,144.0,2.920420818717042
251,0.0011817684209106,-3.712126452441284,4.1807632,4.037118,4.159906806666666,14.145397652332916,1680.122698049527,15,4.1807632,4.037118,-0.1436451999999999,1680.122698049527,15,0.8340951263910589,143.0,2.919332942368706
252,0.0011819302260749,-3.712441071300827,4.1807632,4.0371571,4.159956706666667,14.146664674015518,1680.1086981040426,15,4.1807632,4.0371571,-0.1436061000000004,1680.1086981040426,15,0.8338772953207537,142.0,2.918570533622638
253,0.0011847083980935,-3.711055027146984,4.1807632,4.0369601,4.159891026666666,14.139334129144071,1680.1126980702393,15,4.1807632,4.0369601,-0.1438031000000004,1680.1126980702393,15,0.8335751074293157,141.0,2.917512876002605
254,0.0011854234297035,-3.709822432617241,4.180644999999999,4.0368028,4.159759773333334,14.133131373999037,1680.1026982059702,15,4.180644999999999,4.0368028,-0.143842199999999,1680.1026982059702,15,0.8332359359186666,140.0,2.916325775715334
255,0.0011860391724078,-3.7112564217585735,4.1805663,4.0367632,4.159765026666667,14.14037767572214,1680.1046981969848,15,4.1805663,4.0367632,-0.1438030999999995,1680.1046981969848,15,0.8330300640206477,139.0,2.915605224072267
256,0.0011648422982554,-3.7059849699622247,4.1806059,4.0379839,4.1598333400000005,14.112849184805388,1680.1066981600598,15,4.1806059,4.0379839,-0.1426219999999993,1680.1066981600598,15,0.8328336403142054,138.0,2.914917741099719
257,0.0011641123966745,-3.70727570089664,4.1806059,4.0379839,4.159807079999999,14.119689900369014,1680.114698138088,15,4.1806059,4.0379839,-0.1426219999999993,1680.114698138088,15,0.8325747452566586,137.0,2.9140116083983054
258,0.0012094277926331,-3.7133699576472994,4.1805663,4.0353851,4.15961272,14.15084506799029,1680.1226981496438,15,4.1805663,4.0353851,-0.1451811999999996,1680.1226981496438,15,0.8323236914523654,136.0,2.913132920083279
259,0.0011880712960883,-3.7092425348680544,4.1803694,4.036369799999999,4.159457946666667,14.129598276121463,1680.1226982404478,15,4.1803694,4.036369799999999,-0.1439996000000007,1680.1226982404478,15,0.8319101095549274,135.0,2.911685383442246
260,0.0011671952813471,-3.7075130693956826,4.180409,4.0377083,4.159694200000001,14.120418516039608,1680.0986981205642,15,4.180409,4.0377083,-0.1427006999999998,1680.0986981205642,15,0.8317468060285682,134.0,2.9111138210999887
261,0.0011682395074323,-3.7069051265729738,4.1802907,4.0374327,4.159468433333333,14.117893342668662,1680.0846982407384,15,4.1802907,4.0374327,-0.1428579999999994,1680.0846982407384,15,0.831403657614591,133.0,2.9099128016510685
262,0.0011683062792752,-3.7062247710804703,4.180409,4.037511299999999,4.159544533333333,14.114525280518803,1680.0866980971768,15,4.180409,4.037511299999999,-0.1428977000000006,1680.0866980971768,15,0.8312512366107843,132.0,2.909379328137745
263,0.0011921189873178,-3.708072346942464,4.180409,4.0360546,4.1593423933333336,14.124230926592404,1680.088698245585,15,4.180409,4.0360546,-0.1443544000000001,1680.088698245585,15,0.8309498128198232,131.0,2.908324344869381
264,0.0011955161069702,-3.70920469219362,4.1804481,4.0358973,4.159371320000001,14.130278681830353,1680.096698217094,15,4.1804481,4.0358973,-0.1445507999999993,1680.096698217094,15,0.8307708509254477,130.0,2.907697978239067
265,0.0011918076684812,-3.705373023329184,4.1803694,4.036015,4.159261046666667,14.109678150909067,1680.1086982488632,15,4.1803694,4.036015,-0.1443544000000001,1680.1086982488632,15,0.8303820364070637,129.0,2.906337127424723
266,0.0011971775974117,-3.708775059121691,4.1803694,4.035779,4.15933458,14.127851050928498,1680.1006982522083,15,4.1803694,4.035779,-0.1445904000000002,1680.1006982522083,15,0.8302472879761517,128.0,2.905865507916531
267,0.0011984521158878,-3.7085525099232184,4.1802907,4.0356216,4.159240026666667,14.126091579150549,1680.0966981351376,15,4.1802907,4.0356216,-0.1446690999999997,1680.0966981351376,15,0.8298460021391757,127.0,2.904461007487115
268,0.0012173798407412,-3.711212807036759,4.1802511,4.0344796,4.159095653333334,14.140241571564474,1680.11669821525,15,4.1802511,4.0344796,-0.1457715000000004,1680.11669821525,15,0.8296552206685571,126.0,2.90379327233995
269,0.0011952872928812,-3.7046093816204952,4.180212,4.0356216,4.159040546666666,14.10584198396852,1680.1266981740482,15,4.180212,4.0356216,-0.1445904000000002,1680.1266981740482,15,0.8293476757998123,125.0,2.902716865299343
270,0.0012002346637431,-3.707980743264649,4.1800938,4.035346,4.159051020000001,14.123103287264009,1680.1246980307624,15,4.1800938,4.035346,-0.1447478000000002,1680.1246980307624,15,0.8291542508930891,124.0,2.902039878125812
271,0.0011780372641592,-3.700699580356285,4.1802907,4.0365667,4.159056306666668,14.085862756105776,1680.1166981006972,15,4.1802907,4.0365667,-0.1437239999999997,1680.1166981006972,15,0.8288624640434331,123.0,2.901018624152016
272,0.0011978500544006,-3.705340037480557,4.1802511,4.0355034,4.159061493333334,14.109747676196712,1680.1046981522811,15,4.1802511,4.0355034,-0.1447477000000008,1680.1046981522811,15,0.8287377168356665,122.0,2.900582008924833
273,0.0011782311228623,-3.702289280498442,4.1800938,4.0365667,4.159079966666667,14.093300591954277,1680.1126980488189,15,4.1800938,4.0365667,-0.1435271,1680.1126980488189,15,0.8283729646787418,121.0,2.899305376375596
274,0.0011791916078863,-3.702460022195872,4.1802511,4.0365272,4.159093006666668,14.095009607649867,1680.078698220197,15,4.1802511,4.0365272,-0.1437239000000003,1680.078698220197,15,0.8281861640274679,120.0,2.898651574096138
275,0.0011800323952912,-3.703153108826187,4.1801724,4.0364876,4.1591034533333335,14.09856284320542,1680.074698112905,15,4.1801724,4.0364876,-0.1436847999999999,1680.074698112905,15,0.8280486301679915,119.0,2.89817020558797
276,0.0011791323776912,-3.7010570144805506,4.1800547,4.036369799999999,4.158919813333333,14.087828672641455,1680.0786981810816,15,4.1800547,4.036369799999999,-0.1436849000000011,1680.0786981810816,15,0.8277078497376849,118.0,2.896977474081897
277,0.0012024428428923,-3.704212102502477,4.1800938,4.0350704,4.158854166666666,14.103513913928676,1680.078698206693,15,4.1800938,4.0350704,-0.1450233999999994,1680.078698206693,15,0.8274994539223325,117.0,2.896248088728164
278,0.0011809935090523,-3.7015122562729768,4.1798182,4.0360546,4.158704533333333,14.089506067529886,1680.0826981784776,15,4.1798182,4.0360546,-0.1437635999999997,1680.0826981784776,15,0.8270960424502417,116.0,2.894836148575846
279,0.001223164304778,-3.7073323622049954,4.1800547,4.0338101,4.158686133333333,14.120482453960305,1680.1346980519593,15,4.1800547,4.0338101,-0.1462446000000001,1680.1346980519593,15,0.8269412139784075,115.0,2.8942942489244263
280,0.0012235067064298,-3.707573783552821,4.1798577,4.0337315,4.158625753333333,14.120622896370524,1680.1346980356611,15,4.1798577,4.0337315,-0.1461262000000003,1680.1346980356611,15,0.8266828313088651,114.0,2.893389909581028
281,0.0012458763954197,-3.71029493032552,4.179779099999999,4.0324321,4.1584892600000005,14.135203351514749,1680.134698039852,15,4.179779099999999,4.0324321,-0.147346999999999,1680.134698039852,15,0.8264484878952372,113.0,2.89256970763333
282,0.0012075800854992,-3.703945783633254,4.1800547,4.034637,4.158683526666667,14.102949487235591,1680.136698200833,15,4.1800547,4.034637,-0.1454177000000003,1680.136698200833,15,0.8262390312253537,112.0,2.8918366092887378
283,0.0011860592935312,-3.702521442408387,4.1798968,4.035779,4.1587018533333335,14.09537983304499,1680.108698152937,15,4.1798968,4.035779,-0.1441178,1680.108698152937,15,0.8259041320235759,111.0,2.890664462082516
284,0.0012105611424168,-3.7023422881403967,4.1798968,4.0344009,4.15858376,14.093322801956605,1680.1086980998516,15,4.1798968,4.0344009,-0.1454959000000002,1680.1086980998516,15,0.8256089499297797,110.0,2.889631324754229
285,0.0012302322903598,-3.704804499753833,4.1798577,4.0331802,4.158392146666667,14.106882006216091,1680.1226982134394,15,4.1798577,4.0331802,-0.1466775,1680.1226982134394,15,0.8253157888601732,109.0,2.888605261010606
286,0.0012673479980049,-3.7116223570474025,4.179699899999999,4.031054,4.158205706666667,14.142354781916026,1680.1526980563067,15,4.179699899999999,4.031054,-0.1486458999999991,1680.1526980563067,15,0.8251197514608914,108.0,2.88791913011312
287,0.0012525162591712,-3.7082464642661312,4.179779099999999,4.0319595,4.158331746666667,14.123884259814153,1680.1570014399476,15,4.179779099999999,4.0319595,-0.1478195999999991,1680.1570014399476,15,0.8249580876903908,107.0,2.887353306916368
288,0.001233360772372,-3.705130754562765,4.1798577,4.032943700000001,4.158318593333334,14.10915828714241,1680.1410016268492,15,4.1798577,4.032943700000001,-0.1469139999999997,1680.1410016268492,15,0.8247109382266087,106.0,2.8864882837931303
289,0.0012114315185878,-3.7025842887949376,4.179739499999999,4.034204,4.158434173333333,14.094871935968971,1680.1110013090074,15,4.179739499999999,4.034204,-0.1455354999999993,1680.1110013090074,15,0.8244890077694074,105.0,2.885711527192926
290,0.001231971799032,-3.705478579355802,4.1798182,4.0330224,4.158329106666667,14.11034936851631,1680.1210012622178,15,4.1798182,4.0330224,-0.1467957999999996,1680.1210012622178,15,0.8242880912873958,104.0,2.8850083195058853
291,0.001214337792582,-3.702089220576128,4.179699899999999,4.0339284,4.158302926666667,14.0923558455462,1680.1130015691742,15,4.179699899999999,4.0339284,-0.1457714999999995,1680.1130015691742,15,0.8239207582603237,103.0,2.883722653911133
292,0.0012135505436685,-3.702126588019538,4.1795425,4.0338497,4.1581848,14.092929522398457,1680.1050015548244,15,4.1795425,4.0338497,-0.1456927999999999,1680.1050015548244,15,0.823665364879092,102.0,2.882828777076822
293,0.0012178525947323,-3.701838647012565,4.1796212,4.0336132000000005,4.158166333333333,14.0918325656502,1680.0910013634712,15,4.1796212,4.0336132000000005,-0.1460079999999992,1680.0910013634712,15,0.8234661839880173,101.0,2.8821316439580604
294,0.0011947415922549,-3.6977225783387264,4.1796212,4.0348735,4.158200493333334,14.070061242781197,1680.0890012867749,15,4.1796212,4.0348735,-0.1447476999999999,1680.0890012867749,15,0.8232286391536847,100.0,2.8813002370378964
295,0.0011974650267178,-3.6978127862872783,4.179699899999999,4.0347552,4.158224106666666,14.070982779988078,1680.1090012649074,15,4.179699899999999,4.0347552,-0.144944699999999,1680.1090012649074,15,0.8229825237976661,99.0,2.8804388332918314
296,0.0012403477721512,-3.702475791086453,4.1795821,4.0322742,4.1579773866666665,14.094413793105126,1680.1270014774054,15,4.1795821,4.0322742,-0.1473079000000003,1680.1270014774054,15,0.8226142131535993,98.0,2.8791497460375974
297,0.0012205063798898,-3.702318183965671,4.179503,4.0334163,4.158108553333333,14.09360557399311,1680.1170012876391,15,4.179503,4.0334163,-0.1460867000000005,1680.1170012876391,15,0.822433962766036,97.0,2.878518869681126
298,0.0011979459065092,-3.696348218024939,4.179503,4.034637,4.1581165066666665,14.06289948890818,1680.115001338534,15,4.179503,4.034637,-0.1448660000000003,1680.115001338534,15,0.8222203841026863,96.0,2.877771344359402
299,0.0012425541078406,-3.701627043561056,4.179503,4.0319595,4.157767326666667,14.090672670077735,1680.1290013575926,15,4.179503,4.0319595,-0.1475435000000002,1680.1290013575926,15,0.8219342236646684,95.0,2.876769782826339
300,0.001223358200928,-3.699607423065624,4.179463899999999,4.033062,4.157874966666667,14.079905828188746,1680.129001587629,15,4.179463899999999,4.033062,-0.1464018999999989,1680.129001587629,15,0.8217857000175545,94.0,2.8762499500614407
301,0.0012437402249611,-3.703992562638075,4.1793456,4.03192,4.15780936,14.102322830566042,1680.1350013166666,15,4.1793456,4.03192,-0.1474256,1680.1350013166666,15,0.8215857515831154,93.0,2.875550130540904
302,0.0012266424511871,-3.698818088216485,4.1795425,4.0329046,4.157877600000001,14.075833767490618,1680.1050013508648,15,4.1795425,4.0329046,-0.1466379,1680.1050013508648,15,0.8212782765010387,92.0,2.8744739677536355
303,0.0012033141430292,-3.6982848828890504,4.1793065,4.0341253,4.157898626666667,14.072569801335511,1680.1030013523996,15,4.1793065,4.0341253,-0.1451811999999996,1680.1030013523996,15,0.821006644406195,91.0,2.8735232554216825
304,0.0012266913273249,-3.699088251672289,4.179424299999999,4.0327077000000005,4.157686006666667,14.077446512916968,1680.1110013388095,15,4.179424299999999,4.0327077000000005,-0.1467165999999986,1680.1110013388095,15,0.8207196643115234,90.0,2.872518825090332
305,0.0012294842496588,-3.6962594764279944,4.1793456,4.0325108,4.15760458,14.062624510507089,1680.1290013166144,15,4.1793456,4.0325108,-0.1468348000000006,1680.1290013166144,15,0.8204887394479314,89.0,2.87171058806776
306,0.0012681486619195,-3.7046674865124545,4.1792669,4.030345,4.157470666666667,14.106263129253165,1680.161001265049,15,4.1792669,4.030345,-0.1489219000000003,1680.161001265049,15,0.8203037823939345,88.0,2.871063238378771
307,0.0012474811124642,-3.702238744436888,4.1791883,4.031368700000001,4.157431399999999,14.093777534405078,1680.1530014127493,15,4.1791883,4.031368700000001,-0.1478195999999991,1680.1530014127493,15,0.8200004506646826,87.0,2.870001577326389
308,0.0012485258647566,-3.699465562619772,4.1792669,4.0313296,4.157418233333334,14.078955194915078,1680.157001442276,15,4.1792669,4.0313296,-0.1479372999999997,1680.157001442276,15,0.8197239290607566,86.0,2.869033751712648
309,0.0012303126999025,-3.6974447192964743,4.179109599999999,4.0323138,4.15746024,14.068317155646051,1680.1470013037324,15,4.179109599999999,4.0323138,-0.1467957999999996,1680.1470013037324,15,0.8195072702493722,85.0,2.868275445872803
310,0.0012717163445831,-3.7058266553502968,4.179109599999999,4.0300694,4.15738408,14.111742062963966,1680.1430013813078,15,4.179109599999999,4.0300694,-0.149040199999999,1680.1430013813078,15,0.8193088746370832,84.0,2.8675810612297914
311,0.0012292191221492,-3.69774503536959,4.179069999999999,4.0323534,4.1574470733333335,14.069903064284128,1680.1130015701056,15,4.179069999999999,4.0323534,-0.1467165999999995,1680.1130015701056,15,0.8191183899193945,83.0,2.8669143647178807
312,0.0012536529062935,-3.698206643132547,4.1792669,4.0309749,4.157310593333334,14.07269106864981,1680.113001378253,15,4.1792669,4.0309749,-0.1482919999999996,1680.113001378253,15,0.8188892355234295,82.0,2.8661123243320032
313,0.0012100692622763,-3.691451741557796,4.1791883,4.0333772,4.1574340266666665,14.037348802346736,1680.1130015701056,15,4.1791883,4.0333772,-0.1458110999999995,1680.1130015701056,15,0.8186739534566827,81.0,2.8653588370983893
314,0.0012323246606563,-3.6989060998432386,4.1789517,4.0321169,4.157378826666667,14.07552178536859,1680.1090013682842,15,4.1789517,4.0321169,-0.1468347999999997,1680.1090013682842,15,0.8185036092625403,80.0,2.864762632418891
315,0.001210076405936,-3.693658602290252,4.1790309,4.0332985,4.15737628,14.048789318286923,1680.1010012933984,15,4.1790309,4.0332985,-0.1457323999999999,1680.1010012933984,15,0.8182336379690601,79.0,2.8638177328917105
316,0.0012113919582397,-3.695430378147199,4.1789517,4.0332193,4.15738146,14.058261907079665,1680.0870013460517,15,4.1789517,4.0332193,-0.1457323999999999,1680.0870013460517,15,0.8180339563704809,78.0,2.863118847296683
317,0.0012146831384502,-3.692333108455138,4.1790309,4.0329833,4.15728438,14.041718315961,1680.089001330547,15,4.1790309,4.0329833,-0.1460476000000001,1680.089001330547,15,0.8177314635007058,77.0,2.8620601222524704
318,0.0012136654086085,-3.692866616388145,4.1788731,4.032943700000001,4.1571977,14.044484796833236,1680.08300152421,15,4.1788731,4.032943700000001,-0.1459293999999991,1680.08300152421,15,0.8174629126410977,76.0,2.861120194243842
319,0.0012160591339054,-3.6920042171391927,4.1791487,4.032865,4.15723444,14.040818930949955,1680.1030013700947,15,4.1791487,4.032865,-0.1462836999999996,1680.1030013700947,15,0.8172728209591635,75.0,2.8604548733570723
320,0.0012144943641039,-3.693008806174259,4.1789517,4.0329046,4.15720296,14.045673692898848,1680.09100129921,15,4.1789517,4.0329046,-0.1460470999999996,1680.09100129921,15,0.817068776838805,74.0,2.8597407189358175
321,0.001217360346578,-3.6898080412166014,4.178754799999999,4.0325894,4.157003433333333,14.028348047980373,1680.0890015214682,15,4.178754799999999,4.0325894,-0.1461653999999992,1680.0890015214682,15,0.816665097834898,73.0,2.858327842422143
322,0.0012401889812197,-3.694569301707378,4.1789517,4.031368700000001,4.156990313333333,14.054150051362264,1680.09500154946,15,4.1789517,4.031368700000001,-0.1475829999999991,1680.09500154946,15,0.816459386167302,72.0,2.857607851585557
323,0.00124124891127,-3.6922445688659695,4.1789517,4.0312901,4.1569431,14.041861531302544,1680.099001556635,15,4.1789517,4.0312901,-0.1476616000000001,1680.099001556635,15,0.8162247166206669,71.0,2.856786508172334
324,0.001263317151718,-3.6962091223359974,4.1788731,4.0299907,4.156793433333332,14.06234566234204,1680.1070015570149,15,4.1788731,4.0299907,-0.1488823999999997,1680.1070015570149,15,0.8159693921338275,70.0,2.855892872468396
325,0.0012629292864838,-3.6975492210231184,4.1785975,4.0298724,4.156667333333333,14.06851003349303,1680.1270013824103,15,4.1785975,4.0298724,-0.1487251,1680.1270013824103,15,0.815715769028708,69.0,2.855005191600478
326,0.0012186907246669,-3.690895565231004,4.1787157,4.0324321,4.1569247533333336,14.03434510735229,1680.1110014766457,15,4.1787157,4.0324321,-0.1462835999999994,1680.1110014766457,15,0.8155659231169412,68.0,2.854480730909294
327,0.0012435548244526,-3.693128513932976,4.1784401,4.0308175,4.156593913333333,14.045253813698404,1680.1130015691742,15,4.1784401,4.0308175,-0.1476226,1680.1130015691742,15,0.8151748455967108,67.0,2.853111959588488
328,0.0012651830249717,-3.698008799035875,4.178794399999999,4.0298724,4.156785520000001,14.071412319276604,1680.115001346916,15,4.178794399999999,4.0298724,-0.1489219999999989,1680.115001346916,15,0.8151835014399647,66.0,2.8531422550398764
329,0.001243350483742,-3.693639358851422,4.1787157,4.031054,4.156824973333333,14.047969710885774,1680.0970015525818,15,4.1787157,4.031054,-0.1476616999999995,1680.0970015525818,15,0.8149765295483783,65.0,2.852417853419324
330,0.001240447658998,-3.693209278786307,4.178637,4.031054,4.156675333333333,14.046701662556265,1680.0990015501156,15,4.178637,4.031054,-0.147583,1680.0990015501156,15,0.8147016732235872,64.0,2.851455856282555
331,0.0012224553720183,-3.688932951875042,4.1785975,4.032038200000001,4.156704186666667,14.023888518191544,1680.0910015255213,15,4.1785975,4.032038200000001,-0.1465592999999998,1680.0910015255213,15,0.8144557879380194,63.0,2.850595257783068
332,0.0012249272528031,-3.6917595841993847,4.178518799999999,4.03192,4.15673832,14.038401281280656,1680.0750015079975,15,4.178518799999999,4.03192,-0.1465987999999987,1680.0750015079975,15,0.8142712599624476,62.0,2.8499494098685667
333,0.001225021189868,-3.688326617295742,4.1785583,4.0317626,4.156554566666666,14.021413444188012,1680.0890015214682,15,4.1785583,4.0317626,-0.1467956999999993,1680.0890015214682,15,0.8139283829167446,61.0,2.8487493402086064
334,0.0012257264100959,-3.6873834245241177,4.1785583,4.031723,4.156541379999999,14.01606114281379,1680.083001426421,15,4.1785583,4.031723,-0.1468352999999993,1680.083001426421,15,0.8137129398868815,60.0,2.847995289604085
335,0.0012278567081692,-3.687478936301517,4.1784792,4.0315261,4.156454793333333,14.017268787991076,1680.0850014174357,15,4.1784792,4.0315261,-0.1469531000000001,1680.0850014174357,15,0.8134099521505692,59.0,2.8469348325269923
336,0.0012497719003306,-3.690969575601694,4.1782036,4.0301089,4.156179173333333,14.034295130604448,1680.1110012624413,15,4.1782036,4.0301089,-0.1480946999999997,1680.1110012624413,15,0.8131259714585666,58.0,2.845940900104983
337,0.0012712844011449,-3.6940017862033847,4.1784792,4.0290852,4.156265806666666,14.05071974612579,1680.1270015984774,15,4.1784792,4.0290852,-0.149394,1680.1270015984774,15,0.8130098113202585,57.0,2.845534339620905
338,0.001252315629904,-3.6906161459746776,4.178518799999999,4.0301089,4.156305186666668,14.03331448480083,1680.1310013718903,15,4.178518799999999,4.0301089,-0.1484098999999989,1680.1310013718903,15,0.8127260439324472,56.0,2.844541153763565
339,0.0012526115032754,-3.6898229455825344,4.178518799999999,4.0300694,4.1562737599999995,14.029703353519892,1680.1290013417602,15,4.178518799999999,4.0300694,-0.1484493999999987,1680.1290013417602,15,0.8124399341982883,55.0,2.8435397696940092
340,0.0012544897793669,-3.688785922406963,4.1784792,4.0299907,4.156278913333334,14.023660686143312,1680.1110015809536,15,4.1784792,4.0299907,-0.1484885,1680.1110015809536,15,0.8122246809779972,54.0,2.84278638342299
341,0.0012303363211214,-3.685742363642708,4.1783614,4.0312114,4.1562501,14.008450286510676,1680.1110013648868,15,4.1783614,4.0312114,-0.1471499999999999,1680.1110013648868,15,0.8119668058767354,53.0,2.841883820568574
342,0.0012313504778031,-3.685619112711847,4.1784401,4.0311718,4.156260520000001,14.00759249677298,1680.101001312025,15,4.1784401,4.0311718,-0.1472683000000003,1680.101001312025,15,0.8118248944049943,52.0,2.84138713041748
343,0.0012295864071606,-3.688778776802997,4.1782432,4.0312505,4.156278906666666,14.02364380924124,1680.1010013287887,15,4.1782432,4.0312505,-0.1469927000000002,1680.1010013287887,15,0.811715736334053,51.0,2.8410050771691857
344,0.0012294671293378,-3.686246813684231,4.1782432,4.0312505,4.156247393333333,14.009353458013972,1680.0950012737885,15,4.1782432,4.0312505,-0.1469927000000002,1680.0950012737885,15,0.8114611121591323,50.0,2.840113892556963
345,0.0012577738826468,-3.687734937155968,4.1784401,4.0296755,4.15611874,14.01810659276546,1680.0970013001934,15,4.1784401,4.0296755,-0.1487646000000007,1680.0970013001934,15,0.8110971087613932,49.0,2.838839880664876
346,0.0012575226955114,-3.69069702011047,4.1782432,4.0295968,4.1560558,14.033608166095096,1680.1010015467182,15,4.1782432,4.0295968,-0.1486463999999996,1680.1010015467182,15,0.8108840385216313,48.0,2.8380941348257096
347,0.0012341328596702,-3.6868888457076054,4.178164499999999,4.0308571,4.1560977800000005,14.013255254928923,1680.1110014906153,15,4.178164499999999,4.0308571,-0.1473073999999989,1680.1110014906153,15,0.8106211314341515,47.0,2.83717396001953
348,0.0012349691125383,-3.685774887237109,4.178164499999999,4.0307779,4.156050486666667,14.00746524237256,1680.1110015660524,15,4.178164499999999,4.0307779,-0.147386599999999,1680.1110015660524,15,0.8104581659575354,46.0,2.836603580851374
349,0.001235801575038,-3.685928411795025,4.178124899999999,4.0306602,4.1559770333333335,14.008699040120804,1680.1050013471397,15,4.178124899999999,4.0306602,-0.1474646999999995,1680.1050013471397,15,0.8102486098798677,45.0,2.8358701345795367
350,0.0012622147566552,-3.6878005804543896,4.178124899999999,4.0291638,4.155830033333333,14.017977542395728,1680.1150015071034,15,4.178124899999999,4.0291638,-0.1489610999999993,1680.1150015071034,15,0.8099487822100536,44.0,2.8348207377351877
351,0.0012627975171649,-3.689340609288425,4.1780066,4.0290456,4.1557564933333335,14.02648084942578,1680.1090012863278,15,4.1780066,4.0290456,-0.1489609999999999,1680.1090012863278,15,0.8096564978793864,43.0,2.8337977425778527
352,0.0012391201423817,-3.686195646419129,4.1780858,4.030423600000001,4.15591142,14.010312128546918,1680.0970015516505,15,4.1780858,4.030423600000001,-0.1476621999999992,1680.0970015516505,15,0.809500907926316,42.0,2.833253177742106
353,0.0012378259804097,-3.6845627023310183,4.1779675,4.030345,4.15575126,14.001414005278296,1680.097001538612,15,4.1779675,4.030345,-0.1476225000000006,1680.097001538612,15,0.809162942307167,41.0,2.8320702980750845
354,0.0012637217235678,-3.6853993221188417,4.1780066,4.0289669,4.155685606666666,14.00536889602797,1680.1130013177171,15,4.1780066,4.0289669,-0.1490396999999994,1680.1130013177171,15,0.8090385510940209,40.0,2.831634928829073
355,0.0012650365614811,-3.687768544625873,4.1779675,4.02877,4.15557804,14.018268123418132,1680.1170012690127,15,4.1779675,4.02877,-0.1491975000000005,1680.1170012690127,15,0.808812751185631,39.0,2.8308446291497087
356,0.0012397120297088,-3.68421334650715,4.177928,4.0302663,4.15576442,13.999351875715911,1680.1010014042258,15,4.177928,4.0302663,-0.1476616999999995,1680.1010014042258,15,0.8086910364750356,38.0,2.8304186276626244
357,0.0012646581772592,-3.688027239699263,4.1779675,4.02877,4.155562306666667,14.02014419857283,1680.0890013603494,15,4.1779675,4.02877,-0.1491975000000005,1680.0890013603494,15,0.8083687305004109,37.0,2.829290556751438
358,0.0012447721220702,-3.68372471470872,4.177888899999999,4.0298333,4.15558332,13.9973115002695,1680.0770012987778,15,4.177888899999999,4.0298333,-0.1480555999999993,1680.0770012987778,15,0.80811205754065,36.0,2.828392201392275
359,0.0012433054149985,-3.6827291927144983,4.177849299999999,4.029912,4.155578,13.991776004470069,1680.087001297623,15,4.177849299999999,4.029912,-0.1479372999999988,1680.087001297623,15,0.8078991805128506,35.0,2.827647131794977
360,0.0012871493423795,-3.689253701327886,4.177928,4.0274706,4.155396933333334,14.0263089263415,1680.1030012853444,15,4.177928,4.0274706,-0.1504573999999996,1680.1030012853444,15,0.8076949912401178,34.0,2.826932469340412
361,0.0012443990204412,-3.6826728052125666,4.1776919,4.0296364,4.155357546666666,13.99181290685117,1680.1030012723058,15,4.1776919,4.0296364,-0.1480554999999999,1680.1030012723058,15,0.8073825846933905,33.0,2.825839046426867
362,0.0012445889964254,-3.6825010326865706,4.177731,4.0297151,4.155444139999999,13.990839244017684,1680.105001553893,15,4.177731,4.0297151,-0.1480158999999998,1680.105001553893,15,0.8072765637413966,32.0,2.825467973094888
363,0.0012686434258138,-3.684673514633206,4.1776919,4.0283761,4.155333833333334,14.001197648022174,1680.1170013463125,15,4.1776919,4.0283761,-0.1493158000000001,1680.1170013463125,15,0.8070217131743327,31.0,2.8245759961101644
364,0.0012425425215612,-3.6816268576712945,4.1776919,4.0297542,4.1553706466666664,13.985678724894328,1680.1130015850067,15,4.1776919,4.0297542,-0.1479376999999999,1680.1130015850067,15,0.8068229420913168,30.0,2.823880297319609
365,0.0012463017532598,-3.680089536512765,4.1775737,4.029518100000001,4.155310313333334,13.977992131069396,1680.1170013053345,15,4.1775737,4.029518100000001,-0.1480555999999993,1680.1170013053345,15,0.8065696364643019,29.0,2.8229937276250565
366,0.0012472972364869,-3.681620545879462,4.1776919,4.0294394,4.155297146666666,13.986554717115418,1680.1030013635757,15,4.1776919,4.0294394,-0.1482524999999999,1680.1030013635757,15,0.8064262929313923,28.0,2.8224920252598733
367,0.0012926337472855,-3.6876957296111654,4.1778102,4.0269585,4.155142246666667,14.018364939290482,1680.129001392983,15,4.1778102,4.0269585,-0.1508516999999996,1680.129001392983,15,0.8062972810668173,27.0,2.8220404837338604
368,0.0012927499099283,-3.6879699331326847,4.1774554,4.0266829,4.154874453333333,14.019348368687885,1680.1210015248507,15,4.1774554,4.0266829,-0.1507725000000004,1680.1210015248507,15,0.8059354850795588,26.0,2.820774197778456
369,0.0012506815683009,-3.6804479066300866,4.1776524,4.029124299999999,4.155142266666667,13.98101199527618,1680.101001277566,15,4.1776524,4.029124299999999,-0.1485281000000009,1680.101001277566,15,0.8057426087051237,25.0,2.820099130467933
370,0.0012740978086359,-3.683151624293669,4.1776133,4.0277462,4.1549637200000005,13.994591755351763,1680.1070013269782,15,4.1776133,4.0277462,-0.1498670999999998,1680.1070013269782,15,0.8054162380021549,24.0,2.818956833007542
371,0.001272599915886,-3.6830297578757936,4.1776133,4.0278645,4.155005780000001,13.993781502748847,1680.1290013492107,15,4.1776133,4.0278645,-0.1497488000000002,1680.1290013492107,15,0.8052157518708929,23.0,2.818255131548125
372,0.0012518534886221,-3.6793493390722136,4.1772981,4.02877,4.154835106666667,13.97424844604518,1680.1090012677014,15,4.1772981,4.02877,-0.1485281,1680.1090012677014,15,0.804885388013819,22.0,2.8170988580483667
373,0.0012519565502397,-3.6799492255736537,4.1774554,4.0289273,4.155003160000001,13.977264832832663,1680.08300152421,15,4.1774554,4.0289273,-0.1485281,1680.08300152421,15,0.8048686731904918,21.0,2.8170403561667214
374,0.0012536798708988,-3.680972400024218,4.1774554,4.0288095,4.15498212,13.982783151561383,1680.0870015164835,15,4.1774554,4.0288095,-0.1486459,1680.0870015164835,15,0.8047043795221437,20.0,2.816465328327503
375,0.0012258272125798,-3.6753672516641984,4.1773376,4.0303059,4.155016286666667,13.953683852715953,1680.073001298122,15,4.1773376,4.0303059,-0.1470317000000003,1680.073001298122,15,0.8045155020552761,19.0,2.8158042571934665
376,0.0012538858021011,-3.679081665882362,4.1773767,4.0287304,4.15489546,13.973012270947075,1680.081001363695,15,4.1773767,4.0287304,-0.1486463000000002,1680.081001363695,15,0.8042385123397588,18.0,2.814834793189156
377,0.0013001216775471,-3.688269191779001,4.1772981,4.0261316,4.154690700000001,14.020663097306477,1680.1410013996065,15,4.1772981,4.0261316,-0.1511664999999995,1680.1410013996065,15,0.8039229363420366,17.0,2.813730277197128
378,0.0012788183159023,-3.682658628947528,4.1774554,4.0272737,4.154722266666666,13.992271699350706,1680.1410014554858,15,4.1774554,4.0272737,-0.1501817,1680.1410014554858,15,0.803631037083993,16.0,2.8127086297939754
379,0.0012990095485811,-3.687939589480085,4.1772981,4.0261712,4.15467234,14.019119641982812,1680.135001283139,15,4.1772981,4.0261712,-0.1511268999999995,1680.135001283139,15,0.8035025689305858,15.0,2.81225899125705
380,0.0013011746419412,-3.6875651466375534,4.1771011,4.0258956,4.154499113333333,14.016430026558304,1680.1370013337582,15,4.1771011,4.0258956,-0.1512054999999996,1680.1370013337582,15,0.8032226820849229,14.0,2.81127938729723
381,0.0013015865545485,-3.6845599933289472,4.1772585,4.0259347000000005,4.1545306,14.001644266926595,1680.1430012844503,15,4.1772585,4.0259347000000005,-0.1513237999999992,1680.1430012844503,15,0.8029576656072123,13.0,2.810351829625243
382,0.0012582909873625,-3.679028293809413,4.177179799999999,4.0282578,4.15464346,13.972530372682634,1680.1130015701056,15,4.177179799999999,4.0282578,-0.1489219999999989,1680.1130015701056,15,0.8026519247788781,12.0,2.8092817367260734
383,0.0012591834126092,-3.6792627159575546,4.177179799999999,4.0281792,4.154611973333333,13.973789906890538,1680.103001315147,15,4.177179799999999,4.0281792,-0.149000599999999,1680.103001315147,15,0.8024172922104418,11.0,2.8084605227365462
384,0.0013063437656926,-3.685548017581984,4.1772585,4.0256591,4.154499113333333,14.00659060975294,1680.109001561999,15,4.1772585,4.0256591,-0.1515993999999993,1680.109001561999,15,0.802262100076226,10.0,2.807917350266791
385,0.0012593148475206,-3.677311585192171,4.1772981,4.0281401,4.154562093333334,13.964580403627131,1680.103001490235,15,4.1772981,4.0281401,-0.1491579999999999,1680.103001490235,15,0.8020197691183428,9.0,2.8070691919142
386,0.0012878029863038,-3.6805540791153697,4.1771011,4.0264859,4.154359966666666,13.98053091684826,1680.113001268357,15,4.1771011,4.0264859,-0.1506151999999998,1680.113001268357,15,0.8018501956010906,8.0,2.806475684603817
387,0.001283732008454,-3.683270232662808,4.1770225,4.026722400000001,4.154420346666667,13.994614078738174,1680.117001437582,15,4.1770225,4.026722400000001,-0.150300099999999,1680.117001437582,15,0.8016317493144688,7.0,2.805711122600641
388,0.0013085337168957,-3.68527661661297,4.1769829,4.0253048,4.1542497,14.004875232736964,1680.1190012702718,15,4.1769829,4.0253048,-0.1516780999999998,1680.1190012702718,15,0.8012943352556113,6.0,2.8045301733946397
389,0.0012655726928374,-3.680363809289936,4.1768651,4.0275493,4.154312719999999,13.979306553080114,1680.127001591958,15,4.1768651,4.0275493,-0.1493157999999992,1680.127001591958,15,0.8009865564368657,5.0,2.80345294752903
390,0.0013083683465806,-3.6841817515072046,4.176943799999999,4.0252261,4.154152526666667,13.999419718776362,1680.1230015903711,15,4.176943799999999,4.0252261,-0.1517176999999989,1680.1230015903711,15,0.8007912283386028,4.0,2.80276929918511
391,0.0012854181347231,-3.678356110502151,4.1769829,4.0264468,4.15418148,13.96931825870055,1680.0970015525818,15,4.1769829,4.0264468,-0.1505360999999991,1680.0970015525818,15,0.800624497039582,3.0,2.8021857396385372
392,0.0012641567908323,-3.67630175889488,4.176943799999999,4.027627900000001,4.154281233333333,13.958029904879904,1680.0950015326962,15,4.176943799999999,4.027627900000001,-0.1493158999999986,1680.0950015326962,15,0.8005110957416841,2.0,2.8017888350958944
393,0.0012888006052035,-3.6797537901041335,4.1770225,4.0263286,4.154244493333334,13.97640780842815,1680.105001301505,15,4.1770225,4.0263286,-0.1506938999999993,1680.105001301505,15,0.8004045314813123,1.0,2.801415860184593
394,0.0012650284716055,-3.676538755034772,4.176943799999999,4.0275097,4.154210286666667,13.960220665925103,1680.0970013430342,15,4.176943799999999,4.0275097,-0.1494340999999988,1680.0970013430342,15,0.7999908945827521,0.0,2.7999681310396323
395,0.0012891640379602,-3.680313735212812,4.176943799999999,4.0262103,4.15414992,13.979513179730496,1680.0950015336275,15,4.176943799999999,4.0262103,-0.1507334999999994,1680.0950015336275,15,0.7997877243698072,-1.0,2.799257035294325
396,0.0012933104916869,-3.681250989638885,4.176943799999999,4.0259347000000005,4.154089646666667,13.984871212393749,1680.0930012911558,15,4.176943799999999,4.0259347000000005,-0.1510090999999986,1680.0930012911558,15,0.7995498644778103,-2.0,2.798424525672336
397,0.0012918470170869,-3.678465689554039,4.176943799999999,4.0259743,4.154029253333333,13.970047727071336,1680.117001350969,15,4.176943799999999,4.0259743,-0.1509694999999995,1680.117001350969,15,0.7993768686360678,-3.0,2.7978190402262375
398,0.001289858253774,-3.680521399346726,4.1767073,4.0259347000000005,4.1539110133333335,13.980759832765337,1680.1010015616191,15,4.1767073,4.0259347000000005,-0.1507725999999998,1680.1010015616191,15,0.7991656083646447,-4.0,2.7970796292762565
399,0.0012943792803149,-3.6804636555282304,4.1767468,4.0257378,4.153937306666667,13.980232093920751,1680.0910015394911,15,4.1767468,4.0257378,-0.1510090000000001,1680.0910015394911,15,0.7990448512277941,-5.0,2.7966569792972793
400,0.0012956037660971,-3.6804599114972985,4.1766682,4.02562,4.1538796,13.979853727231344,1680.0910013550892,15,4.1766682,4.02562,-0.1510481999999999,1680.0910013550892,15,0.7986852185538734,-6.0,2.795398264938557
401,0.0012720006276209,-3.676090297732668,4.1766286,4.0268011,4.1538454666666675,13.957472537164794,1680.097001325339,15,4.1766286,4.0268011,-0.1498274999999997,1680.097001325339,15,0.7983779408338763,-7.0,2.794322792918567
402,0.0012692519399359,-3.674204976722487,4.1767468,4.027037600000001,4.153926880000001,13.947919146366637,1680.0870013171807,15,4.1767468,4.027037600000001,-0.1497091999999993,1680.0870013171807,15,0.7982355103685755,-8.0,2.7938242862900142
403,0.001272399741482,-3.6729788840474553,4.1766286,4.0268407,4.153874306666667,13.940715720593396,1680.095001548529,15,4.1766286,4.0268407,-0.1497878999999997,1680.095001548529,15,0.7980925727019385,-9.0,2.7933240044567844
404,0.0013171168260469,-3.680709846410392,4.1765499,4.024241399999999,4.153564546666666,13.981601243092832,1680.1130015170202,15,4.1765499,4.024241399999999,-0.152308500000001,1680.1130015170202,15,0.7979031776336962,-10.0,2.792661121717937
405,0.0012981766169021,-3.677544114307619,4.1767073,4.0253444,4.153703693333333,13.965211742964405,1680.1210012705997,15,4.1767073,4.0253444,-0.1513629000000005,1680.1210012705997,15,0.7978136743671719,-11.0,2.7923478602851017
406,0.0013033131365117,-3.671188683030527,4.176274299999999,4.0245175,4.15306842,13.932058001443233,1680.1170013695955,15,4.176274299999999,4.0245175,-0.1517567999999993,1680.1170013695955,15,0.7969254906918489,-12.0,2.7892392174214713
407,0.0012969715137578,-3.679380793599874,4.1766286,4.025423,4.153740426666667,13.974685046472434,1680.1190014565364,15,4.1766286,4.025423,-0.1512055999999999,1680.1190014565364,15,0.7973070666720146,-13.0,2.790574733352051
408,0.001275541263642,-3.674061665635592,4.1765895,4.0265255,4.153727306666666,13.947118051552607,1680.0890015373006,15,4.1765895,4.0265255,-0.1500640000000004,1680.0890015373006,15,0.7969968405957802,-14.0,2.7894889420852307
409,0.0012754780425378,-3.6770850405807343,4.1765895,4.0264859,4.153714206666666,13.963252751197196,1680.0970013523474,15,4.1765895,4.0264859,-0.1501036000000004,1680.0970013523474,15,0.7968439182349417,-15.0,2.788953713822296
410,0.0012772000164392,-3.675295147660377,4.1763926,4.0262895,4.153585606666667,13.953334718141914,1680.1070012981072,15,4.1763926,4.0262895,-0.1501030999999999,1680.1070012981072,15,0.7965817080034336,-16.0,2.788035978012018
411,0.0013227097326563,-3.6803566260494063,4.176353,4.0237298,4.153323006666666,13.97922209628982,1680.1430013887584,15,4.176353,4.0237298,-0.1526231999999998,1680.1430013887584,15,0.7963794697228047,-17.0,2.7873281440298165
412,0.001275014955836,-3.673170635705632,4.1765103,4.0263681,4.153535719999999,13.942970583253484,1680.1150013571605,15,4.1765103,4.0263681,-0.1501422000000003,1680.1150013571605,15,0.7961523541227595,-18.0,2.7865332394296582
413,0.0012791542409038,-3.671448001796982,4.1763926,4.026053,4.153409633333333,13.933542312028996,1680.1130013046786,15,4.1763926,4.026053,-0.1503395999999996,1680.1130013046786,15,0.7958090496624664,-19.0,2.785331673818632
414,0.0013048253922563,-3.6775486834132662,4.176313899999999,4.0245962,4.1532837266666665,13.96517032375073,1680.1110013872385,15,4.176313899999999,4.0245962,-0.1517176999999989,1680.1110013872385,15,0.7955519332241303,-20.0,2.784431766284456
415,0.0013251073957012,-3.6777584363203495,4.1764317,4.0236115,4.153296786666668,13.965829356798022,1680.105001397431,15,4.1764317,4.0236115,-0.1528201999999998,1680.105001397431,15,0.7954527132766384,-21.0,2.784084496468234
416,0.0012801543956412,-3.673734579471965,4.176274299999999,4.0258956,4.153323113333333,13.944778583825574,1680.10700129997,15,4.176274299999999,4.0258956,-0.1503786999999992,1680.10700129997,15,0.7952313351974054,-22.0,2.783309673190919
417,0.0013043179622549,-3.676605111040676,4.1764317,4.0246749,4.153328326666666,13.960361264334535,1680.1190012702718,15,4.1764317,4.0246749,-0.1517568000000002,1680.1190012702718,15,0.7951517509038633,-23.0,2.7830311281635214
418,0.0013035184313317,-3.6777200824739857,4.176274299999999,4.0245962,4.153220719999999,13.96593101532484,1680.105001334101,15,4.176274299999999,4.0245962,-0.1516780999999989,1680.105001334101,15,0.794851936240699,-24.0,2.781981776842447
419,0.0012832753448855,-3.670573172879967,4.1763926,4.0257773,4.153330986666667,13.92936761833893,1680.101001369767,15,4.1763926,4.0257773,-0.1506153000000001,1680.101001369767,15,0.7945898055898512,-25.0,2.781064319564479
420,0.0013089403260023,-3.675854632711831,4.1761169,4.0240841,4.152958166666666,13.956579269975538,1680.1130012841895,15,4.1761169,4.0240841,-0.1520328000000006,1680.1130012841895,15,0.7942854385559669,-26.0,2.779999034945884
421,0.0012854749475288,-3.673743361307694,4.1760774,4.025423,4.15311568,13.94517879039331,1680.1130013354125,15,4.1760774,4.025423,-0.1506543999999996,1680.1130013354125,15,0.7941095864533728,-27.0,2.779383552586805
422,0.0013082512368012,-3.6750313600377904,4.1760774,4.0240841,4.152916113333333,13.952247536463124,1680.1110015660524,15,4.1760774,4.0240841,-0.1519933,1680.1110015660524,15,0.7938357624606277,-28.0,2.778425168612197
423,0.0013083167595231,-3.677185628091405,4.1760774,4.0241628,4.15301848,13.963025316068808,1680.111001484096,15,4.1760774,4.0241628,-0.1519145999999995,1680.111001484096,15,0.7937938843410529,-29.0,2.7782785951936853
424,0.0012849536392657,-3.6717416512729377,4.1760383,4.0253444,4.152992299999999,13.935128128545632,1680.0870015323162,15,4.1760383,4.0253444,-0.1506939000000002,1680.0870015323162,15,0.7935097435841394,-30.0,2.777284102544488
425,0.0012869633216423,-3.669790036460006,4.1762347,4.0253444,4.153073666666666,13.925320734961428,1680.0950013082474,15,4.1762347,4.0253444,-0.1508903000000003,1680.0950013082474,15,0.793335956784979,-31.0,2.7766758487474266
426,0.0012871182463059,-3.669283275276707,4.1761169,4.0251865,4.152918779999999,13.922856732235772,1680.0990015417335,15,4.1761169,4.0251865,-0.1509304,1680.0990015417335,15,0.7930407802754148,-32.0,2.775642730963952
427,0.0013093341901498,-3.673678200138517,4.1758018,4.0238085,4.152679853333334,13.94463600132633,1680.1150012910366,15,4.1758018,4.0238085,-0.1519933,1680.1150012910366,15,0.7927973183265531,-33.0,2.774790614142936
428,0.0013554960223649,-3.682741895126184,4.17592,4.0214458,4.152658906666667,13.991606164637794,1680.1370013989508,15,4.17592,4.0214458,-0.1544741999999992,1680.1370013989508,15,0.792724865278088,-34.0,2.774537028473308
429,0.0013092702365706,-3.675202420762438,4.1758804,4.0238481,4.152732406666667,13.953428482831445,1680.13700158149,15,4.1758804,4.0238481,-0.1520322999999992,1680.13700158149,15,0.7924679372015669,-35.0,2.773637780205484
430,0.001356497405654,-3.679928970115288,4.1757622,4.0211701,4.15240424,13.977301653470214,1680.137001618743,15,4.1757622,4.0211701,-0.1545921000000003,1680.137001618743,15,0.7921714351721774,-36.0,2.772600023102621
431,0.0013127422423206,-3.676857960976699,4.1757622,4.0236511,4.152721906666666,13.961704490014364,1680.1150014922025,15,4.1757622,4.0236511,-0.1521110999999999,1680.1150014922025,15,0.7919689862172941,-37.0,2.771891451760529
432,0.0012880940683735,-3.667387190075519,4.1759591,4.0249896000000005,4.1527507733333335,13.912189727800293,1680.113001328893,15,4.1759591,4.0249896000000005,-0.1509694999999995,1680.113001328893,15,0.7918224988019277,-38.0,2.771378745806747
433,0.0012920386415992,-3.670212265520643,4.1758018,4.024714,4.152698326666667,13.927023538731532,1680.0910015404224,15,4.1758018,4.024714,-0.1510878,1680.0910015404224,15,0.7916605577064344,-39.0,2.7708119519725205
434,0.0012920111102026,-3.6702706374893,4.17592,4.0247536,4.152737686666667,13.927760407364392,1680.0870015155524,15,4.17592,4.0247536,-0.1511663999999992,1680.0870015155524,15,0.7915424299480339,-40.0,2.7703985048181186
435,0.0012913238152978,-3.670556383413475,4.17592,4.0248322,4.152784906666667,13.929149208647576,1680.0790015161035,15,4.17592,4.0248322,-0.1510878,1680.0790015161035,15,0.7914210802937045,-41.0,2.7699737810279657
436,0.0013168663303521,-3.6754518414640818,4.1758018,4.0232968,4.152556593333332,13.954539655244602,1680.1410016277805,15,4.1758018,4.0232968,-0.1525050000000005,1680.1410016277805,15,0.7911246013745891,-42.0,2.7689361048110617
437,0.0013192133437835,-3.672532031463332,4.1759591,4.0232573,4.152603793333333,13.939473140700136,1680.135001338087,15,4.1759591,4.0232573,-0.1527018,1680.135001338087,15,0.7909435781475541,-43.0,2.7683025235164394
438,0.0013396780228721,-3.6775136569582743,4.1756048,4.021918299999999,4.152312406666667,13.96469956767747,1680.1270013824103,15,4.1756048,4.021918299999999,-0.1536865000000009,1680.1270013824103,15,0.7905590702827382,-44.0,2.766956745989584
439,0.0013169439128398,-3.672624844380968,4.1756444,4.023099899999999,4.1523359866666665,13.939938184244223,1680.1090015778318,15,4.1756444,4.023099899999999,-0.1525445000000012,1680.1090015778318,15,0.7902790860980135,-45.0,2.7659768013430472
440,0.0013200359001055,-3.673016935448586,4.1756835,4.0229816,4.1523727133333335,13.941676060267788,1680.1070013158023,15,4.1756835,4.0229816,-0.1527019000000002,1680.1070013158023,15,0.7901075803256757,-46.0,2.7653765311398653
441,0.0013205308339112,-3.671887794735344,4.1756048,4.022863399999999,4.152267746666667,13.935851857972208,1680.109001561999,15,4.1756048,4.022863399999999,-0.1527414000000009,1680.109001561999,15,0.7899068647966265,-47.0,2.764674026788193
442,0.0013622921140912,-3.6815928890781615,4.1754866,4.0206189,4.152149653333334,13.985990436902677,1680.1570013025776,15,4.1754866,4.0206189,-0.1548677000000005,1680.1570013025776,15,0.7897660656599158,-48.0,2.7641812298097053
443,0.0013433791138811,-3.674681058751378,4.1755261,4.021564,4.15211026,13.950075812381163,1680.153001651168,15,4.1755261,4.021564,-0.1539621000000002,1680.153001651168,15,0.7894154729849481,-49.0,2.7629541554473183
444,0.001345931943316,-3.6753525555407855,4.1756835,4.021485299999999,4.15216278,13.954023420838762,1680.1170015800744,15,4.1756835,4.021485299999999,-0.1541982000000006,1680.1170015800744,15,0.7892245990382013,-50.0,2.7622860966337046
445,0.0013462799542063,-3.674938236985987,4.1755261,4.0212884,4.1519789933333335,13.952074330403406,1680.115001344122,15,4.1755261,4.0212884,-0.1542376999999994,1680.115001344122,15,0.7888269943875162,-51.0,2.7608944803563067
446,0.0012991527141512,-3.668751003324284,4.1754866,4.0238085,4.152131313333333,13.920071050379946,1680.1050014486536,15,4.1754866,4.0238085,-0.1516780999999998,1680.1050014486536,15,0.7886678353114931,-52.0,2.760337423590226
447,0.0013026683348854,-3.6676182625835807,4.1755657,4.0236902,4.15217584,13.91442218673566,1680.095001526177,15,4.1755657,4.0236902,-0.1518755,1680.095001526177,15,0.7885871885509292,-53.0,2.7600551599282523
448,0.0013013976032826,-3.6673918242318817,4.1755261,4.0237298,4.152149586666666,13.91258839196405,1680.0970013663173,15,4.1755261,4.0237298,-0.1517963,1680.0970013663173,15,0.7884244894077072,-54.0,2.759485712926975
449,0.0013239703433782,-3.6729695957771713,4.1753292,4.0225091,4.152091840000001,13.940988327189103,1680.091001264751,15,4.1753292,4.0225091,-0.1528201000000004,1680.091001264751,15,0.7882082757544341,-55.0,2.758728965140519
450,0.0013009172611511,-3.6681409719929383,4.1755261,4.0237298,4.15213384,13.916935630053246,1680.0810012733564,15,4.1755261,4.0237298,-0.1517963,1680.0810012733564,15,0.7879724181797562,-56.0,2.7579034636291464
451,0.0012755660455785,-3.6605149406852022,4.1753292,4.0249505,4.152023600000001,13.877228984564155,1680.0690013766289,15,4.1753292,4.0249505,-0.1503787000000001,1680.0690013766289,15,0.7876633879736712,-57.0,2.756821857907849
452,0.0013026205782568,-3.6687515704661817,4.1751323,4.023375499999999,4.151868760000001,13.91952855096176,1680.0850012600422,15,4.1751323,4.023375499999999,-0.1517568000000002,1680.0850012600422,15,0.7873578963962908,-58.0,2.755752637387018
453,0.0013045373490417,-3.669222759971894,4.1752505,4.0232968,4.151889720000001,13.922425716804078,1680.0950013585389,15,4.1752505,4.0232968,-0.1519536999999999,1680.0950013585389,15,0.7872642772755066,-59.0,2.755424970464273
454,0.0013049364850235,-3.667225878121089,4.1751719,4.023139,4.151732193333333,13.91209534987695,1680.0790015151724,15,4.1751719,4.023139,-0.1520329,1680.0790015151724,15,0.7870047477611921,-60.0,2.7545166171641724
455,0.0013041764480035,-3.666540803749681,4.175211,4.023335899999999,4.151884473333333,13.908150942594215,1680.0790015161035,15,4.175211,4.023335899999999,-0.1518751000000007,1680.0790015161035,15,0.786940761068251,-61.0,2.7542926637388785
456,0.001304482802242,-3.667418804220414,4.1754475,4.0234933,4.152065593333333,13.91278898596502,1680.0930015305055,15,4.1754475,4.0234933,-0.1519541999999996,1680.0930015305055,15,0.786734030059408,-62.0,2.753569105207928
457,0.0013051339423549,-3.664589223313239,4.1754079,4.023335899999999,4.151913426666666,13.898628316418986,1680.097001538612,15,4.1754079,4.023335899999999,-0.1520720000000004,1680.097001538612,15,0.786537606570986,-63.0,2.752881622998451
458,0.001303317189992,-3.668409413793251,4.1751719,4.0232573,4.151782093333333,13.918163684828496,1680.0890014329923,15,4.1751719,4.0232573,-0.1519145999999995,1680.0890014329923,15,0.7861077655477269,-64.0,2.751377179417044
459,0.0013318609515926,-3.6694399217319527,4.1752901,4.0218005,4.151734886666667,13.923265961586509,1680.0970015525818,15,4.1752901,4.0218005,-0.1534895999999994,1680.0970015525818,15,0.7860546551281534,-65.0,2.751191292948537
460,0.0013055316302766,-3.6664639738684,4.1750536,4.023060299999999,4.151674533333333,13.907519456388986,1680.0950015345588,15,4.1750536,4.023060299999999,-0.1519933000000008,1680.0950015345588,15,0.7857778193305115,-66.0,2.7502223676567903
461,0.0013056324913703,-3.6636401310944113,4.1752505,4.023060299999999,4.151653479999999,13.893969190828445,1680.0910014137626,15,4.1752505,4.023060299999999,-0.1521902000000006,1680.0910014137626,15,0.78561850117885,-67.0,2.749664754125975
462,0.00133416108313,-3.6707196859777818,4.175211,4.021524899999999,4.1515852,13.930729491464705,1680.0930012725294,15,4.175211,4.021524899999999,-0.1536861000000007,1680.0930012725294,15,0.7854907298484779,-68.0,2.7492175544696726
463,0.0013068773248802,-3.663835653827014,4.1750536,4.022863399999999,4.15151958,13.894816024849554,1680.0850013410673,15,4.1750536,4.022863399999999,-0.1521902000000006,1680.0850013410673,15,0.7851528307425365,-69.0,2.748034907598878
464,0.0013329395766241,-3.668319994956109,4.1750932,4.021524899999999,4.151501246666667,13.917721336927215,1680.0970015376806,15,4.1750932,4.021524899999999,-0.1535683000000007,1680.0970015376806,15,0.7848997680544315,-70.0,2.74714918819051
465,0.0013366867662897,-3.671156864826914,4.1749353,4.0212097,4.1513962399999995,13.932188316630487,1680.1010015616191,15,4.1749353,4.0212097,-0.1537255999999995,1680.1010015616191,15,0.7846864499149385,-71.0,2.7464025747022847
466,0.0013132754260174,-3.666113403104905,4.1748567,4.0223517,4.15134382,13.906027678397177,1680.0930013740435,15,4.1748567,4.0223517,-0.1525050000000005,1680.0930013740435,15,0.7844369975012412,-72.0,2.745529491254344
467,0.0013133481756817,-3.6659497548816113,4.1750145,4.0224695,4.15146452,13.905823312843008,1680.0990014597774,15,4.1750145,4.0224695,-0.1525449999999999,1680.0990014597774,15,0.7843337316976298,-73.0,2.745168060941704
468,0.0013153100226326,-3.6634457462291463,4.1748962,4.0222731,4.151338446666666,13.891789562862584,1680.1030014967546,15,4.1748962,4.0222731,-0.1526231000000004,1680.1030014967546,15,0.7839584561270385,-74.0,2.743854596444635
469,0.0013167482824314,-3.663403953091768,4.1749749,4.0221939,4.1513306,13.892438027860578,1680.0890013203025,15,4.1749749,4.0221939,-0.1527809999999991,1680.0890013203025,15,0.7836954577249576,-75.0,2.742934102037352
470,0.0013142369593155,-3.66503142435156,4.1748962,4.0223517,4.151380546666668,13.900456728925086,1680.0910012833774,15,4.1748962,4.0223517,-0.1525445000000003,1680.0910012833774,15,0.7835366729563883,-76.0,2.742378355347359
471,0.0013150616976555,-3.66484392358022,4.1748176,4.022154799999999,4.151223086666666,13.900068428728858,1680.0770013192669,15,4.1748176,4.022154799999999,-0.1526628000000007,1680.0770013192669,15,0.7833520956964218,-77.0,2.7417323349374763
472,0.0013129301162935,-3.663592009373532,4.1748176,4.0223517,4.1513017733333335,13.89262509007257,1680.0810015192255,15,4.1748176,4.0223517,-0.1524659000000001,1680.0810015192255,15,0.783278842496008,-78.0,2.741475948736028
473,0.0013172649752935,-3.664219585606308,4.1748962,4.0220761,4.151246606666667,13.897004574640643,1680.0870012901723,15,4.1748962,4.0220761,-0.1528201000000004,1680.0870012901723,15,0.7830472861635437,-79.0,2.740665501572403
474,0.0013172330233178,-3.6647049871636814,4.1748567,4.0220366,4.151209793333334,13.899198584935077,1680.0810013711452,15,4.1748567,4.0220366,-0.1528201000000004,1680.0810013711452,15,0.7827300464413597,-80.0,2.7395551625447587
475,0.0013169368987769,-3.6611330983760833,4.1746993,4.0218396,4.150963053333333,13.88050193185822,1680.0830013332888,15,4.1746993,4.0218396,-0.1528597000000005,1680.0830013332888,15,0.7823053427389863,-81.0,2.738068699586452
476,0.0013158322649098,-3.6634505237700985,4.1745811,4.0218396,4.150931586666667,13.892520381238878,1680.075001492165,15,4.1745811,4.0218396,-0.1527415000000003,1680.075001492165,15,0.7820836231834403,-82.0,2.737292681142041
477,0.0013161932830141,-3.6616490940295106,4.1746597,4.021918299999999,4.151010286666667,13.883112088798793,1680.0870015304536,15,4.1746597,4.021918299999999,-0.1527414000000009,1680.0870015304536,15,0.7820243258882071,-83.0,2.737085140608725
478,0.0013185123089231,-3.662077980615082,4.1746206,4.0217214,4.15093158,13.885552829352765,1680.083001293242,15,4.1746206,4.0217214,-0.1528992000000002,1680.083001293242,15,0.7818651004885143,-84.0,2.7365278517098
479,0.0012909615515497,-3.656387671514942,4.1746206,4.0231786,4.150976239999999,13.855897446298826,1680.0730015039444,15,4.1746206,4.0231786,-0.1514420000000003,1680.0730015039444,15,0.7817176354312375,-85.0,2.736011724009331
480,0.0013184977268612,-3.662967055216945,4.1745811,4.0217214,4.150939446666666,13.890071019242557,1680.0830015093088,15,4.1745811,4.0217214,-0.1528597000000005,1680.0830015093088,15,0.7815664051676824,-86.0,2.7354824180868884
481,0.0013196305685092,-3.6622603197160246,4.1746206,4.0216036,4.150871206666666,13.887101685825218,1680.07100148499,15,4.1746206,4.0216036,-0.1530170000000001,1680.07100148499,15,0.7813957721691303,-87.0,2.734885202591956
482,0.0012928030015028,-3.659260254305608,4.1743841,4.0229816,4.1508975,13.87023578179668,1680.0730015039444,15,4.1743841,4.0229816,-0.1514025000000005,1680.0730015039444,15,0.7811662940966022,-88.0,2.734082029338108
483,0.0012934710387283,-3.65950594171441,4.1744628,4.022903,4.1508554533333335,13.872333880734669,1680.077001415193,15,4.1744628,4.022903,-0.1515597999999993,1680.077001415193,15,0.7808668159164572,-89.0,2.7330338557076
484,0.0013202668634306,-3.6634694924657105,4.1742663,4.0212884,4.150598293333334,13.892869937033812,1680.093001333065,15,4.1742663,4.0212884,-0.1529778999999997,1680.093001333065,15,0.7806057191555057,-90.0,2.73212001704427
485,0.0013461833161855,-3.665401255948654,4.1743054,4.0199494,4.150540453333334,13.90218630680635,1680.1150012770668,15,4.1743054,4.0199494,-0.1543559999999999,1680.1150012770668,15,0.7804730437186106,-91.0,2.731655653015137
486,0.0013206248473606,-3.663191150600822,4.1740694,4.0211701,4.150493206666666,13.89028842986874,1680.1130013624206,15,4.1740694,4.0211701,-0.1528992999999996,1680.1130013624206,15,0.78020335896806,-92.0,2.73071175638821
487,0.0013222906953385,-3.6608610103516295,4.1743054,4.0210915,4.1504748,13.879321561741826,1680.091001289897,15,4.1743054,4.0210915,-0.1532138999999999,1680.091001289897,15,0.7799478905365674,-93.0,2.729817616877986
488,0.0013243609388755,-3.662053243482147,4.1743841,4.021131,4.150627046666667,13.885318303691667,1680.0710014998913,15,4.1743841,4.021131,-0.1532531000000005,1680.0710014998913,15,0.7798695473873852,-94.0,2.7295434158558485
489,0.0013216354149382,-3.660691250434417,4.1743841,4.0212884,4.150637560000001,13.878121601047788,1680.07900132332,15,4.1743841,4.0212884,-0.1530956999999997,1680.07900132332,15,0.7797007960260495,-95.0,2.728952786091173
490,0.0012948197969131,-3.655752914662643,4.1743054,4.0226665,4.15064812,13.852135391878043,1680.077001360245,15,4.1743054,4.0226665,-0.1516389,1680.077001360245,15,0.7794929510798764,-96.0,2.7282253287795672
491,0.0013268902060352,-3.66211504750213,4.1741481,4.020815799999999,4.150435466666667,13.885220502543133,1680.087001465261,15,4.1741481,4.020815799999999,-0.1533323000000006,1680.087001465261,15,0.7792744356753397,-97.0,2.727460524863689
492,0.0013219932391657,-3.661310339194483,4.1741481,4.021052399999999,4.150425000000001,13.881230576235993,1680.0890012774616,15,4.1741481,4.021052399999999,-0.1530957000000006,1680.0890012774616,15,0.7791588094291366,-98.0,2.727055833001978
493,0.001349859193958,-3.667503896823528,4.1741872,4.0195951,4.150385533333334,13.913385360514305,1680.103001362644,15,4.1741872,4.0195951,-0.1545921000000003,1680.103001362644,15,0.7788415694861806,-99.0,2.725945493201632
494,0.0013235713372292,-3.661677636359024,4.1741872,4.0209341,4.150388173333333,13.88364541714042,1680.0910015264526,15,4.1741872,4.0209341,-0.1532531000000005,1680.0910015264526,15,0.7786835459511018,-100.0,2.725392410828856
495,0.0013304030543821,-3.6618544468180834,4.1741872,4.0205011,4.150291093333333,13.884901635059087,1680.089001536369,15,4.1741872,4.0205011,-0.1536861000000007,1680.089001536369,15,0.778314438918458,-101.0,2.724100536214603
496,0.0013510211715998,-3.666554747887415,4.1740694,4.0193591,4.150196613333334,13.908619018692448,1680.0910012554375,15,4.1740694,4.0193591,-0.1547102999999996,1680.0910012554375,15,0.7782322067370027,-102.0,2.7238127235795093
497,0.0013305834341963,-3.6620553842621337,4.1740298,4.0203433,4.150144006666666,13.885906959956625,1680.0850012814626,15,4.1740298,4.0203433,-0.1536864999999991,1680.0850012814626,15,0.7779466470918972,-103.0,2.72281326482164
498,0.0013321943900655,-3.660235647248541,4.1740298,4.0202646,4.150125686666667,13.876282376618231,1680.0850012991575,15,4.1740298,4.0202646,-0.1537651999999996,1680.0850012991575,15,0.7777854112330645,-104.0,2.722248939315726
499,0.0013315762627978,-3.659659933167914,4.1738329,4.0201859,4.150010206666668,13.872597572653651,1680.0810015201569,15,4.1738329,4.0201859,-0.1536469999999994,1680.0810015201569,15,0.7774263619652546,-105.0,2.7209922668783912
500,0.0013292698260042,-3.6601925383259526,4.1739511,4.0203829,4.1500995,13.875063160513992,1680.1070013074204,15,4.1739511,4.0203829,-0.1535681999999996,1680.1070013074204,15,0.7773307561536221,-106.0,2.7206576465376773
501,0.0013569815189421,-3.664427196442316,4.1739116,4.0188079,4.149912993333333,13.897866526918945,1680.1010015439242,15,4.1739116,4.0188079,-0.1551037000000006,1680.1010015439242,15,0.7770800662615104,-107.0,2.719780231915286
502,0.0013303066203535,-3.661642212916541,4.1738725,4.020225,4.150007526666666,13.883334669139764,1680.0990012641996,15,4.1738725,4.020225,-0.1536474999999999,1680.0990012641996,15,0.7769226944325869,-108.0,2.719229430514054
503,0.0013335198276002,-3.659660052251165,4.1738329,4.0200286,4.14994722,13.872358417474288,1680.0870012594387,15,4.1738329,4.0200286,-0.1538043,1680.0870012594387,15,0.776795020912272,-109.0,2.718782573192952
504,0.0013314791900226,-3.6609241565722166,4.1739116,4.020225,4.150057413333333,13.879441700143191,1680.09100152459,15,4.1739116,4.020225,-0.1536866000000003,1680.09100152459,15,0.7767332179688277,-110.0,2.7185662628908966
505,0.0013340019620674,-3.6619373688814183,4.1739116,4.0200677,4.150033819999999,13.885245529698,1680.085001528263,15,4.1739116,4.0200677,-0.1538439,1680.085001528263,15,0.7764844037964257,-111.0,2.71769541328749
506,0.0013329209582063,-3.6594417067103104,4.1737146,4.0199494,4.149836873333333,13.871336987739417,1680.0870013423264,15,4.1737146,4.0199494,-0.1537652000000005,1680.0870013423264,15,0.7761089592939298,-112.0,2.7163813575287543
507,0.001336554992754,-3.661655018583585,4.173793799999999,4.0197921,4.149878913333334,13.883219145340789,1680.0770013201982,15,4.173793799999999,4.0197921,-0.1540016999999993,1680.0770013201982,15,0.7759020711940036,-113.0,2.7156572491790123
508,0.0013360876383592,-3.658587981251975,4.173793799999999,4.019753,4.1497871066666665,13.86752475658072,1680.0890012644231,15,4.173793799999999,4.019753,-0.1540407999999997,1680.0890012644231,15,0.7756763508505783,-114.0,2.714867227977024
509,0.0013842931599088,-3.666370513116257,4.1735969,4.017036,4.14947212,13.907084050793111,1680.101001395844,15,4.1735969,4.017036,-0.1565608999999996,1680.101001395844,15,0.7754172263798215,-115.0,2.713960292329375
510,0.0013644973520628,-3.661877590464941,4.1734786,4.0179806000000005,4.1494222,13.884175922855736,1680.0950015336275,15,4.1734786,4.0179806000000005,-0.1554979999999997,1680.0950015336275,15,0.7751758655235845,-116.0,2.713115529332546
511,0.0013396963568238,-3.6591645308408394,4.1735573,4.0193195,4.149535033333334,13.870685637696994,1680.0890015214682,15,4.1735573,4.0193195,-0.1542377999999997,1680.0890015214682,15,0.7749612932375768,-117.0,2.712364526331519
512,0.0013400624208774,-3.6594720206068296,4.1735969,4.0193591,4.14959542,13.872243431339644,1680.08300151024,15,4.1735969,4.0193591,-0.1542377999999997,1680.08300151024,15,0.7747065018789917,-118.0,2.711472756576471
513,0.0013398127510717,-3.6583661213600567,4.1735182,4.0192409,4.14945362,13.86615771051751,1680.0830015083775,15,4.1735182,4.0192409,-0.1542773000000004,1680.0830015083775,15,0.7744212454970004,-119.0,2.7104743592395013
514,0.0013388742612266,-3.657600750739837,4.173636,4.0194378,4.149598066666666,13.862651808989394,1680.081001312472,15,4.173636,4.0194378,-0.1541981999999997,1680.081001312472,15,0.7743468049164501,-120.0,2.7102138172075754
515,0.0013383831560595,-3.658419247523682,4.1735182,4.0193591,4.149503566666667,13.86689849316475,1680.0670014899224,15,4.1735182,4.0193591,-0.1541591000000002,1680.0670014899224,15,0.7742388510252355,-121.0,2.709835978588324
516,0.0013379995021349,-3.659025533024304,4.1734786,4.0193591,4.149490426666667,13.869738358303472,1680.0790013326332,15,4.1734786,4.0193591,-0.1541195000000002,1680.0790013326332,15,0.7741383484755164,-122.0,2.7094842196643074
517,0.0013404674056617,-3.659700367152376,4.1733603,4.0191622,4.149419580000001,13.872800850880587,1680.0850013615564,15,4.1733603,4.0191622,-0.1541980999999994,1680.0850013615564,15,0.7738704522577196,-123.0,2.7085465829020183
518,0.0013395216253563,-3.657660356847302,4.1734786,4.0192013,4.149393306666666,13.862767272194931,1680.097001270391,15,4.1734786,4.0192013,-0.1542773000000004,1680.097001270391,15,0.77366921441724,-124.0,2.70784225046034
519,0.0013393733192882,-3.660058286835315,4.1733999,4.0192804,4.14948784,13.874454218882391,1680.0850015291944,15,4.1733999,4.0192804,-0.1541194999999993,1680.0850015291944,15,0.7735098384840036,-125.0,2.7072844346940124
520,0.0013659655258266,-3.6640160622623457,4.1732817,4.017705,4.149238433333333,13.895161098076624,1680.0930015454069,15,4.1732817,4.017705,-0.1555767000000001,1680.0930015454069,15,0.773248312998512,-126.0,2.706369095494792
521,0.0013401882648449,-3.657668690795633,4.1733212,4.0189257000000005,4.149151773333333,13.86392505036715,1680.1070012841374,15,4.1733212,4.0189257000000005,-0.1543954999999996,1680.1070012841374,15,0.7729346554615419,-127.0,2.7052712941153967
522,0.0013701057139897,-3.660843150150528,4.1731243,4.0173116,4.1490126599999995,13.87878996227156,1680.109001304023,15,4.1731243,4.0173116,-0.1558126999999993,1680.109001304023,15,0.7726972381544905,-128.0,2.704440333540717
523,0.0013440716049982,-3.6573323886089826,4.173203,4.0186896,4.14909934,13.861088763275289,1680.129001326859,15,4.173203,4.0186896,-0.1545133999999999,1680.129001326859,15,0.7725588206794104,-129.0,2.703955872377936
524,0.0013698606305728,-3.66099996929222,4.1731634,4.0173116,4.149002100000001,13.879388935846467,1680.1090015778318,15,4.1731634,4.0173116,-0.1558517999999997,1680.1090015778318,15,0.7723944145940301,-130.0,2.7033804510791053
525,0.0013722325972397,-3.6611349815581047,4.1731634,4.017153700000001,4.148960113333333,13.880496554212645,1680.103001362644,15,4.1731634,4.017153700000001,-0.1560096999999993,1680.103001362644,15,0.7721380382719094,-131.0,2.702483133951683
526,0.0013683889369849,-3.660704128334318,4.1730456,4.0173116,4.148928673333333,13.87801446781063,1680.0990015408024,15,4.1730456,4.0173116,-0.1557339999999998,1680.0990015408024,15,0.7719196771707201,-132.0,2.7017188700975203
527,0.0013480965673263,-3.6568122860398793,4.1730456,4.0183353,4.148933906666667,13.85764529401938,1680.0890013342723,15,4.1730456,4.0183353,-0.1547102999999996,1680.0890013342723,15,0.7717213272202068,-133.0,2.701024645270724
528,0.0013471454988988,-3.658722965964861,4.1731634,4.0184927,4.14906508,13.868201891930315,1680.0770014226437,15,4.1731634,4.0184927,-0.1546706999999996,1680.0770014226437,15,0.7717058683756518,-134.0,2.700970539314781
529,0.0013460247024649,-3.6602048699874614,4.1728878,4.0183353,4.148868293333334,13.876038443904267,1680.0830015093088,15,4.1728878,4.0183353,-0.1545524999999994,1680.0830015093088,15,0.771475368547324,-135.0,2.700163789915634
530,0.0013494986845982,-3.6562992056856753,4.1729274,4.0180988,4.14876064,13.855287509537025,1680.0830015083775,15,4.1729274,4.0180988,-0.1548286000000001,1680.0830015083775,15,0.7710462493269084,-136.0,2.698661872644179
531,0.0013473635618935,-3.6578909396958545,4.1730456,4.0183353,4.148910293333333,13.86408212551504,1680.111001339741,15,4.1730456,4.0183353,-0.1547102999999996,1680.111001339741,15,0.7709841159487774,-137.0,2.698444405820721
532,0.001397352518662,-3.6669601467153385,4.1728878,4.015578700000001,4.148645106666667,13.91088545346676,1680.1330012986436,15,4.1728878,4.015578700000001,-0.1573090999999991,1680.1330012986436,15,0.7706912528252489,-138.0,2.697419384888371
533,0.0013990411109385,-3.663686993232061,4.17277,4.015303100000001,4.1484167,13.893820081051846,1680.1270012576133,15,4.17277,4.015303100000001,-0.1574668999999993,1680.1270012576133,15,0.7704262423702947,-139.0,2.696491848296031
534,0.0013988119216226,-3.662974213790052,4.1729274,4.0153818,4.148477213333333,13.890095951710602,1680.1350013054907,15,4.1729274,4.0153818,-0.1575455999999997,1680.1350013054907,15,0.7702978136199852,-140.0,2.696042347669948
535,0.0013742251180106,-3.661013043813704,4.1728487,4.0167208,4.148621493333334,13.879755452933388,1680.107001280412,15,4.1728487,4.0167208,-0.1561279000000004,1680.107001280412,15,0.7702276175656477,-141.0,2.695796661479767
536,0.0013747241229692,-3.660159644708559,4.1729274,4.0167208,4.148637306666667,13.87562989450944,1680.1310012945903,15,4.1729274,4.0167208,-0.1562065999999999,1680.1310012945903,15,0.7699987672215253,-142.0,2.6949956852753383
537,0.001423100357798,-3.668075396972793,4.1728487,4.0140824,4.148380033333334,13.916372657337352,1680.1630013482643,15,4.1728487,4.0140824,-0.1587662999999999,1680.1630013482643,15,0.7696179654702997,-143.0,2.693662879146049
538,0.0013734850977926,-3.660035363840779,4.1726518,4.0165634,4.1484194133333325,13.875115559138068,1680.1350016137585,15,4.1726518,4.0165634,-0.1560883999999998,1680.1350016137585,15,0.769328809907034,-144.0,2.692650834674619
539,0.0014235485984978,-3.667219594496532,4.1728487,4.0140433,4.148353793333333,13.912221085495553,1680.1390012986958,15,4.1728487,4.0140433,-0.1588054000000003,1680.1390012986958,15,0.7692850760401557,-145.0,2.692497766140545
540,0.0014013752924312,-3.664366360041021,4.1726122000000005,4.0150671,4.148298586666667,13.897339410267517,1680.123001546599,15,4.1726122000000005,4.0150671,-0.1575451000000001,1680.123001546599,15,0.7691032949760117,-146.0,2.691861532416041
541,0.0013522138207483,-3.655098310636363,4.1729274,4.0178232000000005,4.148605653333333,13.849893738369456,1680.1050013741478,15,4.1729274,4.0178232000000005,-0.1551041999999993,1680.1050013741478,15,0.7691156286297511,-147.0,2.691904700204129
542,0.0013543811909283,-3.658064701323793,4.1726122000000005,4.0175476,4.148463953333333,13.864970815954475,1680.095001286827,15,4.1726122000000005,4.0175476,-0.1550646000000002,1680.095001286827,15,0.7687781384222312,-148.0,2.690723484477809
543,0.0013552043607663,-3.6561261749256713,4.17277,4.0175085,4.148445626666666,13.85516595309942,1680.0910015264526,15,4.17277,4.0175085,-0.1552614999999999,1680.0910015264526,15,0.7684849401447019,-149.0,2.689697290506457
544,0.0013570592458678,-3.657461810201593,4.1727304,4.0174689,4.148508573333333,13.86184035200171,1680.1070013102144,15,4.1727304,4.0174689,-0.1552614999999999,1680.1070013102144,15,0.7683519030528042,-150.0,2.689231660684815
545,0.0013530086885749,-3.656537842045815,4.1725335,4.0175085,4.148343273333333,13.85701327263737,1680.097001538612,15,4.1725335,4.0175085,-0.1550250000000002,1680.097001538612,15,0.7680125914112494,-151.0,2.688044069939373
546,0.0014022984543666,-3.663958013570462,4.1724939,4.014870200000001,4.148141066666667,13.894973750727347,1680.12100129202,15,4.1724939,4.014870200000001,-0.1576236999999993,1680.12100129202,15,0.7679484310379083,-152.0,2.6878195086326793
547,0.0013818191462368,-3.6581752466296766,4.1724939,4.0158153,4.148051839999999,13.865326740512668,1680.1290016025305,15,4.1724939,4.0158153,-0.1566786000000002,1680.1290016025305,15,0.7676516330400164,-153.0,2.686780715640057
548,0.0013824440069525,-3.660159564357698,4.1723762,4.015697,4.14798366,13.875826213175085,1680.1310016084462,15,4.1723762,4.015697,-0.1566792000000001,1680.1310016084462,15,0.7674061230800083,-154.0,2.685921430780029
549,0.0014082708363997,-3.662191672730448,4.1724939,4.0144763,4.148012540000001,13.885677864599437,1680.1210012855008,15,4.1724939,4.0144763,-0.1580175999999999,1680.1210012855008,15,0.7672950641565143,-155.0,2.6855327245478
550,0.0013591668266209,-3.656420000455388,4.1724939,4.017036,4.148167366666667,13.856695255132395,1680.0950012728572,15,4.1724939,4.017036,-0.1554579,1680.0950012728572,15,0.7670907364227586,-156.0,2.684817577479655
551,0.0013594204135549,-3.654376599931032,4.1725731,4.0170751000000005,4.148198926666667,13.846497705612324,1680.0890015223997,15,4.1725731,4.0170751000000005,-0.1554979999999997,1680.0890015223997,15,0.7668372542227034,-157.0,2.683930389779462
552,0.0013830025366766,-3.6587369415186486,4.1726518,4.0158544,4.148154266666667,13.868989524961773,1680.117001269944,15,4.1726518,4.0158544,-0.1567973999999994,1680.117001269944,15,0.7667829726581491,-158.0,2.683740404303522
553,0.0014281771034798,-3.6643590697455535,4.1724548,4.0133343,4.147833986666666,13.897504412742231,1680.1390012679622,15,4.1724548,4.0133343,-0.1591204999999993,1680.1390012679622,15,0.7665078479294161,-159.0,2.682777467752956
554,0.0014303609596183,-3.6661547080671566,4.1722579,4.0130982,4.147718486666666,13.906453341984026,1680.1410012701526,15,4.1722579,4.0130982,-0.1591597,1680.1410012701526,15,0.7662691130634618,-160.0,2.681941895722116
555,0.0014328843919109,-3.6647053454717646,4.1724153,4.012980000000001,4.147705333333334,13.899739960190498,1680.1410015299916,15,4.1724153,4.012980000000001,-0.1594352999999992,1680.1410015299916,15,0.7659197403177698,-161.0,2.680719091112194
556,0.001386488142764,-3.660953832575807,4.1723366,4.0154214,4.147910053333333,13.880387528443848,1680.139001622796,15,4.1723366,4.0154214,-0.1569152000000002,1680.139001622796,15,0.765751155849648,-162.0,2.6801290454737683
557,0.001386770994668,-3.662080539771979,4.1722579,4.0154214,4.147933733333333,13.885420824254584,1680.1330016106367,15,4.1722579,4.0154214,-0.1568364999999998,1680.1330016106367,15,0.765605315878442,-163.0,2.679618605574547
558,0.0013890474438728,-3.6601107761666936,4.1722579,4.0152245,4.1478261000000005,13.875457229183986,1680.1130012953654,15,4.1722579,4.0152245,-0.1570333999999995,1680.1130012953654,15,0.765453912745536,-164.0,2.679088694609376
559,0.0013636006154283,-3.656111568008169,4.1721005,4.016445200000001,4.147786713333334,13.854748684664624,1680.0930014923215,15,4.1721005,4.016445200000001,-0.1556552999999993,1680.0930014923215,15,0.7652486213205286,-165.0,2.67837017462185
560,0.0013657226347469,-3.654268576251268,4.1721005,4.0162878,4.147713286666667,13.845350033259052,1680.0890015214682,15,4.1721005,4.0162878,-0.1558127000000002,1680.0890015214682,15,0.7650471116299674,-166.0,2.677664890704886
561,0.0013891247816549,-3.660189860558712,4.1721005,4.0149884,4.147595106666667,13.876314400092523,1680.0990013154224,15,4.1721005,4.0149884,-0.1571120999999999,1680.0990013154224,15,0.7647346187484886,-167.0,2.67657116561971
562,0.0013612387804555,-3.655399942130069,4.1719823,4.016445200000001,4.147665953333333,13.851150515415007,1680.0990015417335,15,4.1719823,4.016445200000001,-0.1555370999999992,1680.0990015417335,15,0.7644709227632452,-168.0,2.675648229671358
563,0.0013926376149055,-3.65947511839007,4.1721792,4.014830600000001,4.147597646666667,13.87261602830788,1680.1350013287738,15,4.1721792,4.014830600000001,-0.1573485999999997,1680.1350013287738,15,0.764301320339704,-169.0,2.675054621188964
564,0.001416008630122,-3.661823390004599,4.172061,4.013492100000001,4.147392973333333,13.885139924113112,1680.139001622796,15,4.172061,4.013492100000001,-0.1585688999999996,1680.139001622796,15,0.7641317678320697,-170.0,2.674461187412244
565,0.0013926053654023,-3.657079139674778,4.1720219,4.0147123,4.147453366666666,13.85997066609584,1680.121001378633,15,4.1720219,4.0147123,-0.1573095999999996,1680.121001378633,15,0.7640559034848163,-171.0,2.674195662196857
566,0.0013898007654874,-3.6577392965906057,4.1721792,4.0149488,4.14756358,13.863954348366567,1680.089001536369,15,4.1721792,4.0149488,-0.1572304000000004,1680.089001536369,15,0.7640098269601003,-172.0,2.6740343943603513
567,0.001364096683492,-3.652947652671518,4.1718249,4.0160909,4.147424473333333,13.838188861155755,1680.111001455225,15,4.1718249,4.0160909,-0.1557339999999998,1680.111001455225,15,0.7636119336798954,-173.0,2.672641767879634
568,0.0013932372335409,-3.654301736616571,4.1721792,4.0147519,4.1474953333333335,13.84576254547521,1680.1290016043931,15,4.1721792,4.0147519,-0.1574273000000001,1680.1290016043931,15,0.7635805126969789,-174.0,2.672531794439426
569,0.0014154303269225,-3.664087353302443,4.171942700000001,4.013413,4.14730896,13.89655210699862,1680.12700160034,15,4.171942700000001,4.013413,-0.1585297000000007,1680.12700160034,15,0.7633577325335213,-175.0,2.671752063867325
570,0.0014418923954485,-3.667530210992328,4.1720219,4.0121531,4.14733,13.914276144522148,1680.1530014947057,15,4.1720219,4.0121531,-0.1598687999999999,1680.1530014947057,15,0.7631277282080468,-176.0,2.6709470487281637
571,0.0013946120715692,-3.65977785545989,4.1717458,4.014397600000001,4.147261726666667,13.874097111339506,1680.159001420252,15,4.1717458,4.014397600000001,-0.1573481999999995,1680.159001420252,15,0.7628296359332377,-177.0,2.669903725766332
572,0.0014183515439885,-3.6585195604983727,4.172061,4.0133343,4.1473116,13.86753508521075,1680.1250015953556,15,4.172061,4.0133343,-0.1587266999999999,1680.1250015953556,15,0.7627761669731595,-178.0,2.6697165844060584
573,0.001417146375084,-3.65780978665912,4.1719823,4.013216000000001,4.147130446666667,13.864730702899225,1680.1190012954175,15,4.1719823,4.013216000000001,-0.158766299999999,1680.1190012954175,15,0.7625418316176834,-179.0,2.668896410661892
574,0.0013954837041514,-3.6566631008653663,4.1717067000000005,4.014200700000001,4.1470753,13.858236785554098,1680.109001561068,15,4.1717067000000005,4.014200700000001,-0.1575059999999997,1680.109001561068,15,0.7621185852193779,-180.0,2.6674150482678227
575,0.0013959982533797,-3.656506237380254,4.171864,4.0142794,4.14717766,13.85793488830301,1680.1230013566092,15,4.171864,4.0142794,-0.1575845999999998,1680.1230013566092,15,0.7620203018289623,-181.0,2.667071056401368
576,0.0013727194068506,-3.6541964303994217,4.1715884,4.015342700000001,4.147104173333333,13.845328094954397,1680.0930015295744,15,4.1715884,4.015342700000001,-0.1562456999999995,1680.0930015295744,15,0.7617796352018609,-182.0,2.666228723206513
577,0.0013712227941892,-3.649500545854463,4.171864,4.015500100000001,4.147143526666666,13.821584816687944,1680.09700129088,15,4.171864,4.015500100000001,-0.1563638999999996,1680.09700129088,15,0.761527259688236,-183.0,2.6653454089088258
578,0.0013711198392583,-3.653179279153338,4.1717854,4.0155396,4.147214446666666,13.8402969807028,1680.1050014635548,15,4.1717854,4.0155396,-0.1562457999999997,1680.1050014635548,15,0.7615269950985489,-184.0,2.665344482844921
579,0.001373361041312,-3.651085961858719,4.1716671000000005,4.0151849,4.146946706666666,13.829735988317282,1680.1010012729091,15,4.1716671000000005,4.0151849,-0.1564822000000001,1680.1010012729091,15,0.7611716856317045,-185.0,2.6641008997109656
580,0.0013733666407663,-3.650551648874346,4.171628,4.015264,4.147020273333333,13.826613728213516,1680.1050015147775,15,4.171628,4.015264,-0.1563639999999999,1680.1050015147775,15,0.7608945750761489,-186.0,2.663131012766521
581,0.0013763680543937,-3.6506012708773423,4.1717067000000005,4.015106200000001,4.147007066666666,13.827027229793703,1680.079001369886,15,4.1717067000000005,4.015106200000001,-0.1566004999999997,1680.079001369886,15,0.7607324297334597,-187.0,2.662563504067109
582,0.001372498779778,-3.654288658222893,4.1715097000000005,4.015264,4.147014966666666,13.845233154714483,1680.0790015161035,15,4.1715097000000005,4.015264,-0.1562457000000003,1680.0790015161035,15,0.7606252043579875,-188.0,2.6621882152529563
583,0.0013993180965968,-3.656456117411506,4.1714311,4.0138068,4.14686016,13.856080751947404,1680.085001476109,15,4.1714311,4.0138068,-0.1576243000000001,1680.085001476109,15,0.7603779392619198,-189.0,2.661322787416719
584,0.0013735687732726,-3.651473678441281,4.171470200000001,4.0150671,4.146841746666667,13.831031280334958,1680.0830014050007,15,4.171470200000001,4.0150671,-0.1564031000000003,1680.0830014050007,15,0.7601377560708095,-190.0,2.660482146247833
585,0.001401004719534,-3.6594704826942617,4.1713128,4.013492100000001,4.146657953333333,13.872992116790272,1680.0990015547725,15,4.1713128,4.013492100000001,-0.1578206999999993,1680.0990015547725,15,0.7599474943886021,-191.0,2.659816230360107
586,0.0014026918343795,-3.655556051544581,4.1712737,4.0133343,4.146539833333334,13.852100046032731,1680.1130012674255,15,4.1712737,4.0133343,-0.1579394,1680.1130012674255,15,0.75966035225582,-192.0,2.6588112328953697
587,0.0014030630213637,-3.657174361594004,4.1711159,4.013216000000001,4.146455733333334,13.860605913308238,1680.1062031686306,15,4.1711159,4.013216000000001,-0.1578998999999994,1680.1062031686306,15,0.7594059086137467,-193.0,2.6579206801481132
588,0.0013748429714171,-3.652296263221049,4.1713524,4.0147915,4.1466369,13.836267492307254,1680.1042031496763,15,4.1713524,4.0147915,-0.1565608999999996,1680.1042031496763,15,0.7592602266010582,-194.0,2.6574107931037037
589,0.0013745902441178,-3.651269069390454,4.1712341,4.0147519,4.146573893333334,13.830242688457536,1680.114203184843,15,4.1712341,4.0147519,-0.1564822000000001,1680.114203184843,15,0.7590814435172915,-195.0,2.65678505231052
590,0.001403104668508,-3.653782734058635,4.1713128,4.0133343,4.146542433333333,13.84353332411736,1680.1222032010555,15,4.1713128,4.0133343,-0.1579784999999995,1680.1222032010555,15,0.7590112422573708,-196.0,2.656539347900798
591,0.0013770695892254,-3.651619174764378,4.1713128,4.0146337,4.14657914,13.832843587604096,1680.1042031347752,15,4.1713128,4.0146337,-0.1566790999999998,1680.1042031347752,15,0.7589253129599915,-197.0,2.6562385953599703
592,0.0013761040681445,-3.6502106468863023,4.1713915,4.0147123,4.1465974800000005,13.825623872633027,1680.0822031199932,15,4.1713915,4.0147123,-0.1566792000000001,1680.0822031199932,15,0.758854885522384,-198.0,2.655992099328344
593,0.0013502248530212,-3.645703420574258,4.171194600000001,4.0160513,4.146644753333335,13.80164183167928,1680.0722030997276,15,4.171194600000001,4.0160513,-0.1551433000000006,1680.0722030997276,15,0.7586533721876938,-199.0,2.6552868026569283
594,0.0013801670881106,-3.651984411780317,4.1712737,4.0144367,4.146534506666666,13.83495587042269,1680.094202928245,15,4.1712737,4.0144367,-0.1568370000000003,1680.094202928245,15,0.7584466058568955,-200.0,2.6545631204991342
595,0.0014034622364212,-3.6559960728443808,4.1712737,4.013255600000001,4.146503046666668,13.854987543223023,1680.096203133464,15,4.1712737,4.013255600000001,-0.1580180999999996,1680.096203133464,15,0.7583347552174394,-201.0,2.654171643261038
596,0.0014035634192735,-3.65710503346669,4.1711555,4.0131769,4.146440026666666,13.860504710820257,1680.128203175962,15,4.1711555,4.0131769,-0.1579785999999998,1680.128203175962,15,0.7581215482997726,-202.0,2.653425419049204
597,0.0014313874856669,-3.6591626643544313,4.171037200000001,4.011405,4.146004286666667,13.871701408210832,1680.118202932179,15,4.171037200000001,4.011405,-0.1596322000000007,1680.118202932179,15,0.7576324294023591,-203.0,2.651713502908257
598,0.0014067028501406,-3.6540454110328353,4.171194600000001,4.0129013,4.146282526666668,13.84478225989011,1680.1062029432503,15,4.171194600000001,4.0129013,-0.1582933000000004,1680.1062029432503,15,0.7575999915230506,-204.0,2.651599970330677
599,0.0014091426115045,-3.654794169092318,4.1709585,4.0126257,4.146130320000001,13.848743291678602,1680.1202031970024,15,4.1709585,4.0126257,-0.1583328000000001,1680.1202031970024,15,0.7571861530103317,-205.0,2.650151535536161
600,0.0014070655511245,-3.654494245732159,4.1709585,4.0127831,4.1461853799999995,13.846599541295047,1680.126202909276,15,4.1709585,4.0127831,-0.1581754000000002,1680.126202909276,15,0.7570495319497932,-206.0,2.6496733618242763
601,0.0014309020237611,-3.6597487840079177,4.1709189,4.0114441,4.146025239999999,13.873827743036898,1680.136203229427,15,4.1709189,4.0114441,-0.1594747999999999,1680.136203229427,15,0.7568213520164072,-207.0,2.648874732057425
602,0.0014097756672326,-3.655350987679959,4.1709981,4.0126648000000005,4.146203853333334,13.850810091091615,1680.1082031726835,15,4.1709981,4.0126648000000005,-0.1583332999999998,1680.1082031726835,15,0.756819292973168,-208.0,2.648867525406088
603,0.0014099470062149,-3.655240292460851,4.1709189,4.0125470000000005,4.146093593333332,13.85061941553522,1680.1102031320331,15,4.1709189,4.0125470000000005,-0.1583718999999996,1680.1102031320331,15,0.7565851704141092,-209.0,2.6480480964493824
604,0.0014090277878635,-3.6542981634854343,4.1708798,4.0125470000000005,4.1460410733333335,13.846119155161698,1680.1042031645777,15,4.1708798,4.0125470000000005,-0.1583327999999992,1680.1042031645777,15,0.7564065456895236,-210.0,2.6474229099133324
605,0.0013857230000654,-3.64813308854362,4.1708012000000005,4.0136886,4.146012160000001,13.81425718508465,1680.0982029363513,15,4.1708012000000005,4.0136886,-0.1571126000000005,1680.0982029363513,15,0.7561516917531625,-211.0,2.646530921136069
606,0.0013852211591335,-3.648372873885944,4.1708798,4.0136886,4.145991126666667,13.815896608086067,1680.0922031402588,15,4.1708798,4.0136886,-0.1571911999999997,1680.0922031402588,15,0.7559544553359449,-212.0,2.645840593675807
607,0.0013888519058055,-3.649754580981334,4.1707616000000005,4.013492100000001,4.145980713333333,13.822247950490446,1680.0822029411793,15,4.1707616000000005,4.013492100000001,-0.1572694999999999,1680.0822029411793,15,0.7557966990420782,-213.0,2.6452884466472737
608,0.0013866713056826,-3.649406430417167,4.1706433,4.0134525000000005,4.145833653333333,13.82053595359837,1680.0762030929327,15,4.1706433,4.0134525000000005,-0.1571907999999995,1680.0762030929327,15,0.7555190709186269,-214.0,2.644316748215194
609,0.001385832177582,-3.65065912044867,4.1706433,4.013492100000001,4.1458468066666665,13.827704757867746,1680.096203148365,15,4.1706433,4.013492100000001,-0.1571511999999995,1680.096203148365,15,0.7553840098117013,-215.0,2.6438440343409546
610,0.0013888892338196,-3.6476104668020537,4.1706829,4.013295200000001,4.145765440000001,13.812165555500574,1680.096203148365,15,4.1706829,4.013295200000001,-0.1573876999999992,1680.096203148365,15,0.7551956212275621,-216.0,2.6431846742964673
611,0.001389337288742,-3.6483674229471106,4.1706829,4.013216000000001,4.145715506666667,13.816274525449888,1680.104202888906,15,4.1706829,4.013216000000001,-0.1574668999999993,1680.104202888906,15,0.7549899009010731,-217.0,2.642464653153756
612,0.0014140300349397,-3.6541529591995574,4.170564700000001,4.0118775,4.14560786,13.84605569799539,1680.096203148365,15,4.170564700000001,4.0118775,-0.158687200000001,1680.096203148365,15,0.7548392741987543,-218.0,2.64193745969564
613,0.0014140895343706,-3.6512987210307153,4.1706042000000005,4.011838,4.145542306666667,13.83137981380624,1680.084202967584,15,4.1706042000000005,4.011838,-0.1587662000000005,1680.084202967584,15,0.7545404716168699,-219.0,2.6408916506590447
614,0.0013877085509988,-3.6481866318447698,4.1706042000000005,4.013216000000001,4.14563678,13.81587230709822,1680.0922031421214,15,4.1706042000000005,4.013216000000001,-0.1573881999999997,1680.0922031421214,15,0.7543888754652615,-220.0,2.640361064128415
615,0.0013863213503568,-3.646548250394596,4.170486,4.0131769,4.145513439999999,13.80635566171993,1680.098203152418,15,4.170486,4.0131769,-0.1573090999999999,1680.098203152418,15,0.7541361335101986,-221.0,2.639476467285695
616,0.0013891271559969,-3.648090304897937,4.170486,4.0130587,4.145544953333333,13.81452955817602,1680.1142031550407,15,4.170486,4.0130587,-0.1574273000000001,1680.1142031550407,15,0.7540267837655402,-222.0,2.639093743179391
617,0.0014128531138578,-3.653002496637532,4.1704073,4.0117989000000005,4.1454608933333335,13.839423787644815,1680.114203169942,15,4.1704073,4.0117989000000005,-0.1586083999999994,1680.114203169942,15,0.7539886954724311,-223.0,2.6389604341535087
618,0.0014149228605397,-3.65175349271343,4.1703286,4.011641,4.14538734,13.832388339639472,1680.112203091383,15,4.1703286,4.011641,-0.1586876000000003,1680.112203091383,15,0.7537536966521351,-224.0,2.638137938282473
619,0.0013897894801069,-3.651198774488899,4.1703286,4.012980000000001,4.145529186666666,13.830623593674217,1680.0862031206489,15,4.1703286,4.012980000000001,-0.1573485999999997,1680.0862031206489,15,0.7536276245229188,-225.0,2.637696685830216
620,0.0013902296660983,-3.649146603831849,4.1704464,4.012940400000001,4.145489686666667,13.81990433811736,1680.1042031645777,15,4.1704464,4.012940400000001,-0.1575059999999997,1680.1042031645777,15,0.7534332791878258,-226.0,2.63701647715739
621,0.0013918440258112,-3.6485900218756786,4.1702499,4.0128226,4.145442513333333,13.816478004332936,1680.098202943802,15,4.1702499,4.0128226,-0.1574273000000001,1680.098202943802,15,0.7532858917531623,-227.0,2.636500621136068
622,0.0013927946561011,-3.64748549934998,4.1701708,4.0126257,4.145279759999999,13.810794197061902,1680.0882031321526,15,4.1701708,4.0126257,-0.1575451000000001,1680.0882031321526,15,0.752981416270888,-228.0,2.635434956948108
623,0.0013928957988469,-3.64504321451717,4.1703677,4.0126257,4.145261386666666,13.799202137427445,1680.0802029576153,15,4.1703677,4.0126257,-0.1577419999999998,1680.0802029576153,15,0.7527930473330937,-229.0,2.634775665665828
626,0.0013943965072341,-3.646948310449112,4.170131700000001,4.0125074,4.145232553333333,13.808166183785552,1680.0862031262368,15,4.170131700000001,4.0125074,-0.157624300000001,1680.0862031262368,15,0.7523121115459522,-232.0,2.633092390410833
628,0.0013938434506374,-3.650181407362441,4.1700134,4.012350100000001,4.14508288,13.825841589522444,1680.0762029420584,15,4.1700134,4.012350100000001,-0.1576632999999994,1680.0762029420584,15,0.7519729668908114,-234.0,2.63190538411784
629,0.0013949618385735,-3.649165225242015,4.1700134,4.0122714,4.145046093333334,13.8198692681223,1680.0902030617,15,4.1700134,4.0122714,-0.1577419999999998,1680.0902030617,15,0.7517565287052789,-235.0,2.631147850468476
634,0.001399844064148,-3.647480840503976,4.1700134,4.0119958,4.144985766666667,13.811257479711866,1680.090203119442,15,4.1700134,4.0119958,-0.1580175999999999,1680.090203119442,15,0.7509165158178703,-240.0,2.628207805362546
635,0.0014473577877042,-3.6557372725404864,4.1700134,4.0094757,4.1447889,13.854121838329965,1680.094203127548,15,4.1700134,4.0094757,-0.1605376999999999,1680.094203127548,15,0.7507179301953514,-241.0,2.6275127556837297
