cycle_number,relax_var,relax_ske,relax_max,relax_min,relax_mean,relax_kur,relax_duration_s,relax_points,relax_start_voltage,relax_end_voltage,relax_voltage_delta,window_s,window_points,SOH,RUL,discharge_capacity_in_Ah
2,0.000537490735248,-3.5522206262530336,4.1852942,4.0857811,4.167602133333333,13.337909174153124,1680.076079799317,15,4.1852942,4.0857811,-0.0995131000000002,1680.076079799317,15,0.9494373559855908,367.0,3.323030745949568
3,0.0005788366345098,-3.5400559308840096,4.1844673,4.0810161,4.165848353333333,13.278651026106498,1680.0780844935216,15,4.1844673,4.0810161,-0.1034511999999994,1680.0780844935216,15,0.9488768915716072,366.0,3.321069120500625
4,0.0005769448522006,-3.5415732361218555,4.1846642,4.0813308,4.166034726666667,13.286890447124703,1680.074084493317,15,4.1846642,4.0813308,-0.1033334000000003,1680.074084493317,15,0.9437369122737244,365.0,3.3030791929580356
5,0.0005746187787559,-3.548100020338329,4.1845064,4.0815277000000005,4.166102920000001,13.319414587833336,1680.0720844932948,15,4.1845064,4.0815277000000005,-0.1029786999999995,1680.0720844932948,15,0.9423514802719648,364.0,3.298230180951877
6,0.0005746878164549,-3.544369559379479,4.1844277000000005,4.0815277000000005,4.166082006666667,13.298679245282752,1680.0760844931938,15,4.1844277000000005,4.0815277000000005,-0.1028999999999999,1680.0760844931938,15,0.9416686784643944,363.0,3.2958403746253806
7,0.0005718489006331,-3.550507424612908,4.1845064,4.0818033,4.16618958,13.331045640736484,1680.0761752455146,15,4.1845064,4.0818033,-0.1027031000000002,1680.0761752455146,15,0.9405715528396658,362.0,3.29200043493883
8,0.0005706165922169,-3.544629996887718,4.1844673,4.0817642,4.166021653333334,13.301733784457156,1680.078175245828,15,4.1844673,4.0817642,-0.1027030999999993,1680.078175245828,15,0.9393904285626712,361.0,3.2878664999693488
9,0.0005706340105498,-3.535927466397726,4.1841521,4.0813704,4.165575286666667,13.260578718929215,1680.0761752453982,15,4.1841521,4.0813704,-0.1027817000000004,1680.0761752453982,15,0.9384732548074388,360.0,3.284656391826036
10,0.000565845080916,-3.539072458337799,4.1841917,4.0818429,4.1657117800000005,13.274124119771482,1680.0681752445817,15,4.1841917,4.0818429,-0.1023488000000005,1680.0681752445817,15,0.9375069455268789,359.0,3.281274309344076
11,0.0005644532693014,-3.539241467630831,4.1843886,4.0821185,4.1658877,13.277567728185822,1680.0701752448804,15,4.1843886,4.0821185,-0.1022701000000001,1680.0701752448804,15,0.9366608063133982,358.0,3.278312822096894
12,0.0005651358709355,-3.542754677449776,4.1841917,4.0818825,4.165724986666667,13.295228623127391,1680.074175245623,15,4.1841917,4.0818825,-0.1023092000000005,1680.074175245623,15,0.9358544863197932,357.0,3.275490702119276
13,0.0005671457064155,-3.5409285168229068,4.1841521,4.081646,4.1656251866666665,13.285629713905884,1680.0701752448804,15,4.1841521,4.081646,-0.1025061000000002,1680.0701752448804,15,0.9349009111184748,356.0,3.2721531889146616
14,0.0005662895194426,-3.546333613788082,4.1843095,4.0819612,4.165911353333334,13.312208498075076,1680.0761752454855,15,4.1843095,4.0819612,-0.1023483,1680.0761752454855,15,0.9338332634710208,355.0,3.268416422148573
15,0.0005671092950006,-3.5388327737270413,4.1841917,4.081646,4.165609426666666,13.27555109235302,1680.0781752457842,15,4.1841917,4.081646,-0.1025457000000003,1680.0781752457842,15,0.9326711792994324,354.0,3.2643491275480137
16,0.0005679139203492,-3.545242594435059,4.1842704,4.0817642,4.1658273066666665,13.306385880366154,1680.084175246011,15,4.1842704,4.0817642,-0.1025061999999996,1680.084175246011,15,0.93153495032804,353.0,3.2603723261481403
17,0.0005674697166226,-3.537739196432635,4.1841917,4.081685500000001,4.165667213333333,13.268630488966526,1680.0861752460478,15,4.1841917,4.081685500000001,-0.1025061999999996,1680.0861752460478,15,0.9302911803545078,352.0,3.256019131240777
18,0.000569174516652,-3.5332874692333247,4.1841125,4.0813704,4.165449306666666,13.24625901716379,1680.0761752454564,15,4.1841125,4.0813704,-0.1027421000000003,1680.0761752454564,15,0.9289682009735012,351.0,3.251388703407254
19,0.0005663846947488,-3.5310656546344825,4.1839948,4.0815673,4.16542568,13.235094271928244,1680.0761752453982,15,4.1839948,4.0815673,-0.1024275000000001,1680.0761752453982,15,0.9276273561508708,350.0,3.246695746528048
20,0.000572965070384,-3.526418651477142,4.1841521,4.0809765,4.165291746666666,13.213317532665346,1680.0841752467677,15,4.1841521,4.0809765,-0.1031756000000001,1680.0841752467677,15,0.9263159036965212,349.0,3.2421056629378247
21,0.0005726478150845,-3.5267699828561816,4.1839948,4.080858200000001,4.16515262,13.215336324700507,1680.0881752466669,15,4.1839948,4.080858200000001,-0.1031365999999991,1680.0881752466669,15,0.9249698291291936,348.0,3.2373944019521774
22,0.0005750042763097,-3.5166959749484055,4.1839948,4.0805435,4.16494516,13.164510618642057,1680.0941752474173,15,4.1839948,4.0805435,-0.1034512999999996,1680.0941752474173,15,0.9234835851485768,347.0,3.232192548020019
23,0.0005754872997192,-3.5141410767715366,4.1839948,4.0805039,4.164924206666666,13.151557104730829,1680.088175247016,15,4.1839948,4.0805039,-0.1034908999999997,1680.088175247016,15,0.9220039751060652,346.0,3.2270139128712283
24,0.0005783889496274,-3.505897918855084,4.1839161,4.0800314,4.16461182,13.11191662772536,1680.086175246397,15,4.1839161,4.0800314,-0.1038847,1680.086175246397,15,0.9204180470639968,345.0,3.221463164723988
25,0.0005802749187997,-3.5036198094975592,4.1837583,4.079874,4.16457244,13.09540353222377,1680.086175246397,15,4.1837583,4.079874,-0.1038842999999998,1680.086175246397,15,0.9189303390327764,344.0,3.216256186614718
27,0.0005875683781898,-3.4994320004238,4.1839948,4.0795193,4.1647193866666665,13.073059356824118,1680.0981752481312,15,4.1839948,4.0795193,-0.1044754999999995,1680.0981752481312,15,0.9167472227647184,342.0,3.208615279676514
28,0.0005902537750649,-3.488754201083159,4.1838369,4.0790076,4.164333506666666,13.02182457275254,1680.084175246302,15,4.1838369,4.0790076,-0.1048293000000004,1680.084175246302,15,0.9149723746763002,341.0,3.2024033113670507
29,0.0005870791088238,-3.4874005336595206,4.183955200000001,4.0793228,4.164409666666668,13.014902984353288,1680.0821752463817,15,4.183955200000001,4.0793228,-0.1046324000000007,1680.0821752463817,15,0.9136048160437988,340.0,3.197616856153296
30,0.0005891519746726,-3.4811888116585568,4.1837583,4.0788894,4.164084086666667,12.982864994513466,1680.0721752456157,15,4.1837583,4.0788894,-0.1048688999999996,1680.0721752456157,15,0.9120941961134356,339.0,3.192329686397025
31,0.0005897304004312,-3.485396278899654,4.1836400000000005,4.0788503,4.164113013333333,13.001989442884623,1680.0741752459437,15,4.1836400000000005,4.0788503,-0.1047897000000004,1680.0741752459437,15,0.910826569107646,338.0,3.187892991876761
32,0.000597746638294,-3.4786799122608234,4.1837583,4.0782595,4.164052553333333,12.966128865953571,1680.080175246112,15,4.1837583,4.0782595,-0.1054988000000003,1680.080175246112,15,0.9092427278889976,337.0,3.182349547611492
33,0.0005947544174985,-3.4788447363376434,4.1836009,4.078456399999999,4.164034200000001,12.965460258261896,1680.0601752435905,15,4.1836009,4.078456399999999,-0.1051445000000006,1680.0601752435905,15,0.908231497476632,336.0,3.178810241168212
34,0.0005963035840698,-3.4775418228112303,4.1837192000000005,4.078416799999999,4.164097253333333,12.958982423960972,1680.064175242558,15,4.1837192000000005,4.078416799999999,-0.1053024000000011,1680.064175242558,15,0.9071198976779132,335.0,3.174919641872696
35,0.0005970689890198,-3.4782040964055425,4.1837978,4.0783772,4.164118213333333,12.963572482906711,1680.0641752444208,15,4.1837978,4.0783772,-0.1054205999999995,1680.0641752444208,15,0.9060186874881808,334.0,3.171065406208633
36,0.0006012061117409,-3.481123937925321,4.1836796000000005,4.0779443,4.164000133333333,12.97677231887537,1680.0681752450764,15,4.1836796000000005,4.0779443,-0.1057353,1680.0681752450764,15,0.9048201553297834,333.0,3.166870543654242
37,0.0006034373165706,-3.486321818027719,4.1838369,4.0779443,4.164194393333333,13.00257639951186,1680.0641752444208,15,4.1838369,4.0779443,-0.1058925999999997,1680.0641752444208,15,0.9037953744661452,332.0,3.163283810631508
38,0.000601453112548,-3.475584508581316,4.1836400000000005,4.077826,4.163860966666667,12.947874392756574,1680.064175244188,15,4.1836400000000005,4.077826,-0.1058140000000005,1680.064175244188,15,0.9026875043382622,331.0,3.1594062651839177
39,0.0006021135908585,-3.4794769795081524,4.1837978,4.0779443,4.164055200000001,12.96978851858561,1680.06817524496,15,4.1837978,4.0779443,-0.1058534999999993,1680.06817524496,15,0.9017209770164856,330.0,3.156023419557699
40,0.0006084126220974,-3.485089481418277,4.1836009,4.0772352,4.163832019999999,12.996716810204124,1680.070175243658,15,4.1836009,4.0772352,-0.1063657000000004,1680.070175243658,15,0.900644596327582,329.0,3.152256087146537
41,0.0006041395473998,-3.4757337913017134,4.1836400000000005,4.0775504,4.163782146666667,12.952343273615938,1680.0701752452878,15,4.1836400000000005,4.0775504,-0.1060896000000006,1680.0701752452878,15,0.8996723222418689,328.0,3.1488531278465413
42,0.0006110900300612,-3.4849887993458464,4.1835613,4.0770388,4.163824213333333,12.99500589631764,1680.080175246112,15,4.1835613,4.0770388,-0.1065224999999996,1680.080175246112,15,0.8986495911739294,327.0,3.145273569108753
43,0.0006102537808895,-3.485161377002068,4.1836796000000005,4.0771565,4.163884533333333,12.996836254265435,1680.080175246112,15,4.1836796000000005,4.0771565,-0.1065231000000004,1680.080175246112,15,0.8977351526248997,326.0,3.142073034187149
44,0.0006111350718938,-3.4886176075983704,4.1834826000000005,4.0770388,4.163850466666667,13.011570815195984,1680.076175246155,15,4.1834826000000005,4.0770388,-0.1064438,1680.076175246155,15,0.8967923579799503,325.0,3.138773252929826
45,0.0006117490114555,-3.4811427181993206,4.1834435,4.076683999999999,4.163493346666667,12.979135994572516,1680.0801752459956,15,4.1834435,4.076683999999999,-0.1067595000000007,1680.0801752459956,15,0.8957480292332426,324.0,3.135118102316349
46,0.0006157795096806,-3.49419955474173,4.1836400000000005,4.076683999999999,4.163866173333334,13.043081918230255,1680.0781752464827,15,4.1836400000000005,4.076683999999999,-0.1069560000000011,1680.0781752464827,15,0.8950373448544846,323.0,3.132630706990696
47,0.0006086534780825,-3.4921736044679745,4.1834435,4.0771565,4.16381896,13.032710617469558,1680.0721752446843,15,4.1834435,4.0771565,-0.106287,1680.0721752446843,15,0.8941386619296026,322.0,3.129485316753609
48,0.0006146781723626,-3.4925551176232164,4.1836009,4.0767627,4.163855713333334,13.034751936333308,1680.078175246832,15,4.1836009,4.0767627,-0.1068382000000003,1680.078175246832,15,0.8933534580334275,321.0,3.126737103116996
49,0.0006160554921455,-3.492958697448159,4.1833644,4.0764084,4.163601046666666,13.036136487217586,1680.0761752463875,15,4.1833644,4.0764084,-0.1069560000000002,1680.0761752463875,15,0.8923917975510366,320.0,3.123371291428628
50,0.0006173918745292,-3.491189806303525,4.183285700000001,4.0762901,4.163564273333333,13.026246540409268,1680.08217524644,15,4.183285700000001,4.0762901,-0.1069956000000011,1680.08217524644,15,0.8915766025253828,319.0,3.12051810883884
51,0.0006113870543774,-3.4869344898572256,4.1833644,4.076683999999999,4.163506480000001,13.007708288467892,1680.0701752454042,15,4.1833644,4.076683999999999,-0.106680400000001,1680.0701752454042,15,0.8907408101341225,318.0,3.117592835469429
53,0.0006170034603955,-3.5044472931340382,4.183285700000001,4.076211499999999,4.163553786666667,13.0984072996897,1680.0741752440808,15,4.183285700000001,4.076211499999999,-0.1070742000000013,1680.0741752440808,15,0.8899175557989214,316.0,3.114711445296225
54,0.0006148959945521,-3.4855179531872293,4.1832466,4.0763693,4.163430373333333,12.99988134313906,1680.0761752455728,15,4.1832466,4.0763693,-0.1068773000000007,1680.0761752455728,15,0.8887651789907308,315.0,3.110678126467558
55,0.0006175943990783,-3.483933894396879,4.1834826000000005,4.0761328,4.163377853333333,12.996142042927945,1680.0721752438694,15,4.1834826000000005,4.0761328,-0.1073498000000006,1680.0721752438694,15,0.88784257970521,314.0,3.107449028968235
56,0.0006182114648806,-3.4885439188916516,4.183285700000001,4.076014499999999,4.163330606666666,13.015225493185063,1680.072175245732,15,4.183285700000001,4.076014499999999,-0.1072712000000013,1680.072175245732,15,0.8870205833265129,313.0,3.104572041642795
57,0.0006250725629988,-3.4896691975091807,4.1833644,4.0755816,4.16338842,13.020561864723984,1680.0781752459006,15,4.1833644,4.0755816,-0.1077828000000007,1680.0781752459006,15,0.8864119808049283,312.0,3.102441932817249
58,0.0006271869690611,-3.488661541551392,4.1833644,4.075345,4.16329386,13.016171547834327,1680.0801752451807,15,4.1833644,4.075345,-0.1080193999999998,1680.0801752451807,15,0.885469547092905,311.0,3.099143414825168
59,0.0006281365571711,-3.4906256180119364,4.1834435,4.0753059,4.163335860000001,13.027105778676033,1680.0761752454564,15,4.1834435,4.0753059,-0.1081376,1680.0761752454564,15,0.8848066526137764,310.0,3.0968232841482175
60,0.0006291737640755,-3.4906158750874035,4.183285700000001,4.075266399999999,4.163364753333334,13.022709741977447,1680.0701752448222,15,4.183285700000001,4.075266399999999,-0.1080193000000013,1680.0701752448222,15,0.8840510517409542,309.0,3.09417868109334
61,0.000631071519982,-3.4871110482157435,4.183207,4.0749907,4.1631993933333336,13.006754200095669,1680.0821752472548,15,4.183207,4.0749907,-0.1082163000000004,1680.0821752472548,15,0.8833092680927968,308.0,3.0915824383247887
62,0.0006335263044795,-3.48615947304885,4.183167500000001,4.0745969,4.162970966666667,13.002738867469422,1680.0821752472548,15,4.183167500000001,4.0745969,-0.1085706000000001,1680.0821752472548,15,0.8825157977164715,307.0,3.0888052920076503
63,0.0006277844133031,-3.48169114869468,4.183285700000001,4.075266399999999,4.16320722,12.979136963584349,1680.0801752457628,15,4.183285700000001,4.075266399999999,-0.1080193000000013,1680.0801752457628,15,0.8820676266764716,306.0,3.0872366933676507
64,0.0006347867241335,-3.486133794053984,4.1832466,4.0746365,4.163097006666667,13.001322453210516,1680.086175247212,15,4.1832466,4.0746365,-0.1086100999999999,1680.086175247212,15,0.8813354371603335,305.0,3.084674030061167
65,0.000635343250644,-3.483843402229016,4.1832466,4.0745578,4.1630418533333335,12.990436609984505,1680.0821752459742,15,4.1832466,4.0745578,-0.1086888000000003,1680.0821752459742,15,0.8806941960208566,304.0,3.0824296860729983
66,0.0006384650103492,-3.484585925491825,4.1828918,4.0739274,4.162634873333333,12.995305568462122,1680.0841752459528,15,4.1828918,4.0739274,-0.1089644000000005,1680.0841752459528,15,0.8798811119520018,303.0,3.0795838918320064
67,0.0006389935503431,-3.482465193070081,4.183167500000001,4.074163899999999,4.16289222,12.983573821369207,1680.0801752457628,15,4.183167500000001,4.074163899999999,-0.1090036000000012,1680.0801752457628,15,0.879376442418658,302.0,3.077817548465303
68,0.0006403411756095,-3.4791711338914393,4.1831284,4.073967,4.162766133333333,12.967183958182504,1680.074200278963,15,4.1831284,4.073967,-0.1091614000000005,1680.074200278963,15,0.8787132946673099,301.0,3.0754965313355846
69,0.0006389371816482,-3.4833932401119636,4.182813200000001,4.0738487,4.162579760000001,12.988382044366354,1680.082200282137,15,4.182813200000001,4.0738487,-0.1089645000000008,1680.082200282137,15,0.8780871810373648,300.0,3.073305133630777
70,0.0006417598388306,-3.4768760010137982,4.183049700000001,4.0736914,4.162574573333333,12.957371490621313,1680.0822002806235,15,4.183049700000001,4.0736914,-0.1093583000000002,1680.0822002806235,15,0.8774139306691782,299.0,3.0709487573421237
71,0.0006428864967254,-3.4848767057372867,4.182970500000001,4.0736914,4.16270584,12.995014366415106,1680.0822002820205,15,4.182970500000001,4.0736914,-0.1092791000000001,1680.0822002820205,15,0.8769766505059523,298.0,3.069418276770833
72,0.0006450872171731,-3.480935403673573,4.182813200000001,4.073415799999999,4.16255352,12.973775646912271,1680.0802002782002,15,4.182813200000001,4.073415799999999,-0.1093974000000015,1680.0802002782002,15,0.8764081048649083,297.0,3.067428367027179
73,0.0006429855700769,-3.4793729601517116,4.183049700000001,4.0736518,4.162637546666666,12.970132884903066,1680.0822002829518,15,4.183049700000001,4.0736518,-0.1093979000000002,1680.0822002829518,15,0.8758533002245315,296.0,3.06548655078586
74,0.0006517486447214,-3.4829580290517876,4.182970500000001,4.0728641,4.1624774,12.986321546051869,1680.086200282094,15,4.182970500000001,4.0728641,-0.1101064000000002,1680.086200282094,15,0.8752338885202752,295.0,3.0633186098209633
75,0.0006458629805935,-3.4819532738303036,4.1828918,4.0733366,4.162537806666666,12.98163665794782,1680.0802002828568,15,4.1828918,4.0733366,-0.1095551999999999,1680.0802002828568,15,0.8747621202756856,294.0,3.0616674209648993
76,0.0006494096198131,-3.480469663550806,4.1829314,4.0730219,4.162456379999999,12.97340388175444,1680.0722002792172,15,4.1829314,4.0730219,-0.1099095000000005,1680.0722002792172,15,0.8742139641036543,293.0,3.05974887436279
77,0.0006501225043583,-3.4846229597673917,4.1829314,4.073061,4.162571913333334,12.9925407178521,1680.0782002790363,15,4.1829314,4.073061,-0.1098704000000001,1680.0782002790363,15,0.8737241728599329,292.0,3.058034605009765
79,0.0006552938901663,-3.4900177672170924,4.182813200000001,4.0724707,4.162377573333333,13.022307140437375,1680.0782002790363,15,4.182813200000001,4.0724707,-0.1103425000000006,1680.0782002790363,15,0.8733283072250515,290.0,3.0566490752876803
80,0.000653961770648,-3.476049210080611,4.1826162,4.0722342000000005,4.161952333333334,12.952983475477769,1680.080200281227,15,4.1826162,4.0722342000000005,-0.1103819999999995,1680.080200281227,15,0.8724039378197082,289.0,3.0534137823689784
81,0.0006521784572155,-3.476106906847527,4.1828527,4.0726676,4.162262153333334,12.951731421769868,1680.082200279925,15,4.1828527,4.0726676,-0.1101850999999998,1680.082200279925,15,0.8720010294248358,288.0,3.0520036029869253
82,0.0006556098492002,-3.4761774475308376,4.1828527,4.0723915,4.162222720000001,12.952808585962329,1680.0802002809942,15,4.1828527,4.0723915,-0.1104611999999995,1680.0802002809942,15,0.8715058288902054,287.0,3.050270401115719
83,0.0006555188593923,-3.4762026153277303,4.1826558,4.0721946,4.1620205666666665,12.953655738576632,1680.086200280115,15,4.1826558,4.0721946,-0.1104611999999995,1680.086200280115,15,0.8708723254756869,286.0,3.0480531391649044
85,0.0006644597033526,-3.475957204864103,4.183010100000001,4.071722,4.162157113333334,12.95295004169108,1680.0802002809942,15,4.183010100000001,4.071722,-0.1112881000000003,1680.0802002809942,15,0.8703891490916033,284.0,3.0463620218206113
86,0.0006588106961811,-3.476050228746828,4.1827345000000005,4.0720372000000005,4.16208626,12.951829495220768,1680.0802002782002,15,4.1827345000000005,4.0720372000000005,-0.1106973,1680.0802002782002,15,0.8699420812460089,283.0,3.044797284361031
87,0.0006589046015483,-3.4794747918714393,4.1827345000000005,4.0720768,4.162154486666667,12.967178086352746,1680.0822002831846,15,4.1827345000000005,4.0720768,-0.1106577000000008,1680.0822002831846,15,0.8694979147933715,282.0,3.0432427017768
88,0.0006607356886606,-3.46845031439126,4.182498000000001,4.0715256,4.161653006666667,12.914361999425008,1680.0822002843488,15,4.182498000000001,4.0715256,-0.1109724000000005,1680.0822002843488,15,0.8688520390644374,281.0,3.040982136725531
89,0.0006618312235226,-3.4757017862594304,4.1827741000000005,4.0717616,4.162015346666667,12.951050054437196,1680.080200277036,15,4.1827741000000005,4.0717616,-0.1110125000000001,1680.080200277036,15,0.8685611017471938,280.0,3.0399638561151785
90,0.0006629112626497,-3.4715979244175754,4.1826162,4.071564700000001,4.161860440000001,12.92799678988563,1680.0782002802007,15,4.1826162,4.071564700000001,-0.1110514999999994,1680.0782002802007,15,0.8680395631322855,279.0,3.0381384709629993
91,0.0006537891336155,-3.465105841136708,4.1826162,4.0722342000000005,4.161863046666666,12.897564459781163,1680.0802002809942,15,4.1826162,4.0722342000000005,-0.1103819999999995,1680.0802002809942,15,0.8675492667491317,278.0,3.036422433621961
92,0.0006644563319635,-3.4738199129163294,4.1826162,4.071367700000001,4.161786926666667,12.94165285814218,1680.0782002778724,15,4.1826162,4.071367700000001,-0.1112484999999994,1680.0782002778724,15,0.8671141529796397,277.0,3.034899535428739
93,0.0006596616214645,-3.465345253275226,4.1826558,4.0717616,4.16179218,12.897400564472155,1680.06820028089,15,4.1826558,4.0717616,-0.1108941999999997,1680.06820028089,15,0.8668135251556306,276.0,3.033847338044707
94,0.0006651012102282,-3.4719555780608644,4.182498000000001,4.0712495,4.16169764,12.93058563909672,1680.0842002769932,15,4.182498000000001,4.0712495,-0.1112485000000003,1680.0842002769932,15,0.8664016029257349,275.0,3.032405610240072
95,0.0006658935910825,-3.4729375864210605,4.1826162,4.0712891,4.16179746,12.934954827069651,1680.0862002798822,15,4.1826162,4.0712891,-0.1113270999999995,1680.0862002798822,15,0.8660238954688274,274.0,3.031083634140896
96,0.0006672809936155,-3.474015867939815,4.1826949,4.0712104,4.161821046666667,12.940891000016649,1680.0862002838403,15,4.1826949,4.0712104,-0.1114845000000004,1680.0862002838403,15,0.8656476128036265,273.0,3.0297666448126925
97,0.0006678835151611,-3.475345904391316,4.1825771000000005,4.0711708,4.161828959999999,12.944722625985694,1680.0782002785709,15,4.1825771000000005,4.0711708,-0.1114063000000005,1680.0782002785709,15,0.865270746116343,272.0,3.0284476114072008
98,0.0006692458631685,-3.4608110199897166,4.1824193,4.0705800000000005,4.161233,12.877674525982004,1680.0822002789937,15,4.1824193,4.0705800000000005,-0.1118392999999997,1680.0822002789937,15,0.864635174416272,271.0,3.026223110456952
99,0.0006683265165578,-3.470588967376882,4.1824589,4.0710135,4.161668826666667,12.921650406614322,1680.0842002811842,15,4.1824589,4.0710135,-0.1114454,1680.0842002811842,15,0.8645198934296721,270.0,3.025819627003852
100,0.000669357526822,-3.473424165331231,4.1826162,4.0709739,4.161721293333333,12.937899566230689,1680.0782002834603,15,4.1826162,4.0709739,-0.1116422999999997,1680.0782002834603,15,0.8641121657335845,269.0,3.0243925800675457
101,0.0006722581058849,-3.4688360510334406,4.1824193,4.0705409,4.161450873333334,12.913806715680757,1680.0822002780624,15,4.1824193,4.0705409,-0.1118784000000001,1680.0822002780624,15,0.8636419715931911,268.0,3.022746900576169
102,0.000671826446514,-3.468605447317376,4.182498000000001,4.0705800000000005,4.1614613133333345,12.914778899816223,1680.0802002779674,15,4.182498000000001,4.0705800000000005,-0.1119180000000001,1680.0802002779674,15,0.8632405744919159,267.0,3.021342010721706
103,0.0006734273736859,-3.4670354245790587,4.1824589,4.0703835,4.16136162,12.90673360557896,1680.0762002840638,15,4.1824589,4.0703835,-0.1120754000000001,1680.0762002840638,15,0.8628151079260841,266.0,3.019852877741294
104,0.0006756291507063,-3.467408552586297,4.182498000000001,4.070344,4.161471873333333,12.907050080498358,1680.0882002832368,15,4.182498000000001,4.070344,-0.1121540000000003,1680.0882002832368,15,0.8624753449705869,265.0,3.018663707397054
106,0.0006713022882498,-3.4791330690191367,4.1825771000000005,4.0708165,4.161737086666665,12.967247667480066,1680.0902002819348,15,4.1825771000000005,4.0708165,-0.1117606000000002,1680.0902002819348,15,0.8626030508852233,263.0,3.0191106780982815
107,0.0006752605227797,-3.4669528431516365,4.1821437,4.069911,4.16101246,12.906559015000596,1680.0862002798822,15,4.1821437,4.069911,-0.1122326999999998,1680.0862002798822,15,0.8615531385337221,262.0,3.015435984868027
108,0.0006755850903769,-3.4656453447028026,4.1824193,4.070147,4.161261913333333,12.900759974166093,1680.0822002820205,15,4.1824193,4.070147,-0.1122722999999998,1680.0822002820205,15,0.8611486163744339,261.0,3.0140201573105183
109,0.0006796664454317,-3.4659388102886237,4.182537600000001,4.069950100000001,4.161343220000001,12.903470365746704,1680.0862002812792,15,4.182537600000001,4.069950100000001,-0.1125875,1680.0862002812792,15,0.8607846625088351,260.0,3.012746318780923
110,0.0006764012684754,-3.4646775301660635,4.1824589,4.0701075,4.161269659999999,12.895222328427216,1680.0982002841774,15,4.1824589,4.0701075,-0.1123514000000005,1680.0982002841774,15,0.8603766553288927,259.0,3.0113182936511245
111,0.0006789381295088,-3.4653035523257727,4.182380200000001,4.0698318,4.16116998,12.899006039873983,1680.0882002818398,15,4.182380200000001,4.0698318,-0.1125484000000005,1680.0882002818398,15,0.8600629224974428,258.0,3.0102202287410496
112,0.0006807011010698,-3.463609829665392,4.1824589,4.069792700000001,4.161235613333334,12.889025629044866,1680.0942002828233,15,4.1824589,4.069792700000001,-0.1126661999999996,1680.0942002828233,15,0.8596431852626646,257.0,3.008751148419326
113,0.0006810858231149,-3.4632353920299312,4.1824193,4.069714100000001,4.161180473333334,12.887424191136514,1680.0982002839446,15,4.1824193,4.069714100000001,-0.1127051999999997,1680.0982002839446,15,0.8593167429224415,256.0,3.007608600228546
114,0.0006949215909612,-3.467301603409924,4.1822619,4.0684538,4.160875953333334,12.909531889782516,1680.0922002827283,15,4.1822619,4.0684538,-0.1138080999999999,1680.0922002827283,15,0.8588641416900739,255.0,3.0060244959152587
115,0.0006854431618392,-3.4603569984639813,4.1822619,4.0691624,4.160899506666666,12.872400049821174,1680.0922002785371,15,4.1822619,4.0691624,-0.1130995000000005,1680.0922002785371,15,0.8585342676226514,254.0,3.0048699366792797
116,0.0006840451938892,-3.460782882337767,4.182222400000001,4.069320200000001,4.160967826666667,12.875388211544454,1680.094200283056,15,4.182222400000001,4.069320200000001,-0.1129021999999997,1680.094200283056,15,0.8582518484871039,253.0,3.0038814697048637
117,0.0006964594197278,-3.471320483302985,4.1821833,4.0683355,4.160886473333333,12.927178586194987,1680.092200281797,15,4.1821833,4.0683355,-0.1138478000000002,1680.092200281797,15,0.8578821748792854,252.0,3.002587612077499
118,0.0006963587747217,-3.46843360169374,4.1822619,4.0683355,4.160860179999999,12.91402348806201,1680.0902002851944,15,4.1822619,4.0683355,-0.1139264000000004,1680.0902002851944,15,0.8576138384935357,251.0,3.001648434727375
119,0.0006863942951169,-3.458795574097307,4.1822619,4.069005000000001,4.160797146666666,12.86713876660145,1680.0942002807278,15,4.1822619,4.069005000000001,-0.1132568999999996,1680.0942002807278,15,0.8572887202906431,250.0,3.000510521017251
120,0.0006869437612526,-3.457404532742249,4.1823406,4.0690837,4.160902113333333,12.859793892470304,1680.1122002860066,15,4.1823406,4.0690837,-0.1132568999999996,1680.1122002860066,15,0.857008825464178,249.0,2.999530889124623
121,0.0006866675683992,-3.460131665289572,4.182222400000001,4.069044600000001,4.1608628266666665,12.872050132096792,1680.106200285023,15,4.182222400000001,4.069044600000001,-0.1131777999999998,1680.106200285023,15,0.8567364187981309,248.0,2.998577465793458
122,0.0007097134640417,-3.4710757611847485,4.182222400000001,4.0673118,4.16073678,12.925304154728806,1680.1122002836782,15,4.182222400000001,4.0673118,-0.1149106000000008,1680.1122002836782,15,0.856506174980236,247.0,2.997771612430826
123,0.0006886568042726,-3.458900203388805,4.182104600000001,4.0688081,4.160749946666666,12.865504623351566,1680.1082002862822,15,4.182104600000001,4.0688081,-0.1132965000000005,1680.1082002862822,15,0.8561659088104931,246.0,2.996580680836726
124,0.0006922408430383,-3.4539222258589892,4.1821833,4.0684538,4.160600313333334,12.842413271978284,1680.0922002855225,15,4.1821833,4.0684538,-0.1137294999999998,1680.0922002855225,15,0.8558499409967526,245.0,2.995474793488634
125,0.000703590502766,-3.4625531149979545,4.182104600000001,4.0675478,4.1605083800000005,12.884237478719978,1680.0942002797965,15,4.182104600000001,4.0675478,-0.1145568000000007,1680.0942002797965,15,0.8556573182502863,244.0,2.994800613876002
126,0.0006922035988145,-3.4549219343278277,4.1821833,4.0684142,4.16056618,12.848082195449964,1680.088200281141,15,4.1821833,4.0684142,-0.1137690999999998,1680.088200281141,15,0.8553588595130751,243.0,2.993756008295763
127,0.0006914309549325,-3.4560470657583706,4.181907700000001,4.0684142,4.16051894,12.84973434730228,1680.0922002848238,15,4.181907700000001,4.0684142,-0.1134935000000005,1680.0922002848238,15,0.8551142648726598,242.0,2.9928999270543093
128,0.000693213076838,-3.4561385634566717,4.1819863,4.0682569,4.160482133333335,12.85149396347892,1680.094200286083,15,4.1819863,4.0682569,-0.1137294000000004,1680.094200286083,15,0.8548921472898846,241.0,2.992122515514596
129,0.000693483642752,-3.4517824183771944,4.182065000000001,4.0682569,4.160468993333334,12.830175358901176,1680.094200286083,15,4.182065000000001,4.0682569,-0.1138081000000008,1680.094200286083,15,0.8547061818939882,240.0,2.9914716366289587
130,0.0007171212764641,-3.46969028581281,4.1820254,4.066523999999999,4.160424353333334,12.917669491531246,1680.0982002839446,15,4.1820254,4.066523999999999,-0.1155014000000003,1680.0982002839446,15,0.8545154307522244,239.0,2.9908040076327853
132,0.0007074097463395,-3.4667721892919805,4.182065000000001,4.067272200000001,4.160516266666667,12.905965162996022,1680.0962002838496,15,4.182065000000001,4.067272200000001,-0.1147928,1680.0962002838496,15,0.8548244382729957,237.0,2.991885533955485
133,0.000710230347506,-3.4544127895425443,4.1819468,4.0667605,4.16010148,12.845899356432632,1680.1002002852038,15,4.1819468,4.0667605,-0.1151863000000004,1680.1002002852038,15,0.8541668974725246,236.0,2.989584141153836
134,0.000695483506372,-3.447399269577382,4.1819468,4.0679417,4.160256293333332,12.80961998658345,1680.1022002813406,15,4.1819468,4.0679417,-0.1140050999999999,1680.1022002813406,15,0.8538841516102431,235.0,2.988594530635851
135,0.0007001513707063,-3.4513447301837292,4.1817894,4.0674691,4.160119826666667,12.827567195070948,1680.1022002811078,15,4.1817894,4.0674691,-0.1143203000000001,1680.1022002811078,15,0.8535940050522381,234.0,2.9875790176828336
136,0.0007003551943152,-3.445904426214601,4.1819468,4.0675087,4.160135566666667,12.802646206484216,1680.10020028078,15,4.1819468,4.0675087,-0.1144381000000001,1680.10020028078,15,0.8533948417771505,233.0,2.9868819462200267
137,0.000700624912004,-3.448209295695875,4.1817498,4.0673118,4.159972839999999,12.813668046118558,1680.0982002867386,15,4.1817498,4.0673118,-0.1144380000000007,1680.0982002867386,15,0.8531038995565937,232.0,2.985863648448078
138,0.0007041243092406,-3.445636494320248,4.1818681,4.0671148,4.159988593333334,12.801292997789467,1680.092200283194,15,4.1818681,4.0671148,-0.1147533000000002,1680.092200283194,15,0.8529645798508806,231.0,2.9853760294780822
139,0.0007015413964649,-3.4410273394306365,4.1817498,4.0671935,4.159862573333334,12.777783090965867,1680.0882002848666,15,4.1817498,4.0671935,-0.1145563000000002,1680.0882002848666,15,0.8526541350595627,230.0,2.9842894727084692
140,0.0007022440263095,-3.4497012280995363,4.1819468,4.06743,4.160206533333334,12.818877681351497,1680.0786981920246,15,4.1819468,4.06743,-0.1145168000000005,1680.0786981920246,15,0.8526668306948322,229.0,2.9843339074319126
141,0.0007033767305511,-3.447505296722776,4.1817498,4.0670753,4.15991246,12.809720572347906,1680.0866982182488,15,4.1817498,4.0670753,-0.1146745000000004,1680.0866982182488,15,0.8522756033346515,228.0,2.98296461167128
142,0.0007040833528617,-3.447665982268069,4.1818681,4.0671935,4.16007782,12.809918495844016,1680.080698158592,15,4.1818681,4.0671935,-0.1146745999999998,1680.080698158592,15,0.8521830783207003,227.0,2.982640774122451
143,0.000703925737392,-3.4422798521374953,4.1817498,4.0670362,4.159870426666667,12.782749141497217,1680.08669823315,15,4.1817498,4.0670362,-0.1147135999999999,1680.08669823315,15,0.8519381642520768,226.0,2.981783574882269
144,0.000704088746992,-3.4456349610542754,4.1817894,4.0670753,4.159946573333333,12.801044287874912,1680.088698160369,15,4.1817894,4.0670753,-0.1147141000000004,1680.088698160369,15,0.8518586335016353,225.0,2.9815052172557235
145,0.0007196009307882,-3.451704679045997,4.1818681,4.0659332,4.15986516,12.829906586173983,1680.088698088657,15,4.1818681,4.0659332,-0.1159349,1680.088698088657,15,0.8516136582649745,224.0,2.9806478039274107
146,0.0007211342537726,-3.450171150434209,4.1816711,4.065618499999999,4.159639413333334,12.82236936662076,1680.0946981129237,15,4.1816711,4.065618499999999,-0.1160526000000006,1680.0946981129237,15,0.8512958630420695,223.0,2.9795355206472434
147,0.0007311312063688,-3.458187901818252,4.1818285,4.0650277,4.15975752,12.862245021922403,1680.112698229961,15,4.1818285,4.0650277,-0.1168008,1680.112698229961,15,0.8512155576094372,222.0,2.97925445163303
148,0.0007329489236712,-3.4620840861925988,4.181632,4.064830799999999,4.159705053333334,12.879564018316298,1680.112698093057,15,4.181632,4.064830799999999,-0.1168012000000002,1680.112698093057,15,0.8510729556591803,221.0,2.978755344807131
149,0.0007079169438599,-3.440556358006038,4.1817498,4.0666814,4.1597653999999995,12.773825017928104,1680.114698103629,15,4.1817498,4.0666814,-0.1150684000000001,1680.114698103629,15,0.8508058005347843,220.0,2.977820301871745
150,0.0007347794454698,-3.4536881596117275,4.1817498,4.064673399999999,4.159605346666667,12.839383465655692,1680.1166981239803,15,4.1817498,4.064673399999999,-0.117076400000001,1680.1166981239803,15,0.8506412137309721,219.0,2.9772442480584025
151,0.0007369696758317,-3.4518303878793084,4.1816711,4.0643973,4.15945562,12.82923803919783,1680.1226980509236,15,4.1816711,4.0643973,-0.1172737999999995,1680.1226980509236,15,0.8503960359025843,218.0,2.976386125659045
152,0.0007239976212342,-3.445465250838666,4.1817107,4.065382,4.1595553999999995,12.799789938761965,1680.11469823448,15,4.1817107,4.065382,-0.1163287000000004,1680.11469823448,15,0.8501899156565831,217.0,2.975664704798041
153,0.0007250962911311,-3.452277475396279,4.181632,4.065303299999999,4.15959746,12.83265163593488,1680.082698221784,15,4.181632,4.065303299999999,-0.1163287000000004,1680.082698221784,15,0.8501101145868984,216.0,2.9753854010541447
154,0.0007117837639482,-3.438203070557666,4.1816711,4.0663667000000006,4.159686660000001,12.761348420278654,1680.0806981017813,15,4.1816711,4.0663667000000006,-0.1153043999999994,1680.0806981017813,15,0.8499668004176746,215.0,2.974883801461861
155,0.0006952892687723,-3.4264908784596555,4.1815529,4.06743,4.1595789666666665,12.704885796677043,1680.0706982170232,15,4.1815529,4.06743,-0.1141228999999999,1680.0706982170232,15,0.8497367133140346,214.0,2.974078496599121
156,0.0007111695939039,-3.43415725450117,4.1812773000000005,4.0658941,4.159145860000001,12.743098126253528,1680.074698150158,15,4.1812773000000005,4.0658941,-0.1153832000000001,1680.074698150158,15,0.8494270313345966,213.0,2.972994609671088
158,0.0007251895539592,-3.457081222072114,4.1817107,4.065382,4.159718193333334,12.85694253110427,1680.100698129274,15,4.1817107,4.065382,-0.1163287000000004,1680.100698129274,15,0.84975253224249,211.0,2.9741338628487153
159,0.0007121115799263,-3.4364632200200353,4.1814742,4.0660515,4.159382093333333,12.754565515787933,1680.0946981119923,15,4.1814742,4.0660515,-0.1154226999999998,1680.0946981119923,15,0.8492763932998518,210.0,2.9724673765494813
160,0.0007292378528168,-3.445196805975074,4.1814742,4.064673399999999,4.15918524,12.798752748365274,1680.0846982533112,15,4.1814742,4.064673399999999,-0.1168008000000009,1680.0846982533112,15,0.8488675751247835,209.0,2.971036512936742
161,0.0007142906732206,-3.4362454303710663,4.181316900000001,4.0657363,4.159208806666666,12.754270873429132,1680.0846981704235,15,4.181316900000001,4.0657363,-0.1155806000000003,1680.0846981704235,15,0.8486563766401979,208.0,2.9702973182406924
162,0.0007140007539111,-3.434951320801133,4.1815138,4.0658941,4.15933756,12.74744217502587,1680.0826980988495,15,4.1815138,4.0658941,-0.1156196999999998,1680.0826980988495,15,0.8484543681515458,207.0,2.9695902885304104
163,0.0007131959891863,-3.437240283294291,4.1814351,4.0659332,4.159340126666667,12.758084813723451,1680.080698179081,15,4.1814351,4.0659332,-0.1155018999999999,1680.080698179081,15,0.8482813346007331,206.0,2.968984671102566
164,0.000717398196806,-3.436850590655241,4.1815138,4.0656576,4.15933752,12.757115724254842,1680.0826981253922,15,4.1815138,4.0656576,-0.1158562000000005,1680.0826981253922,15,0.8481140759799345,205.0,2.968399265929771
165,0.0007324769711049,-3.443271761310507,4.1814742,4.0644765,4.159182573333334,12.788031093527334,1680.0826980997808,15,4.1814742,4.0644765,-0.1169977000000006,1680.0826980997808,15,0.8478427741752306,204.0,2.967449709613307
166,0.0007180929035398,-3.436969156360987,4.181592500000001,4.065618499999999,4.159345353333333,12.758475888050338,1680.084698215127,15,4.181592500000001,4.065618499999999,-0.1159740000000013,1680.084698215127,15,0.8476727137156271,203.0,2.966854498004695
167,0.0007184502695483,-3.4355616864004555,4.1814351,4.065342899999999,4.159082846666667,12.751779433790894,1680.084698241204,15,4.1814351,4.065342899999999,-0.1160922000000006,1680.084698241204,15,0.8473699836779983,202.0,2.965794942872994
168,0.0007347439219349,-3.4439787636067583,4.1812773000000005,4.064161299999999,4.159017206666667,12.78981182746351,1680.084698193241,15,4.1812773000000005,4.064161299999999,-0.1171160000000011,1680.084698193241,15,0.8469949916248913,201.0,2.96448247068712
169,0.0007200333810285,-3.434239627177885,4.1813955,4.0652246,4.1590566,12.743898301875303,1680.0866981982251,15,4.1813955,4.0652246,-0.1161709000000001,1680.0866981982251,15,0.8469481041103208,200.0,2.964318364386123
170,0.0007349240334211,-3.439542717690174,4.1814742,4.0641217,4.15895944,12.771033046009006,1680.092698251363,15,4.1814742,4.0641217,-0.1173524999999999,1680.092698251363,15,0.846800450128543,199.0,2.9638015754499003
171,0.0007353489866823,-3.4431691684435988,4.181316900000001,4.0641217,4.159011966666667,12.786957203116692,1680.090698077809,15,4.181316900000001,4.0641217,-0.1171952000000002,1680.090698077809,15,0.8465337375372792,198.0,2.9628680813804773
172,0.0007373717461223,-3.441051345659017,4.181356,4.0638857,4.158891166666667,12.777210472142176,1680.0846982104704,15,4.181356,4.0638857,-0.1174702999999999,1680.0846982104704,15,0.8464017600904877,197.0,2.962406160316707
173,0.0007207490030038,-3.432058692162078,4.1811595,4.0651064,4.158964766666666,12.72912036346614,1680.0886982269585,15,4.1811595,4.0651064,-0.1160530999999993,1680.0886982269585,15,0.8461852441662405,196.0,2.961648354581842
174,0.0007209325177128,-3.4322925338676566,4.1815529,4.065303299999999,4.159179999999999,12.73465716062859,1680.074698224198,15,4.1815529,4.065303299999999,-0.1162496000000006,1680.074698224198,15,0.8461398072119911,195.0,2.9614893252419687
175,0.0007388052507502,-3.434894438527436,4.1814742,4.0639248,4.15897522,12.745397374712509,1680.0786982486024,15,4.1814742,4.0639248,-0.1175494000000005,1680.0786982486024,15,0.8459095413108798,194.0,2.9606833945880795
176,0.0007044067888174,-3.4092237020903307,4.1815529,4.0664849,4.15911172,12.621560160640216,1680.068698122166,15,4.1815529,4.0664849,-0.1150679999999999,1680.068698122166,15,0.845718669698971,193.0,2.9600153439463988
177,0.0007241982707663,-3.4251472982771696,4.1812773000000005,4.0647125,4.158749393333334,12.699951494038402,1680.0846981676295,15,4.1812773000000005,4.0647125,-0.1165648000000008,1680.0846981676295,15,0.8453888715172754,192.0,2.958861050310464
178,0.0007390307835549,-3.440865837877781,4.1812773000000005,4.0638461,4.1589542066666665,12.773586045558336,1680.07469810592,15,4.1812773000000005,4.0638461,-0.1174312000000004,1680.07469810592,15,0.8452562327658419,191.0,2.9583968146804467
179,0.0007053256188706,-3.418756103278372,4.181316900000001,4.066288,4.159043473333333,12.667115147117348,1680.0766981104389,15,4.181316900000001,4.066288,-0.1150289000000004,1680.0766981104389,15,0.8451225640335132,190.0,2.957928974117296
180,0.0007238712801106,-3.434584255190249,4.1812382,4.0648704,4.158954193333333,12.744962132546508,1680.074698239565,15,4.1812382,4.0648704,-0.1163677999999999,1680.074698239565,15,0.84504769340177,189.0,2.957666926906195
181,0.0007251029401935,-3.4267892832010016,4.1811986,4.0645943,4.158702173333334,12.708073692435988,1680.0806981883943,15,4.1811986,4.0645943,-0.1166042999999996,1680.0806981883943,15,0.8447004070497747,188.0,2.9564514246742113
182,0.0007260460085969,-3.4273266954363097,4.1812773000000005,4.0647125,4.158883346666666,12.70865004446485,1680.082698206883,15,4.1812773000000005,4.0647125,-0.1165648000000008,1680.082698206883,15,0.8445512771313866,187.0,2.955929469959853
184,0.0007276085907038,-3.428489932804791,4.1812382,4.0645156,4.1587966666666665,12.714735901741012,1680.0826982478611,15,4.1812382,4.0645156,-0.1167226000000001,1680.0826982478611,15,0.844471133943956,185.0,2.955648968803846
185,0.0007244836814328,-3.426751237483085,4.1810803,4.0645552,4.1586208000000005,12.706268205400283,1680.0906982407903,15,4.1810803,4.0645552,-0.1165250999999996,1680.0906982407903,15,0.8440353562372123,184.0,2.954123746830243
186,0.0007438017583583,-3.4416374066182596,4.1811986,4.0633345,4.158757313333333,12.77958464924118,1680.0866982527075,15,4.1811986,4.0633345,-0.1178641000000002,1680.0866982527075,15,0.8438502748552598,183.0,2.953475961993409
187,0.0007259555645306,-3.4266691849653497,4.1814351,4.0647912,4.158951573333334,12.705701283239517,1680.0886981873773,15,4.1814351,4.0647912,-0.1166438999999996,1680.0886981873773,15,0.8437067934209523,182.0,2.9529737769733333
188,0.0007266313097568,-3.423953205882217,4.1812773000000005,4.0644765,4.158662859999999,12.694568435368431,1680.0826981565915,15,4.1812773000000005,4.0644765,-0.1168008000000009,1680.0826981565915,15,0.8434347686350608,181.0,2.952021690222713
189,0.0007277073522635,-3.426921135729318,4.1811199,4.0643582,4.158633926666666,12.706982620773797,1680.098698251415,15,4.1811199,4.0643582,-0.1167616999999996,1680.098698251415,15,0.8432112543450431,180.0,2.951239390207651
190,0.0007461385774049,-3.438823574309841,4.1810803,4.0629797,4.158531426666666,12.76590539929724,1680.1006981213577,15,4.1810803,4.0629797,-0.1181006,1680.1006981213577,15,0.8429549828312174,179.0,2.950342439909261
191,0.0007434937066271,-3.4364798636596503,4.1811986,4.063255799999999,4.1586208000000005,12.75465471101736,1680.1066980999894,15,4.1811986,4.063255799999999,-0.1179428000000006,1680.1066980999894,15,0.842850380916613,178.0,2.9499763332081455
192,0.0007478980405525,-3.433842749051819,4.1811595,4.0628619,4.158489540000001,12.741948012595618,1680.106698169373,15,4.1811595,4.0628619,-0.1182976,1680.106698169373,15,0.8426356097398545,177.0,2.9492246340894908
193,0.0007300531800169,-3.423657484017712,4.1811986,4.064161299999999,4.158565586666667,12.691743264300651,1680.1006982368417,15,4.1811986,4.064161299999999,-0.1170373000000006,1680.1006982368417,15,0.8423560175692121,176.0,2.948246061492242
194,0.0007491584200335,-3.4311142167456974,4.1810412,4.062665,4.158350373333333,12.72635464835428,1680.1006981735118,15,4.1810412,4.062665,-0.1183762000000001,1680.1006981735118,15,0.8421689269847857,175.0,2.94759124444675
195,0.0007280094995539,-3.41972129098403,4.1809626,4.0641217,4.15836354,12.67132063279405,1680.1086982553825,15,4.1809626,4.0641217,-0.1168408999999996,1680.1086982553825,15,0.8419075697266784,174.0,2.9466764940433743
196,0.0007526550494812,-3.434935672839342,4.1810412,4.0623102,4.158250553333333,12.7481721672689,1680.104698230978,15,4.1810412,4.0623102,-0.1187310000000003,1680.104698230978,15,0.8417874563251406,173.0,2.9462560971379923
197,0.0007293247455955,-3.4219643380043756,4.1810017,4.0639644,4.158311086666667,12.685362489865032,1680.0986982532777,15,4.1810017,4.0639644,-0.1170373000000006,1680.0986982532777,15,0.8415147451600469,172.0,2.945301608060164
198,0.0007674669756909,-3.441130999914394,4.180923,4.0610895,4.1580170333333335,12.779344028776205,1680.1126981046982,15,4.180923,4.0610895,-0.1198335000000003,1680.1126981046982,15,0.8412750093330698,171.0,2.944462532665744
199,0.0007309838089778,-3.4213135599142372,4.1810412,4.0638857,4.158334606666667,12.681912199304175,1680.1006982070394,15,4.1810412,4.0638857,-0.1171554999999999,1680.1006982070394,15,0.841146711140525,170.0,2.9440134889918372
200,0.0007335304792569,-3.421727996673119,4.1810412,4.0637674,4.158381853333334,12.682096454176628,1680.0826982511207,15,4.1810412,4.0637674,-0.1172738000000004,1680.0826982511207,15,0.8410491954320126,169.0,2.943672184012044
201,0.0007345935754397,-3.4175372568771927,4.1811199,4.0636101,4.15826374,12.663352477644375,1680.072698108852,15,4.1811199,4.0636101,-0.1175097999999996,1680.072698108852,15,0.8408110538829208,168.0,2.9428386885902227
202,0.0007344608019912,-3.4183334861735992,4.1810017,4.0636101,4.158261153333333,12.667145374676783,1680.0766981984489,15,4.1810017,4.0636101,-0.1173916000000003,1680.0766981984489,15,0.8405748464606594,167.0,2.942011962612308
203,0.0007379171739083,-3.425463054373089,4.1807261,4.0632162,4.158140346666666,12.699823186110198,1680.0786980991252,15,4.1807261,4.0632162,-0.1175098999999999,1680.0786980991252,15,0.8403600455551291,166.0,2.941260159442952
204,0.000734183315544,-3.4225725568117498,4.1808443,4.0636101,4.15827166,12.684976982834758,1680.0766981504858,15,4.1808443,4.0636101,-0.1172342000000004,1680.0766981504858,15,0.8403341401367955,165.0,2.941169490478784
205,0.0007706624367112,-3.4401261718725484,4.180923,4.0607748,4.157896213333333,12.77443865272425,1680.1146981264465,15,4.180923,4.0607748,-0.1201482,1680.1146981264465,15,0.8399925541285732,164.0,2.9399739394500064
206,0.0007540813132285,-3.4297478544949587,4.1809626,4.0620742,4.1580669,12.723052727407133,1680.1146981231868,15,4.1809626,4.0620742,-0.1188884000000003,1680.1146981231868,15,0.8398282262804592,163.0,2.939398791981607
207,0.0007533390092111,-3.428634609460798,4.1808834,4.0621138,4.15804854,12.715492939932602,1680.118698227685,15,4.1808834,4.0621138,-0.1187696000000002,1680.118698227685,15,0.8396420713707148,162.0,2.9387472497975016
208,0.0007587393951112,-3.437196416003805,4.180923,4.061759,4.158103586666667,12.759399753810731,1680.118698164355,15,4.180923,4.061759,-0.1191639999999996,1680.118698164355,15,0.8395506608697606,161.0,2.938427313044162
210,0.0007180121493163,-3.413515593014746,4.1809626,4.0648704,4.158416026666667,12.639851327320809,1680.0786981582642,15,4.1809626,4.0648704,-0.1160921999999997,1680.0786981582642,15,0.8395784496703331,159.0,2.938524573846166
211,0.0007391865287635,-3.417851220594935,4.1808443,4.0630589,4.1580091066666665,12.663702280397988,1680.0746982432902,15,4.1808443,4.0630589,-0.1177854000000007,1680.0746982432902,15,0.8390307548297601,158.0,2.9366076419041605
212,0.0007392323871669,-3.4205637225180388,4.1807656,4.0630193,4.157993346666667,12.677536482919988,1680.0726982383055,15,4.1807656,4.0630193,-0.1177463000000003,1680.0726982383055,15,0.8387550685022934,157.0,2.935642739758027
213,0.0007369190791168,-3.4191950159930524,4.1808834,4.0632162,4.15803264,12.672095216114506,1680.076698158402,15,4.1808834,4.0632162,-0.1176671999999996,1680.076698158402,15,0.8385319349506294,156.0,2.934861772327203
214,0.0007424401255339,-3.4158712385735934,4.1807656,4.0627437,4.157888240000001,12.65421542201726,1680.072698249016,15,4.1807656,4.0627437,-0.1180218999999995,1680.072698249016,15,0.8382839447443505,155.0,2.9339938066052267
215,0.0007419611527981,-3.4137493977532305,4.1805687,4.0625072,4.157604766666667,12.643605419320934,1680.0786980986595,15,4.1805687,4.0625072,-0.1180615000000004,1680.0786980986595,15,0.8379410898798675,154.0,2.932793814579536
216,0.0007401762003917,-3.4133756617667093,4.1807656,4.0628619,4.15784372,12.642953385998542,1680.076698247809,15,4.1807656,4.0628619,-0.1179037000000002,1680.076698247809,15,0.8378745755425349,153.0,2.932561014398872
217,0.0007422437476935,-3.418108975044579,4.180687,4.0627041,4.157851606666667,12.664099487723544,1680.0806980947964,15,4.180687,4.0627041,-0.1179828999999994,1680.0806980947964,15,0.8376635746312694,152.0,2.9318225112094427
218,0.000760817106172,-3.4304599905518267,4.1808047,4.0614047,4.157830526666666,12.726467588048736,1680.0806982046925,15,4.1808047,4.0614047,-0.1194000000000006,1680.0806982046925,15,0.8375597797285007,151.0,2.9314592290497523
219,0.0007431411901349,-3.4140435236157862,4.180687,4.0625072,4.157683606666667,12.645935185747422,1680.0806981865317,15,4.180687,4.0625072,-0.1181798,1680.0806981865317,15,0.8372045739108229,150.0,2.9302160086878803
220,0.000762432103194,-3.429233337559522,4.180687,4.0611291,4.157646760000001,12.719545886930105,1680.0826982250435,15,4.180687,4.0611291,-0.1195579000000002,1680.0826982250435,15,0.8370802999765558,149.0,2.929781049917945
221,0.0007419333877106,-3.4175286461820473,4.180529099999999,4.0625467,4.157670526666667,12.661833518883611,1680.0786981550043,15,4.180529099999999,4.0625467,-0.1179823999999989,1680.0786981550043,15,0.8368676017626572,148.0,2.9290366061693
222,0.0007428221072631,-3.418996573214814,4.1805687,4.0625072,4.157699279999999,12.669352277571829,1680.078698250465,15,4.1805687,4.0625072,-0.1180615000000004,1680.078698250465,15,0.836710051456164,147.0,2.928485180096574
223,0.0007204412576678,-3.4000425926485587,4.1807261,4.0643187,4.157924973333334,12.575466484732548,1680.068698127754,15,4.1807261,4.0643187,-0.1164073999999999,1680.068698127754,15,0.836562958449474,146.0,2.927970354573159
224,0.0007438341136355,-3.4146159320633687,4.1805687,4.0623102,4.157536513333333,12.64986114486988,1680.074698111508,15,4.1805687,4.0623102,-0.1182585000000004,1680.074698111508,15,0.836267319260409,145.0,2.9269356174114316
225,0.0007445884379549,-3.4102391183724388,4.1806474,4.0622711,4.157512906666667,12.62850302690035,1680.0846981415525,15,4.1806474,4.0622711,-0.1183762999999995,1680.0846981415525,15,0.8360514458086483,144.0,2.9261800603302692
226,0.0007468533246852,-3.4086132995263747,4.1803718,4.0618377,4.157210966666667,12.619520359210616,1680.086698092986,15,4.1803718,4.0618377,-0.1185340999999997,1680.086698092986,15,0.8357296858289941,143.0,2.9250539004014793
227,0.0007453205401111,-3.4084549568342752,4.1805687,4.0621529,4.157426259999999,12.618050948536322,1680.088698239997,15,4.1805687,4.0621529,-0.1184158000000001,1680.088698239997,15,0.8355851192490552,142.0,2.9245479173716933
228,0.0007464894483739,-3.414516149243934,4.180687,4.0622711,4.15766516,12.648118211330562,1680.0866980925202,15,4.180687,4.0622711,-0.1184158999999995,1680.0866980925202,15,0.8355072344724237,141.0,2.924275320653483
229,0.0007471322821449,-3.4163585092543634,4.1805687,4.0621138,4.157562773333334,12.65726527570576,1680.0826981775465,15,4.1805687,4.0621138,-0.1184549000000005,1680.0826981775465,15,0.8353156678484617,140.0,2.923604837469616
230,0.0007478032852655,-3.418241198023576,4.180529099999999,4.0620742,4.157578546666667,12.665055469795256,1680.0766982026398,15,4.180529099999999,4.0620742,-0.1184548999999997,1680.0766982026398,15,0.8351023562866986,139.0,2.922858247003445
231,0.0007485196943866,-3.4197638704905535,4.1804504,4.0619559,4.157518133333333,12.673152508078015,1680.078698161058,15,4.1804504,4.0619559,-0.1184944999999997,1680.078698161058,15,0.8348654166468645,138.0,2.922028958264026
232,0.000746029544388,-3.4126265355454657,4.1805687,4.0621529,4.157502433333333,12.638094069261967,1680.0846980893984,15,4.1805687,4.0621529,-0.1184158000000001,1680.0846980893984,15,0.8346660726471813,137.0,2.921331254265134
233,0.0007504063915152,-3.4143867047839045,4.1805687,4.0617986,4.157441966666666,12.647905888920205,1680.0766982100904,15,4.1805687,4.0617986,-0.1187700999999998,1680.0766982100904,15,0.8345109978683415,136.0,2.920788492539195
234,0.0007487067538983,-3.4124540021567022,4.1805687,4.0619559,4.157476146666666,12.638161475663974,1680.0866981111467,15,4.1805687,4.0619559,-0.1186128000000001,1680.0866981111467,15,0.8343136096439424,135.0,2.9200976337537985
236,0.0007724994562492,-3.426157362115339,4.1804504,4.0602231,4.157350126666667,12.702256645701045,1680.1046982519329,15,4.1804504,4.0602231,-0.1202272999999998,1680.1046982519329,15,0.8341894912531006,133.0,2.919663219385852
237,0.0007515518125255,-3.414527482051737,4.1803322,4.0616016,4.157315986666666,12.645755267661627,1680.0746981049888,15,4.1803322,4.0616016,-0.1187305999999992,1680.0746981049888,15,0.8337107051125369,132.0,2.917987467893879
238,0.0007513679297097,-3.415096071626825,4.180687,4.0617199,4.15743156,12.65306180073945,1680.0806982126087,15,4.180687,4.0617199,-0.1189670999999998,1680.0806982126087,15,0.8335642430052549,131.0,2.917474850518392
239,0.0007536364754823,-3.413339684367305,4.1800961,4.0610895,4.156930066666667,12.64226744592952,1680.0746982418932,15,4.1800961,4.0610895,-0.1190066000000005,1680.0746982418932,15,0.8329771126737662,130.0,2.9154198943581817
240,0.0007511348728312,-3.407612760983482,4.18049,4.0616016,4.157239913333334,12.614226899570063,1680.072698215023,15,4.18049,4.0616016,-0.1188883999999994,1680.072698215023,15,0.8329041584862109,129.0,2.915164554701738
241,0.0007529942733742,-3.408221778944275,4.1802931,4.0612473,4.1570089,12.617649247536937,1680.0726981135083,15,4.1802931,4.0612473,-0.1190458000000003,1680.0726981135083,15,0.8326358508257764,128.0,2.9142254778902172
242,0.0007536668313583,-3.408233509395273,4.1802535,4.0612078,4.157011513333334,12.616983139375662,1680.0746981916018,15,4.1802535,4.0612078,-0.1190457,1680.0746981916018,15,0.8323924704785925,127.0,2.913373646675074
243,0.0007554336938045,-3.4058710664863754,4.1803322,4.0610504,4.15695108,12.607738677284669,1680.0726981759071,15,4.1803322,4.0610504,-0.1192817999999995,1680.0726981759071,15,0.8320945677360027,126.0,2.9123309870760092
244,0.0007535637112682,-3.412782019772128,4.1804109,4.0613651,4.157197839999999,12.640429026710397,1680.0886981179938,15,4.1804109,4.0613651,-0.1190458000000003,1680.0886981179938,15,0.8320768566905772,125.0,2.91226899841702
245,0.0007723456793963,-3.423190646308637,4.1803322,4.0599871,4.157085006666667,12.690443155111936,1680.0846982416697,15,4.1803322,4.0599871,-0.1203450999999997,1680.0846982416697,15,0.8317549847285388,124.0,2.911142446549886
246,0.0007559233482869,-3.406111962656929,4.1803718,4.0610504,4.156982546666666,12.607661871780934,1680.0826981742866,15,4.1803718,4.0610504,-0.1193213999999995,1680.0826981742866,15,0.8315130335333348,123.0,2.910295617366672
247,0.0007565122050031,-3.4060987923392196,4.1801748,4.0608926,4.1568591800000005,12.60503546701698,1680.0846980880017,15,4.1801748,4.0608926,-0.1192821999999997,1680.0846980880017,15,0.8312305221071667,122.0,2.9093068273750835
248,0.000755409739028,-3.40778419122411,4.1800961,4.0609322,4.156843466666667,12.614884523953387,1680.092698188033,15,4.1800961,4.0609322,-0.1191639000000002,1680.092698188033,15,0.8309960230376906,121.0,2.908486080631917
249,0.0007555209218138,-3.4123137181111396,4.1800961,4.0609322,4.156885433333333,12.637820346970962,1680.080698153004,15,4.1800961,4.0609322,-0.1191639000000002,1680.080698153004,15,0.8308333979642548,120.0,2.907916892874892
250,0.000753934045126,-3.4006937633869954,4.1800961,4.0610108,4.1567751799999995,12.580430422740656,1680.090698141139,15,4.1800961,4.0610108,-0.1190853,1680.090698141139,15,0.8305592642165797,119.0,2.906957424758029
251,0.0007574084199606,-3.4066029479652267,4.1801353,4.0607352,4.156764626666667,12.609432025889031,1680.1006982438266,15,4.1801353,4.0607352,-0.1194001,1680.1006982438266,15,0.8302889845879449,118.0,2.906011446057807
252,0.0007593473378017,-3.406253077082455,4.1801353,4.0605779,4.15672788,12.60810438377521,1680.088698123116,15,4.1801353,4.0605779,-0.1195573999999997,1680.088698123116,15,0.8299967440237478,117.0,2.904988604083117
253,0.0007598531052778,-3.4046732126347083,4.1801353,4.0604987,4.156670126666667,12.601561662731257,1680.0846980935894,15,4.1801353,4.0604987,-0.1196365999999997,1680.0846980935894,15,0.829713271148895,116.0,2.9039964490211325
254,0.0007586787788878,-3.408992584493088,4.1803322,4.060813899999999,4.1569431933333325,12.622374658544004,1680.074698248878,15,4.1803322,4.060813899999999,-0.1195183000000001,1680.074698248878,15,0.829794201273716,115.0,2.904279704458006
255,0.0007586278581545,-3.408909813867422,4.1800566,4.060617,4.1567411199999995,12.620710487260254,1680.0806980957277,15,4.1800566,4.060617,-0.1194396000000006,1680.0806980957277,15,0.8294645544137146,114.0,2.903125940448001
256,0.000759343904004,-3.408346861733469,4.1800961,4.0605779,4.156743653333334,12.618491187768534,1680.0786981252022,15,4.1800961,4.0605779,-0.1195181999999999,1680.0786981252022,15,0.8293623192302214,113.0,2.902768117305775
257,0.0007612080685752,-3.4129751968142146,4.1798205,4.0602231,4.156541533333334,12.64076068324987,1680.0706981378607,15,4.1798205,4.0602231,-0.1195973999999999,1680.0706981378607,15,0.829038529247078,112.0,2.901634852364773
258,0.0007619200638382,-3.402675961715381,4.1801353,4.0602627,4.1565493600000005,12.591625983830742,1680.0866982149892,15,4.1801353,4.0602627,-0.1198725999999998,1680.0866982149892,15,0.8287996956710374,111.0,2.900798934848631
259,0.00076345792911,-3.405126834988713,4.1800566,4.060184,4.1565861,12.603230565903932,1680.0766982347704,15,4.1800566,4.060184,-0.1198726000000007,1680.0766982347704,15,0.8286243264894512,110.0,2.900185142713079
260,0.0007616094476902,-3.409554367122985,4.1799383,4.0603809,4.15669638,12.621721774660738,1680.0806982112117,15,4.1799383,4.0603809,-0.1195573999999997,1680.0806982112117,15,0.8285111548801768,109.0,2.8997890420806187
262,0.0007653362630969,-3.406644942217445,4.1800961,4.060184,4.156712113333332,12.607103719002478,1680.0726981097832,15,4.1800961,4.060184,-0.1199121000000005,1680.0726981097832,15,0.8286158195903471,107.0,2.900155368566215
263,0.0007637188116397,-3.405063869393574,4.1800175,4.060184,4.156599259999999,12.600365687259998,1680.0806981595233,15,4.1800175,4.060184,-0.1198335000000003,1680.0806981595233,15,0.8280959543368679,106.0,2.898335840179038
264,0.0007631768849426,-3.4013732346828633,4.1798205,4.0600657,4.156418113333333,12.58163925358556,1680.0746982507408,15,4.1798205,4.0600657,-0.1197547999999999,1680.0746982507408,15,0.827730972985142,105.0,2.897058405447997
265,0.0007638566156268,-3.408813202396761,4.1798992,4.0601444,4.156596660000001,12.61846740719491,1680.0766982473433,15,4.1798992,4.0601444,-0.1197547999999999,1680.0766982473433,15,0.8276052187469772,104.0,2.8966182656144204
266,0.000764016513836,-3.402126253175172,4.1798992,4.0601053,4.156517920000001,12.586620357643769,1680.0826981514692,15,4.1798992,4.0601053,-0.1197939000000003,1680.0826981514692,15,0.827336655780164,103.0,2.895678295230574
267,0.0007663787241112,-3.407215687015815,4.1800175,4.0599084,4.156509986666667,12.612962006734293,1680.086698172614,15,4.1800175,4.0599084,-0.1201090999999996,1680.086698172614,15,0.8271455606046544,102.0,2.8950094621162905
268,0.0007869885988739,-3.4131398054861273,4.1800175,4.0584116,4.15634724,12.640302555039,1680.0766981765628,15,4.1800175,4.0584116,-0.1216058999999996,1680.0766981765628,15,0.826842529100168,101.0,2.893948851850588
269,0.000766083490528,-3.404843477111182,4.179781,4.0597506,4.156313133333334,12.599108285423842,1680.0826980988495,15,4.179781,4.0597506,-0.1200304,1680.0826980988495,15,0.8266164461750904,100.0,2.8931575616128167
270,0.0007671383482369,-3.404584495658783,4.1798205,4.0597901,4.156415586666666,12.596454669602792,1680.082698114682,15,4.1798205,4.0597901,-0.1200304,1680.082698114682,15,0.826464428731864,99.0,2.892625500561524
271,0.0007661857303055,-3.4041657764433,4.1799779,4.0599475,4.156512613333333,12.59694781963002,1680.0846982500516,15,4.1799779,4.0599475,-0.1200304,1680.0846982500516,15,0.8263354680597018,98.0,2.8921741382089565
272,0.0007676811681792,-3.411388833261835,4.1800175,4.059868799999999,4.156583526666666,12.632812343127732,1680.0826982124709,15,4.1800175,4.059868799999999,-0.1201487000000005,1680.0826982124709,15,0.8261485789432585,97.0,2.891520026301405
273,0.0007895260143778,-3.4209624216646577,4.1798596,4.058136,4.156289493333333,12.67847784687984,1680.084698214661,15,4.1798596,4.058136,-0.1217236000000001,1680.084698214661,15,0.8257858650122455,96.0,2.890250527542859
274,0.0007687024753788,-3.4033396126959574,4.179781,4.0595145,4.156231719999999,12.592870343020792,1680.0766981085762,15,4.179781,4.0595145,-0.1202665000000005,1680.0766981085762,15,0.8255537241103594,95.0,2.889438034386258
275,0.0007710043125626,-3.400695976865919,4.1798992,4.0594358,4.156279013333334,12.58117545886646,1680.0786981401034,15,4.1798992,4.0594358,-0.1204634000000002,1680.0786981401034,15,0.8253448114431423,94.0,2.888706840050998
276,0.0007690222315397,-3.4020093459607623,4.1798205,4.0595932,4.156321040000001,12.58677833505256,1680.0786981820129,15,4.1798205,4.0595932,-0.1202272999999998,1680.0786981820129,15,0.8251687567907904,93.0,2.888090648767766
277,0.000791577771282,-3.4173749685304933,4.1798205,4.0578604,4.156116193333334,12.663095050467769,1680.0846981192008,15,4.1798205,4.0578604,-0.1219600999999999,1680.0846981192008,15,0.8250471800482461,92.0,2.887665130168861
278,0.0007703918560911,-3.401442085288787,4.1798596,4.0593572,4.15616874,12.585955796692437,1680.0826981444843,15,4.1798596,4.0593572,-0.1205024000000003,1680.0826981444843,15,0.8248636804994031,91.0,2.8870228817479107
279,0.0008130957354245,-3.431860877671419,4.179741399999999,4.0564036,4.15609518,12.730791490686268,1680.082698113751,15,4.179741399999999,4.0564036,-0.1233377999999989,1680.082698113751,15,0.8246858939679437,90.0,2.886400628887803
280,0.0007736194106649,-3.4013747882908505,4.1798992,4.0592389,4.156250106666666,12.583401352507792,1680.086698167026,15,4.1798992,4.0592389,-0.1206602999999999,1680.086698167026,15,0.8244620029081409,89.0,2.885617010178493
281,0.0007716273626738,-3.4079191970366742,4.179741399999999,4.0593176,4.156252733333334,12.61450814295512,1680.0826981635764,15,4.179741399999999,4.0593176,-0.1204237999999993,1680.0826981635764,15,0.8243174491794166,88.0,2.885111072127958
282,0.000771753066594,-3.4041682742013584,4.1798596,4.0593176,4.156234313333333,12.59826053296388,1680.0946982246824,15,4.1798596,4.0593176,-0.1205420000000003,1680.0946982246824,15,0.824046047560764,87.0,2.884161166462674
283,0.0007728948309739,-3.3991712816239223,4.179583999999999,4.0589633,4.15591144,12.571813573645162,1680.096698242705,15,4.179583999999999,4.0589633,-0.120620699999999,1680.096698242705,15,0.8237894915809072,86.0,2.883263220533175
284,0.0007740429570726,-3.402230325402174,4.1795449,4.0588841,4.1559298133333336,12.588766071233112,1680.094698079396,15,4.1795449,4.0588841,-0.1206607999999995,1680.094698079396,15,0.8235391544041025,85.0,2.882387040414359
285,0.0007945899240095,-3.4186005032943956,4.1797023,4.0574665,4.155919366666667,12.669877098197125,1680.0961472135969,15,4.1797023,4.0574665,-0.1222357999999994,1680.0961472135969,15,0.8234673436969091,84.0,2.882135702939182
286,0.0007734021037235,-3.4030587747995575,4.1797023,4.059042,4.156053226666667,12.592298171060603,1680.1030015489089,15,4.1797023,4.059042,-0.1206602999999999,1680.1030015489089,15,0.8232947080676852,83.0,2.8815314782368984
288,0.0008018212939992,-3.4122850052674343,4.1795449,4.0568762000000005,4.155722426666667,12.634752618444764,1680.083001382649,15,4.1795449,4.0568762000000005,-0.1226686999999993,1680.083001382649,15,0.823211783261254,81.0,2.881241241414389
289,0.0007492267198839,-3.3808967930030493,4.1793871,4.0604987,4.15581426,12.483508145064626,1680.0750014930964,15,4.1793871,4.0604987,-0.1188883999999994,1680.0750014930964,15,0.8226398297059461,80.0,2.879239403970811
290,0.0007502345923198,-3.380017239791928,4.1795449,4.0604987,4.1558746866666665,12.481928051672885,1680.0770014971497,15,4.1795449,4.0604987,-0.1190461999999996,1680.0770014971497,15,0.82236848629286,79.0,2.8782897020250098
291,0.0007775707767849,-3.40249212068613,4.1794267,4.0584512,4.155719826666667,12.590085788972749,1680.087001465261,15,4.1794267,4.0584512,-0.1209754999999992,1680.087001465261,15,0.8221562322313677,78.0,2.8775468128097867
292,0.0007798631097806,-3.398141079206194,4.1795449,4.0582938,4.155672526666666,12.56914036656062,1680.081001363695,15,4.1795449,4.0582938,-0.1212510999999993,1680.081001363695,15,0.8218774883446102,77.0,2.8765712092061357
293,0.0007769781030698,-3.401480839602899,4.1793871,4.0584116,4.1556357466666665,12.585492779245875,1680.0810015210882,15,4.1793871,4.0584116,-0.1209754999999992,1680.0810015210882,15,0.8216903049362136,76.0,2.875916067276748
294,0.0007778533137252,-3.403512338606734,4.1794658,4.0584116,4.155706633333333,12.595948500381414,1680.0770014971497,15,4.1794658,4.0584116,-0.1210541999999996,1680.0770014971497,15,0.8216066760806903,75.0,2.875623366282416
295,0.0007799155615352,-3.4028984489251024,4.179268799999999,4.0581756,4.155591133333333,12.589651579518485,1680.077001322992,15,4.179268799999999,4.0581756,-0.1210931999999989,1680.077001322992,15,0.8214076895114858,74.0,2.8749269132902
296,0.0007787655948898,-3.3927754937639296,4.1797023,4.0584512,4.155719786666667,12.542604530994804,1680.077001496218,15,4.1797023,4.0584512,-0.1212510999999993,1680.077001496218,15,0.8212648863345194,73.0,2.874427102170818
297,0.0007808104018197,-3.4042582179934056,4.179348,4.0582151,4.155696160000001,12.595641057524292,1680.0810012705624,15,4.179348,4.0582151,-0.1211329000000001,1680.0810012705624,15,0.8210863629294555,72.0,2.873802270253094
298,0.0007524308104212,-3.3843541210126507,4.1795053,4.0602627,4.155809053333334,12.501521901174351,1680.073001295328,15,4.1795053,4.0602627,-0.1192425999999997,1680.073001295328,15,0.8208780754895211,71.0,2.873073264213324
299,0.0007795409344102,-3.4042026036407864,4.1793871,4.0583329,4.1557355199999995,12.596395686164954,1680.077001363039,15,4.1793871,4.0583329,-0.1210541999999996,1680.077001363039,15,0.8207825307922169,70.0,2.872738857772759
300,0.0007825868530923,-3.400757685181087,4.179348,4.0579786,4.155546533333333,12.581067115588873,1680.0770015120506,15,4.179348,4.0579786,-0.1213693999999998,1680.0770015120506,15,0.8203706816768588,69.0,2.871297385869006
301,0.0007541275041783,-3.3774265299216233,4.179348,4.0601053,4.155704053333333,12.464955993427916,1680.073001488112,15,4.179348,4.0601053,-0.1192427,1680.073001488112,15,0.8201254874378412,68.0,2.870439206032444
302,0.0007796367402226,-3.4037091239196906,4.1792297,4.0582151,4.155617353333334,12.591781898229572,1680.0810015052557,15,4.1792297,4.0582151,-0.1210145999999996,1680.0810015052557,15,0.8200971543029977,67.0,2.870340040060492
303,0.0008054973298169,-3.4130137151018123,4.179348,4.056364100000001,4.155444186666667,12.64002832269314,1680.0930013656616,15,4.179348,4.056364100000001,-0.1229838999999994,1680.0930013656616,15,0.8198898812022197,66.0,2.869614584207769
304,0.0007817057331677,-3.4024132216374694,4.179268799999999,4.0580182,4.155541226666667,12.586877657836876,1680.087001375854,15,4.179268799999999,4.0580182,-0.1212505999999988,1680.087001375854,15,0.8196736596388655,65.0,2.8688578087360295
305,0.0007834784081078,-3.4028210525026,4.1793871,4.0580573,4.155693493333334,12.588338075912,1680.0870015313849,15,4.1793871,4.0580573,-0.1213297999999998,1680.0870015313849,15,0.8195813454186042,64.0,2.8685347089651145
306,0.0007827941576655,-3.3982330732267,4.1793871,4.0579,4.155462486666666,12.569750980067148,1680.0830013658851,15,4.1793871,4.0579,-0.1214870999999995,1680.0830013658851,15,0.8192407140782331,63.0,2.867342499273816
307,0.0007827655767898,-3.4025859625517447,4.1793084,4.0579391000000005,4.155530746666666,12.588758881668298,1680.0810012817385,15,4.1793084,4.0579391000000005,-0.1213692999999995,1680.0810012817385,15,0.8191041648136784,62.0,2.8668645768478744
308,0.0007859104125763,-3.399214483700638,4.1791902,4.0576634,4.155423073333333,12.57056103206854,1680.0810013692826,15,4.1791902,4.0576634,-0.1215267999999998,1680.0810013692826,15,0.8188414074853906,61.0,2.865944926198867
309,0.000810571700644,-3.413028952978233,4.1793871,4.0559311000000005,4.155323346666666,12.640539844104328,1680.0790015161035,15,4.1793871,4.0559311000000005,-0.1234559999999991,1680.0790015161035,15,0.8186476597536118,60.0,2.865266809137641
310,0.0007845183547431,-3.3998491021653163,4.1791902,4.057703,4.15538372,12.576050943692252,1680.0810012556612,15,4.1791902,4.057703,-0.1214871999999998,1680.0810012556612,15,0.8183556239155508,59.0,2.864244683704428
311,0.0007883052085623,-3.3977637201977924,4.179268799999999,4.0573878,4.155289233333333,12.567202452779265,1680.0790013652295,15,4.179268799999999,4.0573878,-0.1218809999999992,1680.0790013652295,15,0.8181355636096386,58.0,2.863474472633735
312,0.0007597036887326,-3.3862208755315457,4.179071899999999,4.0594358,4.155454613333332,12.508308778135875,1680.0730014890432,15,4.179071899999999,4.0594358,-0.1196360999999992,1680.0730014890432,15,0.817939774933888,57.0,2.8627892122686083
314,0.0007898789343925,-3.3920984934266705,4.179268799999999,4.057309200000001,4.15526034,12.535791447276448,1680.0830012708902,15,4.179268799999999,4.057309200000001,-0.1219595999999985,1680.0830012708902,15,0.8178422388114613,55.0,2.862447835840115
315,0.000760551100064,-3.381499512086431,4.1794267,4.0595145,4.15555436,12.488503801730854,1680.077001496218,15,4.1794267,4.0595145,-0.1199121999999999,1680.077001496218,15,0.8176314315886184,54.0,2.8617100105601643
316,0.0008115482664439,-3.404970584835209,4.179071899999999,4.055655000000001,4.155042440000001,12.599406965199949,1680.0950013110414,15,4.179071899999999,4.055655000000001,-0.1234168999999987,1680.0950013110414,15,0.8171637430039377,53.0,2.860073100513782
317,0.0007893774758663,-3.3951522530383436,4.179071899999999,4.0571909,4.155136906666667,12.552712044031594,1680.0890015158802,15,4.179071899999999,4.0571909,-0.1218809999999992,1680.0890015158802,15,0.8169183876555524,52.0,2.8592143567944333
318,0.0007884533360698,-3.400914572449165,4.1791511,4.0573487,4.155281386666666,12.580552073235928,1680.0930015295744,15,4.1791511,4.0573487,-0.1218023999999999,1680.0930015295744,15,0.8167635469792447,51.0,2.8586724144273563
319,0.0007892588419163,-3.394845178561158,4.1791511,4.057309200000001,4.1552420266666665,12.5482517637161,1680.097001538612,15,4.1791511,4.057309200000001,-0.1218418999999997,1680.097001538612,15,0.8165051702380177,50.0,2.857768095833062
320,0.0007896680392797,-3.397801807095887,4.179111499999999,4.0571518,4.15513694,12.566348689098152,1680.0930013274774,15,4.179111499999999,4.0571518,-0.1219596999999996,1680.0930013274774,15,0.8162715608024088,49.0,2.856950462808431
321,0.0007916956596649,-3.398693751097044,4.178914499999999,4.0569153,4.155031993333333,12.569600950238922,1680.0990013061091,15,4.178914499999999,4.0569153,-0.1219991999999994,1680.0990013061091,15,0.8159870344663399,48.0,2.8559546206321897
322,0.0008187855175517,-3.4081128216491807,4.1793084,4.0551825,4.15503982,12.617617011044883,1680.085001513362,15,4.1793084,4.0551825,-0.1241259000000001,1680.085001513362,15,0.8157713199705859,47.0,2.855199619897051
323,0.0007925170261028,-3.393569822545358,4.1790328,4.0569153,4.155042400000001,12.543852191685987,1680.0790013587102,15,4.1790328,4.0569153,-0.1221174999999998,1680.0790013587102,15,0.8154645484025072,46.0,2.854125919408775
324,0.0008183022927392,-3.406108588239586,4.1791511,4.055064700000001,4.154874426666667,12.605771969176775,1680.091001270339,15,4.1791511,4.055064700000001,-0.1240863999999994,1680.091001270339,15,0.8151834157293986,45.0,2.853141955052895
325,0.0008167074521602,-3.4063977173287068,4.1791511,4.0553403,4.155052919999999,12.605203466878198,1680.091001429595,15,4.1791511,4.0553403,-0.1238108000000002,1680.091001429595,15,0.8151191722584556,44.0,2.8529171029045948
326,0.0008195443733523,-3.4075739345403635,4.178796299999999,4.0548677,4.154761533333333,12.610002274462827,1680.099001556635,15,4.178796299999999,4.0548677,-0.1239285999999992,1680.099001556635,15,0.8147673610039218,43.0,2.8516857635137263
327,0.0008185092369878,-3.413084390615838,4.179111499999999,4.0551038,4.154982026666667,12.64084698656252,1680.101001508534,15,4.179111499999999,4.0551038,-0.124007699999999,1680.101001508534,15,0.8146614037017149,42.0,2.8513149129560023
328,0.0008190411743039,-3.407662920316157,4.1789541,4.0549464,4.15481144,12.61160038341086,1680.109001353383,15,4.1789541,4.0549464,-0.1240076999999999,1680.109001353383,15,0.8143537217403731,41.0,2.850238026091306
329,0.0007961635390588,-3.394944092840795,4.178914499999999,4.0565214,4.154884880000001,12.550794581587926,1680.097001538612,15,4.178914499999999,4.0565214,-0.1223930999999991,1680.097001538612,15,0.8140636507783432,40.0,2.849222777724201
330,0.0007966728647797,-3.392015941043687,4.179111499999999,4.056639700000001,4.15501096,12.535697296345116,1680.0830013500529,15,4.179111499999999,4.056639700000001,-0.1224717999999986,1680.0830013500529,15,0.8138975365137878,39.0,2.8486413777982573
331,0.0007977446207512,-3.3892958497350385,4.1788754,4.056206700000001,4.154624986666666,12.524324861081912,1680.08300152421,15,4.1788754,4.056206700000001,-0.1226686999999993,1680.08300152421,15,0.8133806678734573,38.0,2.8468323375571005
332,0.0007992575028835,-3.39539905380273,4.1787572,4.056206700000001,4.154761606666667,12.55032916462035,1680.0790012814105,15,4.1787572,4.056206700000001,-0.1225504999999991,1680.0790012814105,15,0.8133871922406287,37.0,2.8468551728422007
333,0.000768833600734,-3.376247097224202,4.178835899999999,4.0583725,4.154890153333333,12.459538890739651,1680.0750015089288,15,4.178835899999999,4.0583725,-0.1204633999999993,1680.0750015089288,15,0.8130752184370741,36.0,2.8457632645297593
334,0.000797082264534,-3.3919916789426923,4.178835899999999,4.0563245000000006,4.154722146666667,12.53670383274898,1680.0810012714935,15,4.178835899999999,4.0563245000000006,-0.1225113999999987,1680.0810012714935,15,0.8128976442277398,35.0,2.845141754797089
335,0.0007725047312798,-3.3720185403162435,4.1788754,4.0580573,4.154774686666666,12.44063194017954,1680.07300125435,15,4.1788754,4.0580573,-0.1208181000000001,1680.07300125435,15,0.812604885929245,34.0,2.844117100752358
336,0.0007989681543802,-3.390844098476495,4.1787176,4.0560489,4.154554119999999,12.531204720472571,1680.087001441978,15,4.1787176,4.0560489,-0.1226686999999993,1680.087001441978,15,0.8122042774093187,33.0,2.842714970932615
337,0.000826740092994,-3.405940772587316,4.1788754,4.0541587,4.154480586666667,12.60518321627544,1680.091001302004,15,4.1788754,4.0541587,-0.1247166999999995,1680.091001302004,15,0.8120836800395284,32.0,2.84229288013835
338,0.0008007682410935,-3.393136212681827,4.1787572,4.055970200000001,4.154604026666666,12.542319400134613,1680.09300127998,15,4.1787572,4.055970200000001,-0.1227869999999988,1680.09300127998,15,0.811951999865064,31.0,2.8418319995277237
340,0.0008281858196898,-3.403193088157856,4.1787176,4.0538831,4.154270553333333,12.591389587344434,1680.0990015268326,15,4.1787176,4.0538831,-0.1248344999999995,1680.0990015268326,15,0.8116218824747726,29.0,2.840676588661704
341,0.000801600766704,-3.389029261921892,4.178560299999999,4.055694600000001,4.154346853333334,12.521543525345994,1680.0890014916658,15,4.178560299999999,4.055694600000001,-0.1228656999999984,1680.0890014916658,15,0.8111996092898993,28.0,2.839198632514647
342,0.0008031057053685,-3.389944080687187,4.1786785,4.0556159,4.1543704,12.528248170128254,1680.0790014117956,15,4.1786785,4.0556159,-0.1230625999999999,1680.0790014117956,15,0.8108683411657905,27.0,2.8380391940802667
343,0.0008021044327112,-3.3862850160767746,4.178638899999999,4.055694600000001,4.154357253333333,12.508811142359558,1680.0810015201569,15,4.178638899999999,4.055694600000001,-0.1229442999999985,1680.0810015201569,15,0.8106931627136037,26.0,2.837426069497613
344,0.0008054324533123,-3.389267696361568,4.178442,4.0553403,4.154228633333334,12.521466877262595,1680.0750014930964,15,4.178442,4.0553403,-0.1231017000000003,1680.0750014930964,15,0.8103518950287931,25.0,2.836231632600776
345,0.0008055503079423,-3.386892791451712,4.1786785,4.055537200000001,4.154415033333334,12.510601867359714,1680.0770012512803,15,4.1786785,4.055537200000001,-0.1231412999999994,1680.0770012512803,15,0.8101465913516865,24.0,2.835513069730903
346,0.0007748277956055,-3.372875325241949,4.1784816,4.0575061,4.154375613333333,12.444994055965743,1680.073001421988,15,4.1784816,4.0575061,-0.1209754999999992,1680.073001421988,15,0.8098509385730555,23.0,2.834478285005694
347,0.0007767861155135,-3.3670162469127587,4.1786785,4.0575457,4.154488593333332,12.413119435123397,1680.0730014666915,15,4.1786785,4.0575457,-0.1211327999999998,1680.0730014666915,15,0.8096993905567177,22.0,2.833947866948512
348,0.0008085789390612,-3.3878959529491155,4.1785994,4.0551825,4.154254853333333,12.516429898941183,1680.0810012742877,15,4.1785994,4.0551825,-0.1234169000000005,1680.0810012742877,15,0.8094985412365135,21.0,2.8332448943277972
349,0.0008323744390541,-3.405288082085786,4.1785207,4.0534892,4.154144586666667,12.599662432300644,1680.0810012891889,15,4.1785207,4.0534892,-0.1250315000000004,1680.0810012891889,15,0.8091965755786131,20.0,2.832188014525146
350,0.0008079463782269,-3.3816114775148853,4.178442,4.055025100000001,4.154008053333333,12.484541505283724,1680.079001251608,15,4.178442,4.055025100000001,-0.1234168999999996,1680.079001251608,15,0.8088321393475634,19.0,2.8309124877164717
351,0.0008353173551935,-3.405068803652957,4.178560299999999,4.0532923,4.1541236066666665,12.598535564995911,1680.1030014678836,15,4.178560299999999,4.0532923,-0.1252679999999992,1680.1030014678836,15,0.8086981279842508,18.0,2.830443447944878
352,0.0008626798925317,-3.411267731491282,4.1784816,4.0512052,4.1537272199999995,12.630933810608203,1680.1130014881492,15,4.1784816,4.0512052,-0.1272763999999995,1680.1130014881492,15,0.8083920064068312,17.0,2.829372022423909
353,0.0008320885746521,-3.400813031827006,4.178560299999999,4.0534892,4.154092093333333,12.57798056717273,1680.1090012704954,15,4.178560299999999,4.0534892,-0.1250710999999995,1680.1090012704954,15,0.8082331105883791,16.0,2.828815887059327
354,0.0008110874659954,-3.388198362754613,4.1785207,4.0548677,4.154097360000001,12.519130892422112,1680.087001517415,15,4.1785207,4.0548677,-0.123653,1680.087001517415,15,0.8080212980272278,15.0,2.828074543095297
355,0.0008111022026926,-3.3945604031730325,4.178560299999999,4.0549855,4.154265313333333,12.549693007343468,1680.0870012855155,15,4.178560299999999,4.0549855,-0.1235747999999992,1680.0870012855155,15,0.8077830776186217,14.0,2.827240771665176
356,0.0008120846724849,-3.3864055513248457,4.178560299999999,4.0548677,4.154142026666667,12.508452662279044,1680.0830015251413,15,4.178560299999999,4.0548677,-0.1236925999999991,1680.0830015251413,15,0.8074727800567333,13.0,2.8261547301985663
357,0.0008104052804302,-3.3875532476440102,4.1783237,4.0548282,4.15400812,12.513336844135946,1680.0950014060363,15,4.1783237,4.0548282,-0.1234954999999997,1680.0950014060363,15,0.8072235691427174,12.0,2.825282491999511
358,0.0008380834094378,-3.400456326072011,4.178560299999999,4.0530562,4.154018593333333,12.576635749239806,1680.0970013504848,15,4.178560299999999,4.0530562,-0.1255040999999987,1680.0970013504848,15,0.8070124743450828,11.0,2.82454366020779
359,0.0008129267433869,-3.3860131648129617,4.1783633,4.0545921,4.153913546666667,12.50547592640446,1680.0750013655052,15,4.1783633,4.0545921,-0.1237712000000001,1680.0750013655052,15,0.8066133564965431,10.0,2.823146747737901
360,0.0008142363289168,-3.379882412152728,4.1785994,4.054513,4.15387154,12.48024893387504,1680.085001513362,15,4.1785994,4.054513,-0.1240864000000003,1680.085001513362,15,0.8061715362006684,9.0,2.821600376702339
361,0.000814291519884,-3.3873698232052085,4.178205999999999,4.0543556,4.153771813333333,12.512703264276375,1680.0930013656616,15,4.178205999999999,4.0543556,-0.1238503999999993,1680.0930013656616,15,0.8059496174849263,8.0,2.820823661197242
362,0.0008166939708898,-3.381803741356936,4.1783633,4.0542769,4.153795386666666,12.485159780915732,1680.0930013200268,15,4.1783633,4.0542769,-0.1240864000000003,1680.0930013200268,15,0.8056958069370042,7.0,2.8199353242795144
363,0.0008162878552055,-3.387633819554474,4.1783237,4.0542769,4.153816446666666,12.513652288104543,1680.0810014232993,15,4.1783237,4.0542769,-0.1240468000000003,1680.0810014232993,15,0.8055232107852415,6.0,2.819331237748345
364,0.00081577893065,-3.3835491413204557,4.1783633,4.0542769,4.153756,12.496033624074403,1680.0990015417335,15,4.1783633,4.0542769,-0.1240864000000003,1680.0990015417335,15,0.8052009877229435,5.0,2.818203457030302
366,0.0008183669816578,-3.3817279981278743,4.1783237,4.0540404,4.1536615066666664,12.486019902958304,1680.0710012726486,15,4.1783237,4.0540404,-0.1242833000000001,1680.0710012726486,15,0.8048643498001532,3.0,2.817025224300536
367,0.0007890893555577,-3.366301288877449,4.178166399999999,4.0561275000000006,4.153829473333333,12.409551949456276,1680.0630014836788,15,4.178166399999999,4.0561275000000006,-0.1220388999999988,1680.0630014836788,15,0.8046220425961833,2.0,2.8161771490866414
368,0.0008193083541517,-3.3784894905593776,4.1783237,4.0540013,4.153653680000001,12.469749385048818,1680.0730013707653,15,4.1783237,4.0540013,-0.1243223999999996,1680.0730013707653,15,0.8041649125948667,1.0,2.8145771940820334
369,0.0008194607328655,-3.381650639438164,4.178008999999999,4.0538044,4.153488253333333,12.482741107210302,1680.0710012614727,15,4.178008999999999,4.0538044,-0.1242045999999996,1680.0710012614727,15,0.8038280618838354,0.0,2.813398216593424
370,0.0008211929793423,-3.37983299429975,4.1782846,4.0538044,4.153582766666667,12.47696498077433,1680.0750013962388,15,4.1782846,4.0538044,-0.1244801999999998,1680.0750013962388,15,0.8035958430946958,-1.0,2.812585450831435
371,0.0008210210288592,-3.380366366630696,4.178166399999999,4.053647,4.153420006666666,12.48048389200626,1680.0730014368892,15,4.178166399999999,4.053647,-0.1245193999999996,1680.0730014368892,15,0.8032309842129363,-2.0,2.811308444745277
372,0.0008222846181868,-3.3857484314793345,4.1782451,4.0537648,4.15365626,12.50591529434077,1680.0790013335643,15,4.1782451,4.0537648,-0.1244803000000001,1680.0790013335643,15,0.8032191701153659,-3.0,2.811267095403781
373,0.0007912065026092,-3.3643713677869167,4.1779695,4.055734200000001,4.153551326666667,12.399478921352744,1680.0750014334917,15,4.1779695,4.055734200000001,-0.1222352999999989,1680.0750014334917,15,0.8027634406958002,-4.0,2.809672042435301
374,0.0008217007377898,-3.3852261234926977,4.178166399999999,4.0538044,4.153653686666667,12.501093722624194,1680.0710014188662,15,4.178166399999999,4.0538044,-0.1243619999999996,1680.0710014188662,15,0.8026921589882502,-5.0,2.8094225564588755
375,0.0008211930329195,-3.384657967281353,4.178166399999999,4.0537648,4.153580133333333,12.499575960842163,1680.0730014666915,15,4.178166399999999,4.0537648,-0.1244015999999996,1680.0730014666915,15,0.8023770404078309,-6.0,2.808319641427408
376,0.0008228790209135,-3.3800542617880125,4.1782846,4.0536075,4.153490893333333,12.478991221735727,1680.0730013251305,15,4.1782846,4.0536075,-0.1246770999999995,1680.0730013251305,15,0.8020734856961104,-7.0,2.8072571999363864
377,0.0008224027942345,-3.3828474728373465,4.178126799999999,4.053647,4.15352242,12.491393730725576,1680.0770013146102,15,4.178126799999999,4.053647,-0.1244797999999995,1680.0770013146102,15,0.8018971789779418,-8.0,2.806640126422796
378,0.0008240255110828,-3.3787373451231213,4.178126799999999,4.0534501,4.1533911,12.471080495867962,1680.0750013897195,15,4.178126799999999,4.0534501,-0.1246766999999993,1680.0750013897195,15,0.8015913352628956,-9.0,2.8055696734201345
379,0.0007944186509042,-3.3588618845770055,4.1780481,4.0554976,4.1534699,12.372412600272291,1680.0730013707653,15,4.1780481,4.0554976,-0.1225505,1680.0730013707653,15,0.8012960065347929,-10.0,2.8045360228717753
380,0.0008262244073278,-3.3781832404688776,4.1778121,4.0530562,4.153125973333333,12.468174944269144,1680.0790012767538,15,4.1778121,4.0530562,-0.1247558999999993,1680.0790012767538,15,0.8008931856128317,-11.0,2.803126149644911
381,0.0008528311828831,-3.392645559455294,4.178008999999999,4.051323399999999,4.15310758,12.538533140347766,1680.0930012762549,15,4.178008999999999,4.051323399999999,-0.1266856,1680.0930012762549,15,0.8007377140201433,-12.0,2.8025819990705014
382,0.0008251557015812,-3.3809776996085574,4.178008999999999,4.0533319,4.153359646666667,12.482350764794298,1680.0810015052557,15,4.178008999999999,4.0533319,-0.1246770999999995,1680.0810015052557,15,0.8005943474664796,-13.0,2.8020802161326785
383,0.0008272260326959,-3.3777886320762462,4.1778121,4.0529776,4.15310242,12.464182379777167,1680.087001517415,15,4.1778121,4.0529776,-0.1248344999999995,1680.087001517415,15,0.8001812789048934,-14.0,2.800634476167127
384,0.0008287706432197,-3.3806120662266252,4.177693799999999,4.052702,4.15294224,12.477816777538967,1680.0930013647303,15,4.177693799999999,4.052702,-0.1249917999999992,1680.0930013647303,15,0.7998410781936304,-15.0,2.7994437736777065
385,0.0008309598793935,-3.3765982004506503,4.1779299,4.052702,4.153044606666667,12.459845898236637,1680.1010015448555,15,4.1779299,4.052702,-0.1252278999999996,1680.1010015448555,15,0.7995746605452868,-16.0,2.798511311908504
386,0.0008293561035792,-3.3807072709820187,4.1778512,4.0528593,4.1531364733333325,12.478814429646793,1680.0950012961405,15,4.1778512,4.0528593,-0.1249919000000003,1680.0950012961405,15,0.7993821039873984,-17.0,2.797837363955894
387,0.0008317702343178,-3.379146495589849,4.1777725,4.0525837,4.152994726666666,12.471575233282142,1680.0950013697147,15,4.1777725,4.0525837,-0.1251888000000001,1680.0950013697147,15,0.7990925594512649,-18.0,2.796823958079427
388,0.0008850627722463,-3.4129687689411083,4.1778121,4.0490789,4.152931673333332,12.635297736088985,1680.1090013440698,15,4.1778121,4.0490789,-0.1287332000000001,1680.1090013440698,15,0.7988381753001382,-19.0,2.795933613550484
389,0.0008851600713045,-3.4065199757307423,4.1778121,4.0489607,4.1527663200000005,12.603673597435826,1680.1110015669838,15,4.1778121,4.0489607,-0.1288513999999994,1680.1110015669838,15,0.7984863421876552,-20.0,2.794702197656793
390,0.0008324743233697,-3.3780226766886186,4.1778512,4.0526624,4.15310494,12.464340050397038,1680.1110013695434,15,4.1778512,4.0526624,-0.1251888000000001,1680.1110013695434,15,0.7982804492060003,-21.0,2.793981572221001
392,0.0008356845388517,-3.3726979200643417,4.1780877,4.0524654,4.15306298,12.441833012050232,1680.0870015313849,15,4.1780877,4.0524654,-0.1256222999999998,1680.0870015313849,15,0.7979499631457317,-23.0,2.792824871010061
393,0.0008349716838221,-3.3750600183494037,4.1777725,4.052308099999999,4.152879173333333,12.451208548516544,1680.087001517415,15,4.1777725,4.052308099999999,-0.1254644000000002,1680.087001517415,15,0.7974375748643273,-24.0,2.7910315120251457
394,0.0008352994173792,-3.3760327272646613,4.1775756,4.0521502,4.152747893333333,12.455134719435527,1680.1010013110936,15,4.1775756,4.0521502,-0.1254254000000001,1680.1010013110936,15,0.797042404357484,-25.0,2.789648415251194
395,0.0008651515075521,-3.3901349361571915,4.1777334,4.0501814,4.152674393333333,12.52336606509532,1680.0890014329923,15,4.1777334,4.0501814,-0.1275520000000005,1680.0890014329923,15,0.79676175874597,-26.0,2.788666155610895
396,0.0008368312693609,-3.3709457583522147,4.1777725,4.0520716,4.152724266666666,12.433290415038794,1680.0930015435442,15,4.1777725,4.0520716,-0.1257009,1680.0930015435442,15,0.7964010002192617,-27.0,2.7874035007674163
397,0.0008383778918312,-3.375846675638869,4.1776543,4.051992899999999,4.152774113333333,12.454080578784213,1680.0950013510885,15,4.1776543,4.051992899999999,-0.1256614000000011,1680.0950013510885,15,0.7960239563978797,-28.0,2.786083847392579
398,0.0008368951523199,-3.378952325526796,4.1777334,4.0521111,4.1528293,12.47055749960266,1680.0950015475971,15,4.1777334,4.0521111,-0.1256222999999998,1680.0950015475971,15,0.7958529747356307,-29.0,2.785485411574707
399,0.0008655073743206,-3.389951206821781,4.1776543,4.050024,4.152537926666666,12.5237089615976,1680.1070012962446,15,4.1776543,4.050024,-0.1276303000000007,1680.1070012962446,15,0.7954542236936151,-30.0,2.7840897829276527
400,0.0008396658357298,-3.3701441555737155,4.177693799999999,4.051796,4.152611386666666,12.428463881712164,1680.097001535818,15,4.177693799999999,4.051796,-0.1258977999999988,1680.097001535818,15,0.7951769260885192,-31.0,2.783119241309817
401,0.0008412845194811,-3.372872243720847,4.1775365,4.0517173,4.15264814,12.438546232939984,1680.0950013697147,15,4.1775365,4.0517173,-0.1258192000000004,1680.0950013697147,15,0.7948796689258201,-32.0,2.78207884124037
402,0.0008405288875449,-3.3746289510934084,4.1776152,4.0517564,4.152658693333334,12.449471480060058,1680.0990013368428,15,4.1776152,4.0517564,-0.1258587999999996,1680.0990013368428,15,0.7945438229854135,-33.0,2.7809033804489474
403,0.0008951091496826,-3.399071655541242,4.1774573,4.04774,4.152068013333333,12.568848890943016,1680.1090015629306,15,4.1774573,4.04774,-0.1297173000000002,1680.1090015629306,15,0.7940475098179408,-34.0,2.779166284362793
404,0.0008423007836023,-3.3678106565691333,4.1774573,4.051362999999999,4.152317333333334,12.41668536699292,1680.0970015451312,15,4.1774573,4.051362999999999,-0.126094300000001,1680.0970015451312,15,0.7936973648826957,-35.0,2.777940777089435
405,0.0008726157328297,-3.385258998123738,4.1774573,4.0492759,4.15217034,12.499695146719226,1680.093001528643,15,4.1774573,4.0492759,-0.1281814000000007,1680.093001528643,15,0.7934232439246179,-36.0,2.7769813537361627
406,0.000872738695074,-3.386133798991117,4.1773396,4.0491967,4.1521073133333335,12.505202480670508,1680.109001561068,15,4.1773396,4.0491967,-0.1281428999999994,1680.109001561068,15,0.7929766069077077,-37.0,2.775418124176977
407,0.0008445062119649,-3.3720154359023575,4.1773787,4.0512447,4.152361926666667,12.43467613844348,1680.1130013419315,15,4.1773787,4.0512447,-0.1261340000000004,1680.1130013419315,15,0.7927909923465007,-38.0,2.7747684732127524
408,0.0008743213709757,-3.3852455418520435,4.1774182,4.0490789,4.1520758,12.50126522957964,1680.0990015408024,15,4.1774182,4.0490789,-0.1283393000000003,1680.0990015408024,15,0.792250118471447,-39.0,2.7728754146500645
409,0.0008473291366355,-3.367201700633159,4.1776152,4.0510869,4.152338353333333,12.414729265866772,1680.0990015268326,15,4.1776152,4.0510869,-0.1265283000000003,1680.0990015268326,15,0.7922338143304736,-40.0,2.7728183501566575
410,0.0008469900980821,-3.3665540189484875,4.1773787,4.051047799999999,4.152270073333333,12.408206823695142,1680.0890015196055,15,4.1773787,4.051047799999999,-0.126330900000001,1680.0890015196055,15,0.7919299151002139,-41.0,2.7717547028507488
411,0.0008487481327782,-3.3686318139833222,4.1773,4.0509295,4.15227006,12.415454047209169,1680.095001548529,15,4.1773,4.0509295,-0.1263705000000001,1680.095001548529,15,0.7915738592023962,-42.0,2.770508507208387
412,0.0008481820521369,-3.369610301324271,4.1773787,4.0507722,4.152094253333333,12.42669817640347,1680.095001548529,15,4.1773787,4.0507722,-0.1266065000000003,1680.095001548529,15,0.7911547582356383,-43.0,2.769041653824734
413,0.0008492591274292,-3.3689370154629974,4.1773787,4.0509295,4.152304206666666,12.418005555732588,1680.077001282014,15,4.1773787,4.0509295,-0.1264492000000006,1680.077001282014,15,0.7908943292880004,-44.0,2.7681301525080015
414,0.000878115608554,-3.38798277807644,4.1774182,4.0489211,4.152162553333333,12.51362059472395,1680.0910013653338,15,4.1774182,4.0489211,-0.1284970999999997,1680.0910013653338,15,0.7905843763657926,-45.0,2.767045317280274
415,0.0008521555363097,-3.3657416726532685,4.177260899999999,4.050417899999999,4.15194464,12.40679172497985,1680.08300152421,15,4.177260899999999,4.050417899999999,-0.126843,1680.08300152421,15,0.7900185186415715,-46.0,2.7650648152455
416,0.0008523195320583,-3.3752757243735707,4.1773,4.050575299999999,4.152186113333333,12.451054070690166,1680.0830014999956,15,4.1773,4.050575299999999,-0.1267247000000004,1680.0830014999956,15,0.789997382451211,-47.0,2.7649908385792386
418,0.0008823487352897,-3.379958135859978,4.1770244,4.048173,4.15159806,12.474980716157866,1680.0990015128627,15,4.1770244,4.048173,-0.1288513999999994,1680.0990015128627,15,0.7894007479289511,-49.0,2.7629026177513287
419,0.0008528462346406,-3.368867818225791,4.177063899999999,4.0502996,4.151889473333333,12.419208991163265,1680.0990012586117,15,4.177063899999999,4.0502996,-0.1267642999999996,1680.0990012586117,15,0.7890514027701043,-50.0,2.7616799096953653
420,0.0009090701417254,-3.3987986285351903,4.1771426,4.0465193,4.15165316,12.56556404310518,1680.1310016056525,15,4.1771426,4.0465193,-0.1306232999999999,1680.1310016056525,15,0.788638677101276,-51.0,2.760235369854466
421,0.0008852255983766,-3.3778398365871425,4.1770244,4.0479369,4.151511366666667,12.46329891206464,1680.12700137496,15,4.1770244,4.0479369,-0.1290874999999998,1680.12700137496,15,0.7881144714142715,-52.0,2.7584006499499503
422,0.000886402182652,-3.3852925506370206,4.1771426,4.0480156,4.151721373333333,12.500745978535232,1680.1250013671815,15,4.1771426,4.0480156,-0.1291269999999995,1680.1250013671815,15,0.7879606846732778,-53.0,2.7578623963564723
423,0.0008554190740781,-3.3700329707845293,4.177103,4.0501418,4.151894633333333,12.4252937667612,1680.0950015475971,15,4.177103,4.0501418,-0.1269612000000002,1680.0950015475971,15,0.78758111563151,-54.0,2.756533904710285
424,0.0008852758754288,-3.3825723373168186,4.177103,4.0480156,4.1516321199999995,12.486710828093017,1680.0910015385598,15,4.177103,4.0480156,-0.1290873999999995,1680.0910015385598,15,0.7871215990284742,-55.0,2.75492559659966
425,0.0008274516950349,-3.3447901888151605,4.1771426,4.051992899999999,4.151868406666667,12.303138646363404,1680.07700132858,15,4.1771426,4.051992899999999,-0.1251497000000005,1680.07700132858,15,0.7868144879439489,-56.0,2.7538507078038212
426,0.0008837972698955,-3.379690746443712,4.1769457,4.047976,4.151479846666667,12.47066707819372,1680.081001363695,15,4.1769457,4.047976,-0.1289696999999998,1680.081001363695,15,0.7864794792640898,-57.0,2.7526781774243143
427,0.0008587399356045,-3.3648226448868845,4.1771817,4.0498662,4.151773880000001,12.399783879123197,1680.0770012894643,15,4.1771817,4.0498662,-0.1273154999999999,1680.0770012894643,15,0.7862678442494817,-58.0,2.751937454873186
428,0.000827280686846,-3.3467545584518965,4.177103,4.051953299999999,4.151834320000001,12.312866190275315,1680.07100148499,15,4.177103,4.051953299999999,-0.1251497000000005,1680.07100148499,15,0.7856678349319892,-59.0,2.749837422261962
429,0.0008300830014392,-3.347576094054678,4.1769061,4.0516777,4.1517318733333335,12.3146892050388,1680.071001291275,15,4.1769061,4.0516777,-0.1252284000000001,1680.071001291275,15,0.7852547922319104,-60.0,2.7483917728116865
430,0.0008617329568226,-3.3658565529522706,4.1769061,4.0494332,4.151527153333332,12.405057123832638,1680.0890013687313,15,4.1769061,4.0494332,-0.1274728999999999,1680.0890013687313,15,0.7849373488709851,-61.0,2.747280721048448
431,0.0008638335701352,-3.3678893621812533,4.176867,4.049315,4.151548066666667,12.413422764042938,1680.0770013183355,15,4.176867,4.049315,-0.1275519999999996,1680.0770013183355,15,0.7845670227063571,-62.0,2.74598457947225
432,0.0008645606233695,-3.36066941684032,4.1769848,4.049315,4.151532333333333,12.37825977219988,1680.0850015124306,15,4.1769848,4.049315,-0.1276697999999996,1680.0850015124306,15,0.7841754480280028,-63.0,2.74461406809801
433,0.0008644417183338,-3.359031741855051,4.176867,4.0491576,4.151353833333334,12.369772977505257,1680.1010015457869,15,4.176867,4.0491576,-0.1277093999999996,1680.1010015457869,15,0.7837309466473289,-64.0,2.743058313265651
434,0.0008667425682538,-3.3650634917900657,4.1769848,4.0490394,4.151424733333333,12.402587432150508,1680.0970013327897,15,4.1769848,4.0490394,-0.1279453999999997,1680.0970013327897,15,0.7833210138601735,-65.0,2.7416235485106073
435,0.0008966670786849,-3.3822402013965385,4.1767883,4.046834,4.1511123266666665,12.48524729120832,1680.1010013502091,15,4.1767883,4.046834,-0.1299543000000005,1680.1010013502091,15,0.7828614222838004,-66.0,2.7400149779933014
436,0.0008678236611392,-3.3685377605078948,4.176867,4.0489607,4.151435173333334,12.416973756047138,1680.1050012670455,15,4.176867,4.0489607,-0.1279062999999993,1680.1050012670455,15,0.7825015928174212,-67.0,2.738755574860974
437,0.0008669370592945,-3.3617686692548805,4.1769061,4.0490394,4.15140638,12.383947001147394,1680.093001369387,15,4.1769061,4.0490394,-0.1278667000000002,1680.093001369387,15,0.7820864509532346,-68.0,2.737302578336321
438,0.0008669009106392,-3.362210278385513,4.1767883,4.048882,4.151251506666667,12.386955978108578,1680.0810015052557,15,4.1767883,4.048882,-0.1279063000000002,1680.0810015052557,15,0.7816347277318174,-69.0,2.735721547061361
439,0.0008697427034811,-3.361080628969519,4.1768274,4.0486455,4.151172740000001,12.381061147967852,1680.0770012894643,15,4.1768274,4.0486455,-0.1281818999999995,1680.0770012894643,15,0.7811406567318875,-70.0,2.7339922985616063
440,0.000836346333722,-3.339489902901011,4.1768274,4.0510082,4.151374873333333,12.275968044498317,1680.0750013357028,15,4.1768274,4.0510082,-0.1258191999999995,1680.0750013357028,15,0.780801599997791,-71.0,2.732805599992268
441,0.0008723494633274,-3.3626257345194244,4.1766701,4.0483699,4.15106242,12.387777977985344,1680.0710012800992,15,4.1766701,4.0483699,-0.1283001999999999,1680.0710012800992,15,0.780267464720556,-72.0,2.730936126521946
442,0.0008734569743968,-3.360820439990428,4.1767883,4.0483699,4.15111234,12.378572768208263,1680.073001413606,15,4.1767883,4.0483699,-0.1284184000000001,1680.073001413606,15,0.7799535068959642,-73.0,2.7298372741358747
444,0.0008701941723106,-3.3639097395223923,4.1766701,4.0485272000000005,4.1511044733333335,12.395008577528303,1680.107001415454,15,4.1766701,4.0485272000000005,-0.1281428999999994,1680.107001415454,15,0.7795971558250406,-75.0,2.728590045387642
445,0.0008746600950506,-3.3616532805727655,4.1768274,4.0482912,4.151112373333333,12.383669154735024,1680.0890015214682,15,4.1768274,4.0482912,-0.1285361999999992,1680.0890015214682,15,0.7789134936638142,-76.0,2.72619722782335
446,0.000843635890306,-3.33668097885144,4.1765914,4.050221,4.151002119999999,12.262824132204802,1680.0750013031063,15,4.1765914,4.050221,-0.1263704000000007,1680.0750013031063,15,0.7784219576184269,-77.0,2.724476851664494
447,0.0008763966994266,-3.3524158573606875,4.1766305,4.0478973,4.150747366666667,12.340649869704809,1680.089001534507,15,4.1766305,4.0478973,-0.1287332000000001,1680.089001534507,15,0.7778054941406245,-78.0,2.722319229492186
448,0.00087757398862,-3.357973182391642,4.1765914,4.0478973,4.1508577,12.364205619697628,1680.073001338169,15,4.1765914,4.0478973,-0.1286941000000006,1680.073001338169,15,0.7773494365472703,-79.0,2.720723027915446
449,0.0008777879946678,-3.361894872292153,4.1765914,4.0479369,4.150941726666667,12.383081342424138,1680.0750014707446,15,4.1765914,4.0479369,-0.1286545000000005,1680.0750014707446,15,0.7769305587451946,-80.0,2.719256955608181
450,0.0009074042681011,-3.3710978340910724,4.1767092,4.0459676,4.1507736600000005,12.429036070478382,1680.08100130409,15,4.1767092,4.0459676,-0.1307416000000003,1680.08100130409,15,0.7765229149859332,-81.0,2.717830202450766
451,0.0008498093832054,-3.3353985187427213,4.1764731,4.0496693,4.15080516,12.254099297250695,1680.0770013676956,15,4.1764731,4.0496693,-0.1268038000000002,1680.0770013676956,15,0.7759040362074885,-82.0,2.71566412672621
452,0.0008813502239826,-3.3563816729288716,4.1765518,4.0475821000000005,4.150750013333333,12.3558528886553,1680.0790015161035,15,4.1765518,4.0475821000000005,-0.1289696999999998,1680.0790015161035,15,0.7755958568072217,-83.0,2.714585498825276
453,0.0008818648189492,-3.3559451486100618,4.1765914,4.047543,4.1507395266666665,12.35549960005121,1680.0950015326962,15,4.1765914,4.047543,-0.1290484000000002,1680.0950015326962,15,0.7751249441017177,-84.0,2.712937304356012
454,0.0008829956759666,-3.356786850277266,4.1764336,4.0473461,4.150613533333334,12.357830376794691,1680.0810015201569,15,4.1764336,4.0473461,-0.1290874999999998,1680.0810015201569,15,0.7745327853979874,-85.0,2.710864748892956
455,0.0008830043276663,-3.3490591362997977,4.1764731,4.0472674,4.150474393333334,12.322350694984545,1680.0810013003647,15,4.1764731,4.0472674,-0.1292056999999999,1680.0810013003647,15,0.7739901050531292,-86.0,2.708965367685952
456,0.0008862296523909,-3.355485222287416,4.1764731,4.0471096,4.150555766666666,12.35195754157746,1680.0770015120506,15,4.1764731,4.0471096,-0.1293635000000002,1680.0770015120506,15,0.7736269943312095,-87.0,2.7076944801592333
457,0.000885280448994,-3.3547225062904125,4.1762762,4.0470309,4.150416613333333,12.349083666919924,1680.0730014899746,15,4.1762762,4.0470309,-0.1292453,1680.0730014899746,15,0.7730485769007703,-88.0,2.7056700191526963
458,0.0008524390335666,-3.3333339140593066,4.1763153,4.0492759,4.150553133333333,12.245493674367252,1680.07100149896,15,4.1763153,4.0492759,-0.1270394000000001,1680.07100149896,15,0.7725484212251204,-89.0,2.7039194742879213
459,0.0008903263055154,-3.354430039332419,4.1764336,4.0467949,4.1504717399999995,12.347239597451267,1680.079001517035,15,4.1764336,4.0467949,-0.1296387000000001,1680.079001517035,15,0.7722267699839563,-90.0,2.702793694943847
460,0.000889348696032,-3.3543832224092176,4.1763153,4.0467553,4.150374593333334,12.346846638598452,1680.0790015161035,15,4.1763153,4.0467553,-0.1295599999999996,1680.0790015161035,15,0.7716127938022768,-91.0,2.700644778307969
461,0.0008884405993498,-3.3543542445267462,4.1763153,4.046834,4.150400813333333,12.347100412929894,1680.0710014998913,15,4.1763153,4.046834,-0.1294813000000001,1680.0710014998913,15,0.7711260239922799,-92.0,2.6989410839729797
462,0.0008580892467578,-3.3287849192306536,4.1762762,4.048882,4.150456026666666,12.222343635365856,1680.0750015070662,15,4.1762762,4.048882,-0.1273942000000003,1680.0750015070662,15,0.7706078684654017,-93.0,2.697127539628906
463,0.0008583818303698,-3.336617708965303,4.1762366,4.048803299999999,4.150455986666667,12.258580660937394,1680.0710014319047,15,4.1762366,4.048803299999999,-0.1274333000000007,1680.0710014319047,15,0.7701676433551509,-94.0,2.695586751743028
464,0.0008560295583649,-3.332069806599212,4.1761189,4.048882,4.150358873333333,12.236724384178643,1680.0690013002604,15,4.1761189,4.048882,-0.1272368999999997,1680.0690013002604,15,0.7696412999580694,-95.0,2.693744549853243
465,0.0008940465632074,-3.351519968493744,4.1762762,4.0463614,4.15023018,12.332707333604194,1680.0810012668371,15,4.1762762,4.0463614,-0.1299147999999998,1680.0810012668371,15,0.769239244986475,-96.0,2.6923373574526623
466,0.0008935101243349,-3.354111538158233,4.1762762,4.0463614,4.150219726666667,12.34485020017702,1680.0770013416186,15,4.1762762,4.0463614,-0.1299147999999998,1680.0770013416186,15,0.768613474852004,-97.0,2.690147161982014
467,0.0008950723869049,-3.349981097670323,4.1761189,4.0462432,4.150156693333333,12.323327914806748,1680.083001293242,15,4.1761189,4.0462432,-0.1298756999999994,1680.083001293242,15,0.7681721559839644,-98.0,2.6886025459438754
468,0.0008984592502317,-3.3477640104162303,4.176158,4.0459676,4.150059580000001,12.312998924857707,1680.071001432836,15,4.176158,4.0459676,-0.1301904,1680.071001432836,15,0.7674506968922837,-99.0,2.686077439122993
470,0.0009268813503185,-3.371352357150129,4.175961,4.0438414,4.1497682,12.429984483598922,1680.0870015183464,15,4.175961,4.0438414,-0.1321196000000002,1680.0870015183464,15,0.7670030375577791,-101.0,2.684510631452227
471,0.0008658254123406,-3.324704412560525,4.176158,4.0480156,4.150014906666667,12.204270101996922,1680.075001258403,15,4.176158,4.0480156,-0.1281423999999997,1680.075001258403,15,0.7660749778587317,-102.0,2.681262422505561
472,0.0009000324403974,-3.352521195370263,4.1760793,4.0456529,4.149878480000001,12.33886441044271,1680.0710013099017,15,4.1760793,4.0456529,-0.1304263999999992,1680.0710013099017,15,0.7653711979319743,-103.0,2.67879919276191
473,0.000900955637078,-3.34964575902229,4.1758823,4.0455346,4.149786533333333,12.32201140035281,1680.087001364678,15,4.1758823,4.0455346,-0.1303476999999997,1680.087001364678,15,0.7646670041217146,-104.0,2.676334514426001
474,0.0009048046711745,-3.347218695549172,4.1758823,4.0451407,4.14959748,12.31244684311188,1680.0970015525818,15,4.1758823,4.0451407,-0.1307415999999994,1680.0970015525818,15,0.764122569267772,-105.0,2.674428992437202
475,0.0009347065081863,-3.363868591773934,4.175961,4.043211,4.149518706666666,12.39194746746718,1680.10900126677,15,4.175961,4.043211,-0.1327499999999997,1680.10900126677,15,0.7636813898573128,-106.0,2.672884864500595
476,0.0009381509574383,-3.363109872377326,4.1759219,4.043014,4.149510853333333,12.38800427841728,1680.1230013482273,15,4.1759219,4.043014,-0.1329078999999993,1680.1230013482273,15,0.7630820347757775,-107.0,2.6707871217152213
477,0.0009392601909892,-3.361807018778588,4.175961,4.0429354,4.1494846066666655,12.382115049807265,1680.123001330532,15,4.175961,4.0429354,-0.1330255999999998,1680.123001330532,15,0.7625085345534159,-108.0,2.6687798709369557
478,0.0009394446202949,-3.3668342820836825,4.1757641,4.0426993,4.149303473333333,12.408091422323832,1680.1110013648868,15,4.1757641,4.0426993,-0.1330648000000005,1680.1110013648868,15,0.7618529781467397,-109.0,2.666485423513589
479,0.0009088721925526,-3.344393717182407,4.175961,4.0448256,4.1494950866666676,12.30020473079107,1680.1150012789294,15,4.175961,4.0448256,-0.1311353999999998,1680.1150012789294,15,0.7614113427601461,-110.0,2.6649396996605113
480,0.0009401852452763,-3.3647361177380617,4.1757641,4.0427384,4.149363806666667,12.395416148392489,1680.099001369439,15,4.1757641,4.0427384,-0.1330257000000001,1680.099001369439,15,0.7607700987112863,-111.0,2.662695345489502
481,0.0009438122442512,-3.359920185476864,4.1758428,4.0424628,4.149253553333333,12.37272360015126,1680.0850013587624,15,4.1758428,4.0424628,-0.1333799999999998,1680.0850013587624,15,0.7602890895826752,-112.0,2.6610118135393632
482,0.000912791185934,-3.3425895570781736,4.1757641,4.0443926,4.149271939999999,12.290953890898738,1680.0930012911558,15,4.1757641,4.0443926,-0.1313715000000002,1680.0930012911558,15,0.7596226782991928,-113.0,2.658679374047175
483,0.0009124395770663,-3.339647114197022,4.1758428,4.0445108,4.1493428266666665,12.274798725439451,1680.079001435079,15,4.1758428,4.0445108,-0.1313319999999995,1680.079001435079,15,0.7592305940521532,-114.0,2.6573070791825364
484,0.0009109242028355,-3.3445063729325812,4.175725,4.0445895,4.149374353333334,12.297684991202969,1680.0810015201569,15,4.175725,4.0445895,-0.1311355,1680.0810015201569,15,0.7587433533959568,-115.0,2.6556017368858487
485,0.0009454841153883,-3.3630563861750833,4.1757641,4.0422659,4.149177386666667,12.387612457006732,1680.107001375407,15,4.1757641,4.0422659,-0.1334982,1680.107001375407,15,0.7581901496482434,-116.0,2.653665523768852
486,0.0009759104636926,-3.3779319930816207,4.1757641,4.040297,4.149043586666667,12.460282025632257,1680.1170015782118,15,4.1757641,4.040297,-0.1354671000000005,1680.1170015782118,15,0.7576425978426109,-117.0,2.6517490924491383
487,0.0009472801749359,-3.3635644770829316,4.1757641,4.042069000000001,4.149088219999999,12.391692275352913,1680.1130015552044,15,4.1757641,4.042069000000001,-0.1336950999999997,1680.1130015552044,15,0.7570589962708877,-118.0,2.649706486948107
488,0.0009498850001809,-3.355093218463931,4.175528,4.0416751,4.148767866666666,12.349347031138333,1680.1190015813336,15,4.175528,4.0416751,-0.1338528999999999,1680.1190015813336,15,0.7563547880200195,-119.0,2.647241758070068
489,0.0009800264060063,-3.372560228458262,4.175528,4.0397849,4.148712826666667,12.432935663323136,1680.11500157509,15,4.175528,4.0397849,-0.1357431,1680.11500157509,15,0.7560287024179998,-120.0,2.6461004584629992
490,0.0009794851267202,-3.37411394599868,4.1754098,4.0397062,4.14861822,12.441074356912434,1680.1110015651211,15,4.1754098,4.0397062,-0.1357035999999993,1680.1110015651211,15,0.7555013294920715,-121.0,2.64425465322225
491,0.0009204300962892,-3.343975908661905,4.175370200000001,4.0436049,4.148928073333333,12.292996360250337,1680.0830014050007,15,4.175370200000001,4.0436049,-0.1317653000000005,1680.0830014050007,15,0.7550055018938726,-122.0,2.642519256628554
492,0.0009204732609485,-3.344124141303679,4.1752915,4.0434475,4.1487758,12.294956110037212,1680.081001330167,15,4.1752915,4.0434475,-0.131844,1680.081001330167,15,0.7543318390606392,-123.0,2.640161436712237
493,0.0008880752520023,-3.3151462466647534,4.175528,4.045692,4.148912233333334,12.156258721921777,1680.075001351535,15,4.175528,4.045692,-0.129836,1680.075001351535,15,0.7537730742571143,-124.0,2.6382057598999
494,0.000923388087808,-3.341684291232056,4.1752915,4.043211,4.148686433333333,12.28395699000307,1680.0890012653545,15,4.1752915,4.043211,-0.1320804999999998,1680.0890012653545,15,0.753315691163272,-125.0,2.636604919071452
496,0.0009540992718498,-3.3714560125964677,4.175370200000001,4.0413208,4.148791513333332,12.42983471038545,1680.097001302056,15,4.175370200000001,4.0413208,-0.1340494000000003,1680.097001302056,15,0.7530183347953099,-127.0,2.6355641717835847
497,0.0009597225939257,-3.3578093565948612,4.1752129,4.0407696,4.1484371,12.361151240412712,1680.1270015388727,15,4.1752129,4.0407696,-0.1344433,1680.1270015388727,15,0.7518799893865092,-128.0,2.6315799628527823
498,0.0009268024341835,-3.3393186433240785,4.175528,4.0430932,4.148744293333333,12.273266114458746,1680.087001294829,15,4.175528,4.0430932,-0.1324347999999995,1680.087001294829,15,0.7512619578150967,-129.0,2.6294168523528385
499,0.0008937857219425,-3.31623001573503,4.1752524,4.0450621,4.14862096,12.16007068153623,1680.0810013227165,15,4.1752524,4.0450621,-0.1301902999999997,1680.0810013227165,15,0.7505268335711961,-130.0,2.6268439174991864
500,0.0009309229487985,-3.340529905861038,4.1752129,4.0426207000000005,4.148513299999999,12.276365542364054,1680.077001325786,15,4.1752129,4.0426207000000005,-0.1325921999999995,1680.077001325786,15,0.7500204854247661,-131.0,2.625071698986681
501,0.0009289672383325,-3.3402801147232912,4.1752915,4.0427384,4.148521139999999,12.278095107158606,1680.093001528643,15,4.1752915,4.0427384,-0.1325530999999999,1680.093001528643,15,0.7493713739259354,-132.0,2.622799808740774
502,0.0009322362025869,-3.3358104762902627,4.1751342000000005,4.0424628,4.148389813333333,12.253196086556764,1680.0950015336275,15,4.1751342000000005,4.0424628,-0.1326714000000004,1680.0950015336275,15,0.7487180835435272,-133.0,2.6205132924023453
503,0.0009313878141028,-3.338427837409863,4.1751733,4.0423841,4.1482901,12.270085566752371,1680.0990014448762,15,4.1751733,4.0423841,-0.1327892000000003,1680.0990014448762,15,0.7480749207489306,-134.0,2.618262222621257
504,0.0009362338517385,-3.333723617428734,4.1750555,4.042069000000001,4.1482061,12.24369376649437,1680.1010012626648,15,4.1750555,4.042069000000001,-0.1329864999999994,1680.1010012626648,15,0.7473822636314951,-135.0,2.6158379227102326
505,0.0009340670875028,-3.3330492455759826,4.1748977,4.042069000000001,4.1480774,12.240313988974147,1680.0850013280287,15,4.1748977,4.042069000000001,-0.1328286999999992,1680.0850013280287,15,0.7468048514494203,-136.0,2.613816980072971
506,0.0009007521273569,-3.3163718294656745,4.174819,4.0441561,4.148116786666667,12.15903874369679,1680.0730014890432,15,4.174819,4.0441561,-0.1306628999999999,1680.0730014890432,15,0.74601061199552,-137.0,2.61103714198432
507,0.0009383847129654,-3.3360526151573957,4.1749768,4.0417933,4.14807226,12.255379461200487,1680.0790013065562,15,4.1749768,4.0417933,-0.1331834999999994,1680.0790013065562,15,0.74539432428897,-138.0,2.608880135011395
508,0.0009392089427263,-3.33726669652999,4.1750159,4.0417933,4.148129906666667,12.26164556895895,1680.0810012537986,15,4.1750159,4.0417933,-0.1332225999999998,1680.0810012537986,15,0.7450234068858892,-139.0,2.607581924100612
509,0.0009387539454625,-3.3335669573705577,4.1747799,4.0416751,4.14795144,12.241252770289725,1680.0850012544545,15,4.1747799,4.0416751,-0.1331047999999999,1680.0850012544545,15,0.7444318949927923,-140.0,2.605511632474773
510,0.0009030664936739,-3.3142589150674127,4.174819,4.0440383,4.14811424,12.148257108915017,1680.08300152421,15,4.174819,4.0440383,-0.1307806999999998,1680.08300152421,15,0.7439210622102485,-141.0,2.6037237177358694
511,0.0009743904825635,-3.352083528178107,4.1747799,4.0393124,4.147746693333333,12.330663964023348,1680.0890015223997,15,4.1747799,4.0393124,-0.1354674999999998,1680.0890015223997,15,0.7433362204364701,-142.0,2.601676771527645
512,0.0009436737689006,-3.3340984433554484,4.174819,4.0412817,4.147841206666667,12.244393060267791,1680.0790013354272,15,4.174819,4.0412817,-0.1335373000000004,1680.0790013354272,15,0.7426692295609734,-143.0,2.599342303463407
513,0.0009075864898335,-3.309804327721047,4.174819,4.0436444,4.147943526666666,12.127117331281845,1680.0710013657808,15,4.174819,4.0436444,-0.1311746000000004,1680.0710013657808,15,0.7420507220748077,-144.0,2.597177527261827
514,0.000911024242098,-3.3067527950324105,4.1746616,4.0431719,4.147644233333334,12.113582804032337,1680.0710014104843,15,4.1746616,4.0431719,-0.1314897000000003,1680.0710014104843,15,0.7414848614318654,-145.0,2.595197015011529
515,0.0009112735340299,-3.308178047651033,4.1747403,4.043211,4.1477099,12.120749495081997,1680.0690014967695,15,4.1747403,4.043211,-0.1315292999999995,1680.0690014967695,15,0.741091698289582,-146.0,2.593820944013537
516,0.0009498278024197,-3.3298453691077907,4.174583,4.0406513,4.14752086,12.223219954156107,1680.0850012674928,15,4.174583,4.0406513,-0.1339316999999997,1680.0850012674928,15,0.740408813926207,-147.0,2.591430848741725
517,0.0009500022726909,-3.3333187751112057,4.1747403,4.0408092,4.147717766666667,12.2396940050722,1680.0910013420507,15,4.1747403,4.0408092,-0.1339310999999998,1680.0910013420507,15,0.7400717554276735,-148.0,2.590251143996857
518,0.000950100394568,-3.3357573681524744,4.174583,4.0405726,4.147510366666666,12.253901926442474,1680.0870015313849,15,4.174583,4.0405726,-0.1340104000000002,1680.0870015313849,15,0.7394068722226095,-149.0,2.587924052779133
519,0.0009512177216295,-3.3282778843355585,4.1746616,4.0405331,4.147468333333333,12.216452948664864,1680.0950014069676,15,4.1746616,4.0405331,-0.1341285000000001,1680.0950014069676,15,0.7387505541760838,-150.0,2.585626939616293
520,0.0009854064587311,-3.353388678108106,4.1746221,4.038367299999999,4.147426340000001,12.33860500006286,1680.1110015437007,15,4.1746221,4.038367299999999,-0.1362548000000005,1680.1110015437007,15,0.7382372088357984,-151.0,2.5838302309252943
522,0.0009513119878798,-3.3403314920204625,4.1748586,4.0407696,4.147814946666666,12.27628879668665,1680.0850013522431,15,4.1748586,4.0407696,-0.1340890000000003,1680.0850013522431,15,0.7378978692717638,-153.0,2.582642542451173
523,0.0009545199284112,-3.3328810801328497,4.1746221,4.0403366,4.147497213333334,12.239081452778493,1680.0910014575347,15,4.1746221,4.0403366,-0.1342854999999998,1680.0910014575347,15,0.7368144335464724,-154.0,2.5788505174126533
524,0.0009187432770131,-3.3079689864635853,4.1745434,4.0425024,4.147426380000001,12.11931544833416,1680.0790015012026,15,4.1745434,4.0425024,-0.132041,1680.0790015012026,15,0.7360238336225043,-155.0,2.576083417678765
525,0.0009574210683052,-3.3294310258489097,4.1745434,4.0400214,4.147313433333333,12.221139255208794,1680.1130015850067,15,4.1745434,4.0400214,-0.1345220000000004,1680.1130015850067,15,0.7354512483555383,-156.0,2.574079369244384
526,0.0009597270871435,-3.3307390537160217,4.174464700000001,4.0397458,4.147179606666667,12.22860421051773,1680.089001536369,15,4.174464700000001,4.0397458,-0.1347189000000002,1680.089001536369,15,0.7347148861316889,-157.0,2.571502101460911
527,0.0009948442170354,-3.346913478319199,4.1744251000000006,4.037461799999999,4.1469853400000005,12.307219325090184,1680.0870015099645,15,4.1744251000000006,4.037461799999999,-0.1369633000000014,1680.0870015099645,15,0.7341006652199981,-158.0,2.5693523282699933
528,0.0009249326082795,-3.305463923154879,4.1742678,4.041911600000001,4.147163866666666,12.10434541631981,1680.0750015079975,15,4.1742678,4.041911600000001,-0.1323561999999993,1680.0750015079975,15,0.73327724948002,-159.0,2.56647037318007
529,0.0009665062125598,-3.327240814779015,4.174386,4.0391946,4.146974846666668,12.21001791242313,1680.073001364246,15,4.174386,4.0391946,-0.1351914,1680.073001364246,15,0.7325595370122608,-160.0,2.563958379542913
530,0.000961971612462,-3.3305607893295015,4.1744251000000006,4.0395489,4.147106106666667,12.22730990384738,1680.087001261301,15,4.1744251000000006,4.0395489,-0.1348762000000007,1680.087001261301,15,0.7321397857292057,-161.0,2.56248925005222
531,0.000963235611448,-3.3266504928202365,4.1745043,4.0394702,4.147066766666667,12.210272611791332,1680.0790015161035,15,4.1745043,4.0394702,-0.1350340999999995,1680.0790015161035,15,0.7315387451966686,-162.0,2.5603856081883403
532,0.0009668975672083,-3.326075984628664,4.1743464,4.039155,4.146948486666667,12.205327661114296,1680.081001506187,15,4.1743464,4.039155,-0.1351914,1680.081001506187,15,0.7307032419800963,-163.0,2.557461346930337
533,0.0009700638554263,-3.324452005904882,4.1742678,4.038918499999999,4.146869793333334,12.194062714662811,1680.0890015196055,15,4.1742678,4.038918499999999,-0.1353493000000005,1680.0890015196055,15,0.730212463482143,-164.0,2.5557436221875003
534,0.0010054838979506,-3.3411313902005064,4.1741104,4.0364771,4.146531193333334,12.276945577480394,1680.0970013244078,15,4.1741104,4.0364771,-0.1376333,1680.0970013244078,15,0.7293404771864923,-165.0,2.552691670152723
535,0.0009710302652492,-3.3293372223153956,4.1741891,4.038722,4.146772673333333,12.220350278421556,1680.081001356244,15,4.1741891,4.038722,-0.1354671000000005,1680.081001356244,15,0.728768244774964,-166.0,2.550688856712374
536,0.0009717958459355,-3.3207821970242772,4.1742678,4.038682499999999,4.146701813333333,12.179011028503249,1680.103001431562,15,4.1742678,4.038682499999999,-0.1355853000000006,1680.103001431562,15,0.7280259076920572,-167.0,2.5480906769222003
537,0.0010724705178798,-3.3720024585288257,4.1742282,4.0322633,4.146205546666666,12.428429728308949,1680.125001273118,15,4.1742282,4.0322633,-0.1419648999999996,1680.125001273118,15,0.727288846768082,-168.0,2.545510963688287
538,0.0010418370566068,-3.36134226982424,4.1741891,4.0341539,4.14636054,12.3755111136581,1680.1210012733936,15,4.1741891,4.0341539,-0.1400352000000007,1680.1210012733936,15,0.7268067370765906,-169.0,2.543823579768067
539,0.0010086473911212,-3.3483872872841465,4.1739922,4.0362015,4.146491713333334,12.311660254036966,1680.1150014698503,15,4.1739922,4.0362015,-0.1377907,1680.1150014698503,15,0.7261649802937047,-170.0,2.5415774310279664
540,0.0010447811770026,-3.353714327605039,4.1740708,4.0337992,4.1460979133333336,12.339730119942914,1680.1150013767185,15,4.1740708,4.0337992,-0.1402716000000001,1680.1150013767185,15,0.7252556663623823,-171.0,2.538394832268338
541,0.0010486239142726,-3.351060300468486,4.173795200000001,4.0332479,4.145727713333333,12.325722470726609,1680.1190015673635,15,4.173795200000001,4.0332479,-0.1405473000000006,1680.1190015673635,15,0.7244078009392823,-172.0,2.535427303287488
542,0.0009801367356402,-3.325329184208251,4.174031299999999,4.0378947,4.14641562,12.200692211945256,1680.115001574159,15,4.174031299999999,4.0378947,-0.1361365999999995,1680.115001574159,15,0.7238666425198026,-173.0,2.533533248819309
543,0.0009818254097563,-3.3227602732314003,4.1738739,4.037697799999999,4.146286993333333,12.186018337904976,1680.0810013925657,15,4.1738739,4.037697799999999,-0.136176100000001,1680.0810013925657,15,0.7230685984883048,-174.0,2.530740094709067
544,0.0009851138342878,-3.3249849787672883,4.1738348,4.0374222,4.146213473333334,12.197588436483365,1680.0930012986064,15,4.1738348,4.0374222,-0.1364125999999998,1680.0930012986064,15,0.7223145905357924,-175.0,2.5281010668752733
545,0.0010193818382955,-3.342406764950709,4.173795200000001,4.0352168,4.146037546666666,12.281264375944836,1680.0950013026595,15,4.173795200000001,4.0352168,-0.138578400000001,1680.0950013026595,15,0.7215220780823329,-176.0,2.5253272732881653
546,0.0010225457450609,-3.3369844474439776,4.173795200000001,4.0349021,4.145845866666667,12.2545079349339,1680.1130012702197,15,4.173795200000001,4.0349021,-0.1388931000000006,1680.1130012702197,15,0.7207538669478549,-177.0,2.522638534317492
548,0.0010181617856212,-3.35122982166126,4.173795200000001,4.0352564,4.146092713333333,12.327181335731218,1680.0990013908597,15,4.173795200000001,4.0352564,-0.1385388000000009,1680.0990013908597,15,0.7201560826715186,-179.0,2.520546289350315
549,0.000949563869706,-3.3028064014112863,4.173755600000001,4.0396276,4.146247580000001,12.090355856177336,1680.0790015012026,15,4.173755600000001,4.0396276,-0.1341280000000004,1680.0790015012026,15,0.7188462714362437,-180.0,2.515961950026853
550,0.0009924989994883,-3.321982014536999,4.1736379,4.036674,4.145845946666666,12.182957809789617,1680.095001377165,15,4.1736379,4.036674,-0.1369639000000004,1680.095001377165,15,0.7179361932784208,-181.0,2.512776676474473
551,0.0009945304142192,-3.312598856154735,4.1735983,4.0364771,4.145677926666667,12.137078276338588,1680.0950015354902,15,4.1735983,4.0364771,-0.1371212000000001,1680.0950015354902,15,0.716950479874094,-182.0,2.509326679559329
552,0.0010335029386526,-3.3313608179914884,4.173795200000001,4.0341144,4.145601746666666,12.22790481450583,1680.1070013288409,15,4.173795200000001,4.0341144,-0.1396808000000007,1680.1070013288409,15,0.7162242242429706,-183.0,2.5067847848503972
553,0.0009999070682626,-3.3171217668082686,4.1736379,4.036122799999999,4.1456595133333325,12.160083269622383,1680.1030012890697,15,4.1736379,4.036122799999999,-0.1375151000000007,1680.1030012890697,15,0.7154128488407583,-184.0,2.503944970942654
554,0.0009990329146766,-3.3147206156179063,4.1734014,4.0360832,4.145546633333333,12.144978399513889,1680.0850013988093,15,4.1734014,4.0360832,-0.1373182000000001,1680.0850013988093,15,0.7146099328882997,-185.0,2.501134765109049
