cycle_number,relax_var,relax_ske,relax_max,relax_min,relax_mean,relax_kur,relax_duration_s,relax_points,relax_start_voltage,relax_end_voltage,relax_voltage_delta,window_s,window_points,SOH,RUL,discharge_capacity_in_Ah
2,0.0004763824949538,-3.5742003920067034,4.1865997,4.0931964,4.170355066666667,13.447904020349169,1680.0880797999016,15,4.1865997,4.0931964,-0.0934033000000003,1680.0880797999016,15,0.957133093992164,208.0,3.3499658289725742
3,0.0004740141274649,-3.581922337057988,4.1866388,4.093550700000001,4.170562393333333,13.48656463476584,1680.0880844939966,15,4.1866388,4.093550700000001,-0.0930880999999992,1680.0880844939966,15,0.9561517132833818,207.0,3.346530996491836
4,0.0004723783738992,-3.58805064487695,4.1866784,4.0937476,4.170662106666667,13.51753314430983,1680.0920844941577,15,4.1866784,4.0937476,-0.0929307999999995,1680.0920844941577,15,0.954818753173634,206.0,3.3418656361077193
5,0.0004700780436954,-3.5886902745034304,4.1864815,4.0937867,4.17051774,13.521118349146622,1680.0920844940993,15,4.1864815,4.0937867,-0.0926948000000003,1680.0920844940993,15,0.9536074182336236,205.0,3.337625963817682
6,0.0004727174448635,-3.5891787201033556,4.1865206,4.0936294,4.170578126666666,13.523162872265694,1680.090084494106,15,4.1865206,4.0936294,-0.0928911999999995,1680.090084494106,15,0.95282988868602,204.0,3.33490461040107
7,0.0004714141018183,-3.5952774598583326,4.1864028,4.093708,4.170586053333333,13.553790962753167,1680.090175247009,15,4.1864028,4.093708,-0.0926947999999994,1680.090175247009,15,0.9517728600639414,203.0,3.331205010223795
8,0.0004736170019895,-3.5914755904258264,4.1863241,4.0933933,4.170428566666667,13.5346093889252,1680.0881752472196,15,4.1863241,4.0933933,-0.0929308000000004,1680.0881752472196,15,0.9507234365028988,202.0,3.3275320277601454
9,0.0004723329614663,-3.592533195725504,4.1864419,4.093550700000001,4.170488826666666,13.54139799670321,1680.0901752467762,15,4.1864419,4.093550700000001,-0.0928911999999995,1680.0901752467762,15,0.9495338710189188,201.0,3.323368548566216
10,0.0004779098119697,-3.596704465256906,4.186245,4.0928025,4.17021854,13.563139870720796,1680.0901752472855,15,4.186245,4.0928025,-0.0934425000000001,1680.0901752472855,15,0.9483147775429758,200.0,3.3191017214004153
11,0.0004791663371406,-3.5960840418814377,4.1864419,4.0929208,4.170433873333334,13.5588066275818,1680.0881752471903,15,4.1864419,4.0929208,-0.0935211000000002,1680.0881752471903,15,0.9472867644630848,199.0,3.3155036756207963
12,0.0004770107359949,-3.5966932922817354,4.1862845,4.0929995,4.170341973333333,13.562236527350318,1680.090175247111,15,4.1862845,4.0929995,-0.0932849999999998,1680.090175247111,15,0.9459914728727216,198.0,3.310970155054525
13,0.0004805705478169,-3.5950654838594867,4.1864815,4.092645200000001,4.170268386666667,13.556853193812888,1680.0941752473882,15,4.1864815,4.092645200000001,-0.0938362999999995,1680.0941752473882,15,0.9450168548095708,197.0,3.307558991833498
14,0.0004799913121606,-3.5896472522914245,4.1862845,4.0925269,4.1700714733333335,13.529441001469074,1680.0921752474096,15,4.1862845,4.0925269,-0.0937576,1680.0921752474096,15,0.9437527094500242,196.0,3.303134483075085
15,0.0005340955672506,-3.6028637935790173,4.185379,4.086698999999999,4.1685752266666665,13.591807604011976,1680.0961752475123,15,4.185379,4.086698999999999,-0.0986800000000007,1680.0961752475123,15,0.9416045056820048,195.0,3.295615769887017
16,0.0004837885904266,-3.5908395838260105,4.1861272000000005,4.0920148,4.169871966666667,13.534833998242071,1680.0881752473651,15,4.1861272000000005,4.0920148,-0.0941124000000002,1680.0881752473651,15,0.9410835964455831,194.0,3.2937925875595413
17,0.0004843526980766,-3.585476381328705,4.1861272000000005,4.091975700000001,4.169845733333333,13.506825209303248,1680.092175248108,15,4.1861272000000005,4.091975700000001,-0.0941514999999997,1680.092175248108,15,0.939664713823824,193.0,3.288826498383384
18,0.0004850211028369,-3.5821547602806723,4.1858907,4.091660500000001,4.169564846666668,13.490359377421246,1680.0881752465502,15,4.1858907,4.091660500000001,-0.0942301999999992,1680.0881752465502,15,0.938171103253852,192.0,3.283598861388482
19,0.0004926414678792,-3.5848023752740343,4.1861272000000005,4.091030600000001,4.169562273333334,13.50604486989752,1680.0921752470897,15,4.1861272000000005,4.091030600000001,-0.0950965999999997,1680.0921752470897,15,0.9367006845052084,191.0,3.27845239576823
20,0.0004913903661228,-3.583966585535914,4.185969399999999,4.0910697,4.1694939999999985,13.498772287918731,1680.0881752474234,15,4.185969399999999,4.0910697,-0.0948996999999991,1680.0881752474234,15,0.9352366765376604,190.0,3.273328367881812
21,0.0004922225244223,-3.574180533060473,4.1858516,4.0907941,4.169226233333334,13.449397849566733,1680.0921752470897,15,4.1858516,4.0907941,-0.0950575000000002,1680.0921752470897,15,0.9336228489984796,189.0,3.2676799714946787
22,0.0004964725229112,-3.5726201836819227,4.1858516,4.0904398,4.1692000133333345,13.440969382788085,1680.0881752465502,15,4.1858516,4.0904398,-0.0954117999999999,1680.0881752465502,15,0.9321943600442544,188.0,3.2626802601548905
23,0.0005020867349612,-3.578566805992,4.185693700000001,4.0897703000000005,4.169010886666666,13.4713796506902,1680.0841752458946,15,4.185693700000001,4.0897703000000005,-0.0959234000000002,1680.0841752458946,15,0.9305021202576652,187.0,3.256757420901828
24,0.0005041395733502,-3.571941865031232,4.185812,4.0895343,4.168898080000001,13.439728876393715,1680.106175248453,15,4.185812,4.0895343,-0.0962776999999999,1680.106175248453,15,0.9289972804693316,186.0,3.2514904816426604
25,0.0005074946211626,-3.5623816345875468,4.1857724,4.0890617,4.168630246666667,13.39081106282799,1680.104175248067,15,4.1857724,4.0890617,-0.0967107,1680.104175248067,15,0.927284087327164,185.0,3.245494305645074
26,0.0005082997748166,-3.56512497101116,4.1856151,4.0890222000000005,4.168669666666668,13.403402370474591,1680.1101752489922,15,4.1856151,4.0890222000000005,-0.0965928999999992,1680.1101752489922,15,0.9258013095284986,184.0,3.240304583349745
27,0.0005144090851368,-3.5550414798874024,4.1856151,4.088352700000001,4.16841504,13.352074085560693,1680.1061752485111,15,4.1856151,4.088352700000001,-0.097262399999999,1680.1061752485111,15,0.9242437016057476,183.0,3.234852955620117
28,0.0005164573759498,-3.5508299432664905,4.1856151,4.088038,4.168233913333333,13.331285551157087,1680.0981752481312,15,4.1856151,4.088038,-0.0975770999999996,1680.0981752481312,15,0.9227759827842884,182.0,3.229715939745009
29,0.0005200016872506,-3.5401395071734756,4.1856546,4.0877228,4.168126306666667,13.276313327204118,1680.0961752477451,15,4.1856546,4.0877228,-0.0979318000000004,1680.0961752477451,15,0.921171424738808,181.0,3.2240999865858284
30,0.0005182797946902,-3.5342397158820544,4.1854968,4.0877228,4.16795562,13.245516907465213,1680.094175247359,15,4.1854968,4.0877228,-0.0977740000000002,1680.094175247359,15,0.9195647677150376,180.0,3.218476687002632
31,0.0005318568124163,-3.537921221906896,4.185457700000001,4.0864625,4.167761326666666,13.26275816919368,1680.0981752477237,15,4.185457700000001,4.0864625,-0.0989952000000009,1680.0981752477237,15,0.9180252651018792,179.0,3.2130884278565772
32,0.0005279605867221,-3.529575048112143,4.185418100000001,4.086659399999999,4.167609093333334,13.22221085072162,1680.0981752481312,15,4.185418100000001,4.086659399999999,-0.0987587000000012,1680.0981752481312,15,0.916391440396515,178.0,3.2073700413878026
33,0.0005300478849478,-3.5322996835169653,4.1852212,4.0864625,4.167585373333334,13.231770596988966,1680.0981752476655,15,4.1852212,4.0864625,-0.0987587000000003,1680.0981752476655,15,0.9148850423198794,177.0,3.202097648119578
34,0.0005359561901778,-3.526244882347311,4.1853395,4.08599,4.1675250733333336,13.20069500457343,1680.096175247803,15,4.1853395,4.08599,-0.0993495000000006,1680.096175247803,15,0.913303121865428,176.0,3.196560926528998
35,0.0005409172431935,-3.5283513257471144,4.1855755,4.085714299999999,4.167640593333334,13.212897612085625,1680.0961752486764,15,4.1855755,4.085714299999999,-0.0998612000000003,1680.0961752486764,15,0.9118840897074189,175.0,3.191594313975966
36,0.0005374195048855,-3.532604683780919,4.185379,4.0858326,4.167519846666667,13.233782668366183,1680.096175247803,15,4.185379,4.0858326,-0.0995464000000003,1680.096175247803,15,0.9103532216910428,174.0,3.1862362759186493
37,0.0005418006123585,-3.5213739831628033,4.185457700000001,4.0853209,4.167270500000001,13.178691492362349,1680.096175247803,15,4.185457700000001,4.0853209,-0.1001368000000004,1680.096175247803,15,0.9088081177952552,173.0,3.180828412283393
38,0.0005480124477866,-3.5250626275482464,4.1853395,4.0847692,4.167210033333333,13.196341750653009,1680.1081752497705,15,4.1853395,4.0847692,-0.1005703000000002,1680.1081752497705,15,0.9073509027942094,172.0,3.175728159779733
39,0.0005485058059178,-3.5207300436481304,4.1852608,4.0846515,4.167099826666667,13.1724259191034,1680.0981752471998,15,4.1852608,4.0846515,-0.1006093000000003,1680.0981752471998,15,0.9059924181098474,171.0,3.170973463384466
40,0.0005535411306097,-3.518887694967874,4.1852608,4.0841393,4.16695546,13.16534981392606,1680.096175248851,15,4.1852608,4.0841393,-0.1011214999999996,1680.096175248851,15,0.9045048238935004,170.0,3.165766883627251
41,0.000555598470792,-3.5183515264459913,4.1851425,4.0838637,4.166829426666667,13.161867342005497,1680.1021752478557,15,4.1851425,4.0838637,-0.1012788000000002,1680.1021752478557,15,0.9030094981775488,169.0,3.1605332436214204
42,0.0005609190804183,-3.526663587076128,4.1852999,4.0836668,4.167081386666667,13.20248769103923,1680.102175247739,15,4.1852999,4.0836668,-0.1016331000000008,1680.102175247739,15,0.9018410291184982,168.0,3.1564436019147437
43,0.0005552014824442,-3.5259942749195825,4.1850638,4.083982,4.1669659,13.19884478240617,1680.0841752470003,15,4.1850638,4.083982,-0.1010818000000002,1680.0841752470003,15,0.9004934645772494,167.0,3.151727126020373
44,0.0005589500260566,-3.52296966604883,4.1850638,4.0835881,4.166832066666667,13.18359481674208,1680.0861752468627,15,4.1850638,4.0835881,-0.1014756999999999,1680.0861752468627,15,0.8990838192046443,166.0,3.146793367216255
45,0.0005601946531525,-3.513929321842078,4.1851821000000005,4.0834308,4.16671136,13.140652051561023,1680.082175245625,15,4.1851821000000005,4.0834308,-0.1017513000000001,1680.082175245625,15,0.8977312740247555,165.0,3.1420594590866444
46,0.0005615983879888,-3.5229022652375366,4.1849852,4.0832729,4.166713980000001,13.183870766346605,1680.0821752445772,15,4.1849852,4.0832729,-0.1017122999999999,1680.0821752445772,15,0.8964494944337486,164.0,3.13757323051812
47,0.0005655179648549,-3.5122403576304935,4.1852608,4.0829582,4.166621973333333,13.131585834018296,1680.0841752467677,15,4.1852608,4.0829582,-0.1023025999999998,1680.0841752467677,15,0.89519426416283,163.0,3.133179924569905
48,0.0005710719923738,-3.5092581383293653,4.1849852,4.0822492,4.166301833333333,13.114993861693772,1680.090175245772,15,4.1849852,4.0822492,-0.1027360000000001,1680.090175245772,15,0.8939403404168991,162.0,3.128791191459147
49,0.0005681509528917,-3.51844950381509,4.1849852,4.0826039,4.16650128,13.161314416150162,1680.0981752481312,15,4.1849852,4.0826039,-0.1023813000000002,1680.0981752481312,15,0.8928030015014258,161.0,3.1248105052549904
50,0.0005708985678902,-3.517942836356117,4.184788200000001,4.0822492,4.16634382,13.156549671224749,1680.100175248459,15,4.184788200000001,4.0822492,-0.102539000000001,1680.100175248459,15,0.8915604179550323,160.0,3.120461462842613
51,0.0005734345943649,-3.512465575556591,4.1848669,4.082052200000001,4.166299126666667,13.130545513811828,1680.096175246872,15,4.1848669,4.082052200000001,-0.1028146999999997,1680.096175246872,15,0.8903777722208276,159.0,3.1163222027728965
52,0.0005802408529978,-3.515548916698236,4.185024299999999,4.0815406,4.1663069733333336,13.14689760955767,1680.1021752475062,15,4.185024299999999,4.0815406,-0.103483699999999,1680.1021752475062,15,0.8893271363025878,158.0,3.112644977059057
53,0.000577833463644,-3.508394734274373,4.1849456,4.0816193,4.16616266,13.110806781854436,1680.0981752481312,15,4.1849456,4.0816193,-0.1033262999999999,1680.0981752481312,15,0.8881327053638082,157.0,3.1084644687733287
54,0.0005856299877778,-3.5163258310846253,4.1845517,4.0806742,4.165837106666667,13.149309778807918,1680.1001752474112,15,4.1845517,4.0806742,-0.1038775000000002,1680.1001752474112,15,0.8869841849510566,156.0,3.104444647328698
55,0.0005820238505035,-3.5056850955286203,4.184788200000001,4.0810285,4.165860726666667,13.098114505592251,1680.0981752466178,15,4.184788200000001,4.0810285,-0.1037597000000003,1680.0981752466178,15,0.8859810732956666,155.0,3.100933756534833
56,0.0005822757045892,-3.514283548007997,4.1845517,4.0809498,4.165855473333333,13.139563908103174,1680.0941752474755,15,4.1845517,4.0809498,-0.1036019000000001,1680.0941752474755,15,0.8849329055744669,154.0,3.097265169510634
57,0.0005850412317023,-3.5162880905479548,4.1846309,4.0808711,4.165989366666667,13.147513325008813,1680.0841752475826,15,4.1846309,4.0808711,-0.1037597999999997,1680.0841752475826,15,0.8840167557766389,153.0,3.094058645218236
58,0.0005924561096754,-3.517455304478936,4.1847095,4.0802803,4.1659447599999995,13.154111541435416,1680.084175246884,15,4.1847095,4.0802803,-0.1044292000000002,1680.084175246884,15,0.8830568135227946,152.0,3.090698847329781
59,0.0005884850258168,-3.5135127925378606,4.1844730000000006,4.0804381,4.16578724,13.132577763334703,1680.0821752471384,15,4.1844730000000006,4.0804381,-0.1040349000000002,1680.0821752471384,15,0.8820791377723144,151.0,3.0872769822031003
60,0.000591763559552,-3.5125617782671945,4.184788200000001,4.0802016000000005,4.165784626666667,13.130853335702728,1680.0901752458883,15,4.184788200000001,4.0802016000000005,-0.1045866000000002,1680.0901752458883,15,0.8812260125284057,150.0,3.08429104384942
61,0.0005921858031206,-3.5147109487272807,4.184512600000001,4.0799656,4.165592993333333,13.14115496217508,1680.0981752482476,15,4.184512600000001,4.0799656,-0.1045470000000001,1680.0981752482476,15,0.8800731359090946,149.0,3.080255975681831
62,0.0005937501888935,-3.5143254109780577,4.184512600000001,4.0798473,4.165585073333333,13.139097290983337,1680.090175247984,15,4.184512600000001,4.0798473,-0.1046653000000006,1680.090175247984,15,0.879108618267261,148.0,3.0768801639354137
63,0.0005953754178599,-3.510653979450618,4.1842761,4.0794535000000005,4.1652832,13.119800037196187,1680.0881752466084,15,4.1842761,4.0794535000000005,-0.1048225999999994,1680.0881752466084,15,0.87810148974311,147.0,3.073355214100885
64,0.0005971629684711,-3.509967001817336,4.1845517,4.079493,4.165448560000001,13.11812585930791,1680.1021752476229,15,4.1845517,4.079493,-0.1050586999999998,1680.1021752476229,15,0.8771664755786915,146.0,3.07008266452542
65,0.0006020934171811,-3.514012197066691,4.18467,4.0792565000000005,4.165592960000001,13.13802588768721,1680.0981752471998,15,4.18467,4.0792565000000005,-0.1054134999999991,1680.0981752471998,15,0.8764463700501077,145.0,3.067562295175377
66,0.0006011853825585,-3.51598278123645,4.1843944,4.0792565000000005,4.1655379,13.144663311791778,1680.1041752479505,15,4.1843944,4.0792565000000005,-0.1051378999999999,1680.1041752479505,15,0.8755494292252983,144.0,3.064423002288544
67,0.0006074933373398,-3.515977840893321,4.184512600000001,4.0787053,4.165440813333334,13.147373950754602,1680.100175247993,15,4.184512600000001,4.0787053,-0.1058073000000003,1680.100175247993,15,0.8747780436201403,143.0,3.061723152670491
68,0.0006035406719692,-3.515630800677427,4.1843944,4.0789809,4.165430193333333,13.144344678013397,1680.0981752480147,15,4.1843944,4.0789809,-0.1054135,1680.0981752480147,15,0.8738720447159833,142.0,3.0585521565059417
69,0.0006141509697152,-3.5150333799301134,4.184512600000001,4.0780754,4.165277933333334,13.142163457416796,1680.1201756307855,15,4.184512600000001,4.0780754,-0.1064372000000002,1680.1201756307855,15,0.8730828335778222,141.0,3.055789917522378
70,0.0006052234673849,-3.513202085479629,4.184788200000001,4.0790205,4.165574606666666,13.13304961348,1680.1202002880163,15,4.184788200000001,4.0790205,-0.1057677000000003,1680.1202002880163,15,0.8723254307352123,140.0,3.053139007573243
71,0.0006205323947198,-3.524311179807197,4.1843548,4.0776029000000005,4.165317313333334,13.185703079205595,1680.1022002812242,15,4.1843548,4.0776029000000005,-0.1067518999999999,1680.1022002812242,15,0.8715825982687714,139.0,3.0505390939407
72,0.0006183807745423,-3.518951165100189,4.1844339,4.0777602,4.1652884666666665,13.161116078306495,1680.0982002799865,15,4.1844339,4.0777602,-0.1066736999999999,1680.0982002799865,15,0.8709148344518469,138.0,3.048201920581464
73,0.0006128278407635,-3.514563653259775,4.1845517,4.0782328,4.165338293333334,13.139899423882827,1680.0982002839446,15,4.1845517,4.0782328,-0.1063188999999997,1680.0982002839446,15,0.8702608372685703,137.0,3.045912930439996
74,0.0006144213880528,-3.5112856817280953,4.1842761,4.0779176,4.1651125,13.121697111065156,1680.094200283289,15,4.1842761,4.0779176,-0.1063584999999998,1680.094200283289,15,0.8693542811344787,136.0,3.0427399839706752
75,0.0006147823304649,-3.51096851288844,4.1841583,4.0777602,4.164978726666666,13.120309232188376,1680.1022002839018,15,4.1841583,4.0777602,-0.1063980999999998,1680.1022002839018,15,0.8686596613463776,135.0,3.0403088147123216
76,0.0006324760085412,-3.52453428775743,4.1843157,4.0763822,4.164941953333333,13.190598284512788,1680.1202002838254,15,4.1843157,4.0763822,-0.1079334999999996,1680.1202002838254,15,0.8678884261249069,134.0,3.0376094914371743
77,0.0006250961945912,-3.5205229743343893,4.1843157,4.0770516,4.165065346666667,13.16988600852804,1680.128200288862,15,4.1843157,4.0770516,-0.1072641,1680.128200288862,15,0.8673063919836235,133.0,3.035572371942682
78,0.0006346240481192,-3.5240865889303845,4.1843157,4.0763426,4.165046973333333,13.185714498926568,1680.1262002848089,15,4.1843157,4.0763426,-0.1079730999999997,1680.1262002848089,15,0.8667017642419237,132.0,3.033456174846733
79,0.0006377653779568,-3.52257215660643,4.1841974,4.0759487000000005,4.16486314,13.179222401131913,1680.1282002893277,15,4.1841974,4.0759487000000005,-0.1082486999999998,1680.1282002893277,15,0.8660176400909909,131.0,3.031061740318468
80,0.0006403177546383,-3.529222724686123,4.1842761,4.0757127,4.1648527133333335,13.21477495900631,1680.1262002850417,15,4.1842761,4.0757127,-0.1085633999999995,1680.1262002850417,15,0.8654205774820192,130.0,3.028972021187067
81,0.000643323364282,-3.524495380543889,4.1842761,4.0755157,4.164831693333334,13.190558337609591,1680.1242002879735,15,4.1842761,4.0755157,-0.1087603999999995,1680.1242002879735,15,0.864687828951474,129.0,3.026407401330159
82,0.000648527702038,-3.5270430046051287,4.1841974,4.0751219,4.164813333333333,13.200550158052664,1680.1522002867423,15,4.1841974,4.0751219,-0.1090755000000003,1680.1522002867423,15,0.8637891645431856,128.0,3.0232620759011493
83,0.0006545911280111,-3.5292318030736674,4.1841583,4.0745316,4.16465586,13.21105696151329,1680.1562002883293,15,4.1841583,4.0745316,-0.1096266999999997,1680.1562002883293,15,0.8631105769022817,127.0,3.020887019157986
84,0.0006468200862378,-3.5220970132187,4.1843157,4.0752006000000005,4.164739806666668,13.176094215566636,1680.1542002891656,15,4.1843157,4.0752006000000005,-0.1091150999999994,1680.1542002891656,15,0.8624429328826803,126.0,3.018550265089381
85,0.0006561617049212,-3.5227535651173136,4.1843157,4.0745316,4.164718786666667,13.17842655170574,1680.1602002880536,15,4.1843157,4.0745316,-0.1097840999999997,1680.1602002880536,15,0.8618047969554498,125.0,3.0163167893440743
86,0.0006426448362912,-3.5181007005277873,4.1841583,4.0754371,4.164658446666667,13.155211529850307,1680.152200288605,15,4.1841583,4.0754371,-0.1087211999999997,1680.152200288605,15,0.8611065403814397,124.0,3.013872891335039
87,0.0006593303767602,-3.529387816575566,4.184237,4.0741768,4.16462692,13.211006653817016,1680.152200290002,15,4.184237,4.0741768,-0.1100602000000003,1680.152200290002,15,0.8605169508710008,123.0,3.0118093280485025
88,0.0006597553610702,-3.5269703858347863,4.1840792,4.0739799,4.1644431200000005,13.1996573664881,1680.1462002878543,15,4.1840792,4.0739799,-0.1100992999999999,1680.1462002878543,15,0.8597267854627051,122.0,3.009043749119468
89,0.0006467972580149,-3.514856778854252,4.1840401,4.0750041,4.164490426666667,13.138446172368315,1680.1302002849989,15,4.1840401,4.0750041,-0.1090359999999996,1680.1302002849989,15,0.8590866480196323,121.0,3.006803268068713
90,0.0006477770769995,-3.5168712204629813,4.1840792,4.074924899999999,4.164492966666667,13.148649576717478,1680.1262002876028,15,4.1840792,4.074924899999999,-0.109154300000001,1680.1262002876028,15,0.8586130991949945,120.0,3.005145847182481
91,0.0006378458573498,-3.5081047954169184,4.1840401,4.0755944,4.164414286666668,13.106179602130496,1680.1322002892848,15,4.1840401,4.0755944,-0.1084456999999998,1680.1322002892848,15,0.8579986433216297,119.0,3.0029952516257037
92,0.0006500963207125,-3.514186324656499,4.1840005,4.0746102,4.164319760000001,13.135213258114078,1680.1302002859302,15,4.1840005,4.0746102,-0.1093902999999993,1680.1302002859302,15,0.8572857983913458,118.0,3.00050029436971
93,0.0006536208691717,-3.515727646060102,4.1839614,4.074334599999999,4.164298779999999,13.143806597258664,1680.1102002859116,15,4.1839614,4.074334599999999,-0.1096268000000009,1680.1102002859116,15,0.8565012967330876,117.0,2.997754538565806
94,0.0006541394016174,-3.508327289152169,4.183843100000001,4.0741768,4.16412282,13.104460885004986,1680.104200284928,15,4.183843100000001,4.0741768,-0.1096663000000006,1680.104200284928,15,0.8557665931172498,116.0,2.9951830759103744
95,0.0006588448273335,-3.5099561456760844,4.1839218,4.0739012,4.164180626666666,13.111798692263427,1680.094200283056,15,4.1839218,4.0739012,-0.1100206000000003,1680.094200283056,15,0.8552222381308903,115.0,2.993277833458116
96,0.000645240996084,-3.502439760054348,4.1837249,4.0746889,4.16398116,13.075962465307356,1680.0882002827711,15,4.1837249,4.0746889,-0.1090359999999996,1680.0882002827711,15,0.8544689144721903,114.0,2.990641200652666
97,0.000648455103692,-3.4992559912567764,4.183843100000001,4.074492,4.163983726666667,13.059582756257178,1680.0942002839874,15,4.183843100000001,4.074492,-0.1093511000000004,1680.0942002839874,15,0.8539516472119917,113.0,2.9888307652419708
98,0.0006486007414678,-3.498826393935261,4.1840005,4.074570700000001,4.164070393333334,13.058320571621316,1680.0782002832275,15,4.1840005,4.074570700000001,-0.1094297999999991,1680.0782002832275,15,0.8534371982876058,112.0,2.9870301940066204
99,0.000653760754234,-3.5008352205206883,4.1836858,4.0739408,4.163807946666667,13.066467397495355,1680.084200282814,15,4.1836858,4.0739408,-0.1097450000000002,1680.084200282814,15,0.8528052713456029,111.0,2.98481844970961
100,0.0006525630563781,-3.497918329807636,4.1838036,4.0740981,4.163862966666667,13.0523452674242,1680.082200282719,15,4.1838036,4.0740981,-0.1097055000000004,1680.082200282719,15,0.852151380192368,110.0,2.982529830673288
101,0.0006666560934731,-3.5021852338975905,4.183882700000001,4.0729957,4.1637553800000005,13.074341205038351,1680.0822002817877,15,4.183882700000001,4.0729957,-0.1108870000000008,1680.0822002817877,15,0.8515095287699178,109.0,2.9802833506947124
102,0.0006574279935698,-3.4955090963789854,4.1837249,4.073507299999999,4.163589953333333,13.041055920809988,1680.0782002781052,15,4.1837249,4.073507299999999,-0.1102176000000003,1680.0782002781052,15,0.8509485121989708,108.0,2.978319792696398
103,0.0006576096202182,-3.493994365426518,4.1837249,4.073546899999999,4.16362934,13.031447424628624,1680.0802002809942,15,4.1837249,4.073546899999999,-0.1101780000000003,1680.0802002809942,15,0.8503276933930124,107.0,2.9761469268755434
104,0.000659301691664,-3.4962881078171093,4.1835279000000005,4.0733109,4.163524346666666,13.041968252197574,1680.0722002789844,15,4.1835279000000005,4.0733109,-0.1102170000000004,1680.0722002789844,15,0.8496496849083496,106.0,2.9737738971792234
105,0.0006594653103288,-3.4982495144997015,4.1835279000000005,4.07335,4.1635873199999995,13.050727105395186,1680.0762002780102,15,4.1835279000000005,4.07335,-0.1101779000000009,1680.0762002780102,15,0.8490885539151635,105.0,2.971809938703072
106,0.0006627777797954,-3.4914277162913687,4.1834888,4.0729561,4.1633720599999995,13.016854732189945,1680.0762002842966,15,4.1834888,4.0729561,-0.1105327000000002,1680.0762002842966,15,0.8484548372378397,104.0,2.969591930332439
107,0.0006467287429949,-3.478122331132781,4.1836066,4.0741768,4.163400973333333,12.952671982409374,1680.0762002840638,15,4.1836066,4.0741768,-0.1094298,1680.0762002840638,15,0.8478666439067544,103.0,2.9675332536736403
108,0.0006663213293068,-3.4887799072585377,4.1836462,4.0727592,4.16339836,13.00419879545931,1680.078200279968,15,4.1836462,4.0727592,-0.1108869999999999,1680.078200279968,15,0.847162879890602,102.0,2.965070079617107
109,0.0006638353072412,-3.4853036945373628,4.1835675000000005,4.072877399999999,4.163322253333333,12.986215848595783,1680.076200281037,15,4.1835675000000005,4.072877399999999,-0.1106901000000011,1680.076200281037,15,0.8466049065919908,101.0,2.963117173071968
110,0.0006650624119626,-3.4876107296760415,4.1834102,4.0727201,4.163264546666667,12.99742697089993,1680.0902002791408,15,4.1834102,4.0727201,-0.1106901000000002,1680.0902002791408,15,0.8459352151487326,100.0,2.960773253020564
111,0.000671253179406,-3.4845708709249346,4.1835279000000005,4.072168799999999,4.16311222,12.98253169067705,1680.0882002860308,15,4.1835279000000005,4.072168799999999,-0.1113591000000013,1680.0882002860308,15,0.8453280480432328,99.0,2.958648168151315
112,0.0006836367541111,-3.4920823466219995,4.1835279000000005,4.0711842,4.1630176599999995,13.021269978361232,1680.090200282866,15,4.1835279000000005,4.0711842,-0.1123437000000002,1680.090200282866,15,0.8447041321101121,98.0,2.956464462385392
113,0.0006707755953798,-3.485748745358356,4.1834102,4.0722079,4.163125253333333,12.986386082449634,1680.100200284971,15,4.1834102,4.0722079,-0.1112022999999995,1680.100200284971,15,0.844230777370295,97.0,2.9548077207960324
114,0.0006725974968892,-3.481612288435083,4.1831346,4.071775,4.162786706666667,12.965932902745823,1680.1082002818584,15,4.1831346,4.071775,-0.1113596000000001,1680.1082002818584,15,0.8436508074030024,96.0,2.952777825910508
115,0.0006908397477235,-3.492190000333455,4.1834493,4.0705543,4.162870693333333,13.021444684652543,1680.1142002830748,15,4.1834493,4.0705543,-0.1128949999999999,1680.1142002830748,15,0.8431919035748389,95.0,2.951171662511936
116,0.0006911635956078,-3.490505156260702,4.1832919,4.0705147,4.1628366066666675,13.00916241367934,1680.1142002872657,15,4.1832919,4.0705147,-0.1127772,1680.1142002872657,15,0.8425305863040217,94.0,2.948857052064076
117,0.0007051761432192,-3.498373741838992,4.1832523,4.069294,4.162608206666666,13.052356711325569,1680.1242002879735,15,4.1832523,4.069294,-0.1139583000000001,1680.1242002879735,15,0.8420814090339779,93.0,2.9472849316189227
118,0.0007073312109149,-3.4958572032115014,4.1831346,4.0691366,4.162571426666667,13.03620926004416,1680.1202002838254,15,4.1831346,4.0691366,-0.1139979999999996,1680.1202002838254,15,0.8414237451898477,92.0,2.9449831081644673
119,0.0007084050131635,-3.494716173925979,4.1832523,4.0691366,4.162634426666667,13.030939933848105,1680.1242002882063,15,4.1832523,4.0691366,-0.1141157000000001,1680.1242002882063,15,0.840902300232825,91.0,2.9431580508148873
120,0.0007100386992559,-3.495462314187846,4.1831737,4.0689397000000005,4.16255042,13.034386052000585,1680.1342002858871,15,4.1831737,4.0689397000000005,-0.1142339999999997,1680.1342002858871,15,0.8402124136159163,90.0,2.940743447655707
121,0.0006819279471149,-3.4741636382642627,4.1832523,4.0710659,4.162652773333333,12.928160940638683,1680.118200284429,15,4.1832523,4.0710659,-0.1121864000000005,1680.118200284429,15,0.839642109761013,89.0,2.938747384163545
122,0.0006992894480138,-3.4843118412521377,4.1830554,4.0695696,4.162387666666667,12.97805561887347,1680.11820028699,15,4.1830554,4.0695696,-0.1134857999999994,1680.11820028699,15,0.8389706078193597,88.0,2.936397127367759
123,0.0006835859878449,-3.4816988343291575,4.1830554,4.0707903,4.162542526666668,12.965856776285928,1680.1142002858687,15,4.1830554,4.0707903,-0.1122651000000001,1680.1142002858687,15,0.8384568221661469,87.0,2.9345988775815144
124,0.0006847297897654,-3.473158321240102,4.183095,4.0706725,4.16244024,12.923279482909024,1680.106200282229,15,4.183095,4.0706725,-0.1124225,1680.106200282229,15,0.8379513199206741,86.0,2.932829619722359
125,0.0006901633169149,-3.4735993954043254,4.182898000000001,4.0700421,4.162175006666667,12.924218749381808,1680.1022002859972,15,4.182898000000001,4.0700421,-0.1128559000000004,1680.1022002859972,15,0.8370547604661149,85.0,2.929691661631402
126,0.0006881197008598,-3.4731171751267578,4.1831737,4.0703573,4.162353586666667,12.924998838844315,1680.1042002839968,15,4.1831737,4.0703573,-0.1128163999999998,1680.1042002839968,15,0.8366170381877012,84.0,2.928159633656954
127,0.0007062474895109,-3.484980302848713,4.1830163,4.0690184,4.162301066666667,12.980457104017184,1680.1022002829704,15,4.1830163,4.0690184,-0.1139979000000002,1680.1022002829704,15,0.8360877074156745,83.0,2.926306975954861
128,0.000691203933002,-3.472463037161037,4.183095,4.0700421,4.1622380266666665,12.92030590713716,1680.0962002843153,15,4.183095,4.0700421,-0.1130528999999995,1680.0962002843153,15,0.8354619430524172,82.0,2.92411680068346
129,0.0006916239475871,-3.47211890674856,4.182937600000001,4.0700421,4.162259000000001,12.914135529322923,1680.090200279839,15,4.182937600000001,4.0700421,-0.1128955000000004,1680.090200279839,15,0.8350309614550779,81.0,2.9226083650927728
130,0.0006925921135138,-3.4739875673875873,4.1830554,4.070003,4.162301033333333,12.926436475032473,1680.0982002839446,15,4.1830554,4.070003,-0.1130523999999999,1680.0982002839446,15,0.8345424598414252,80.0,2.920898609444988
131,0.0006930417034769,-3.473787995513291,4.1828194,4.0698452000000005,4.162169686666667,12.923454139067854,1680.0962002829183,15,4.1828194,4.0698452000000005,-0.1129741999999991,1680.0962002829183,15,0.8339309945589581,79.0,2.918758480956354
132,0.0006947803706798,-3.468250241901353,4.1828194,4.0696092,4.162009686666667,12.89610829945606,1680.1002002868336,15,4.1828194,4.0696092,-0.1132101999999992,1680.1002002868336,15,0.833407733995225,78.0,2.916927068983288
133,0.0006962530285517,-3.4679199050899925,4.182898000000001,4.0694518,4.1619493200000015,12.896016274180568,1680.0962002812885,15,4.182898000000001,4.0694518,-0.1134462000000002,1680.0962002812885,15,0.832912951806912,77.0,2.9151953313241923
134,0.0006974803456155,-3.463875091782108,4.1828585,4.0692549,4.161804846666667,12.876199136861096,1680.0922002808657,15,4.1828585,4.0692549,-0.1136036000000002,1680.0922002808657,15,0.8323290237698027,76.0,2.9131515831943093
135,0.0007151387991506,-3.4673440514265614,4.182898000000001,4.0678763,4.161618473333333,12.89566576988582,1680.0922002838925,15,4.182898000000001,4.0678763,-0.1150217000000006,1680.0922002838925,15,0.8317659672862804,75.0,2.9111808855019814
136,0.0007004491210955,-3.4621558839726525,4.1827798,4.0690184,4.161752346666666,12.867226819196084,1680.0842002865393,15,4.1827798,4.0690184,-0.1137613999999995,1680.0842002865393,15,0.8314660331646434,74.0,2.910131116076252
137,0.0007025334810183,-3.466645952378273,4.1827798,4.0688214,4.161726053333333,12.889761191380677,1680.0942002807278,15,4.1827798,4.0688214,-0.1139583999999995,1680.0942002807278,15,0.8308077466256665,73.0,2.907827113189833
138,0.0007014659371512,-3.463768960308609,4.1824651,4.0686245,4.161434746666667,12.872814816771442,1680.080200278666,15,4.1824651,4.0686245,-0.1138405999999996,1680.080200278666,15,0.8301591049802363,72.0,2.905556867430827
139,0.0007186999450645,-3.467985162745954,4.1825829,4.0674434,4.16141892,12.894711380034732,1680.1082002860494,15,4.1825829,4.0674434,-0.1151394999999997,1680.1082002860494,15,0.8297682093093134,71.0,2.904188732582597
140,0.0007051517046249,-3.4646183785749347,4.1825829,4.068428,4.161489873333334,12.878743982575983,1680.1062002847902,15,4.1825829,4.068428,-0.1141548999999999,1680.1062002847902,15,0.8292317561843529,70.0,2.902311146645235
141,0.0007084016472178,-3.4602504100547504,4.1827798,4.0683098,4.161552806666666,12.856072683459312,1680.1022002859972,15,4.1827798,4.0683098,-0.1144699999999998,1680.1022002859972,15,0.8288455305576863,69.0,2.900959356951902
142,0.000739824260352,-3.4740097461533637,4.1826224000000005,4.0659075,4.161298226666667,12.923964965254868,1680.1562002869323,15,4.1826224000000005,4.0659075,-0.1167149000000007,1680.1562002869323,15,0.8282564894827319,68.0,2.8988977131895615
143,0.0007257340605045,-3.4644240418784067,4.1826224000000005,4.0668921000000005,4.16130088,12.877709159455858,1680.126698229229,15,4.1826224000000005,4.0668921000000005,-0.1157303,1680.126698229229,15,0.8277417836666443,67.0,2.897096242833255
144,0.0007253970324402,-3.4651336286588887,4.1825829,4.0669708,4.161361220000001,12.879574083145815,1680.1286980467848,15,4.1825829,4.0669708,-0.1156120999999998,1680.1286980467848,15,0.8272834494765704,66.0,2.8954920731679965
145,0.0007442988206949,-3.46960071815235,4.1827798,4.0656319,4.161277173333334,12.901638848229783,1680.1226980881763,15,4.1827798,4.0656319,-0.1171478999999999,1680.1226980881763,15,0.8268625628386193,65.0,2.8940189699351673
146,0.0007452212498374,-3.473512344521185,4.1825829,4.0654745000000005,4.161208920000001,12.921530135845693,1680.130698247347,15,4.1825829,4.0654745000000005,-0.1171083999999993,1680.130698247347,15,0.8264660540398303,64.0,2.892631189139406
147,0.0005950808894321,-3.879712048561928,4.181992500000001,4.0643721,4.161773110526316,16.213284423881593,1680.1186980716884,19,4.181992500000001,4.0643721,-0.1176204000000007,1680.1186980716884,19,0.8259304775088749,63.0,2.8907566712810624
148,0.000746538091094,-3.4687913046230983,4.1825829,4.0652776,4.161059346666667,12.8964162276113,1680.1206981977448,15,4.1825829,4.0652776,-0.1173052999999999,1680.1206981977448,15,0.8259910447987978,62.0,2.8909686567957924
149,0.000731132000154,-3.459287482272636,4.1825042,4.0663409,4.161059353333333,12.84966308439061,1680.0966982468965,15,4.1825042,4.0663409,-0.1161633000000001,1680.0966982468965,15,0.8254244202657649,61.0,2.888985470930177
150,0.0007165870437635,-3.4473862565169826,4.1827798,4.0675616,4.161245726666667,12.790706663740725,1680.1046982286498,15,4.1827798,4.0675616,-0.1152181999999992,1680.1046982286498,15,0.8250274450789384,60.0,2.8875960577762845
151,0.0007162943226166,-3.4479351863547274,4.1823859,4.0674038,4.161069833333333,12.790508401181626,1680.0886982465163,15,4.1823859,4.0674038,-0.1149820999999997,1680.0886982465163,15,0.8246016421993971,59.0,2.88610574769789
152,0.0007204528868512,-3.4501507219028533,4.1824651,4.0670104,4.1609675133333335,12.804557855887712,1680.0866981665604,15,4.1824651,4.0670104,-0.1154546999999999,1680.0866981665604,15,0.8241861813447118,58.0,2.884651634706491
153,0.0007349792169155,-3.459007871317807,4.1823072,4.0658684,4.160833513333334,12.848147996695388,1680.100698181428,15,4.1823072,4.0658684,-0.1164388,1680.100698181428,15,0.8238616486602491,57.0,2.883515770310872
154,0.000735293749648,-3.4562569670775196,4.1823859,4.0659075,4.160870233333333,12.832520300244076,1680.1066982443444,15,4.1823859,4.0659075,-0.1164784,1680.1066982443444,15,0.8234503189181861,56.0,2.8820761162136512
155,0.0007386913316697,-3.4568777003091933,4.1825042,4.065750100000001,4.160938546666666,12.83724574721288,1680.108698121272,15,4.1825042,4.065750100000001,-0.1167540999999996,1680.108698121272,15,0.8230680076759364,55.0,2.880738026865777
156,0.0007365036152002,-3.4641883810939724,4.1823072,4.0658288,4.16092808,12.87138888808414,1680.1206980952993,15,4.1823072,4.0658288,-0.1164784,1680.1206980952993,15,0.8227324824233863,54.0,2.879563688481852
157,0.0007367865833449,-3.45892297422669,4.1823859,4.065789700000001,4.160870326666666,12.84724713011735,1680.120698034763,15,4.1823859,4.065789700000001,-0.1165961999999991,1680.120698034763,15,0.8223888564748806,53.0,2.878360997662082
158,0.0007571016754742,-3.467176032124742,4.182268100000001,4.0641356,4.1605815999999995,12.88937178856601,1680.1186981392093,15,4.182268100000001,4.0641356,-0.1181325000000006,1680.1186981392093,15,0.8219717055106025,52.0,2.876900969287109
159,0.0007583100660845,-3.4695686655167384,4.1822286,4.0640178,4.160557980000001,12.900596403029272,1680.1226980304343,15,4.1822286,4.0640178,-0.1182107999999999,1680.1226980304343,15,0.8210880401010276,51.0,2.8738081403535967
160,0.0007388391811783,-3.4556313251119173,4.1824255,4.0655532,4.160741653333334,12.831064871716633,1680.0986980721354,15,4.1824255,4.0655532,-0.1168722999999998,1680.0986980721354,15,0.8212910034343225,50.0,2.8745185120201286
161,0.0007216722573863,-3.4419298757031993,4.1821499,4.066577,4.160552673333334,12.763581929239976,1680.0966980829835,15,4.1821499,4.066577,-0.1155729,1680.0966980829835,15,0.8207038935306229,49.0,2.87246362735718
162,0.0007226800475382,-3.4459878384825977,4.1822286,4.066695200000001,4.160765339999999,12.782514109424248,1680.0966981360689,15,4.1822286,4.066695200000001,-0.1155333999999994,1680.0966981360689,15,0.820373530215115,48.0,2.8713073557529025
163,0.0007430368763178,-3.455845673687977,4.1823468,4.0651989,4.160660306666665,12.833177734320676,1680.1046981662512,15,4.1823468,4.0651989,-0.1171478999999999,1680.1046981662512,15,0.8201028198243743,47.0,2.87035986938531
164,0.0007253687852795,-3.4451825163476912,4.1821895,4.0663013,4.160542166666667,12.780425745385006,1680.098698105663,15,4.1821895,4.0663013,-0.1158881999999996,1680.098698105663,15,0.8197075595623294,46.0,2.868976458468153
165,0.0007275249431349,-3.435511412605447,4.182268100000001,4.0661044,4.160413493333333,12.732452812173952,1680.0946981878951,15,4.182268100000001,4.0661044,-0.1161637000000004,1680.0946981878951,15,0.8192852044798631,45.0,2.867498215679521
166,0.0007633074892902,-3.463568678544902,4.1820316,4.0634661,4.160276980000001,12.869362860475976,1680.1066982438788,15,4.1820316,4.0634661,-0.1185654999999998,1680.1066982438788,15,0.8188741179859954,44.0,2.866059412950984
167,0.0007266318628068,-3.4414688366691992,4.1821895,4.066262200000001,4.16055534,12.759929463384324,1680.1046980982646,15,4.1821895,4.066262200000001,-0.1159272999999991,1680.1046980982646,15,0.8185203528848894,43.0,2.864821235097113
168,0.0007292104803638,-3.4429830935568546,4.181992500000001,4.0659471,4.160416166666667,12.7650718484662,1680.100698236376,15,4.181992500000001,4.0659471,-0.1160454000000008,1680.100698236376,15,0.8179706567894355,42.0,2.8628972987630243
169,0.000747836315804,-3.4543382954538706,4.1820712,4.0645690000000005,4.1603242866666665,12.82337411884992,1680.102698083967,15,4.1820712,4.0645690000000005,-0.1175021999999996,1680.102698083967,15,0.8174875925971137,41.0,2.861206574089898
170,0.0007274022024435,-3.4395424180290464,4.1821103,4.0659866000000005,4.160316373333334,12.751305310873676,1680.0846981145442,15,4.1821103,4.0659866000000005,-0.1161236999999992,1680.0846981145442,15,0.8171258656050041,40.0,2.859940529617514
171,0.0007295373685698,-3.4364382721291222,4.181992500000001,4.065789700000001,4.160232386666667,12.73371103124381,1680.0926982024685,15,4.181992500000001,4.065789700000001,-0.1162027999999999,1680.0926982024685,15,0.8166476854396475,39.0,2.858266899038766
172,0.000748411983904,-3.446929956341065,4.1820712,4.0645294000000005,4.160263946666666,12.784851303121956,1680.0906980969012,15,4.1820712,4.0645294000000005,-0.1175417999999997,1680.0906980969012,15,0.8162268972288491,38.0,2.856794140300972
173,0.0007497692503745,-3.447345547218436,4.1821103,4.0643721,4.160200919999999,12.790741731925504,1680.102698191069,15,4.1821103,4.0643721,-0.1177381999999997,1680.102698191069,15,0.8158068284738498,37.0,2.855323899658474
174,0.0007318196150209,-3.4344868367217436,4.181953,4.065514100000001,4.160090633333334,12.724680394191276,1680.0866982294249,15,4.181953,4.065514100000001,-0.1164388999999994,1680.0866982294249,15,0.8153462822012962,36.0,2.853711987704537
175,0.0007326185023223,-3.428212109787248,4.1820316,4.0654349000000005,4.160017066666666,12.694407967422858,1680.09069813136,15,4.1820316,4.0654349000000005,-0.1165966999999996,1680.09069813136,15,0.8149172359550158,35.0,2.852210325842555
176,0.0007332291211925,-3.424688081614278,4.1820712,4.0654745000000005,4.16006966,12.676833321842544,1680.07869810611,15,4.1820712,4.0654745000000005,-0.1165966999999996,1680.07869810611,15,0.814521209427704,34.0,2.850824232996964
177,0.0007355391760938,-3.4268534839501115,4.1819139,4.0650415,4.159804566666667,12.690018807371096,1680.0786982169377,15,4.1819139,4.0650415,-0.1168723999999992,1680.0786982169377,15,0.8140454993596931,33.0,2.8491592477589256
178,0.0007371202262626,-3.4353407735464687,4.1817956,4.0649624,4.1598884866666666,12.730106033081968,1680.0926981978118,15,4.1817956,4.0649624,-0.1168332000000003,1680.0926981978118,15,0.8136021621849417,32.0,2.8476075676472963
179,0.0007546599499606,-3.443485979982631,4.1819139,4.0638208,4.159930573333333,12.769791182878867,1680.102698191069,15,4.1819139,4.0638208,-0.1180930999999994,1680.102698191069,15,0.8132291461427332,31.0,2.8463020114995663
180,0.0007540467797354,-3.4338461629913937,4.181992500000001,4.0637422,4.15974156,12.723509326143436,1680.110698142089,15,4.181992500000001,4.0637422,-0.1182503000000005,1680.110698142089,15,0.8126884988747838,30.0,2.8444097460617432
181,0.0007746876947945,-3.446920681388486,4.1819139,4.0622849,4.15968898,12.78778449808469,1680.1086981045082,15,4.1819139,4.0622849,-0.1196289999999997,1680.1086981045082,15,0.8123274756038413,29.0,2.8431461646134446
182,0.0007787317429045,-3.443436088264521,4.1818743,4.061852,4.15948162,12.769181116310882,1680.1026980718598,15,4.1818743,4.061852,-0.1200222999999995,1680.1026980718598,15,0.8118304281412757,28.0,2.841406498494465
183,0.0007357282016298,-3.4256205552063235,4.181992500000001,4.065120200000001,4.159883346666667,12.681444719871756,1680.0986982136965,15,4.181992500000001,4.065120200000001,-0.1168722999999998,1680.0986982136965,15,0.8115406430603616,27.0,2.8403922507112656
184,0.0007746418323011,-3.452452054520044,4.181756,4.0621667,4.15961024,12.815349441998157,1680.0986981233582,15,4.181756,4.0621667,-0.1195893000000003,1680.0986981233582,15,0.8111523412304296,26.0,2.8390331943065035
185,0.0007374852561121,-3.424700919154728,4.1817169000000005,4.0647264,4.159597126666666,12.678075418594506,1680.0886981086803,15,4.1817169000000005,4.0647264,-0.1169905000000008,1680.0886981086803,15,0.8106268030197877,25.0,2.837193810569257
186,0.0007396511890506,-3.419817470843755,4.1818743,4.0646868,4.159660126666667,12.653754660327955,1680.0926980823278,15,4.1818743,4.0646868,-0.1171875,1680.0926980823278,15,0.8100060774915906,24.0,2.835021271220567
187,0.0007408924241666,-3.419207965057399,4.181756,4.0645690000000005,4.1596128666666665,12.64666470449665,1680.080698247999,15,4.181756,4.0645690000000005,-0.1171869999999994,1680.080698247999,15,0.8095486080748934,23.0,2.833420128262127
188,0.0007174513652068,-3.4050385745264897,4.1816378,4.0662227,4.159646960000001,12.577443640755131,1680.0686981156468,15,4.1816378,4.0662227,-0.1154150999999998,1680.0686981156468,15,0.8090426159083578,22.0,2.831649155679252
189,0.0007406421641797,-3.4111818088384713,4.1818743,4.0644507,4.15942386,12.61223974946648,1680.068698123563,15,4.1818743,4.0644507,-0.1174235999999995,1680.068698123563,15,0.8085992690172371,21.0,2.83009744156033
190,0.0007176564154682,-3.4106401185438404,4.1815987,4.066025700000001,4.159510459999999,12.610395229201972,1680.074698165059,15,4.1815987,4.066025700000001,-0.1155729999999994,1680.074698165059,15,0.8081982279400337,20.0,2.828693797790118
191,0.0007445921004263,-3.4117206092506094,4.1816378,4.0640569,4.159284726666666,12.612605825000742,1680.080698095262,15,4.1816378,4.0640569,-0.1175809000000001,1680.080698095262,15,0.8078885675792881,19.0,2.8276099865275084
192,0.0007432266110906,-3.410931284286028,4.1816773000000005,4.064175100000001,4.159308306666667,12.60764304098723,1680.0846982188525,15,4.1816773000000005,4.064175100000001,-0.1175021999999996,1680.0846982188525,15,0.8073308889811972,18.0,2.82565811143419
193,0.0007442459216698,-3.4110484690302574,4.1819139,4.0640965,4.159300453333334,12.612749876851996,1680.0866982531734,15,4.1819139,4.0640965,-0.1178173999999998,1680.0866982531734,15,0.8068251369225877,17.0,2.823887979229057
194,0.0007446675811612,-3.412258320281267,4.181756,4.0641356,4.159371313333334,12.61448828922668,1680.0906981583685,15,4.181756,4.0641356,-0.1176203999999998,1680.0906981583685,15,0.8063623604213168,16.0,2.822268261474609
195,0.0007480182229592,-3.4130178939563325,4.18152,4.0636239000000005,4.159079993333334,12.618858396967871,1680.0926982015371,15,4.18152,4.0636239000000005,-0.1178960999999993,1680.0926982015371,15,0.8057817269773456,15.0,2.8202360444207097
196,0.0007710640884763,-3.4236491216887104,4.1815591,4.0620093,4.159003826666667,12.66929112843059,1680.100698213093,15,4.1815591,4.0620093,-0.1195498000000006,1680.100698213093,15,0.8054160308131054,14.0,2.818956107845869
197,0.0007703707085517,-3.42412867187984,4.181362200000001,4.0618911,4.158846319999999,12.67223785460718,1680.112698122859,15,4.181362200000001,4.0618911,-0.1194711000000001,1680.112698122859,15,0.8050386345794192,13.0,2.817635221027967
198,0.0007708740257355,-3.420677947724018,4.1815987,4.0619698,4.158932986666667,12.65761037859279,1680.1126982201822,15,4.1815987,4.0619698,-0.1196289000000003,1680.1126982201822,15,0.8046824351268372,12.0,2.8163885229439303
199,0.000771761040564,-3.4168748550155303,4.1816773000000005,4.0619698,4.158959146666666,12.638359788948634,1680.1106981574558,15,4.1816773000000005,4.0619698,-0.1197075000000005,1680.1106981574558,15,0.8042490108225601,11.0,2.81487153787896
200,0.0007497280205068,-3.406887845006457,4.1814804,4.063427,4.15894604,12.588672667498358,1680.094698144123,15,4.1814804,4.063427,-0.1180533999999999,1680.094698144123,15,0.8037740177726246,10.0,2.813209062204186
201,0.000751561634226,-3.4087125933751725,4.1814804,4.06323,4.1588804800000005,12.598690660196642,1680.102698101662,15,4.1814804,4.06323,-0.1182503999999999,1680.102698101662,15,0.8033629191460889,9.0,2.8117702170113112
202,0.0007550173030109,-3.396330397108433,4.1817169000000005,4.0630331,4.158809566666667,12.538014029831992,1680.108698055148,15,4.1817169000000005,4.0630331,-0.1186838000000003,1680.108698055148,15,0.8028994401099017,8.0,2.810148040384656
204,0.0007760132146066,-3.411551880379183,4.1814413,4.0613399,4.158554966666666,12.611963204269706,1680.102698251605,15,4.1814413,4.0613399,-0.1201014000000002,1680.102698251605,15,0.8022312140595549,6.0,2.807809249208442
205,0.0007528823594012,-3.401373462334537,4.1813231,4.0629935,4.158670386666666,12.56059239883054,1680.0926981596276,15,4.1813231,4.0629935,-0.1183296,1680.0926981596276,15,0.8018510471023603,5.0,2.806478664858261
206,0.0007558807394869,-3.396896815336349,4.1813231,4.0626392,4.158473553333333,12.539684150563854,1680.0946981133893,15,4.1813231,4.0626392,-0.1186839000000006,1680.0946981133893,15,0.8013757618905005,4.0,2.804815166616752
207,0.00075712435503,-3.395371053654969,4.1812444,4.0624423,4.1583448999999995,12.533054037446046,1680.092698241584,15,4.1812444,4.0624423,-0.1188020999999999,1680.092698241584,15,0.8009627913119661,3.0,2.8033697695918813
208,0.000755658798016,-3.3953421708390925,4.1810079,4.0624819,4.15828722,12.52901078614211,1680.0826982338913,15,4.1810079,4.0624819,-0.1185260000000001,1680.0826982338913,15,0.8005653476560948,2.0,2.8019787167963317
209,0.000778766444074,-3.4016095214353417,4.1811261,4.0608282,4.158137586666667,12.561569056218415,1680.1006981139071,15,4.1811261,4.0608282,-0.1202978999999997,1680.1006981139071,15,0.8001020999367168,1.0,2.800357349778509
210,0.0007575292772678,-3.3899089025560794,4.1812444,4.0624032,4.158289826666667,12.506135397526135,1680.0886981831864,15,4.1812444,4.0624032,-0.1188411999999994,1680.0886981831864,15,0.7998442827516582,0.0,2.799454989630804
211,0.0007814900960935,-3.398965319423107,4.1812835,4.0606313,4.158090306666667,12.548773180567393,1680.1106981318444,15,4.1812835,4.0606313,-0.1206522000000003,1680.1106981318444,15,0.7994668441035774,-1.0,2.798133954362521
212,0.0007578264217731,-3.3899455906438303,4.1810079,4.0623245,4.158226780000001,12.502954856763324,1680.1026982553303,15,4.1810079,4.0623245,-0.1186834000000001,1680.1026982553303,15,0.7991118628959349,-2.0,2.796891520135772
213,0.0007794986748692,-3.3985894295576284,4.1812048,4.0607491,4.158082393333332,12.54804122398046,1680.1306981584055,15,4.1812048,4.0607491,-0.1204556999999999,1680.1306981584055,15,0.7987282272482635,-3.0,2.7955487953689224
214,0.0007843083784706,-3.4010560574046775,4.1812048,4.0603948,4.1580456266666665,12.559083508577412,1680.118698107079,15,4.1812048,4.0603948,-0.1208099999999996,1680.118698107079,15,0.7984180426013766,-4.0,2.794463149104818
215,0.0007608859678169,-3.384212574516256,4.1811261,4.062088,4.158142753333333,12.477403647426351,1680.0906981788576,15,4.1811261,4.062088,-0.1190381,1680.0906981788576,15,0.7980176180751642,-5.0,2.793061663263075
216,0.0007632921698128,-3.3773880484167145,4.181165200000001,4.0618911,4.158043,12.44180480041113,1680.0886981710792,15,4.181165200000001,4.0618911,-0.1192741000000001,1680.0886981710792,15,0.7974426138687384,-6.0,2.7910491485405844
217,0.0007622275442578,-3.382707993095193,4.1811261,4.0619307,4.158056126666668,12.467924862807664,1680.082698206883,15,4.1811261,4.0619307,-0.1191954000000006,1680.082698206883,15,0.7971045790600197,-7.0,2.7898660267100692
218,0.0007636422779621,-3.3794959438886365,4.1810865,4.0617337,4.157924926666667,12.453327647996163,1680.0866981735453,15,4.1810865,4.0617337,-0.1193528000000005,1680.0866981735453,15,0.7966625483808049,-8.0,2.788318919332817
219,0.000762460341568,-3.3786915811076637,4.1810865,4.0618124,4.157922266666667,12.448710131948276,1680.0746981920674,15,4.1810865,4.0618124,-0.1192741000000001,1680.0746981920674,15,0.7962709526083132,-9.0,2.786948334129096
220,0.0007892916816242,-3.3886559836182473,4.1810079,4.059764899999999,4.1576283,12.497242132613671,1680.1006982205436,15,4.1810079,4.059764899999999,-0.1212430000000006,1680.1006982205436,15,0.7948047923537097,-10.0,2.781816773237984
221,0.0008134218684252,-3.4050794388459207,4.181047400000001,4.0580716,4.1575494666666675,12.578480076620128,1680.1266980320215,15,4.181047400000001,4.0580716,-0.1229758000000007,1680.1266980320215,15,0.794445079193134,-11.0,2.780557777175969
222,0.0007888373674169,-3.3901283229098182,4.1808896,4.0598435,4.157688613333333,12.503080148329133,1680.1326980362646,15,4.1808896,4.0598435,-0.1210461,1680.1326980362646,15,0.7941537304553025,-12.0,2.779538056593559
223,0.0008139258666281,-3.403177880284487,4.1809688,4.057914299999999,4.157407766666667,12.568965779290568,1680.1486981706694,15,4.1809688,4.057914299999999,-0.1230545000000002,1680.1486981706694,15,0.7937479578028493,-13.0,2.7781178523099728
224,0.0008088669811249,-3.40088787721426,4.1808505,4.0582685,4.157434006666667,12.557119969822477,1680.1506980396807,15,4.1808505,4.0582685,-0.1225820000000004,1680.1506980396807,15,0.7934436774058706,-14.0,2.777052870920547
225,0.0008127913547357,-3.397781363320055,4.1809292000000005,4.058032,4.157413,12.541616903108377,1680.1466981535775,15,4.1809292000000005,4.058032,-0.1228972000000006,1680.1466981535775,15,0.7930950960105488,-15.0,2.775832836036921
226,0.0008140481633412,-3.3977425061438047,4.1807718000000005,4.0577564,4.1572134866666675,12.541135451578914,1680.1506981132552,15,4.1807718000000005,4.0577564,-0.1230154000000007,1680.1506981132552,15,0.7927832163322718,-16.0,2.774741257162951
227,0.0008127990558563,-3.401860967353289,4.1806536,4.0578351,4.157247606666667,12.560774970405504,1680.1326980739832,15,4.1806536,4.0578351,-0.1228185000000001,1680.1326980739832,15,0.7924211898367352,-17.0,2.773474164428573
228,0.0007711331399717,-3.371068223596068,4.1807323,4.0607886,4.157384080000001,12.41052378352747,1680.1226980648937,15,4.1807323,4.0607886,-0.1199436999999994,1680.1226980648937,15,0.7920347728241257,-18.0,2.77212170488444
229,0.0007716233533492,-3.364091160743909,4.1806536,4.0606313,4.157202973333333,12.375713318708904,1680.0986981336027,15,4.1806536,4.0606313,-0.1200223000000004,1680.0986981336027,15,0.7916597259450954,-19.0,2.770809040807834
230,0.0007715732735498,-3.362232846744059,4.1808505,4.0606313,4.157189853333333,12.37052969243205,1680.1006980836391,15,4.1808505,4.0606313,-0.1202192000000001,1680.1006980836391,15,0.7913811201662481,-20.0,2.7698339205818683
231,0.0007967244448883,-3.3804790845565416,4.1806931,4.0587802,4.157042813333334,12.460024648567426,1680.1126981191337,15,4.1806931,4.0587802,-0.1219128999999998,1680.1126981191337,15,0.7909884540054176,-21.0,2.7684595890189616
232,0.0007767041222035,-3.36403249661804,4.1804962,4.0600801,4.156969326666666,12.375980225738529,1680.084698154591,15,4.1804962,4.0600801,-0.1204160999999999,1680.084698154591,15,0.7906417790099128,-22.0,2.767246226534695
233,0.0007749452990326,-3.3571244481676445,4.1806536,4.0603161,4.1570402133333335,12.340466183013389,1680.0806981935166,15,4.1806536,4.0603161,-0.1203375000000006,1680.0806981935166,15,0.7903012185784429,-23.0,2.7660542650245503
234,0.0007990899570517,-3.3702416801086175,4.180614,4.0585046,4.15682748,12.405251071567648,1680.0826981444843,15,4.180614,4.0585046,-0.1221094000000002,1680.0826981444843,15,0.7899296574748881,-24.0,2.7647538011621084
235,0.0007981871685478,-3.364251880066897,4.1808505,4.058662399999999,4.156885293333334,12.378129728995148,1680.1086982414126,15,4.1808505,4.058662399999999,-0.1221881000000006,1680.1086982414126,15,0.7896592265975323,-25.0,2.763807293091363
236,0.0008230572929968,-3.3891266758804623,4.1806536,4.0568509,4.156790759999999,12.50069979229844,1680.120698068291,15,4.1806536,4.0568509,-0.1238027000000006,1680.120698068291,15,0.7892722423229784,-26.0,2.7624528481304247
237,0.0007789821206669,-3.35498586101836,4.1805749,4.0599222,4.1568826466666655,12.331121269765628,1680.1026980765164,15,4.1805749,4.0599222,-0.1206526999999999,1680.1026980765164,15,0.7889825628521434,-27.0,2.761438969982502
238,0.0008007931041126,-3.373646377314781,4.1804566,4.0581899,4.156646486666667,12.423915806089196,1680.1066980613396,15,4.1804566,4.0581899,-0.1222666999999999,1680.1066980613396,15,0.7886160938559493,-28.0,2.760156328495823
239,0.0008441542652049,-3.3987548877413727,4.1804171000000006,4.0551972,4.156486293333334,12.547217736963407,1680.110698167235,15,4.1804171000000006,4.0551972,-0.1252199000000002,1680.110698167235,15,0.7883655609766,-29.0,2.7592794634181
240,0.0007800484569892,-3.353674202080803,4.1805353,4.059764899999999,4.156782926666667,12.325909604486078,1680.0866981260478,15,4.1805353,4.059764899999999,-0.1207704000000005,1680.0866981260478,15,0.7880127562847614,-30.0,2.758044646996665
241,0.0008038223919217,-3.3689287137806674,4.1804171000000006,4.058032,4.15663588,12.399181474315952,1680.0946981334127,15,4.1804171000000006,4.058032,-0.1223851000000006,1680.0946981334127,15,0.7875684047702751,-31.0,2.756489416695963
242,0.0007815442224283,-3.35480743469596,4.180614,4.0596466,4.1567672133333335,12.332303329738997,1680.0866981921718,15,4.180614,4.0596466,-0.1209674000000005,1680.0866981921718,15,0.7873606746566149,-32.0,2.755762361298152
243,0.0007830883010912,-3.353901580923122,4.180378,4.0593314,4.156538846666666,12.326056242947832,1680.1026980653403,15,4.180378,4.0593314,-0.1210466000000005,1680.1026980653403,15,0.7869676135622062,-33.0,2.754386647467722
244,0.0008038021150063,-3.360563871200282,4.1804171000000006,4.057914299999999,4.156452193333334,12.35906860008626,1680.1026981137693,15,4.1804171000000006,4.057914299999999,-0.1225028000000012,1680.1026981137693,15,0.7866493759843122,-34.0,2.7532728159450928
245,0.0007824916651369,-3.3438689648039213,4.1804171000000006,4.0593314,4.156425913333333,12.278803729165372,1680.092698219698,15,4.1804171000000006,4.0593314,-0.1210857000000009,1680.092698219698,15,0.7863764056083752,-35.0,2.752317419629313
246,0.0008089133168963,-3.359654926942842,4.1804171000000006,4.0574021,4.156247373333334,12.356324032486413,1680.086698164232,15,4.1804171000000006,4.0574021,-0.1230150000000005,1680.086698164232,15,0.7860139083397272,-36.0,2.751048679189045
247,0.0008082517230369,-3.3598001893867617,4.1802993,4.0573626,4.156168653333333,12.357034749441208,1680.1066981181502,15,4.1802993,4.0573626,-0.1229366999999994,1680.1066981181502,15,0.7856752927362735,-37.0,2.749863524576957
248,0.0008294321933874,-3.3709922055306984,4.1803384,4.0558271,4.156008520000001,12.411700544874314,1680.1226982334629,15,4.1803384,4.0558271,-0.1245112999999999,1680.1226982334629,15,0.7854516597769792,-38.0,2.749080809219427
249,0.0008360606329206,-3.371794190585202,4.180378,4.0554333,4.156018993333334,12.414153831330491,1680.148698206991,15,4.180378,4.0554333,-0.1249447000000003,1680.148698206991,15,0.785185909442352,-39.0,2.748150683048232
250,0.0008524430437338,-3.3843588206283752,4.180181,4.0542126000000005,4.155882533333334,12.477173122237735,1680.1546981669962,15,4.180181,4.0542126000000005,-0.1259683999999996,1680.1546981669962,15,0.7848871391073757,-40.0,2.747104986875815
251,0.0008347589255045,-3.3614849048126527,4.1804962,4.055512,4.15594022,12.366517144640111,1680.1546981101856,15,4.1804962,4.055512,-0.1249842000000001,1680.1546981101856,15,0.7845784598167784,-41.0,2.7460246093587246
252,0.0008314267686925,-3.3655738490617693,4.180378,4.0558271,4.156082060000001,12.382048111660025,1680.1426980705,15,4.180378,4.0558271,-0.1245509,1680.1426980705,15,0.7843040621716889,-42.0,2.7450642176009112
253,0.0008150818372626,-3.3607638937526647,4.180181,4.056654,4.155882553333334,12.360479361083785,1680.120698244311,15,4.180181,4.056654,-0.1235270000000001,1680.120698244311,15,0.7837678661552886,-43.0,2.74318753154351
254,0.000813068365982,-3.3524192704512936,4.1799445,4.056654,4.155690826666667,12.316932110834376,1680.0886981957592,15,4.1799445,4.056654,-0.1232905000000004,1680.0886981957592,15,0.7834967706798726,-44.0,2.742238697379554
255,0.0007923011231483,-3.331498147875891,4.1802206,4.0583472,4.155950813333333,12.217916955621517,1680.088698167354,15,4.1802206,4.0583472,-0.1218734000000001,1680.088698167354,15,0.7833171367844737,-45.0,2.741609978745658
256,0.0007908395900823,-3.331356548720836,4.1802993,4.0583472,4.155861566666667,12.219266689037491,1680.090698201675,15,4.1802993,4.0583472,-0.1219520999999996,1680.090698201675,15,0.783018957474618,-46.0,2.740566351161163
257,0.0008142538954149,-3.348696613835552,4.1801023,4.056654,4.155735493333333,12.300385002892272,1680.112698044628,15,4.1801023,4.056654,-0.1234482999999997,1680.112698044628,15,0.782677025822018,-47.0,2.739369590377063
258,0.000858424509774,-3.367405646224434,4.1802206,4.0536218,4.155509753333333,12.39380177733009,1680.1166980797425,15,4.1802206,4.0536218,-0.1265988,1680.1166980797425,15,0.7823766300832015,-48.0,2.738318205291205
259,0.0008421651978698,-3.3577859345323446,4.1801414,4.0547247,4.155562246666667,12.343844154829773,1680.1306980615482,15,4.1801414,4.0547247,-0.1254166999999997,1680.1306980615482,15,0.7819851909658277,-49.0,2.736948168380397
260,0.0008607033266382,-3.3758763916019205,4.180259700000001,4.0534644,4.155556960000001,12.435850614002938,1680.1346982293762,15,4.180259700000001,4.0534644,-0.1267953000000004,1680.1346982293762,15,0.781770692354058,-50.0,2.736197423239203
261,0.0008209300949209,-3.3446562422770327,4.1801414,4.056221,4.155675066666666,12.280132774834296,1680.1126981782727,15,4.1801414,4.056221,-0.1239204000000002,1680.1126981782727,15,0.7814416337072957,-51.0,2.735045717975535
262,0.0008184547957417,-3.34741403578857,4.1798267,4.0561419,4.15546772,12.293415663794011,1680.1066982205955,15,4.1798267,4.0561419,-0.1236847999999994,1680.1066982205955,15,0.7810628892737013,-52.0,2.7337201124579544
263,0.0007955052541369,-3.328160714846512,4.1800237000000005,4.0578351,4.155609513333332,12.20159379629784,1680.098698202055,15,4.1800237000000005,4.0578351,-0.1221886000000003,1680.098698202055,15,0.7807865685022551,-53.0,2.732752989757893
264,0.0008194725508298,-3.3365740592697133,4.1800237000000005,4.0561814,4.155483453333333,12.2411132557774,1680.1006981064563,15,4.1800237000000005,4.0561814,-0.1238423000000006,1680.1006981064563,15,0.7804643988056486,-54.0,2.73162539581977
265,0.0008189833707168,-3.338994033569832,4.1798658,4.0560241,4.155315460000001,12.252767359213678,1680.1006982070394,15,4.1798658,4.0560241,-0.1238416999999998,1680.1006982070394,15,0.780111563236064,-55.0,2.730390471326224
266,0.0007973749680869,-3.325651479876884,4.1799054,4.0575595,4.155428313333333,12.188761538390768,1680.0866981288418,15,4.1799054,4.0575595,-0.1223459,1680.0866981288418,15,0.7798124596368503,-56.0,2.729343608728976
267,0.0007966491521425,-3.3210846433861505,4.1799841,4.0577564,4.15554116,12.163553163658795,1680.0906982128508,15,4.1799841,4.0577564,-0.1222277000000007,1680.0906982128508,15,0.7795962056877405,-57.0,2.7285867199070917
268,0.0008234809905292,-3.3500960614830144,4.179787200000001,4.0557089,4.155362773333334,12.308274657188988,1680.1066980664618,15,4.179787200000001,4.0557089,-0.1240783000000007,1680.1066980664618,15,0.7792739421892818,-58.0,2.7274587976624862
269,0.0008014400168271,-3.323776015184965,4.1799445,4.0572839,4.1553863,12.178902075009102,1680.0986982462928,15,4.1799445,4.0572839,-0.1226606000000005,1680.0986982462928,15,0.7789291681416249,-59.0,2.7262520884956873
270,0.0007979353729266,-3.325098852201678,4.1799054,4.0575595,4.155457266666668,12.18505698325588,1680.098698098678,15,4.1799054,4.0575595,-0.1223459,1680.098698098678,15,0.778728101751418,-60.0,2.725548356129963
271,0.0007989701797263,-3.3261259237985863,4.1797085,4.0574021,4.155367926666666,12.18705849446244,1680.0906982407903,15,4.1797085,4.0574021,-0.1223064000000002,1680.0906982407903,15,0.7782829677175168,-61.0,2.723990387011309
272,0.0007993888905111,-3.327793177822627,4.1798267,4.0573235,4.15533384,12.200123725960683,1680.0866982461885,15,4.1798267,4.0573235,-0.1225031999999997,1680.0866982461885,15,0.777892861536536,-62.0,2.722625015377876
273,0.0008483681140978,-3.3529521900662083,4.1800628,4.0538974,4.155073926666668,12.326668593802612,1680.1046982523983,15,4.1800628,4.0538974,-0.1261653999999996,1680.1046982523983,15,0.7776301058229854,-63.0,2.721705370380449
274,0.0008490411430868,-3.3600547768829614,4.1799841,4.053937,4.15520786,12.35857167087569,1680.1206982354634,15,4.1799841,4.053937,-0.1260471,1680.1206982354634,15,0.7774420866647288,-64.0,2.721047303326551
275,0.0008484984837963,-3.3579181596837895,4.1796298,4.05374,4.154958406666666,12.345604810426828,1680.1266980897635,15,4.1796298,4.05374,-0.1258897999999995,1680.1266980897635,15,0.777094572500814,-65.0,2.7198310037528493
276,0.000826817750584,-3.3346692616221825,4.1796298,4.0552363,4.154968953333333,12.23337712047736,1680.0906981835142,15,4.1796298,4.0552363,-0.1243935,1680.0906981835142,15,0.77677458094246,-66.0,2.71871103329861
277,0.0008006271197269,-3.3212506855612327,4.1796689,4.0571265,4.155160546666667,12.167586892550204,1680.094698140863,15,4.1796689,4.0571265,-0.1225424000000003,1680.094698140863,15,0.7765738640327771,-67.0,2.71800852411472
278,0.0008505264859245,-3.3518972037130843,4.1798267,4.0536613,4.1549532199999994,12.317345489949368,1680.1286980537698,15,4.1798267,4.0536613,-0.1261653999999996,1680.1286980537698,15,0.7762583066605048,-68.0,2.716904073311767
279,0.0008026392244909,-3.314581382584812,4.179787200000001,4.0569692,4.155073966666667,12.135744672087814,1680.0926981195807,15,4.179787200000001,4.0569692,-0.1228180000000005,1680.0926981195807,15,0.7757910080552061,-69.0,2.715268528193221
280,0.0008286904007638,-3.340813676603203,4.1796298,4.0549607000000005,4.154856033333334,12.26419367996612,1680.0906981322914,15,4.1796298,4.0549607000000005,-0.1246690999999993,1680.0906981322914,15,0.7754334271223966,-70.0,2.714016994928388
281,0.000804127907748,-3.315784139490558,4.1798267,4.0568509,4.155058166666667,12.143215830117498,1680.090698084794,15,4.1798267,4.0568509,-0.1229757999999998,1680.090698084794,15,0.7751833841942969,-71.0,2.713141844680039
282,0.0008308549557698,-3.33410488583522,4.1797085,4.0548425,4.154814053333333,12.231141223255433,1680.0906982342713,15,4.1797085,4.0548425,-0.1248659999999999,1680.0906982342713,15,0.774866509990506,-72.0,2.712032784966771
283,0.000807122746384,-3.318091104626186,4.1796298,4.0564966,4.154900713333333,12.151005613878764,1680.068698120769,15,4.1796298,4.0564966,-0.1231331999999998,1680.068698120769,15,0.7745847917266943,-73.0,2.71104677104343
284,0.0008060119145759,-3.3176881018228004,4.179511499999999,4.0564966,4.154829820000001,12.148957163768422,1680.0666981376708,15,4.179511499999999,4.0564966,-0.1230148999999993,1680.0666981376708,15,0.7743204104318583,-74.0,2.710121436511504
285,0.0007803388424498,-3.300034516277768,4.1795511,4.0584259,4.155042486666667,12.063076916749615,1680.0686981561594,15,4.1795511,4.0584259,-0.1211252000000007,1680.0686981561594,15,0.7739757877333668,-75.0,2.708915257066784
286,0.0008083477101869,-3.319701721385266,4.1795902,4.0563784,4.154871813333334,12.1603220094475,1680.0746981124394,15,4.1795902,4.0563784,-0.1232117999999999,1680.0746981124394,15,0.7737020236407958,-76.0,2.707957082742785
287,0.000808170220104,-3.31873692778305,4.1797481,4.0563784,4.154856059999999,12.15824805497602,1680.0686982423067,15,4.1797481,4.0563784,-0.1233697000000004,1680.0686982423067,15,0.7733085596731997,-77.0,2.706579958856199
288,0.0008088779188452,-3.316388391035041,4.1794329,4.0560632000000005,4.1545646666666665,12.146177669609685,1680.0726981158368,15,4.1794329,4.0560632000000005,-0.1233696999999995,1680.0726981158368,15,0.7729463606272093,-78.0,2.705312262195233
289,0.0008068284427588,-3.3126176373370866,4.1796689,4.0563388,4.15468802,12.130043796251048,1680.076698247809,15,4.1796689,4.0563388,-0.1233301000000004,1680.076698247809,15,0.7726667518288849,-79.0,2.7043336314010973
290,0.0008109092038723,-3.310773320982936,4.179511499999999,4.0559845,4.154564733333333,12.118608504872782,1680.0866981758736,15,4.179511499999999,4.0559845,-0.1235269999999992,1680.0866981758736,15,0.7722802466444609,-80.0,2.702980863255614
291,0.0008104758421725,-3.31204595641857,4.179511499999999,4.0560241,4.15458574,12.122844898725209,1680.0886982530355,15,4.179511499999999,4.0560241,-0.1234873999999992,1680.0886982530355,15,0.7720464599647743,-81.0,2.70216260987671
292,0.0008070308087,-3.3141117233216817,4.1792359,4.0561814,4.1545489,12.13191694309748,1680.0866980850697,15,4.1792359,4.0561814,-0.1230545000000002,1680.0866980850697,15,0.771724165065763,-82.0,2.7010345777301707
293,0.0008117859542511,-3.316264537695481,4.1791964,4.0557089,4.15438354,12.143175640238788,1680.0967332683504,15,4.1791964,4.0557089,-0.1234875000000004,1680.0967332683504,15,0.7714413680075412,-83.0,2.700044788026394
294,0.000811778678938,-3.313413915512195,4.1794329,4.0557876,4.154441333333334,12.131302325283642,1680.0970013728363,15,4.1794329,4.0557876,-0.1236452999999997,1680.0970013728363,15,0.7711995373652571,-84.0,2.6991983807784
295,0.0008111935068857,-3.313584632488278,4.1793542,4.0558271,4.1544465,12.131794344706162,1680.081001335289,15,4.1793542,4.0558271,-0.1235270999999995,1680.081001335289,15,0.7708869155328085,-85.0,2.69810420436483
296,0.0008144380593469,-3.316059436079739,4.1794329,4.0556302,4.154467586666668,12.14496408346336,1680.0770014971497,15,4.1794329,4.0556302,-0.1238026999999997,1680.0770014971497,15,0.7707382661005319,-86.0,2.6975839313518617
297,0.0007837544959568,-3.297747715639811,4.1792755,4.0577564,4.15456724,12.053098866435498,1680.0690014800057,15,4.1792755,4.0577564,-0.1215191000000004,1680.0690014800057,15,0.7703780714415149,-87.0,2.6963232500453023
298,0.0007836741542535,-3.288558452760057,4.1794329,4.0578351,4.154572573333334,12.0115205637587,1680.071001432836,15,4.1794329,4.0578351,-0.1215977999999999,1680.071001432836,15,0.7700655240666846,-88.0,2.695229334233396
299,0.0008158137762726,-3.314070104523312,4.1792359,4.0552759,4.154181413333332,12.135849979629668,1680.0950015317649,15,4.1792359,4.0552759,-0.1239600000000002,1680.0950015317649,15,0.769714379330784,-89.0,2.694000327657744
300,0.0008133020211449,-3.3178579718127352,4.1790786,4.055393700000001,4.154173526666667,12.15141797420193,1680.1090012565255,15,4.1790786,4.055393700000001,-0.1236848999999997,1680.1090012565255,15,0.7695806172295073,-90.0,2.693532160303276
301,0.0008424518808911,-3.332693851799164,4.179039,4.0533462,4.1540054600000005,12.227067075779464,1680.091001406312,15,4.179039,4.0533462,-0.1256928000000003,1680.091001406312,15,0.7693054347994951,-91.0,2.6925690217982328
302,0.000813355840148,-3.308684652951797,4.1794329,4.0555906,4.154304733333333,12.11029424569186,1680.0810012891889,15,4.1794329,4.0555906,-0.1238422999999997,1680.0810012891889,15,0.769038986283754,-92.0,2.691636451993139
303,0.000789217975714,-3.29515570691469,4.1792755,4.0572052,4.154336286666666,12.04381336667722,1680.075001379475,15,4.1792755,4.0572052,-0.1220702999999998,1680.075001379475,15,0.7687574203302486,-93.0,2.69065097115587
304,0.000816257456586,-3.31008067795587,4.1791573,4.0552363,4.15413682,12.116229628757916,1680.0730014443398,15,4.1791573,4.0552363,-0.1239210000000001,1680.0730014443398,15,0.7683870956096538,-94.0,2.689354834633788
305,0.0008138875448531,-3.310083285616561,4.1793933,4.0555515,4.15430742,12.115701030735456,1680.0770015120506,15,4.1793933,4.0555515,-0.1238418000000001,1680.0770015120506,15,0.7682133624659752,-95.0,2.688746768630913
306,0.000817100734542,-3.3117382059763387,4.1793146,4.0551577000000005,4.154123626666666,12.125492524601022,1680.0790013400838,15,4.1793146,4.0551577000000005,-0.1241568999999991,1680.0790013400838,15,0.7679599871603345,-96.0,2.687859955061171
307,0.0008151860617902,-3.3156059183718343,4.1791964,4.055315,4.154194479999999,12.143102848880025,1680.0870015323162,15,4.1791964,4.055315,-0.1238814000000001,1680.0870015323162,15,0.7677773608960343,-97.0,2.68722076313612
308,0.0008167108921383,-3.3131840074543684,4.1792359,4.0552759,4.154226013333333,12.129150747654386,1680.073001361452,15,4.1792359,4.0552759,-0.1239600000000002,1680.073001361452,15,0.7675124659447856,-98.0,2.6862936308067495
309,0.0008169063163971,-3.3073014850749867,4.1793933,4.0551972,4.1541184,12.105971282016224,1680.0770014971497,15,4.1793933,4.0551972,-0.1241960999999998,1680.0770014971497,15,0.7672018960369396,-99.0,2.6852066361292883
310,0.0008183612443074,-3.312426242371751,4.1791964,4.055079,4.15412362,12.126030209052004,1680.0830015251413,15,4.1791964,4.055079,-0.1241174000000002,1680.0830015251413,15,0.767028991177688,-100.0,2.684601469121908
311,0.0008188991641383,-3.3114833150164533,4.1789603,4.0548425,4.153911046666667,12.12064886587083,1680.1010015457869,15,4.1789603,4.0548425,-0.1241177999999996,1680.1010015457869,15,0.7666629471129781,-101.0,2.683320314895423
312,0.0008431165275428,-3.3300049879840117,4.1789207,4.0532284,4.1539005,12.209761803985316,1680.1030015647411,15,4.1789207,4.0532284,-0.1256922999999998,1680.1030015647411,15,0.7665293178190101,-102.0,2.6828526123665353
313,0.0008213190161317,-3.3130186019216716,4.1789999,4.0546064,4.15383752,12.13140400064491,1680.0930012781173,15,4.1789999,4.0546064,-0.1243935,1680.0930012781173,15,0.766292664141167,-103.0,2.6820243244940847
314,0.0008447134210888,-3.3288003847942353,4.1789999,4.0530314,4.15379028,12.20525222855778,1680.107001286,15,4.1789999,4.0530314,-0.1259684999999999,1680.107001286,15,0.7661619404185654,-104.0,2.681566791464979
315,0.000843997967902,-3.324550037528196,4.179039,4.0531492,4.153832206666667,12.185437451579707,1680.11500157509,15,4.179039,4.0531492,-0.1258898000000003,1680.11500157509,15,0.7659028290218872,-105.0,2.6806599015766053
316,0.0008207766919435,-3.312527603658474,4.1789999,4.0547247,4.153916293333333,12.12659568058347,1680.0890012802556,15,4.1789999,4.0547247,-0.1242751999999995,1680.0890012802556,15,0.7656991258148482,-106.0,2.679946940351969
317,0.0008221053953478,-3.3042833771247104,4.179039,4.0545669,4.153771873333333,12.085970526458963,1680.0830014422536,15,4.179039,4.0545669,-0.1244721000000002,1680.0830014422536,15,0.765445727140338,-107.0,2.679060044991183
318,0.0008223821222678,-3.3049678153368336,4.1789603,4.0544491,4.153680006666666,12.092413363878926,1680.0770012699068,15,4.1789603,4.0544491,-0.1245111999999997,1680.0770012699068,15,0.7651853791060189,-108.0,2.678148826871066
319,0.0008231860489609,-3.313770775022516,4.1791964,4.0545278,4.153882066666668,12.138771473877776,1680.0790012693033,15,4.1791964,4.0545278,-0.1246686000000005,1680.0790012693033,15,0.76501949644415,-109.0,2.677568237554525
320,0.0008212992221197,-3.3114550816261032,4.179039,4.0546064,4.153824339999999,12.124185622576608,1680.085001282394,15,4.179039,4.0546064,-0.1244326000000004,1680.085001282394,15,0.7647621276242785,-110.0,2.676667446684975
321,0.0008475166652863,-3.3265295859310524,4.178723799999999,4.052598000000001,4.1535067266666665,12.195075796403678,1680.1210015481338,15,4.178723799999999,4.052598000000001,-0.1261257999999987,1680.1210015481338,15,0.7644254698778125,-111.0,2.6754891445723437
322,0.0008487193350523,-3.3276377268005386,4.178803,4.052598000000001,4.153588133333334,12.201024305664614,1680.1150015890598,15,4.178803,4.052598000000001,-0.1262049999999996,1680.1150015890598,15,0.7642942382015748,-112.0,2.675029833705512
323,0.0008240502697125,-3.302756328131476,4.178803,4.0540943,4.1534096400000005,12.083054465887797,1680.1030015647411,15,4.178803,4.0540943,-0.1247087000000002,1680.1030015647411,15,0.7640156474807783,-113.0,2.6740547661827243
324,0.0008506043104498,-3.3221005925570575,4.1788816,4.0523224,4.153383346666667,12.17743176528477,1680.0970013691112,15,4.1788816,4.0523224,-0.1265591999999999,1680.0970013691112,15,0.7637652995614383,-114.0,2.6731785484650343
325,0.0008247898726631,-3.3141285968299505,4.1788421,4.0542126000000005,4.15366162,12.136411337673646,1680.0950013687834,15,4.1788421,4.0542126000000005,-0.1246294999999992,1680.0950013687834,15,0.7635649321451435,-115.0,2.672477262508002
326,0.0008497532285168,-3.3289932008063223,4.178723799999999,4.0524011,4.15346474,12.208549777589916,1680.0950013492256,15,4.178723799999999,4.0524011,-0.1263226999999993,1680.0950013492256,15,0.7633106447884115,-116.0,2.67158725675944
327,0.0008260634021383,-3.311875845060868,4.178723799999999,4.0540552000000005,4.153561813333334,12.124373657248771,1680.0870012827218,15,4.178723799999999,4.0540552000000005,-0.1246685999999988,1680.0870012827218,15,0.7631506000559974,-117.0,2.671027100195991
328,0.0008259094562774,-3.3080498098987805,4.1787634,4.0539765,4.15344372,12.106526603490714,1680.1070013707504,15,4.1787634,4.0539765,-0.1247869000000001,1680.1070013707504,15,0.7628855755495094,-118.0,2.670099514423283
329,0.0008270235844045,-3.3115268857737226,4.1789207,4.0540156000000005,4.153580219999999,12.125520118290424,1680.0950015336275,15,4.1789207,4.0540156000000005,-0.1249050999999994,1680.0950015336275,15,0.7627136667837763,-119.0,2.669497833743217
330,0.0008272113569992,-3.3088462332963715,4.1788421,4.0540156000000005,4.153567126666666,12.109978387846112,1680.1030012890697,15,4.1788421,4.0540156000000005,-0.1248264999999992,1680.1030012890697,15,0.7624459852427455,-120.0,2.6685609483496093
331,0.0008259844172174,-3.308479707564966,4.1787634,4.0538974,4.153375479999999,12.11114139666434,1680.099001322873,15,4.1787634,4.0538974,-0.1248659999999999,1680.099001322873,15,0.7621229524143186,-121.0,2.667430333450115
332,0.0008265653512152,-3.3042271608184888,4.178803,4.053937,4.153414866666667,12.089541233092188,1680.1050015687945,15,4.178803,4.053937,-0.1248659999999999,1680.1050015687945,15,0.761960867455706,-122.0,2.666863036094971
333,0.0008511510463369,-3.330177479723796,4.1786847,4.052243700000001,4.153399046666666,12.213511043475137,1680.10300154984,15,4.1786847,4.052243700000001,-0.1264409999999989,1680.10300154984,15,0.7618441659742369,-123.0,2.666454580909829
334,0.0008325986711152,-3.30372538758163,4.1787634,4.053543100000001,4.153375533333333,12.083843745925858,1680.1050013042986,15,4.1787634,4.053543100000001,-0.1252202999999996,1680.1050013042986,15,0.7615644606325177,-124.0,2.665475612213812
335,0.0008321097565302,-3.307141123853991,4.1787634,4.0536218,4.1534515800000005,12.099808206617691,1680.1090013720095,15,4.1787634,4.0536218,-0.1251416,1680.1090013720095,15,0.7613844243129188,-125.0,2.6648454850952157
336,0.0008297982694378,-3.304603494921321,4.1786451,4.0534644,4.153139173333334,12.091195666440434,1680.0990013582632,15,4.1786451,4.0534644,-0.1251806999999996,1680.0990013582632,15,0.7609945364763924,-126.0,2.6634808776673733
337,0.0008554742977069,-3.3282462740350995,4.178605999999999,4.051810700000001,4.153207486666667,12.204765254135664,1680.0990015417335,15,4.178605999999999,4.051810700000001,-0.1267952999999986,1680.0990015417335,15,0.7608553570413269,-127.0,2.6629937496446443
338,0.0008565981165788,-3.329510309955096,4.1785665000000005,4.0517712,4.15324422,12.210319659269022,1680.109001502395,15,4.1785665000000005,4.0517712,-0.1267953000000004,1680.109001502395,15,0.7606555384464515,-128.0,2.66229438456258
339,0.0008551919569514,-3.3321835709387213,4.1785274,4.051692500000001,4.1531051,12.224431829473836,1680.1130015719682,15,4.1785274,4.051692500000001,-0.1268348999999995,1680.1130015719682,15,0.7604291167735457,-129.0,2.66150190870741
340,0.0008562379227102,-3.3321556591300836,4.1784482,4.051535100000001,4.153010620000001,12.22519363053118,1680.095001465641,15,4.1784482,4.051535100000001,-0.1269130999999994,1680.095001465641,15,0.7601631958408512,-130.0,2.660571185442979
341,0.0008304815281683,-3.3070445746715107,4.1785665000000005,4.0534248,4.153160186666667,12.102687323668942,1680.1010012999177,15,4.1785665000000005,4.0534248,-0.1251417000000003,1680.1010012999177,15,0.7599408424470634,-131.0,2.659792948564722
342,0.0008294245109349,-3.3097861775780273,4.178605999999999,4.053543100000001,4.153236293333333,12.11546158124985,1680.1050013322383,15,4.178605999999999,4.053543100000001,-0.1250628999999987,1680.1050013322383,15,0.7597762327020163,-132.0,2.659216814457057
343,0.000831762165282,-3.3113572714634008,4.1784091,4.053385700000001,4.153225826666667,12.117812738076092,1680.0910015255213,15,4.1784091,4.053385700000001,-0.125023399999999,1680.0910015255213,15,0.7595948437733294,-133.0,2.658581953206653
344,0.0008318401584054,-3.313355364730537,4.1784482,4.0533462,4.15321004,12.130010903725854,1680.0910013029352,15,4.1784482,4.0533462,-0.125102,1680.0910013029352,15,0.7593423897425289,-134.0,2.657698364098851
345,0.0008308257383606,-3.3139787579958333,4.1785665000000005,4.053504,4.153315106666668,12.135690244759443,1680.0810015052557,15,4.1785665000000005,4.053504,-0.1250625000000003,1680.0810015052557,15,0.7592463001317197,-135.0,2.657362050461019
346,0.000860109995042,-3.326734256609074,4.1785274,4.051338200000001,4.152997506666667,12.19793110404541,1680.1030013598502,15,4.1785274,4.051338200000001,-0.1271891999999992,1680.1030013598502,15,0.7589323847218737,-136.0,2.656263346526558
347,0.0008335051706045,-3.310727590681462,4.1783695,4.0532284,4.153170680000001,12.11686952698171,1680.0830013127998,15,4.1783695,4.0532284,-0.1251410999999995,1680.0830013127998,15,0.7586685980218408,-137.0,2.655340093076443
348,0.0008315065569578,-3.312102932043458,4.1784878,4.0533462,4.153183826666667,12.127235545124336,1680.1070015728474,15,4.1784878,4.0533462,-0.1251416,1680.1070015728474,15,0.7584262205975626,-138.0,2.654491772091469
349,0.0008604819161459,-3.328745813579453,4.1784878,4.051338200000001,4.153034180000001,12.206115522634915,1680.1030014073476,15,4.1784878,4.051338200000001,-0.1271495999999992,1680.1030014073476,15,0.7582292780248261,-139.0,2.653802473086891
350,0.0008629562090302,-3.3260379719620587,4.1782122,4.0509048,4.15272442,12.192673056509062,1680.1010014638305,15,4.1782122,4.0509048,-0.1273074000000003,1680.1010014638305,15,0.7579679651101349,-140.0,2.652887877885472
351,0.0008366987436674,-3.3102778419440884,4.1783695,4.0527949,4.15292918,12.118581346726796,1680.097001538612,15,4.1783695,4.0527949,-0.1255745999999993,1680.097001538612,15,0.7577769829150782,-141.0,2.652219440202774
352,0.0008365573135928,-3.3148582746370137,4.1782122,4.0527949,4.1529554,12.13859870645711,1680.10300154984,15,4.1782122,4.0527949,-0.1254172999999996,1680.10300154984,15,0.757617528900244,-142.0,2.651661351150854
353,0.0008873101690154,-3.3447094641430346,4.1785274,4.049448,4.15285304,12.286866855395624,1680.1150015303865,15,4.1785274,4.049448,-0.1290794000000001,1680.1150015303865,15,0.7574729766555446,-143.0,2.651155418294406
354,0.0008859791319306,-3.3441636258469822,4.1785274,4.0495267,4.1528530733333335,12.286959366694392,1680.1290013343096,15,4.1785274,4.0495267,-0.1290006999999997,1680.1290013343096,15,0.7570106861852063,-144.0,2.649537401648222
355,0.0008358602921842,-3.313735343476766,4.1782122,4.0529523,4.1530577,12.129568272089887,1680.1090015769005,15,4.1782122,4.0529523,-0.1252598999999996,1680.1090015769005,15,0.7568431649517919,-145.0,2.648951077331272
356,0.0008604382881463,-3.3308759803977814,4.178330399999999,4.0511804,4.152892426666666,12.217538194324993,1680.1110015809536,15,4.178330399999999,4.0511804,-0.1271499999999994,1680.1110015809536,15,0.7566360724474903,-146.0,2.648226253566216
357,0.0008880658869859,-3.3516297820697445,4.178290799999999,4.0492115,4.15271918,12.32163014165631,1680.1390013014898,15,4.178290799999999,4.0492115,-0.129079299999999,1680.1390013014898,15,0.7564421976164512,-147.0,2.647547691657579
358,0.0009115682941555,-3.3608796090097792,4.1782517,4.0475578,4.1525012466666675,12.3648476797906,1680.1450013387948,15,4.1782517,4.0475578,-0.1306938999999998,1680.1450013387948,15,0.7562145716073749,-148.0,2.6467510006258124
359,0.0009097508335211,-3.3625290295028414,4.1780939,4.047676099999999,4.152527559999999,12.371912209524035,1680.121001344174,15,4.1780939,4.047676099999999,-0.1304178000000009,1680.121001344174,15,0.7560461019901339,-149.0,2.6461613569654685
360,0.0008387853142449,-3.31684168140727,4.1781335,4.0525589,4.152868873333333,12.148486575030065,1680.111001394689,15,4.1781335,4.0525589,-0.1255746000000002,1680.111001394689,15,0.7557858718085394,-150.0,2.645250551329888
361,0.000836016292622,-3.310506064623568,4.1784482,4.0527949,4.152895006666666,12.123688229004667,1680.0990013247356,15,4.1784482,4.0527949,-0.1256532999999997,1680.0990013247356,15,0.7555467495629095,-151.0,2.644413623470183
362,0.0008364155947283,-3.3100729283067856,4.1781726,4.0527163,4.152829446666667,12.1151792323936,1680.0970012517646,15,4.1781726,4.0527163,-0.1254562999999997,1680.0970012517646,15,0.755376482444429,-152.0,2.643817688555502
363,0.0008665162245625,-3.3260492977704614,4.1784091,4.0507078000000005,4.1527401600000005,12.195192265807185,1680.1030013225973,15,4.1784091,4.0507078000000005,-0.1277012999999991,1680.1030013225973,15,0.7551076085772032,-153.0,2.642876630020211
364,0.0008925251537935,-3.3471083707345612,4.1781726,4.0486603,4.152390993333333,12.300399927468224,1680.1070015570149,15,4.1781726,4.0486603,-0.1295123,1680.1070015570149,15,0.7548280553461755,-154.0,2.641898193711614
365,0.0008397547538126,-3.3121177910354302,4.177818299999999,4.0521650000000005,4.152493386666667,12.124459690865557,1680.085001513362,15,4.177818299999999,4.0521650000000005,-0.1256532999999988,1680.085001513362,15,0.7545635976680687,-155.0,2.6409725918382403
366,0.0008436468722566,-3.3116019393300338,4.1780548,4.0520864,4.152643133333333,12.122157019024836,1680.0790015151724,15,4.1780548,4.0520864,-0.1259683999999996,1680.0790015151724,15,0.7544328772999206,-156.0,2.6405150705497222
367,0.0008428349898349,-3.3173898782105495,4.1779366,4.0520468,4.152603726666667,12.151647791508353,1680.099001556635,15,4.1779366,4.0520468,-0.1258897999999995,1680.099001556635,15,0.7541952104277109,-157.0,2.639683236496988
368,0.0008428282511868,-3.313840460322205,4.1779757,4.051968100000001,4.15249866,12.136837894901465,1680.0910015264526,15,4.1779757,4.051968100000001,-0.1260075999999994,1680.0910015264526,15,0.7538439838493618,-158.0,2.6384539434727663
369,0.0008704145649168,-3.325965874056554,4.1780152,4.0499992,4.15226236,12.19651396865634,1680.0990013414994,15,4.1780152,4.0499992,-0.1280159999999996,1680.0990013414994,15,0.7536149932515264,-159.0,2.6376524763803424
370,0.000842892591642,-3.3182898513090895,4.1779366,4.051968100000001,4.152535406666667,12.155950999601217,1680.0910012833774,15,4.1779366,4.051968100000001,-0.125968499999999,1680.0910012833774,15,0.7533849328414874,-160.0,2.636847264945206
371,0.0008697109312574,-3.3308000875639165,4.1780939,4.0501566,4.15241992,12.221534933876285,1680.0850013531744,15,4.1780939,4.0501566,-0.1279373000000001,1680.0850013531744,15,0.7531559491154359,-161.0,2.636045821904026
372,0.0008441927044678,-3.311750632698455,4.1777792,4.0517712,4.152359526666666,12.121257335965833,1680.0930015444756,15,4.1777792,4.0517712,-0.1260079999999996,1680.0930015444756,15,0.7529130803205991,-162.0,2.6351957811220967
373,0.000845266155734,-3.3143968630016887,4.1779366,4.051692500000001,4.152372753333333,12.139567574864586,1680.085001386702,15,4.1779366,4.051692500000001,-0.1262440999999992,1680.085001386702,15,0.7526239772558212,-163.0,2.6341839203953743
374,0.0008460647047531,-3.3105774297222177,4.1777792,4.0514956,4.15219158,12.120379298077548,1680.08300151024,15,4.1777792,4.0514956,-0.1262835999999998,1680.08300151024,15,0.7522545346598691,-164.0,2.632890871309542
375,0.0008447437903152,-3.313599819531237,4.1777792,4.051652900000001,4.152296533333333,12.136319359467947,1680.091001261957,15,4.1777792,4.051652900000001,-0.1261262999999992,1680.091001261957,15,0.752098380370861,-165.0,2.6323443312980133
376,0.0008488755369354,-3.31734971140312,4.1777,4.051259,4.15217836,12.154144968216954,1680.1030015638098,15,4.1777,4.051259,-0.1264409999999998,1680.1030015638098,15,0.7519199099996899,-166.0,2.631719684998915
377,0.0008736359080249,-3.328122107454018,4.1777396,4.0495663,4.152034073333334,12.2052666989542,1680.119001455605,15,4.1777396,4.0495663,-0.1281732999999993,1680.119001455605,15,0.7515623343277218,-167.0,2.6304681701470263
378,0.000849785329708,-3.318257787052503,4.1777396,4.051259,4.152238766666667,12.15765314097418,1680.1030013719574,15,4.1777396,4.051259,-0.1264805999999998,1680.1030013719574,15,0.751459382429238,-168.0,2.630107838502333
379,0.0008754661456709,-3.3288932077112863,4.1777,4.0493693,4.151949933333333,12.208415345392163,1680.095001269132,15,4.1777,4.0493693,-0.1283306999999993,1680.095001269132,15,0.7510741691362851,-169.0,2.6287595919769977
380,0.0008510079541509,-3.3075429042425313,4.177857899999999,4.0511413,4.152107533333333,12.106624388469443,1680.083001269959,15,4.177857899999999,4.0511413,-0.126716599999999,1680.083001269959,15,0.7507673525089912,-170.0,2.627685733781469
381,0.0008795743208383,-3.3271244585074164,4.177660899999999,4.0491328,4.151939546666666,12.19977822822769,1680.0890013575554,15,4.177660899999999,4.0491328,-0.1285280999999996,1680.0890013575554,15,0.7505780641073363,-171.0,2.627023224375677
382,0.0008513388588245,-3.3157997491545403,4.1777396,4.051062600000001,4.15211538,12.146431754582135,1680.0810012593863,15,4.1777396,4.051062600000001,-0.126676999999999,1680.0810012593863,15,0.7502652752726625,-172.0,2.625928463454319
383,0.0008517690611598,-3.3149324481337685,4.1777,4.051062600000001,4.152133853333334,12.14203825170473,1680.0830013342202,15,4.1777,4.051062600000001,-0.126637399999999,1680.0830013342202,15,0.749998225951762,-173.0,2.624993790831167
384,0.0008254396630083,-3.2904130947951846,4.1776214,4.0527163,4.152015686666667,12.022939377709058,1680.069001339376,15,4.1776214,4.0527163,-0.1249050999999994,1680.069001339376,15,0.7496591051897703,-174.0,2.623806868164196
385,0.0008234923104212,-3.2912177980073887,4.177660899999999,4.0529919,4.1521784466666665,12.024915828340944,1680.0690013691783,15,4.177660899999999,4.0529919,-0.124668999999999,1680.0690013691783,15,0.7495040146624262,-175.0,2.623264051318492
386,0.0008535251993683,-3.311381369009465,4.1775427,4.0507474000000006,4.151892346666667,12.123606817288188,1680.0770014086738,15,4.1775427,4.0507474000000006,-0.1267952999999995,1680.0770014086738,15,0.7491985907944649,-176.0,2.6221950677806274
387,0.0008535628478526,-3.3112520135050665,4.177464,4.0507078000000005,4.151852886666666,12.122196521285137,1680.0950014144182,15,4.177464,4.0507078000000005,-0.1267561999999991,1680.0950014144182,15,0.7487949565936184,-177.0,2.620782348077664
388,0.000856649316192,-3.303766182125566,4.1777,4.050590000000001,4.151858173333333,12.087218943035657,1680.101001318544,15,4.1777,4.050590000000001,-0.1271099999999991,1680.101001318544,15,0.7485335005329237,-178.0,2.619867251865233
389,0.0008594681743597,-3.311850609174489,4.1777,4.0504322,4.15193424,12.127413542344932,1680.0850012786686,15,4.1777,4.0504322,-0.1272677999999993,1680.0850012786686,15,0.7482404590997798,-179.0,2.6188416068492293
390,0.0008860231650435,-3.3285782713824665,4.1775031,4.0484633,4.151658593333333,12.20725496864564,1680.0870013637468,15,4.1775031,4.0484633,-0.1290398000000001,1680.0870013637468,15,0.7479768757421096,-180.0,2.6179190650973836
391,0.0008578253813955,-3.311384854857315,4.1775031,4.0503144,4.151713786666667,12.12379544078815,1680.0930012911558,15,4.1775031,4.0503144,-0.1271886999999996,1680.0930012911558,15,0.7477492795398145,-181.0,2.617122478389351
392,0.0008560041384398,-3.309632287367117,4.177660899999999,4.0505505,4.151829253333334,12.116494374966106,1680.08300152421,15,4.177660899999999,4.0505505,-0.1271103999999994,1680.08300152421,15,0.7475364687123717,-182.0,2.616377640493301
393,0.0008586867267299,-3.312348100493771,4.177345799999999,4.0503144,4.1517688999999995,12.1251325888621,1680.0830015093088,15,4.177345799999999,4.0503144,-0.127031399999999,1680.0830015093088,15,0.7471053823535548,-183.0,2.614868838237442
394,0.0009130706080355,-3.3379249653979692,4.177660899999999,4.046691399999999,4.151529946666666,12.253911604592002,1680.1050013899803,15,4.177660899999999,4.046691399999999,-0.1309694999999999,1680.1050013899803,15,0.7467738672325691,-184.0,2.6137085353139917
395,0.0008599234139538,-3.3174545097069736,4.1774244,4.0501962,4.151768933333333,12.152857219955589,1680.1030015507713,15,4.1774244,4.0501962,-0.1272281999999993,1680.1030015507713,15,0.7465704782078915,-185.0,2.61299667372762
396,0.0009118548323055,-3.3465134308748685,4.177464,4.0466523,4.151490646666667,12.29396046624447,1680.1170015782118,15,4.177464,4.0466523,-0.1308116999999997,1680.1170015782118,15,0.7463600225726609,-186.0,2.612260079004313
397,0.0009344215173431,-3.351314239090903,4.1775823,4.0451951,4.15136718,12.32001681488098,1680.1170015772805,15,4.1775823,4.0451951,-0.1323872000000001,1680.1170015772805,15,0.7462062732628812,-187.0,2.611721956420084
398,0.0009153967503298,-3.3444360388967205,4.177385299999999,4.0462189,4.151246413333333,12.286357880791698,1680.0950015336275,15,4.177385299999999,4.0462189,-0.1311663999999988,1680.0950015336275,15,0.7458495243646927,-188.0,2.610473335276424
399,0.000858238165808,-3.3091348174730557,4.177345799999999,4.050117500000001,4.151524733333334,12.114275130796766,1680.105001351796,15,4.177345799999999,4.050117500000001,-0.1272282999999987,1680.105001351796,15,0.745409688804641,-189.0,2.6089339108162433
400,0.0008896353612755,-3.3303022707422034,4.177464,4.0480304,4.151453853333334,12.21883760815728,1680.129001376219,15,4.177464,4.0480304,-0.1294335999999996,1680.129001376219,15,0.7450957831824703,-190.0,2.607835241138646
401,0.0008619713570235,-3.3084911795250393,4.1775427,4.0499597000000005,4.151582493333334,12.111712250615676,1680.1230014953762,15,4.1775427,4.0499597000000005,-0.1275829999999995,1680.1230014953762,15,0.7448965547364834,-191.0,2.607137941577692
402,0.0008896881868235,-3.324038489222629,4.177385299999999,4.0480304,4.1514040266666665,12.187466853890228,1680.1090013897046,15,4.177385299999999,4.0480304,-0.1293548999999991,1680.1090013897046,15,0.7446631732365294,-192.0,2.606321106327853
403,0.0008620936317452,-3.305400984465841,4.177464,4.0498419000000005,4.151448566666668,12.098376427717325,1680.0950012626126,15,4.177464,4.0498419000000005,-0.127622099999999,1680.0950012626126,15,0.744355071339325,-193.0,2.605242749687638
404,0.0008640592128649,-3.309549158494278,4.1771884,4.0495663,4.151317406666666,12.114111851776991,1680.0850012600422,15,4.1771884,4.0495663,-0.1276220999999999,1680.0850012600422,15,0.7440927853924472,-194.0,2.604324748873565
405,0.0008666543039295,-3.3029718635752774,4.1773067,4.049448,4.151299033333333,12.08316007114453,1680.0950013911352,15,4.1773067,4.049448,-0.1278587,1680.0950013911352,15,0.7438302371795561,-195.0,2.6034058301284464
406,0.0009191378716774,-3.3344094234755586,4.177385299999999,4.0459042,4.151060080000001,12.236299545322868,1680.1070015346631,15,4.177385299999999,4.0459042,-0.1314810999999993,1680.1070015346631,15,0.7433874404650291,-196.0,2.601856041627602
407,0.0008959190234317,-3.325585498485001,4.177031,4.0474005,4.15114148,12.189397008546363,1680.119001432322,15,4.177031,4.0474005,-0.1296305000000002,1680.119001432322,15,0.7431830948987399,-197.0,2.6011408321455898
408,0.000894144425338,-3.3250196336170643,4.1773067,4.0475974,4.151235966666667,12.190754388308118,1680.1230013258755,15,4.1773067,4.0475974,-0.1297093,1680.1230013258755,15,0.7429649103254056,-198.0,2.6003771861389193
409,0.0008633569881626,-3.305411518978816,4.1771884,4.0496054,4.151285853333333,12.097581749719732,1680.105001276359,15,4.1771884,4.0496054,-0.1275830000000004,1680.105001276359,15,0.7426796384357954,-199.0,2.599378734525284
410,0.0008688634656569,-3.3083048183543244,4.177148799999999,4.0491724,4.151196546666667,12.108618009144616,1680.1030015638098,15,4.177148799999999,4.0491724,-0.1279763999999996,1680.1030015638098,15,0.7424171574983343,-200.0,2.59846005124417
411,0.0008691376146963,-3.3035420043810144,4.1771884,4.0492115,4.151212406666667,12.085342307367595,1680.0910014212132,15,4.1771884,4.0492115,-0.1279769000000001,1680.0910014212132,15,0.7422507887591837,-201.0,2.597877760657143
412,0.0008730306350199,-3.3117278826016565,4.176912799999999,4.0487785,4.1510732,12.123497656880907,1680.1030015507713,15,4.176912799999999,4.0487785,-0.1281342999999992,1680.1030015507713,15,0.7418527184262234,-202.0,2.596484514491782
413,0.0008707093533414,-3.3036216008800228,4.1771884,4.049054099999999,4.151146700000001,12.084872299524744,1680.0970013663173,15,4.1771884,4.049054099999999,-0.128134300000001,1680.0970013663173,15,0.7415027564819335,-203.0,2.5952596476867673
414,0.0008969500170983,-3.3236907119066026,4.1772671,4.047321299999999,4.151112586666667,12.185488671818536,1680.095001352951,15,4.1772671,4.047321299999999,-0.1299458000000006,1680.095001352951,15,0.7411959025225546,-204.0,2.594185658828941
415,0.0008724289187982,-3.3072403786902203,4.1771097,4.0488572,4.151083760000001,12.105059114517235,1680.1050014039502,15,4.1771097,4.0488572,-0.1282525000000003,1680.1050014039502,15,0.7408683432616018,-205.0,2.593039201415606
416,0.000872289293444,-3.3039011988812232,4.1767945,4.0486603,4.150844853333333,12.08377557582143,1680.0870013600215,15,4.1767945,4.0486603,-0.1281341999999998,1680.0870013600215,15,0.7405233505877581,-206.0,2.591831727057153
417,0.0008721824894898,-3.303031809572742,4.1770701,4.0488181,4.150991853333333,12.081747477476505,1680.0930014625192,15,4.1770701,4.0488181,-0.1282519999999998,1680.0930014625192,15,0.7403884441677524,-207.0,2.5913595545871333
418,0.0008738196999678,-3.312407556448419,4.1769915,4.0486603,4.151010226666666,12.129572509818356,1680.0750015089288,15,4.1769915,4.0486603,-0.1283311999999998,1680.0750015089288,15,0.7400201056865383,-208.0,2.590070369902884
419,0.0009294111538712,-3.3411238298127444,4.1768732,4.0448799,4.150674213333333,12.26529662777343,1680.1370013346896,15,4.1768732,4.0448799,-0.1319933000000004,1680.1370013346896,15,0.7397242349533031,-209.0,2.589034822336561
420,0.0009292841157382,-3.3414917068263734,4.1769915,4.0449591,4.15075294,12.269855307169973,1680.1350013287738,15,4.1769915,4.0449591,-0.1320323999999999,1680.1350013287738,15,0.7393455003137012,-210.0,2.5877092510979542
421,0.000903341146664,-3.3251983108861993,4.1769915,4.0466127,4.150784453333333,12.19177283109178,1680.1410016268492,15,4.1769915,4.0466127,-0.1303787999999999,1680.1410016268492,15,0.739163429559694,-211.0,2.587072003458929
422,0.0008778806891438,-3.310510276609828,4.1768732,4.048266399999999,4.150836866666666,12.119276161162515,1680.095001370646,15,4.1768732,4.048266399999999,-0.1286068000000009,1680.095001370646,15,0.7387359356858417,-212.0,2.585575774900446
423,0.0008783424168639,-3.298904121697684,4.176912799999999,4.0481091000000005,4.15061124,12.063755639704551,1680.09900128562,15,4.176912799999999,4.0481091000000005,-0.1288036999999988,1680.09900128562,15,0.7383402156389894,-213.0,2.584190754736463
424,0.0009048752789369,-3.3223276665374706,4.176755,4.0463767,4.150611213333333,12.176352762466609,1680.1110013648868,15,4.176755,4.0463767,-0.1303783000000002,1680.1110013648868,15,0.7381784370327614,-214.0,2.583624529614665
425,0.0009583505618549,-3.3534011058132274,4.176912799999999,4.0429111,4.150448406666666,12.327510390805823,1680.141001294367,15,4.176912799999999,4.0429111,-0.1340016999999989,1680.141001294367,15,0.7378434496908323,-215.0,2.582452073917913
426,0.0009082394451025,-3.327326437155236,4.176755,4.0460219,4.15049304,12.201692319467288,1680.1190015384927,15,4.176755,4.0460219,-0.1307330999999996,1680.1190015384927,15,0.7374461675472775,-216.0,2.5810615864154713
427,0.0008794861856023,-3.301150275285747,4.1768732,4.0480304,4.150619033333334,12.075648262430969,1680.0970013234764,15,4.1768732,4.0480304,-0.1288428000000001,1680.0970013234764,15,0.7371124628864394,-217.0,2.579893620102538
428,0.0008811961157392,-3.298136146845437,4.1768341,4.0479121,4.150574493333334,12.06013548405696,1680.0990013647825,15,4.1768341,4.0479121,-0.1289220000000002,1680.0990013647825,15,0.7367300691288825,-218.0,2.5785552419510887
429,0.0008834977352225,-3.311390547757932,4.1767159,4.0477152,4.15061904,12.122366323021808,1680.0850012796,15,4.1767159,4.0477152,-0.1290006999999997,1680.0850012796,15,0.736369008502488,-219.0,2.577291529758708
430,0.0008798720486883,-3.304268798931806,4.1766372,4.0479517,4.150584986666667,12.087362239904376,1680.111001379788,15,4.1766372,4.0479517,-0.1286855000000004,1680.111001379788,15,0.7360642574685711,-220.0,2.576224901139999
431,0.0008835857299369,-3.304454463643792,4.1767159,4.0475974,4.150451086666666,12.090613142679963,1680.1130015263334,15,4.1767159,4.0475974,-0.1291184999999997,1680.1130015263334,15,0.7356958900716914,-221.0,2.57493561525092
432,0.0009140885721197,-3.31902795100029,4.1766763,4.045589,4.15032244,12.158369666765084,1680.119001426734,15,4.1766763,4.045589,-0.1310872999999999,1680.119001426734,15,0.735379242650748,-222.0,2.573827349277618
433,0.000883390432296,-3.305668017415758,4.1766763,4.0477152,4.15056398,12.093499340367174,1680.101001321338,15,4.1766763,4.0477152,-0.1289610999999997,1680.101001321338,15,0.7351686052798321,-223.0,2.573090118479412
434,0.0008872204201957,-3.301953061023831,4.1765585,4.0472035,4.1502463,12.077374921237798,1680.0770013583824,15,4.1765585,4.0472035,-0.1293549999999994,1680.0770013583824,15,0.7345626336168076,-224.0,2.570969217658827
435,0.0008842503639926,-3.299568070366832,4.1766372,4.0474396,4.1502909133333326,12.066634114331,1680.093001277186,15,4.1766372,4.0474396,-0.1291976000000003,1680.093001277186,15,0.7344111045445029,-225.0,2.57043886590576
436,0.000916944309794,-3.3196011420916056,4.1767159,4.0452347,4.150141313333333,12.16528745598566,1680.127001597546,15,4.1767159,4.0452347,-0.1314811999999996,1680.127001597546,15,0.7340678748599101,-226.0,2.5692375620096852
437,0.0009139413833363,-3.320679154373609,4.1765976,4.0454316,4.1501754066666665,12.170401382772322,1680.131001607515,15,4.1765976,4.0454316,-0.1311660000000003,1680.131001607515,15,0.7338328506783232,-227.0,2.568414977374131
438,0.0008887979767345,-3.3017128706231262,4.1766372,4.0471249,4.15025678,12.075805674370836,1680.1070013744757,15,4.1766372,4.0471249,-0.1295123,1680.1070013744757,15,0.7334708051072288,-228.0,2.567147817875301
439,0.0009138080882135,-3.3195822680252647,4.1765189,4.0453525,4.150078293333333,12.164175950546824,1680.1270014783368,15,4.1765189,4.0453525,-0.1311663999999996,1680.1270014783368,15,0.7330310041851517,-229.0,2.565608514648031
440,0.0009165049081317,-3.3192408922485357,4.1764793,4.0451164,4.14999428,12.16289525536926,1680.1070015588775,15,4.1764793,4.0451164,-0.1313628999999991,1680.1070015588775,15,0.73283248831663,-230.0,2.564913709108205
441,0.0008883337445255,-3.3032800049851785,4.1764793,4.0470457,4.150162286666667,12.082282912721857,1680.089001536369,15,4.1764793,4.0470457,-0.1294335999999996,1680.089001536369,15,0.7326314861434309,-231.0,2.564210201502008
442,0.0009177191400585,-3.3240130863445985,4.1764402,4.0449982,4.149983799999999,12.184554964701128,1680.107001490891,15,4.1764402,4.0449982,-0.1314419999999998,1680.107001490891,15,0.73232342882518,-232.0,2.56313200088813
443,0.0009466471637831,-3.3303846198683975,4.1762829,4.042872,4.149555879999999,12.216840982727929,1680.1430013393983,15,4.1762829,4.042872,-0.1334109000000003,1680.1430013393983,15,0.7318032167407612,-233.0,2.561311258592664
444,0.0009216457325969,-3.327445260083985,4.1763616,4.0447226,4.149962746666666,12.202082977745643,1680.1110015660524,15,4.1763616,4.0447226,-0.1316389999999998,1680.1110015660524,15,0.7315716975822715,-234.0,2.56050094153795
445,0.0009705748606506,-3.3512443252849806,4.1764402,4.041533,4.149739606666666,12.320081494126208,1680.117001466453,15,4.1764402,4.041533,-0.1349071999999997,1680.117001466453,15,0.7312041360690648,-235.0,2.559214476241727
446,0.0008954201187926,-3.302158374273846,4.1762829,4.0463371,4.149857813333333,12.079131555502851,1680.0950013287363,15,4.1762829,4.0463371,-0.1299458000000006,1680.0950013287363,15,0.7307967666327588,-236.0,2.557788683214656
447,0.0008964834955983,-3.306305215615829,4.176322,4.0462976,4.149915486666667,12.100154195758904,1680.1070014089346,15,4.176322,4.0462976,-0.1300243999999999,1680.1070014089346,15,0.7305809338132051,-237.0,2.557033268346218
448,0.0009225649611595,-3.3179994917548403,4.1763616,4.0445652,4.149776433333333,12.155130963002136,1680.1070013632998,15,4.1763616,4.0445652,-0.1317963999999998,1680.1070013632998,15,0.7303025604893666,-238.0,2.556058961712783
449,0.0009253796833678,-3.318486984232729,4.1762829,4.0442896,4.149666193333333,12.15818362138333,1680.1130012953654,15,4.1762829,4.0442896,-0.1319933000000004,1680.1130012953654,15,0.730018066089758,-239.0,2.5550632313141532
450,0.0008965938055463,-3.3064533607872435,4.1762829,4.0462584,4.149881393333333,12.098945056670397,1680.0870015099645,15,4.1762829,4.0462584,-0.1300245000000002,1680.0870015099645,15,0.7297213362442255,-240.0,2.554024676854789
451,0.0008959577754963,-3.2951407936462687,4.1764793,4.046415799999999,4.149907606666667,12.044332633817916,1680.0950015345588,15,4.1764793,4.046415799999999,-0.1300635000000003,1680.0950015345588,15,0.7294200382073878,-241.0,2.5529701337258572
452,0.0008973423945492,-3.302070870943905,4.1762037,4.0460615,4.149695026666667,12.080763502527397,1680.085001528263,15,4.1762037,4.0460615,-0.1301421999999998,1680.085001528263,15,0.7289993729161617,-242.0,2.5514978052065658
453,0.0008946234175852,-3.3031095404048467,4.1759677,4.0461006,4.149579466666667,12.080946239938264,1680.0990013340488,15,4.1759677,4.0461006,-0.1298671000000002,1680.0990013340488,15,0.7285626000646,-243.0,2.5499691002261
454,0.0009309286116821,-3.315681198742054,4.1762037,4.0437384,4.149406206666667,12.1443788409771,1680.1130013745278,15,4.1762037,4.0437384,-0.1324653000000006,1680.1130013745278,15,0.7282810200671194,-244.0,2.5489835702349177
455,0.000953446121288,-3.3409172563567364,4.1760464,4.042281200000001,4.149437766666667,12.267933087302946,1680.127001332119,15,4.1760464,4.042281200000001,-0.1337651999999991,1680.127001332119,15,0.7280716434988843,-245.0,2.548250752246095
456,0.0009811456080835,-3.3506699790243895,4.1761646,4.040509200000001,4.149295993333334,12.315497516125038,1680.1490012817085,15,4.1761646,4.040509200000001,-0.1356553999999992,1680.1490012817085,15,0.7278212029330585,-246.0,2.547374210265705
457,0.0009298770311468,-3.3218466909113724,4.1759281,4.0437384,4.14939836,12.1735401955372,1680.1130015701056,15,4.1759281,4.0437384,-0.1321897000000005,1680.1130015701056,15,0.7274333004278274,-247.0,2.546016551497396
458,0.0009039354163155,-3.299864304651131,4.1760859,4.0454316,4.149424586666667,12.068597023375844,1680.0950012737885,15,4.1760859,4.0454316,-0.1306543000000006,1680.0950012737885,15,0.7269328302087594,-248.0,2.544264905730658
459,0.0009048974041068,-3.289973638107407,4.1760859,4.0454316,4.149393139999999,12.017786045442246,1680.0930012678728,15,4.1760859,4.0454316,-0.1306543000000006,1680.0930012678728,15,0.7266290365714128,-249.0,2.5432016279999448
460,0.0009319289285926,-3.321708757956662,4.1760068,4.0435019,4.149280213333333,12.175508233926273,1680.1050015529618,15,4.1760068,4.0435019,-0.1325048999999998,1680.1050015529618,15,0.7263088802013191,-250.0,2.542081080704617
461,0.0008745046156021,-3.282270750114827,4.1759677,4.0474792,4.1496136733333335,11.978612948268156,1680.0770014161244,15,4.1759677,4.0474792,-0.1284885000000004,1680.0770014161244,15,0.7260846190905953,-251.0,2.5412961668170837
462,0.0009022409602531,-3.308459471902012,4.1757312,4.0452738,4.14924352,12.111932028387962,1680.1050014197826,15,4.1757312,4.0452738,-0.1304574,1680.1050014197826,15,0.7256651578599335,-252.0,2.539828052509767
463,0.0009645005600974,-3.3337291625095715,4.1761646,4.0414543,4.14916992,12.234384345114195,1680.1370015740397,15,4.1761646,4.0414543,-0.1347103,1680.1370015740397,15,0.7254750970573306,-253.0,2.539162839700657
464,0.0009906538715123,-3.351903967639414,4.1759281,4.0396428,4.148967833333334,12.322714712815642,1680.139001313597,15,4.1759281,4.0396428,-0.1362852999999999,1680.139001313597,15,0.7250969202685545,-254.0,2.537839220939941
465,0.0009361743085759,-3.323580316574065,4.1759677,4.0431476,4.14918312,12.185037201486669,1680.1310013113543,15,4.1759677,4.0431476,-0.1328201,1680.1310013113543,15,0.7247680439797636,-255.0,2.5366881539291724
466,0.0009337438954082,-3.323455772304874,4.1758494,4.0433049,4.1491988399999995,12.18216148140699,1680.1050012586638,15,4.1758494,4.0433049,-0.1325444999999998,1680.1050012586638,15,0.7244508645104404,-256.0,2.5355780257865415
467,0.0009376038573668,-3.3178428260149393,4.1759677,4.043108,4.1491726600000005,12.154906498082976,1680.1070015579462,15,4.1759677,4.043108,-0.1328597,1680.1070015579462,15,0.724108120479368,-257.0,2.534378421677788
468,0.0009647358850898,-3.336633486743428,4.1756921,4.041178700000001,4.148928453333333,12.245131853741118,1680.1210013590753,15,4.1756921,4.041178700000001,-0.1345133999999994,1680.1210013590753,15,0.7237680746427017,-258.0,2.533188261249456
469,0.0009065294036235,-3.3014891266438333,4.1756525,4.044840799999999,4.148996693333333,12.07658238039166,1680.0950013659894,15,4.1756525,4.044840799999999,-0.1308117000000006,1680.0950013659894,15,0.7234240384407157,-259.0,2.5319841345425047
470,0.0009113666624195,-3.297747064865112,4.175810299999999,4.0446835,4.149086033333334,12.058819069658274,1680.0810013627631,15,4.175810299999999,4.0446835,-0.1311267999999996,1680.0810013627631,15,0.7231864498604138,-260.0,2.5311525745114483
471,0.0009437993800852,-3.3219110607079805,4.1756921,4.0425177,4.148965266666666,12.173145791829176,1680.0930015435442,15,4.1756921,4.0425177,-0.1331743999999997,1680.0930015435442,15,0.7227659936204512,-261.0,2.529680977671579
472,0.0009122074378383,-3.2986463821114085,4.1757312,4.0445652,4.149020353333333,12.060670226046696,1680.1050015380606,15,4.1757312,4.0445652,-0.1311660000000003,1680.1050015380606,15,0.7223837953833779,-262.0,2.528343283841823
473,0.0009157893897155,-3.2984197437119764,4.1757312,4.0442109,4.148870653333333,12.061096592539396,1680.0870012752712,15,4.1757312,4.0442109,-0.1315203,1680.0870012752712,15,0.7219707673066631,-263.0,2.5268976855733207
474,0.0009431630058102,-3.3167804617533707,4.1759281,4.0426354,4.14900462,12.149523656948745,1680.1010013474151,15,4.1759281,4.0426354,-0.1332927000000001,1680.1010013474151,15,0.721751127433423,-264.0,2.52612894601698
475,0.0009132362136638,-3.303492085598697,4.1757708,4.0444865,4.1490439666666665,12.08614636350169,1680.085001528263,15,4.1757708,4.0444865,-0.1312842999999999,1680.085001528263,15,0.7214661561985755,-265.0,2.525131546695014
476,0.0009154445844097,-3.302281617136295,4.1757312,4.0441713,4.14884446,12.0803703804004,1680.0990012837574,15,4.1757312,4.0441713,-0.1315599,1680.0990012837574,15,0.7211745071280926,-266.0,2.524110774948324
477,0.0009171817086385,-3.3010488221913024,4.1755342,4.044014,4.1487762,12.074151612659756,1680.0790012953803,15,4.1755342,4.044014,-0.1315202000000006,1680.0790012953803,15,0.7207742849048631,-267.0,2.522709997167021
478,0.0009149510165798,-3.295245415963973,4.175889,4.0444469,4.149033486666667,12.046676344032846,1680.0850015124306,15,4.175889,4.0444469,-0.1314421000000001,1680.0850015124306,15,0.7206046866234185,-268.0,2.5221164031819647
479,0.000948079533502,-3.311893928927738,4.1757312,4.0421629,4.148768226666667,12.126605806646502,1680.1130013456568,15,4.1757312,4.0421629,-0.1335683000000003,1680.1130013456568,15,0.7201675296629697,-269.0,2.520586353820394
480,0.0009179670405166,-3.306094620951031,4.1754951,4.0440927,4.148936333333333,12.093769541392389,1680.099001556635,15,4.1754951,4.0440927,-0.1314023999999998,1680.099001556635,15,0.7197768830909753,-270.0,2.5192190908184138
481,0.0009468922772166,-3.315296323617384,4.1756525,4.042084200000001,4.148650133333332,12.141800648556732,1680.1050012717023,15,4.1756525,4.042084200000001,-0.1335682999999994,1680.1050012717023,15,0.7193552179540623,-271.0,2.5177432628392182
482,0.000947983846704,-3.3214363210290543,4.1756525,4.042084200000001,4.148763053333334,12.170757217456266,1680.1270015826449,15,4.1756525,4.042084200000001,-0.1335682999999994,1680.1270015826449,15,0.7193049632445127,-272.0,2.5175673713557942
483,0.0009496617601683,-3.3159411859689745,4.1757312,4.0419269,4.148657986666667,12.147996351543563,1680.1010013623163,15,4.1757312,4.0419269,-0.1338043000000004,1680.1010013623163,15,0.7189345747403972,-273.0,2.51627101159139
484,0.0009208295141225,-3.3003743454172514,4.1755342,4.0438561,4.14881814,12.068800309802974,1680.089001365006,15,4.1755342,4.0438561,-0.1316781000000002,1680.089001365006,15,0.7184692824122253,-274.0,2.5146424884427887
485,0.0009198624892198,-3.3115034396426144,4.1755738,4.0438957,4.1488995866666665,12.12502977830703,1680.0890012690795,15,4.1755738,4.0438957,-0.1316780999999993,1680.0890012690795,15,0.7180950320116029,-275.0,2.51333261204061
486,0.0009236437862711,-3.3012859139769373,4.1756525,4.0435805,4.148713139999999,12.07550111250821,1680.0810015201569,15,4.1756525,4.0435805,-0.1320719999999999,1680.0810015201569,15,0.7176222408418589,-276.0,2.511677842946506
487,0.0009244812392078,-3.3046650783171807,4.1755342,4.0435414,4.148749906666667,12.09121348476594,1680.0770014971497,15,4.1755342,4.0435414,-0.1319928000000008,1680.0770014971497,15,0.7174009771743629,-277.0,2.51090342011027
488,0.0009535751516154,-3.3215199255889547,4.1752195,4.0413361000000005,4.14832996,12.171056279131353,1680.091001414694,15,4.1752195,4.0413361000000005,-0.1338833999999993,1680.091001414694,15,0.7169443517517671,-278.0,2.5093052311311848
489,0.0009570878888769,-3.320009831280956,4.1754556,4.0412574,4.148437513333333,12.16558050529076,1680.1190013643354,15,4.1754556,4.0412574,-0.1341982000000001,1680.1190013643354,15,0.7167410635432548,-279.0,2.508593722401392
490,0.0009570745381923,-3.3177694864315237,4.1754556,4.041297,4.148455866666667,12.153724497585962,1680.1290012756365,15,4.1754556,4.041297,-0.1341586000000001,1680.1290012756365,15,0.7164116030431932,-280.0,2.507440610651176
491,0.0009856748569626,-3.3346100498088527,4.1756525,4.0394855000000005,4.148385046666666,12.238843235714338,1680.125001351349,15,4.1756525,4.0394855000000005,-0.1361669999999994,1680.125001351349,15,0.7160066484685796,-281.0,2.506023269640029
492,0.0009543475570574,-3.3212246327863952,4.1754165,4.0414543,4.14849002,12.170608671776732,1680.0970013663173,15,4.1754165,4.0414543,-0.1339622,1680.0970013663173,15,0.7157162691436085,-282.0,2.50500694200263
493,0.0009573580742742,-3.3215190281917635,4.1754556,4.0411391000000005,4.1483483,12.173872867869951,1680.0970015078783,15,4.1754556,4.0411391000000005,-0.1343164999999997,1680.0970015078783,15,0.7152542421181326,-283.0,2.503389847413464
494,0.0009295225570254,-3.303552243318885,4.1752586,4.0429506,4.14843486,12.084895089821806,1680.0890012802556,15,4.1752586,4.0429506,-0.1323080000000001,1680.0890012802556,15,0.7151267002824669,-284.0,2.502943450988634
495,0.0009295577806312,-3.304053145222856,4.1751409,4.0427146,4.148206613333333,12.088649439336235,1680.0790013689548,15,4.1751409,4.0427146,-0.1324262999999996,1680.0790013689548,15,0.7146751302073256,-285.0,2.50136295572564
496,0.0009315219832917,-3.3035442388517016,4.1752982,4.0428324,4.14842698,12.082621997993432,1680.0770015111193,15,4.1752982,4.0428324,-0.1324658000000003,1680.0770015111193,15,0.7146102778302873,-286.0,2.5011359724060056
