cycle_number,relax_var,relax_ske,relax_max,relax_min,relax_mean,relax_kur,relax_duration_s,relax_points,relax_start_voltage,relax_end_voltage,relax_voltage_delta,window_s,window_points,SOH,RUL,discharge_capacity_in_Ah
2,7.883974521486663e-05,-7.811026921185698,4.1957388,4.0956812000000005,4.1824198025,77.6023275095628,3570.070372387123,120,4.1957388,4.0956812000000005,-0.1000575999999995,3570.070372387123,120,0.9880206893211811,468.0,2.470051723302953
3,8.013271820189043e-05,-7.867918182222747,4.1958175,4.0948939,4.182534975,78.31245380988211,3570.076372387761,120,4.1958175,4.0948939,-0.1009236000000006,3570.076372387761,120,0.9871461520372184,467.0,2.467865380093046
4,8.016092903177449e-05,-7.880256348244523,4.195581400000001,4.094697,4.1823958375000005,78.46805938937749,3570.0623723865137,120,4.195581400000001,4.094697,-0.1008844000000008,3570.0623723865137,120,0.9858258688888892,466.0,2.464564672222223
5,8.038566999838573e-05,-7.867927593812727,4.195581400000001,4.094461,4.182244570833334,78.33037297553683,3570.0763723879354,120,4.195581400000001,4.094461,-0.101120400000001,3570.0763723879354,120,0.9849654061796872,465.0,2.462413515449218
6,7.892834726775713e-05,-7.828577034749868,4.1956601,4.0954056,4.1822589925,77.8487711737165,3570.0703723873085,120,4.1956601,4.0954056,-0.1002544999999992,3570.0703723873085,120,0.9836639941779516,464.0,2.459159985444879
7,7.930985812705202e-05,-7.829806017013745,4.195581400000001,4.0952091,4.1822714725,77.84343746820151,3570.0683723867987,120,4.195581400000001,4.0952091,-0.1003723000000009,3570.0683723867987,120,0.9825787446343316,463.0,2.456446861585829
8,8.066915153356797e-05,-7.886068897576021,4.1956601,4.094264,4.1822655766666665,78.56340034059588,3570.074372387491,120,4.1956601,4.094264,-0.1013960999999996,3570.074372387491,120,0.9814773642337232,462.0,2.453693410584308
9,7.999530717594142e-05,-7.786324036016902,4.1956205,4.0948153,4.182107705000001,77.31473646877636,3570.0663723871257,120,4.1956205,4.0948153,-0.1008052000000008,3570.0663723871257,120,0.9804502655942928,461.0,2.451125663985732
10,8.001168168310275e-05,-7.796682833821707,4.1956992,4.0948153,4.182155277500001,77.4569649708067,3570.068372387381,120,4.1956992,4.0948153,-0.1008839000000003,3570.068372387381,120,0.9794718270726992,460.0,2.448679567681748
11,8.214219199436859e-05,-7.816317485788166,4.195463200000001,4.0933189,4.181881959166668,77.70083230047615,3570.0823723888607,120,4.195463200000001,4.0933189,-0.1021443000000008,3570.0823723888607,120,0.9788009092693136,459.0,2.447002273173284
12,8.347110535579691e-05,-7.856357192935511,4.1955028,4.0924129,4.181827175833333,78.19399716586963,3570.074372387491,120,4.1955028,4.0924129,-0.1030898999999996,3570.074372387491,120,0.977720594130426,458.0,2.4443014853260654
13,8.231437428008274e-05,-7.8029488062486765,4.195581400000001,4.0932794,4.181883599166667,77.51263974409528,3570.072372387338,120,4.195581400000001,4.0932794,-0.1023020000000007,3570.072372387338,120,0.9769497906359592,457.0,2.4423744765898983
14,8.333029716995622e-05,-7.779910848632595,4.1953845,4.092531200000001,4.181607975,77.25791663457359,3570.0963723899913,120,4.1953845,4.092531200000001,-0.1028532999999995,3570.0963723899913,120,0.97598804033062,456.0,2.4399701008265504
15,8.469223348924006e-05,-7.803488453050047,4.1955419,4.0918226,4.181704768333334,77.54121196840406,3570.082372388774,120,4.1955419,4.0918226,-0.1037192999999998,3570.082372388774,120,0.9750736500682512,455.0,2.437684125170628
16,8.412213699562949e-05,-7.6875244651168035,4.1954236,4.0921769,4.18134545,76.08931328232813,3570.0843723889266,120,4.1954236,4.0921769,-0.1032466999999996,3570.0843723889266,120,0.974172713729926,454.0,2.435431784324815
17,8.447415812428408e-05,-7.688210456605631,4.195463200000001,4.09198,4.181337559166667,76.0989791401742,3570.1063723908446,120,4.195463200000001,4.09198,-0.1034832000000003,3570.1063723908446,120,0.9732973573258464,453.0,2.433243393314616
18,8.656706400846847e-05,-7.723052870482057,4.195463200000001,4.090680600000001,4.181266029166667,76.54303829537066,3570.0823723888025,120,4.195463200000001,4.090680600000001,-0.1047826,3570.0823723888025,120,0.9726575196780592,452.0,2.431643799195148
19,8.49767498443016e-05,-7.654223320574252,4.1954236,4.0918226,4.18131887,75.65430556887377,3570.0903723894444,120,4.1954236,4.0918226,-0.1036009999999993,3570.0903723894444,120,0.972088120140842,451.0,2.430220300352105
20,8.914063881756042e-05,-7.803315389782168,4.1953058,4.089105600000001,4.181310665833334,77.51183997669624,3570.126372393337,120,4.1953058,4.089105600000001,-0.106200199999999,3570.126372393337,120,0.971504824347656,450.0,2.42876206086914
21,8.578765511963757e-05,-7.64364312432387,4.1955028,4.0913105000000005,4.181200405,75.54518534933747,3570.0923723904416,120,4.1955028,4.0913105000000005,-0.1041922999999993,3570.0923723904416,120,0.9704843655920148,449.0,2.4262109139800367
22,8.626685342453379e-05,-7.605517402877678,4.1953449,4.0910745,4.181075051666666,75.06226733101352,3570.1023723895196,120,4.1953449,4.0910745,-0.1042703999999998,3570.1023723895196,120,0.9697272882833112,448.0,2.424318220708278
23,8.798663835075193e-05,-7.636239885286796,4.1953058,4.090011100000001,4.181014031666667,75.43405232030246,3570.1083723902702,120,4.1953058,4.090011100000001,-0.105294699999999,3570.1083723902702,120,0.9690503630006508,447.0,2.4226259075016268
24,8.69504461017102e-05,-7.578962325164077,4.195463200000001,4.090680600000001,4.1809411716666665,74.7354894848256,3570.0803723875433,120,4.195463200000001,4.090680600000001,-0.1047826,3570.0803723875433,120,0.96825796222309,446.0,2.420644905557725
25,8.711956199693876e-05,-7.5496810946937405,4.1953058,4.090680600000001,4.180916889166666,74.35140721283582,3570.0763723882847,120,4.1953058,4.090680600000001,-0.1046251999999992,3570.0763723882847,120,0.9677029672789714,445.0,2.4192574181974287
26,9.102722533801318e-05,-7.662668065283442,4.1954236,4.0882392,4.180893271666666,75.74135577898488,3570.118372392491,120,4.1954236,4.0882392,-0.1071843999999995,3570.118372392491,120,0.9670585976793624,444.0,2.417646494198406
27,8.798079676752908e-05,-7.475687033501713,4.1953058,4.0902081,4.180625135833334,73.46849183102474,3570.092372388579,120,4.1953058,4.0902081,-0.1050976999999999,3570.092372388579,120,0.966250139547418,443.0,2.4156253488685446
28,8.835781009994251e-05,-7.4983808035329105,4.1954236,4.0901294,4.1808174575,73.72453369628306,3570.082372387871,120,4.1954236,4.0901294,-0.1052941999999994,3570.082372387871,120,0.9657860738747824,442.0,2.4144651846869563
29,9.182169573879707e-05,-7.634832704557256,4.1953845,4.087845300000001,4.180800055,75.3973377193912,3570.136372394336,120,4.1953845,4.087845300000001,-0.1075391999999997,3570.136372394336,120,0.965231599444444,441.0,2.41307899861111
30,9.44282408970572e-05,-7.580845329122524,4.1952267,4.0861917000000005,4.180258000833334,74.74860376920712,3570.1163723915233,120,4.1952267,4.0861917000000005,-0.1090349999999995,3570.1163723915233,120,0.9643874467864584,440.0,2.4109686169661457
31,8.935316698349551e-05,-7.437733604412335,4.1953845,4.0895386,4.180512289166667,72.98368168232577,3570.084372388257,120,4.1953845,4.0895386,-0.1058459000000002,3570.084372388257,120,0.9638955828909512,439.0,2.4097389572273777
32,9.01999438281174e-05,-7.38996675575152,4.1952267,4.0890265,4.180248780833334,72.38893409293766,3570.0943723907694,120,4.1952267,4.0890265,-0.1062001999999999,3570.0943723907694,120,0.963129841639648,438.0,2.40782460409912
33,9.087838157216778e-05,-7.336093444951668,4.1951876,4.0886722,4.18003909,71.74867312960681,3570.104372391419,120,4.1951876,4.0886722,-0.1065153999999992,3570.104372391419,120,0.9624763521308596,437.0,2.406190880327149
34,9.145180521092387e-05,-7.281605760294956,4.1950693,4.0883574000000005,4.179806790833334,71.09081331673234,3570.0823723887443,120,4.1950693,4.0883574000000005,-0.1067118999999996,3570.0823723887443,120,0.9617522206317276,436.0,2.404380551579319
35,9.092705533478824e-05,-7.30637478886077,4.1953058,4.0889478,4.1802146816666665,71.34256656512741,3570.09437238978,120,4.1953058,4.0889478,-0.1063580000000001,3570.09437238978,120,0.961647988339518,435.0,2.404119970848795
36,9.151718933594956e-05,-7.303041544057247,4.195108900000001,4.0883965,4.179947554166667,71.30647874512131,3570.1123723913915,120,4.195108900000001,4.0883965,-0.106712400000001,3570.1123723913915,120,0.9610261104389104,434.0,2.402565276097276
37,9.436818893270356e-05,-7.308053558142667,4.195266200000001,4.0868611,4.179854041666666,71.39381919012294,3570.0883723880397,120,4.195266200000001,4.0868611,-0.1084051000000005,3570.0883723880397,120,0.9604431156901044,433.0,2.4011077892252612
38,9.240639728014353e-05,-7.306283984798094,4.195108900000001,4.087924,4.179932145,71.34868994929832,3570.0763723868877,120,4.195108900000001,4.087924,-0.1071849000000009,3570.0763723868877,120,0.9598777342280808,432.0,2.399694335570202
39,9.821283030546284e-05,-7.484057221773847,4.1950693,4.0843015,4.1798478008333335,73.51175609030219,3570.126372393104,120,4.1950693,4.0843015,-0.1107678000000005,3570.126372393104,120,0.9593784427344828,431.0,2.3984461068362073
40,9.316937072199312e-05,-7.237671477962947,4.1950693,4.0876093,4.179731645,70.51021681665127,3570.094372389838,120,4.1950693,4.0876093,-0.1074600000000005,3570.094372389838,120,0.9587923195857206,430.0,2.3969807989643015
41,9.319530007797754e-05,-7.232998926347256,4.195266200000001,4.087688,4.179805147500001,70.45411988056532,3570.0763723887503,120,4.195266200000001,4.087688,-0.1075782000000007,3570.0763723887503,120,0.9583791480919048,429.0,2.395947870229762
42,9.375968433421907e-05,-7.217122013434433,4.1952267,4.0874515,4.17978187,70.24672229153359,3570.0863723893417,120,4.1952267,4.0874515,-0.1077751999999998,3570.0863723893417,120,0.9579315451448568,428.0,2.394828862862142
43,9.410240574914351e-05,-7.1569102058476295,4.1951480000000005,4.0872154,4.179483870833334,69.53113044916084,3570.0863723901566,120,4.1951480000000005,4.0872154,-0.1079326000000007,3570.0863723901566,120,0.9574455100579432,427.0,2.3936137751448583
44,9.74518463285022e-05,-7.200682143132197,4.1950693,4.0851679,4.179238441666667,70.06492001056566,3570.0843723891303,120,4.1950693,4.0851679,-0.1099014,3570.0843723891303,120,0.9566445500711808,426.0,2.391611375177952
45,9.565120132201757e-05,-7.079505040180329,4.1949906,4.0864277,4.179145590833333,68.59145730402864,3570.0783723888453,120,4.1949906,4.0864277,-0.1085628999999999,3570.0783723888453,120,0.9561295144649524,425.0,2.390323786162381
46,9.775193934635343e-05,-7.163706464229009,4.1949906,4.085207,4.179266989166666,69.58594798805984,3570.088372389786,120,4.1949906,4.085207,-0.1097836,3570.088372389786,120,0.955712477535156,424.0,2.38928119383789
47,9.308663451844328e-05,-6.979206521020677,4.1950693,4.0881996,4.179265356666667,67.35863742393445,3570.064372386667,120,4.1950693,4.0881996,-0.1068696999999998,3570.064372386667,120,0.9552792091141492,423.0,2.3881980227853727
48,9.620833111384967e-05,-7.026069452687441,4.1949906,4.0862308,4.17900479,67.94540152332755,3570.0723723875126,120,4.1949906,4.0862308,-0.1087597999999996,3570.0723723875126,120,0.9549549219038628,422.0,2.387387304759657
49,9.598746827848744e-05,-7.030070353444034,4.194912,4.086349,4.179027124166667,67.97303377904717,3570.0943723887904,120,4.194912,4.086349,-0.1085630000000001,3570.0943723887904,120,0.95428089031684,421.0,2.3857022257921
51,9.766612836806574e-05,-6.953964309794715,4.195030200000001,4.0856404,4.178818418333333,67.05913076475588,3570.086372389458,120,4.195030200000001,4.0856404,-0.1093898000000006,3570.086372389458,120,0.9535206691022136,419.0,2.383801672755534
52,0.0001007709628535,-7.0592137474655905,4.1948724,4.0836716,4.178745569166667,68.31077508175582,3570.092372388346,120,4.1948724,4.0836716,-0.1112008000000006,3570.092372388346,120,0.9528805217972004,418.0,2.3822013044930013
53,0.0001007596404057,-7.018751760294475,4.195030200000001,4.083789299999999,4.178691765833333,67.82029780338333,3570.112372390926,120,4.195030200000001,4.083789299999999,-0.1112409000000012,3570.112372390926,120,0.9522552107331812,417.0,2.380638026832953
54,9.527397137169684e-05,-6.882325904720368,4.194912,4.087136699999999,4.178875858333333,66.18985271623406,3570.084372389014,120,4.194912,4.087136699999999,-0.107775300000001,3570.084372389014,120,0.9524983034549696,416.0,2.381245758637424
55,9.908218768870636e-05,-6.894526076145873,4.1948333,4.0850101,4.1786113558333335,66.32314322714976,3570.0943723910023,120,4.1948333,4.0850101,-0.1098232000000001,3570.0943723910023,120,0.9517683811781688,415.0,2.379420952945422
56,0.0001045641330908,-7.064221820338534,4.1949511,4.0817027,4.178566064166667,68.35700615226679,3570.1223723929143,120,4.1949511,4.0817027,-0.1132483999999998,3570.1223723929143,120,0.9511635890554472,414.0,2.377908972638618
57,0.0001001461160948,-6.876320205470295,4.1948724,4.084498399999999,4.1785260375,66.10543587764434,3570.084425586043,120,4.1948724,4.084498399999999,-0.110374000000001,3570.084425586043,120,0.9506101243273648,413.0,2.376525310818412
58,9.983504847700734e-05,-6.8428398573542095,4.194912,4.084734399999999,4.178477478333333,65.7058336951593,3570.080425587017,120,4.194912,4.084734399999999,-0.1101776000000009,3570.080425587017,120,0.95019840478483,412.0,2.375496011962075
59,0.0001056479563048,-7.045009616761429,4.1949906,4.0811906,4.178469624166667,68.10876496576783,3570.1104255891405,120,4.1949906,4.0811906,-0.1137999999999994,3570.1104255891405,120,0.949972538478624,411.0,2.37493134619656
60,0.0001006115909355,-6.8251670211809286,4.1948724,4.0843015,4.178333743333334,65.48990174107863,3570.1124255920295,120,4.1948724,4.0843015,-0.1105709000000008,3570.1124255920295,120,0.949283244207574,410.0,2.373208110518935
61,0.0001014394924398,-6.7826021240129,4.1948333,4.0838685,4.178109649166667,64.98584223211459,3570.090425588889,120,4.1948333,4.0838685,-0.1109647999999996,3570.090425588889,120,0.9488070763132598,409.0,2.3720176907831494
62,0.0001040726113791,-6.903212395119082,4.1949511,4.082293,4.178255969166667,66.41720639343033,3570.1144255890977,120,4.1949511,4.082293,-0.1126580999999999,3570.1144255890977,120,0.9482811167468528,408.0,2.370702791867132
63,0.000107374575268,-6.945867113659763,4.1948724,4.0805211,4.1781699925,66.90889455702379,3570.1284255899955,120,4.1948724,4.0805211,-0.1143513,3570.1284255899955,120,0.9477469845853952,407.0,2.369367461463488
64,0.0001024785909591,-6.727661946432033,4.1947541,4.0835137,4.177998036666667,64.3116330339921,3570.0924255851423,120,4.1947541,4.0835137,-0.1112403999999998,3570.0924255851423,120,0.9472723170372188,406.0,2.368180792593047
65,0.0001023491118411,-6.6963769234681,4.194793700000001,4.0836716,4.177961646666667,63.932862723335155,3570.1104255879764,120,4.194793700000001,4.0836716,-0.1111221000000011,3570.1104255879764,120,0.9468717654074432,405.0,2.3671794135186084
66,0.0001062768613597,-6.772462415265222,4.1948333,4.0812693,4.177684694166667,64.85527962058941,3570.134425590979,120,4.1948333,4.0812693,-0.1135640000000002,3570.134425590979,120,0.946230623390733,404.0,2.3655765584768327
67,0.0001063288604891,-6.811949315434315,4.194793700000001,4.0813479,4.177943259166667,65.28397905781374,3570.1004255870357,120,4.194793700000001,4.0813479,-0.1134458000000009,3570.1004255870357,120,0.9459736700595704,403.0,2.364934175148926
68,0.0001066735449821,-6.747417974062096,4.194912,4.0812302,4.1777083133333335,64.52848768103293,3570.096425588825,120,4.194912,4.0812302,-0.1136818000000001,3570.096425588825,120,0.9456721496015628,402.0,2.3641803740039067
69,0.000103877410053,-6.664937667730791,4.194912,4.0830021,4.177857641666667,63.55671782803969,3570.096425589174,120,4.194912,4.0830021,-0.1119099000000005,3570.096425589174,120,0.9453186916839192,401.0,2.363296729209798
70,0.0001044424150898,-6.635954919029783,4.1946754,4.0826869,4.1776774875,63.219726156768026,3570.0944255877985,120,4.1946754,4.0826869,-0.1119885000000007,3570.0944255877985,120,0.9448075171030816,400.0,2.362018792757704
71,0.0001047369229945,-6.65432327985345,4.194793700000001,4.0825295,4.177723380000001,63.406893803485936,3570.0944255877985,120,4.194793700000001,4.0825295,-0.1122642000000011,3570.0944255877985,120,0.9443880808024088,399.0,2.360970202006022
72,0.0001050141621628,-6.622800865807263,4.1948724,4.0824509,4.177641693333333,63.05676744056489,3570.094425585936,120,4.1948724,4.0824509,-0.1124214999999999,3570.094425585936,120,0.9439114506621104,398.0,2.359778626655276
73,0.0001059849964684,-6.539649419060698,4.1946754,4.0822144,4.177475640833333,62.05552335189841,3570.0904255878413,120,4.1946754,4.0822144,-0.1124610000000005,3570.0904255878413,120,0.9437788300527344,397.0,2.3594470751318357
74,0.000106116044503,-6.53758758673019,4.194715,4.081978299999999,4.1772981325,62.05969490216008,3570.088425586,120,4.194715,4.081978299999999,-0.112736700000001,3570.088425586,120,0.9429420432669264,396.0,2.357355108167316
75,0.0001087601002969,-6.6580759574042085,4.194715,4.0804029,4.1774195625,63.43635996534207,3570.110425590072,120,4.194715,4.0804029,-0.1143121000000002,3570.110425590072,120,0.9426802216997616,395.0,2.356700554249404
76,0.0001062121700625,-6.549564632421197,4.194793700000001,4.0820961,4.1775022491666665,62.1717595257739,3570.1064255931415,120,4.194793700000001,4.0820961,-0.1126976000000006,3570.1064255931415,120,0.9423019214431428,394.0,2.355754803607857
77,0.0001068584996521,-6.488285172596747,4.1947541,4.0817418,4.177176370833333,61.47750452838931,3570.0744255871978,120,4.1947541,4.0817418,-0.1130123000000002,3570.0744255871978,120,0.941735046799262,393.0,2.354337616998155
78,0.0001037733562483,-6.369864107698902,4.1946363,4.0837107,4.17723909,60.090063917005246,3570.06842558505,120,4.1946363,4.0837107,-0.1109255999999998,3570.06842558505,120,0.9414161581997617,392.0,2.353540395499404
79,0.000107100920823,-6.4948136421900795,4.194715,4.0817027,4.1772637,61.52148628221979,3570.0864255868364,120,4.194715,4.0817027,-0.1130123000000002,3570.0864255868364,120,0.9410843100150824,391.0,2.352710775037706
80,0.000107787502123,-6.453777941616252,4.1946363,4.0813875,4.177074683333333,61.04791516145314,3570.0944255846553,120,4.1946363,4.0813875,-0.1132488,3570.0944255846553,120,0.940500155589084,390.0,2.35125038897271
81,0.0001084822883031,-6.396281973559649,4.194478500000001,4.0811119,4.176851193333333,60.379783038023184,3570.092425589217,120,4.194478500000001,4.0811119,-0.1133666000000008,3570.092425589217,120,0.940002463318902,389.0,2.350006158297255
82,0.0001087116795712,-6.440192631823195,4.194715,4.0810332,4.177063854166667,60.873732109701926,3570.0784255838953,120,4.194715,4.0810332,-0.1136818000000001,3570.0784255838953,120,0.9397805026234812,388.0,2.349451256558703
83,0.0001090387059362,-6.38268948220338,4.194557700000001,4.0808754,4.176797410833333,60.21731746213117,3570.078425585059,120,4.194557700000001,4.0808754,-0.1136823000000006,3570.078425585059,120,0.9392162571121956,387.0,2.348040642780489
84,0.0001057884665644,-6.228366398673081,4.194557700000001,4.0829625,4.176757371666667,58.431591486558595,3570.0724255889654,120,4.194557700000001,4.0829625,-0.1115952000000009,3570.0724255889654,120,0.9388423806477868,386.0,2.347105951619467
85,0.0001099105768271,-6.318025385289097,4.194557700000001,4.0805998,4.176607725,59.45342399316009,3570.084425587207,120,4.194557700000001,4.0805998,-0.1139579000000008,3570.084425587207,120,0.9383106535427516,385.0,2.345776633856879
86,0.0001091507831261,-6.399765834549755,4.194557700000001,4.0808363,4.176873534166666,60.38391170193887,3570.0844255848788,120,4.194557700000001,4.0808363,-0.113721400000001,3570.0844255848788,120,0.938233618762044,384.0,2.34558404690511
87,0.0001067820950066,-6.194364764109467,4.194557700000001,4.0825686,4.176643185,58.02106035072023,3570.0644255860243,120,4.194557700000001,4.0825686,-0.1119891000000006,3570.0644255860243,120,0.9376546563306208,383.0,2.344136640826552
88,0.0001105898150436,-6.329735784773796,4.194557700000001,4.0802851,4.1766408575,59.58346743506999,3570.070425583981,120,4.194557700000001,4.0802851,-0.1142726000000005,3570.070425583981,120,0.9374245885181204,382.0,2.3435614712953012
89,0.0001108019379798,-6.300833705029593,4.1945968,4.0803242,4.176634949166667,59.23232842629253,3570.0764255861286,120,4.1945968,4.0803242,-0.1142726000000005,3570.0764255861286,120,0.93707877923188,381.0,2.3426969480796997
90,0.0001116895917673,-6.260943453774263,4.1945968,4.0798516000000005,4.176365545833334,58.775683699514346,3570.082425588742,120,4.1945968,4.0798516000000005,-0.1147451999999997,3570.082425588742,120,0.9365653453274738,380.0,2.3414133633186847
91,0.0001083719194284,-6.127802411326744,4.194478500000001,4.0820174,4.176473838333334,57.22146346108471,3570.070425586542,120,4.194478500000001,4.0820174,-0.1124611000000008,3570.070425586542,120,0.9361068568273656,379.0,2.3402671420684142
92,0.00010840762171,-6.125830076622844,4.1944394,4.0819387,4.176412475833334,57.23012178984861,3570.0664255842566,120,4.1944394,4.0819387,-0.1125007,3570.0664255842566,120,0.9356905904368492,378.0,2.339226476092123
93,0.0001120951653417,-6.270569698092978,4.1945181,4.0796943,4.17642101,58.86585528076952,3570.0964255856816,120,4.1945181,4.0796943,-0.1148237999999999,3570.0964255856816,120,0.9353982327241744,377.0,2.3384955818104363
94,0.000112933385983,-6.227868771931735,4.194478500000001,4.0793004,4.17619524,58.38684139593359,3570.0864255856723,120,4.194478500000001,4.0793004,-0.1151781000000005,3570.0864255856723,120,0.9349100245424264,376.0,2.337275061356066
95,0.00011297648008,-6.22512888240484,4.1945181,4.07934,4.176233971666666,58.33685324231194,3570.070425586775,120,4.1945181,4.07934,-0.1151780999999996,3570.070425586775,120,0.9346241301910808,375.0,2.336560325477702
96,0.0001134588019941,-6.210084672510069,4.194478500000001,4.0790248,4.176057409166666,58.16899484323158,3570.0724255822133,120,4.194478500000001,4.0790248,-0.1154537000000006,3570.0724255822133,120,0.934147780937608,374.0,2.33536945234402
97,0.0001101241716097,-6.0399447436428355,4.194282100000001,4.0811906,4.176004914166667,56.22985271885239,3570.0764255849645,120,4.194282100000001,4.0811906,-0.1130915000000003,3570.0764255849645,120,0.9337422116115448,373.0,2.334355529028862
98,0.0001139916532395,-6.182126557006602,4.194360700000001,4.0789065,4.176031495833333,57.83300580402373,3570.0884255850688,120,4.194360700000001,4.0789065,-0.1154542000000002,3570.0884255850688,120,0.9333881350639104,372.0,2.333470337659776
99,0.000114550778631,-6.153272232820639,4.1941638,4.0785918,4.175820173333334,57.503566467885975,3570.0864255882334,120,4.1941638,4.0785918,-0.1155720000000002,3570.0864255882334,120,0.9343783475603304,371.0,2.335945868900826
100,2.6653626101539385e-05,-6.940614570942818,4.1946754,4.1372638,4.1858794075,66.7046398491668,3570.09642558801,120,4.1946754,4.1372638,-0.0574116,3570.09642558801,120,0.9483593141811516,370.0,2.370898285452879
101,0.0001182973003155,-6.044066216548373,4.1942425000000005,4.077371100000001,4.1756272175,56.18406913625492,3570.080425588414,120,4.1942425000000005,4.077371100000001,-0.1168713999999999,3570.080425588414,120,0.935243890076714,369.0,2.338109725191785
102,0.0001180945801606,-6.054865577562005,4.1942425000000005,4.0771346,4.175377855,56.36062645269596,3570.0944255900104,120,4.1942425000000005,4.0771346,-0.1171079000000006,3570.0944255900104,120,0.933465618409288,368.0,2.33366404602322
103,0.0001178429914951,-6.111694743394025,4.194360700000001,4.0772529,4.175653150833333,56.98104085725859,3570.090425589122,120,4.194360700000001,4.0772529,-0.1171078000000003,3570.090425589122,120,0.9325217129035376,367.0,2.331304282258844
104,0.0001182253321875,-6.043231025739513,4.1944394,4.0772138,4.175453626666667,56.22470618784997,3570.0824255836196,120,4.1944394,4.0772138,-0.1172256000000002,3570.0824255836196,120,0.9315663309213328,366.0,2.3289158273033324
105,0.00011785349785,-6.041769350697437,4.1942029000000005,4.0773315000000006,4.175405746666667,56.19643976882216,3570.0744255862664,120,4.1942029000000005,4.0773315000000006,-0.1168713999999999,3570.0744255862664,120,0.9308853483837896,365.0,2.327213370959474
106,0.0001184322516904,-6.050226273484975,4.1942425000000005,4.0770955,4.175446432499999,56.28026854076469,3570.110425588209,120,4.1942425000000005,4.0770955,-0.1171470000000001,3570.110425588209,120,0.9302564743209636,364.0,2.325641185802409
107,0.0001199106869821,-5.968801191334904,4.194282100000001,4.0765047,4.175077943333333,55.37347497607772,3570.088425590424,120,4.194282100000001,4.0765047,-0.1177774000000004,3570.088425590424,120,0.9294841719955508,363.0,2.323710429988877
108,0.0001227305485642,-6.117480560179365,4.1941638,4.0747328000000005,4.1751766875000005,57.034900900135554,3570.0964255868457,120,4.1941638,4.0747328000000005,-0.1194309999999996,3570.0964255868457,120,0.9291044127074656,362.0,2.322761031768664
109,0.0001193707840529,-6.018047008056887,4.194360700000001,4.0767803,4.175361755833333,55.90682563924038,3570.086425588001,120,4.194360700000001,4.0767803,-0.1175804000000004,3570.086425588001,120,0.9288832341790364,361.0,2.3222080854475906
110,0.0001202844446312,-5.938046143819864,4.1941638,4.0763865,4.174957464166667,55.01139637718294,3570.099233608693,120,4.1941638,4.0763865,-0.1177773000000002,3570.099233608693,120,0.9281307185207248,360.0,2.320326796301812
111,0.0001202658373861,-5.932582713492942,4.1941638,4.0765047,4.17503427,54.93019898913557,3570.099233589368,120,4.1941638,4.0765047,-0.1176591,3570.099233589368,120,0.9278423486170791,359.0,2.319605871542698
112,0.0001237222550659,-6.1049758420890194,4.1944394,4.0744176,4.17519768,56.871498605969606,3570.075233754702,120,4.1944394,4.0744176,-0.1200217999999999,3570.075233754702,120,0.9274492022488066,358.0,2.3186230056220163
113,0.0001242906472224,-6.060552433081886,4.1941638,4.074220700000001,4.1750132608333335,56.36386942747991,3570.0812337640673,120,4.1941638,4.074220700000001,-0.1199430999999995,3570.0812337640673,120,0.9270071279252392,357.0,2.317517819813098
114,0.000121273590983,-5.925928783572194,4.1941638,4.076071700000001,4.174974548333334,54.838813372701246,3570.073233693838,120,4.1941638,4.076071700000001,-0.1180920999999992,3570.073233693838,120,0.9266691091199,356.0,2.31667277279975
115,0.0001217071240439,-5.8651690399435905,4.1939273,4.0758748,4.174656930833334,54.1632237134131,3570.0852336827666,120,4.1939273,4.0758748,-0.1180525000000001,3570.0852336827666,120,0.926014539046332,355.0,2.31503634761583
116,0.0001218471814737,-5.865687670394204,4.194085100000001,4.0758748,4.174718618333333,54.17487310794574,3570.0872336400207,120,4.194085100000001,4.0758748,-0.1182103000000003,3570.0872336400207,120,0.9256637817389328,354.0,2.3141594543473323
117,0.0001225900870954,-5.835173592679762,4.1941242,4.0755596,4.174549261666667,53.82596857579381,3570.077233650489,120,4.1941242,4.0755596,-0.1185646,3570.077233650489,120,0.9251618848501522,353.0,2.3129047121253805
118,0.0001257024966014,-6.035477561440522,4.1942425000000005,4.0735908,4.1748272166666665,56.07232216071432,3570.093233667081,120,4.1942425000000005,4.0735908,-0.1206517000000007,3570.093233667081,120,0.9250493393540584,352.0,2.312623348385146
119,0.0001269356551998,-5.949970534400619,4.1940455000000005,4.0731578,4.174461018333333,55.10321302384252,3570.099233718822,120,4.1940455000000005,4.0731578,-0.1208877000000008,3570.099233718822,120,0.9248189541968316,351.0,2.312047385492079
120,0.0001273963092393,-5.96263239485966,4.193888200000001,4.0727639,4.1743149908333335,55.247114439098056,3570.0872337657493,120,4.193888200000001,4.0727639,-0.1211243000000008,3570.0872337657493,120,0.924276314549588,350.0,2.31069078637397
121,0.0001243201570441,-5.76523419994104,4.1936913,4.0748115,4.1741358066666665,53.019037028148574,3570.0772337387316,120,4.1936913,4.0748115,-0.1188798000000002,3570.0772337387316,120,0.9237221713797744,349.0,2.309305428449436
122,0.0001229601365877,-5.82840951141001,4.1940455000000005,4.0754023,4.174504655000001,53.74220515269653,3570.0872337108012,120,4.1940455000000005,4.0754023,-0.1186432000000001,3570.0872337108012,120,0.9236683257240672,348.0,2.309170814310168
123,0.0001248264951684,-5.74240459493721,4.1940455000000005,4.0746932000000005,4.1740974216666675,52.75087432812111,3570.0812336194795,120,4.1940455000000005,4.0746932000000005,-0.1193523,3570.0812336194795,120,0.9228685619653862,347.0,2.3071714049134657
124,0.0001253911131616,-5.741330746899946,4.1939669,4.0744572,4.17408397,52.74696247622363,3570.091233595507,120,4.1939669,4.0744572,-0.1195097,3570.091233595507,120,0.9225542590910372,346.0,2.306385647727593
125,0.0001248280030235,-5.740045532705697,4.1939273,4.0747328000000005,4.174121061666667,52.71221561973105,3570.09523376124,120,4.1939273,4.0747328000000005,-0.1191944999999998,3570.09523376124,120,0.9221741260588108,345.0,2.305435315147027
126,0.000126131060771,-5.682746421052192,4.1939273,4.074378500000001,4.173986503333333,52.06447112905946,3570.08523361315,120,4.1939273,4.074378500000001,-0.1195487999999995,3570.08523361315,120,0.9217671298278,344.0,2.3044178245695
127,0.0001262727223611,-5.6868873997044584,4.194006,4.0742998,4.173985849999999,52.111864031413525,3570.087233763654,120,4.194006,4.0742998,-0.1197061999999995,3570.087233763654,120,0.9215463284854598,343.0,2.3038658212136496
128,0.0001303208955954,-5.837805486305997,4.193888200000001,4.0719371,4.173986196666667,53.784809898426865,3570.1092335809954,120,4.193888200000001,4.0719371,-0.1219511000000004,3570.1092335809954,120,0.9210541729003908,342.0,2.3026354322509768
129,0.0001259979846391,-5.681269679099981,4.1938095,4.0744176,4.1739684766666665,52.05548016130249,3570.089233715087,120,4.1938095,4.0744176,-0.1193919000000001,3570.089233715087,120,0.920706773538412,341.0,2.30176693384603
130,0.0001273575277078,-5.65113143376872,4.1938095,4.0737877000000005,4.173715809166667,51.71443502847537,3570.0932337353006,120,4.1938095,4.0737877000000005,-0.1200217999999999,3570.0932337353006,120,0.9203000602464187,340.0,2.300750150616047
131,0.0001270420363191,-5.6912399128847175,4.193848600000001,4.0738664,4.173878871666667,52.1619141286749,3570.079233654309,120,4.193848600000001,4.0738664,-0.1199822000000008,3570.079233654309,120,0.9199986146497404,339.0,2.299996536624351
132,0.0001316480377085,-5.771957249629314,4.1937699,4.0713859,4.1736183325,53.063975577270774,3570.105233610142,120,4.1937699,4.0713859,-0.1223840000000002,3570.105233610142,120,0.9195124911348737,338.0,2.298781227837184
133,0.0001279053862579,-5.661511884378911,4.1937304,4.0735121,4.173698718333333,51.80490717987587,3570.0772337662056,120,4.1937304,4.0735121,-0.1202182999999994,3570.0772337662056,120,0.919386914313694,337.0,2.298467285784235
134,0.0001279359714969,-5.664735012798804,4.1938095,4.0734334,4.1736633125,51.87698768327793,3570.071233704686,120,4.1938095,4.0734334,-0.1203761000000005,3570.071233704686,120,0.9189919216011284,336.0,2.297479804002821
135,0.0001292735950258,-5.608390567011597,4.1937304,4.0730791,4.173513984166666,51.19648134891864,3570.083233676385,120,4.1937304,4.0730791,-0.1206512999999995,3570.083233676385,120,0.9186134518521056,335.0,2.296533629630264
136,0.0001258433011647,-5.383174794161247,4.193573000000001,4.0753627,4.173280339166666,48.72896542368255,3570.073233645875,120,4.193573000000001,4.0753627,-0.1182103000000003,3570.073233645875,120,0.917956162355794,334.0,2.2948904058894852
137,0.0001288972184404,-5.594865581658384,4.1938095,4.0734725,4.17367838,51.01752435909976,3570.0852336883545,120,4.1938095,4.0734725,-0.1203370000000001,3570.0852336883545,120,0.9177543769707036,333.0,2.294385942426759
138,0.0001301126812696,-5.565402122100419,4.1937699,4.0728822000000005,4.173411594166667,50.709679471393315,3570.077233672142,120,4.1937699,4.0728822000000005,-0.1208876999999999,3570.077233672142,120,0.9174902349390188,332.0,2.293725587347547
139,0.0001307981081247,-5.529056256841242,4.1936517,4.0726066,4.1732183,50.33598811467963,3570.069233633578,120,4.1936517,4.0726066,-0.1210450999999999,3570.069233633578,120,0.917071491320096,331.0,2.29267872830024
140,0.0001347711554897,-5.666120472692553,4.193612600000001,4.070204299999999,4.173068698333334,51.854585940636866,3570.095233728178,120,4.193612600000001,4.070204299999999,-0.1234083000000012,3570.095233728178,120,0.9166600158842224,330.0,2.291650039710556
141,0.000134969231006,-5.647587718659883,4.1935339,4.0702829,4.173115293333334,51.62689796411085,3570.1032337290235,120,4.1935339,4.0702829,-0.1232510000000006,3570.1032337290235,120,0.91642495455165,329.0,2.2910623863791253
142,0.0001312706813334,-5.519024576431166,4.193612600000001,4.0724487,4.173169121666667,50.17824853946622,3570.0732336682267,120,4.193612600000001,4.0724487,-0.1211639000000008,3570.0732336682267,120,0.9160623444105904,328.0,2.2901558610264763
143,0.0001350078060338,-5.6937953452163415,4.1936913,4.070243799999999,4.173328574166667,52.12022187386732,3570.0912337116897,120,4.1936913,4.070243799999999,-0.123447500000001,3570.0912337116897,120,0.915858004799262,327.0,2.289645011998155
144,0.0001316761126183,-5.507954802304997,4.1936517,4.0723701,4.173188801666667,50.06188628980267,3570.0832336097956,120,4.1936517,4.0723701,-0.1212816000000005,3570.0832336097956,120,0.9153358721573348,326.0,2.288339680393337
145,0.0001321478640352,-5.465868548334219,4.193573000000001,4.0721731,4.172947931666667,49.60383748844509,3570.0932336105034,120,4.193573000000001,4.0721731,-0.121399900000001,3570.0932336105034,120,0.914926956318902,325.0,2.2873173907972553
146,0.0001319110452759,-5.500103260455251,4.193573000000001,4.072251799999999,4.173120220833334,49.97994844994229,3570.0912337079644,120,4.193573000000001,4.072251799999999,-0.1213212000000014,3570.0912337079644,120,0.914703161402886,324.0,2.286757903507215
147,0.0001328380030266,-5.4888213541639,4.1935339,4.071818799999999,4.172969955,49.832244207739585,3570.0912337601185,120,4.1935339,4.071818799999999,-0.1217151000000011,3570.0912337601185,120,0.9142844010989584,323.0,2.285711002747396
148,0.0001287091627765,-5.259922756141961,4.1934547,4.0744176,4.1727536575,47.328231771591994,3570.0692336410284,120,4.1934547,4.0744176,-0.1190370999999999,3570.0692336410284,120,0.913792028573568,322.0,2.28448007143392
149,0.0001335336900173,-5.447808708868323,4.1934547,4.071661499999999,4.172853785833333,49.37711417984992,3570.0972336311825,120,4.1934547,4.071661499999999,-0.1217932000000008,3570.0972336311825,120,0.9135470501981332,321.0,2.283867625495333
151,0.0001387278986156,-5.556104566395449,4.1934547,4.0689049,4.172644729166667,50.57559952941712,3570.079233624041,120,4.1934547,4.0689049,-0.1245498000000004,3570.079233624041,120,0.9131060946185988,319.0,2.282765236546497
152,0.000134817378269,-5.391043843783469,4.1936913,4.0713072,4.172665100000001,48.73721496355528,3570.0792337488383,120,4.1936913,4.0713072,-0.1223841000000005,3570.0792337488383,120,0.9125802706730684,318.0,2.2814506766826708
153,0.0001310273493023,-5.173109683714937,4.193573000000001,4.073709,4.17244555,46.38464780013442,3570.0692336750217,120,4.193573000000001,4.073709,-0.1198640000000006,3570.0692336750217,120,0.9120331182846144,317.0,2.280082795711536
154,0.000136795536872,-5.312128327856731,4.1932974000000005,4.0703621,4.172032085,47.8963956532957,3570.081233613193,120,4.1932974000000005,4.0703621,-0.1229353000000008,3570.081233613193,120,0.9113158320975476,316.0,2.278289580243869
155,0.000131314080831,-5.194743014084164,4.1934547,4.0735908,4.172543343333333,46.59109288431054,3570.06323375972,120,4.1934547,4.0735908,-0.1198639000000003,3570.06323375972,120,0.9112945130101996,315.0,2.278236282525499
156,0.0001358674518494,-5.333828323233348,4.1934547,4.070992,4.172424540833334,48.10487349673813,3570.0792336389422,120,4.1934547,4.070992,-0.1224626999999998,3570.0792336389422,120,0.910904922814562,314.0,2.277262307036405
157,0.0001367605312123,-5.306736667933085,4.1934547,4.070676799999999,4.172286734166667,47.79921837703664,3570.083233694546,120,4.1934547,4.070676799999999,-0.1227779000000008,3570.083233694546,120,0.9104283469962025,313.0,2.276070867490506
158,0.0001327974076156,-5.135489258539152,4.1932974000000005,4.073039499999999,4.172208305833333,45.92892109651382,3570.0652337600477,120,4.1932974000000005,4.073039499999999,-0.1202579000000012,3570.0652337600477,120,0.9100813531674268,312.0,2.275203382918567
159,0.000137792169605,-5.27027597401023,4.1933761,4.070204299999999,4.171984186666667,47.38553279469096,3570.0892337006517,120,4.1933761,4.070204299999999,-0.1231718000000006,3570.0892337006517,120,0.909687392378038,311.0,2.274218480945095
160,0.0001385412062665,-5.2823834257753814,4.1934547,4.0699286,4.1720530983333335,47.517035908335856,3570.089233693201,120,4.1934547,4.0699286,-0.1235261000000003,3570.089233693201,120,0.9094217866638457,310.0,2.273554466659614
161,0.0001425616161117,-5.425546852179538,4.1933370000000005,4.0676842,4.172088188333333,49.07113398568042,3570.0732337567024,120,4.1933370000000005,4.0676842,-0.1256528000000001,3570.0732337567024,120,0.909367094167318,309.0,2.273417735418295
162,0.0001402844768742,-5.1859868658038515,4.1931005,4.0693383,4.171558256666667,46.48101095400298,3570.0752337500453,120,4.1931005,4.0693383,-0.1237621999999998,3570.0752337500453,120,0.9087025658253036,308.0,2.271756414563259
163,0.0001395502643038,-5.208081452052064,4.1931005,4.0696926,4.171760745833334,46.69785713023053,3570.0892337658443,120,4.1931005,4.0696926,-0.1234079000000001,3570.0892337658443,120,0.9083667258642582,307.0,2.2709168146606453
164,0.0001354646190801,-5.041579958602465,4.1934547,4.0722127,4.1718286283333335,44.89948424850523,3570.069233634509,120,4.1934547,4.0722127,-0.1212420000000005,3570.069233634509,120,0.908029793666124,306.0,2.27007448416531
165,0.0001401658208172,-5.221174783505952,4.1931005,4.0694561,4.1718096225000005,46.807585649150795,3570.075233626645,120,4.1931005,4.0694561,-0.1236443999999998,3570.075233626645,120,0.907718320482205,305.0,2.2692958012055127
166,0.000145389764976,-5.301969211774733,4.193218700000001,4.0667787,4.171491633333334,47.68984887647846,3570.0892336787656,120,4.193218700000001,4.0667787,-0.1264400000000005,3570.0892336787656,120,0.9074304289181852,304.0,2.268576072295463
167,0.0001410926987023,-5.177080899849556,4.1932974000000005,4.0691805,4.171625530833333,46.346655361577234,3570.087233763188,120,4.1932974000000005,4.0691805,-0.1241169000000006,3570.087233763188,120,0.906995370909397,303.0,2.2674884272734923
168,0.0001419051128625,-5.1059879135134665,4.1931791,4.068865799999999,4.17120486,45.60533534748448,3570.077233619988,120,4.1931791,4.068865799999999,-0.1243133000000007,3570.077233619988,120,0.9064420252156034,302.0,2.2661050630390083
169,0.0001423175888366,-5.137163073848284,4.1932578000000005,4.0687079,4.171365964166667,45.9156716404828,3570.091233769898,120,4.1932578000000005,4.0687079,-0.1245499000000007,3570.091233769898,120,0.9062053098089196,301.0,2.265513274522299
170,0.0001431745942875,-5.078628670940813,4.1930614,4.0684719,4.171102778333333,45.30097577743669,3570.0912336325273,120,4.1930614,4.0684719,-0.1245895000000008,3570.0912336325273,120,0.9056911119658204,300.0,2.2642277799145507
171,0.0001424488776622,-5.124762423776016,4.1932578000000005,4.0687866,4.171419121666667,45.78119183241064,3570.075233720243,120,4.1932578000000005,4.0687866,-0.1244712000000003,3570.075233720243,120,0.9055985034569224,299.0,2.263996258642306
172,0.0001476776604784,-5.2406747485047775,4.1931005,4.0660305,4.171199905,47.00847863234812,3570.113233599812,120,4.1931005,4.0660305,-0.1270699999999998,3570.113233599812,120,0.9052309117227652,298.0,2.263077279306913
173,0.000147759497751,-5.248423762885561,4.1930218,4.0658731,4.1711234775,47.106599927147414,3570.1032337700017,120,4.1930218,4.0658731,-0.1271487000000002,3570.1032337700017,120,0.9048513244325092,297.0,2.262128311081273
174,0.0001438219837643,-5.085330983392932,4.1930614,4.068275,4.171158244166667,45.332049499620254,3570.087233727798,120,4.1930614,4.068275,-0.1247864000000005,3570.087233727798,120,0.9045429956773005,296.0,2.261357489193251
175,0.0001482804367759,-5.249952639895208,4.1931400000000005,4.0658336,4.171263910833334,47.09289284288914,3570.107233636081,120,4.1931400000000005,4.0658336,-0.1273064000000001,3570.107233636081,120,0.904338615552192,295.0,2.2608465388804797
176,0.0001532411009426,-5.3564786985630946,4.1932578000000005,4.0632739,4.1710955725,48.27675793287682,3570.1112336716615,120,4.1932578000000005,4.0632739,-0.1299839,3570.1112336716615,120,0.9038605927877597,294.0,2.259651481969399
177,0.0001495298810728,-5.183907953950177,4.1931005,4.065439700000001,4.170937725,46.407382767734816,3570.0752337500453,120,4.1931005,4.065439700000001,-0.1276607999999992,3570.0752337500453,120,0.9034791072098528,293.0,2.258697768024632
178,0.0001501367886035,-5.157112094919905,4.1931400000000005,4.0653214,4.170868183333334,46.10577192276938,3570.093233763706,120,4.1931400000000005,4.0653214,-0.1278186000000003,3570.093233763706,120,0.9030525459662544,292.0,2.257631364915636
179,0.0001512074993354,-5.1163355728848,4.192903500000001,4.0648885,4.170559384166667,45.65183149082473,3570.089233655948,120,4.192903500000001,4.0648885,-0.1280150000000004,3570.089233655948,120,0.9024937272870004,291.0,2.256234318217501
180,0.0001462130660192,-4.9905568158996445,4.1930218,4.0676451,4.170805174166667,44.29631523702721,3570.0792336650193,120,4.1930218,4.0676451,-0.1253767000000003,3570.0792336650193,120,0.9024282677855908,290.0,2.256070669463977
181,0.0001461157913924,-5.003478908147691,4.192903500000001,4.0676451,4.170840945,44.41798342439987,3570.081233699806,120,4.192903500000001,4.0676451,-0.1252584000000007,3570.081233699806,120,0.9021040021693792,289.0,2.255260005423448
182,0.0001464847411413,-4.99703495772868,4.1931005,4.0675268,4.170820271666667,44.362910591681214,3570.0952336736955,120,4.1931005,4.0675268,-0.1255736999999994,3570.0952336736955,120,0.9018810909013668,288.0,2.254702727253417
183,0.0001523418885697,-5.0988376529006585,4.192903500000001,4.064534200000001,4.170488513333334,45.447856496919705,3570.1072336593643,120,4.192903500000001,4.064534200000001,-0.1283693000000001,3570.1072336593643,120,0.9012738901794708,287.0,2.253184725448677
184,0.0001432169219972,-4.749069269481521,4.192903500000001,4.06985,4.1704884825,41.72057417090236,3570.0732336998917,120,4.192903500000001,4.06985,-0.123053500000001,3570.0732336998917,120,0.901005281701714,286.0,2.252513204254285
185,0.0001479928537538,-4.930022516547679,4.1929822,4.0671725,4.170585315,43.63595571187848,3570.08123367792,120,4.1929822,4.0671725,-0.1258097000000004,3570.08123367792,120,0.900840328089952,285.0,2.25210082022488
186,0.0001531411182465,-5.092936614414914,4.192903500000001,4.0642586000000005,4.170442571666666,45.35948625254683,3570.1032336647622,120,4.192903500000001,4.0642586000000005,-0.1286449000000002,3570.1032336647622,120,0.9004086680602208,284.0,2.251021670150552
187,0.0001498436075199,-4.88743317893585,4.1928644,4.0663848,4.170175153333333,43.17061721703913,3570.099233753979,120,4.1928644,4.0663848,-0.1264796000000005,3570.099233753979,120,0.8999929493781469,283.0,2.2499823734453672
188,0.0001531356913797,-5.082631630082928,4.1928644,4.0642977,4.170415315,45.24462843233629,3570.107233616989,120,4.1928644,4.0642977,-0.1285667000000003,3570.107233616989,120,0.899805411365452,282.0,2.24951352841363
189,0.0001493912347754,-4.926433914824616,4.192903500000001,4.066503,4.170369701666667,43.57434668655372,3570.08123362856,120,4.192903500000001,4.066503,-0.1264005000000008,3570.08123362856,120,0.8994497943978947,281.0,2.248624485994737
190,0.000151164472753,-4.828548196943953,4.1928644,4.0660696000000005,4.169958558333333,42.55978823172307,3570.0992337646894,120,4.1928644,4.0660696000000005,-0.1267947999999998,3570.0992337646894,120,0.898753098026584,280.0,2.24688274506646
191,0.0001595140542049,-5.151790476369156,4.1928644,4.061305,4.170041266666667,45.99942952683702,3570.1052336739376,120,4.1928644,4.061305,-0.1315594000000004,3570.1052336739376,120,0.8987083436847871,279.0,2.246770859211968
192,0.0001562894918827,-4.9831359214955375,4.1927853,4.0633922,4.169976265,44.163530531356336,3570.1052337731235,120,4.1927853,4.0633922,-0.1293930999999997,3570.1052337731235,120,0.8983964981915147,278.0,2.2459912454787867
193,0.000156556770292,-4.976869323343171,4.192667500000001,4.063195200000001,4.169826641666668,44.08870622384304,3570.0892336899415,120,4.192667500000001,4.063195200000001,-0.1294722999999997,3570.0892336899415,120,0.8979277473087028,277.0,2.244819368271757
194,0.0001528297665964,-4.791855685887614,4.192627900000001,4.065439700000001,4.169651409166667,42.13514511616709,3570.0972337545827,120,4.192627900000001,4.065439700000001,-0.1271881999999999,3570.0972337545827,120,0.8975565449359812,276.0,2.2438913623399532
195,0.0001531250461246,-4.785126815546578,4.1927462,4.0654006,4.169667165833333,42.05884567066838,3570.0972337685525,120,4.1927462,4.0654006,-0.1273455999999999,3570.0972337685525,120,0.8972317905559892,275.0,2.243079476389973
196,0.0001528596120268,-4.7887119898900155,4.1927066,4.0655971,4.169788901666666,42.08235330984404,3570.1052337400615,120,4.1927066,4.0655971,-0.1271095000000004,3570.1052337400615,120,0.8970639476354167,274.0,2.2426598690885418
197,0.0001542202251115,-4.732779125779404,4.1927462,4.0651641000000005,4.1694775,41.5194229863157,3570.079233761877,120,4.1927462,4.0651641000000005,-0.1275820999999997,3570.079233761877,120,0.8964851912037763,273.0,2.241212978009441
198,0.0001496162880563,-4.545317759429377,4.1925097,4.067842,4.169394490833333,39.54753896439733,3570.0712336599827,120,4.1925097,4.067842,-0.1246676999999998,3570.0712336599827,120,0.8961303689977212,272.0,2.240325922494303
199,0.0001544628398926,-4.729245743963812,4.1925888,4.0651245000000005,4.169476194166666,41.43855925301425,3570.079233661294,120,4.1925888,4.0651245000000005,-0.1274642999999997,3570.079233661294,120,0.895948886986762,271.0,2.239872217466905
200,3.911801848548746e-05,-4.36323384997035,4.1928248,4.128403700000001,4.179763465,37.83549145825183,3570.063233711291,120,4.1928248,4.128403700000001,-0.0644210999999996,3570.063233711291,120,0.9130838562024196,270.0,2.2827096405060487
201,0.0001563037653851,-4.765315338002376,4.193319799999999,4.065176,4.170337676666667,41.74128198622997,3570.076372387819,120,4.193319799999999,4.065176,-0.1281437999999992,3570.076372387819,120,0.89693946418826,269.0,2.24234866047065
202,0.0001609650027628,-4.933074993461418,4.193162,4.0625377,4.170322921666667,43.50325060310798,3570.098372390028,120,4.193162,4.0625377,-0.1306243,3570.098372390028,120,0.8967040262259112,268.0,2.241760065564778
203,0.0001577594573396,-4.711513663988666,4.1933589,4.0648217,4.1701171375,41.15846875789091,3570.078372387681,120,4.1933589,4.0648217,-0.1285371999999993,3570.078372387681,120,0.8962344012237417,267.0,2.240586003059354
204,0.0001578613660139,-4.690500528151005,4.1933589,4.0648217,4.170027215833334,40.95961068696615,3570.0923723895103,120,4.1933589,4.0648217,-0.1285371999999993,3570.0923723895103,120,0.8958471903460283,266.0,2.239617975865071
205,0.0001586647742435,-4.69207684546459,4.1930442,4.0643096,4.169783745,40.959696050221226,3570.080372388474,120,4.1930442,4.0643096,-0.1287346000000004,3570.080372388474,120,0.8953627339248049,265.0,2.2384068348120123
206,0.0001586994128461,-4.701786555893793,4.1930442,4.0642705,4.169812955833334,41.05104136871234,3570.078372388147,120,4.1930442,4.0642705,-0.1287737,3570.078372388147,120,0.8950154775684676,264.0,2.2375386939211688
207,0.0001590354552106,-4.65910079709123,4.193162,4.0643888,4.169773883333333,40.61834803814672,3570.080372388474,120,4.193162,4.0643888,-0.1287732000000003,3570.080372388474,120,0.8944001794646272,263.0,2.236000448661568
208,0.0001595297094519,-4.662919220751118,4.1932015,4.0642705,4.1698267074999995,40.62617428275917,3570.080372388474,120,4.1932015,4.0642705,-0.1289309999999996,3570.080372388474,120,0.894038239269314,262.0,2.235095598173285
209,0.0001604180635253,-4.629031615698841,4.1929259,4.0639553,4.169588489166667,40.28163220411212,3570.078372388147,120,4.1929259,4.0639553,-0.1289705999999997,3570.078372388147,120,0.8936376453410372,261.0,2.234094113352593
210,0.0001616063174318,-4.59270022297996,4.1930442,4.0636797,4.169468370833333,39.911409368412016,3570.078372388147,120,4.1930442,4.0636797,-0.1293645000000003,3570.078372388147,120,0.8931709217332899,260.0,2.232927304333225
211,0.0001658234228166,-4.76333182505142,4.1929259,4.0611596,4.1694440691666665,41.68344426535058,3570.0883723888546,120,4.1929259,4.0611596,-0.1317662999999997,3570.0883723888546,120,0.8928475795313583,259.0,2.2321189488283957
212,0.0001671683749644,-4.744354203672931,4.1930046,4.0607262,4.169316406666667,41.4724272193722,3570.1103723915294,120,4.1930046,4.0607262,-0.1322783999999996,3570.1103723915294,120,0.892450072353733,258.0,2.2311251808843324
213,0.0001626656911555,-4.561489706787397,4.1930833,4.0632858,4.169210740833334,39.58420425783788,3570.0923723895103,120,4.1930833,4.0632858,-0.1297974999999995,3570.0923723895103,120,0.8919193161164276,257.0,2.229798290291069
214,0.0001717549435497,-4.8781920944015775,4.1931229,4.0583239,4.1692859108333336,42.88944692625959,3570.1123723913915,120,4.1931229,4.0583239,-0.1347989999999992,3570.1123723913915,120,0.8916405512261288,256.0,2.229101378065322
215,0.0001677580834786,-4.715626209043646,4.1930046,4.0606079,4.169200232500001,41.172360479743425,3570.094372389838,120,4.1930046,4.0606079,-0.1323967000000001,3570.094372389838,120,0.8912747480836585,255.0,2.228186870209146
216,0.0001662163856698,-4.787780403673053,4.1932015,4.0608835,4.1694791958333335,41.98302410055242,3570.104372390546,120,4.1932015,4.0608835,-0.1323179999999997,3570.104372390546,120,0.8913912959343536,254.0,2.228478239835884
217,0.0001646900927017,-4.475853227852701,4.1928864,4.0629711,4.168933125833333,38.62306777202212,3570.0903723891824,120,4.1928864,4.0629711,-0.1299152999999995,3570.0903723891824,120,0.8910046927106116,253.0,2.227511731776529
218,0.0001634464798826,-4.531595362604208,4.1928077,4.0632071000000005,4.16917038,39.2433078862876,3570.094372389838,120,4.1928077,4.0632071000000005,-0.1296005999999998,3570.094372389838,120,0.8905433727278647,252.0,2.2263584318196616
219,0.0001658512945095,-4.427073283215851,4.1928864,4.0626559,4.168666645,38.13763550111483,3570.0983723904938,120,4.1928864,4.0626559,-0.1302304999999997,3570.0983723904938,120,0.8901891175855035,251.0,2.225472793963758
220,0.0001646963522671,-4.50805026923657,4.1928864,4.0626559,4.1688793041666665,39.0284399682442,3570.102372390218,120,4.1928864,4.0626559,-0.1302304999999997,3570.102372390218,120,0.889827555819336,250.0,2.22456888954834
221,0.0001763540855583,-4.696721409365742,4.192729,4.0573001,4.1684776249999995,40.914366252496734,3570.114372392185,120,4.192729,4.0573001,-0.1354288999999999,3570.114372392185,120,0.8896280918122832,249.0,2.224070229530708
222,0.0001746936162009,-4.8257896035306675,4.1927686,4.0572605,4.168826785,42.347921799819254,3570.110372393392,120,4.1927686,4.0572605,-0.1355081,3570.110372393392,120,0.8891356163575302,248.0,2.2228390408938257
223,0.0001785298227464,-4.657313189066811,4.1927686,4.0567093000000005,4.1682794175,40.46636476307517,3570.120372392237,120,4.1927686,4.0567093000000005,-0.1360592999999994,3570.120372392237,120,0.8888880349978299,247.0,2.222220087494575
224,0.000171013344391,-4.633517513739199,4.1926894,4.0594659,4.168547535,40.302526675992226,3570.094372389838,120,4.1926894,4.0594659,-0.1332234999999997,3570.094372389838,120,0.8888008272007385,246.0,2.222002068001846
225,0.0001783971100649,-4.668324605399683,4.1924138,4.056355,4.1679867066666665,40.63069087819768,3570.1263723932207,120,4.1924138,4.056355,-0.1360587999999998,3570.1263723932207,120,0.8882541224168842,245.0,2.2206353060422104
226,0.0001662871628478,-4.514152946088234,4.1926503,4.0618682,4.168643664166667,39.08968964294811,3570.0983723904938,120,4.1926503,4.0618682,-0.1307821000000002,3570.0983723904938,120,0.8881705953291016,244.0,2.220426488322754
227,0.0001708696782525,-4.297135573672197,4.1924534,4.0612383,4.167928258333332,36.80132696631829,3570.1143723931164,120,4.1924534,4.0612383,-0.1312150999999994,3570.1143723931164,120,0.8873669711380208,243.0,2.218417427845052
228,0.0001664374178178,-4.4974784834985835,4.1926503,4.0619469,4.168639415833334,38.88489017883298,3570.096372390166,120,4.1926503,4.0619469,-0.1307034000000007,3570.096372390166,120,0.8876437790608719,242.0,2.21910944765218
229,0.0001703522658321,-4.300707816531232,4.1925321,4.0613561,4.1679180875,36.85217468662445,3570.0883723893203,120,4.1925321,4.0613561,-0.1311759999999999,3570.0883723893203,120,0.8867866738687071,241.0,2.216966684671768
230,0.0001628020295523,-4.270584534737508,4.1925321,4.0643096,4.168277091666667,36.55154355534862,3570.078372388147,120,4.1925321,4.0643096,-0.1282225000000005,3570.078372388147,120,0.8868739175087892,240.0,2.217184793771973
231,0.0001755344596536,-4.480311061577486,4.1926503,4.0583634,4.167813071666667,38.70773457803658,3570.0983723904938,120,4.1926503,4.0583634,-0.1342869000000002,3570.0983723904938,120,0.8862531855502385,239.0,2.215632963875596
232,0.0001639189633978,-4.218846375678805,4.1924138,4.0641131,4.168065783333334,36.00845568154104,3570.074372387491,120,4.1924138,4.0641131,-0.1283006999999996,3570.074372387491,120,0.8863062655214845,238.0,2.2157656638037113
233,0.0001698973566133,-4.297437161878101,4.1925321,4.0613956,4.1678048875,36.84213999426973,3570.080372388474,120,4.1925321,4.0613956,-0.1311365000000002,3570.080372388474,120,0.8854560685092233,237.0,2.2136401712730582
234,0.0001771019530287,-4.493604335190512,4.1924138,4.0576544000000005,4.167660152500001,38.802811590275645,3570.1003723908216,120,4.1924138,4.0576544000000005,-0.1347593999999992,3570.1003723908216,120,0.8851452773800996,236.0,2.212863193450249
235,0.0001757957962259,-4.477723665148934,4.1924138,4.058245200000001,4.167746134166666,38.660344784306275,3570.1023723920807,120,4.1924138,4.058245200000001,-0.1341685999999988,3570.1023723920807,120,0.8847339226902123,235.0,2.211834806725531
236,0.0001721411269826,-4.298691807631183,4.1924138,4.0604901,4.167562690833334,36.7779165953561,3570.090372389648,120,4.1924138,4.0604901,-0.1319236999999997,3570.090372389648,120,0.8845946478585068,234.0,2.211486619646267
237,0.000171862009947,-4.321717906255148,4.192296,4.0604901,4.167657536666667,37.04405037310842,3570.080372388009,120,4.192296,4.0604901,-0.1318058999999998,3570.080372388009,120,0.8841335431737196,233.0,2.210333857934299
238,0.0001741857382939,-4.224557513652016,4.192296,4.0600963,4.1672634,36.012769690270865,3570.082372389734,120,4.192296,4.0600963,-0.1321997000000001,3570.082372389734,120,0.8837401608057724,232.0,2.2093504020144312
239,0.0001729546114187,-4.281448259085024,4.1923351,4.0602536,4.167453391666666,36.59814380275339,3570.0743723884225,120,4.1923351,4.0602536,-0.1320814999999999,3570.0743723884225,120,0.8836527318581812,231.0,2.209131829645453
240,0.0001802258957368,-4.35352121657236,4.1920991,4.057064100000001,4.167006440833333,37.316467841893,3570.0923723895103,120,4.1920991,4.057064100000001,-0.1350349999999993,3570.0923723895103,120,0.8829499132183164,230.0,2.207374783045791
241,0.0001743868922102,-4.267054653335146,4.1920595,4.0598993,4.1674080983333335,36.39874268631409,3570.0723723885603,120,4.1920595,4.0598993,-0.1321602000000004,3570.0723723885603,120,0.8827457889222,229.0,2.2068644723055
242,0.0001759448758351,-4.172676786894905,4.192296,4.0596628,4.166982504166667,35.473657118101904,3570.0883723879233,120,4.192296,4.0596628,-0.1326331999999999,3570.0883723879233,120,0.8823004304368492,228.0,2.205751076092123
243,0.000175370564659,-4.239681473208929,4.1922169,4.0595055,4.167160700833334,36.18952934901291,3570.080372388009,120,4.1922169,4.0595055,-0.1327113999999998,3570.080372388009,120,0.8821151781051435,227.0,2.205287945262859
244,0.0001770549201832,-4.133003592354768,4.1921382000000005,4.0594268,4.166777694166667,35.047917991067415,3570.0783723872155,120,4.1921382000000005,4.0594268,-0.1327114000000007,3570.0783723872155,120,0.8814908580172519,226.0,2.2037271450431297
245,0.000170919357777,-4.049170719121074,4.1923351,4.0622621,4.167165260833333,34.26649851458653,3570.0723723880947,120,4.1923351,4.0622621,-0.1300730000000003,3570.0723723880947,120,0.8814816051702475,225.0,2.203704012925619
246,0.0001737939467134,-3.9114696407424545,4.1921382000000005,4.0619469,4.1666598925,32.833941231376166,3570.070372387767,120,4.1921382000000005,4.0619469,-0.1301913000000008,3570.070372387767,120,0.8808418030163848,224.0,2.202104507540962
247,0.000177026818325,-4.198498585285978,4.1920991,4.0589933,4.1668656466666665,35.786531718647616,3570.0783723872155,120,4.1920991,4.0589933,-0.1331058,3570.0783723872155,120,0.880464499971571,223.0,2.2011612499289273
248,0.0001810216314812,-4.060513153114357,4.1920595,4.058442100000001,4.166429843333334,34.293451102399544,3570.0843723900616,120,4.1920595,4.058442100000001,-0.1336173999999994,3570.0843723900616,120,0.8800842889824217,222.0,2.2002107224560543
249,0.0001812261592531,-4.049308649365035,4.1920991,4.0583239,4.1663199041666665,34.2314326978254,3570.0723723880947,120,4.1920991,4.0583239,-0.1337751999999996,3570.0723723880947,120,0.8794938003665363,221.0,2.198734500916341
251,0.0001836533108208,-4.335675183599026,4.1920595,4.0558825,4.166721269166667,37.11113687831263,3570.090372388251,120,4.1920595,4.0558825,-0.136177,3570.090372388251,120,0.8800063270603296,219.0,2.200015817650824
252,0.000179258156512,-4.148343547998104,4.1920991,4.0585208,4.166668086666666,35.22817180601108,3570.094372389838,120,4.1920991,4.0585208,-0.1335782999999999,3570.094372389838,120,0.8792128904117835,218.0,2.1980322260294587
253,0.0001816229506898,-4.048084732571851,4.1919808,4.0580482,4.166140395833334,34.200552418226735,3570.094372390304,120,4.1919808,4.0580482,-0.1339325999999996,3570.094372390304,120,0.8786123016049263,217.0,2.196530754012316
254,0.0001797248762539,-4.1449562945593925,4.1921382000000005,4.0582848,4.1665355108333335,35.17807044117709,3570.0863723913208,120,4.1921382000000005,4.0582848,-0.1338534000000004,3570.0863723913208,120,0.8783291125245226,216.0,2.1958227813113065
255,0.0001822001093923,-4.056661043779601,4.1919808,4.0578513,4.166159441666667,34.254492380788854,3570.086372389924,120,4.1919808,4.0578513,-0.1341294999999993,3570.086372389924,120,0.8776737352784287,215.0,2.194184338196072
256,0.0001818684131668,-4.093110491868452,4.1919022,4.0578513,4.166332384166666,34.61387242943117,3570.0803723870777,120,4.1919022,4.0578513,-0.1340509,3570.0803723870777,120,0.8774759046380207,214.0,2.193689761595052
257,0.0001895339357925,-4.1532484987366916,4.1916656,4.054700899999999,4.16588671,35.19293660909293,3570.0923723895103,120,4.1916656,4.054700899999999,-0.1369647000000009,3570.0923723895103,120,0.8767990237173395,213.0,2.1919975592933487
258,0.0001840209338444,-4.025041037646461,4.1918235,4.057339700000001,4.165959585833333,33.95485438102026,3570.084425583016,120,4.1918235,4.057339700000001,-0.134483799999999,3570.084425583016,120,0.8764759050082465,212.0,2.191189762520616
259,0.0001906094240186,-4.08871250958916,4.1917839,4.054543499999999,4.165552975833333,34.54859350301537,3570.106425591279,120,4.1917839,4.054543499999999,-0.1372404000000004,3570.106425591279,120,0.876054403279948,211.0,2.19013600819987
260,0.0001852288753675,-4.012796198275716,4.1917839,4.0568671,4.165764315,33.85543490808295,3570.104425590951,120,4.1917839,4.0568671,-0.1349168,3570.104425590951,120,0.8756394676647137,210.0,2.189098669161784
261,0.0001981512824523,-4.228522087053922,4.1915474,4.0509601,4.1652070766666665,35.921943677065855,3570.120425590314,120,4.1915474,4.0509601,-0.1405872999999999,3570.120425590314,120,0.8753170518668624,209.0,2.188292629667156
262,0.0001846721005353,-4.02258592219548,4.1917443,4.0569062,4.165715395833334,33.955268480022276,3570.10442558676,120,4.1917443,4.0569062,-0.1348380999999996,3570.10442558676,120,0.8751067497632381,208.0,2.187766874408095
263,0.0001893579992929,-3.8830485639604264,4.191587,4.0561581,4.165191005833333,32.484759719212676,3570.0924255838618,120,4.191587,4.0561581,-0.1354288999999999,3570.0924255838618,120,0.8746213950686851,207.0,2.1865534876717128
264,0.0001847947551306,-4.0522948233781255,4.1917839,4.0567489000000005,4.1658043650000005,34.22818002236507,3570.078425589949,120,4.1917839,4.0567489000000005,-0.1350349999999993,3570.078425589949,120,0.874838904101128,206.0,2.18709726025282
265,0.0001888237067847,-3.885762426030026,4.191587,4.0562763,4.165198529166667,32.542063534795744,3570.082425585948,120,4.191587,4.0562763,-0.1353106999999997,3570.082425585948,120,0.8739277512360027,205.0,2.184819378090007
266,0.0001858132562124,-4.034098519229162,4.191587,4.0564733,4.165663560833334,34.00690103676496,3570.094425585121,120,4.191587,4.0564733,-0.1351136999999997,3570.094425585121,120,0.8742365290794266,204.0,2.1855913226985666
267,0.0001938583049398,-4.05169860778985,4.1917443,4.053558799999999,4.165238278333333,34.19937212953797,3570.090425587725,120,4.1917443,4.053558799999999,-0.1381855000000005,3570.090425587725,120,0.8734142866471357,203.0,2.1835357166178393
268,0.0001984734843102,-4.286247260200173,4.1915474,4.050251,4.1650875925,36.5910424346128,3570.1124255880713,120,4.1915474,4.050251,-0.1412963999999998,3570.1124255880713,120,0.8733328121306421,202.0,2.1833320303266053
269,0.0001894761539385,-3.887472795092046,4.1916265,4.0560007,4.165137504166667,32.580356097789064,3570.0964255859144,120,4.1916265,4.0560007,-0.1356257999999996,3570.0964255859144,120,0.8725879402524956,201.0,2.181469850631239
270,0.0001962131758727,-4.026204415755492,4.19139,4.0526137,4.164749315833333,33.91753702540051,3570.1224255939014,120,4.19139,4.0526137,-0.1387762999999999,3570.1224255939014,120,0.8721565730743276,200.0,2.180391432685819
271,0.0001885895788537,-3.9501161378629432,4.191587,4.055922,4.165264845,33.16085077506375,3570.0824255826883,120,4.191587,4.055922,-0.1356650000000003,3570.0824255826883,120,0.8719644938314881,199.0,2.17991123457872
272,0.0001964733849482,-4.017233886625277,4.1914296,4.0526137,4.164726644166667,33.79198296923257,3570.1024255873635,120,4.1914296,4.0526137,-0.1388159,3570.1024255873635,120,0.8713474348428825,198.0,2.1783685871072063
273,0.0001922726258773,-3.8615338593728135,4.191468700000001,4.0551343,4.16479884,32.22462767795833,3570.098425588105,120,4.191468700000001,4.0551343,-0.1363344000000008,3570.098425588105,120,0.871105540077474,197.0,2.177763850193685
274,0.0001984319432571,-3.956389295179145,4.191468700000001,4.0523381,4.164501190833333,33.15442928109297,3570.1104255877435,120,4.191468700000001,4.0523381,-0.1391306000000005,3570.1104255877435,120,0.870477974590386,196.0,2.176194936475965
275,0.0001977104291236,-3.994760845957377,4.1913505,4.0522594,4.164561555833333,33.587213056905924,3570.102425588295,120,4.1913505,4.0522594,-0.1390911000000008,3570.102425588295,120,0.870319199980577,195.0,2.1757979999514427
276,0.0001993664824304,-3.95210300042374,4.1912718,4.0521021,4.164467725,33.0733865989328,3570.1004255861044,120,4.1912718,4.0521021,-0.1391697,3570.1004255861044,120,0.8701709210308163,194.0,2.1754273025770408
277,0.0001969030117005,-4.069953014664054,4.191468700000001,4.0521021,4.164807375833333,34.39726929189827,3570.10842558695,120,4.191468700000001,4.0521021,-0.1393666000000006,3570.10842558695,120,0.8702069516266281,193.0,2.1755173790665703
278,0.0002067573751291,-4.056789732527996,4.1912327000000005,4.0487547,4.164059838333333,34.149615200957065,3570.1004255898297,120,4.1912327000000005,4.0487547,-0.1424780000000005,3570.1004255898297,120,0.8693796730942929,192.0,2.173449182735732
279,0.0001919265047991,-3.8861714626926367,4.1914296,4.0549374,4.164751905,32.54529827415932,3570.0824255868793,120,4.1914296,4.0549374,-0.1364922000000001,3570.0824255868793,120,0.869699528587349,191.0,2.1742488214683724
280,0.0002023073890521,-3.897682493888061,4.1913505,4.0512748,4.164082761666667,32.61347105576663,3570.102425586898,120,4.1913505,4.0512748,-0.1400757000000005,3570.102425586898,120,0.8685261263068581,190.0,2.171315315767145
281,0.0001929643247672,-3.91233263873926,4.1913114,4.054503899999999,4.1647896541666665,32.75645697385742,3570.0824255878106,120,4.1913114,4.054503899999999,-0.1368075000000006,3570.0824255878106,120,0.8684264142159284,189.0,2.171066035539821
282,0.0002018287228116,-3.945101402719272,4.1912327000000005,4.0511961,4.164226516666667,33.04250418162929,3570.094425587915,120,4.1912327000000005,4.0511961,-0.1400366000000001,3570.094425587915,120,0.8676083607549913,188.0,2.169020901887478
283,0.000199929251834,-3.7238447175401177,4.1912327000000005,4.0532045,4.1638724175,30.84238754366998,3570.0784255834296,120,4.1912327000000005,4.0532045,-0.1380282000000008,3570.0784255834296,120,0.8671106350644532,187.0,2.167776587661133
284,0.0001984924699762,-3.7538850778730537,4.1911931,4.0533619,4.163906197499999,31.16950623448389,3570.0904255844653,120,4.1911931,4.0533619,-0.1378311999999999,3570.0904255844653,120,0.8670391803886716,186.0,2.167597950971679
285,0.0002035943837175,-3.933260925947445,4.1912327000000005,4.0504084,4.163861585833333,32.96175977882833,3570.092425584793,120,4.1912327000000005,4.0504084,-0.1408243000000002,3570.092425584793,120,0.8665038538732646,185.0,2.1662596346831613
286,0.0001978831777109,-3.786509436021979,4.1909962,4.0532832,4.163936080833333,31.5056457023146,3570.084425586276,120,4.1909962,4.0532832,-0.1377129999999997,3570.084425586276,120,0.866134952031467,184.0,2.1653373800786673
287,0.0001988921142836,-3.755782157495092,4.191154,4.0532441,4.163907863333333,31.179301746059934,3570.082425587345,120,4.191154,4.0532441,-0.1379099000000003,3570.082425587345,120,0.8657482308837887,183.0,2.1643705772094717
288,0.0002002555385125,-3.7207804976061354,4.1910748,4.0529289,4.1636775041666665,30.833487443927744,3570.1004255870357,120,4.1910748,4.0529289,-0.1381458999999996,3570.1004255870357,120,0.8652915945452475,182.0,2.163228986363119
289,0.0002060304828873,-3.886715961919053,4.1911144,4.0498571000000005,4.163576405,32.462997847507886,3570.1004255861044,120,4.1911144,4.0498571000000005,-0.1412572999999994,3570.1004255861044,120,0.8650092690929899,181.0,2.1625231727324747
290,0.0002073234689332,-3.871484229234804,4.1908779,4.0494633,4.1634060816666665,32.3008616573739,3570.094425590243,120,4.1908779,4.0494633,-0.1414146,3570.094425590243,120,0.8646028433770621,180.0,2.161507108442655
291,0.0002016523549369,-3.7148980180117848,4.1909571,4.0523777,4.163452364166667,30.76111932175285,3570.1004255898297,120,4.1909571,4.0523777,-0.1385794000000002,3570.1004255898297,120,0.8643907503512376,179.0,2.160976875878094
292,0.0002014271088556,-3.734776918075131,4.1907992,4.0522594,4.16342874,30.943983537705975,3570.0824255878106,120,4.1907992,4.0522594,-0.1385398000000002,3570.0824255878106,120,0.8641219209701603,178.0,2.160304802425401
293,0.0002021359666605,-3.714826895559963,4.1907601,4.0520625,4.1632663075,30.756824848609504,3570.088425590191,120,4.1907601,4.0520625,-0.1386976000000004,3570.088425590191,120,0.8637186598090277,177.0,2.1592966495225694
294,0.0002037838066422,-3.661796188454552,4.1907601,4.0518656,4.163073005833334,30.240168592583295,3570.082425585948,120,4.1907601,4.0518656,-0.1388945000000001,3570.082425585948,120,0.8632667071016711,176.0,2.1581667677541776
295,0.0002031471643457,-3.6699968677653847,4.1907601,4.0519443,4.163071352499999,30.350837281620628,3570.092425587587,120,4.1907601,4.0519443,-0.1388158000000006,3570.092425587587,120,0.8629459174462889,175.0,2.1573647936157223
296,0.0002032949373935,-3.6828184618418702,4.1909175,4.0518656,4.163120240833333,30.452103506275428,3570.088425591588,120,4.1909175,4.0518656,-0.1390519000000001,3570.088425591588,120,0.8627855943516709,174.0,2.156963985879177
297,0.0002064367625188,-3.622995897474486,4.1908388,4.0511961,4.1627924075000005,29.86401309540586,3570.0944255855866,120,4.1908388,4.0511961,-0.1396426999999995,3570.0944255855866,120,0.8622677610284288,173.0,2.155669402571072
298,0.0002056326875669,-3.639112577502508,4.1907992,4.0514717000000005,4.162981439999999,30.008979638091553,3570.084425583482,120,4.1907992,4.0514717000000005,-0.1393274999999993,3570.084425583482,120,0.8621760299166665,172.0,2.155440074791666
299,0.0002063431748942,-3.640258224930762,4.1907206,4.0510778,4.1627934091666665,30.026905293235487,3570.092425588984,120,4.1907206,4.0510778,-0.1396427999999998,3570.092425588984,120,0.8615886564475908,171.0,2.153971641118977
300,6.510292633789964e-05,-2.537861426800115,4.1904845,4.11515,4.172253199166667,20.23959249749283,3570.096425587777,120,4.1904845,4.11515,-0.0753345000000003,3570.096425587777,120,0.8782291982512476,170.0,2.195572995628119
301,0.0002140375987261,-3.7569834757074103,4.1907992,4.0480852,4.1628025775,31.069119218259143,3570.0884255841374,120,4.1907992,4.0480852,-0.1427139999999997,3570.0884255841374,120,0.8654850834137372,169.0,2.163712708534343
302,0.0002045125761939,-3.695104385782346,4.1908388,4.0515113,4.163200979166666,30.564967668345673,3570.1004255898297,120,4.1908388,4.0515113,-0.1393275000000002,3570.1004255898297,120,0.8637802837552089,168.0,2.159450709388022
303,0.0002153870098488,-3.700172586939821,4.1906023,4.0478096,4.162421269166667,30.544453626569492,3570.1004255902953,120,4.1906023,4.0478096,-0.1427927000000002,3570.1004255902953,120,0.8623112064203557,167.0,2.1557780160508893
304,0.0002053954088638,-3.710361611457264,4.1907992,4.0509601,4.163017545833333,30.710607238519053,3570.094425587449,120,4.1907992,4.0509601,-0.1398390999999996,3570.094425587449,120,0.8620907879686417,166.0,2.155226969921604
305,0.0002150996520279,-3.706366576289559,4.1906023,4.0476518,4.162283108333333,30.658945549062523,3570.076425589621,120,4.1906023,4.0476518,-0.1429505000000004,3570.076425589621,120,0.8608681636197917,165.0,2.152170409049479
306,0.0002024670769564,-3.4787636503771404,4.1906023,4.053441,4.162693655833333,28.44634852403692,3570.0684255859815,120,4.1906023,4.053441,-0.1371612999999998,3570.0684255859815,120,0.8604390608374567,164.0,2.151097652093642
307,0.0002142248437635,-3.753070091081883,4.1906419,4.0476913,4.162489833333334,31.115451765908453,3570.074425582774,120,4.1906419,4.0476913,-0.1429505999999998,3570.074425582774,120,0.8597055962473956,163.0,2.149263990618489
308,0.000209757334441,-3.577966247346399,4.190523600000001,4.0502906,4.162356295833334,29.38603681414901,3570.0764255872928,120,4.190523600000001,4.0502906,-0.1402330000000002,3570.0764255872928,120,0.8591278158025173,162.0,2.147819539506293
309,0.0002088192965199,-3.6116685763018306,4.1907601,4.0505662,4.162665105,29.70283792656467,3570.092425587587,120,4.1907601,4.0505662,-0.1401939000000007,3570.092425587587,120,0.8588687847363283,161.0,2.147171961840821
310,0.0002118367946328,-3.5404736443971956,4.1903663,4.0497389,4.162021859999999,29.01814067697294,3570.1084255874157,120,4.1903663,4.0497389,-0.1406273999999996,3570.1084255874157,120,0.8576809402274306,160.0,2.1442023505685763
311,0.000214356894508,-3.4513239093004167,4.190129799999999,4.0495028,4.16160147,28.099461214435607,3570.0837928652763,120,4.190129799999999,4.0495028,-0.1406269999999994,3570.0837928652763,120,0.8569388400899525,159.0,2.1423471002248813
312,0.0002132917089446,-3.5404624883196263,4.1903267,4.0491486000000005,4.161822665,29.024958849769156,3570.0672337496653,120,4.1903267,4.0491486000000005,-0.1411780999999994,3570.0672337496653,120,0.8569609037491324,158.0,2.142402259372831
313,0.0002151082725288,-3.5047741874761997,4.1901693,4.0487547,4.161578197500001,28.668224464757216,3570.0752336243168,120,4.1901693,4.0487547,-0.1414146,3570.0752336243168,120,0.8560722783274736,157.0,2.140180695818684
314,0.0002187755366082,-3.697369076405957,4.190248,4.0462737,4.161762944166667,30.524520288650564,3570.08723377157,120,4.190248,4.0462737,-0.1439743,3570.08723377157,120,0.8562786226086153,156.0,2.1406965565215383
315,0.0002125392268877,-3.522786238270113,4.1904845,4.0497389,4.162051079166667,28.847868746129336,3570.0752337211743,120,4.1904845,4.0497389,-0.1407455999999998,3570.0752337211743,120,0.8560750212094185,155.0,2.140187553023546
316,0.0002152094179478,-3.4811528996633196,4.1903267,4.0488334,4.161482699166667,28.457939340961367,3570.0752337453887,120,4.1903267,4.0488334,-0.1414932999999996,3570.0752337453887,120,0.8552937668608941,154.0,2.138234417152235
317,0.0002117545555993,-3.570846047163438,4.1904845,4.0496998,4.162193518333334,29.265716280991175,3570.071233710274,120,4.1904845,4.0496998,-0.1407847000000002,3570.071233710274,120,0.8556461756416013,153.0,2.1391154391040033
318,0.0002161380755312,-3.454179554421181,4.1900511,4.0486364,4.161258568333333,28.165258682786956,3570.085233764723,120,4.1900511,4.0486364,-0.1414146999999994,3570.085233764723,120,0.8543560276083986,152.0,2.1358900690209963
319,0.000216368667229,-3.4663417971674773,4.1901693,4.0487151,4.161517158333334,28.291556055176677,3570.0732337674126,120,4.1901693,4.0487151,-0.1414542,3570.0732337674126,120,0.8543168347956817,151.0,2.135792086989204
320,0.0002173461415233,-3.414233000840791,4.1903267,4.0487151,4.161247406666667,27.73719422512326,3570.0852337628603,120,4.1903267,4.0487151,-0.1416116,3570.0852337628603,120,0.8538023277898221,150.0,2.134505819474555
321,0.0002165226901041,-3.483360569285529,4.190248,4.0484395,4.1614685825,28.494719996525816,3570.087233648635,120,4.190248,4.0484395,-0.1418085000000006,3570.087233648635,120,0.8535691522901476,149.0,2.133922880725369
322,0.0002212197406534,-3.378975892507474,4.189893700000001,4.0476518,4.160847376666667,27.388689048047155,3570.0932337176055,120,4.189893700000001,4.0476518,-0.142241900000001,3570.0932337176055,120,0.8529210553849828,148.0,2.132302638462457
323,0.0002216445940028,-3.686589605447792,4.190248,4.0453677,4.1615306275,30.437150026984497,3570.0872337156907,120,4.190248,4.0453677,-0.1448803000000005,3570.0872337156907,120,0.8531084363539495,147.0,2.132771090884874
324,0.0002226819811365,-3.338273889986299,4.1900511,4.0474157,4.1606553900000005,27.06000040171823,3570.083233758807,120,4.1900511,4.0474157,-0.1426353999999996,3570.083233758807,120,0.8521458411871745,146.0,2.130364602967936
325,0.0002095997882682,-3.367862459381872,4.1901693,4.0514717000000005,4.161590681666667,27.33173815306207,3570.0712336385623,120,4.1901693,4.0514717000000005,-0.1386975999999995,3570.0712336385623,120,0.8527192750262584,145.0,2.131798187565646
326,0.0002246087746634,-3.576294671026304,4.1900907,4.045131700000001,4.161059343333333,29.340383461630267,3570.081233728677,120,4.1900907,4.045131700000001,-0.1449589999999991,3570.081233728677,120,0.8518138250572915,144.0,2.129534562643229
327,0.0002191989443924,-3.4474665191509763,4.1900907,4.0476913,4.161028505,28.080246964003734,3570.107233673334,120,4.1900907,4.0476913,-0.1423993999999995,3570.107233673334,120,0.8515271918996309,143.0,2.128817979749077
328,0.0002180964423328,-3.4654684817450536,4.190129799999999,4.0480456,4.161272319999999,28.26690829487097,3570.085233665071,120,4.190129799999999,4.0480456,-0.1420841999999993,3570.085233665071,120,0.851250007022353,142.0,2.1281250175558823
329,0.0002272603358663,-3.5303304658880323,4.1899328,4.0444226,4.1605779175,28.8583588612897,3570.0832336414605,120,4.1899328,4.0444226,-0.1455102000000003,3570.0832336414605,120,0.8502273587256948,141.0,2.125568396814237
330,0.0002200301887063,-3.440567610094831,4.190129799999999,4.0476518,4.161108241666667,27.97068844628967,3570.0772337680683,120,4.190129799999999,4.0476518,-0.1424779999999996,3570.0772337680683,120,0.8506342659301213,140.0,2.126585664825303
331,0.0002236154896512,-3.357207365212316,4.1897359,4.0468249,4.160434176666667,27.1892312729424,3570.0732337031513,120,4.1897359,4.0468249,-0.1429109999999998,3570.0732337031513,120,0.8497025227905821,139.0,2.1242563069764553
332,0.0002211677989251,-3.4130168190158177,4.189893700000001,4.0470614000000005,4.16062257,27.789168321816668,3570.081233739853,120,4.189893700000001,4.0470614000000005,-0.1428323000000002,3570.081233739853,120,0.8494766559597442,138.0,2.1236916398993606
333,0.0002370160454313,-3.6142338723657943,4.1896572,4.040878299999999,4.160230741666667,29.602442428036483,3570.099233655259,120,4.1896572,4.040878299999999,-0.1487789000000008,3570.099233655259,120,0.848901128019965,137.0,2.1222528200499124
334,0.0002209694510765,-3.4447816825724566,4.1899328,4.0471005,4.160883775,28.069015305564427,3570.091233637184,120,4.1899328,4.0471005,-0.1428323000000002,3570.091233637184,120,0.8490862706461588,136.0,2.122715676615397
335,0.0002274593207935,-3.300372859960113,4.1896968,4.0461555,4.1601687025,26.614823323351928,3570.0712336888537,120,4.1896968,4.0461555,-0.1435412999999998,3570.0712336888537,120,0.8481711636642796,135.0,2.120427909160699
336,0.000221416201259,-3.433752748322193,4.189815,4.0468645,4.16064946,27.951197414266503,3570.0692337658256,120,4.189815,4.0468645,-0.1429505000000004,3570.0692337658256,120,0.8486392809441184,134.0,2.121598202360296
337,0.0002252158482905,-3.3021981874532575,4.1896572,4.0465097000000005,4.160048901666667,26.719148494768454,3570.0732336258516,120,4.1896572,4.0465097000000005,-0.1431474999999995,3570.0732336258516,120,0.8477193068810764,133.0,2.119298267202691
338,0.0002301140699905,-3.541599913145032,4.1896572,4.0432415,4.160219915833333,28.957437134927297,3570.089233692735,120,4.1896572,4.0432415,-0.1464157000000003,3570.089233692735,120,0.8476141096443139,132.0,2.119035274110785
339,0.0002235092766332,-3.3627928349499587,4.1899724,4.0468249,4.1604860525000005,27.275100125472612,3570.0732337497175,120,4.1899724,4.0468249,-0.1431475000000004,3570.0732337497175,120,0.84739653276888,131.0,2.1184913319222
340,0.0002317251809261,-3.4837945685000817,4.1896572,4.0430837,4.1599307591666665,28.397199274705105,3570.081233697012,120,4.1896572,4.0430837,-0.1465734999999997,3570.081233697012,120,0.8465936692569445,130.0,2.116484173142361
341,0.0002243862317626,-3.408897673303138,4.1899328,4.0463128,4.160566759166667,27.6395352729216,3570.0752337248996,120,4.1899328,4.0463128,-0.1436200000000003,3570.0752337248996,120,0.8467448262454432,129.0,2.116862065613608
342,0.0002289045069072,-3.2884500406517736,4.1894603,4.0453286,4.159598336666667,26.51955335643961,3570.075233744458,120,4.1894603,4.0453286,-0.1441316999999999,3570.075233744458,120,0.8456257919395617,128.0,2.114064479848904
343,0.0002286838245018,-3.303805384613854,4.1894212,4.045289,4.159697779166667,26.714754460129647,3570.0672336844727,120,4.1894212,4.045289,-0.1441321999999996,3570.0672336844727,120,0.8454768847378477,127.0,2.113692211844619
344,0.0002314052655316,-3.2439194917377674,4.1894999,4.0450134,4.1594398083333335,26.06058527368419,3570.0792336864397,120,4.1894999,4.0450134,-0.1444865000000001,3570.0792336864397,120,0.8450440454679908,126.0,2.112610113669977
345,0.0002266216264562,-3.354349717661935,4.1896968,4.045564700000001,4.159946524166667,27.209024181883485,3570.0892336005345,120,4.1896968,4.045564700000001,-0.1441320999999993,3570.0892336005345,120,0.845029713652018,125.0,2.1125742841300448
346,0.0002309466556552,-3.2993207922699517,4.1891847,4.0445013,4.159395520833333,26.632665477037413,3570.0692337565124,120,4.1891847,4.0445013,-0.1446833999999999,3570.0692337565124,120,0.8443488472087672,124.0,2.110872118021918
347,0.0002245951074431,-3.126492025885817,4.1894603,4.047967,4.159612445833334,25.021014968343707,3570.0632336698472,120,4.1894603,4.047967,-0.1414933000000005,3570.0632336698472,120,0.8439360911379122,123.0,2.1098402278447805
348,0.0002308090449883,-3.3148580940759436,4.189539,4.0445013,4.159501554166667,26.76921398164088,3570.0752336271107,120,4.189539,4.0445013,-0.1450376999999996,3570.0752336271107,120,0.8436027510543621,122.0,2.109006877635905
349,0.0002310301671174,-3.2935248220468907,4.1893425,4.0444226,4.159301684166667,26.60072124867881,3570.0812337594107,120,4.1893425,4.0444226,-0.1449199000000005,3570.0812337594107,120,0.8431988301800123,121.0,2.107997075450031
351,0.0002385173144286,-3.42808140496124,4.1892242,4.041193499999999,4.159173711666666,27.82297248069763,3570.105233698152,120,4.1892242,4.041193499999999,-0.1480307000000005,3570.105233698152,120,0.8426998831780601,119.0,2.1067497079451503
352,0.0002402165660314,-3.4104254126279128,4.1891456,4.040642299999999,4.158883266666667,27.66764236097471,3570.079233710654,120,4.1891456,4.040642299999999,-0.1485033000000006,3570.079233710654,120,0.8418677847686633,118.0,2.104669461921658
353,0.000240653327192,-3.3941897134209413,4.1890664,4.040642299999999,4.1588166225,27.49285945598327,3570.091233663261,120,4.1890664,4.040642299999999,-0.1484241000000006,3570.091233663261,120,0.84153006691428,117.0,2.1038251672857
354,0.0002343630196478,-3.246707806293278,4.1889877,4.0436354,4.1588458500000005,26.11673157980983,3570.1012336052954,120,4.1889877,4.0436354,-0.1453522999999998,3570.1012336052954,120,0.8411118373661021,116.0,2.102779593415255
355,0.0002356005624475,-3.250875882254892,4.189106,4.0432019,4.158759864166667,26.160510524008515,3570.0872337035835,120,4.189106,4.0432019,-0.1459041000000001,3570.0872337035835,120,0.8406171635327688,115.0,2.101542908831922
356,0.0002359830412048,-3.245132399871278,4.1889877,4.0430837,4.158664051666666,26.09130758464681,3570.07723371312,120,4.1889877,4.0430837,-0.1459039999999998,3570.07723371312,120,0.8402625901406248,114.0,2.100656475351562
357,0.0002357995303723,-3.228902321917179,4.1889091,4.0432415,4.1586253300000005,25.94507758218287,3570.065233689733,120,4.1889091,4.0432415,-0.1456676000000003,3570.065233689733,120,0.8400937343655596,113.0,2.100234335913899
358,0.0002348841059047,-3.2614429670014364,4.18887,4.0432415,4.158721800833334,26.254500568616976,3570.057233761996,120,4.18887,4.0432415,-0.1456284999999999,3570.057233761996,120,0.8399844019047302,112.0,2.0999610047618256
359,0.0002370227426534,-3.228586131016134,4.1887517,4.042769,4.1584428608333335,25.935362423808648,3570.0652337633073,120,4.1887517,4.042769,-0.1459827000000002,3570.0652337633073,120,0.8395299685877825,111.0,2.0988249214694563
360,0.0002317280214436,-3.030245636062345,4.18887,4.0458798,4.158305364166667,24.117197725132225,3570.0672337263823,120,4.18887,4.0458798,-0.1429901999999998,3570.0672337263823,120,0.8388800549560544,110.0,2.097200137390136
361,0.0002378206338872,-3.2034471872725754,4.1887517,4.0426898,4.158298128333333,25.688286532649677,3570.06323364377,120,4.1887517,4.0426898,-0.1460619000000003,3570.06323364377,120,0.8385027453898657,109.0,2.096256863474664
362,0.0002396647271344,-3.132393962791894,4.1889091,4.0427294,4.158116326666667,25.070855278558213,3570.0912337340415,120,4.1889091,4.0427294,-0.1461797000000002,3570.0912337340415,120,0.8387560184407548,108.0,2.096890046101887
363,0.0002402896349032,-3.1361307219024885,4.1887517,4.0426111,4.158106478333334,25.02311531615998,3570.0932337036356,120,4.1887517,4.0426111,-0.1461405999999998,3570.0932337036356,120,0.8383779054980476,107.0,2.095944763745119
364,0.000238578906804,-3.173294441975029,4.1888304,4.0427294,4.158255824166667,25.442233721761596,3570.0872336514294,120,4.1888304,4.0427294,-0.1461009999999998,3570.0872336514294,120,0.8382555161840275,106.0,2.0956387904600686
365,0.000248112720795,-3.251020031451902,4.1885152,4.0391064,4.157606029166667,26.067235648097515,3570.1052337745205,120,4.1885152,4.0391064,-0.1494088000000006,3570.1052337745205,120,0.8374777221573348,105.0,2.093694305393337
366,0.000244958290961,-3.3412325617224794,4.1887908,4.039382,4.1581143675000005,27.017128797603633,3570.0952337644994,120,4.1887908,4.039382,-0.1494087999999998,3570.0952337644994,120,0.8376095532588979,104.0,2.0940238831472446
367,0.0002506532548796,-3.209337228143495,4.1885548,4.0387912,4.1574960925,25.695172338247843,3570.105233738199,120,4.1885548,4.0387912,-0.1497636,3570.105233738199,120,0.8371467161100259,103.0,2.092866790275065
368,0.0002469176158944,-3.579136654343169,4.1888304,4.0370193,4.158532121666667,29.29560962251843,3570.101233739406,120,4.1888304,4.0370193,-0.1518110999999997,3570.101233739406,120,0.8376173422668194,102.0,2.0940433556670484
369,0.0002484866636983,-3.238194569263635,4.1887121,4.0392246,4.157728418333333,25.990031971679265,3570.1052336106077,120,4.1887121,4.0392246,-0.1494875000000002,3570.1052336106077,120,0.8364044612070316,101.0,2.091011153017579
370,0.0002401411759469,-3.1941686292136,4.1885548,4.0419416,4.158009999166667,25.590969709899458,3570.0892336070538,120,4.1885548,4.0419416,-0.1466132,3570.0892336070538,120,0.8365057685237625,100.0,2.0912644213094063
371,0.0002418581397873,-3.100167102712237,4.1887121,4.0421386,4.157711350833334,24.759408180928578,3570.107233765535,120,4.1887121,4.0421386,-0.1465734999999997,3570.107233765535,120,0.8360741827663848,99.0,2.090185456915962
372,0.0002529893163409,-3.4502826568435507,4.1883578,4.0357985,4.1575072575,28.015272640111164,3570.1212337324396,120,4.1883578,4.0357985,-0.1525593,3570.1212337324396,120,0.8356894966103521,98.0,2.0892237415258803
373,0.0002560864363996,-3.645910305332912,4.1887908,4.0338688,4.158222324166667,29.89930684984978,3570.107233643532,120,4.1887908,4.0338688,-0.154922,3570.107233643532,120,0.8357041592368709,97.0,2.0892603980921773
374,0.0002424694365224,-3.142536620579136,4.1883578,4.0417056,4.157775044999999,25.06655012173779,3570.0712336301804,120,4.1883578,4.0417056,-0.1466522000000001,3570.0712336301804,120,0.8346000185602213,96.0,2.086500046400553
375,0.0002362591987335,-2.9899527825509504,4.1886334000000005,4.0448561000000005,4.157891865,23.67046646738492,3570.0592337548733,120,4.1886334000000005,4.0448561000000005,-0.1437773,3570.0592337548733,120,0.834633130896918,95.0,2.086582827242295
376,0.000243663447851,-3.1129655581527125,4.1883183,4.04143,4.157458990833333,24.768683663658877,3570.075233639218,120,4.1883183,4.04143,-0.1468882999999996,3570.075233639218,120,0.8338010639125436,94.0,2.084502659781359
377,0.0002439737352198,-3.1447724417875325,4.1883969,4.0410361,4.1575433375,25.145917417550464,3570.0712337605655,120,4.1883969,4.0410361,-0.1473607999999995,3570.0712337605655,120,0.8337616994067923,93.0,2.084404248516981
378,0.0002477075839111,-3.06525207857582,4.1882792,4.0405636,4.157044539166667,24.314905250483868,3570.061233752407,120,4.1882792,4.0405636,-0.1477156000000006,3570.061233752407,120,0.833190831077582,92.0,2.082977077693955
379,0.0002358322049085,-3.003779140014425,4.1882396,4.0445013,4.1576470525,23.871779073927883,3570.053233705461,120,4.1882396,4.0445013,-0.1437382999999998,3570.053233705461,120,0.8333409358787973,91.0,2.0833523396969933
380,0.0002438420456233,-2.8403928656121047,4.1881609,4.0435958,4.156830238333333,22.294240830624936,3570.0472337594256,120,4.1881609,4.0435958,-0.1445650999999994,3570.0472337594256,120,0.8323510913209636,90.0,2.080877728302409
381,0.0002371241569107,-3.013787068414877,4.1883969,4.0441866,4.1576857825,23.90311437503999,3570.047233708203,120,4.1883969,4.0441866,-0.1442103000000001,3570.047233708203,120,0.8329822523170574,89.0,2.0824556307926434
382,0.0002404530102898,-2.903305337370796,4.1883969,4.044147,4.15731888,22.923343112293907,3570.04723367095,120,4.1883969,4.044147,-0.1442499000000001,3570.04723367095,120,0.8323058296195744,88.0,2.080764574048936
383,0.0002456560425325,-3.11873390867461,4.1881213,4.0405636,4.15717054,24.867962911877385,3570.0592337576672,120,4.1881213,4.0405636,-0.1475577000000001,3570.0592337576672,120,0.8320345342918836,87.0,2.080086335729709
384,0.0002374626306272,-2.970236316993512,4.1884365,4.044343899999999,4.157515768333334,23.547479050361176,3570.0552336648107,120,4.1884365,4.044343899999999,-0.1440926000000004,3570.0552336648107,120,0.8320078589951173,86.0,2.080019647487793
385,0.0002398850457323,-2.929949484419255,4.1881213,4.0438318,4.157076358333334,23.095283971593517,3570.0492337513715,120,4.1881213,4.0438318,-0.1442894999999993,3570.0492337513715,120,0.8309439038543831,85.0,2.0773597596359576
386,0.0002413552751303,-2.934968305818972,4.1882396,4.0435171,4.157159058333333,23.135204083177463,3570.0472336700186,120,4.1882396,4.0435171,-0.1447225000000003,3570.0472336700186,120,0.8308936087999136,84.0,2.077234021999784
387,0.0002439908551246,-2.8627614222677744,4.187964,4.0431623,4.156639246666667,22.467460089790237,3570.049233741127,120,4.187964,4.0431623,-0.1448017000000003,3570.049233741127,120,0.8300609045422096,83.0,2.075152261355524
388,0.0002409638906656,-2.954348948899151,4.1883183,4.0433593,4.157190226666667,23.39061220357287,3570.045233747922,120,4.1883183,4.0433593,-0.144959,3570.045233747922,120,0.8303473106357421,82.0,2.0758682765893552
389,0.0002462390428271,-2.848813823058708,4.1879244,4.0426111,4.156416733333334,22.300571135741713,3570.049233675003,120,4.1879244,4.0426111,-0.1453132999999997,3570.049233675003,120,0.8295334676493052,81.0,2.073833669123263
390,0.0002385039781315,-2.998594067939459,4.1881609,4.0436354,4.1573122908333335,23.769822655736014,3570.0472336933017,120,4.1881609,4.0436354,-0.1445254999999994,3570.0472336933017,120,0.8303439532188588,80.0,2.075859883047147
391,0.0002484659363372,-2.78764662287604,4.1878853,4.0422568,4.1560058799999995,21.837781332878315,3570.0512337554246,120,4.1878853,4.0422568,-0.1456284999999999,3570.0512337554246,120,0.828689976223524,79.0,2.07172494055881
392,0.0002412794606134,-2.9629899341240744,4.1882005,4.0430837,4.157035361666667,23.42971610816037,3570.049233767204,120,4.1882005,4.0430837,-0.1451167999999993,3570.049233767204,120,0.8291706370707465,78.0,2.072926592676866
393,0.0002414960074283,-2.922200128528331,4.1882396,4.043398900000001,4.156995970833334,23.077586705707027,3570.053233757615,120,4.1882396,4.043398900000001,-0.1448406999999996,3570.053233757615,120,0.8288056990639104,77.0,2.072014247659776
394,0.0002438676986504,-2.9465927611707765,4.187964,4.0423355,4.156687160000001,23.240698663529805,3570.047233754769,120,4.187964,4.0423355,-0.1456284999999999,3570.047233754769,120,0.8276954089416227,76.0,2.069238522354057
395,0.0002468553827717,-2.85374012941857,4.1876884,4.0420995,4.1561509275,22.39328835168667,3570.055233723484,120,4.1876884,4.0420995,-0.1455888999999999,3570.055233723484,120,0.8269680360302731,75.0,2.0674200900756827
396,0.0002459741729199,-2.896073885578603,4.1880426,4.0420599,4.156434791666666,22.84404973375728,3570.0552337169647,120,4.1880426,4.0420599,-0.1459827000000002,3570.0552337169647,120,0.8273274850811634,74.0,2.0683187127029083
397,0.0002486834447292,-2.820406950404702,4.1876097,4.0417056,4.155827035833334,22.103542798332676,3570.0552336648107,120,4.1876097,4.0417056,-0.1459041000000001,3570.0552336648107,120,0.8262570462987195,73.0,2.065642615746799
398,0.0002442794769032,-2.928494822252388,4.1877279000000005,4.0422568,4.156514240000001,23.07649029160865,3570.0512336716056,120,4.1877279000000005,4.0422568,-0.1454711000000008,3570.0512336716056,120,0.8269052292794056,72.0,2.067263073198514
399,0.0002454493118314,-2.861974924861564,4.1880426,4.0426111,4.1564538141666665,22.49505123534874,3570.059233734384,120,4.1880426,4.0426111,-0.1454314999999999,3570.059233734384,120,0.82657777064898,71.0,2.06644442662245
400,9.345906700652208e-05,-1.4556345220365476,4.1874127,4.104989499999999,4.164788669166667,11.329879979133132,3570.051233733073,120,4.1874127,4.104989499999999,-0.0824232000000009,3570.051233733073,120,0.8441477930971135,70.0,2.110369482742784
401,0.0002668419724545,-3.3531960170122437,4.1875701,4.0319786,4.155919245000001,27.01858169854041,3570.0992337660864,120,4.1875701,4.0319786,-0.1555914999999998,3570.0992337660864,120,0.8299670964455291,69.0,2.074917741113823
402,0.0002608669230082,-2.919293040455391,4.187531,4.0373735,4.155334760833333,22.97551806639396,3570.0892336005345,120,4.187531,4.0373735,-0.1501574999999997,3570.0892336005345,120,0.8276558876483289,68.0,2.0691397191208223
403,0.000252202174945,-3.117068699230949,4.1879244,4.0383582,4.156440661666667,24.801892732643942,3570.091233688406,120,4.1879244,4.0383582,-0.1495661999999997,3570.091233688406,120,0.8275784772152776,67.0,2.068946193038194
404,0.0002544193086547,-3.0413816784532166,4.1876488,4.0383582,4.156153545833333,24.090682940048495,3570.095233653672,120,4.1876488,4.0383582,-0.1492905999999996,3570.095233653672,120,0.8264610608836804,66.0,2.066152652209201
405,0.0002574749198758,-3.003747786462005,4.1872549,4.0373344,4.15542009,23.731495985030136,3570.101233586669,120,4.1872549,4.0373344,-0.1499205000000003,3570.101233586669,120,0.8251512318499348,65.0,2.062878079624837
406,0.0002528785007752,-3.1176096833448006,4.1878457,4.03824,4.15644463,24.76357316890806,3570.0912336818874,120,4.1878457,4.03824,-0.1496056999999995,3570.0912336818874,120,0.8254797891579869,64.0,2.0636994728949674
407,0.0002570099915299,-2.9930790565633076,4.1874518,4.0376492,4.1555047625,23.629140719303862,3570.093233592808,120,4.1874518,4.0376492,-0.1498026000000001,3570.093233592808,120,0.8238048283950741,63.0,2.0595120709876853
408,0.0002532199088135,-2.79889775280514,4.1874127,4.0404849,4.155347564166667,21.855919213254815,3570.065233727917,120,4.1874127,4.0404849,-0.1469278000000002,3570.065233727917,120,0.8231287070694446,62.0,2.0578217676736115
409,0.0002590544401541,-3.023148023232126,4.1870975,4.0366254,4.1552825675,23.91386710044582,3570.067233757116,120,4.1870975,4.0366254,-0.1504721,3570.067233757116,120,0.8224403520852863,61.0,2.056100880213216
410,0.0002550615680069,-2.810269502556962,4.1872945,4.0396972,4.155106375,21.95991892933595,3570.0672336556017,120,4.1872945,4.0396972,-0.1475973000000001,3570.0672336556017,120,0.821764138434245,60.0,2.0544103460856125
411,0.0002535602303901,-2.8573581863725286,4.1872945,4.0396576,4.155272085833333,22.41027204945702,3570.0652336478233,120,4.1872945,4.0396576,-0.1476369000000001,3570.0652336478233,120,0.8213893190681425,59.0,2.053473297670356
412,0.0002605591616993,-3.009453316929139,4.1872945,4.0364285,4.155270453333333,23.77575494568758,3570.0772336237133,120,4.1872945,4.0364285,-0.1508659999999997,3570.0772336237133,120,0.8209497968965929,58.0,2.052374492241482
413,0.0002601819794013,-3.001471848674353,4.1873341,4.0366254,4.155276009166666,23.6826824521329,3570.0692337425426,120,4.1873341,4.0366254,-0.1507087,3570.0692337425426,120,0.8206574036832679,57.0,2.0516435092081697
414,0.0002604001410779,-3.0128929658868913,4.1872158,4.0363498,4.155217615833333,23.832482624548355,3570.065233753994,120,4.1872158,4.0363498,-0.1508659999999997,3570.065233753994,120,0.8202133580536021,56.0,2.0505333951340052
415,0.0002547025437516,-2.8495250140977975,4.1870975,4.039382,4.155141821666667,22.311127176298243,3570.0572336539626,120,4.1870975,4.039382,-0.1477155000000003,3570.0572336539626,120,0.8197687505251732,55.0,2.049421876312933
416,0.000254906745546,-2.83198251061217,4.187373200000001,4.0394216,4.155096855833333,22.214702229614105,3570.0612336844206,120,4.187373200000001,4.0394216,-0.1479516000000007,3570.0612336844206,120,0.8195190167909068,54.0,2.048797541977267
417,0.0002557043149369,-2.8405623569291194,4.1870189,4.0391459,4.155033849166667,22.230051093977785,3570.0612336471677,120,4.1870189,4.0391459,-0.1478729999999997,3570.0612336471677,120,0.8191744158559027,53.0,2.047936039639757
418,0.0002614569030794,-3.0121503077313516,4.1870975,4.035877200000001,4.154964600833334,23.814587109693345,3570.0672337561846,120,4.1870975,4.035877200000001,-0.1512202999999994,3570.0672337561846,120,0.8188483487735458,52.0,2.0471208719338647
419,0.0002632818688396,-2.9785553018664905,4.1867824,4.0355229,4.1546384075,23.483056322726085,3570.0652336478233,120,4.1867824,4.0355229,-0.1512595000000001,3570.0652336478233,120,0.8182384186648219,51.0,2.045596046662055
420,0.0002618519656726,-3.005122199575541,4.1870189,4.035759,4.154852690833334,23.742059548268692,3570.073233742267,120,4.1870189,4.035759,-0.1512599000000003,3570.073233742267,120,0.8179632966736113,50.0,2.0449082416840283
421,0.0002656863831699,-2.9276348342839613,4.1867433,4.0350108,4.1541185675,23.029678120508706,3570.057233756408,120,4.1867433,4.0350108,-0.1517324999999996,3570.057233756408,120,0.8171818435290792,49.0,2.042954608822698
422,0.0002580647656108,-2.813525466299547,4.1869006,4.0383582,4.154497606666666,22.005417352268395,3570.0612337626517,120,4.1869006,4.0383582,-0.1485424000000001,3570.0612337626517,120,0.8170941998432071,48.0,2.0427354996080176
423,0.000259690188409,-2.7798450067323186,4.1867433,4.0383186,4.154418541666667,21.67422414478481,3570.06323364377,120,4.1867433,4.0383186,-0.1484246999999996,3570.06323364377,120,0.8167258052288412,47.0,2.041814513072103
424,0.0002590326735847,-2.812708918061644,4.186703700000001,4.0382009,4.15451401,21.96344523355599,3570.061233755201,120,4.186703700000001,4.0382009,-0.148502800000001,3570.061233755201,120,0.81670773884158,46.0,2.04176934710395
425,0.0002582423813904,-2.8207547607777412,4.1869006,4.0383582,4.1545852475,22.037862162415692,3570.0692336931825,120,4.1869006,4.0383582,-0.1485424000000001,3570.0692336931825,120,0.8163467977719187,45.0,2.040866994429797
426,0.0002596790393358,-2.821319939434143,4.1866646,4.0380039,4.154516980833334,22.00265619259836,3570.059233756736,120,4.1866646,4.0380039,-0.1486607000000006,3570.059233756736,120,0.8163195290646705,44.0,2.040798822661676
427,0.000259140934037,-2.793558898199406,4.1868219,4.038397799999999,4.154541265833333,21.807508883268405,3570.0592337269336,120,4.1868219,4.038397799999999,-0.1484241000000006,3570.0592337269336,120,0.8164381459963108,43.0,2.041095364990777
428,0.0002659278003083,-2.931781896492292,4.1865463,4.0351682,4.154297740833333,22.992165643361822,3570.067233674228,120,4.1865463,4.0351682,-0.1513780999999996,3570.067233674228,120,0.815723377142578,42.0,2.039308442856445
429,0.0002578744878429,-2.8189185500741107,4.1869402,4.038397799999999,4.1545852175,22.07953937981333,3570.0592336980626,120,4.1869402,4.038397799999999,-0.1485424000000001,3570.0592336980626,120,0.8156650115653212,41.0,2.039162528913303
430,0.0002715805327421,-2.8713538240097565,4.186389,4.0339475,4.153620435,22.40690400168384,3570.063233767636,120,4.186389,4.0339475,-0.1524415000000001,3570.063233767636,120,0.8147551020128037,40.0,2.036887755032009
431,0.0002589318562681,-2.7897432225987537,4.1867433,4.0380826,4.15420159,21.837685009517912,3570.0552336554974,120,4.1867433,4.0380826,-0.1486606999999997,3570.0552336554974,120,0.8151932852807077,39.0,2.0379832132017692
432,0.0002745663088935,-2.809354613836174,4.1861129,4.0333962,4.153099255833333,21.922778472549275,3570.063233706169,120,4.1861129,4.0333962,-0.1527167,3570.063233706169,120,0.8137012166345483,38.0,2.034253041586371
433,0.0002568537637221,-2.855530423689038,4.1865463,4.0381217000000005,4.154437890833334,22.371471753750676,3570.053233668208,120,4.1865463,4.0381217000000005,-0.1484245999999993,3570.053233668208,120,0.8146705288652342,37.0,2.0366763221630855
434,0.0002617512726462,-2.7295706232925054,4.1866646,4.0380039,4.154020431666667,21.24857083216137,3570.0572337405756,120,4.1866646,4.0380039,-0.1486607000000006,3570.0572337405756,120,0.813933227040582,36.0,2.034833067601455
435,0.0002610111410471,-2.801955608795602,4.1864281000000005,4.0372949,4.1539315058333335,21.870666703248055,3570.0612337645143,120,4.1864281000000005,4.0372949,-0.1491332000000005,3570.0612337645143,120,0.8133111773447259,35.0,2.033277943361815
436,0.0002585552021796,-2.807039998896764,4.1867824,4.0382795,4.154433606666666,21.927721980724783,3570.05923375953,120,4.1867824,4.0382795,-0.1485029000000004,3570.05923375953,120,0.8135531709100473,34.0,2.033882927275118
437,0.0002615335940789,-2.7713940780819186,4.1865463,4.0376101,4.153997134999999,21.573607746208495,3570.0512337526307,120,4.1865463,4.0376101,-0.1489361999999996,3570.0512337526307,120,0.8125259113936636,33.0,2.031314778484159
438,0.0002621403541481,-2.8060741629138612,4.1865859,4.0373344,4.15422982,21.86487977393289,3570.0592337520793,120,4.1865859,4.0373344,-0.1492515000000001,3570.0592337520793,120,0.8125884394657111,32.0,2.031471098664278
439,0.0002641864123282,-2.7308363820690578,4.1862311000000005,4.0370588,4.153534436666666,21.178576842882443,3570.064128011465,120,4.1862311000000005,4.0370588,-0.1491723000000009,3570.064128011465,120,0.8116659629558377,31.0,2.0291649073895943
440,0.000261905329372,-2.800039058263581,4.1865463,4.0369797,4.153829803333333,21.88150032921251,3570.0641278885305,120,4.1865463,4.0369797,-0.1495666,3570.0641278885305,120,0.8119598287237413,30.0,2.029899571809353
441,0.0002696780917964,-2.669161359317167,4.1861525,4.0359955,4.152959149166667,20.63019725147167,3570.068127825856,120,4.1861525,4.0359955,-0.1501570000000001,3570.068127825856,120,0.8108233613321401,29.0,2.0270584033303503
442,0.0002610615039845,-2.8127559546859353,4.1864281000000005,4.0370193,4.153842245,22.01460900545387,3570.068127892911,120,4.1864281000000005,4.0370193,-0.1494088000000006,3570.068127892911,120,0.8114260308198789,28.0,2.0285650770496972
443,0.0002715818588409,-2.6121166114312557,4.1859164,4.0356803,4.152485905000001,20.214653536914668,3570.0641278885305,120,4.1859164,4.0356803,-0.1502360999999998,3570.0641278885305,120,0.8098559696820743,27.0,2.024639924205186
444,0.0002612146609625,-2.8198739569617848,4.1861525,4.0370588,4.1538927716666665,21.98263437152876,3570.0681280195713,120,4.1861525,4.0370588,-0.1490937000000007,3570.0681280195713,120,0.8110623177145184,26.0,2.027655794286296
445,0.0002641498732272,-2.734676559917841,4.1862311000000005,4.0369406,4.153512119166667,21.265307348317805,3570.0641279974952,120,4.1862311000000005,4.0369406,-0.1492905000000002,3570.0641279974952,120,0.8103490215380861,25.0,2.025872553845215
446,0.0002646669059764,-2.7510871072133334,4.185758600000001,4.0363102,4.153169508333334,21.40057560593319,3570.064127996564,120,4.185758600000001,4.0363102,-0.1494484000000007,3570.064127996564,120,0.8099016611315104,24.0,2.024754152828776
447,0.0002626689661418,-2.807801915020563,4.186389,4.0367436,4.153767781666667,21.87758731923268,3570.062127880752,120,4.186389,4.0367436,-0.1496453999999998,3570.062127880752,120,0.810141433011285,23.0,2.0253535825282127
448,0.0002669954876697,-2.722287961040477,4.1859164,4.035877200000001,4.152903701666667,21.133171610571083,3570.0641280123964,120,4.1859164,4.035877200000001,-0.1500391999999992,3570.0641280123964,120,0.8087250168923612,22.0,2.021812542230903
449,0.0002659572953382,-2.7553295658750137,4.186192,4.0360346,4.153259741666667,21.464867677496485,3570.0661278776824,120,4.186192,4.0360346,-0.1501574000000003,3570.0661278776824,120,0.8090343093447269,21.0,2.022585773361817
451,0.0002715306630491,-2.68485307574684,4.1857195,4.035207700000001,4.152700561666666,20.719302842009306,3570.064127996564,120,4.1857195,4.035207700000001,-0.1505117999999994,3570.064127996564,120,0.8083514254355467,19.0,2.020878563588867
452,0.0002635694458648,-2.80856993829683,4.186192,4.0362315,4.153506536666667,21.921381377936015,3570.062127817422,120,4.186192,4.0362315,-0.1499604999999997,3570.062127817422,120,0.8086654926044925,18.0,2.0216637315112314
453,0.000270121526533,-2.6613763166080484,4.1856799,4.0355620000000005,4.152588295,20.609915820118324,3570.058127813041,120,4.1856799,4.0355620000000005,-0.1501178999999997,3570.058127813041,120,0.8073856909766711,17.0,2.0184642274416777
454,0.0002670783823518,-2.7533864678558566,4.1856403,4.0354443,4.1528501958333335,21.411115077202204,3570.0601277947426,120,4.1856403,4.0354443,-0.1501960000000002,3570.0601277947426,120,0.8071728928913847,16.0,2.017932232228462
455,0.0002666943692868,-2.7654040270712565,4.1861525,4.0358377,4.1532955225,21.519028781842714,3570.0661279996857,120,4.1861525,4.0358377,-0.1503148000000003,3570.0661279996857,120,0.8072768701832684,15.0,2.018192175458171
456,0.0002611942533267,-2.881208882032672,4.186270700000001,4.0362315,4.153792684166667,22.586913324405863,3570.0681280195713,120,4.186270700000001,4.0362315,-0.1500392000000001,3570.0681280195713,120,0.807311332883464,14.0,2.01827833220866
457,0.0002703451129012,-2.7242349253693443,4.1856799,4.0346956,4.152457714166667,21.129780018182934,3570.06612778455,120,4.1856799,4.0346956,-0.1509843000000001,3570.06612778455,120,0.8056462417399091,13.0,2.0141156043497728
458,0.000271365957324,-2.713952856265505,4.1854439,4.0343809,4.152248001666667,21.04107330358315,3570.0621278323233,120,4.1854439,4.0343809,-0.1510629999999997,3570.0621278323233,120,0.8047843315849608,12.0,2.011960828962402
459,0.0002697254312206,-2.6896333706432545,4.185798200000001,4.035207700000001,4.152496435833333,20.8781745316857,3570.0661280080676,120,4.185798200000001,4.035207700000001,-0.1505904999999998,3570.0661280080676,120,0.8056432882141928,11.0,2.014108220535482
460,0.0002706428736332,-2.725119824106681,4.185601200000001,4.0343809,4.152242098333334,21.16182480626732,3570.062127843499,120,4.185601200000001,4.0343809,-0.1512203000000003,3570.062127843499,120,0.8049757108657769,10.0,2.012439277164442
461,0.0002693014358241,-2.739471012853406,4.1858373,4.0350504,4.1527474875,21.255729328621868,3570.068127871491,120,4.1858373,4.0350504,-0.1507868999999999,3570.068127871491,120,0.8049114305746533,9.0,2.0122785764366333
462,0.0002716802215353,-2.7008701371687573,4.1854830000000005,4.0343809,4.152150888333334,20.916230243421417,3570.070127811283,120,4.1854830000000005,4.0343809,-0.1511021000000001,3570.070127811283,120,0.8035856432738717,8.0,2.008964108184679
463,0.0002695531385165,-2.755817565730734,4.1856403,4.0348926,4.152822965,21.386487454108774,3570.062127877027,120,4.1856403,4.0348926,-0.1507477000000001,3570.062127877027,120,0.804337535451064,7.0,2.01084383862766
464,0.0002728087073091,-2.691779601351134,4.1852469,4.0342627,4.152102623333334,20.77386177438127,3570.0641277814284,120,4.1852469,4.0342627,-0.1509841999999999,3570.0641277814284,120,0.803229699034288,6.0,2.00807424758572
465,0.0002709399755327,-2.743947715091681,4.1855226000000005,4.0341053,4.1522847725,21.359359969684448,3570.0681278211996,120,4.1855226000000005,4.0341053,-0.1514173000000003,3570.0681278211996,120,0.8033304203924695,5.0,2.008326050981174
466,0.000277242256212,-2.6466565047046684,4.1850891,4.0334358,4.1516710791666664,20.35232208733489,3570.062128007412,120,4.1850891,4.0334358,-0.1516532999999995,3570.062128007412,120,0.8026063436085069,4.0,2.0065158590212673
467,0.0002684596230109,-2.7884036520032813,4.1854439,4.03442,4.152548625,21.74142352785178,3570.0621280083433,120,4.1854439,4.03442,-0.1510239000000002,3570.0621280083433,120,0.803135598246528,3.0,2.00783899561632
468,0.0002758190081056,-2.6364817404572163,4.1854043,4.0338292,4.151754115,20.36145027549875,3570.0621278248727,120,4.1854043,4.0338292,-0.1515751000000005,3570.0621278248727,120,0.8019872215321181,2.0,2.004968053830295
469,0.000278816441829,-2.9134363923760387,4.1852074,4.030245799999999,4.152014684166667,22.820465629086883,3570.086128041148,120,4.1852074,4.030245799999999,-0.1549616000000009,3570.086128041148,120,0.8019512675929905,1.0,2.004878168982476
470,0.0002843769651814,-3.0408409276871717,4.1856799,4.0279226,4.152355326666667,23.993794658843576,3570.0881278524175,120,4.1856799,4.0279226,-0.1577573000000001,3570.0881278524175,120,0.8020256122466364,0.0,2.005064030616591
471,0.0002783097813367,-2.8935312232178942,4.1850891,4.0306396,4.152049463333333,22.618011726970096,3570.092128067278,120,4.1850891,4.0306396,-0.1544495000000001,3570.092128067278,120,0.8012929107609592,-1.0,2.003232276902398
472,0.0002790038078983,-2.9050591883989307,4.185286,4.0304427,4.152127879166667,22.71468088246386,3570.076128035784,120,4.185286,4.0304427,-0.1548432999999995,3570.076128035784,120,0.8013591835205084,-2.0,2.003397958801271
473,0.0002817924219764,-2.822650949068633,4.184970900000001,4.0301671,4.151492245833333,21.960939077504683,3570.096128001809,120,4.184970900000001,4.0301671,-0.1548038000000007,3570.096128001809,120,0.8001903810431858,-3.0,2.0004759526079647
474,0.0002869336226064,-3.0250893776321517,4.1852074,4.0270562000000005,4.151886694166667,23.861304054119103,3570.0901278704405,120,4.1852074,4.0270562000000005,-0.1581511999999998,3570.0901278704405,120,0.8003097760652128,-4.0,2.000774440163032
475,0.00028604734763,-2.818492578382906,4.1848922,4.0292611,4.1513714475,21.848929196718014,3570.092128052376,120,4.1848922,4.0292611,-0.1556310999999999,3570.092128052376,120,0.7997217412879777,-5.0,1.999304353219944
476,0.000283850996808,-3.098564532567157,4.1852469,4.0272532,4.1522260158333335,24.5372180424972,3570.1081278957427,120,4.1852469,4.0272532,-0.1579937000000004,3570.1081278957427,120,0.8003682725362417,-6.0,2.000920681340604
477,0.0002981494576055,-3.064707314811459,4.184970900000001,4.0234723,4.1511387925,24.19400206136481,3570.1141278203577,120,4.184970900000001,4.0234723,-0.1614986000000007,3570.1141278203577,120,0.7991081656985679,-7.0,1.99777041424642
478,0.0002743963666031,-2.72672556951707,4.1849318,4.0329237,4.151577906666667,21.13870621141477,3570.0721277901903,120,4.1849318,4.0329237,-0.1520081000000006,3570.0721277901903,120,0.79944087316862,-8.0,1.99860218292155
479,0.0002815426499634,-2.852797611327836,4.1851678,4.0299702,4.1516687775,22.29852078423968,3570.0781280249357,120,4.1851678,4.0299702,-0.1551976000000001,3570.0781280249357,120,0.7993066592195098,-9.0,1.9982666480487743
480,0.0002824158826505,-2.8600923229631228,4.184853100000001,4.0293794,4.151314358333334,22.33271269031203,3570.08412785735,120,4.184853100000001,4.0293794,-0.1554737000000008,3570.08412785735,120,0.7982007270821396,-10.0,1.995501817705349
481,0.0002804055536801,-2.9194317998828794,4.1854439,4.0300097,4.1521600475,22.84067322695214,3570.0901280492544,120,4.1854439,4.0300097,-0.1554342000000002,3570.0901280492544,120,0.79879599974056,-11.0,1.9969899993514
482,0.000283270597606,-2.84138834435374,4.184813500000001,4.0296159,4.151443645833334,22.097323160172216,3570.09212784376,120,4.184813500000001,4.0296159,-0.155197600000001,3570.09212784376,120,0.7975930269863281,-12.0,1.99398256746582
483,0.0002820119068328,-2.8873021313201885,4.1852074,4.0294189,4.151597258333334,22.592195980255102,3570.078128023073,120,4.1852074,4.0294189,-0.1557885000000007,3570.078128023073,120,0.7977641562162541,-13.0,1.9944103905406352
484,0.0002954871887701,-2.937696440299912,4.1846166,4.0252051,4.150721033333333,22.927138556008025,3570.110127824358,120,4.1846166,4.0252051,-0.1594115,3570.110127824358,120,0.7966890856063363,-14.0,1.991722714015841
485,0.0002802791074259,-2.944368113428434,4.184853100000001,4.0293007,4.151732808333334,23.094176952088624,3570.0901279747486,120,4.184853100000001,4.0293007,-0.1555524000000003,3570.0901279747486,120,0.7975787481881512,-15.0,1.993946870470378
486,0.0002882104184482,-2.765249046109072,4.1845379000000005,4.0285916,4.150640625,21.4656451487875,3570.09212789312,120,4.1845379000000005,4.0285916,-0.1559463000000001,3570.09212789312,120,0.7960802700116104,-16.0,1.990200675029026
487,0.0002817462026315,-2.918107449238661,4.1848922,4.0290647,4.151491573333334,22.83319996882318,3570.0841278107837,120,4.1848922,4.0290647,-0.1558275,3570.0841278107837,120,0.7965339865111765,-17.0,1.9913349662779412
488,0.0002837609421782,-2.8520212553542597,4.1850104,4.0293007,4.151412155,22.24262299384609,3570.084128037095,120,4.1850104,4.0293007,-0.1557097,3570.084128037095,120,0.7962813506083988,-18.0,1.990703376520997
489,0.0002790926971054,-2.6763244933646857,4.1845379000000005,4.0318604,4.15089168,20.65728861410584,3570.070128007792,120,4.1845379000000005,4.0318604,-0.1526775000000002,3570.070128007792,120,0.7952609605621743,-19.0,1.988152401405436
490,0.0002772134077914,-2.718515343632733,4.18505,4.0323725,4.1515066633333335,21.036619745927553,3570.0721280127764,120,4.18505,4.0323725,-0.1526775000000002,3570.0721280127764,120,0.7960504597643232,-20.0,1.990126149410808
491,0.0002746273101675,-2.769338061610066,4.1849318,4.0324116000000005,4.1515788625,21.48892316060828,3570.078128039837,120,4.1849318,4.0324116000000005,-0.1525201999999996,3570.078128039837,120,0.7956408727375216,-21.0,1.989102181843804
492,0.0002853985947076,-2.8595545421868684,4.1845775000000005,4.028316,4.150869365,22.31094819206718,3570.09212795645,120,4.1845775000000005,4.028316,-0.1562615000000002,3570.09212795645,120,0.7947373986107855,-22.0,1.986843496526964
493,0.0002844369153096,-2.886209217027039,4.1845379000000005,4.0283556,4.1510068916666665,22.549693737753763,3570.09212789312,120,4.1845379000000005,4.0283556,-0.1561823000000002,3570.09212789312,120,0.7941111591628692,-23.0,1.985277897907173
494,0.0002849866334046,-2.8896401168578105,4.1845379000000005,4.0282769,4.151031812499999,22.53240925286417,3570.09212782979,120,4.1845379000000005,4.0282769,-0.1562610000000006,3570.09212782979,120,0.7936429628330072,-24.0,1.984107407082518
495,0.0002928102512229,-3.0374127700931046,4.1846166,4.0245752,4.150750583333333,23.91687977851192,3570.082128009759,120,4.1846166,4.0245752,-0.1600413999999999,3570.082128009759,120,0.7931895078666449,-25.0,1.982973769666612
496,0.0002944495648658,-2.9982067728439663,4.1844196,4.0245752,4.150648169999999,23.54737743198621,3570.102127822116,120,4.1844196,4.0245752,-0.1598443999999999,3570.102127822116,120,0.7930016934643012,-26.0,1.9825042336607528
497,0.0002852127708092,-2.880837745659805,4.1842227,4.02808,4.1508250858333335,22.48995696113833,3570.082128047943,120,4.1842227,4.02808,-0.1561427000000002,3570.082128047943,120,0.7928394901254341,-27.0,1.982098725313585
498,0.0002941123064778,-3.0085189032784356,4.1843014,4.0244174,4.150528071666667,23.63755711911454,3570.092127824202,120,4.1843014,4.0244174,-0.1598839999999999,3570.092127824202,120,0.7922557492097444,-28.0,1.980639373024361
499,0.0002886645200733,-2.8625132023697866,4.184341000000001,4.0273318,4.150579915,22.302010200859748,3570.0901278816164,120,4.184341000000001,4.0273318,-0.1570092000000009,3570.0901278816164,120,0.7919023631642792,-29.0,1.979755907910698
500,0.0001200805973925,-1.5196312284456666,4.1833959,4.0899072,4.158064170833333,11.552128173464274,3570.1121278358623,120,4.1833959,4.0899072,-0.0934886999999999,3570.1121278358623,120,0.8106658687156573,-30.0,2.0266646717891432
501,0.0002877326620933,-2.8922965404677075,4.1844983,4.0274105,4.150834929166667,22.60003877262664,3570.082127844915,120,4.1844983,4.0274105,-0.1570877999999993,3570.082127844915,120,0.7969907300668403,-31.0,1.9924768251671008
502,0.0002936393242532,-2.770291676942838,4.184144,4.0269771,4.1500998425,21.396501855311136,3570.0981280794367,120,4.184144,4.0269771,-0.1571669,3570.0981280794367,120,0.7947203295806208,-32.0,1.986800823951552
503,0.0002849967115966,-2.951405956990893,4.1843805,4.0275288,4.151019331666666,23.114825448314537,3570.086128055118,120,4.1843805,4.0275288,-0.1568516999999998,3570.086128055118,120,0.7943765626655824,-33.0,1.985941406663956
504,0.0002908078509723,-2.7966661647266764,4.1844196,4.0274105,4.150362329166667,21.728306559542112,3570.0921280682087,120,4.1844196,4.0274105,-0.1570090999999998,3570.0921280682087,120,0.7929307060871313,-34.0,1.982326765217828
505,0.0002889811453028,-2.891455245135282,4.1841836,4.026741,4.1503856458333335,22.557275261614876,3570.100127870217,120,4.1841836,4.026741,-0.1574425999999995,3570.100127870217,120,0.7921069798504772,-35.0,1.980267449626193
506,0.0002872657497607,-2.9027762727800868,4.184341000000001,4.0273318,4.150748280833333,22.668769188658793,3570.096127798781,120,4.184341000000001,4.0273318,-0.1570092000000009,3570.096127798781,120,0.7921329658148872,-36.0,1.980332414537218
507,0.0002916304316886,-2.82702514522016,4.1839471,4.0265045,4.149905223333334,21.931546966129204,3570.1041280925274,120,4.1839471,4.0265045,-0.1574426000000004,3570.1041280925274,120,0.7904669816926,-37.0,1.9761674542315
508,0.0002912366993167,-2.8523644972988476,4.184065299999999,4.0263472,4.150067000833333,22.247900971920515,3570.096127912402,120,4.184065299999999,4.0263472,-0.1577180999999994,3570.096127912402,120,0.7905991399603948,-38.0,1.9764978499009869
509,0.0002926986205352,-2.81246884815694,4.1837502,4.0261898,4.149652191666666,21.81142361985013,3570.080127786845,120,4.1837502,4.0261898,-0.1575604000000003,3570.080127786845,120,0.7894290819975044,-39.0,1.973572704993761
510,0.000289313230237,-2.8904593726134347,4.1841836,4.0265837,4.1503537925,22.607078870386346,3570.08012804389,120,4.1841836,4.0265837,-0.1575999000000001,3570.08012804389,120,0.789769678958984,-40.0,1.97442419739746
511,0.0002959944632585,-2.786245550551221,4.1837111,4.0257564,4.149574758333333,21.5478007622199,3570.0801278539,120,4.1837111,4.0257564,-0.1579547000000003,3570.0801278539,120,0.7885420050832248,-41.0,1.971355012708062
512,0.0002873124770499,-2.9484872247087957,4.1839867,4.0265837,4.150539894166666,23.0862251262338,3570.084128037095,120,4.1839867,4.0265837,-0.1574030000000004,3570.084128037095,120,0.7892701354875216,-42.0,1.973175338718804
513,0.0003002597583542,-2.93891695009745,4.1837502,4.0229607000000005,4.149587545,23.01383121009488,3570.0941279530525,120,4.1837502,4.0229607000000005,-0.1607894999999999,3570.0941279530525,120,0.7882671793340932,-43.0,1.970667948335233
514,0.0002847208799841,-2.709247629597491,4.1836715,4.0292611,4.149824473333333,20.902767144170568,3570.0681278184056,120,4.1836715,4.0292611,-0.1544103999999997,3570.0681278184056,120,0.7881460893675128,-44.0,1.970365223418782
515,0.0002928367796486,-2.5742677385574377,4.1830416,4.0272136,4.147997241666667,19.857818511140614,3570.074127980508,120,4.1830416,4.0272136,-0.1558280000000005,3570.074127980508,120,0.7858408879092884,-45.0,1.964602219773221
516,0.000292654591321,-2.8408272545240485,4.1834745,4.0257564,4.149554721666667,22.072782872651487,3570.08012804389,120,4.1834745,4.0257564,-0.1577181000000003,3570.08012804389,120,0.7865762100966796,-46.0,1.966440525241699
517,0.0002932617649987,-2.8522940132074996,4.1836715,4.0257564,4.149822510833333,22.17343330755091,3570.074127841741,120,4.1836715,4.0257564,-0.1579151000000003,3570.074127841741,120,0.7868033307087672,-47.0,1.967008326771918
518,0.000293527949987,-2.8289252305282195,4.1834745,4.0257564,4.149556381666667,21.929016360439675,3570.064128011465,120,4.1834745,4.0257564,-0.1577181000000003,3570.064128011465,120,0.7860532572522784,-48.0,1.965133143130696
519,0.0002895581887548,-2.9104665808354033,4.183908,4.0261898,4.150220916666667,22.76699885691763,3570.0761278495193,120,4.183908,4.0261898,-0.1577181999999997,3570.0761278495193,120,0.7864626303183596,-49.0,1.966156575795899
520,0.0002852281722519,-2.744605363704049,4.1835928,4.0285916,4.149708288333334,21.23833105995628,3570.068127854727,120,4.1835928,4.0285916,-0.1550011999999991,3570.068127854727,120,0.7852483414074436,-50.0,1.963120853518609
521,0.0002878205299764,-2.6948968673006544,4.1837111,4.0284343,4.1495389725,20.822552876330512,3570.064127878286,120,4.1837111,4.0284343,-0.1552768000000002,3570.064127878286,120,0.7849334388141271,-51.0,1.962333597035318
522,0.0002855219185631,-2.74629631377612,4.1835532,4.0285916,4.149761463333333,21.225318141471057,3570.064127892256,120,4.1835532,4.0285916,-0.1549616,3570.064127892256,120,0.7847224236291233,-52.0,1.961806059072808
523,0.0002905558348875,-2.653180383109321,4.1836324000000005,4.0281982,4.1493286283333335,20.417244754155355,3570.060127928853,120,4.1836324000000005,4.0281982,-0.1554342000000002,3570.060127928853,120,0.7841210918882374,-53.0,1.9603027297205935
524,0.0002879600038673,-2.6803559649588835,4.1835532,4.0287495,4.149556020833334,20.56894076590674,3570.0561279952526,120,4.1835532,4.0287495,-0.1548037000000004,3570.0561279952526,120,0.784027686760308,-54.0,1.96006921690077
525,0.0002851988335277,-2.7383060672264627,4.1838288,4.0288281,4.149900284166667,21.21147763818498,3570.064128011465,120,4.1838288,4.0288281,-0.1550006999999995,3570.064128011465,120,0.7842766993973528,-55.0,1.960691748493382
526,0.0002922023226428,-2.6468581758597205,4.1833563,4.0278044,4.149075253333334,20.263455272258547,3570.066128015518,120,4.1833563,4.0278044,-0.1555518999999998,3570.066128015518,120,0.7831825380449222,-56.0,1.9579563451123057
527,0.0002826835062681,-2.790897134976382,4.1838684,4.0289855,4.1501162066666675,21.6624063256218,3570.062127784826,120,4.1838684,4.0289855,-0.1548828999999996,3570.062127784826,120,0.7839253434303384,-57.0,1.959813358575846
528,0.0002913580720383,-2.617130508175801,4.1835141,4.0282769,4.149129388333333,20.09786589376285,3570.064127863385,120,4.1835141,4.0282769,-0.1552372000000002,3570.064127863385,120,0.7827276924892577,-58.0,1.956819231223144
529,0.0002858379794552,-2.7468867095774305,4.1833959,4.0283556,4.1496147775,21.24542068118842,3570.066128000617,120,4.1833959,4.0283556,-0.1550402999999995,3570.066128000617,120,0.7828435214097225,-59.0,1.957108803524306
530,0.0002853029967995,-2.723672262511687,4.1837502,4.0291038,4.1499777375,21.04464325308475,3570.064128011465,120,4.1837502,4.0291038,-0.1546464000000007,3570.064128011465,120,0.7830714467578124,-60.0,1.957678616894531
531,0.000286735018636,-2.7158267195582684,4.1833959,4.028316,4.149375185833334,20.951815379391206,3570.0701280245557,120,4.1833959,4.028316,-0.1550798999999996,3570.0701280245557,120,0.7818789589419488,-61.0,1.954697397354872
532,0.0002858460684864,-2.7645942889070723,4.1835532,4.028512999999999,4.149935066666667,21.35781818791405,3570.0641278140247,120,4.1835532,4.028512999999999,-0.155040200000001,3570.0641278140247,120,0.7824753792147352,-62.0,1.956188448036838
533,0.0002899654869982,-2.6864892410479437,4.1832385,4.0277257,4.1490660775,20.657116675876367,3570.0661280015483,120,4.1832385,4.0277257,-0.1555127999999994,3570.0661280015483,120,0.7810989845468752,-63.0,1.952747461367188
534,0.000287902133956,-2.7301522806291065,4.1834745,4.0279226,4.149456569166667,21.12519006040189,3570.066128015518,120,4.1834745,4.0279226,-0.1555518999999998,3570.066128015518,120,0.7816332682603088,-64.0,1.954083170650772
535,0.0002942472100376,-2.634165876126231,4.182766,4.026938,4.148474396666667,20.147835652382337,3570.0761280199513,120,4.182766,4.026938,-0.1558279999999996,3570.0761280199513,120,0.7806614886375872,-65.0,1.951653721593968
536,0.0002928201441386,-2.925686324994325,4.1833172,4.0245752,4.149440190833333,22.87170980699149,3570.0921280682087,120,4.1833172,4.0245752,-0.1587420000000001,3570.0921280682087,120,0.7812457812008468,-66.0,1.953114453002117
537,0.000302532499037,-2.762830023893328,4.182766,4.0232363,4.1481679225,21.372141404736176,3570.100128031336,120,4.182766,4.0232363,-0.1595297000000002,3570.100128031336,120,0.7797894341362844,-67.0,1.949473585340711
538,0.0002965172401343,-2.88157598767024,4.1828051,4.0234723,4.148587621666667,22.457155038860435,3570.112128091976,120,4.1828051,4.0234723,-0.1593328000000005,3570.112128091976,120,0.7801707491976992,-68.0,1.950426872994248
539,0.0003165405335498,-3.2658862624021885,4.183120300000001,4.0148873,4.148705404166667,26.015964048884097,3570.1221281150356,120,4.183120300000001,4.0148873,-0.1682330000000007,3570.1221281150356,120,0.780135248779948,-69.0,1.95033812194987
540,0.0003080007650171,-3.1652100139802006,4.1826081,4.0178409,4.148629289166667,25.008131080785283,3570.1281278776005,120,4.1826081,4.0178409,-0.1647672,3570.1281278776005,120,0.7793302245784504,-70.0,1.948325561446126
541,0.0003033173147992,-3.0162404088377,4.183120300000001,4.0209126,4.149020476666667,23.659219830819083,3570.1021277969703,120,4.183120300000001,4.0209126,-0.1622077000000006,3570.1021277969703,120,0.779602339825846,-71.0,1.949005849564615
542,0.0003056623412637,-2.962939039770119,4.1828051,4.0204401,4.148349325,23.11707268984435,3570.0981280645356,120,4.1828051,4.0204401,-0.1623650000000003,3570.0981280645356,120,0.7784195430597871,-72.0,1.946048857649468
543,0.0003031630579028,-3.0297941666697334,4.1829233,4.020401000000001,4.1486949275,23.840446795376735,3570.114128098823,120,4.1829233,4.020401000000001,-0.1625222999999991,3570.114128098823,120,0.7786749245453559,-73.0,1.9466873113633896
544,0.0003028399109778,-2.787212081549715,4.1824903,4.0227637000000005,4.147975246666666,21.523916713005548,3570.1101280897856,120,4.1824903,4.0227637000000005,-0.1597265999999999,3570.1101280897856,120,0.7780006280166012,-74.0,1.945001570041503
545,0.0002945158497443,-2.924714648159747,4.1829233,4.023551,4.148799284166667,22.89297488685591,3570.096128062345,120,4.1829233,4.023551,-0.1593722999999993,3570.096128062345,120,0.7785266675588108,-75.0,1.946316668897027
546,0.0003021202208766,-2.776099591293898,4.1826081,4.0228815,4.147932915833334,21.527907414134425,3570.082127880305,120,4.1826081,4.0228815,-0.1597265999999999,3570.082127880305,120,0.7773040439495444,-76.0,1.943260109873861
547,0.0002900789502545,-2.748527976250071,4.1826477,4.0264258,4.148590880833334,21.250873387110698,3570.0741278929636,120,4.1826477,4.0264258,-0.1562219000000002,3570.0741278929636,120,0.7775415548466792,-77.0,1.943853887116698
548,0.0002906259668096,-2.722886420480677,4.1829233,4.0267806,4.1487484100000005,21.02122167588108,3570.0721278572455,120,4.1829233,4.0267806,-0.1561426999999993,3570.0721278572455,120,0.7774682998902996,-78.0,1.943670749725749
549,0.0003041335773087,-3.0152891458156823,4.1827264,4.0202041,4.148452078333333,23.63372978385456,3570.1221278980374,120,4.1827264,4.0202041,-0.1625223,3570.1221278980374,120,0.7763695930764972,-79.0,1.940923982691243
550,0.0001244420563668,-1.2427362407526668,4.1813483,4.0888829,4.1552291025,9.487675648956474,3570.094127804972,120,4.1813483,4.0888829,-0.0924654,3570.094127804972,120,1.0696459583908964,-80.0,2.6741148959772407
551,0.0002974795743487,-2.91041027657164,4.1828051,4.0229607000000005,4.148646025000001,22.739344731907934,3570.0761278932914,120,4.1828051,4.0229607000000005,-0.1598443999999999,3570.0761278932914,120,0.7770448612387153,-81.0,1.942612153096788
552,0.0003002023630801,-2.8748208570182157,4.182569,4.0224485,4.148233518333333,22.3706304941619,3570.0781280249357,120,4.182569,4.0224485,-0.1601204999999996,3570.0781280249357,120,0.7759231416120876,-82.0,1.939807854030219
553,0.0003019344083947,-2.860387679210197,4.1824508,4.0221729,4.148146568333334,22.23879686043024,3570.082128039561,120,4.1824508,4.0221729,-0.1602778999999996,3570.082128039561,120,0.7753278312506516,-83.0,1.9383195781266291
554,0.0002997495920365,-2.9031333371032053,4.182332499999999,4.022212000000001,4.14821382,22.60578161664678,3570.0841278936714,120,4.182332499999999,4.022212000000001,-0.1601204999999987,3570.0841278936714,120,0.7751650466481116,-84.0,1.937912616620279
555,0.000308189828031,-2.993085143133043,4.1822934,4.019062,4.147933914999999,23.456940369274015,3570.092128052376,120,4.1822934,4.019062,-0.1632313999999999,3570.092128052376,120,0.7750469922312287,-85.0,1.937617480578072
556,0.0003031774414226,-2.850468535379746,4.1819782,4.021346100000001,4.147439685,22.13467879224673,3570.0741278380156,120,4.1819782,4.021346100000001,-0.160632099999999,3570.0741278380156,120,0.773341885239366,-86.0,1.933354713098415
557,0.0003015052900968,-2.8889869637334695,4.1822538,4.0217791,4.1479716325,22.468992822423523,3570.098128057085,120,4.1822538,4.0217791,-0.1604746999999999,3570.098128057085,120,0.773441553504449,-87.0,1.9336038837611225
558,0.0003012181997118,-2.894646128422283,4.1822538,4.0218186000000005,4.148030373333333,22.530482100429374,3570.0981279453263,120,4.1822538,4.0218186000000005,-0.1604351999999993,3570.0981279453263,120,0.7733883264429251,-88.0,1.9334708161073129
559,0.0003014728835027,-2.900238412289993,4.182332499999999,4.021543,4.147888604166667,22.596124453385855,3570.078128039837,120,4.182332499999999,4.021543,-0.160789499999999,3570.078128039837,120,0.7727789682299269,-89.0,1.931947420574817
560,0.0003088549907722,-3.026659881615354,4.182056899999999,4.0182743,4.1476644841666666,23.75272706886569,3570.112127863802,120,4.182056899999999,4.0182743,-0.1637825999999993,3570.112127863802,120,0.7724334749999996,-90.0,1.931083687499999
561,0.0003042504431429,-2.855459157306238,4.1822143,4.0211096,4.147490208333334,22.18039374743958,3570.1121278991923,120,4.1822143,4.0211096,-0.1611047000000001,3570.1121278991923,120,0.7723167218114144,-91.0,1.930791804528536
562,0.0003040067088221,-2.863098850752893,4.1819386,4.0209126,4.147329054166667,22.2459757153079,3570.074127807282,120,4.1819386,4.0209126,-0.1610259999999996,3570.074127807282,120,0.7717663802097438,-92.0,1.929415950524359
563,0.0003033409479729,-2.8843067754872473,4.182017299999999,4.0210309,4.1475420624999995,22.42019003124763,3570.0761280208826,120,4.182017299999999,4.0210309,-0.1609863999999987,3570.0761280208826,120,0.7713976074628903,-93.0,1.928494018657226
564,0.000303267283786,-2.884676189804926,4.1821752,4.0211883,4.147708431666667,22.43902323589198,3570.08212801069,120,4.1821752,4.0211883,-0.1609868999999992,3570.08212801069,120,0.7713200841737196,-94.0,1.928300210434299
565,0.0003027018571333,-2.8973953622484694,4.1819782,4.0210309,4.147590607500001,22.561162717184786,3570.0781278051436,120,4.1819782,4.0210309,-0.1609472999999992,3570.0781278051436,120,0.7708043789220921,-95.0,1.92701094730523
566,0.0003035793945457,-2.8831097839993283,4.1819386,4.020952200000001,4.147502025,22.410952905436908,3570.0741278603673,120,4.1819386,4.020952200000001,-0.1609863999999987,3570.0741278603673,120,0.7707671806416017,-96.0,1.926917951604004
567,0.0003048415157912,-2.8671709441507303,4.1818995,4.0207157,4.147359932500001,22.287111605452473,3570.08012804389,120,4.1818995,4.0207157,-0.1611837999999998,3570.08012804389,120,0.7706134634811197,-97.0,1.9265336587027992
568,0.0002981876221845,-2.7138509330277523,4.181663,4.0237479,4.147153833333333,20.91461103580129,3570.0701280236244,120,4.181663,4.0237479,-0.1579151000000003,3570.0701280236244,120,0.7700440408819444,-98.0,1.9251101022048611
569,0.0003035683289404,-2.887366636106646,4.18186,4.0209126,4.1475000416666665,22.43993072658916,3570.074127797038,120,4.18186,4.0209126,-0.1609474000000004,3570.074127797038,120,0.7698158526435545,-99.0,1.924539631608886
570,0.0003051778852327,-2.8389516924992364,4.182056899999999,4.0212278,4.1474908500000005,21.939871178202672,3570.074127782136,120,4.182056899999999,4.0212278,-0.160829099999999,3570.074127782136,120,0.7696856492940536,-100.0,1.924214123235134
571,0.000292921381929,-2.7845517345394533,4.1821752,4.0248899,4.148031673333334,21.528258379922065,3570.072128025815,120,4.1821752,4.0248899,-0.1572852999999998,3570.072128025815,120,0.7702908529689673,-101.0,1.925727132422418
572,0.0003035928163574,-2.860286716300869,4.1821356,4.021346100000001,4.147655931666667,22.231063687193476,3570.072127855383,120,4.1821356,4.021346100000001,-0.160789499999999,3570.072127855383,120,0.7699014746477864,-102.0,1.924753686619466
573,0.0003039823786144,-2.889346430507194,4.1817417,4.0205975,4.147318253333333,22.47902900703496,3570.0761280208826,120,4.1817417,4.0205975,-0.1611441999999998,3570.0761280208826,120,0.7694068730325523,-103.0,1.9235171825813808
574,0.000302910727753,-2.902294348607224,4.182096499999999,4.0209126,4.1475853775,22.617433876350063,3570.0741280317307,120,4.182096499999999,4.0209126,-0.1611838999999992,3570.0741280317307,120,0.7696257893497185,-104.0,1.924064473374296
575,0.0003041763520261,-2.878883446254563,4.1817026,4.0205584000000005,4.1471755083333335,22.368982098483336,3570.0781280249357,120,4.1817026,4.0205584000000005,-0.1611441999999998,3570.0781280249357,120,0.7684680297340496,-105.0,1.921170074335124
576,0.0003039689914966,-2.901763565162223,4.1819782,4.0207944,4.147644111666667,22.57465632638323,3570.0781277911738,120,4.1819782,4.0207944,-0.1611837999999998,3570.0781277911738,120,0.768884809970052,-106.0,1.92221202492513
577,0.0002991484291828,-2.6924578160651222,4.181426999999999,4.0237875,4.147026511666667,20.64057357146455,3570.0701277926564,120,4.181426999999999,4.0237875,-0.1576394999999992,3570.0701277926564,120,0.7676085604256733,-107.0,1.919021401064183
578,0.000303825814617,-2.908741489884489,4.1818209,4.0204797,4.1474377124999995,22.68633155957187,3570.072127889842,120,4.1818209,4.0204797,-0.1613411999999998,3570.072127889842,120,0.768009777468967,-108.0,1.9200244436724176
579,0.0003022780836364,-2.6668999620985954,4.1815057,4.023315,4.146842390833333,20.383649062418343,3570.072127786465,120,4.1815057,4.023315,-0.1581906999999995,3570.072127786465,120,0.7673112200164929,-109.0,1.918278050041232
580,0.0003013111300928,-2.955025446483773,4.1818209,4.020676600000001,4.147625419166667,23.08448078524662,3570.074127797038,120,4.1818209,4.020676600000001,-0.1611442999999992,3570.074127797038,120,0.7678339955631512,-110.0,1.919584988907878
581,0.0003118500221129,-2.7681108987610665,4.1813087,4.0194163,4.1462287374999995,21.341423481238166,3570.0801280280575,120,4.1813087,4.0194163,-0.1618924000000001,3570.0801280280575,120,0.7661309203256288,-111.0,1.915327300814072
582,0.0003015367631097,-2.9612351888949684,4.181663,4.0204401,4.147500030833333,23.132331804703277,3570.06812801864,120,4.181663,4.0204401,-0.1612229000000002,3570.06812801864,120,0.7673312806815324,-112.0,1.918328201703831
583,0.0003057322405596,-2.862936894310064,4.1818209,4.0204797,4.147262801666667,22.25235081738279,3570.0681278035045,120,4.1818209,4.0204797,-0.1613411999999998,3570.0681278035045,120,0.7667253979147133,-113.0,1.9168134947867832
584,0.000304594100125,-2.918291889947309,4.1816239,4.0199676,4.147143650833333,22.72664903245893,3570.074127891101,120,4.1816239,4.0199676,-0.1616562999999997,3570.074127891101,120,0.7662053305557728,-114.0,1.915513326389432
585,0.000303481645646,-2.926166195192003,4.1819782,4.0205584000000005,4.1475794675,22.78502983442215,3570.0701280236244,120,4.1819782,4.0205584000000005,-0.1614197999999991,3570.0701280236244,120,0.76672900834375,-115.0,1.916822520859375
586,0.0003063425177386,-2.8677502980694975,4.1812301,4.0197706,4.146682590833334,22.252408684277157,3570.08812804427,120,4.1812301,4.0197706,-0.1614594999999994,3570.08812804427,120,0.7650958901572265,-116.0,1.912739725393066
587,0.0003066657276123,-2.87625181118188,4.181584399999999,4.0197706,4.146909033333333,22.37325260681596,3570.0701278224587,120,4.181584399999999,4.0197706,-0.1618137999999991,3570.0701278224587,120,0.7654446901299916,-117.0,1.9136117253249791
588,0.0003016405621326,-2.6909711867630923,4.1812301,4.0227637000000005,4.14649291,20.627702693419543,3570.0661278916523,120,4.1812301,4.0227637000000005,-0.1584663999999991,3570.0661278916523,120,0.7648462259250216,-118.0,1.912115564812554
589,0.0002950842283436,-2.8051968706976216,4.1818995,4.0236301,4.147520415833333,21.753250141109,3570.0681278035045,120,4.1818995,4.0236301,-0.1582694,3570.0681278035045,120,0.7653930144870881,-119.0,1.91348253621772
590,0.000306289450204,-2.641969045731229,4.1810722,4.0221334,4.1461893475,20.18051828579506,3570.0661280164495,120,4.1810722,4.0221334,-0.1589387999999996,3570.0661280164495,120,0.7637371879977211,-120.0,1.9093429699943023
591,0.000295462079671,-2.8098647128263567,4.181584399999999,4.0233936,4.147378963333334,21.76158110227795,3570.072127889842,120,4.181584399999999,4.0233936,-0.1581907999999989,3570.072127889842,120,0.764858459276476,-121.0,1.91214614819119
592,0.0003100803404849,-2.8203619532186597,4.181426999999999,4.0193768,4.146527365833333,21.855146568936135,3570.0801278110594,120,4.181426999999999,4.0193768,-0.1620501999999994,3570.0801278110594,120,0.763739900369358,-122.0,1.909349750923395
593,0.0002996658420708,-2.761768307013055,4.181151399999999,4.0224485,4.14671377,21.314114811026244,3570.068127810955,120,4.181151399999999,4.0224485,-0.1587028999999988,3570.068127810955,120,0.7635055794595272,-123.0,1.9087639486488184
594,0.0002996514099893,-2.7369403577874736,4.1814661,4.0228815,4.146855526666667,21.10891891357781,3570.072128014639,120,4.1814661,4.0228815,-0.1585845999999993,3570.072128014639,120,0.7640209766057946,-124.0,1.9100524415144864
595,0.0003073243030087,-2.8848745012142247,4.180914899999999,4.0191798,4.146478124166666,22.382293253801336,3570.076127855107,120,4.180914899999999,4.0191798,-0.1617350999999995,3570.076127855107,120,0.7627627740957028,-125.0,1.906906935239257
596,0.000300508343233,-2.7484326360129887,4.1813087,4.0224881,4.1467695424999995,21.1981113280687,3570.0701280236244,120,4.1813087,4.0224881,-0.1588205999999994,3570.0701280236244,120,0.7630637704839408,-126.0,1.907659426209852
597,0.0003023397102195,-2.703100211106305,4.1807575,4.022094200000001,4.146116171666667,20.734866906138528,3570.066127879545,120,4.1807575,4.022094200000001,-0.1586632999999997,3570.066127879545,120,0.7620896006085068,-127.0,1.9052240015212671
598,0.0003074378497758,-2.910700750434568,4.1809545,4.0185499,4.1462982975,22.720323381297263,3570.076127889566,120,4.1809545,4.0185499,-0.1624046000000003,3570.076127889566,120,0.7621078234807945,-128.0,1.9052695587019863
599,0.0003145326059706,-2.820038546737936,4.180717899999999,4.0178409,4.1457798025,21.755441299770112,3570.076128028333,120,4.180717899999999,4.0178409,-0.162876999999999,3570.076128028333,120,0.761367738892036,-129.0,1.90341934723009
600,0.0001320454406159,-1.1754661299893236,4.1795759,4.0850239,4.152553855833333,8.985600792913662,3570.074127811007,120,4.1795759,4.0850239,-0.0945519999999993,3570.074127811007,120,0.7807816285481776,-130.0,1.951954071370444
601,0.0002988547148728,-2.83469380642311,4.181544799999999,4.0221729,4.147173528333334,21.990923478684323,3570.0721278404817,120,4.181544799999999,4.0221729,-0.1593718999999991,3570.0721278404817,120,0.7671335366146916,-131.0,1.917833841536729
602,0.0003083000535937,-2.6592709438450353,4.1807575,4.0209913,4.145712190833334,20.36474064533276,3570.068127952516,120,4.1807575,4.0209913,-0.1597661999999999,3570.068127952516,120,0.7642284605862633,-132.0,1.910571151465658
603,0.0002993287625773,-2.830071588726024,4.180717899999999,4.0215034,4.146519794166667,21.924386287176183,3570.068127840758,120,4.180717899999999,4.0215034,-0.1592144999999991,3570.068127840758,120,0.764132379047852,-133.0,1.91033094761963
604,0.0002975915558207,-2.805080856963394,4.1813483,4.0223699,4.146836814166667,21.80012862735009,3570.0721280276775,120,4.1813483,4.0223699,-0.1589783999999996,3570.0721280276775,120,0.7640493209058155,-134.0,1.9101233022645387
605,0.0003092952890574,-2.905051888414562,4.1805997,4.0178018,4.145796198333334,22.60644930442568,3570.070127888582,120,4.1805997,4.0178018,-0.1627979000000001,3570.070127888582,120,0.7617578039207901,-135.0,1.9043945098019752
606,0.0003087544566096,-2.9347494021193503,4.181151399999999,4.0183134,4.146545085833334,22.865376733318023,3570.0861278744414,120,4.181151399999999,4.0183134,-0.1628379999999989,3570.0861278744414,120,0.7621581840033634,-136.0,1.9053954600084089
607,0.0003033200642511,-2.7422828884202226,4.1806788,4.0214248,4.146089599166666,21.04585028634496,3570.074127957225,120,4.1806788,4.0214248,-0.1592539999999997,3570.074127957225,120,0.7608891218275827,-137.0,1.9022228045689569
608,0.0003074154805974,-2.969009094961347,4.1810331,4.017919999999999,4.1463337525,23.230211592927432,3570.0901279747486,120,4.1810331,4.017919999999999,-0.1631131000000003,3570.0901279747486,120,0.7610371371314023,-138.0,1.9025928428285055
609,0.0003169496821683,-2.8297036499004333,4.1803241,4.0167384,4.1452763825,21.831869709541444,3570.0801278026775,120,4.1803241,4.0167384,-0.1635856999999996,3570.0801278026775,120,0.7595912452328559,-139.0,1.89897811308214
610,0.0003091404539397,-2.939973016771223,4.180442299999999,4.0175261,4.1458696900000005,22.892499563426263,3570.0861279759556,120,4.180442299999999,4.0175261,-0.1629161999999988,3570.0861279759556,120,0.7597904189280595,-140.0,1.8994760473201489
611,0.0003145228931407,-2.8391713331419135,4.1805606,4.017211,4.145496891666666,22.023360190513152,3570.086127807386,120,4.1805606,4.017211,-0.1633496000000001,3570.086127807386,120,0.7593580559798176,-141.0,1.898395139949544
612,0.0003106913752096,-2.910076064664356,4.1802454,4.017211,4.145533016666667,22.633590574792883,3570.084127794951,120,4.1802454,4.017211,-0.1630343999999999,3570.084127794951,120,0.7587402803585068,-142.0,1.8968507008962672
613,0.0003084206797869,-2.9680738836724623,4.1810331,4.0180378,4.14655068,23.131363572890507,3570.0781278545037,120,4.1810331,4.0180378,-0.1629952999999995,3570.0781278545037,120,0.7595129036791448,-143.0,1.898782259197862
614,0.0003133504030872,-2.865696705911864,4.1802454,4.016935299999999,4.145218632500001,22.194347631438227,3570.116128101945,120,4.1802454,4.016935299999999,-0.1633101000000003,3570.116128101945,120,0.7575885790220269,-144.0,1.8939714475550673
615,0.0003101460671527,-2.9393190614087223,4.180639299999999,4.017250499999999,4.1458982575,22.97549000025571,3570.1041279286146,120,4.180639299999999,4.017250499999999,-0.1633887999999999,3570.1041279286146,120,0.7582043668231335,-145.0,1.895510917057834
616,0.0003180525506821,-2.8323170603642165,4.1802058,4.0162263,4.1450082733333335,21.848419608398565,3570.096127839759,120,4.1802058,4.0162263,-0.1639795000000008,3570.096127839759,120,0.7569031593841148,-146.0,1.892257898460287
617,0.0003218090416845,-2.789574162203155,4.179969799999999,4.0155177,4.144587855,21.515204669857887,3570.0941277891397,120,4.179969799999999,4.0155177,-0.1644520999999992,3570.0941277891397,120,0.7561864337660593,-147.0,1.890466084415148
618,0.0003127344130917,-2.932575373163255,4.1802058,4.0164232,4.145425703333333,22.825615585978696,3570.0861278250813,120,4.1802058,4.0164232,-0.1637826000000002,3570.0861278250813,120,0.756088055985026,-148.0,1.890220139962565
619,0.0003199103462704,-3.0898340849457377,4.1803241,4.0130367,4.145425353333334,24.29228118861507,3570.100128084421,120,4.1803241,4.0130367,-0.1672874000000002,3570.100128084421,120,0.7558439972405596,-149.0,1.889609993101399
620,0.0003137818404152,-2.9093751115771966,4.1801271,4.016305399999999,4.145236000833333,22.610789469477567,3570.080127786845,120,4.1801271,4.016305399999999,-0.1638217000000006,3570.080127786845,120,0.7552850283342012,-150.0,1.8882125708355029
621,0.0003329144379276,-3.3530273052487005,4.180009399999999,4.0070901,4.1452396149999995,26.744853509040425,3570.114127803594,120,4.180009399999999,4.0070901,-0.1729192999999993,3570.114127803594,120,0.7551485415545789,-151.0,1.8878713538864471
622,0.000313716991437,-2.926262615239528,4.1798515,4.015872,4.14502697,22.791510807907542,3570.0961280092597,120,4.1798515,4.015872,-0.1639794999999999,3570.0961280092597,120,0.7547440910553385,-152.0,1.8868602276383464
623,0.0003145292840486,-2.9305923258671283,4.1800485,4.0157537,4.145103776666667,22.809907277017626,3570.080128028989,120,4.1800485,4.0157537,-0.1642947999999995,3570.080128028989,120,0.7547357515258244,-153.0,1.886839378814561
624,0.0003136683877146,-2.9357849638191165,4.1798515,4.0157537,4.144997783333333,22.86412660690776,3570.0921280533075,120,4.1798515,4.0157537,-0.1640977999999995,3570.0921280533075,120,0.7540613779317491,-154.0,1.8851534448293727
625,0.000314686335566,-2.932387203396149,4.1799302,4.0155568,4.144962967500001,22.82953632294099,3570.122127888724,120,4.1799302,4.0155568,-0.1643734000000005,3570.122127888724,120,0.7536666580579428,-155.0,1.8841666451448569
626,0.0003152730453919,-2.9326113107820224,4.1800485,4.0155964,4.145124780833333,22.827937343996027,3570.106127895415,120,4.1800485,4.0155964,-0.1644521000000001,3570.106127895415,120,0.7535997832356769,-156.0,1.883999458089192
627,0.0003143086253269,-2.948571420864302,4.1798911,4.0155568,4.145072600833333,22.968646016795645,3570.084128037095,120,4.1798911,4.0155568,-0.1643343000000001,3570.084128037095,120,0.7532912319628908,-157.0,1.883228079907227
628,0.0003145795828386,-2.9415566623192473,4.1797333,4.0155177,4.1449806633333335,22.884422316071472,3570.0981278307736,120,4.1797333,4.0155177,-0.1642155999999994,3570.0981278307736,120,0.7528726894740667,-158.0,1.8821817236851668
629,0.0003212694037674,-3.0823537307014015,4.1799302,4.0123672,4.14494656,24.22124601738775,3570.08612781018,120,4.1799302,4.0123672,-0.1675630000000003,3570.08612781018,120,0.7528545358181423,-159.0,1.882136339545356
630,0.000314947568154,-2.952955988542642,4.1796546,4.0150843,4.144787723333334,23.012643179317685,3570.0921278949827,120,4.1796546,4.0150843,-0.1645703000000002,3570.0921278949827,120,0.7522810357847224,-160.0,1.880702589461806
631,0.0003159126052523,-2.9403070072246624,4.1794577,4.0147696,4.1445242166666665,22.9003364979447,3570.098128065467,120,4.1794577,4.0147696,-0.1646881000000002,3570.098128065467,120,0.7516861539564887,-161.0,1.879215384891222
632,0.0003148454977194,-2.932882352809699,4.1796546,4.015439,4.144873054166667,22.82311746671462,3570.0841278359294,120,4.1796546,4.015439,-0.1642156000000003,3570.0841278359294,120,0.7518483174822048,-162.0,1.879620793705512
633,0.0003168325679238,-2.916934857406311,4.179536799999999,4.01473,4.1443959108333335,22.694114407137604,3570.106127873063,120,4.179536799999999,4.01473,-0.1648067999999991,3570.106127873063,120,0.7511486949868704,-163.0,1.877871737467176
634,0.0003162211040944,-2.948489737639506,4.179536799999999,4.0148087,4.144693905,22.94846718286917,3570.088128052652,120,4.179536799999999,4.0148087,-0.1647280999999996,3570.088128052652,120,0.7512260253148872,-164.0,1.878065063287218
635,0.0003247891908322,-3.0079493996188096,4.1794186,4.0119338,4.144256103333333,23.46377582682444,3570.0901280492544,120,4.1794186,4.0119338,-0.1674847999999995,3570.0901280492544,120,0.751136535466254,-165.0,1.877841338665635
636,0.0003144161708025,-2.9422982944196243,4.1798911,4.0154781,4.145001711666667,22.96249676169019,3570.092127792537,120,4.1798911,4.0154781,-0.1644129999999997,3570.092127792537,120,0.7516765343499349,-166.0,1.879191335874837
637,0.0003189356086443,-2.8856233536317903,4.1793003,4.0146117,4.144239031666667,22.338560926878223,3570.0941278114915,120,4.1793003,4.0146117,-0.1646886000000007,3570.0941278114915,120,0.7505707900454645,-167.0,1.876426975113661
638,0.0003123236835011,-2.995143534570577,4.1799302,4.0155568,4.145267189166667,23.43608485899008,3570.0861280560493,120,4.1799302,4.0155568,-0.1643734000000005,3570.0861280560493,120,0.7514440554337024,-168.0,1.878610138584256
639,0.0003146379880282,-2.6935929736044635,4.1791821,4.0176835,4.144045083333333,20.610968732931035,3570.080128028989,120,4.1791821,4.0176835,-0.1614985999999998,3570.080128028989,120,0.7498531631220704,-169.0,1.874632907805176
640,0.000326965400062,-3.275463020816665,4.1797333,4.0088229,4.1448399325,26.015728160460313,3570.1161278784275,120,4.1797333,4.0088229,-0.1709103999999994,3570.1161278784275,120,0.7507449429277347,-170.0,1.8768623573193368
641,0.0003173494064538,-2.886396327461399,4.1796942,4.0152025,4.1445951008333335,22.408455950141885,3570.0961278937757,120,4.1796942,4.0152025,-0.1644917000000001,3570.0961278937757,120,0.7506054766333552,-171.0,1.876513691583388
642,0.0003165345631747,-2.955941306905608,4.1791821,4.0140605,4.144130749166667,23.043856309596173,3570.082128033042,120,4.1791821,4.0140605,-0.1651215999999999,3570.082128033042,120,0.7495580993315972,-172.0,1.873895248328993
643,0.0003135531930348,-2.980011378820079,4.1798911,4.0153995,4.1451385625,23.25957040135451,3570.088127801195,120,4.1798911,4.0153995,-0.1644915999999998,3570.088127801195,120,0.7505331835486112,-173.0,1.876332958871528
644,0.0003151747595519,-2.9415758129284946,4.1794186,4.0148087,4.1444352958333335,22.923028942585457,3570.0901280641556,120,4.1794186,4.0148087,-0.1646099000000003,3570.0901280641556,120,0.7490985804735245,-174.0,1.8727464511838112
645,0.00030975742059,-2.779366167491495,4.1794972,4.0179591,4.144531751666666,21.48324568906947,3570.0721280127764,120,4.1794972,4.0179591,-0.1615381000000004,3570.0721280127764,120,0.7491942799078772,-175.0,1.872985699769693
646,0.0003209395616007,-2.8841593282687463,4.1789851,4.0137849,4.143781891666667,22.30992594297406,3570.0741280317307,120,4.1789851,4.0137849,-0.1652002000000001,3570.0741280317307,120,0.748261819697808,-176.0,1.87065454924452
647,0.0003119672987028,-3.0216113825495685,4.1796155,4.0149665,4.144923276666666,23.68745050676788,3570.096127845347,120,4.1796155,4.0149665,-0.1646489999999998,3570.096127845347,120,0.7493137805006508,-177.0,1.873284451251627
648,0.0003244469288655,-2.8305827749005332,4.1787491,4.0131941,4.1432653508333335,21.84846576453746,3570.1001278944314,120,4.1787491,4.0131941,-0.1655550000000003,3570.1001278944314,120,0.7473397431720916,-178.0,1.868349357930229
649,0.0003222404371321,-3.129650850143068,4.1790638,4.0108314,4.144167811666667,24.65757502202308,3570.0861280560493,120,4.1790638,4.0108314,-0.1682323999999999,3570.0861280560493,120,0.7482368614725476,-179.0,1.870592153681369
650,0.0001328909571017,-1.277401988615701,4.1774492,4.0814795,4.150399125833333,9.70178588011484,3570.0901278853416,120,4.1774492,4.0814795,-0.0959696999999994,3570.0901278853416,120,1.0128181753704972,-180.0,2.532045438426243
651,0.0003292454599769,-3.271505507104669,4.179812399999999,4.0084686000000005,4.144880606666666,25.948589040858018,3570.0941280573606,120,4.179812399999999,4.0084686000000005,-0.1713437999999989,3570.0941280573606,120,0.7491594366097007,-181.0,1.872898591524252
652,0.0003250836548313,-3.0671075829895895,4.178946,4.010674,4.143799275,24.030680172784905,3570.1081279814243,120,4.178946,4.010674,-0.1682719999999999,3570.1081279814243,120,0.7469811313181425,-182.0,1.867452828295356
653,0.0003173132127263,-2.9810777028784003,4.1793003,4.0137849,4.144374275833333,23.320343409250945,3570.0941280573606,120,4.1793003,4.0137849,-0.1655154000000003,3570.0941280573606,120,0.7473982469657117,-183.0,1.868495617414279
654,0.0003238591996185,-2.8865427234944825,4.1787882000000005,4.012958,4.143543625833334,22.303934501520487,3570.088127801195,120,4.1787882000000005,4.012958,-0.1658302000000002,3570.088127801195,120,0.7462910340208333,-184.0,1.8657275850520831
655,0.0003125536379444,-3.0438053978429545,4.1794577,4.0144939,4.144800215,23.85853060833344,3570.086128041148,120,4.1794577,4.0144939,-0.1649638000000006,3570.086128041148,120,0.7472529593944224,-185.0,1.868132398486056
656,0.0003247353815119,-2.8349443456660817,4.1786704,4.0129972,4.1432354941666665,21.932534798774658,3570.08412778005,120,4.1786704,4.0129972,-0.1656731999999996,3570.08412778005,120,0.7455542100692272,-186.0,1.863885525173068
657,0.0003115129017052,-2.801061241178093,4.1788278,4.0166597,4.143800599166666,21.63125350496523,3570.0721278637648,120,4.1788278,4.0166597,-0.1621680999999997,3570.0721278637648,120,0.7460922567484808,-187.0,1.865230641871202
658,0.0003269678800513,-3.0664326661372705,4.1790638,4.0101619,4.143743159166666,24.095196043368013,3570.0941279437393,120,4.1790638,4.0101619,-0.1689018999999998,3570.0941279437393,120,0.7459568509355464,-188.0,1.864892127338866
659,0.0003185281034445,-2.946758562326849,4.1785913,4.013272799999999,4.143602727499999,22.925997822555452,3570.098127892241,120,4.1785913,4.013272799999999,-0.1653185000000006,3570.098127892241,120,0.7448080271389972,-189.0,1.862020067847493
660,0.0003187087561458,-2.9664045784426416,4.1791821,4.0136275,4.1442570891666675,23.12263311512357,3570.072127889842,120,4.1791821,4.0136275,-0.1655546000000001,3570.072127889842,120,0.7456928073168408,-190.0,1.8642320182921024
661,0.0003148986632524,-2.7583730643957676,4.1785126,4.0161085,4.1433185,21.17827917249412,3570.0681280195713,120,4.1785126,4.0161085,-0.1624041000000007,3570.0681280195713,120,0.7442553730079211,-191.0,1.8606384325198029
662,0.0003152241489656,-3.0151904664853353,4.1791034,4.013588,4.144159944166666,23.641473592342756,3570.0821278244257,120,4.1791034,4.013588,-0.1655153999999994,3570.0821278244257,120,0.745059494317274,-192.0,1.8626487357931851
663,0.00032595080817,-2.834417811265358,4.1784735,4.0124855,4.142911249166667,21.88669313050842,3570.0761278849095,120,4.1784735,4.0124855,-0.1659879999999995,3570.0761278849095,120,0.7437506613104384,-193.0,1.859376653276096
664,0.0003311028323681,-3.046186067711316,4.1787095,4.0091381,4.143310308333334,23.897101562525457,3570.078127881512,120,4.1787095,4.0091381,-0.1695713999999997,3570.078127881512,120,0.7442066809830729,-194.0,1.860516702457682
665,0.0003210100092413,-2.9703152576924308,4.1785126,4.0121703,4.143298815833333,23.145518868526903,3570.080127891153,120,4.1785126,4.0121703,-0.1663423000000001,3570.080127891153,120,0.7428504075150825,-195.0,1.857126018787706
666,0.0003191730707672,-2.984531170257717,4.1784735,4.0124855,4.143466516666667,23.326683365568503,3570.0901278220117,120,4.1784735,4.0124855,-0.1659879999999995,3570.0901278220117,120,0.7433869468358292,-196.0,1.8584673670895728
667,0.0003218395803223,-2.920652131509243,4.1781979,4.012603299999999,4.1432118625,22.62271152930541,3570.082128047943,120,4.1781979,4.012603299999999,-0.1655946000000003,3570.082128047943,120,0.7428687946230468,-197.0,1.857171986557617
668,0.0003179558387573,-3.020779700260635,4.1787095,4.0126429,4.1438301625,23.67722833012502,3570.098127791658,120,4.1787095,4.0126429,-0.1660665999999997,3570.098127791658,120,0.7433536710152996,-198.0,1.858384177538249
669,0.0003265840087947,-2.902134447317412,4.1782765,4.0116191,4.142975264166667,22.464924171442064,3570.0801278483123,120,4.1782765,4.0116191,-0.1666574,3570.0801278483123,120,0.7423771545355904,-199.0,1.855942886338976
670,0.0003164013111984,-3.0379138997678603,4.1786308,4.0128789,4.143904959166666,23.79662933191606,3570.084128051996,120,4.1786308,4.0128789,-0.1657519,3570.084128051996,120,0.743209548256836,-200.0,1.8580238706420904
671,0.0003252545332402,-2.8795763008608226,4.178237,4.0119734,4.142877474166666,22.340986217008712,3570.0961280614138,120,4.178237,4.0119734,-0.1662636000000006,3570.0961280614138,120,0.741772820410916,-201.0,1.85443205102729
672,0.0003188697672658,-3.0250791495995117,4.1783948,4.0122099,4.143584686666667,23.669942699013085,3570.082128033042,120,4.1783948,4.0122099,-0.1661849000000002,3570.082128033042,120,0.7422852614368491,-202.0,1.855713153592123
673,0.000319353486573,-2.98963026608424,4.1787882000000005,4.0127215,4.143763195833333,23.34124989257569,3570.080127865076,120,4.1787882000000005,4.0127215,-0.1660667000000009,3570.080127865076,120,0.7422971060605468,-203.0,1.855742765151367
674,0.000327916961447,-3.1003269715604413,4.1781979,4.0088625,4.1429601866666665,24.335446093921355,3570.102128073573,120,4.1781979,4.0088625,-0.1693353999999995,3570.102128073573,120,0.7407562165199651,-204.0,1.851890541299913
675,0.0003194805327604,-2.9934878399503067,4.1785522,4.012406299999999,4.1435653025,23.411026108256394,3570.102127812803,120,4.1785522,4.012406299999999,-0.1661459000000009,3570.102127812803,120,0.7417584679703776,-205.0,1.854396169925944
676,0.0003256489839138,-2.920027809951802,4.1778827000000005,4.0112252,4.142600180833333,22.61999659644053,3570.1021278575063,120,4.1778827000000005,4.0112252,-0.1666575000000003,3570.1021278575063,120,0.7405362913610027,-206.0,1.851340728402507
677,0.0003255964495383,-3.1689798204067534,4.1782765,4.008744200000001,4.143256821666666,25.041537394510648,3570.1161278150976,120,4.1782765,4.008744200000001,-0.1695322999999993,3570.1161278150976,120,0.7407797268883468,-207.0,1.851949317220867
678,0.0003422387143705,-3.1370181136928994,4.1778431000000005,4.0048456,4.1422923425,24.672264233719396,3570.106127977371,120,4.1778431000000005,4.0048456,-0.1729975000000001,3570.106127977371,120,0.7395666175226772,-208.0,1.8489165438066928
679,0.0003330188839148,-3.2932606799190944,4.1780796,4.005633400000001,4.143080933333334,26.155337645507927,3570.1101278699934,120,4.1780796,4.005633400000001,-0.1724461999999995,3570.1101278699934,120,0.7403506653206375,-209.0,1.8508766633015936
680,0.0003284225394504,-3.127820395930663,4.1784339,4.0087833,4.1433670925,24.635607475537235,3570.1141280457377,120,4.1784339,4.0087833,-0.1696505999999997,3570.1141280457377,120,0.7405258545737848,-210.0,1.851314636434462
681,0.0003280492902857,-3.119043820874771,4.17804,4.0084686000000005,4.1428288858333335,24.517189040073312,3570.1101281046867,120,4.17804,4.0084686000000005,-0.1695713999999997,3570.1101281046867,120,0.7391753373081601,-211.0,1.8479383432704
682,0.0003213482184565,-2.987308377490025,4.1784735,4.0119734,4.1433953025,23.314857509299756,3570.08812783286,120,4.1784735,4.0119734,-0.1665001000000003,3570.08812783286,120,0.7400318453773872,-212.0,1.850079613443468
683,0.0003238505662196,-2.95456473247158,4.177804,4.0112643,4.142696296666667,22.93279608932932,3570.0881279855967,120,4.177804,4.0112643,-0.1665397000000004,3570.0881279855967,120,0.73884516268967,-213.0,1.8471129067241752
684,0.0003309208443176,-3.341230375756855,4.1785126,4.0059481,4.143581394166667,26.66894061974442,3570.1201278194785,120,4.1785126,4.0059481,-0.1725645,3570.1201278194785,120,0.7398092565208333,-214.0,1.8495231413020832
685,0.0003308897330148,-2.8520176329681486,4.1778431000000005,4.0104375,4.142034728333333,22.01651445119028,3570.0981277786195,120,4.1778431000000005,4.0104375,-0.1674056000000003,3570.0981277786195,120,0.7379222251852215,-215.0,1.844805562963054
686,0.0003208444035806,-3.038664345468597,4.1780796,4.0112252,4.143132791666667,23.763467694700005,3570.0941277854145,120,4.1780796,4.0112252,-0.1668544,3570.0941277854145,120,0.7386023210485024,-216.0,1.846505802621256
687,0.0003374168786043,-3.2529638583074036,4.1783156,4.0050426,4.142941798333334,25.794681397120534,3570.1181280240417,120,4.1783156,4.0050426,-0.173273,3570.1181280240417,120,0.7383014058167315,-217.0,1.845753514541829
688,0.0003279707374192,-3.159399351308907,4.1779218,4.0080352,4.14286697,24.89804985813079,3570.1061280816793,120,4.1779218,4.0080352,-0.1698865999999999,3570.1061280816793,120,0.7378885910736762,-218.0,1.8447214776841905
689,0.0003211918166313,-3.0347131978223016,4.1782765,4.0114613,4.1433805249999995,23.71298792442584,3570.086127832532,120,4.1782765,4.0114613,-0.1668152000000002,3570.086127832532,120,0.7382253976711153,-219.0,1.845563494177788
690,0.000323978850149,-2.9480501766820892,4.177804,4.0110679,4.142462995,22.886577093440884,3570.092127785086,120,4.177804,4.0110679,-0.1667361000000005,3570.092127785086,120,0.7368492138408198,-220.0,1.8421230346020496
691,0.0003169644511712,-3.0880926837942777,4.1786308,4.0119338,4.1437087175,24.29489711639767,3570.0761280208826,120,4.1786308,4.0119338,-0.1666969999999992,3570.0761280208826,120,0.7380265815148652,-221.0,1.845066453787163
692,0.0003297494761472,-2.904489815506514,4.1775675,4.0101223,4.142127281666666,22.472310151965587,3570.0861278045923,120,4.1775675,4.0101223,-0.1674452000000004,3570.0861278045923,120,0.7362169074594184,-222.0,1.840542268648546
693,0.0003208505267176,-3.06417416434886,4.1779218,4.0107918,4.1429962675,23.99089368603744,3570.088681459427,120,4.1779218,4.0107918,-0.1671300000000002,3570.088681459427,120,0.7368157813006724,-223.0,1.842039453251681
694,0.0003246493690265,-2.973820309996659,4.1779613,4.0107918,4.1427271275,23.197155766809125,3570.092681467533,120,4.1779613,4.0107918,-0.1671694999999999,3570.092681467533,120,0.7364877335014107,-224.0,1.8412193337535268
695,0.000322420620309,-3.001492425345363,4.1775284,4.0107527,4.14251518,23.40445337732907,3570.1026814579964,120,4.1775284,4.0107527,-0.1667756999999996,3570.1026814579964,120,0.7360245778905168,-225.0,1.840061444726292
696,0.0003217957047461,-3.0312815327111364,4.17804,4.0111856,4.1431957808333335,23.688630801193103,3570.0946814715862,120,4.17804,4.0111856,-0.1668544,3570.0946814715862,120,0.7364891570552304,-226.0,1.841222892638076
697,0.0003267746135691,-2.951480916018737,4.1773705,4.0101223,4.1421111875,22.90627709186174,3570.09868144989,120,4.1773705,4.0101223,-0.1672482000000004,3570.09868144989,120,0.7351626128639324,-227.0,1.837906532159831
698,0.0003218930488626,-3.029388476387241,4.1779218,4.0106344,4.142716673333334,23.740697915908704,3570.094681315124,120,4.1779218,4.0106344,-0.1672874000000002,3570.094681315124,120,0.735621294610026,-228.0,1.839053236525065
699,0.0003244661808902,-3.029950461633027,4.1774101,4.0096498,4.142207001666667,23.69496753894836,3570.088681429625,120,4.1774101,4.0096498,-0.1677603000000003,3570.088681429625,120,0.7343754140430772,-229.0,1.835938535107693
700,0.0001367069069718,-1.1716062785910597,4.1763072,4.0800223,4.1486525641666665,8.94271290062506,3570.0746814012527,120,4.1763072,4.0800223,-0.0962848999999996,3570.0746814012527,120,0.7542669722657884,-230.0,1.8856674306644712
701,0.0003296167222255,-3.0015485900844845,4.1773705,4.0088229,4.142025521666667,23.383198092178453,3570.074681263417,120,4.1773705,4.0088229,-0.1685476000000001,3570.074681263417,120,0.7381117155551216,-231.0,1.845279288887804
702,0.0003185751421393,-2.8877216677568605,4.1774101,4.0125642,4.142177816666666,22.387096737155616,3570.0746813863516,120,4.1774101,4.0125642,-0.1648459000000004,3570.0746813863516,120,0.7371588761710068,-232.0,1.842897190427517
703,0.0003252666864035,-3.041822301589214,4.1774888,4.0096107000000005,4.14247545,23.801517562753197,3570.0746813863516,120,4.1774888,4.0096107000000005,-0.1678780999999993,3570.0746813863516,120,0.7367094352991532,-233.0,1.8417735882478832
704,0.000317894609005,-2.903823639913897,4.1774101,4.0126429,4.142316298333333,22.53345444628319,3570.070681391284,120,4.1774101,4.0126429,-0.1647672,3570.070681391284,120,0.7357066307342663,-234.0,1.839266576835666
705,0.0003183670746278,-2.886643032736892,4.177213200000001,4.0125642,4.1421292475,22.381963587564776,3570.0746811777353,120,4.177213200000001,4.0125642,-0.1646490000000007,3570.0746811777353,120,0.7348461866835937,-235.0,1.837115466708984
706,0.0003249998569294,-3.0642937434306226,4.1774888,4.0092564,4.1423212275,23.99777805405595,3570.076681405306,120,4.1774888,4.0092564,-0.1682323999999999,3570.076681405306,120,0.7347070260942932,-236.0,1.836767565235733
707,0.0003260562795967,-3.0483738402422444,4.177213200000001,4.0088625,4.14196121,23.858838561310726,3570.082681417465,120,4.177213200000001,4.0088625,-0.1683507000000004,3570.082681417465,120,0.7339787753070743,-237.0,1.834946938267686
708,0.0003256497719657,-3.0480297225862767,4.1773705,4.0090985,4.142103996666666,23.850803511165573,3570.0766813904047,120,4.1773705,4.0090985,-0.1682719999999999,3570.0766813904047,120,0.7335943917591143,-238.0,1.833985979397786
709,0.0003405779179936,-3.3231290812990286,4.177173600000001,4.0024829,4.141818797499999,26.42409786176337,3570.1186814904213,120,4.177173600000001,4.0024829,-0.1746907000000002,3570.1186814904213,120,0.7336494042523872,-239.0,1.834123510630968
710,0.0003274764820818,-3.021704485064821,4.1770558,4.0088229,4.141861789166667,23.58876636155812,3570.112681206316,120,4.1770558,4.0088229,-0.1682328999999995,3570.112681206316,120,0.7334359797792968,-240.0,1.833589949448242
711,0.0003327271580077,-3.2125043435040164,4.1769767,4.0055938,4.142003880833333,25.369397802732436,3570.116681486368,120,4.1769767,4.0055938,-0.1713829000000002,3570.116681486368,120,0.7329373634148221,-241.0,1.8323434085370551
712,0.0003337586651265,-3.195427777035534,4.1769767,4.0053968,4.141798430833333,25.193154769779397,3570.1186812743545,120,4.1769767,4.0053968,-0.1715799000000002,3570.1186812743545,120,0.7324148497795135,-242.0,1.831037124448784
713,0.0003350156306033,-3.1729007595658314,4.1767797,4.0051608,4.1415759450000005,25.006564267117568,3570.1086814701557,120,4.1767797,4.0051608,-0.1716189000000003,3570.1086814701557,120,0.7321399183299697,-243.0,1.830349795824924
714,0.0003266821492984,-3.0646996193123455,4.176898,4.0084291,4.141836855,23.9959622454902,3570.0986812002957,120,4.176898,4.0084291,-0.1684689000000006,3570.0986812002957,120,0.7319130200813799,-244.0,1.82978255020345
715,0.0003364082626112,-3.180449805234759,4.1767406000000005,4.004530399999999,4.1413091425,25.068451689940076,3570.116681471467,120,4.1767406000000005,4.004530399999999,-0.1722102000000012,3570.116681471467,120,0.7311448231362847,-245.0,1.827862057840712
716,0.0003250340980412,-3.101432314804648,4.1770163,4.0084291,4.14194712,24.34326313020724,3570.094681441784,120,4.1770163,4.0084291,-0.1685872000000001,3570.094681441784,120,0.7316898855641273,-246.0,1.8292247139103184
717,0.000327460180641,-3.066829128040672,4.176898,4.0080748,4.141676665833334,24.023317062999674,3570.116681486368,120,4.176898,4.0080748,-0.1688232000000002,3570.116681486368,120,0.7309840937273224,-247.0,1.827460234318306
718,0.0003419030602846,-3.3497694767645543,4.1768193,4.0017347,4.14164386,26.665253042330058,3570.1246815025806,120,4.1768193,4.0017347,-0.1750845999999999,3570.1246815025806,120,0.7307016578113064,-248.0,1.826754144528266
719,0.0003280864539673,-3.0595778676179504,4.1767797,4.0079174,4.141549695,23.948199224834937,3570.0886813662946,120,4.1767797,4.0079174,-0.1688622999999998,3570.0886813662946,120,0.7302449216828342,-249.0,1.8256123042070855
720,0.0003293303319839,-3.0590752583721845,4.176543700000001,4.007484,4.1413249025,23.911667826446255,3570.090681437403,120,4.176543700000001,4.007484,-0.1690597000000009,3570.090681437403,120,0.7298671966770832,-250.0,1.824667991692708
721,0.0003358381831268,-3.199396266273639,4.1766224,4.0043731,4.1412701,25.25233137942744,3570.0986813958734,120,4.1766224,4.0043731,-0.1722493000000007,3570.0986813958734,120,0.72957983028125,-251.0,1.823949575703125
722,0.0003281807513029,-3.0699618057891636,4.176662,4.0075626,4.141352773333334,24.056670248596816,3570.1166811920702,120,4.176662,4.0075626,-0.1690994000000003,3570.1166811920702,120,0.7293463088452687,-252.0,1.823365772113172
723,0.0003279208384295,-3.06861902376193,4.1766224,4.0076809,4.1413859508333335,24.028385029995064,3570.088681457564,120,4.1766224,4.0076809,-0.1689414999999998,3570.088681457564,120,0.729209702781684,-253.0,1.82302425695421
724,0.0003279846083021,-3.0762491919515695,4.1767011,4.0076413,4.141451882500001,24.10115684970333,3570.104681491852,120,4.1767011,4.0076413,-0.1690597999999994,3570.104681491852,120,0.7288859382661677,-254.0,1.822214845665419
725,0.0003433664802114,-3.3528961805146564,4.176662,4.0011044,4.1413544275000005,26.699872449539008,3570.106681218371,120,4.176662,4.0011044,-0.1755576000000003,3570.106681218371,120,0.7286244013067491,-255.0,1.8215610032668728
726,0.0003278666812844,-3.073211607549881,4.1765833,4.0077205000000005,4.1414729225,24.074118622907193,3570.086681297049,120,4.1765833,4.0077205000000005,-0.1688627999999994,3570.086681297049,120,0.7295992310388456,-256.0,1.823998077597114
727,0.0003183303898883,-2.9516441262183335,4.1765833,4.0114613,4.141776454166666,22.94189023942416,3570.0746814329177,120,4.1765833,4.0114613,-0.1651220000000002,3570.0746814329177,120,0.7296370384454207,-257.0,1.824092596113552
728,0.0003290034201457,-3.069100477685117,4.1764255,4.0071688,4.141121766666667,24.052886179738344,3570.084681233391,120,4.1764255,4.0071688,-0.1692567,3570.084681233391,120,0.7283527789966364,-258.0,1.820881947491591
729,0.0003294193199724,-3.065522485038676,4.1767406000000005,4.0073657,4.141335069166667,23.996090144496858,3570.07868122682,120,4.1767406000000005,4.0073657,-0.1693749000000002,3570.07868122682,120,0.7279936632953556,-259.0,1.819984158238389
730,0.0003207908551537,-2.937078610673826,4.176465,4.0108314,4.141464693333334,22.80214148041948,3570.076681435108,120,4.176465,4.0108314,-0.1656336000000005,3570.076681435108,120,0.7276712803759768,-260.0,1.819178200939942
731,0.0003293853109236,-3.073221775880298,4.176465,4.007051000000001,4.141124400833333,24.084006147321197,3570.0846814531833,120,4.176465,4.007051000000001,-0.1694139999999997,3570.0846814531833,120,0.7270927316145837,-261.0,1.817731829036459
732,0.000326731768303,-3.1135197163738115,4.176662,4.007602200000001,4.141613025,24.45374744989754,3570.092681452632,120,4.176662,4.007602200000001,-0.1690597999999994,3570.092681452632,120,0.7274468126756732,-262.0,1.818617031689183
733,0.0003297442514707,-3.0921217091571465,4.1764255,4.0068932,4.1412379108333335,24.23199507859166,3570.0946814697236,120,4.1764255,4.0068932,-0.1695322999999993,3570.0946814697236,120,0.7268562955444879,-263.0,1.81714073886122
734,0.0003306357752439,-3.068146006521687,4.1763072,4.0066962,4.1409389800000005,24.016488480731923,3570.098681481555,120,4.1763072,4.0066962,-0.1696109999999997,3570.098681481555,120,0.7263297577952476,-264.0,1.815824394488119
735,0.0003520011740289,-3.4740557263827174,4.176268100000001,3.9973633,4.140782104166666,27.84480746531341,3570.122681526467,120,4.176268100000001,3.9973633,-0.1789048000000006,3570.122681526467,120,0.7258211247919923,-265.0,1.814552811979981
736,0.0003291988854318,-3.0733498119819656,4.1763864,4.0071688,4.141177529999999,24.06117901789252,3570.1146815121174,120,4.1763864,4.0071688,-0.1692176000000005,3570.1146815121174,120,0.7259224347870009,-266.0,1.8148060869675025
737,0.0003367637172266,-3.2459157541431165,4.176465,4.003624899999999,4.141243194166667,25.670267052159552,3570.108681485057,120,4.176465,4.003624899999999,-0.172840100000001,3570.108681485057,120,0.7257832660722656,-267.0,1.814458165180664
738,0.0003363041840435,-3.2447672834003725,4.1763072,4.003585299999999,4.141090236666667,25.654166962466597,3570.1006814837456,120,4.1763072,4.003585299999999,-0.1727219000000008,3570.1006814837456,120,0.7254001879596357,-268.0,1.813500469899089
739,0.0003386550442858,-3.2121110375475963,4.1763072,4.0033097,4.14090353,25.34579494454691,3570.112681493163,120,4.1763072,4.0033097,-0.1729975000000001,3570.112681493163,120,0.7251467081311849,-269.0,1.8128667703279624
740,0.0003384582556428,-3.2262929183131672,4.1759529,4.0028372,4.1405927616666665,25.508774445004995,3570.1086812522262,120,4.1759529,4.0028372,-0.1731157000000003,3570.1086812522262,120,0.7245638433123915,-270.0,1.811409608280979
741,0.00033114269408,-3.0836849540664595,4.176110700000001,4.0063028,4.1408231325,24.147037594231925,3570.0946814119816,120,4.176110700000001,4.0063028,-0.1698079000000003,3570.0946814119816,120,0.724451456597005,-271.0,1.8111286414925127
742,0.0003293371603791,-3.1029178606146983,4.1764255,4.0066571,4.1410853366666664,24.365981359661266,3570.1106811910868,120,4.1764255,4.0066571,-0.1697683999999997,3570.1106811910868,120,0.7245729327143009,-272.0,1.811432331785752
743,0.0003441515788926,-3.3872947599178636,4.176110700000001,4.0001197,4.14092091,27.014858831462092,3570.126681536436,120,4.176110700000001,4.0001197,-0.1759910000000006,3570.126681536436,120,0.7242211403085941,-273.0,1.8105528507714852
744,0.0003377403595061,-3.2372516698474465,4.176110700000001,4.0029945,4.140721383333333,25.60046908915973,3570.086681425571,120,4.176110700000001,4.0029945,-0.1731162000000008,3570.086681425571,120,0.7238087344886072,-274.0,1.809521836221518
745,0.000329042522738,-3.1351605514696157,4.1760712,4.0062237000000005,4.140938629166667,24.6302565265408,3570.0886812880635,120,4.1760712,4.0062237000000005,-0.1698474999999994,3570.0886812880635,120,0.7238845420042316,-275.0,1.809711355010579
746,0.0003254299558718,-3.1597013564755625,4.1764255,4.0072083,4.141461423333334,24.850349352290152,3570.098681261763,120,4.1764255,4.0072083,-0.1692171999999994,3570.098681261763,120,0.7242788681551657,-276.0,1.8106971703879144
747,0.0003220995587691,-3.2336101468453062,4.1767797,4.007602200000001,4.142058356666666,25.568999390836048,3570.090681437403,120,4.1767797,4.007602200000001,-0.1691774999999991,3570.090681437403,120,0.7247563270971137,-277.0,1.811890817742784
748,0.0003193058216377,-3.269861740981555,4.1771345,4.0084291,4.1427120891666664,25.90197987370245,3570.106681190431,120,4.1771345,4.0084291,-0.1687054000000003,3570.106681190431,120,0.7253141908582895,-278.0,1.813285477145724
749,0.0003179305178747,-3.292816942205986,4.1773314,4.0088625,4.143098631666667,26.100394718123397,3570.0866812057793,120,4.1773314,4.0088625,-0.1684688999999997,3570.0866812057793,120,0.7256799499470483,-279.0,1.814199874867621
750,0.0001357255750198,-1.412839296999006,4.1739054,4.075809,4.1469021525,10.602298554821203,3570.076681435108,120,4.1739054,4.075809,-0.0980964000000002,3570.076681435108,120,0.963520812621311,-280.0,2.4088020315532774
751,0.000343783519162,-2.9901105004216086,4.1760316,4.0044518,4.140119186666667,23.091043403432323,3570.0986814796925,120,4.1760316,4.0044518,-0.1715797999999999,3570.0986814796925,120,0.7226837237749568,-281.0,1.806709309437392
752,0.0003392524866068,-3.0245867079579543,4.1758347,4.0049639,4.1401910583333335,23.436397192036537,3570.1026812270284,120,4.1758347,4.0049639,-0.1708708000000003,3570.1026812270284,120,0.7221843751110025,-282.0,1.8054609377775064
753,0.0003361995753159,-3.020652375216557,4.175598600000001,4.0053573,4.139983030833333,23.45057137117115,3570.0786814391613,120,4.175598600000001,4.0053573,-0.1702413000000007,3570.0786814391613,120,0.7216586541820742,-283.0,1.8041466354551856
754,0.0003320305835488,-3.0256382106934145,4.1754804,4.0061059000000006,4.1400457008333325,23.57090932059769,3570.0806811973453,120,4.1754804,4.0061059000000006,-0.1693744999999991,3570.0806811973453,120,0.7215387458326827,-284.0,1.8038468645817067
755,0.0003222497136272,-2.8637703014791223,4.1754804,4.0099254,4.139953481666667,22.140628221692147,3570.08268129453,120,4.1754804,4.0099254,-0.1655549999999994,3570.08268129453,120,0.7210824575082468,-285.0,1.802706143770617
756,0.0003313970526144,-3.051946649005526,4.175598600000001,4.0058694,4.140050630833334,23.851185274969076,3570.080681445077,120,4.175598600000001,4.0058694,-0.1697292000000008,3570.080681445077,120,0.7211346990392795,-286.0,1.8028367475981988
757,0.0003314618708505,-3.1210255158978932,4.175598600000001,4.0052395,4.140294440833333,24.513725588322487,3570.09868147783,120,4.175598600000001,4.0052395,-0.1703591000000006,3570.09868147783,120,0.7215373920421009,-287.0,1.803843480105252
758,0.0003311249119687,-3.1360747329170033,4.1755199,4.0052395,4.1403971366666665,24.645296409631236,3570.0966814476997,120,4.1755199,4.0052395,-0.1702804000000002,3570.0966814476997,120,0.7219125270374352,-288.0,1.804781317593588
759,0.0003324240506798,-3.1313970764921906,4.1755199,4.0048456,4.140198931666666,24.58995817189831,3570.0866811685264,120,4.1755199,4.0048456,-0.1706742999999999,3570.0866811685264,120,0.7215124407859157,-289.0,1.8037811019647891
760,0.0003331203200667,-3.1326658241986056,4.175559,4.004530399999999,4.140059483333333,24.616118496458064,3570.0866814292967,120,4.175559,4.004530399999999,-0.1710286000000005,3570.0866814292967,120,0.7207831090136725,-290.0,1.801957772534181
761,0.0003337529614739,-3.1231082176999863,4.1753621,4.0044122,4.1399491841666665,24.523297114720695,3570.088681429625,120,4.1753621,4.0044122,-0.1709499000000001,3570.088681429625,120,0.7197916667175563,-291.0,1.799479166793891
762,0.0003261465571802,-2.9567273004457904,4.175598600000001,4.008232100000001,4.140204865,22.992193768731752,3570.076681403443,120,4.175598600000001,4.008232100000001,-0.1673664999999999,3570.076681403443,120,0.7197598837790796,-292.0,1.799399709447699
763,0.0003346405016324,-3.108758848089878,4.175323000000001,4.004254799999999,4.1397959625,24.38841124752397,3570.078681409359,120,4.175323000000001,4.004254799999999,-0.1710682000000014,3570.078681409359,120,0.7189778841776256,-293.0,1.797444710444064
764,0.0003336014584026,-3.1352566502038837,4.1752834000000005,4.0044122,4.140044710833333,24.618875005420044,3570.0806812383235,120,4.1752834000000005,4.0044122,-0.1708712000000005,3570.0806812383235,120,0.7190327527382812,-294.0,1.797581881845703
765,0.0003323670958943,-3.160993663537114,4.175559,4.0046091,4.14032236,24.88123393083483,3570.082681417465,120,4.175559,4.0046091,-0.1709499000000001,3570.082681417465,120,0.7191762554743929,-295.0,1.7979406386859822
766,0.0003342169047115,-3.130463934097237,4.1753621,4.0041366,4.139852744166666,24.58964730175161,3570.086681425571,120,4.1753621,4.0041366,-0.1712255000000002,3570.086681425571,120,0.7185703020426436,-296.0,1.796425755106609
767,0.0003350347859006,-3.1246887378883046,4.1752443,4.0040188,4.139832703333334,24.537094042014505,3570.088681429625,120,4.1752443,4.0040188,-0.1712255000000002,3570.088681429625,120,0.7182255160745444,-297.0,1.795563790186361
768,0.0003346373455115,-3.1266499129240817,4.1752834000000005,4.0039792,4.1397503425,24.566445645653125,3570.0986814480275,120,4.1752834000000005,4.0039792,-0.1713042000000006,3570.0986814480275,120,0.7179798436940104,-298.0,1.794949609235026
769,0.0003349749990384,-3.113688022712054,4.1752834000000005,4.0041366,4.139773965,24.406553791035748,3570.0826814156026,120,4.1752834000000005,4.0041366,-0.1711468000000007,3570.0826814156026,120,0.7178929651852216,-299.0,1.794732412963054
770,0.0003354900351298,-3.1264024720138694,4.1749682,4.003664,4.139593795833333,24.55459830694596,3570.0986814796925,120,4.1749682,4.003664,-0.1713042000000006,3570.0986814796925,120,0.7174153148287761,-300.0,1.79353828707194
771,0.0003340942444489,-3.132786470270481,4.1752048,4.004057899999999,4.1397775675,24.61012691355655,3570.100681196898,120,4.1752048,4.004057899999999,-0.171146900000001,3570.100681196898,120,0.717354513873264,-301.0,1.79338628468316
772,0.0003501902433951,-3.40053212518056,4.1751652,3.9974816,4.139692911666667,27.161335260945386,3570.126681536436,120,4.1751652,3.9974816,-0.1776836000000003,3570.126681536436,120,0.7173168241087237,-302.0,1.7932920602718092
773,0.0003434781654509,-3.259080444300525,4.1748505,4.0001197,4.139267595000001,25.80092588025434,3570.1146815121174,120,4.1748505,4.0001197,-0.1747307999999998,3570.1146815121174,120,0.7167492186170792,-303.0,1.791873046542698
774,0.0003502778499148,-3.420396479267798,4.1749682,3.9971271,4.1395753975,27.338397974744893,3570.130681205541,120,4.1749682,3.9971271,-0.1778411000000002,3570.130681205541,120,0.7169937019663631,-304.0,1.792484254915908
775,0.000337281417443,-3.095080534602172,4.1746926,4.003231,4.139127148333333,24.250146926450867,3570.09068146348,120,4.1746926,4.003231,-0.1714615999999997,3570.09068146348,120,0.7161566592964409,-305.0,1.7903916482411022
776,0.000344067830831,-3.27452201760643,4.1748505,3.9998443,4.139284673333333,25.93626083869533,3570.110681504011,120,4.1748505,3.9998443,-0.1750061999999999,3570.110681504011,120,0.7160012944717884,-306.0,1.790003236179471
777,0.0003364162716308,-3.1373421770521763,4.1747322,4.0030732,4.1393007425,24.63604192119228,3570.094681473449,120,4.1747322,4.0030732,-0.171659,3570.094681473449,120,0.7155880988319229,-307.0,1.7889702470798072
778,0.0003374441292594,-3.1365522099181025,4.1748109,4.0028372,4.139282373333333,24.64589096637768,3570.1126815006137,120,4.1748109,4.0028372,-0.1719736999999996,3570.1126815006137,120,0.715598944929796,-308.0,1.78899736232449
779,0.0003391197373728,-3.101011206479047,4.1749291,4.002876799999999,4.1392245975,24.31186933894721,3570.1046814620495,120,4.1749291,4.002876799999999,-0.1720523000000007,3570.1046814620495,120,0.7155908943471136,-309.0,1.7889772358677842
780,0.0003381805130057,-3.1069097601792484,4.1747322,4.002876799999999,4.139092363333333,24.353894558373895,3570.096681445837,120,4.1747322,4.002876799999999,-0.171855400000001,3570.096681445837,120,0.7153089706827256,-310.0,1.788272426706814
781,0.0003432344991167,-3.2936026432782803,4.174614,3.9998443,4.13933619,26.109581064045393,3570.128681227565,120,4.174614,3.9998443,-0.1747697000000001,3570.128681227565,120,0.715147900894314,-311.0,1.787869752235785
782,0.0003562606830738,-3.574941870799952,4.1748896,3.9940162,4.1394888058333335,28.83112048012888,3570.1266812514514,120,4.1748896,3.9940162,-0.1808734000000003,3570.1266812514514,120,0.7151982006702476,-312.0,1.787995501675619
783,0.0003421422250225,-3.330598042896685,4.1747322,3.999805,4.139512416666666,26.460991502141376,3570.126681379974,120,4.1747322,3.999805,-0.1749272000000004,3570.126681379974,120,0.7149597537655163,-313.0,1.7873993844137908
784,0.0003403039320807,-3.3343775352632603,4.1750474,4.0003166,4.1396948775,26.499625472410408,3570.1126814913005,120,4.1750474,4.0003166,-0.1747308000000007,3570.1126814913005,120,0.7151309037379556,-314.0,1.787827259344889
785,0.0003379375687274,-3.382437598599214,4.1751261,4.0006318,4.140073583333334,26.946420273994875,3570.132681258023,120,4.1751261,4.0006318,-0.1744943000000001,3570.132681258023,120,0.7156254124450956,-315.0,1.789063531112739
786,0.0003341260938552,-3.425819827339666,4.1754017,4.0016556,4.140815900833333,27.368153740984468,3570.1166815161705,120,4.1754017,4.0016556,-0.1737460999999998,3570.1166815161705,120,0.7164942292558596,-316.0,1.791235573139649
787,0.0003318184606363,-3.486719039604712,4.1757956,4.0017738,4.141176611666666,27.983915105890432,3570.1026811804622,120,4.1757956,4.0017738,-0.1740218000000002,3570.1026811804622,120,0.7165782741770832,-317.0,1.791445685442708
788,0.0003291245811513,-3.5229336295182923,4.176228500000001,4.0025616,4.141800735833334,28.329513743595015,3570.120681513101,120,4.176228500000001,4.0025616,-0.1736669000000006,3570.120681513101,120,0.716906234664171,-318.0,1.7922655866604276
789,0.0003202723237699,-3.3999992303370368,4.1763468,4.0060267,4.142049492500001,27.190811040892847,3570.0946814399213,120,4.1763468,4.0060267,-0.1703201000000005,3570.0946814399213,120,0.7172033201470269,-319.0,1.7930083003675672
790,0.0003355009346603,-3.679119197787605,4.1759925,3.9994504,4.141795153333333,29.864429026695568,3570.116681491956,120,4.1759925,3.9994504,-0.1765421000000002,3570.116681491956,120,0.7168303190590277,-320.0,1.7920757976475692
791,0.0003216804597857,-3.390128783372258,4.1760712,4.0055151,4.141710519166667,27.082319486265227,3570.0766812395304,120,4.1760712,4.0055151,-0.1705560999999997,3570.0766812395304,120,0.7165653282468532,-321.0,1.791413320617133
792,0.0003423821342759,-3.808073562672685,4.1761498,3.9963396,4.1415959625,31.170937285945698,3570.136681560427,120,4.1761498,3.9963396,-0.1798101999999999,3570.136681560427,120,0.7165774271482208,-322.0,1.791443567870552
793,0.0003219677076328,-3.370019135792609,4.176110700000001,4.0055938,4.141620258333333,26.89043340134861,3570.1006814800203,120,4.176110700000001,4.0055938,-0.1705169000000008,3570.1006814800203,120,0.7163450520332036,-323.0,1.790862630083009
794,0.0003278881002318,-3.5535476621591733,4.176228500000001,4.0025616,4.141914935,28.65988582881679,3570.120681516826,120,4.176228500000001,4.0025616,-0.1736669000000006,3570.120681516826,120,0.7162024673913849,-324.0,1.7905061684784622
795,0.0003207091459236,-3.4018000415983347,4.1761894,4.005712,4.141866064166667,27.227239260273073,3570.1106814667583,120,4.1761894,4.005712,-0.1704774000000002,3570.1106814667583,120,0.715867871653212,-325.0,1.78966967913303
796,0.0003218323262825,-3.394605164208306,4.1763468,4.005633400000001,4.141910018333333,27.124835610158293,3570.086681412533,120,4.1763468,4.005633400000001,-0.1707133999999994,3570.086681412533,120,0.7157931077554257,-326.0,1.7894827693885642
797,0.0003211859375019,-3.40118765019117,4.1760316,4.005475499999999,4.141702280833333,27.19794842352208,3570.0906814597547,120,4.1760316,4.005475499999999,-0.1705561000000006,3570.0906814597547,120,0.7153878566504992,-327.0,1.788469641626248
798,0.0003187601855686,-3.465866990751876,4.1761498,4.0056725,4.142088542500001,27.802431870024225,3570.112681509927,120,4.1761498,4.0056725,-0.1704772999999999,3570.112681509927,120,0.7158026711649308,-328.0,1.789506677912327
799,0.0003212041533938,-3.4162843029482315,4.1758742,4.0052395,4.14162318,27.327320105494024,3570.094681272283,120,4.1758742,4.0052395,-0.1706346999999999,3570.094681272283,120,0.714932350100152,-329.0,1.78733087525038
800,0.0001381040130807,-1.6070792957086937,4.1720543,4.0710831,4.144978399166667,12.104779414762088,3570.1186815202236,120,4.1720543,4.0710831,-0.1009712,3570.1186815202236,120,0.7325249383739696,-330.0,1.831312345934924
801,0.0003351591771496,-3.273210659161344,4.1751261,4.0023646,4.139954467500001,25.910159518424663,3570.0846814010292,120,4.1751261,4.0023646,-0.1727615,3570.0846814010292,120,0.716843095784397,-331.0,1.7921077394609923
802,0.0003270599169202,-3.3695601226565812,4.1752834000000005,4.003782299999999,4.140830999166666,26.841512685933424,3570.0886813048273,120,4.1752834000000005,4.003782299999999,-0.1715011000000013,3570.0886813048273,120,0.7168043657072485,-332.0,1.792010914268121
803,0.0003260208573247,-3.387811228794699,4.1757169,4.004097499999999,4.141143098333333,27.022155555928187,3570.086681447923,120,4.1757169,4.004097499999999,-0.1716194000000008,3570.086681447923,120,0.7165148597690971,-333.0,1.791287149422743
804,0.0003239525432466,-3.4220291770458595,4.1757169,4.004254799999999,4.141254339166666,27.35087288113061,3570.0786814428866,120,4.1757169,4.004254799999999,-0.1714621000000011,3570.0786814428866,120,0.7159151785156253,-334.0,1.7897879462890631
805,0.0003219154917387,-3.444170927271896,4.175756,4.0047274,4.1415473941666665,27.566077309047134,3570.088681459427,120,4.175756,4.0047274,-0.1710285999999996,3570.088681459427,120,0.7156927797229821,-335.0,1.789231949307455
806,0.0003229052655324,-3.4351231145229617,4.175756,4.0044518,4.141418736666667,27.517693661867455,3570.086681447923,120,4.175756,4.0044518,-0.1713041999999998,3570.086681447923,120,0.715139122642144,-336.0,1.78784780660536
807,0.0003155762756204,-3.258080403729857,4.1756377,4.0080748,4.141451255833333,25.808310108813806,3570.07468139939,120,4.1756377,4.0080748,-0.1675629,3570.07468139939,120,0.7147412944445533,-337.0,1.7868532361113831
808,0.0003135004587576,-3.302308527112663,4.1759138,4.0083108,4.1417558,26.23045186834046,3570.072681263089,120,4.1759138,4.0083108,-0.1676029999999997,3570.072681263089,120,0.7146500392580293,-338.0,1.786625098145073
809,0.0003406279766089,-3.1978834818823487,4.1740627,4.0005136,4.138336590833333,25.213422390362396,3570.0866814311594,120,4.1740627,4.0005136,-0.1735491000000006,3570.0866814311594,120,0.7098078746830512,-339.0,1.7745196867076278
810,0.0003402921826174,-3.2089059038376333,4.1742201,4.0006318,4.138550564166667,25.344679305056346,3570.0966811608523,120,4.1742201,4.0006318,-0.1735883000000004,3570.0966811608523,120,0.7099279171374784,-340.0,1.774819792843696
811,0.0003409498529167,-3.211252134145206,4.1739054,4.0002775,4.1383172275,25.33137165055859,3570.0826812386513,120,4.1739054,4.0002775,-0.1736278999999996,3570.0826812386513,120,0.709210359051324,-341.0,1.77302589762831
812,0.0003412214552959,-3.2155994893517525,4.1739445,4.0003166,4.138459654166667,25.36785608328903,3570.0906812623143,120,4.1739445,4.0003166,-0.1736279000000005,3570.0906812623143,120,0.7090001531940107,-342.0,1.7725003829850268
813,0.0003486137236166,-3.3617267322578206,4.1739054,3.9968908,4.1383142525,26.78343113662627,3570.1026811990887,120,4.1739054,3.9968908,-0.1770145999999997,3570.1026811990887,120,0.7087269738181428,-343.0,1.771817434545357
814,0.0003566198295315,-3.488812469860084,4.1737871,3.993583,4.1381019575,27.977792648908977,3570.112681388855,120,4.1737871,3.993583,-0.1802041000000001,3570.112681388855,120,0.7081799580873485,-344.0,1.7704498952183712
815,0.000341378630576,-3.2093962685461537,4.1736689,4.0000019,4.138123923333334,25.32927284915985,3570.1126814801246,120,4.1736689,4.0000019,-0.173667,3570.1126814801246,120,0.7078502996684028,-345.0,1.7696257491710072
816,0.0003419289301516,-3.2156240203349236,4.1736298,3.9997656,4.1380536925,25.369425414743972,3570.102681459859,120,4.1736298,3.9997656,-0.1738641999999997,3570.102681459859,120,0.7075748076506081,-346.0,1.76893701912652
817,0.0003518044698137,-3.3219193756484513,4.1736298,3.9963789,4.137892898333334,26.334866523128433,3570.1146815065295,120,4.1736298,3.9963789,-0.1772508999999997,3570.1146815065295,120,0.707295274423286,-347.0,1.768238186058215
818,0.0003570491817677,-3.485742294940948,4.1735506,3.9933071,4.137893550833334,27.964051728581843,3570.120681507513,120,4.1735506,3.9933071,-0.1802435000000004,3570.120681507513,120,0.7072105557485895,-348.0,1.7680263893714738
819,0.0003586934743741,-3.473663550939076,4.1733146,3.9926772000000006,4.137432475,27.827240894446295,3570.1306815370917,120,4.1733146,3.9926772000000006,-0.1806373999999997,3570.1306815370917,120,0.7062432499369572,-349.0,1.765608124842393
820,0.0003412463300041,-3.2351905182944556,4.1736298,3.9997263,4.138150503333334,25.58929351046546,3570.0906814597547,120,4.1736298,3.9997263,-0.1739034999999997,3570.0906814597547,120,0.7068602495203997,-350.0,1.7671506238009993
821,0.0003430385441631,-3.209157577102748,4.1733932000000005,3.9992142,4.137659253333334,25.31922645008475,3570.092681258917,120,4.1733932000000005,3.9992142,-0.1741790000000005,3570.092681258917,120,0.7059915659572481,-351.0,1.7649789148931203
822,0.0003414285850121,-3.2292548833096397,4.1734719,3.9995687000000006,4.1379168674999995,25.49671268710022,3570.1006814800203,120,4.1734719,3.9995687000000006,-0.1739031999999993,3570.1006814800203,120,0.7059887814031036,-352.0,1.764971953507759
823,0.0003508936657941,-3.3622286908589856,4.1732359,3.9956701,4.137541780833334,26.77088714243653,3570.1146815102547,120,4.1732359,3.9956701,-0.1775658,3570.1146815102547,120,0.7054526269280601,-353.0,1.7636315673201504
824,0.0003455356796516,-3.1883839213844936,4.1733146,3.9988205,4.137483019166667,25.09479235635111,3570.102681228891,120,4.1733146,3.9988205,-0.1744941000000004,3570.102681228891,120,0.7053650219212236,-354.0,1.763412554803059
825,0.000358352363748,-3.4903142883726153,4.1733146,3.9926379,4.137517173333333,27.98504377806848,3570.110681500286,120,4.1733146,3.9926379,-0.1806767000000002,3570.110681500286,120,0.7052254029532337,-355.0,1.763063507383084
826,0.0003412183272877,-3.2484104478147686,4.1731963,3.999293100000001,4.137824318333333,25.672171275042565,3570.096681341529,120,4.1731963,3.999293100000001,-0.1739031999999989,3570.096681341529,120,0.7049391002069229,-356.0,1.762347750517307
827,0.0003491654886444,-3.404707501991609,4.1733146,3.9959064,4.137913906666666,27.16289275783454,3570.102681329474,120,4.1733146,3.9959064,-0.1774082000000003,3570.102681329474,120,0.7049359786460501,-357.0,1.7623399466151253
828,0.0003437314158838,-3.2240877058180293,4.1731572,3.9985447,4.1373254925,25.474623372119854,3570.1006812322885,120,4.1731572,3.9985447,-0.1746125000000002,3570.1006812322885,120,0.7041082510347221,-358.0,1.7602706275868052
829,0.0003345617664812,-3.0876390597738053,4.1733146,4.0024433,4.137695341666667,24.178100706185752,3570.0706813503057,120,4.1733146,4.0024433,-0.1708712999999999,3570.0706813503057,120,0.7041681317226564,-359.0,1.760420329306641
830,0.0003596340066896,-3.5054248518364126,4.1729994,3.9920471,4.137358970833334,28.125613430176543,3570.098681429401,120,4.1729994,3.9920471,-0.1809522999999999,3570.098681429401,120,0.7037549465800781,-360.0,1.7593873664501951
831,0.0003445008173599,-3.2229878792422,4.1733146,3.9987023,4.13760082,25.4418703422488,3570.0846814196557,120,4.1733146,3.9987023,-0.1746123000000001,3570.0846814196557,120,0.7039296643180342,-361.0,1.7598241607950853
832,0.0003441982537618,-3.2433452041991937,4.1731176,3.9984267,4.137510251666667,25.633513995214756,3570.086681239307,120,4.1731176,3.9984267,-0.1746909000000003,3570.086681239307,120,0.7034069412003036,-362.0,1.758517353000759
833,0.0003441437373636,-3.2376364981601373,4.1733932000000005,3.9986629,4.137676650833333,25.588049407457,3570.090681416914,120,4.1733932000000005,3.9986629,-0.1747303000000006,3570.090681416914,120,0.7033881230431851,-363.0,1.7584703076079629
834,0.0003435154195293,-3.2446723334274856,4.173078100000001,3.9986236000000006,4.137562444166667,25.624810460772046,3570.098681267351,120,4.173078100000001,3.9986236000000006,-0.1744544999999999,3570.098681267351,120,0.7031526140581595,-364.0,1.757881535145399
835,0.0003515919488855,-3.3753896113354913,4.1729603,3.9952369,4.137347451666667,26.843612007470934,3570.1006814893335,120,4.1729603,3.9952369,-0.1777233999999996,3570.1006814893335,120,0.7027934039240452,-365.0,1.756983509810113
836,0.0003350696870901,-3.089931739205421,4.1729994,4.002089,4.1374666075,24.196021068397407,3570.0846814624965,120,4.1729994,4.002089,-0.1709104000000003,3570.0846814624965,120,0.7027362697907984,-366.0,1.756840674476996
837,0.0003579072950445,-3.5371153652058114,4.1731963,3.9922047,4.137552295,28.446258127763254,3570.108681499958,120,4.1731963,3.9922047,-0.1809916,3570.108681499958,120,0.7028483792848308,-367.0,1.757120948212077
838,0.000340180980242,-3.2963410867402776,4.173353700000001,3.9990568,4.1379604925,26.13929213881176,3570.1106815021485,120,4.173353700000001,3.9990568,-0.1742969000000007,3570.1106815021485,120,0.7030301161816404,-368.0,1.7575752904541009
839,0.0003320236480887,-3.1577397480562923,4.1733932000000005,4.0026402,4.138197484166667,24.80864269395601,3570.076681287959,120,4.1733932000000005,4.0026402,-0.1707530000000003,3570.076681287959,120,0.7032030135761717,-369.0,1.758007533940429
840,0.0003340296120024,-3.3958821225262894,4.1742597,4.0002775,4.139091706666667,27.101643516199104,3570.088681457564,120,4.1742597,4.0002775,-0.1739822000000002,3570.088681457564,120,0.703993582337022,-370.0,1.759983955842555
841,0.0003392119171428,-3.5869863549519203,4.1742597,3.9975603,4.1396144725,28.92080683086683,3570.0986814796925,120,4.1742597,3.9975603,-0.1766994000000004,3570.0986814796925,120,0.704499099720594,-371.0,1.7612477493014849
842,0.0003310850757785,-3.433458335244319,4.1743779000000005,4.001183,4.1397897225,27.436780327260585,3570.094681467861,120,4.1743779000000005,4.001183,-0.1731949000000003,3570.094681467861,120,0.7047233294724389,-372.0,1.761808323681097
843,0.0003285254245122,-3.4758787797048645,4.174653500000001,4.0014586,4.140050944166667,27.886819431895205,3570.1046814881265,120,4.174653500000001,4.0014586,-0.1731949000000003,3570.1046814881265,120,0.7049139305659721,-373.0,1.7622848264149302
844,0.0003279604817725,-3.4926457197329337,4.1747322,4.0015769,4.140248826666666,28.057027832744105,3570.0986814796925,120,4.1747322,4.0015769,-0.1731553000000003,3570.0986814796925,120,0.7049561234848088,-374.0,1.762390308712022
845,0.0003268839911499,-3.5164179107483373,4.1748109,4.0017347,4.140432924166666,28.27495025587998,3570.072681389749,120,4.1748109,4.0017347,-0.1730761999999996,3570.072681389749,120,0.7048991408157557,-375.0,1.7622478520393892
846,0.0003189037475648,-3.345282125938405,4.1748109,4.0053968,4.140474934999999,26.63573034503073,3570.0766812115908,120,4.1748109,4.0053968,-0.1694141,3570.0766812115908,120,0.7047230203039276,-376.0,1.761807550759819
847,0.0003265609921812,-3.526750963830761,4.1748109,4.0017347,4.1404906975,28.386247986344245,3570.08268144913,120,4.1748109,4.0017347,-0.1730761999999996,3570.08268144913,120,0.7044820958606772,-377.0,1.761205239651693
848,0.0003278255167779,-3.5135279070361207,4.1748109,4.0013409,4.140220923333334,28.262162045069378,3570.086681459099,120,4.1748109,4.0013409,-0.17347,3570.086681459099,120,0.7040220889112412,-378.0,1.760055222278103
849,0.0003285868511795,-3.4928862948772355,4.1747718,4.0014982,4.140287229166667,28.042479208785288,3570.074681242928,120,4.1747718,4.0014982,-0.1732735999999999,3570.074681242928,120,0.7039658247860244,-379.0,1.7599145619650611
850,0.0001369177479207,-1.442757133193612,4.1702037,4.0710831,4.1428777975,10.876563735672578,3570.070681227371,120,4.1702037,4.0710831,-0.0991206,3570.070681227371,120,0.9199834154628372,-380.0,2.299958538657093
851,0.0003563289914918,-3.154475958508604,4.172448200000001,3.9963002,4.136469965833333,24.59102703949317,3570.076681200415,120,4.172448200000001,3.9963002,-0.1761480000000008,3570.076681200415,120,0.6995462230208334,-381.0,1.7488655575520833
852,0.0003506426794887,-3.20048769477201,4.1723299,3.9969697,4.1366399625,25.073512777303183,3570.0726814195514,120,4.1723299,3.9969697,-0.1753602,3570.0726814195514,120,0.6991019388028432,-382.0,1.747754847007108
853,0.0003390451287221,-3.0031979193895384,4.1725268,4.0016165,4.136642574166667,23.32985226875978,3570.072681421414,120,4.1725268,4.0016165,-0.1709103,3570.072681421414,120,0.6988312784227428,-383.0,1.747078196056857
854,0.0003338036207567,-3.032974429365442,4.172448200000001,4.0024037,4.1368023875,23.64773387514616,3570.068681417033,120,4.172448200000001,4.0024037,-0.1700445000000003,3570.068681417033,120,0.698658510732964,-384.0,1.74664627683241
855,0.000350824854521,-3.395051272593412,4.1724877000000005,3.9946461,4.136869001666667,27.06235570534394,3570.078681273386,120,4.1724877000000005,3.9946461,-0.1778416000000002,3570.078681273386,120,0.6988603033712024,-385.0,1.747150758428006
856,0.0003385298678372,-3.138290285109098,4.1722908,3.9998837,4.136566458333333,24.661747447743352,3570.0786814391613,120,4.1722908,3.9998837,-0.1724071,3570.0786814391613,120,0.698871737195204,-386.0,1.74717934298801
857,0.0003391078449927,-3.119729515543637,4.172408600000001,4.0001197,4.136653727500001,24.453874235951567,3570.0726814195514,120,4.172408600000001,4.0001197,-0.1722889000000007,3570.0726814195514,120,0.6993458723204211,-387.0,1.748364680801053
858,0.0003381498107294,-3.1473788359330417,4.1723299,4.0001593,4.136859492499999,24.73161726972046,3570.066681282595,120,4.1723299,4.0001593,-0.1721706000000002,3570.066681282595,120,0.6988846339490019,-388.0,1.7472115848725047
859,0.0003399893583258,-3.125309438065283,4.1722512,3.9997656,4.1365526558333325,24.51256881199283,3570.0606814026833,120,4.1722512,3.9997656,-0.1724855999999999,3570.0606814026833,120,0.697594867213976,-389.0,1.74398716803494
860,0.0003454943532951,-3.3092418152133134,4.1726451,3.9968121,4.136970075833333,26.278120366431423,3570.0886812303215,120,4.1726451,3.9968121,-0.1758330000000003,3570.0886812303215,120,0.697939890621528,-390.0,1.74484972655382
861,0.0003561718499576,-3.4277672771783436,4.1721330000000005,3.9925983,4.1362924275,27.377674609837804,3570.084681449458,120,4.1721330000000005,3.9925983,-0.1795347000000005,3570.084681449458,120,0.696854902945638,-391.0,1.742137257364095
862,0.00035022304321,-3.2810330293594525,4.171936,3.9953945,4.1361470208333335,25.990220354032765,3570.0866814311594,120,4.171936,3.9953945,-0.1765414999999994,3570.0866814311594,120,0.6966348961226128,-392.0,1.741587240306532
863,0.000357024836739,-3.42811508830266,4.1720543,3.9924409,4.1363098166666665,27.379256695523218,3570.1086814701557,120,4.1720543,3.9924409,-0.1796134,3570.1086814701557,120,0.6964521344047309,-393.0,1.741130336011827
864,0.0003577533913954,-3.4170086621363263,4.1721330000000005,3.9924409,4.136326871666666,27.27497524370834,3570.0946814287454,120,4.1721330000000005,3.9924409,-0.1796921000000004,3570.0946814287454,120,0.6963748392497828,-394.0,1.7409370981244572
865,0.000341586249544,-3.1139534983667496,4.1718574,3.9989779,4.135980679166667,24.436252509043182,3570.084681360051,120,4.1718574,3.9989779,-0.1728795000000005,3570.084681360051,120,0.6958088893406031,-395.0,1.7395222233515075
866,0.0003490769552097,-3.2971760253800246,4.1721725,3.9956701,4.136364945,26.12483329575778,3570.084681449458,120,4.1721725,3.9956701,-0.1765024000000004,3570.084681449458,120,0.6960239607667099,-396.0,1.7400599019167748
867,0.0003483527369249,-3.2865606400322034,4.172015200000001,3.9959064,4.1363209733333335,26.018627329337605,3570.0966814812273,120,4.172015200000001,3.9959064,-0.1761088000000006,3570.0966814812273,120,0.6956847815083549,-397.0,1.7392119537708872
868,0.0003508011896762,-3.251797913803664,4.1718183,3.9953156,4.13581004,25.696816654429867,3570.090681461618,120,4.1718183,3.9953156,-0.1765026999999999,3570.090681461618,120,0.69494285763227,-398.0,1.737357144080675
869,0.0003495731067553,-3.287521613123993,4.1718574,3.9953945,4.136067619166667,26.02778340104905,3570.106681479141,120,4.1718574,3.9953945,-0.1764629000000002,3570.106681479141,120,0.6949477756995444,-399.0,1.737369439248861
870,0.0003482259918835,-3.2958458081022752,4.1718574,3.9955518,4.136053854166667,26.10794560889359,3570.1026814896613,120,4.1718574,3.9955518,-0.1763056000000005,3570.1026814896613,120,0.6946574528229167,-400.0,1.7366436320572918
871,0.0003555355528654,-3.4594000527757447,4.1720939,3.9924016,4.136348871666667,27.68941589373305,3570.096681209281,120,4.1720939,3.9924016,-0.1796923000000001,3570.096681209281,120,0.6952512302492403,-401.0,1.7381280756231008
872,0.0003511097386882,-3.2570011318606276,4.1715422,3.9949219,4.135563549166666,25.765390642772125,3570.1006811577827,120,4.1715422,3.9949219,-0.1766203000000001,3570.1006811577827,120,0.6940708624775391,-402.0,1.7351771561938478
873,0.0003505116663541,-3.2821991963586763,4.1716213,3.9950399,4.135847433333334,25.98651992879407,3570.0946812927723,120,4.1716213,3.9950399,-0.1765813999999999,3570.0946812927723,120,0.6941059411228296,-403.0,1.735264852807074
874,0.0003626595688335,-3.629034684318913,4.1718574,3.9889753,4.136332456666667,29.31438841727406,3570.118681240827,120,4.1718574,3.9889753,-0.1828821000000005,3570.118681240827,120,0.6942962577147344,-404.0,1.735740644286836
875,0.0003595603860639,-3.6646143096888135,4.1726055,3.9900386,4.1371873358333335,29.675367532598017,3570.1286812294275,120,4.1726055,3.9900386,-0.1825669000000003,3570.1286812294275,120,0.695331036969944,-405.0,1.73832759242486
876,0.0003469816597378,-3.6014232224326586,4.172881100000001,3.9940555,4.137882736666667,29.05326519549771,3570.108681499958,120,4.172881100000001,3.9940555,-0.1788256000000005,3570.108681499958,120,0.6959393371376956,-406.0,1.739848342844239
877,0.0003362508930439,-3.5022019797987167,4.1729994,3.9976785,4.138170233333333,28.11890082313888,3570.1026814933866,120,4.1729994,3.9976785,-0.1753209,3570.1026814933866,120,0.6961417510786673,-407.0,1.740354377696668
878,0.000333993653308,-3.5536638665943903,4.1735115,3.9983084,4.13890925,28.61741737795645,3570.1026814728975,120,4.1735115,3.9983084,-0.1752031,3570.1026814728975,120,0.69685913403852,-408.0,1.7421478350963
879,0.0003430843742058,-3.651372664385371,4.1736689,3.9951975,4.138818335833333,29.580703069972714,3570.11268141307,120,4.1736689,3.9951975,-0.1784713999999998,3570.11268141307,120,0.6968129358920356,-409.0,1.742032339730089
880,0.0003398367780719,-3.709884022740402,4.173708400000001,3.9956307,4.139220338333334,30.154591185518974,3570.104681458324,120,4.173708400000001,3.9956307,-0.1780777000000006,3570.104681458324,120,0.6968820770935328,-410.0,1.742205192733832
881,0.0003665715010994,-3.576410069515087,4.1714244,3.9880302,4.135570456666667,28.807115414452426,3570.1286815069616,120,4.1714244,3.9880302,-0.1833942000000004,3570.1286815069616,120,0.6919739271225044,-411.0,1.729934817806261
882,0.0003522882876249,-3.3001406979581764,4.1716604,3.9944098,4.135793599166666,26.15795926196311,3570.092681426555,120,4.1716604,3.9944098,-0.1772506000000002,3570.092681426555,120,0.6921307477062716,-412.0,1.730326869265679
883,0.0003522656995163,-3.3260684997162855,4.1713457,3.9938192,4.135515649166667,26.410795319417986,3570.100681439042,120,4.1713457,3.9938192,-0.1775264999999999,3570.100681439042,120,0.6914691333032769,-413.0,1.7286728332581922
884,0.0003588864842291,-3.715324896253341,4.1724877000000005,3.9894874,4.137098065833333,30.19581974807585,3570.132681520656,120,4.1724877000000005,3.9894874,-0.1830003000000006,3570.132681520656,120,0.6932448658452691,-414.0,1.7331121646131729
885,0.0003376082852241,-3.5129857125428283,4.172920700000001,3.997206,4.1381167125,28.23573503718919,3570.088681427762,120,4.172920700000001,3.997206,-0.1757147000000007,3570.088681427762,120,0.6945267437010628,-415.0,1.736316859252657
886,0.0003443318800192,-3.6744208431618017,4.173353700000001,3.9944494,4.138561735,29.778765993078473,3570.114681219682,120,4.173353700000001,3.9944494,-0.1789043000000005,3570.114681219682,120,0.6950469070813805,-416.0,1.7376172677034512
887,0.0003421090820741,-3.7228931058802663,4.1735902000000005,3.9946856,4.138901033333334,30.285260741281657,3570.0926814600825,120,4.1735902000000005,3.9946856,-0.1789046000000005,3570.0926814600825,120,0.6952322432211372,-417.0,1.738080608052843
888,0.0003481149041681,-3.861663384437106,4.173353700000001,3.9918108,4.138839683333333,31.67411517982397,3570.128681542352,120,4.173353700000001,3.9918108,-0.1815429000000006,3570.128681542352,120,0.6948819395185545,-418.0,1.7372048487963865
889,0.0003406213689188,-3.7513830593971993,4.1736298,3.9948037,4.1390496725,30.595600168797404,3570.1246815305203,120,4.1736298,3.9948037,-0.1788260999999997,3570.1246815305203,120,0.6949966126668832,-419.0,1.737491531667208
890,0.0003417166761147,-3.7181775403254824,4.173708400000001,3.9948037,4.138915819999999,30.26973778983748,3570.1326815523207,120,4.173708400000001,3.9948037,-0.1789047000000008,3570.1326815523207,120,0.694870019424696,-420.0,1.73717504856174
891,0.0003400393435651,-3.7493761621802144,4.1735902000000005,3.9948823,4.138992265833333,30.586590866024167,3570.1266815066338,120,4.1735902000000005,3.9948823,-0.1787079000000004,3570.1266815066338,120,0.6946965195090063,-421.0,1.736741298772516
892,0.0003417410317559,-3.725647871576962,4.1733932000000005,3.9944887,4.138694630833333,30.350524504666232,3570.0926811601967,120,4.1733932000000005,3.9944887,-0.1789045000000007,3570.0926811601967,120,0.6941080412724608,-422.0,1.7352701031811522
893,0.0003412154730873,-3.74192313228799,4.1734719,3.9945281,4.138830165,30.53895300568241,3570.1166812125593,120,4.1734719,3.9945281,-0.1789437999999998,3570.1166812125593,120,0.694194032853082,-423.0,1.735485082132705
894,0.0003483751744474,-3.8956642403182498,4.1735506,3.9915352,4.139030640833334,32.053851471813736,3570.120681520551,120,4.1735506,3.9915352,-0.1820154000000005,3570.120681520551,120,0.6944602473828128,-424.0,1.736150618457032
895,0.000342010758182,-3.7237817691800967,4.1733932000000005,3.9943311,4.1385886275,30.34836311578232,3570.106681501493,120,4.1733932000000005,3.9943311,-0.1790621000000003,3570.106681501493,120,0.693712916163194,-425.0,1.7342822904079849
896,0.0003335423517312,-3.593476295667039,4.173353700000001,3.9977179,4.138738589166667,29.075005276401107,3570.0926814395934,120,4.173353700000001,3.9977179,-0.1756358000000006,3570.0926814395934,120,0.6936089977554253,-426.0,1.7340224943885632
897,0.0003339344022243,-3.584199128774841,4.1734328000000005,3.9975996,4.1385994475,28.98389456438686,3570.1046814620495,120,4.1734328000000005,3.9975996,-0.1758332000000004,3570.1046814620495,120,0.69324267082704,-427.0,1.7331066770676
898,0.0003311689526115,-3.634015578766088,4.1735902000000005,3.9981511,4.139123531666667,29.474158744926847,3570.1146815121174,120,4.1735902000000005,3.9981511,-0.1754391000000006,3570.1146815121174,120,0.693734319573134,-428.0,1.7343357989328352
899,0.0003422328844063,-3.72732949083639,4.173275,3.9942129,4.138552174166667,30.379211050373776,3570.12668129988,120,4.173275,3.9942129,-0.1790621000000003,3570.12668129988,120,0.6928710666660157,-429.0,1.7321776666650393
901,0.0003487689432432,-3.1888339676282005,4.1713061,3.9960244,4.135305611666667,25.069796604919095,3570.0946814008057,120,4.1713061,3.9960244,-0.1752816999999997,3570.0946814008057,120,0.6919582212909072,-431.0,1.729895553227268
902,0.0003526971575651,-3.3910612790427237,4.1713061,3.9927952000000007,4.135337765,27.01714967940935,3570.0946814697236,120,4.1713061,3.9927952000000007,-0.1785108999999991,3570.0946814697236,120,0.6914353719920789,-432.0,1.7285884299801972
903,0.0003566234405365,-3.336164440986664,4.1710305,3.9921651,4.1348593283333335,26.5097616834452,3570.0806813910604,120,4.1710305,3.9921651,-0.1788653999999998,3570.0806813910604,120,0.690705844735026,-433.0,1.7267646118375652
904,0.0003538400547544,-3.377772636606229,4.1709909,3.9924803,4.1351136375,26.905327832782874,3570.0766814425588,120,4.1709909,3.9924803,-0.1785105999999996,3570.0766814425588,120,0.6901830532109375,-434.0,1.725457633027344
905,0.0003530577856373,-3.3969046891162025,4.1710305,3.9925983,4.135305616666667,27.091402635082066,3570.0986811798066,120,4.1710305,3.9925983,-0.1784321999999996,3570.0986811798066,120,0.6896779289404296,-435.0,1.724194822351074
906,0.0003624489896922,-3.50476394502182,4.1709123,3.9892116,4.135063763333333,28.101463298084376,3570.112681478262,120,4.1709123,3.9892116,-0.1817007000000003,3570.112681478262,120,0.6890699544014756,-436.0,1.722674886003689
907,0.0003565712171505,-3.3274769881633044,4.1709123,3.992362,4.1349068891666665,26.394208950217944,3570.086681181565,120,4.1709123,3.992362,-0.1785503000000003,3570.086681181565,120,0.6885586940492624,-437.0,1.721396735123156
908,0.0003548058645049,-3.3879223428160916,4.1709909,3.9921651,4.1350946125,26.984859972043616,3570.0946811512113,120,4.1709909,3.9921651,-0.1788257999999998,3570.0946811512113,120,0.6882917797768011,-438.0,1.720729449442003
909,0.0003537423645836,-3.376714929437586,4.1708336,3.9923227,4.1349269025,26.89676063232431,3570.1006813850254,120,4.1708336,3.9923227,-0.1785109,3570.1006813850254,120,0.688051171584744,-439.0,1.72012792896186
910,0.0003563067945682,-3.357190426221432,4.1706762,3.991732100000001,4.1346033391666674,26.69800883836998,3570.100681493059,120,4.1706762,3.991732100000001,-0.1789440999999989,3570.100681493059,120,0.687374903078342,-440.0,1.718437257695855
911,0.0003666562298918,-3.473948764742476,4.1705971,3.9881091,4.13442579,27.792827957629015,3570.0846814531833,120,4.1705971,3.9881091,-0.1824880000000002,3570.0846814531833,120,0.6870406128041452,-441.0,1.717601532010363
912,0.0003564461990222,-3.372813937921717,4.170794,3.9916139,4.134704433333334,26.850092948710156,3570.0806814208627,120,4.170794,3.9916139,-0.1791800999999999,3570.0806814208627,120,0.6867776629585508,-442.0,1.716944157396377
913,0.0003652918364635,-3.4906388230432053,4.1705971,3.9881485,4.1344015,27.96183177419919,3570.1006814800203,120,4.1705971,3.9881485,-0.1824486000000003,3570.1006814800203,120,0.6860203138862848,-443.0,1.7150507847157122
914,0.0003702441737239,-3.681772525634644,4.1709123,3.9853919,4.134881300833333,29.816746054332548,3570.116681482643,120,4.1709123,3.9853919,-0.1855204000000001,3570.116681482643,120,0.6865783634326168,-444.0,1.716445908581542
915,0.0003504053198962,-3.446649722286294,4.1710305,3.9929922,4.135696445833334,27.51938909482528,3570.0906814280897,120,4.1710305,3.9929922,-0.1780382999999994,3570.0906814280897,120,0.6872828765728084,-445.0,1.718207191432021
916,0.0003627980174779,-3.5390322899499007,4.1704793,3.988306,4.134639770000001,28.441274762788147,3570.102681459859,120,4.1704793,3.988306,-0.1821733000000001,3570.102681459859,120,0.6856515209640841,-446.0,1.7141288024102102
917,0.0003560270872363,-3.3899946252973456,4.1706367,3.9914958,4.134717194166667,27.022275693088076,3570.0926811974496,120,4.1706367,3.9914958,-0.1791409000000001,3570.0926811974496,120,0.6852930303450521,-447.0,1.71323257586263
918,0.0003558930122526,-3.397625303109016,4.1704001,3.99122,4.134498950833334,27.091251953167877,3570.092681372538,120,4.1704001,3.99122,-0.1791800999999999,3570.092681372538,120,0.6848537100123699,-448.0,1.712134275030925
919,0.0003502937131449,-3.197913942059574,4.1704793,3.994725,4.134446456666667,25.17629701479005,3570.078681441024,120,4.1704793,3.994725,-0.1757543000000003,3570.078681441024,120,0.6846568405575089,-449.0,1.7116421013937722
920,0.0003673983551943,-3.49226499911062,4.1702428,3.987282,4.133992294166666,27.994466266666898,3570.094681173563,120,4.1702428,3.987282,-0.1829607999999996,3570.094681173563,120,0.6837817244313152,-450.0,1.709454311078288
921,0.0003571871731794,-3.391876430323196,4.1702824,3.9908264,4.134298120833334,27.03613037266724,3570.1046814881265,120,4.1702824,3.9908264,-0.1794559999999996,3570.1046814881265,120,0.6838205302916672,-451.0,1.709551325729168
922,0.0003644318773191,-3.536321904529444,4.1706762,3.9879909,4.134638444999999,28.429925920581695,3570.1106813810766,120,4.1706762,3.9879909,-0.1826853000000001,3570.1106813810766,120,0.6843187252446827,-452.0,1.7107968131117068
923,0.0003599939030429,-3.3684764060221952,4.1702824,3.9903932,4.134129465833334,26.79751127473228,3570.09868147783,120,4.1702824,3.9903932,-0.1798891999999994,3570.09868147783,120,0.6833116973289937,-453.0,1.708279243322484
924,0.0003657055412438,-3.5499587169111915,4.1703215,3.9872427,4.13429715,28.55309056341127,3570.1086814925075,120,4.1703215,3.9872427,-0.1830788000000001,3570.1086814925075,120,0.6832672332931861,-454.0,1.708168083232965
925,0.0003662470797173,-3.5333755196468304,4.1701641,3.987164,4.134132083333333,28.392243028548783,3570.124681489542,120,4.1701641,3.987164,-0.1830001000000001,3570.124681489542,120,0.6828748662853732,-455.0,1.707187165713433
926,0.0003664014027342,-3.54157196805354,4.1700854,3.986888200000001,4.133981105,28.468379437148812,3570.1146814804524,120,4.1700854,3.986888200000001,-0.1831971999999986,3570.1146814804524,120,0.6825332105799696,-456.0,1.706333026449924
927,0.0003602305279155,-3.3769578456390277,4.1701245,3.9901173,4.133990959166667,26.867488111975163,3570.104681458324,120,4.1701245,3.9901173,-0.1800071999999999,3570.104681458324,120,0.6824811263240019,-457.0,1.7062028158100049
928,0.0003597694286507,-3.3805338016296647,4.1701245,3.9901173,4.133964701666667,26.922429596899825,3570.0766814071685,120,4.1701245,3.9901173,-0.1800071999999999,3570.0766814071685,120,0.6824119762165799,-458.0,1.70602994054145
930,0.0003565906661324,-3.422100293188318,4.1700854,3.9903932,4.134111083333334,27.32956277526111,3570.0966814793646,120,4.1700854,3.9903932,-0.1796921999999994,3570.0966814793646,120,0.6820704315451391,-460.0,1.7051760788628478
933,0.0003581099904139,-3.430242731950261,4.1700459,3.98996,4.134066771666666,27.397159442582705,3570.1046814508736,120,4.1700459,3.98996,-0.1800858999999999,3570.1046814508736,120,0.6815660047326388,-463.0,1.703915011831597
938,0.0003600884010346,-3.407976717568806,4.1700854,3.9895661,4.133835749166667,27.211272423143527,3570.1206815000623,120,4.1700854,3.9895661,-0.1805192999999998,3570.1206815000623,120,0.680128003634874,-468.0,1.700320009087185
946,0.0003495956912827,-3.303583751162336,4.1700854,3.9930708,4.1339991708333335,26.23618284134222,3570.0726814176887,120,4.1700854,3.9930708,-0.1770145999999997,3570.0726814176887,120,0.6805535614487848,-476.0,1.701383903621962
951,0.0003614264186836,-3.4487097185640554,4.1700854,3.9888966,4.133894168333334,27.579736139977346,3570.1046814974397,120,4.1700854,3.9888966,-0.1811887999999997,3570.1046814974397,120,0.6784039211816407,-481.0,1.6960098029541018
956,0.0003699872439298,-3.844218769732976,4.1701641,3.9835014,4.13480288,31.4213638414482,3570.1186814904213,120,4.1701641,3.9835014,-0.1866626999999998,3570.1186814904213,120,0.6780268653366972,-486.0,1.695067163341743
957,0.0003576012808385,-3.785114769183479,4.1707549,3.9875183,4.1356361024999995,30.86770500205203,3570.1266815029085,120,4.1707549,3.9875183,-0.1832366000000003,3570.1266815029085,120,0.678799786019314,-487.0,1.696999465048285
958,0.0003610793606277,-3.982387675812462,4.1711488,3.9853919,4.136431896666667,32.8414696874623,3570.124681252986,120,4.1711488,3.9853919,-0.1857568999999999,3570.124681252986,120,0.6796236538542751,-488.0,1.6990591346356878
959,0.0003430988720262,-3.736454441427613,4.1718183,3.992362,4.136948105833333,30.429892451307,3570.1026814933866,120,4.1718183,3.992362,-0.1794563,3570.1026814933866,120,0.6801025538849828,-489.0,1.700256384712457
960,0.0003437207554012,-3.703846045798051,4.1718574,3.992559,4.1369287425,30.12598382980031,3570.104681489989,120,4.1718574,3.992559,-0.1792984000000004,3570.104681489989,120,0.6800907080793184,-490.0,1.700226770198296
961,0.0003429444727403,-3.7326438076637816,4.1717787,3.992244,4.136809269166666,30.448471690587525,3570.0886812824756,120,4.1717787,3.992244,-0.1795347,3570.0886812824756,120,0.679891476825738,-491.0,1.699728692064345
962,0.0003547293995188,-3.818456996694955,4.171503100000001,3.9880302,4.136074528333333,31.352958689756058,3570.1166812479496,120,4.171503100000001,3.9880302,-0.1834729000000008,3570.1166812479496,120,0.6791178934631075,-492.0,1.6977947336577688
963,0.0003587401893119,-3.74179187034773,4.1710696,3.987164,4.135240946666667,30.65276634125818,3570.1266815066338,120,4.1710696,3.987164,-0.1839056000000001,3570.1266815066338,120,0.6781568488080512,-493.0,1.6953921220201278
985,0.0003607424017746,-3.830104195142301,4.1700068,3.985628100000001,4.1348793275,31.293165976253363,3570.108681499958,120,4.1700068,3.985628100000001,-0.1843786999999994,3570.108681499958,120,0.6730940710536027,-515.0,1.682735177634007
986,0.0003491896168662,-3.745341362265694,4.1704793,3.9896448,4.135582245833334,30.491488939239645,3570.0946814715862,120,4.1704793,3.9896448,-0.1808345,3570.0946814715862,120,0.6737097007305771,-516.0,1.6842742518264429
987,0.0003628224011875,-4.063852298050009,4.1708336,3.983659,4.135988221666667,33.70158183760389,3570.122681280598,120,4.1708336,3.983659,-0.1871746,3570.122681280598,120,0.6740919150506725,-517.0,1.685229787626681
992,0.0003548017015185,-3.956671405865696,4.170794,3.986573200000001,4.136048933333333,32.62188171736752,3570.13268148154,120,4.170794,3.986573200000001,-0.1842207999999989,3570.13268148154,120,0.6732532308845484,-522.0,1.6831330772113708
993,0.0003466160103529,-3.798298677946144,4.1706762,3.9897237,4.135788679166667,31.09787044501831,3570.1206815000623,120,4.1706762,3.9897237,-0.1809525,3570.1206815000623,120,0.6729410215438368,-523.0,1.682352553859592
994,0.0003707525322445,-3.938905777218584,4.1702824,3.9817687999999993,4.134475011666667,32.55307894702444,3570.1146811600775,120,4.1702824,3.9817687999999993,-0.1885136000000002,3570.1146811600775,120,0.6716267069739583,-524.0,1.6790667674348958
1019,0.0003514871940132,-3.858137575087046,4.1701641,3.9873607,4.135078509166666,31.660041461972796,3570.092681210488,120,4.1701641,3.9873607,-0.1828034,3570.092681210488,120,0.6684379820163844,-549.0,1.671094955040961
1020,0.000349793982505,-3.881594982606661,4.1703215,3.9879122,4.135529795,31.890976935045664,3570.1026814896613,120,4.1703215,3.9879122,-0.1824093000000002,3570.1026814896613,120,0.668931840242188,-550.0,1.67232960060547
