cycle_number,relax_var,relax_ske,relax_max,relax_min,relax_mean,relax_kur,relax_duration_s,relax_points,relax_start_voltage,relax_end_voltage,relax_voltage_delta,window_s,window_points,SOH,RUL,discharge_capacity_in_Ah
1,3.955516464248407e-09,-0.1598998009524897,4.400157451629639,4.399862766265869,4.399985437807829,0.2894830423537464,537.4603603603318,115,4.399862766265869,4.399939060211182,7.62939453125e-05,537.4603603603318,115,1.0320518786708517,571.0,0.2476924508810043
2,3.306729780436e-09,0.0955392893454897,4.400091648101807,4.399867534637451,4.399984962061832,-0.5244750411094752,532.0614614614751,114,4.40006160736084,4.400015354156494,-4.6253204345703125e-05,532.0614614614751,114,1.0315499578913054,570.0,0.2475719898939132
3,2.701253627789922e-09,-0.269147970108144,4.400088310241699,4.3998637199401855,4.399994984007718,-0.584601364410029,531.5581081081182,114,4.399990558624268,4.400015354156494,2.47955322265625e-05,531.5581081081182,114,1.0312333082159362,569.0,0.2474959939718246
4,7.970146636893656e-10,-0.2958183584860662,4.400091648101807,4.399939060211182,4.399995736908495,0.2439740561630388,531.3692092092242,114,4.399939060211182,4.400091648101807,0.000152587890625,531.3692092092242,114,1.0309623554348946,568.0,0.2474309653043747
5,2.0405478695589926e-09,-0.1666691166327788,4.40009069442749,4.399867057800293,4.3999787456584425,-0.1069069396432964,520.4941441441188,106,4.400049209594727,4.399939060211182,-0.0001101493835449,520.4941441441188,106,1.0337309911847117,567.0,0.2480954378843307
6,1.5386140118825975e-09,0.3311872019580359,4.400089263916016,4.399939060211182,4.399993866413563,-0.496282536197687,516.6707707707537,111,4.400015354156494,4.400015354156494,0.0,516.6707707707537,111,1.0330934698383014,566.0,0.2479424327611923
7,2.676187489577625e-09,0.8182518507881258,4.400165557861328,4.399939060211182,4.400008652661298,0.744811716252844,516.2325325325364,111,4.400030612945557,4.400015354156494,-1.52587890625e-05,516.2325325325364,111,1.0325457279880843,565.0,0.2478109747171402
8,2.8268157482859207e-09,-0.1302378912861921,4.400091648101807,4.399866104125977,4.399991022456776,-0.488619784227231,511.0245145144872,110,4.400040149688721,4.400091648101807,5.14984130859375e-05,511.0245145144872,110,1.0320560385783517,564.0,0.2476934492588043
9,2.7242294056776763e-09,-0.2765414835079895,4.400089740753174,4.399863243103027,4.399979496861364,-0.351118310361818,515.7513513513841,111,4.399983882904053,4.400015354156494,3.147125244140625e-05,515.7513513513841,111,1.031408210595449,563.0,0.2475379705429077
10,2.785897950913924e-09,-0.0920471805808409,4.400088310241699,4.399869918823242,4.399990073195449,-0.5153157194866149,515.764564564568,111,4.400008201599121,4.400015354156494,7.152557373046875e-06,515.764564564568,111,1.0310686503847442,562.0,0.2474564760923385
11,1.3030688588787472e-09,0.2246714305307696,4.400089263916016,4.39993953704834,4.400005438498089,-0.2696648651477122,520.4722222222481,112,4.399947643280029,4.400015354156494,6.771087646484375e-05,520.4722222222481,112,1.0306854421893756,561.0,0.2473645061254501
12,1.6319483650897404e-09,1.0730683599452748,4.400087833404541,4.399864673614502,4.399959019252232,1.5551907666220002,520.3477777778171,112,4.399939060211182,4.400015354156494,7.62939453125e-05,520.3477777778171,112,1.0301334162553153,560.0,0.2472320199012756
13,2.4871077123897062e-09,0.3573755737839752,4.400091648101807,4.399939060211182,4.400003841331413,-0.8331645417454636,515.1710710710613,111,4.399972915649414,4.400091648101807,0.0001187324523925,515.1710710710613,111,1.0299541677037876,559.0,0.247189000248909
14,1.114592125720267e-09,-0.057884243613366,4.400089740753174,4.39993953704834,4.400019723015863,0.2199232305186695,515.2712712712819,111,4.400015354156494,4.400015354156494,0.0,515.2712712712819,111,1.029726987083753,558.0,0.2471344769001007
15,1.200280753776174e-09,0.5175895721321091,4.400091648101807,4.399939060211182,4.399990550032607,0.1942583747018549,514.9717717717867,111,4.399986267089844,4.400091648101807,0.0001053810119628,514.9717717717867,111,1.029424928128719,557.0,0.2470619827508926
16,1.1153786412449203e-09,0.3318846462403133,4.400091648101807,4.3999433517456055,4.400019473857708,0.639952111325413,514.9607607608195,111,4.399991989135742,4.400015354156494,2.3365020751953125e-05,514.9607607608195,111,1.0290625815590224,556.0,0.2469750195741653
17,3.8286048399969906e-09,0.0456824261944349,4.400155544281006,4.399868011474609,4.399996889489038,-0.1608318521960474,519.6922222222202,112,4.399971961975098,4.400015354156494,4.3392181396484375e-05,519.6922222222202,112,1.028843844930331,555.0,0.2469225227832794
18,2.148719567496435e-09,-0.4449305981432335,4.400089740753174,4.3998637199401855,4.399979063442776,0.1097952446420245,519.5488888889086,112,4.400015354156494,4.399939060211182,-7.62939453125e-05,519.5488888889086,112,1.0285001248121262,554.0,0.2468400299549102
19,2.000527165060139e-09,0.2970068310481433,4.400091648101807,4.399939060211182,4.400000308241163,-0.9044458254646734,519.7166666666744,112,4.400040149688721,4.400091648101807,5.14984130859375e-05,519.7166666666744,112,1.0283834611376128,553.0,0.246812030673027
20,3.206906346904418e-09,0.3819568836283555,4.400091648101807,4.399869441986084,4.399993977456723,-0.7512583708534932,510.96321321325377,106,4.40001916885376,4.399939060211182,-8.0108642578125e-05,510.96321321325377,106,1.032816804945469,552.0,0.2478760331869125
21,4.296776964440114e-09,0.1428841674405528,4.400163650512695,4.399867057800293,4.400004018436778,-0.395040039766644,511.2896496496396,110,4.3999786376953125,4.400091648101807,0.0001130104064941,511.2896496496396,110,1.032141720255216,551.0,0.2477140128612518
22,4.1862690913626115e-09,-0.1604731282802373,4.400091648101807,4.399862766265869,4.3999855735085225,-0.6702779981459912,510.6840940940892,110,4.39996862411499,4.400015354156494,4.673004150390625e-05,510.6840940940892,110,1.0316520929336548,550.0,0.2475965023040771
23,2.0145923013391972e-09,0.0586735904309572,4.400089740753174,4.399864196777344,4.399976015090942,-0.3837654828236903,510.5837137136841,110,4.399939060211182,4.400015354156494,7.62939453125e-05,510.5837137136841,110,1.0312727962931,549.0,0.2475054711103439
24,2.6781302042311014e-09,-0.3436247163246355,4.400091648101807,4.399862766265869,4.399978069825606,-0.0235089025283485,510.3644044044195,110,4.399962425231934,4.400091648101807,0.000129222869873,510.3644044044195,110,1.0306834553678832,548.0,0.2473640292882919
25,2.513850353272204e-09,0.1578703426871539,4.400091648101807,4.399872779846191,4.39999605959112,-0.792940414738073,510.1145445446018,110,4.399980068206787,4.400091648101807,0.0001115798950195,510.1145445446018,110,1.0302146896719933,547.0,0.2472515255212783
26,2.237219685547694e-09,-1.0676296499543017,4.40009069442749,4.399869918823242,4.400010757618122,1.241188476489374,514.742742742761,111,4.400045871734619,4.400015354156494,-3.0517578125e-05,514.742742742761,111,1.02984377493461,546.0,0.2471625059843063
27,2.060657164985484e-09,-0.4740872766769597,4.400089740753174,4.399939060211182,4.400018501281738,-0.679698902544545,509.74030030029826,110,4.399939060211182,4.400015354156494,7.62939453125e-05,509.74030030029826,110,1.0294981921712558,545.0,0.2470795661211013
28,2.715548818819179e-09,0.1578323542020951,4.400091648101807,4.399939060211182,4.399999622865157,-1.4093577493134812,509.3976976977429,110,4.399987697601318,4.400091648101807,0.0001039505004882,509.3976976977429,110,1.0291168466210363,544.0,0.2469880431890487
29,1.1789630471262895e-09,-0.1243437825945719,4.40009069442749,4.399917125701904,4.400013107437271,0.4536491015123669,514.3529529529624,111,4.399917125701904,4.400015354156494,9.822845458984376e-05,514.3529529529624,111,1.0287459939718246,543.0,0.2468990385532379
30,1.9591185520527042e-09,-0.4505386271876468,4.400091648101807,4.399863243103027,4.400009718027201,1.0201533762349704,514.1327327326871,111,4.400015354156494,4.400015354156494,0.0,514.1327327326871,111,1.028560722867648,542.0,0.2468545734882354
31,1.8697078113432136e-09,0.2342438454536444,4.400091171264648,4.399939060211182,4.399992569072826,-0.9128087235700444,514.0347347347997,111,4.400058269500732,4.399939060211182,-0.0001192092895507,514.0347347347997,111,1.0284314552942913,541.0,0.2468235492706298
32,2.603142253142483e-09,1.2016412865191002,4.400157451629639,4.399939060211182,4.399986799772795,1.3481433545146326,514.1844844843727,111,4.399939060211182,4.400091648101807,0.000152587890625,514.1844844843727,111,1.0279648005962372,540.0,0.2467115521430969
33,2.9173726726050303e-09,0.2081869008419464,4.4001569747924805,4.399939060211182,4.400016045785165,-0.3863708625180289,514.1536536535714,111,4.399966239929199,4.400015354156494,4.9114227294921875e-05,514.1536536535714,111,1.027731535335382,539.0,0.2466555684804916
34,1.4669904719401339e-09,0.1034138863252827,4.400091648101807,4.399940490722656,4.4000199881466955,-0.29606390671261,509.01799799804576,110,4.4000325202941895,4.400015354156494,-1.71661376953125e-05,509.01799799804576,110,1.0274459918340049,538.0,0.2465870380401611
35,2.2452453245235502e-09,-0.0870667087567975,4.400086402893066,4.399869441986084,4.399976214847049,-0.184902413734008,513.9213213212788,111,4.400050640106201,4.400015354156494,-3.528594970703125e-05,513.9213213212788,111,1.0271959006786346,537.0,0.2465270161628723
36,2.5527366564016452e-09,-0.0834870655666815,4.40009069442749,4.399866580963135,4.399985313415527,-0.1670972230863086,513.5997997997329,111,4.400015354156494,4.400015354156494,0.0,513.5997997997329,111,1.026877574622631,536.0,0.2464506179094314
37,2.997078784549532e-09,0.3627865926810285,4.400161266326904,4.399939060211182,4.400020418940364,-0.2914530867406388,513.6845845845528,111,4.400015354156494,4.400015354156494,0.0,513.6845845845528,111,1.0271023338039718,535.0,0.2465045601129531
38,3.379412927055279e-09,0.5599536527458246,4.400162696838379,4.399896621704102,4.400021050427411,0.012614400347882,513.402702702675,111,4.399896621704102,4.399939060211182,4.2438507080078125e-05,513.402702702675,111,1.026523361603419,534.0,0.2463656067848205
39,2.860105009102623e-09,-0.125870554004371,4.400088310241699,4.399864673614502,4.399981597522357,-0.494592005636723,513.5051051049959,111,4.399938106536865,4.400015354156494,7.724761962890625e-05,513.5051051049959,111,1.026250422000885,533.0,0.2463001012802124
40,4.004811848369349e-09,-0.904423384582188,4.400091171264648,4.399801731109619,4.399997302464077,0.4872023080770926,518.2422222222667,112,4.39998722076416,4.400015354156494,2.8133392333984375e-05,518.2422222222667,112,1.0264566789070766,532.0,0.2463496029376983
41,1.98721110037851e-09,-0.472022248647494,4.400088787078857,4.399868488311768,4.399988770484924,0.0554296802010489,518.6388888889924,112,4.399992942810059,4.400015354156494,2.2411346435546875e-05,518.6388888889924,112,1.026169086496035,531.0,0.2462805807590484
42,2.555847709285695e-09,-0.2060563291934938,4.400091171264648,4.399868011474609,4.3999934969721615,-0.4283653707290602,513.3971971971914,111,4.399986267089844,4.400015354156494,2.9087066650390625e-05,513.3971971971914,111,1.025946376224359,530.0,0.2462271302938461
43,3.060874288545956e-09,0.538983841188088,4.400166988372803,4.399939060211182,4.400017703975643,-0.340751944680516,513.4324324324261,111,4.400015354156494,4.399939060211182,-7.62939453125e-05,513.4324324324261,111,1.0257442171374958,529.0,0.2461786121129989
44,2.172943884922522e-09,0.553784492992638,4.400091648101807,4.399939060211182,4.399992513227033,-0.5121820759227007,513.3916916917078,111,4.399956226348877,4.400091648101807,0.0001354217529296,513.3916916917078,111,1.0255315651496253,528.0,0.24612757563591
45,1.4432094678488431e-09,0.2979249088980437,4.40009069442749,4.399939060211182,4.399989157915115,-0.4944738415164962,518.122222222155,112,4.400015354156494,4.400015354156494,0.0,518.122222222155,112,1.0254857440789542,527.0,0.2461165785789489
46,2.311217691705088e-09,-0.0351580450662968,4.400089740753174,4.399864196777344,4.399984627962112,-0.5478881743166557,517.9422222222202,112,4.400015354156494,4.400015354156494,0.0,517.9422222222202,112,1.0251546899477642,526.0,0.2460371255874633
47,1.7875955770684844e-09,-0.0592979634820672,4.400091648101807,4.3999409675598145,4.4000276029109955,-0.8163741945499572,517.7988888889086,112,4.399972438812256,4.400015354156494,4.291534423828125e-05,517.7988888889086,112,1.024929682413737,525.0,0.2459831237792968
48,1.442874131914218e-09,0.2632409217251602,4.40009069442749,4.399939060211182,4.399989707129342,-0.5204582168579601,517.7755555554759,112,4.400015354156494,4.400015354156494,0.0,517.7755555554759,112,1.0246756797035537,524.0,0.2459221631288528
49,4.018495338216192e-09,-0.2296967000305928,4.400091171264648,4.399862766265869,4.399983981708148,-0.7812302409949701,512.8609609608538,111,4.4000325202941895,4.400015354156494,-1.71661376953125e-05,512.8609609608538,111,1.0244901602466905,523.0,0.2458776384592056
50,3.513934615613805e-09,-0.3727338014418738,4.400166988372803,4.399796485900879,4.399997881480625,1.9988166854332403,517.6711111110635,112,4.400015354156494,4.400015354156494,0.0,517.6711111110635,112,1.024312960604827,522.0,0.2458351105451584
51,1.9341761905813763e-09,0.5469159163006264,4.400091648101807,4.399865627288818,4.399979650974274,0.0304583642547804,517.4899999999907,112,4.399989604949951,4.400091648101807,0.0001020431518554,517.4899999999907,112,1.024162831405799,521.0,0.2457990795373916
52,3.606499331408895e-09,-0.1110553579565139,4.400091648101807,4.399864673614502,4.399986803531647,-0.6438913826796622,517.5377777777612,112,4.399925708770752,4.400015354156494,8.96453857421875e-05,517.5377777777612,112,1.0239276414116223,520.0,0.2457426339387893
53,4.435192741026744e-09,-0.5711843705478203,4.400156497955322,4.3997907638549805,4.40000165786062,0.8819872112559919,517.716666666558,112,4.4000773429870605,4.400091648101807,1.430511474609375e-05,517.716666666558,112,1.0238630076249442,519.0,0.2457271218299865
54,2.367819105379806e-09,-0.2467502574025722,4.400091648101807,4.399864673614502,4.3999916187354495,-0.2153301738659903,517.3888888889924,112,4.400015354156494,4.400091648101807,7.62939453125e-05,517.3888888889924,112,1.0237401972214382,518.0,0.2456976473331451
55,3.755583085473765e-09,-0.0399447057134354,4.400091648101807,4.399787902832031,4.399965371404376,0.4578429557677586,517.3255555555224,112,4.400091648101807,4.399939060211182,-0.000152587890625,517.3255555555224,112,1.0235671574870746,517.0,0.2456561177968979
56,1.3268374004252562e-09,0.0824393629808761,4.400086402893066,4.399939060211182,4.4000009042876105,-0.2474924407563685,517.3544444444124,112,4.3999834060668945,4.399939060211182,-4.4345855712890625e-05,517.3544444444124,112,1.023500474790732,516.0,0.2456401139497757
57,1.973314091566671e-09,-0.2517182039049717,4.400091648101807,4.3998637199401855,4.399974056652614,0.0460813322511883,517.1299999998882,112,4.39991569519043,4.400091648101807,0.0001759529113769,517.1299999998882,112,1.0232235615452132,515.0,0.2455736547708511
58,2.106008560164377e-09,0.246972916411428,4.400089740753174,4.399939060211182,4.400001300232751,-1.0784020087438146,517.3400000000838,112,4.3999552726745605,4.400015354156494,6.008148193359375e-05,517.3400000000838,112,1.0231360793113708,514.0,0.245552659034729
59,3.500440192817399e-09,0.7971282644845964,4.400156021118164,4.3998637199401855,4.399975172110966,0.5618630697648266,517.2111111111008,112,4.3999738693237305,4.399939060211182,-3.4809112548828125e-05,517.2111111111008,112,1.0229819143811862,513.0,0.2455156594514846
60,4.6051761804799384e-09,0.1622995487998012,4.400091648101807,4.399862766265869,4.3999642638472825,-1.0338460443351694,512.2025025025941,111,4.399929046630859,4.400091648101807,0.0001626014709472,512.2025025025941,111,1.0226671273509662,512.0,0.2454401105642318
61,2.594032739790836e-09,0.8321908212058624,4.400091648101807,4.399939060211182,4.399984436375754,-0.5897332568268898,516.8700000001118,112,4.399939060211182,4.400015354156494,7.62939453125e-05,516.8700000001118,112,1.0226193194588027,511.0,0.2454286366701126
62,3.072309955706392e-09,-0.3301880475880607,4.400091648101807,4.399868965148926,4.400006060089384,-0.5250730194634947,516.8400000000838,112,4.399984359741211,4.400015354156494,3.0994415283203125e-05,516.8400000000838,112,1.022494211792946,510.0,0.245398610830307
63,3.5175233593875734e-09,-0.1167370548095577,4.400162696838379,4.399868011474609,4.400011803422656,-0.0894550506297213,516.9022222221829,112,4.400115489959717,4.400091648101807,-2.384185791015625e-05,516.9022222221829,112,1.0222381601730983,509.0,0.2453371584415435
64,8.67321894275399e-10,0.0,4.400015354156494,4.399939060211182,4.399989003533715,0.0,511.6211211211048,111,4.399982929229736,4.400015354156494,3.24249267578125e-05,511.6211211211048,111,1.0226110617319744,508.0,0.2454266548156738
65,2.799970721745004e-09,0.1044745268977271,4.400091648101807,4.39986515045166,4.399992018938065,-0.2542849893098866,517.0466666666325,112,4.400015354156494,4.400091648101807,7.62939453125e-05,517.0466666666325,112,1.0220486670732498,507.0,0.2452916800975799
66,1.880890808744337e-09,0.2813183948380134,4.400087356567383,4.3998703956604,4.3999718564801515,-0.1100433191737457,521.6442042042036,113,4.400015354156494,4.400015354156494,0.0,521.6442042042036,113,1.0218863685925803,506.0,0.2452527284622192
67,1.530213551180366e-09,-0.1711394891365928,4.400091171264648,4.399867534637451,4.39998465350696,0.595285037448388,516.6366666667163,112,4.400015354156494,4.400015354156494,0.0,516.6366666667163,112,1.021702898045381,505.0,0.2452086955308914
68,2.288276345202616e-09,0.0548024880589783,4.400167942047119,4.399867534637451,4.399989174530569,1.1401639358103353,521.5657257256098,113,4.399960041046143,4.400167942047119,0.0002079010009765,521.5657257256098,113,1.0215713952978454,504.0,0.2451771348714828
69,2.012271933524074e-09,1.2670112716537412,4.400167465209961,4.399939060211182,4.400001325777599,2.1493004184650033,516.5277777777519,112,4.400010108947754,4.399939060211182,-7.104873657226562e-05,516.5277777777519,112,1.0213320453961692,503.0,0.2451196908950805
70,5.0183725843535366e-09,0.0435162775079988,4.400162220001221,4.399863243103027,4.400005221366882,-0.4924321506297979,516.4477777776774,112,4.40006685256958,4.400015354156494,-5.14984130859375e-05,516.4477777776774,112,1.021304912865162,502.0,0.2451131790876388
71,1.1404488358970232e-09,0.4172212795036433,4.400089740753174,4.399941921234131,4.399997758013861,0.0857817692291424,516.378888888983,112,4.399980545043945,4.400015354156494,3.4809112548828125e-05,516.378888888983,112,1.021225688358148,501.0,0.2450941652059555
72,5.210086470075366e-09,-0.3846381879558582,4.400161266326904,4.399862766265869,4.400008495364871,-0.2062859808232953,516.5411111111753,112,4.399898052215576,4.400015354156494,0.0001173019409179,516.5411111111753,112,1.0210112358133,500.0,0.2450426965951919
73,2.469218418750062e-09,0.4905403007329572,4.400091648101807,4.399939060211182,4.399998085839408,-0.9157714257560934,516.3266666666605,112,4.399984836578369,4.400091648101807,0.0001068115234375,516.3266666666605,112,1.0213964929183326,499.0,0.2451351583003997
74,2.497638354109801e-09,0.3946635533455425,4.400088787078857,4.399866104125977,4.399963860000883,-0.1386730801469062,516.343333333265,112,4.400050640106201,4.400015354156494,-3.528594970703125e-05,516.343333333265,112,1.020965228478114,498.0,0.2450316548347473
75,2.978248802159953e-09,0.7849446265888235,4.4001617431640625,4.399939060211182,4.399995816605432,0.0574492096634271,516.1711111110635,112,4.400015354156494,4.400015354156494,0.0,516.1711111110635,112,1.0206008329987526,497.0,0.2449441999197006
76,1.9037863052069983e-09,0.3917031866923811,4.400150775909424,4.399939060211182,4.400006426232202,0.5525791942977136,516.3677777778357,112,4.400028228759766,4.400015354156494,-1.2874603271484377e-05,516.3677777778357,112,1.0205591718355815,496.0,0.2449342012405395
77,4.036633740569714e-09,-0.0484076510216278,4.400091171264648,4.399862766265869,4.3999734389043486,-0.8354678320608797,521.0488888889086,113,4.4000563621521,4.399939060211182,-0.0001173019409179,521.0488888889086,113,1.020430028438568,495.0,0.2449032068252563
78,4.843783766190493e-09,0.4472442210359927,4.400167942047119,4.399864196777344,4.400007699217115,-0.4526589729846177,516.1977777776774,112,4.39996337890625,4.400167942047119,0.0002045631408691,516.1977777776774,112,1.0201862702767055,494.0,0.2448447048664093
79,2.464613146242262e-09,-0.0950813188212387,4.400091648101807,4.399869441986084,4.399996584495612,0.1006357553128198,520.8863263262901,113,4.400052070617676,4.400091648101807,3.9577484130859375e-05,520.8863263262901,113,1.020044709245364,493.0,0.2448107302188873
80,1.6271459923760292e-09,0.6309708367418533,4.400091648101807,4.399940013885498,4.400002143212727,-0.0974450258057393,516.157777777873,112,4.400015354156494,4.400015354156494,0.0,516.157777777873,112,1.0199778402845066,492.0,0.2447946816682815
81,2.7221338474518267e-09,-0.3695958331870075,4.40015983581543,4.39987325668335,4.400024629272191,0.8569805743463577,520.7349749749992,113,4.3999128341674805,4.400015354156494,0.0001025199890136,520.7349749749992,113,1.0197030380368233,491.0,0.2447287291288375
82,3.363516683042477e-09,0.8363216640519663,4.400166034698486,4.399939060211182,4.400007290122783,-0.0655036106176591,520.9569569570012,113,4.400056838989258,4.400015354156494,-4.1484832763671875e-05,520.9569569570012,113,1.0200758775075278,490.0,0.2448182106018066
83,3.178090455467017e-09,-0.3598778958810943,4.400091171264648,4.3998637199401855,4.399989902973175,-0.6207510219806349,515.9399999999441,112,4.400045871734619,4.400015354156494,-3.0517578125e-05,515.9399999999441,112,1.019482066233953,489.0,0.2446756958961486
84,2.982219185743951e-09,0.1685237689241264,4.400091648101807,4.399867534637451,4.399990482667906,-0.6314952099747537,520.815695695579,113,4.399900913238525,4.399939060211182,3.814697265625e-05,520.815695695579,113,1.0193218166629474,488.0,0.2446372359991073
85,2.217718499360475e-09,-0.3363793328282757,4.400089740753174,4.39986515045166,4.399986182693887,0.0267642468294644,520.6643443442881,113,4.399964809417725,4.400015354156494,5.054473876953125e-05,520.6643443442881,113,1.0191759715477626,487.0,0.244602233171463
86,2.763544457748749e-09,-0.6379997136244626,4.400085926055908,4.399862766265869,4.3999817181477505,0.0600968263138321,520.5881081081461,113,4.40002965927124,4.399862766265869,-0.000166893005371,520.5881081081461,113,1.0190237313508987,486.0,0.2445656955242157
87,1.7509781572412252e-09,0.4738505066989747,4.400150775909424,4.399940013885498,4.400014742285804,0.3314614655081658,520.3481881881598,113,4.399991989135742,4.400015354156494,2.3365020751953125e-05,520.3481881881598,113,1.0189468041062355,485.0,0.2445472329854965
88,4.444153408812196e-09,0.3692753329844575,4.4001641273498535,4.399864673614502,4.399977291579795,-0.1763399129311111,520.3605205204803,113,4.400099754333496,4.399939060211182,-0.0001606941223144,520.3605205204803,113,1.0187426581978798,484.0,0.2444982379674911
89,2.486797781604325e-09,0.122339395387523,4.400087833404541,4.399863243103027,4.399972455691447,-0.1890986217801256,520.4636636637151,113,4.399977207183838,4.400015354156494,3.814697265625e-05,520.4636636637151,113,1.018740547200044,483.0,0.2444977313280105
90,3.503498763802898e-09,-0.480729984446727,4.400091648101807,4.3998637199401855,4.400008840220315,-0.3595700587953363,515.5122222222853,112,4.400050163269043,4.399939060211182,-0.0001111030578613,515.5122222222853,112,1.0184405371546743,482.0,0.2444257289171219
91,1.5973711059728931e-09,0.0214891992146938,4.400087356567383,4.3998703956604,4.399980877126966,0.2433106180061708,514.9455555556342,112,4.399965763092041,4.400015354156494,4.9591064453125e-05,514.9455555556342,112,1.0186612606048584,481.0,0.244478702545166
92,1.901950553360659e-09,-0.3129771882839739,4.400085926055908,4.399868965148926,4.39998318972411,-0.0102854841101556,493.2882082082797,108,4.400015354156494,4.400015354156494,0.0,493.2882082082797,108,1.0199217746655147,480.0,0.2447812259197235
93,2.8023548888284372e-09,0.0017739269434439,4.400091648101807,4.399863243103027,4.399993273588988,-0.3827156681354084,509.7591591591481,111,4.399961471557617,4.400015354156494,5.3882598876953125e-05,509.7591591591481,111,1.0183677077293396,479.0,0.2444082498550415
94,1.9221557278780875e-09,-0.2506775630604668,4.400089263916016,4.399869918823242,4.399982124567032,-0.1832431524492763,514.5355555554852,112,4.399939060211182,4.399939060211182,0.0,514.5355555554852,112,1.018163437644641,478.0,0.2443592250347137
95,2.446301650595828e-09,-0.0850856443571118,4.400091648101807,4.399939060211182,4.400018074682781,-0.9923923069565448,514.2399999999907,112,4.39999532699585,4.400091648101807,9.632110595703124e-05,514.2399999999907,112,1.0179842511812849,477.0,0.2443162202835083
96,1.713823771405409e-09,0.4846820107921712,4.400084972381592,4.399939060211182,4.399988290425894,-0.5758703438504904,509.5532532532234,111,4.400048732757568,4.399939060211182,-0.0001096725463867,509.5532532532234,111,1.0179093728462856,476.0,0.2442982494831085
97,3.718878697339159e-09,-0.1694659491920817,4.400087833404541,4.399862766265869,4.3999899710927695,-1.0786889598939102,514.4833333333954,112,4.399975299835205,4.400015354156494,4.00543212890625e-05,514.4833333333954,112,1.0177405551075935,475.0,0.2442577332258224
98,3.2177621246017863e-09,0.3402675073497289,4.4001665115356445,4.399862766265869,4.399994884525333,0.8367513386234187,509.3121121120639,111,4.400015354156494,4.399862766265869,-0.000152587890625,509.3121121120639,111,1.0176384200652442,474.0,0.2442332208156585
99,2.2633113458621367e-09,-0.2744235686716162,4.400015354156494,4.39986515045166,4.399960402931486,-1.128204324986577,514.5344444443472,112,4.400015354156494,4.400015354156494,0.0,514.5344444443472,112,1.0175155475735664,473.0,0.2442037314176559
100,1.7319646897843223e-09,-1.0148276907018945,4.400091648101807,4.399864673614502,4.399987697601318,0.897289171057746,514.1866666667629,112,4.400052070617676,4.400091648101807,3.9577484130859375e-05,514.1866666667629,112,1.0175447911024094,472.0,0.2442107498645782
101,2.689940536295942e-09,0.3857519224710107,4.400091648101807,4.399867534637451,4.399988557611193,-0.5530240984102361,514.1466666667257,112,4.400091648101807,4.400091648101807,0.0,514.1466666667257,112,1.0174114257097244,471.0,0.2441787421703338
102,1.407042883385608e-09,-0.2330021854402632,4.400094985961914,4.399939060211182,4.399999462397752,-0.2618004579928095,519.1945545545314,113,4.400094985961914,4.400015354156494,-7.963180541992188e-05,519.1945545545314,113,1.0171260063846908,470.0,0.2441102415323257
103,3.664812833012499e-09,-0.3830122284456903,4.400091648101807,4.399867534637451,4.400005089385169,-0.5923245775803729,513.8411111112218,112,4.400015354156494,4.400015354156494,0.0,513.8411111112218,112,1.0168824344873428,469.0,0.2440517842769622
104,2.213248022719709e-09,-0.1081365282495813,4.400089740753174,4.399866580963135,4.399993347270148,-0.2963334833011863,513.9911111111287,112,4.399979114532471,4.400015354156494,3.62396240234375e-05,513.9911111111287,112,1.0168449332316718,468.0,0.2440427839756012
105,2.921468591425138e-09,0.3808493708996913,4.400167465209961,4.399871826171875,4.3999868248190195,0.7960604508014466,513.8899999998976,112,4.400015354156494,4.400015354156494,0.0,513.8899999998976,112,1.016757388909658,467.0,0.2440217733383178
106,2.740871855518072e-09,-0.0454337022499205,4.400091648101807,4.399862766265869,4.39999663404056,-0.2329512078209226,513.6999999999534,112,4.400048732757568,4.399862766265869,-0.0001859664916992,513.6999999999534,112,1.016586708525817,466.0,0.2439808100461959
107,3.095879856206487e-09,0.1206796160968598,4.400157928466797,4.399866580963135,4.400002075093133,0.4160458588130833,514.0466666666325,112,4.400015354156494,4.400015354156494,0.0,514.0466666666325,112,1.0165992503364882,465.0,0.2439838200807571
108,3.9966918720635344e-09,0.5617476261348375,4.4001665115356445,4.399864673614502,4.4000032884734015,-0.0906031229428809,513.7666666666046,112,4.400035381317139,4.400091648101807,5.626678466796875e-05,513.7666666666046,112,1.016384487350782,464.0,0.2439322769641876
109,4.0173703482978785e-09,0.3161251232867281,4.400167942047119,4.399867534637451,4.400000125169754,0.130353646048273,513.8177777777892,112,4.3999738693237305,4.400167942047119,0.0001940727233886,513.8177777777892,112,1.0163908203442893,463.0,0.2439337968826294
110,1.0691713037579402e-09,-0.0463603833273023,4.400097370147705,4.399939060211182,4.399990524564471,-0.1548639808335905,513.8333333332557,112,4.400097370147705,4.400015354156494,-8.20159912109375e-05,513.8333333332557,112,1.0163844252626102,462.0,0.2439322620630264
111,1.552072022169555e-09,-0.783927519150689,4.400015354156494,4.399867057800293,4.399979625429426,-0.3377967621492121,513.9766666665673,112,4.39998722076416,4.400015354156494,2.8133392333984375e-05,513.9766666665673,112,1.0160179808735847,461.0,0.2438443154096603
112,1.947282567426055e-09,-0.3911269728852042,4.400090217590332,4.399871826171875,4.399997740983963,0.2450556927893989,513.9544444445055,112,4.400015354156494,4.400015354156494,0.0,513.9544444445055,112,1.015830288330714,460.0,0.2437992691993713
113,1.5240794225758074e-09,0.3799795605431609,4.400087356567383,4.399939060211182,4.39999309894258,-0.4376080786446947,518.5813013012521,113,4.399971961975098,4.400015354156494,4.3392181396484375e-05,518.5813013012521,113,1.0157616809010506,459.0,0.2437828034162521
114,3.2182957610853227e-09,0.0076130467251949,4.400091648101807,4.399867057800293,4.399986376804588,-0.4876775654004173,518.580180180259,113,4.40001916885376,4.400015354156494,-3.814697265625e-06,518.580180180259,113,1.015667865673701,458.0,0.2437602877616882
115,4.5428470251982845e-09,0.9005694967285657,4.4002251625061035,4.399868011474609,4.3999910695212225,1.4301089996896668,513.7255555556621,112,4.400118350982666,4.400015354156494,-0.0001029968261718,513.7255555556621,112,1.0155138249198596,457.0,0.2437233179807663
116,3.0063778184166182e-09,-0.6901356057081867,4.400091648101807,4.399867057800293,4.40000851808396,-0.1310548114379957,518.457977978047,113,4.39990234375,4.400091648101807,0.0001893043518066,518.457977978047,113,1.0154449691375098,456.0,0.2437067925930023
117,2.854612829829077e-09,0.8297161046432098,4.400091648101807,4.39986515045166,4.399963808911187,0.3109513068366274,513.6044444444124,112,4.400091648101807,4.399939060211182,-0.000152587890625,513.6044444444124,112,1.0152700046698253,455.0,0.243664801120758
118,2.7524327191651294e-09,-0.0999833753137274,4.400091648101807,4.399869441986084,4.399997415795791,-0.397539333728802,518.333533533616,113,4.400044918060303,4.400091648101807,4.673004150390625e-05,518.333533533616,113,1.0151575009028118,454.0,0.2436378002166748
119,2.303638153389973e-09,-0.103661345200864,4.40009069442749,4.39986515045166,4.399988465604529,-0.3459741474208186,518.1418218219187,113,4.400015354156494,4.399939060211182,-7.62939453125e-05,518.1418218219187,113,1.0153366873661678,453.0,0.2436808049678802
120,2.15020038871553e-09,0.226234421340908,4.400155544281006,4.399870872497559,4.4000148383053865,1.5499017528307886,522.0358058060519,110,4.399992942810059,4.400015354156494,2.2411346435546875e-05,522.0358058060519,110,1.0207615171869595,452.0,0.2449827641248703
121,1.5484073957236984e-09,0.2320476696358872,4.400091648101807,4.399939060211182,4.400018560034888,-0.2031478385713216,516.2099999999627,112,4.400091648101807,4.399939060211182,-0.000152587890625,516.2099999999627,112,1.020494600137075,451.0,0.2449187040328979
122,3.142561636055288e-09,-0.1385907666961961,4.400091648101807,4.399865627288818,4.399999592985425,-0.7122859119094529,515.9844444445334,112,4.400015354156494,4.399939060211182,-7.62939453125e-05,515.9844444445334,112,1.0201279694835346,450.0,0.2448307126760482
123,3.480479355601479e-09,0.2731015343778781,4.400158405303955,4.3998703956604,4.400001419442041,0.0451612565004939,515.7244444442913,112,4.400015354156494,4.400015354156494,0.0,515.7244444442913,112,1.019684411585331,449.0,0.2447242587804794
124,5.0392028625108344e-09,-0.054026566918608,4.400164604187012,4.399862766265869,4.399984057460513,-0.697332797222435,515.4744444442913,112,4.399908065795898,4.400015354156494,0.0001072883605957,515.4744444442913,112,1.0197678580880165,448.0,0.2447442859411239
125,2.5629518081686355e-09,-0.1048466714148931,4.400091648101807,4.399866104125977,4.399991559130805,0.1924572611338901,515.1011111112311,112,4.400015354156494,4.400091648101807,7.62939453125e-05,515.1011111112311,112,1.0192365075151126,447.0,0.244616761803627
126,1.3389511755876911e-09,-0.1785412073298132,4.400084495544434,4.399939060211182,4.400000465767724,-0.2680456304339134,514.9388888888061,112,4.400015354156494,4.399939060211182,-7.62939453125e-05,514.9388888888061,112,1.0186301544308662,446.0,0.2444712370634079
127,3.762009080345117e-09,0.43969576116257,4.400155067443848,4.39986515045166,4.399986688579832,0.1972186312984751,515.0833333334886,112,4.400091648101807,4.399939060211182,-0.000152587890625,515.0833333334886,112,1.018298976123333,445.0,0.2443917542695999
128,2.6538914203656303e-09,-1.6496573314504672,4.400089263916016,4.399787425994873,4.400001960141318,4.1130150389990785,515.0711111109704,112,4.399964332580566,4.400015354156494,5.1021575927734375e-05,515.0711111109704,112,1.0180074100693068,444.0,0.2443217784166336
129,7.257960673194613e-10,-0.3229092743733256,4.400015354156494,4.399939060211182,4.3999844661780765,-1.3194113529773348,514.685555555392,112,4.399986743927002,4.400015354156494,2.86102294921875e-05,514.685555555392,112,1.0176720718542736,443.0,0.2442412972450256
130,2.783637804172606e-09,-1.1874724435193875,4.400086879730225,4.399788856506348,4.399996714932578,2.9096987121585425,514.2944444445893,112,4.400015354156494,4.400015354156494,0.0,514.2944444445893,112,1.01736169308424,442.0,0.2441668063402176
131,1.097174241064259e-09,-0.0889075173967859,4.400091648101807,4.399939060211182,4.399998490299497,-0.0720700591378751,514.3366666669026,112,4.400054454803467,4.400015354156494,-3.910064697265625e-05,514.3366666669026,112,1.0171180590987206,441.0,0.2441083341836929
132,1.552125408894026e-09,-0.7775454102382316,4.400089263916016,4.399862766265869,4.400016363177981,1.9203368921824808,514.4233333333395,112,4.399971961975098,4.399862766265869,-0.0001091957092285,514.4233333333395,112,1.01672001183033,440.0,0.2440128028392791
133,1.9849759953440678e-09,0.5698512901954157,4.400091171264648,4.399939060211182,4.3999889171229,-0.7035068712442385,519.1216816818342,113,4.399973392486572,4.400015354156494,4.1961669921875e-05,519.1216816818342,113,1.0170388966798782,439.0,0.2440893352031707
134,1.2473697488508548e-09,0.1496955797058677,4.400087833404541,4.399939060211182,4.400001989828573,-0.1278975801323518,509.1975975977257,111,4.400015354156494,4.399939060211182,-7.62939453125e-05,509.1975975977257,111,1.016428632040819,438.0,0.2439428716897964
135,1.3788378441303095e-09,0.1199557707704513,4.400091648101807,4.399941444396973,4.400011433022363,-0.3683092258533764,514.1699999999255,112,4.400007724761963,4.400091648101807,8.392333984375e-05,514.1699999999255,112,1.0160492112239203,437.0,0.2438518106937408
136,3.3234688775436304e-09,0.875454706761081,4.400166988372803,4.39987325668335,4.399992563028251,0.7024028301903686,518.6866866867058,113,4.399983882904053,4.399939060211182,-4.482269287109375e-05,518.6866866867058,113,1.0158764198422432,436.0,0.2438103407621383
137,1.7322870925317652e-09,0.0881356280128626,4.400091648101807,4.399939060211182,4.400002260123734,-0.1662283925601162,518.829069069121,113,4.400015354156494,4.400015354156494,0.0,518.829069069121,113,1.0156076401472092,435.0,0.2437458336353302
138,2.055487741245375e-09,0.0184270222202489,4.400091648101807,4.399939060211182,4.400003614678847,-0.9668348853443942,518.6149349347688,113,4.400014400482178,4.400091648101807,7.724761962890625e-05,518.6149349347688,113,1.0153345142801604,434.0,0.2436802834272384
139,2.855428774309657e-09,-0.2978349921546561,4.400091648101807,4.399864196777344,4.399998724460602,-0.5901146821542422,513.5411111111753,112,4.400015354156494,4.400015354156494,0.0,513.5411111111753,112,1.0151493673523269,433.0,0.2436358481645584
140,9.865845103930123e-10,-1.0007777700036684,4.400015354156494,4.399867534637451,4.399980072426585,1.2286526953328796,518.4377977978438,113,4.399974822998047,4.400015354156494,4.0531158447265625e-05,518.4377977978438,113,1.0149429241816204,432.0,0.2435863018035888
141,1.319788738473373e-09,-0.4548414914964609,4.400091648101807,4.399870872497559,4.3999838069476915,0.2284812693212501,518.4904904905707,113,4.399970054626465,4.400091648101807,0.0001215934753417,518.4904904905707,113,1.0146701708436012,431.0,0.2435208410024643
142,4.1377330666992096e-09,0.836736174787517,4.400160789489746,4.399868965148926,4.39998757522718,0.2212940662527889,518.4086486487649,113,4.399964809417725,4.399939060211182,-2.574920654296875e-05,518.4086486487649,113,1.0149015734593074,430.0,0.2435763776302337
143,2.9038767738211447e-09,0.165819218581988,4.400091648101807,4.399862766265869,4.399996204713805,-0.7678198121712825,518.185545545537,113,4.400032043457031,4.399862766265869,-0.0001692771911621,518.185545545537,113,1.01455170661211,429.0,0.2434924095869064
144,2.613190057656813e-09,0.2409504102718647,4.400089740753174,4.399866104125977,4.399969003896798,-0.4398432066395696,518.0218618619256,113,4.399955749511719,4.399939060211182,-1.6689300537109375e-05,518.0218618619256,113,1.0140622034668922,428.0,0.2433749288320541
145,2.4250499470583166e-09,0.1835754710924994,4.400091171264648,4.399879455566406,4.399995200401913,-0.7209690194886127,518.3581981980242,113,4.399991035461426,4.399939060211182,-5.1975250244140625e-05,518.3581981980242,113,1.0139660288890204,427.0,0.2433518469333648
146,2.05586078067307e-09,0.0097505873263353,4.400091171264648,4.399939060211182,4.400001703110417,-0.971247885554273,518.1160360360518,113,4.399939060211182,4.400015354156494,7.62939453125e-05,518.1160360360518,113,1.013786904513836,426.0,0.2433088570833206
147,3.009103181536212e-09,0.0151758541074928,4.400090217590332,4.399867057800293,4.399982117770011,-0.6265997751486005,522.9694294296205,114,4.399939060211182,4.399939060211182,0.0,522.9694294296205,114,1.013461872935295,425.0,0.2432308495044708
148,3.381003939242397e-09,0.0436816574768093,4.400087833404541,4.399862766265869,4.399975713375396,-0.535274692861766,517.9433833835647,113,4.399906158447266,4.400015354156494,0.0001091957092285,517.9433833835647,113,1.0132578512032828,424.0,0.2431818842887878
149,2.13709071774634e-09,0.2114411557157899,4.400091648101807,4.399939060211182,4.400006361175001,-0.8234851321879071,522.7228428428061,114,4.400052070617676,4.400015354156494,-3.6716461181640625e-05,522.7228428428061,114,1.0131766398747764,423.0,0.2431623935699463
150,3.393670392042635e-09,1.2046934372692306,4.400164604187012,4.399939060211182,4.399991094538596,0.8309843738329912,517.9007807807066,113,4.399939060211182,4.399939060211182,0.0,517.9007807807066,113,1.0129517565170925,422.0,0.2431084215641021
151,2.883940768645252e-09,-0.0248437196067295,4.400091648101807,4.399863243103027,4.400013396614476,-0.6598289306824667,522.8314314312302,114,4.400015354156494,4.400015354156494,0.0,522.8314314312302,114,1.0129641741514206,421.0,0.2431114017963409
152,1.77140851558746e-09,0.3562765285661099,4.400091648101807,4.399939060211182,4.399996394604708,-0.6627412488102258,517.6653453451581,113,4.3999762535095215,4.400091648101807,0.0001153945922851,517.6653453451581,113,1.012903762360414,420.0,0.2430969029664993
153,1.4807592039737175e-09,0.6680567558972983,4.400167942047119,4.399939060211182,4.400008053906196,2.815212479466916,517.8010010011494,113,4.399961948394775,4.400167942047119,0.0002059936523437,517.8010010011494,113,1.012482866644859,419.0,0.2429958879947662
154,2.8547916999700622e-09,-0.7232932147421572,4.40009069442749,4.399864196777344,4.39999356604459,-0.1631121158409212,522.34730730718,114,4.400015354156494,4.400015354156494,0.0,522.34730730718,114,1.0122452552119892,418.0,0.2429388612508773
155,1.1226681222535271e-09,0.9387279636742708,4.40008544921875,4.399939060211182,4.399972278459937,0.5994203163925631,517.5296896896325,113,4.400051116943359,4.399939060211182,-0.0001120567321777,517.5296896896325,113,1.012049491206805,417.0,0.2428918778896331
156,9.27962997064618e-10,-0.4878252352848452,4.400015354156494,4.399939060211182,4.39998684013099,-1.425668136090349,522.317897898145,114,4.399939060211182,4.399939060211182,0.0,522.317897898145,114,1.0118890553712845,416.0,0.2428533732891082
157,1.2989273317175447e-09,-0.0582171471641641,4.400088310241699,4.399939060211182,4.399996485626488,-0.3774839760709301,522.4468468469568,114,4.399960994720459,4.400015354156494,5.435943603515625e-05,522.4468468469568,114,1.011795240143935,415.0,0.2428308576345443
158,2.2609384688248446e-09,-0.0582982828607266,4.400091648101807,4.399864673614502,4.39997344686274,0.0217362978234971,522.248898898717,114,4.399960994720459,4.400091648101807,0.0001306533813476,522.248898898717,114,1.011636977394422,414.0,0.2427928745746612
159,2.127591856803068e-09,0.5229728488039921,4.400091648101807,4.399867534637451,4.399981205923515,0.0729727592180506,522.2941441442817,114,4.400091648101807,4.400015354156494,-7.62939453125e-05,522.2941441442817,114,1.011378566424052,413.0,0.2427308559417724
160,1.884268293983035e-09,0.5325669896730897,4.400087356567383,4.399939060211182,4.399983100723802,-0.8261679958395725,522.4491091091186,114,4.400049209594727,4.399939060211182,-0.0001101493835449,522.4491091091186,114,1.01133498052756,412.0,0.2427203953266143
161,1.9941951526767347e-09,-0.1205837357826865,4.400091648101807,4.399864673614502,4.399990679924948,-0.0060629591525911,522.1889489488676,114,4.399974822998047,4.400091648101807,0.0001168251037597,522.1889489488676,114,1.0116642341017723,411.0,0.2427994161844253
162,2.2351317331669867e-09,0.3755026911197524,4.400091648101807,4.399939060211182,4.400004989222476,-0.6393142577195348,522.0441641639918,114,4.399974346160889,4.400091648101807,0.0001173019409179,522.0441641639918,114,1.0110995421806972,410.0,0.2426638901233673
163,3.6706313225017845e-09,-0.5884967994088108,4.400088787078857,4.399792671203613,4.399978917941713,0.5825436380931781,522.1063763764687,114,4.4000420570373535,4.400015354156494,-2.6702880859375e-05,522.1063763764687,114,1.0109142089883487,409.0,0.2426194101572036
164,1.5613061746880264e-09,-0.0912919881367843,4.400090217590332,4.399939060211182,4.399999438670644,-0.5344827322611856,522.1086386386305,114,4.399967193603516,4.400015354156494,4.8160552978515625e-05,522.1086386386305,114,1.0108455394705138,408.0,0.2426029294729232
165,2.0778649993087918e-09,-0.5766831904924308,4.400087356567383,4.399866580963135,4.399992797685706,0.5055734168080992,526.8956756754778,115,4.400014877319336,4.400015354156494,4.76837158203125e-07,526.8956756754778,115,1.0107641418774924,407.0,0.2425833940505981
166,1.5574566723499219e-09,0.2849695512019709,4.400088310241699,4.399939060211182,4.39999993223893,-0.5396321434610862,522.0396396396682,114,4.400015354156494,4.399939060211182,-7.62939453125e-05,522.0396396396682,114,1.0103787605961163,406.0,0.2424909025430679
167,1.4286485339263967e-09,0.4470713182278741,4.400088787078857,4.399939060211182,4.3999906042347785,-0.2773659917555435,526.8100900901482,115,4.400008678436279,4.400015354156494,6.67572021484375e-06,526.8100900901482,115,1.0101912543177605,405.0,0.2424459010362625
168,2.989619563012327e-09,-0.726692835272372,4.400091648101807,4.399863243103027,4.400008865024732,0.2743977502978354,527.0771171171218,115,4.399989604949951,4.400015354156494,2.574920654296875e-05,527.0771171171218,115,1.0101058830817542,404.0,0.2424254119396209
169,3.9464949141278205e-09,-0.7486305270872918,4.400091648101807,4.399862766265869,4.400003558711002,-0.1538601435414186,521.9480180181563,114,4.400091648101807,4.399939060211182,-0.000152587890625,521.9480180181563,114,1.0099746907750766,403.0,0.2423939257860183
170,3.640362571199082e-09,0.127590859749765,4.400155067443848,4.399867057800293,4.39999705190244,-0.3172365344770753,526.8032432431355,115,4.399948596954346,4.400091648101807,0.0001430511474609,526.8032432431355,115,1.0101955384016037,402.0,0.2424469292163849
171,1.0932968596927748e-09,0.0435836934898467,4.400089740753174,4.399939060211182,4.399994833427563,-0.1148324476267634,521.8677077079192,114,4.399952411651611,4.400015354156494,6.29425048828125e-05,521.8677077079192,114,1.0096766675511997,401.0,0.2423224002122879
172,2.8139316181691852e-09,0.2883465437005393,4.400163173675537,4.399939060211182,4.400032201020614,-0.214616030137698,526.8283483483829,115,4.399988174438477,4.400015354156494,2.7179718017578125e-05,526.8283483483829,115,1.0095143069823584,400.0,0.242283433675766
173,3.958647214183491e-09,0.4323801575296654,4.400165557861328,4.399868488311768,4.39998720417852,-0.103129392341839,526.5647447449155,115,4.399939060211182,4.399939060211182,0.0,526.5647447449155,115,1.009355920056502,399.0,0.2422454208135604
174,3.838182906580689e-09,-0.3539278790777721,4.400091648101807,4.399866104125977,4.400001434657884,-0.6717492331718402,526.8112312313169,115,4.400015354156494,4.399939060211182,-7.62939453125e-05,526.8112312313169,115,1.009189213315646,398.0,0.242205411195755
175,4.182819031219532e-09,-0.294396061771432,4.400163173675537,4.399792194366455,4.399990952533225,1.2268318973203023,526.7849849849008,115,4.400015354156494,4.400015354156494,0.0,526.7849849849008,115,1.009030950566133,397.0,0.2421674281358719
176,2.1729328852990128e-09,-0.8726964816946639,4.400091648101807,4.39986515045166,4.400012571236183,1.20397722696798,531.4876376376487,116,4.400091648101807,4.399939060211182,-0.000152587890625,531.4876376376487,116,1.0089665030439696,396.0,0.2421519607305526
177,3.629499149602456e-09,-0.3639047424477207,4.400091648101807,4.3997931480407715,4.399977359278449,0.3553899983483291,531.3932432434522,116,4.400069236755371,4.400091648101807,2.2411346435546875e-05,531.3932432434522,116,1.0088413953781128,395.0,0.242121934890747
178,3.906384056475574e-09,0.6989780979971242,4.400160312652588,4.399865627288818,4.399979163860452,0.1515454141913399,531.3414414413273,116,4.399994373321533,4.400091648101807,9.72747802734375e-05,531.3414414413273,116,1.0086060191194215,394.0,0.2420654445886612
179,3.0804530154413e-09,-0.0402614748076335,4.400148868560791,4.399864673614502,4.3999918370411315,0.4905980241592842,531.2056056056172,116,4.399957180023193,4.400015354156494,5.817413330078125e-05,531.2056056056172,116,1.0089789206782978,393.0,0.2421549409627914
180,1.7757917698564194e-09,-0.6918881972712306,4.400086879730225,4.399864196777344,4.399989629828411,0.2564257821014677,526.452912912704,115,4.399965286254883,4.399939060211182,-2.6226043701171875e-05,526.452912912704,115,1.0085934152205789,392.0,0.2420624196529388
181,4.591921056058415e-09,0.1062685709669738,4.400091648101807,4.399863243103027,4.399993995998217,-1.0874340010528154,526.3821621621028,115,4.400015354156494,4.400091648101807,7.62939453125e-05,526.3821621621028,115,1.0081167022387187,391.0,0.2419480085372924
182,4.174510645273242e-09,0.4640032718951552,4.400167942047119,4.399873733520508,4.400005607769407,-0.5690308831294595,531.2769769770093,116,4.399939060211182,4.400015354156494,7.62939453125e-05,531.2769769770093,116,1.008056104183197,390.0,0.2419334650039672
183,1.432006975700988e-09,-0.3711014157902987,4.400091648101807,4.39987325668335,4.399982838795103,0.2848488220384242,531.2689189189114,116,4.400026798248291,4.400091648101807,6.4849853515625e-05,531.2689189189114,116,1.0078789666295052,389.0,0.2418909519910812
184,2.983291186491319e-09,-0.3563790689654055,4.400088310241699,4.399868011474609,4.399989675438922,-0.5179436695867432,526.1733333333395,115,4.400066375732422,4.399939060211182,-0.0001273155212402,526.1733333333395,115,1.008016367753347,388.0,0.2419239282608032
185,2.929415551779235e-09,0.839304069021244,4.400162696838379,4.399939060211182,4.40000687796494,0.5016486211504638,531.1215715715662,116,4.399939060211182,4.400015354156494,7.62939453125e-05,531.1215715715662,116,1.0076977933446567,387.0,0.2418474704027176
186,2.0558697530311068e-09,0.1797778725716587,4.400091171264648,4.399939060211182,4.399996157350211,-1.026299402066393,531.0398398400284,116,4.399951457977295,4.400015354156494,6.389617919921875e-05,531.0398398400284,116,1.0125785445173583,386.0,0.2430188506841659
187,1.7107003872264311e-09,-0.0351787556160188,4.40009069442749,4.399875640869141,4.399989241047909,0.1690688460108433,522.5950250248425,114,4.4000468254089355,4.399939060211182,-0.0001077651977539,522.5950250248425,114,1.0085957124829292,385.0,0.242062970995903
188,3.21479678566594e-09,0.6033526356706552,4.400160789489746,4.399939060211182,4.400010339145003,-0.1306636202191082,531.7800300298259,116,4.400021553039551,4.400015354156494,-6.198883056640625e-06,531.7800300298259,116,1.007847860455513,384.0,0.2418834865093231
189,3.618939329783956e-09,1.3467103262754956,4.400234699249268,4.399871826171875,4.400006092827896,3.7403145622053695,531.3805805807933,116,4.400234699249268,4.400015354156494,-0.0002193450927734,531.3805805807933,116,1.00719773521026,383.0,0.2417274564504623
190,1.7985194400673922e-09,0.2369746416617275,4.400091648101807,4.399939060211182,4.400008788475623,-0.4745994487862095,536.1638438436203,117,4.400015354156494,4.400091648101807,7.62939453125e-05,536.1638438436203,117,1.0070852935314178,382.0,0.2417004704475402
191,3.092561864057866e-09,0.5559144215964661,4.400167465209961,4.399939060211182,4.400027731544951,-0.0539974695793445,536.2741541541182,117,4.400015354156494,4.400015354156494,0.0,536.2741541541182,117,1.0069894293944042,381.0,0.2416774630546569
192,2.4394837779347606e-09,0.62658605637389,4.400160312652588,4.399941444396973,4.40002388789736,0.24455625157593,531.2332332334481,116,4.400015354156494,4.400015354156494,0.0,531.2332332334481,116,1.0067499553163848,380.0,0.2416199892759323
193,3.833928818053204e-09,-0.2115802221082486,4.400160789489746,4.399869441986084,4.400024603989165,-0.1716264685933359,540.9381981980987,118,4.399869441986084,4.399939060211182,6.961822509765625e-05,540.9381981980987,118,1.0066458334525428,379.0,0.2415950000286102
194,3.2293967894112774e-09,-0.5220580830792514,4.400091648101807,4.399870872497559,4.400011225643321,-0.4744264885952853,536.3194394395687,117,4.400023460388184,4.400015354156494,-8.106231689453125e-06,536.3194394395687,117,1.006585421661536,378.0,0.2415805011987686
195,2.671239892182619e-09,-0.0440140592363341,4.400084495544434,4.399862766265869,4.399958456976939,-0.3451202212820248,541.1068468466401,118,4.399940013885498,4.400015354156494,7.534027099609375e-05,541.1068468466401,118,1.0064228748281798,377.0,0.2415414899587631
196,3.201384278087774e-09,0.4529478723853924,4.400162220001221,4.399873733520508,4.400008666313301,0.5025688881337707,540.7847747746855,118,4.399941921234131,4.400015354156494,7.343292236328125e-05,540.7847747746855,118,1.0062123959263167,376.0,0.2414909750223159
197,1.1950789531767487e-09,0.7315142558158153,4.400088787078857,4.399939060211182,4.399975061416626,0.0210173213253508,540.8749549551867,118,4.400014400482178,4.399939060211182,-7.534027099609375e-05,540.8749549551867,118,1.006497753163179,375.0,0.2415594607591629
198,2.3901017498135564e-09,0.3650433240729929,4.400162220001221,4.399941921234131,4.4000229264935875,-0.3637826352745992,535.8004004005343,117,4.400015354156494,4.400015354156494,0.0,535.8004004005343,117,1.0061480104923248,374.0,0.2414755225181579
199,2.786677827616133e-09,-0.4276369168141875,4.400086879730225,4.399862766265869,4.399971750047472,-0.3670274219002492,535.9710910911672,117,4.400003433227539,4.399939060211182,-6.437301635742188e-05,535.9710910911672,117,1.0057710111141205,373.0,0.2413850426673889
200,1.6586325131932204e-09,0.0495573606206122,4.40009069442749,4.399939060211182,4.399998676978935,-0.6248077106225458,540.7672072071582,118,4.400015354156494,4.400015354156494,0.0,540.7672072071582,118,1.0056792447964351,372.0,0.2413630187511444
201,1.6848895942713243e-09,-0.0504402039147552,4.400091648101807,4.399940013885498,4.400018506130929,-0.8273463814744204,541.0037837838754,118,4.400025367736816,4.400091648101807,6.628036499023438e-05,541.0037837838754,118,1.0056105131904285,371.0,0.2413465231657028
202,1.5731516521063414e-09,0.2004340310921929,4.400088310241699,4.399939060211182,4.4000026181212855,-0.5787312761231003,535.8120120121166,117,4.4000244140625,4.400015354156494,-9.059906005859377e-06,535.8120120121166,117,1.0054020831982295,370.0,0.241296499967575
203,2.542328023447335e-09,-0.2461751301485904,4.400089263916016,4.399864673614502,4.399994658608722,-0.3949299604310874,535.8909709709696,117,4.400088787078857,4.399939060211182,-0.0001497268676757,535.8909709709696,117,1.00698738048474,369.0,0.2416769713163375
204,2.4694591108951747e-09,0.5481383914752689,4.400091648101807,4.399862766265869,4.399981075319751,0.3142180857886929,531.2965465467423,116,4.400091648101807,4.399939060211182,-0.000152587890625,531.2965465467423,116,1.0054063672820728,368.0,0.2412975281476974
205,2.6263693294309e-09,-1.7954821841910913,4.400015354156494,4.399795055389404,4.39998177754677,2.7692285585065295,540.5891891890205,118,4.400015354156494,4.400015354156494,0.0,540.5891891890205,118,1.00509791324536,367.0,0.2412234991788864
206,1.9020293133245492e-09,-0.3679071663964667,4.400086402893066,4.399862766265869,4.399983397984909,-0.1858451412484019,540.3444144143723,118,4.400015354156494,4.399939060211182,-7.62939453125e-05,540.3444144143723,118,1.0053707907597225,366.0,0.2412889897823333
207,2.437851552253829e-09,-0.1261194978167398,4.400089263916016,4.399866580963135,4.399977663816032,-0.337251558178441,540.6805405407213,118,4.400017261505127,4.400015354156494,-1.9073486328125e-06,540.6805405407213,118,1.0049875204761824,365.0,0.2411970049142837
208,4.2192687322951354e-09,0.8518688782876696,4.400163650512695,4.399869441986084,4.399987434936782,0.0970988465366797,540.4018018017523,118,4.399939060211182,4.400015354156494,7.62939453125e-05,540.4018018017523,118,1.004639764626821,364.0,0.241113543510437
209,3.999615073310859e-09,0.6887673071492675,4.400166988372803,4.399939060211182,4.400008177353164,-0.291304686469823,540.2296396396123,118,4.400147438049316,4.400015354156494,-0.0001320838928222,540.2296396396123,118,1.0044854134321213,363.0,0.2410764992237091
210,1.549023563994066e-09,0.286700890463624,4.400091648101807,4.39993953704834,4.400013847511356,-0.2779541241898955,545.5710510509089,119,4.400008678436279,4.400091648101807,8.296966552734375e-05,545.5710510509089,119,1.004439654449622,362.0,0.2410655170679092
211,1.7048614549649704e-09,-0.2426944552782322,4.400088787078857,4.399939060211182,4.400017592866542,-0.6281775905721445,540.5610810811631,118,4.400015354156494,4.400015354156494,0.0,540.5610810811631,118,1.0043043022354443,361.0,0.2410330325365066
212,1.502336471561183e-09,0.1129367414140767,4.400089740753174,4.399939060211182,4.399993944568794,-0.58522728870479,545.38324324321,119,4.39995002746582,4.400015354156494,6.532669067382812e-05,545.38324324321,119,1.004233459631602,360.0,0.2410160303115844
213,3.404951101934486e-09,-0.623463260478175,4.400091648101807,4.399862766265869,4.400012669443083,-0.3526066283464977,545.2875675675459,119,4.399862766265869,4.400091648101807,0.0002288818359375,545.2875675675459,119,1.0040187587340674,359.0,0.2409645020961761
214,2.76719041736689e-09,0.3347342080734349,4.400091648101807,4.3998637199401855,4.399971833749979,-0.3507144378307556,545.4186786785722,119,4.399941921234131,4.400091648101807,0.0001497268676757,545.4186786785722,119,1.0041606302062671,358.0,0.2409985512495041
215,2.130542280192284e-09,0.1302223688705565,4.400086402893066,4.399864196777344,4.399990201998158,-0.4627389599302813,545.1068468466401,119,4.400078773498535,4.399939060211182,-0.0001397132873535,545.1068468466401,119,1.0038668910662334,357.0,0.240928053855896
216,2.247453834297928e-09,-0.8710543626506758,4.400084495544434,4.399791240692139,4.399966792900021,2.189719888104682,545.6041241241619,119,4.399939060211182,4.399939060211182,0.0,545.6041241241619,119,1.0036711270610492,356.0,0.2408810704946518
217,2.808924902452452e-09,0.1574968736731896,4.400091648101807,4.399875164031982,4.399998700919271,-1.0021221418356858,545.249769769609,119,4.399875164031982,4.400015354156494,0.0001401901245117,545.249769769609,119,1.0034920647740364,355.0,0.2408380955457687
218,2.3597257844588512e-09,0.0823059025753011,4.400167942047119,4.399862766265869,4.400002066294352,0.6910495651867201,550.1778578576632,120,4.400027751922607,4.400167942047119,0.0001401901245117,550.1778578576632,120,1.0034335777163506,354.0,0.2408240586519241
219,2.435678018192455e-09,0.091230677585187,4.400085926055908,4.399867534637451,4.399985361099243,-0.5055779874501338,550.1182982982136,120,4.4000163078308105,4.399939060211182,-7.724761962890625e-05,550.1182982982136,120,1.0033689439296722,353.0,0.2408085465431213
220,2.4241270844804467e-09,0.359052858112222,4.400091648101807,4.3998870849609375,4.399994626004472,-0.7250231771460283,553.7403403404169,117,4.3998870849609375,4.399939060211182,5.1975250244140625e-05,553.7403403404169,117,1.0093082984288535,352.0,0.2422339916229248
221,3.584656177244491e-09,-0.2146864267304071,4.400091648101807,4.399864196777344,4.399993260701497,-0.7510435260842794,553.6835335334763,120,4.399970054626465,4.400015354156494,4.5299530029296875e-05,553.6835335334763,120,1.0090955222646396,351.0,0.2421829253435135
222,1.9690244390462275e-09,-0.2713175883832892,4.400086402893066,4.399867057800293,4.3999923388163245,-0.1417257304052928,553.5405905903317,120,4.399956703186035,4.399939060211182,-1.7642974853515625e-05,553.5405905903317,120,1.0087082783381145,350.0,0.2420899868011474
223,2.991840078886591e-09,0.112051060391885,4.400091648101807,4.399939060211182,4.400012342135112,-1.3164721737138387,552.9938338338397,120,4.400018215179443,4.400015354156494,-2.86102294921875e-06,552.9938338338397,120,1.008297751347224,349.0,0.2419914603233337
224,2.142030966917512e-09,-0.8472104448133909,4.400091648101807,4.399873733520508,4.400018564860026,0.8344985926106068,552.700800800696,120,4.400074005126953,4.400091648101807,1.7642974853515625e-05,552.700800800696,120,1.00788331280152,348.0,0.2418919950723648
225,1.8326901005186774e-09,0.2384022858453086,4.400091648101807,4.399939060211182,4.40000855922699,-0.5303597109969358,552.7770370370708,120,4.400015354156494,4.400091648101807,7.62939453125e-05,552.7770370370708,120,1.0075978934764862,347.0,0.2418234944343567
226,2.67396658540854e-09,0.8050872762871938,4.400163650512695,4.399939060211182,4.4000070810317995,0.5516107779032886,552.569769769907,120,4.400080680847168,4.400015354156494,-6.532669067382812e-05,552.569769769907,120,1.0072187831004462,346.0,0.241732507944107
227,3.46121144220047e-09,0.2668425532742594,4.400162220001221,4.399868488311768,4.400006985664367,0.4064355661864245,552.3791791792028,120,4.399951934814453,4.400091648101807,0.0001397132873535,552.3791791792028,120,1.006791740655899,345.0,0.2416300177574157
228,3.229817440326308e-09,0.3232126187956488,4.400158405303955,4.39986515045166,4.399996705849966,-0.0672082705368306,552.2922222223133,120,4.399989128112793,4.399939060211182,-5.0067901611328125e-05,552.2922222223133,120,1.0064395765463512,344.0,0.2415454983711242
229,2.7055403659111974e-09,0.8033324347350178,4.400157928466797,4.399939060211182,4.399993344148,0.1131099822834458,552.154044044204,120,4.400079727172852,4.400015354156494,-6.437301635742188e-05,552.154044044204,120,1.0061730320254962,343.0,0.241481527686119
230,4.4735512061628935e-09,0.3215757066763862,4.400162696838379,4.399864196777344,4.399994484583536,-0.3332051448400634,552.1790590588935,120,4.399963855743408,4.400091648101807,0.0001277923583984,552.1790590588935,120,1.0058523466189704,342.0,0.2414045631885528
231,2.580531115147232e-09,-0.323416329663174,4.400091648101807,4.399864673614502,4.4000113384782775,-0.3503493116085696,556.7375375377014,121,4.400081634521484,4.400091648101807,1.0013580322265623e-05,556.7375375377014,121,1.0055813938379288,341.0,0.2413395345211029
232,2.8437498844375755e-09,0.3579854315537265,4.400157928466797,4.399939060211182,4.400022451082865,-0.7536587287413168,551.933673673775,120,4.400044918060303,4.399939060211182,-0.000105857849121,551.933673673775,120,1.0052690903345745,340.0,0.2412645816802978
233,2.358656970011734e-09,0.0228181717813282,4.400091648101807,4.399939060211182,4.400008209480727,-1.096677739835218,556.7831831830554,121,4.400091648101807,4.400015354156494,-7.62939453125e-05,556.7831831830554,121,1.0050063331921897,339.0,0.2412015199661255
234,3.565462511229086e-09,-0.3748829865011276,4.400091648101807,4.399867534637451,4.40000227689743,-0.7207586750003121,551.6680380380712,120,4.400091648101807,4.399939060211182,-0.000152587890625,551.6680380380712,120,1.004735752940178,338.0,0.2411365807056427
235,3.2864474856231998e-09,-0.8535401490881747,4.400091648101807,4.399796009063721,4.39999581959622,1.4936667428091042,556.4696696698666,121,4.400009632110596,4.400091648101807,8.20159912109375e-05,556.4696696698666,121,1.0044584671656291,337.0,0.2410700321197509
236,2.322692774746824e-09,0.7071586153191713,4.4001641273498535,4.399939060211182,4.400008157889048,0.4396957519485855,551.2749449447729,120,4.399955749511719,4.399939060211182,-1.6689300537109375e-05,551.2749449447729,120,1.004145791133245,336.0,0.2409949898719787
237,3.431946396165033e-09,-0.1830076991793599,4.400091648101807,4.399788856506348,4.399969971179962,0.4183134014914467,550.8794694696553,120,4.400015354156494,4.400015354156494,0.0,550.8794694696553,120,1.0038855796058974,335.0,0.2409325391054153
238,2.827721126735167e-09,-0.400266903439302,4.400091648101807,4.39987325668335,4.4000076617091155,-0.2623095572458758,556.1717717717402,121,4.3999738693237305,4.400091648101807,0.0001177787780761,556.1717717717402,121,1.0037689159313838,334.0,0.2409045398235321
239,3.681554048483884e-09,0.5813949645803583,4.400160789489746,4.399865627288818,4.399993483225504,0.4053830306457868,551.1653553554788,120,4.399962902069092,4.400015354156494,5.245208740234375e-05,551.1653553554788,120,1.0034709547956786,333.0,0.2408330291509628
240,3.6117171475780192e-09,-0.6707986487291471,4.400084018707275,4.399788856506348,4.399971875277433,-0.1164689278226189,555.8534534536302,121,4.400062084197998,4.400015354156494,-4.673004150390625e-05,555.8534534536302,121,1.0033064832290015,332.0,0.2407935559749603
241,2.725503192587561e-09,-0.0426139132691345,4.400091648101807,4.399863243103027,4.399995007790809,-0.3597185211547935,556.0792792793363,121,4.400015354156494,4.400015354156494,0.0,556.0792792793363,121,1.0029897093772888,331.0,0.2407175302505493
242,4.3006731017563914e-09,0.529975886587178,4.400163650512695,4.399864673614502,4.399989222692064,0.0744016828244444,555.6804804806598,121,4.400015354156494,4.399939060211182,-7.62939453125e-05,555.6804804806598,121,1.0027335956692696,330.0,0.2406560629606247
243,1.5696318111802803e-09,0.237434149499984,4.400085926055908,4.399939060211182,4.399986880724548,-0.804822900364325,560.738708708901,122,4.400038719177246,4.400015354156494,-2.3365020751953125e-05,560.738708708901,122,1.0026647398869195,329.0,0.2406395375728607
244,2.261268847346012e-09,0.7686902257934969,4.400091648101807,4.399867057800293,4.399973408249784,0.6316685881212627,555.6996996998787,121,4.400022029876709,4.399939060211182,-8.296966552734375e-05,555.6996996998787,121,1.0022875542442005,328.0,0.2405490130186081
245,8.727797061895687e-10,0.0467519143734438,4.400091648101807,4.3999409675598145,4.400013974455536,1.2768246960014888,560.5667167166248,122,4.400015354156494,4.400091648101807,7.62939453125e-05,560.5667167166248,122,1.002114824950695,327.0,0.2405075579881668
246,1.8630013679891512e-09,0.4994854377663249,4.4000959396362305,4.399939060211182,4.399992379275235,-0.6138407060560982,555.6252252254635,121,4.4000959396362305,4.400015354156494,-8.058547973632812e-05,555.6252252254635,121,1.0019211719433467,326.0,0.2404610812664032
247,3.922011528279039e-09,0.1368603658909594,4.400091648101807,4.399864196777344,4.39998729958022,-0.8557284966428909,555.470270270016,121,4.400091648101807,4.399939060211182,-0.000152587890625,555.470270270016,121,1.0016982754071555,325.0,0.2404075860977172
248,2.90413119375669e-09,-0.0011135773037093,4.400091648101807,4.399939060211182,4.400015350247993,-1.2726849961860365,560.5315915914252,122,4.400015354156494,4.400015354156494,0.0,560.5315915914252,122,1.0015379016598067,324.0,0.2403690963983535
249,2.1697570413961272e-09,-0.4669001978314652,4.400091648101807,4.399871826171875,4.399996136055618,0.3893942902757659,560.1609609611332,122,4.39995002746582,4.400091648101807,0.0001416206359863,560.1609609611332,122,1.001256455977758,323.0,0.2403015494346618
250,2.127602482577964e-09,0.2185636876541187,4.400085926055908,4.399873733520508,4.399983703112993,-0.4782218726740117,560.1645945943892,122,4.400057315826416,4.400015354156494,-4.1961669921875e-05,560.1645945943892,122,1.0010378435254097,322.0,0.2402490824460983
251,1.367093834845725e-09,-0.7259020712257318,4.40009069442749,4.399862766265869,4.39999861404544,1.4515899368373173,559.993813813664,122,4.400015354156494,4.399862766265869,-0.000152587890625,559.993813813664,122,1.0008710126082103,321.0,0.2402090430259704
252,1.9387917798778475e-09,0.2287779715396199,4.400091171264648,4.399939060211182,4.39999460392311,-0.943056198859558,560.0652752751485,122,4.4000773429870605,4.399939060211182,-0.0001382827758789,560.0652752751485,122,1.0006731376051905,320.0,0.2401615530252456
253,2.8373124595562922e-09,0.0529831170252689,4.400091648101807,4.399862766265869,4.39995837602459,-0.4846009281890806,560.1282582581043,122,4.3999714851379395,4.400091648101807,0.0001201629638671,560.1282582581043,122,1.0005233188470206,319.0,0.2401255965232849
254,2.692578841580143e-09,0.6080657549899717,4.4001569747924805,4.399864196777344,4.399994029373419,0.661989784955586,559.9550550552085,122,4.399939060211182,4.400015354156494,7.62939453125e-05,559.9550550552085,122,1.0002962624033294,318.0,0.240071102976799
255,1.4342629624281551e-09,-1.2281238368933225,4.400089263916016,4.399866104125977,4.400002654005841,2.2526393071939244,564.8306906907819,123,4.400015354156494,4.399939060211182,-7.62939453125e-05,564.8306906907819,123,1.0001439601182938,317.0,0.2400345504283905
256,2.211558725881246e-09,-0.1856075581549196,4.400091171264648,4.399868965148926,4.399989894179047,-0.1661733616363081,559.7007007007487,122,4.399998188018799,4.400015354156494,1.71661376953125e-05,559.7007007007487,122,0.9999172141154608,316.0,0.2399801313877105
257,4.833626991695069e-09,0.5931461712776531,4.400156021118164,4.399864196777344,4.399995648764013,-0.6914891886119157,564.7623023022898,123,4.39998197555542,4.400015354156494,3.337860107421875e-05,564.7623023022898,123,0.9997985015312832,315.0,0.2399516403675079
258,2.780523627628541e-09,0.9853589113804232,4.400091648101807,4.399939060211182,4.399984047061107,-0.3462535055554445,559.8642142140307,122,4.399970531463623,4.400015354156494,4.482269287109375e-05,559.8642142140307,122,0.9995441262920698,314.0,0.2398905903100967
259,4.412669223606811e-09,0.0123295909056927,4.400166988372803,4.3998703956604,4.400011896117916,-0.8156891791448824,564.5864464463666,123,4.399939060211182,4.399939060211182,0.0,564.5864464463666,123,0.9994026273488998,313.0,0.2398566305637359
260,3.763311575988145e-09,-0.5212347262630588,4.400091648101807,4.3997883796691895,4.399992153292796,0.564134386494322,559.7225025026128,122,4.399972915649414,4.400015354156494,4.2438507080078125e-05,559.7225025026128,122,0.9991774335503578,312.0,0.2398025840520858
261,1.4693334502661615e-09,0.1002790647026235,4.400087833404541,4.399939060211182,4.400006569497954,-0.4587538449769539,564.6389589589089,123,4.399939060211182,4.400015354156494,7.62939453125e-05,564.6389589589089,123,0.9990379214286804,311.0,0.2397691011428833
262,2.3596796702251944e-09,0.2932393420251441,4.400162696838379,4.399873733520508,4.400010233002949,1.005263574997151,564.3189989989623,123,4.400028705596924,4.399939060211182,-8.96453857421875e-05,564.3189989989623,123,0.9988858674963316,310.0,0.2397326081991195
263,2.0345304050337056e-09,-0.1461960340630343,4.400087356567383,4.39986515045166,4.399984065110122,-0.2679793508039907,564.5205005006865,123,4.400061130523682,4.400015354156494,-4.57763671875e-05,564.5205005006865,123,0.9987213959296544,309.0,0.239693135023117
264,3.796706741987519e-09,0.2767314454359501,4.400160789489746,4.399862766265869,4.399999910785306,-0.4221512362579402,569.475225225091,124,4.400090217590332,4.400091648101807,1.430511474609375e-06,569.475225225091,124,0.9985484803716342,308.0,0.2396516352891922
265,2.311902469840954e-09,0.2864489019582889,4.400091648101807,4.399873733520508,4.39999374916883,-0.340090693625775,564.4484484484419,123,4.399939060211182,4.400015354156494,7.62939453125e-05,564.4484484484419,123,0.998267283042272,307.0,0.2395841479301452
266,5.181711773942107e-09,-0.6570030759919185,4.400091648101807,4.399803638458252,4.400001618169969,-0.2994089485723901,569.2782282284461,124,4.400043487548828,4.400091648101807,4.8160552978515625e-05,569.2782282284461,124,0.998181849718094,306.0,0.2395636439323425
267,3.066804372128777e-09,0.2619901924376503,4.400163650512695,4.399867534637451,4.400008490008693,0.936492472901894,569.1895795795135,124,4.400025844573975,4.400015354156494,-1.049041748046875e-05,569.1895795795135,124,0.9979026392102242,305.0,0.2394966334104538
268,1.9595787868490455e-09,-0.5798082777555109,4.400090217590332,4.399870872497559,4.400008716890889,0.4326974440362998,569.3718018019572,124,4.399991989135742,4.400015354156494,2.3365020751953125e-05,569.3718018019572,124,0.997813108066718,304.0,0.2394751459360122
269,2.154584525596406e-09,-0.0215101244840981,4.400091648101807,4.399939060211182,4.400014242818279,-0.9743853032893788,569.0356756756082,124,4.4000139236450195,4.399939060211182,-7.486343383789062e-05,569.0356756756082,124,0.997588224709034,303.0,0.2394211739301681
270,1.5139496334144967e-09,-0.5763196731524891,4.400081157684326,4.399863243103027,4.399983688354492,0.6328540673176071,573.9983583581634,125,4.3999714851379395,4.400015354156494,4.38690185546875e-05,573.9983583581634,125,0.9974276646971704,302.0,0.2393826395273208
271,3.142335009035849e-09,-0.0681018049596595,4.400091648101807,4.399874210357666,4.400008743809115,-0.9653908599914248,569.011051050853,124,4.400008201599121,4.400091648101807,8.344650268554688e-05,569.011051050853,124,0.997200608253479,301.0,0.2393281459808349
272,2.957969007653088e-09,-0.1876126108820788,4.400091648101807,4.399863243103027,4.399985478770349,-0.6876275716838869,569.0861561559141,124,4.399969577789307,4.400091648101807,0.0001220703125,569.0861561559141,124,0.996992364525795,300.0,0.2392781674861908
273,2.371984305390224e-09,0.0450381720192862,4.400090217590332,4.399867057800293,4.399961002411381,-0.2955955342877927,569.1440240242518,124,4.399974822998047,4.400015354156494,4.0531158447265625e-05,569.1440240242518,124,0.99680262307326,299.0,0.2392326295375824
274,3.245752850489226e-09,-0.7283319460496169,4.400085926055908,4.399789333343506,4.399977958679199,1.0012779419610545,573.8196196197532,125,4.3999834060668945,4.399862766265869,-0.0001206398010253,573.8196196197532,125,0.996621698141098,298.0,0.2391892075538635
275,3.620509779439421e-09,0.0572281651200206,4.400148868560791,4.399866580963135,4.3999937542023195,-0.3860010054463725,568.9999699699692,124,4.40005350112915,4.399939060211182,-0.0001144409179687,568.9999699699692,124,0.9963862597942352,297.0,0.2391327023506164
276,2.9467366344291702e-09,0.8700485421523533,4.400091648101807,4.399939060211182,4.399983428955078,-0.682735028278215,573.7848648647778,125,4.399972438812256,4.400091648101807,0.0001192092895507,573.7848648647778,125,0.9962383657693864,296.0,0.2390972077846527
277,2.714406682277893e-09,0.1303751756277864,4.400091648101807,4.399864673614502,4.399973003387451,-0.4477072352929694,573.5167567566969,125,4.399981498718262,4.400015354156494,3.3855438232421875e-05,573.5167567566969,125,0.9960590551296872,295.0,0.2390541732311248
278,2.108848504224536e-09,-0.4894336822403239,4.400091648101807,4.399880409240723,4.400024150848389,0.340728722053301,573.5440640640445,125,4.400001049041748,4.400015354156494,1.430511474609375e-05,573.5440640640445,125,0.9958862016598384,294.0,0.2390126883983612
279,3.5869475874689313e-09,-0.5072152552901655,4.400091648101807,4.399862766265869,4.399992095947265,-0.2176025313372704,573.8059659660794,125,4.400015354156494,4.400015354156494,0.0,573.8059659660794,125,0.9957257037361464,293.0,0.2389741688966751
280,2.781204373956914e-09,-0.0923009390736705,4.400091648101807,4.399863243103027,4.3999938278198245,-0.2151800338756619,573.7339739738964,125,4.400015354156494,4.400091648101807,7.62939453125e-05,573.7339739738964,125,0.995506967107455,292.0,0.2389216721057891
281,2.107178202535461e-09,-0.0914237678578446,4.40009069442749,4.399863243103027,4.39998722076416,-0.1292468842985412,573.6855655657127,125,4.399898529052734,4.400015354156494,0.0001168251037597,573.6855655657127,125,0.9953509395321212,291.0,0.238884225487709
282,2.330161424329309e-09,0.623046542568316,4.400155067443848,4.399939060211182,4.400006156921386,0.0290703261487013,573.7600400401279,125,4.399971008300781,4.399939060211182,-3.1948089599609375e-05,573.7600400401279,125,0.9950925906499228,290.0,0.2388222217559814
283,3.1804618101300406e-09,-0.3493536621096982,4.400091648101807,4.3998637199401855,4.400010265350342,-0.5875572675137524,573.2970570572652,125,4.400008678436279,4.400015354156494,6.67572021484375e-06,573.2970570572652,125,0.9949008623758951,289.0,0.2387762069702148
284,2.789215261967206e-09,-0.1549386082188059,4.400091648101807,4.399862766265869,4.399988338470459,-0.1384936378615626,573.589989989996,125,4.400015354156494,4.400015354156494,0.0,573.589989989996,125,0.994717391828696,288.0,0.238732174038887
285,3.401860585510138e-09,-0.43403923572754,4.400091648101807,4.399862766265869,4.399992776295496,-0.0626296924346494,578.2782782781869,126,4.399901390075684,4.400091648101807,0.000190258026123,578.2782782781869,126,0.9945446625351906,287.0,0.2386907190084457
286,1.3443663075093121e-09,0.2935204831150432,4.400085926055908,4.399939060211182,4.39998486328125,-0.612458581050646,573.22754754778,125,4.400032997131348,4.399939060211182,-9.393692016601562e-05,573.22754754778,125,0.994261292119821,286.0,0.238622710108757
287,2.041509957514732e-09,0.5792699800178971,4.400088787078857,4.399939060211182,4.399989612518795,-0.7594858719893596,578.0805805805139,126,4.40005350112915,4.399939060211182,-0.0001144409179687,578.0805805805139,126,0.9940591330329578,285.0,0.2385741919279098
288,4.893554201800497e-09,0.6911874311421731,4.400234222412109,4.39986515045166,4.400009753212096,1.1177012720112431,578.1706706709228,126,4.400017261505127,4.400091648101807,7.43865966796875e-05,578.1706706709228,126,0.9939424693584442,284.0,0.2385461926460266
289,2.512316386278216e-09,0.1089382281241708,4.400091648101807,4.399869918823242,4.399989884997171,-0.315395536500286,578.1831831829622,126,4.400091648101807,4.400091648101807,0.0,578.1831831829622,126,0.9937696158885956,283.0,0.2385047078132629
290,4.686769638543148e-09,1.0575284951433963,4.400238037109375,4.399862766265869,4.399985994611468,2.095923870399246,577.8828828828409,126,4.4000163078308105,4.399939060211182,-7.724761962890625e-05,577.8828828828409,126,0.9935177862644196,282.0,0.2384442687034607
291,1.849125452743407e-09,-0.1207590797722492,4.400091648101807,4.399866104125977,4.399976484359256,0.0816623251753854,577.8078078078106,126,4.399998188018799,4.400091648101807,9.34600830078125e-05,577.8078078078106,126,0.9932550912102064,281.0,0.2383812218904495
292,4.311377071846638e-09,0.8905837351755269,4.400230884552002,4.399868965148926,4.400006320741442,1.738813674456126,577.540040039923,126,4.39994478225708,4.399939060211182,-5.7220458984375e-06,577.540040039923,126,0.9931425874431928,280.0,0.2383542209863662
293,4.167978341496247e-09,-0.3908848249268782,4.400091648101807,4.399866104125977,4.40000713817657,-0.7964136446424281,577.9004004006274,126,4.39998722076416,4.400015354156494,2.8133392333984375e-05,577.9004004006274,126,0.9928135201334952,279.0,0.2382752448320388
294,1.8910246861161347e-09,0.114369655448431,4.400091648101807,4.399939060211182,4.400016165155125,-0.5023815512209184,582.4895495497622,127,4.400071144104004,4.400015354156494,-5.5789947509765625e-05,582.4895495497622,127,0.9926510353883108,278.0,0.2382362484931945
295,3.225104474055341e-09,0.2103798900294171,4.400153636932373,4.39986515045166,4.399998848832499,-0.2982094400353774,582.6535135135055,127,4.400071620941162,4.400091648101807,2.002716064453125e-05,582.6535135135055,127,0.9924841423829396,277.0,0.2381961941719055
296,1.1837860442346447e-09,0.0528269685281657,4.40008544921875,4.399939060211182,4.399998488388662,-0.1456512282697115,582.6131531530991,127,4.39997673034668,4.400015354156494,3.8623809814453125e-05,582.6131531530991,127,0.9922865157326064,276.0,0.2381487637758255
297,3.183254730675965e-09,0.2346894131603796,4.4002366065979,4.399869918823242,4.400035253659946,1.9133339365575657,582.5727927926928,127,4.3999810218811035,4.399939060211182,-4.1961669921875e-05,582.5727927926928,127,0.9920199712117512,275.0,0.2380847930908203
298,2.5863335277123252e-09,-0.3202467856878073,4.400091648101807,4.399873733520508,4.400007052684393,-0.5571715623374671,582.7064864863642,127,4.400079250335693,4.399939060211182,-0.0001401901245117,582.7064864863642,127,0.9919573242465656,274.0,0.2380697578191757
299,1.5999478181095292e-09,0.1048697995887717,4.400091648101807,4.399939060211182,4.400011914921558,-0.695090764126455,582.4529729727656,127,4.400079727172852,4.399939060211182,-0.0001406669616699,582.4529729727656,127,0.991844820479552,273.0,0.2380427569150924
300,2.557156611666349e-09,0.5257766941280557,4.400091648101807,4.399939060211182,4.399993442353749,-0.9645578756644748,577.4562062062323,126,4.400015354156494,4.400015354156494,0.0,577.4562062062323,126,0.9915387878815334,272.0,0.237969309091568
301,2.0321247865431484e-09,-0.6360793906180403,4.400090217590332,4.399862766265869,4.40000309155682,0.8662613680739821,582.6257657655515,127,4.399947643280029,4.399862766265869,-8.487701416015625e-05,582.6257657655515,127,0.9912096584836644,271.0,0.2378903180360794
302,2.968671048269401e-09,0.5428366895920893,4.400158882141113,4.3999247550964355,4.400007292628288,-0.266270177845346,587.5472572571598,128,4.3999247550964355,4.399939060211182,1.430511474609375e-05,587.5472572571598,128,0.991128385066986,270.0,0.2378708124160766
303,4.405168905068386e-09,-0.0472549866428175,4.4001617431640625,4.399865627288818,4.399991873651743,-0.6063057941725716,587.2624924923293,128,4.400038242340088,4.400091648101807,5.340576171875e-05,587.2624924923293,128,0.990961492061615,269.0,0.2378307580947876
304,2.9469504701773627e-09,0.661281595407897,4.400156497955322,4.399868011474609,4.399994868785143,0.5329383997312473,587.472252252046,128,4.39996862411499,4.399939060211182,-2.956390380859375e-05,587.472252252046,128,0.9905013566215832,268.0,0.23772032558918
305,2.0890797892980476e-09,-0.2272463910070601,4.400084495544434,4.399866580963135,4.399981528520584,0.1894723134910081,587.3629229231738,128,4.399939060211182,4.400015354156494,7.62939453125e-05,587.3629229231738,128,0.9903555115063986,267.0,0.2376853227615356
306,1.89787820804614e-09,0.016004575251826,4.400084972381592,4.399869918823242,4.399976845830679,-0.4514603276547939,586.9955255254172,128,4.399997234344482,4.399939060211182,-5.817413330078125e-05,586.9955255254172,128,0.9901699299613635,266.0,0.2376407831907272
307,2.229409503900741e-09,0.6792663359704308,4.400091648101807,4.399921417236328,4.399989116936922,-0.4966873438731678,587.0222222222947,128,4.399921417236328,4.399939060211182,1.7642974853515625e-05,587.0222222222947,128,0.9898783639073372,265.0,0.2375708073377609
308,3.62929253230871e-09,-0.6067626213484877,4.400089740753174,4.3997883796691895,4.399977643360463,0.4607993261673053,591.9737337338738,129,4.399962902069092,4.399939060211182,-2.384185791015625e-05,591.9737337338738,129,0.9896428013841312,264.0,0.2375142723321914
309,2.564960457502856e-09,-0.0354948572091273,4.400091648101807,4.399939060211182,4.400011461228132,-1.2423271592694352,586.7527127126232,128,4.400015354156494,4.400015354156494,0.0,586.7527127126232,128,0.9894262378414472,263.0,0.2374622970819473
310,2.255071072168063e-09,-0.2127624127489049,4.400091648101807,4.399865627288818,4.400000956631446,-0.4434464682114094,591.916076076217,129,4.399865627288818,4.400091648101807,0.0002260208129882,591.916076076217,129,0.9891826038559278,262.0,0.2374038249254226
311,2.876160443315887e-09,0.1803450830950893,4.400091648101807,4.399867534637451,4.399994669034499,-0.6461756896744952,591.8468868867494,129,4.399974346160889,4.400015354156494,4.100799560546875e-05,591.8468868867494,129,0.9890222921967506,261.0,0.2373653501272201
312,2.84651940950242e-09,0.3398092564455446,4.400156497955322,4.399863243103027,4.3999985133030615,0.9205800554908006,591.4368768767454,129,4.400015354156494,4.399939060211182,-7.62939453125e-05,591.4368768767454,129,0.9887368728717169,260.0,0.237296849489212
313,2.252365198744375e-09,-0.3498877268489991,4.400085926055908,4.399869918823242,4.399985357772472,-0.0456162830509891,591.7905105105601,129,4.400085926055908,4.399939060211182,-0.0001468658447265,591.7905105105601,129,0.9884826218088468,259.0,0.2372358292341232
314,1.5706508341990287e-09,-0.046822005057837,4.400091648101807,4.399939060211182,4.4000055512716605,-0.4293146937595296,591.5137537536211,129,4.400091648101807,4.400015354156494,-7.62939453125e-05,591.5137537536211,129,0.9883223101496696,258.0,0.2371973544359207
315,2.736645266987728e-09,-0.4792093491537343,4.400090217590332,4.399862766265869,4.399988496026327,-0.2935490054836189,591.604724724777,129,4.399933338165283,4.399939060211182,5.7220458984375e-06,591.604724724777,129,0.9882140283783276,257.0,0.2371713668107986
316,4.532168528498034e-09,-0.0501510063753435,4.400150775909424,4.399863243103027,4.400001008381215,-0.8911160426340556,591.6521321320906,129,4.400089740753174,4.400015354156494,-7.43865966796875e-05,591.6521321320906,129,0.9878950814406078,256.0,0.2370948195457458
317,2.5140037375254668e-09,-0.3788721436343075,4.400086879730225,4.399862766265869,4.399978824762198,-0.4323252761120888,596.1685285284184,130,4.3999457359313965,4.399862766265869,-8.296966552734375e-05,596.1685285284184,130,0.9875599294900894,255.0,0.2370143830776214
318,2.337512955290189e-09,-0.4564252181530979,4.400091648101807,4.399867534637451,4.400008344650269,0.3887224033151533,596.386756756343,130,4.400076389312744,4.399939060211182,-0.0001373291015625,596.386756756343,130,0.9872911497950554,254.0,0.2369498759508133
319,3.2836861628929713e-09,0.1371895520134904,4.400161266326904,4.399939060211182,4.400021013846764,-0.755130477185372,596.3609309308231,130,4.3999433517456055,4.400015354156494,7.200241088867188e-05,596.3609309308231,130,0.9870409965515136,253.0,0.2368898391723632
320,3.214012668388396e-09,-0.0492493167441515,4.400091648101807,4.399866104125977,4.400002081563153,-0.7467014157712479,601.7666666666046,127,4.400017261505127,4.400015354156494,-1.9073486328125e-06,601.7666666666046,127,0.9964444984992346,252.0,0.2391466796398162
321,2.495068825237658e-09,-0.4821095462060834,4.400091648101807,4.399862766265869,4.400008935194749,0.0401904054038042,601.570000000298,130,4.400091648101807,4.399862766265869,-0.0002288818359375,601.570000000298,130,0.995815359055996,251.0,0.238995686173439
322,1.5629476090611587e-09,-0.0255452994282157,4.40009069442749,4.399862766265869,4.399991703033447,0.0767942422017928,601.0354054048657,130,4.400088787078857,4.399862766265869,-0.0002260208129882,601.0354054048657,130,0.9950779999295872,250.0,0.2388187199831009
323,3.528709534137796e-09,0.0272862475900813,4.40015983581543,4.399862766265869,4.399990580464137,0.6772019173031634,605.8091091094539,131,4.400017738342285,4.400015354156494,-2.384185791015625e-06,605.8091091094539,131,0.994228074947993,249.0,0.2386147379875183
324,5.169847862914556e-09,0.4511453725891096,4.400155067443848,4.399862766265869,4.399965246215121,-0.6038175275260729,605.2066066069528,131,4.399933815002441,4.399939060211182,5.245208740234375e-06,605.2066066069528,131,0.993459423383077,248.0,0.2384302616119384
325,1.647134798777022e-09,-0.5029927825012284,4.400090217590332,4.399867057800293,4.3999777022208875,0.3976419754741775,605.1493493495509,131,4.399957180023193,4.400015354156494,5.817413330078125e-05,605.1493493495509,131,0.9926282490293186,247.0,0.2382307797670364
326,3.1863100663977567e-09,0.2037730133083811,4.400091648101807,4.399868965148926,4.3999861506105375,-0.7182534430842344,604.9554554549977,131,4.40006685256958,4.399939060211182,-0.0001277923583984,604.9554554549977,131,0.9918114170432092,246.0,0.2380347400903701
327,2.007872221277948e-09,-0.4359387474808415,4.40008544921875,4.399869918823242,4.399980974919869,-0.1240846736535803,609.530280279927,132,4.4000139236450195,4.399939060211182,-7.486343383789062e-05,609.530280279927,132,0.9911718467871348,245.0,0.2378812432289123
328,2.6263569810221663e-09,-0.3284767394728688,4.400091648101807,4.399866580963135,4.399983304919618,-0.2252799588197356,609.3899699700996,132,4.399939060211182,4.400091648101807,0.000152587890625,609.3899699700996,132,0.9904324387510618,244.0,0.2377037853002548
329,1.9009774549916936e-09,0.3994222803359354,4.400091648101807,4.399939060211182,4.40000197403413,-0.5425440197952534,613.9189189188182,133,4.399975776672363,4.399939060211182,-3.6716461181640625e-05,613.9189189188182,133,0.989719790716966,243.0,0.2375327497720718
330,1.987264371515569e-09,0.7295433367175406,4.4001593589782715,4.39993953704834,4.400011882637486,0.7345468768554348,609.0398498494178,132,4.3999786376953125,4.400015354156494,3.6716461181640625e-05,609.0398498494178,132,0.988984728852908,242.0,0.2373563349246978
331,3.226423207284719e-09,-0.3699162394020223,4.400091648101807,4.399862766265869,4.399990533527575,-0.4246501840161931,613.6031231228262,133,4.400033473968506,4.400015354156494,-1.811981201171875e-05,613.6031231228262,133,0.98829319079717,241.0,0.2371903657913208
332,2.2841559980993975e-09,0.2741512179421336,4.400090217590332,4.399864673614502,4.399979089623067,-0.4821836182517311,618.4619819819927,134,4.400071620941162,4.399939060211182,-0.0001325607299804,618.4619819819927,134,0.9877076993385951,240.0,0.2370498478412628
333,1.6399899049472984e-09,0.553910210988282,4.40009069442749,4.399939060211182,4.399985553626728,-0.4715060039897882,613.3163963966072,133,4.399939060211182,4.400015354156494,7.62939453125e-05,613.3163963966072,133,0.9869035333395004,239.0,0.2368568480014801
334,2.557207975815957e-09,-0.1247506561231958,4.400091648101807,4.399868488311768,4.400009230001649,-0.3731206569110243,618.0892092091963,134,4.400015354156494,4.399939060211182,-7.62939453125e-05,618.0892092091963,134,0.9863472854097683,238.0,0.2367233484983444
335,1.831769023773782e-09,-0.6308642270838,4.400091648101807,4.3998637199401855,4.399993163436206,0.5292781020702009,618.0013413410634,134,4.399975299835205,4.400091648101807,0.0001163482666015,618.0013413410634,134,0.9856556231776874,237.0,0.2365573495626449
336,3.309827236387998e-09,0.3595722603370358,4.400091648101807,4.399939060211182,4.400000487433539,-1.3031465556587525,622.5527327330783,135,4.399969100952148,4.400091648101807,0.0001225471496582,622.5527327330783,135,0.9851182500521344,236.0,0.2364283800125122
337,2.153467568212368e-09,0.8756548351677258,4.400091648101807,4.399939060211182,4.399981219680221,-0.1391525681169705,622.5969969965518,135,4.39998722076416,4.400091648101807,0.0001044273376464,622.5969969965518,135,0.984439253807068,235.0,0.2362654209136963
338,3.240123969680555e-09,-0.1948348753649511,4.400091648101807,4.399868965148926,4.4000035497877334,-0.5931788615069693,622.563463463448,135,4.399973392486572,4.400015354156494,4.1961669921875e-05,622.563463463448,135,0.9837849686543148,234.0,0.2361083924770355
339,1.6732197439252127e-09,-0.0393324758355193,4.400087833404541,4.399867534637451,4.399986778988557,0.1619447774235922,626.8864864865318,136,4.399973392486572,4.400015354156494,4.1961669921875e-05,626.8864864865318,136,0.9830269341667494,233.0,0.2359264642000198
340,2.5892693752365272e-09,0.0492757790415996,4.400091648101807,4.399863243103027,4.399995447088171,-0.2756215725290891,621.794874874875,135,4.399988651275635,4.400015354156494,2.6702880859375e-05,621.794874874875,135,0.9824244305491447,232.0,0.2357818633317947
341,3.6920045261632214e-09,0.0134522338791462,4.400091648101807,4.399789333343506,4.3999663871877335,0.3418974889339732,626.7716216212139,136,4.399965763092041,4.400091648101807,0.0001258850097656,626.7716216212139,136,0.9818453962604206,231.0,0.2356428951025009
342,3.31974008456515e-09,-0.0069097761671884,4.400091648101807,4.399867534637451,4.399990850991577,-0.675158596932576,631.442962963134,137,4.400091648101807,4.400091648101807,0.0,631.442962963134,137,0.9812206029891968,230.0,0.2354929447174072
343,1.4284226802784138e-09,-0.3032840630129885,4.40009069442749,4.399939060211182,4.40001926905867,-0.0972921010673717,636.3506006002426,138,4.400015354156494,4.400015354156494,0.0,636.3506006002426,138,0.9806081652641296,229.0,0.2353459596633911
344,3.447543383910284e-09,-0.025828331801156,4.400091648101807,4.39986515045166,4.399997158326965,-0.6831878314499451,636.0516416411847,138,4.400019645690918,4.400015354156494,-4.291534423828125e-06,636.0516416411847,138,0.9800079589088758,228.0,0.2352019101381302
345,4.182301632582721e-09,-0.0358444520791986,4.400091648101807,4.399786472320557,4.399972877640655,-0.0788187004767846,635.932332332246,138,4.400091648101807,4.400015354156494,-7.62939453125e-05,635.932332332246,138,0.979514606297016,227.0,0.2350835055112838
346,2.2121182719095704e-09,-0.0097857593710169,4.400089263916016,4.3998703956604,4.399985976841139,-0.4397806841371654,635.9049049047753,138,4.40004825592041,4.399939060211182,-0.0001091957092285,635.9049049047753,138,0.9788207709789276,226.0,0.2349169850349426
347,4.772052249528771e-09,-0.638096452156685,4.400163650512695,4.399787425994873,4.400021968128012,0.7794531015823027,640.5424024024978,139,4.39995002746582,4.400015354156494,6.532669067382812e-05,640.5424024024978,139,0.9780770788590114,225.0,0.2347384989261627
348,3.7672197964615725e-09,-0.661753965187182,4.400088787078857,4.399792671203613,4.399987395718801,0.2687366698130864,640.46504504513,139,4.400049209594727,4.400015354156494,-3.3855438232421875e-05,640.46504504513,139,0.9775105863809586,224.0,0.23460254073143
349,3.761413221370342e-09,0.3105393521806557,4.4001617431640625,4.399869918823242,4.400006565258657,-0.2989660714207951,640.4747147150338,139,4.3999528884887695,4.399939060211182,-1.3828277587890623e-05,640.4747147150338,139,0.976737712820371,223.0,0.234417051076889
350,2.115612765153819e-09,-0.0480322604600291,4.40009069442749,4.399863243103027,4.399990538041369,0.023929688298053,640.11279279273,139,4.400015354156494,4.400015354156494,0.0,640.11279279273,139,0.9761168311039607,222.0,0.2342680394649505
351,2.392831630102503e-09,0.1777193228539285,4.400091648101807,4.399939060211182,4.400005411594472,-1.1202671268151292,649.817217216827,141,4.39996337890625,4.400015354156494,5.1975250244140625e-05,649.817217216827,141,0.9753962357838948,221.0,0.2340950965881347
352,2.8068861423596727e-09,0.264024312339076,4.400155544281006,4.399939060211182,4.40001379175389,-0.5839980204417952,649.7905905907974,141,4.4000678062438965,4.399939060211182,-0.0001287460327148,649.7905905907974,141,0.9748524675766628,220.0,0.233964592218399
353,3.345602176924084e-09,-0.263669613391209,4.400091648101807,4.399862766265869,4.39997883045927,-0.6209548733918702,649.4010010007769,141,4.399954795837402,4.400091648101807,0.0001368522644042,649.4010010007769,141,0.9742795179287592,219.0,0.2338270843029022
354,3.193653351541237e-09,0.398642848996439,4.400158882141113,4.399866104125977,4.399989007224499,0.6369987867228857,654.5999099100009,142,4.400015354156494,4.399939060211182,-7.62939453125e-05,654.5999099100009,142,0.9736794978380204,218.0,0.2336830794811248
355,2.470933893526183e-09,0.0893266189613501,4.400091648101807,4.399939060211182,4.400019061397499,-1.1536677377743054,654.0508708711714,142,4.39999532699585,4.400091648101807,9.632110595703124e-05,654.0508708711714,142,0.9730836376547812,217.0,0.2335400730371475
356,3.7226271621734917e-09,-0.2715139432330372,4.400091171264648,4.399862766265869,4.399982759168932,-0.677846034502962,659.2239839835092,143,4.400091171264648,4.400015354156494,-7.581710815429688e-05,659.2239839835092,143,0.972358820339044,216.0,0.2333661168813705
357,2.307724180873515e-09,0.8733333048672458,4.400162220001221,4.399939060211182,4.400006364275526,0.6872030190559681,658.867207207717,143,4.399939060211182,4.400015354156494,7.62939453125e-05,658.867207207717,143,0.9717422227064768,215.0,0.2332181334495544
358,3.679074163501386e-09,0.2074089899084071,4.400091648101807,4.399862766265869,4.3999806017308805,-0.4220165340770152,658.7136936942115,143,4.399866104125977,4.400015354156494,0.0001492500305175,658.7136936942115,143,0.9711589043339094,214.0,0.2330781370401382
359,2.725217431105296e-09,-0.8377702884531367,4.400085926055908,4.399791240692139,4.3999719486369955,1.196281387229499,658.0967967966571,143,4.399939060211182,4.400015354156494,7.62939453125e-05,658.0967967966571,143,0.9705131873488426,213.0,0.2329231649637222
360,3.1723540903751292e-09,0.2366750746361764,4.400156497955322,4.39986515045166,4.399996130616515,0.4648482094470463,658.1181181184947,143,4.400013446807861,4.399939060211182,-7.43865966796875e-05,658.1181181184947,143,0.9699216733376186,212.0,0.2327812016010284
361,2.9444210792236967e-09,-0.3837219283619724,4.400091648101807,4.399862766265869,4.400006704860264,-0.2826052745013707,662.7141041038558,144,4.400076866149902,4.399862766265869,-0.0002140998840332,662.7141041038558,144,0.969346674780051,211.0,0.2326432019472122
362,3.74284152113173e-09,-0.9639899335854524,4.400089263916016,4.39979362487793,4.399976832999124,0.726217152476504,662.7914014011621,144,4.399947643280029,4.399939060211182,-8.58306884765625e-06,662.7914014011621,144,0.9687673921386402,210.0,0.2325041741132736
363,3.030349380734952e-09,-0.001606557374402,4.400163650512695,4.399862766265869,4.399992671277788,1.3805179194627817,662.4335435433313,144,4.400015354156494,4.399939060211182,-7.62939453125e-05,662.4335435433313,144,0.9682611251870792,209.0,0.232382670044899
364,4.421352706854871e-09,0.0698797519166225,4.400091648101807,4.399864196777344,4.399987306265995,-1.078337733036872,667.2187387384474,145,4.39987325668335,4.400091648101807,0.000218391418457,667.2187387384474,145,0.9676862508058548,208.0,0.2322447001934051
365,3.177630702457706e-09,0.0065319650328198,4.400091648101807,4.399867057800293,4.399996175437138,-0.909521774744304,667.0111711714417,145,4.400015354156494,4.399939060211182,-7.62939453125e-05,667.0111711714417,145,0.9671383847792944,207.0,0.2321132123470306
366,2.062185303064924e-09,-0.5872800219312395,4.400091648101807,4.3998637199401855,4.399984011156806,0.2657161262225203,667.0760360360146,145,4.400015354156494,4.400091648101807,7.62939453125e-05,667.0760360360146,145,0.9666570772727332,206.0,0.2319976985454559
367,2.095455122550695e-09,-0.104266976334475,4.400091648101807,4.399939060211182,4.4000236590703325,-0.7842206621404051,661.1538438443094,144,4.399998188018799,4.399939060211182,-5.91278076171875e-05,661.1538438443094,144,0.965971810122331,205.0,0.2318332344293594
368,3.191197331759152e-09,-0.025143874534224,4.400091648101807,4.399864673614502,4.399992360739873,-0.702245996674626,666.2428828831762,145,4.399991512298584,4.400091648101807,0.0001001358032226,666.2428828831762,145,0.965523657699426,204.0,0.2317256778478622
369,3.712285199378278e-09,0.1165520427906456,4.400166034698486,4.399866580963135,4.400008504144076,0.4057584402072649,666.1318918922916,145,4.400015354156494,4.400015354156494,0.0,666.1318918922916,145,0.9650280699133872,203.0,0.2316067367792129
370,2.2997633931257e-09,0.1585047900706027,4.400091648101807,4.399863243103027,4.39998829528077,0.3105910183076195,671.2861361363903,146,4.399995803833008,4.400015354156494,1.9550323486328125e-05,671.2861361363903,146,0.9646155561010044,202.0,0.231507733464241
371,2.733221753821324e-09,0.3301108364849898,4.400091648101807,4.399866580963135,4.3999809922843145,-0.6380939902442129,665.9675675677136,145,4.399989128112793,4.399939060211182,-5.0067901611328125e-05,665.9675675677136,145,0.9640781829754512,201.0,0.2313787639141082
372,2.8567589459187203e-09,-0.5300178342541535,4.400089740753174,4.399862766265869,4.399975737480268,-0.3822650926024038,670.4065565569326,146,4.400015354156494,4.399862766265869,-0.000152587890625,670.4065565569326,146,0.9636365498105686,200.0,0.2312727719545364
373,2.6885331113335595e-09,-0.0794277313441644,4.400091648101807,4.399866104125977,4.399992815435749,-0.5192058439704792,670.1569069065154,146,4.400034427642822,4.400091648101807,5.7220458984375e-05,670.1569069065154,146,0.9631596505641936,199.0,0.2311583161354065
374,1.5693716121428423e-09,-0.7954345789497099,4.40009069442749,4.399868488311768,4.399996440704554,1.325337180058685,670.1946446448565,146,4.399942398071289,4.400015354156494,7.295608520507812e-05,670.1946446448565,146,0.9627968693772953,198.0,0.2310712486505508
375,2.0833583333376443e-09,-0.3809790363961758,4.400088310241699,4.399869918823242,4.399982687545149,-0.2363711174491189,669.7417917922139,146,4.399939060211182,4.400015354156494,7.62939453125e-05,669.7417917922139,146,0.962283027668794,197.0,0.2309479266405105
376,2.328811072917567e-09,0.0366281080578828,4.400091648101807,4.399868011474609,4.399993148568559,-0.5020573728713833,669.5705205202103,146,4.399939060211182,4.400091648101807,0.000152587890625,669.5705205202103,146,0.96176831672589,196.0,0.2308243960142135
377,2.3596178860197716e-09,0.0574797900418823,4.400091648101807,4.399868488311768,4.399989506969713,-0.2046109454221745,669.434084083885,146,4.400015354156494,4.400091648101807,7.62939453125e-05,669.434084083885,146,0.9612745915850004,195.0,0.2307059019804
378,2.158290064379954e-09,0.2506381183869471,4.40016508102417,4.399940490722656,4.400027599464468,-0.3157288874056361,674.2510910909623,147,4.399995803833008,4.400015354156494,1.9550323486328125e-05,674.2510910909623,147,0.9608887756864232,194.0,0.2306133061647415
379,4.764094063476698e-09,-0.6082617014443438,4.400086879730225,4.399787902832031,4.399974506195277,-0.2988036242764011,668.6967467470095,146,4.400015354156494,4.400015354156494,0.0,668.6967467470095,146,0.9603869169950484,193.0,0.2304928600788116
380,2.934877634741812e-09,-0.6916517386484775,4.40008544921875,4.399796485900879,4.399970417153345,0.6310744477319132,668.6880380380899,146,4.399939060211182,4.400015354156494,7.62939453125e-05,668.6880380380899,146,0.9599452217419944,192.0,0.2303868532180786
381,3.743169865887499e-09,-0.1224451688386871,4.400091648101807,4.399862766265869,4.399995093442956,-0.7810952266008186,673.4940540539101,147,4.400015354156494,4.399862766265869,-0.000152587890625,673.4940540539101,147,0.9594306349754332,191.0,0.230263352394104
382,3.1732872321714804e-09,0.3149450555245078,4.400167942047119,4.399864196777344,4.399991012754894,-0.5154918494807701,673.3566766763106,147,4.399939060211182,4.400167942047119,0.0002288818359375,673.3566766763106,147,0.959068164229393,190.0,0.2301763594150543
383,2.751174945571562e-09,-0.0889666795956072,4.400091648101807,4.3998637199401855,4.399971739886558,-0.4726395782627715,667.402052052319,146,4.400015354156494,4.400091648101807,7.62939453125e-05,667.402052052319,146,0.9590202321608862,189.0,0.2301648557186126
384,2.0346839984658495e-09,-0.4327140681156816,4.40009069442749,4.399868488311768,4.399991433914393,0.2510040167665308,667.8650650652125,146,4.400039196014404,4.400015354156494,-2.384185791015625e-05,667.8650650652125,146,0.9583890438079834,188.0,0.230013370513916
385,4.8940965461383594e-09,-0.0804292957502629,4.400156497955322,4.399862766265869,4.399998787287119,-0.7652793610925372,677.4036636641249,148,4.400091648101807,4.399939060211182,-0.000152587890625,677.4036636641249,148,0.957911896208922,187.0,0.2298988550901413
386,1.383811825852391e-09,0.7251134614418024,4.400091648101807,4.399939060211182,4.399974910580382,-0.2739124421115848,672.5163363367319,147,4.399991035461426,4.400015354156494,2.4318695068359375e-05,672.5163363367319,147,0.9574287260572116,186.0,0.2297828942537307
387,1.555169916699988e-09,0.4001431784362468,4.400087356567383,4.399939060211182,4.399988819952725,-0.5872461825003277,672.1129729729146,147,4.400069713592529,4.400015354156494,-5.435943603515625e-05,672.1129729729146,147,0.9569598982731502,185.0,0.229670375585556
388,3.061535496773122e-09,0.3459537963991156,4.400091171264648,4.3998637199401855,4.399972584782814,-0.5704680206798867,671.6847647642717,147,4.400032997131348,4.400015354156494,-1.7642974853515625e-05,671.6847647642717,147,0.9565473223725957,184.0,0.2295713573694229
389,3.488734681219081e-09,-0.4987440464164649,4.400162696838379,4.399790287017822,4.40000150654767,2.79936425859173,676.4369069067761,148,4.400015354156494,4.400015354156494,0.0,676.4369069067761,148,0.9560640901327132,183.0,0.2294553816318512
390,3.161771966432427e-09,-0.1785552625111366,4.400091648101807,4.399867534637451,4.399997295976496,-0.6469289054362402,671.4348548548296,147,4.400041103363037,4.399939060211182,-0.0001020431518554,671.4348548548296,147,0.955683117111524,182.0,0.2293639481067657
391,4.472061657885799e-09,0.169656114145348,4.400163650512695,4.399862766265869,4.399982265523962,-0.5646621984690907,676.042552552186,148,4.400000095367432,4.400015354156494,1.52587890625e-05,676.042552552186,148,0.9554329638679824,181.0,0.2293039113283157
392,1.946933361048403e-09,-0.1086746247936242,4.40008544921875,4.399867057800293,4.399962178703879,-0.0856446532914598,671.1367167169228,147,4.399960517883301,4.399939060211182,-2.1457672119140625e-05,671.1367167169228,147,0.9552415460348128,180.0,0.2292579710483551
393,2.7507206153515287e-09,-0.3959407279083243,4.400136947631836,4.399797439575195,4.399978051314482,2.1389525232242885,675.8630330329761,148,4.400136947631836,4.400015354156494,-0.0001215934753417,675.8630330329761,148,0.9548248102267584,179.0,0.229157954454422
394,3.5016145805683442e-09,0.3454205966536379,4.400167465209961,4.399863243103027,4.400008597889462,-0.28638700439011,675.3995195198804,148,4.400015354156494,4.400015354156494,0.0,675.3995195198804,148,0.9543643022576968,178.0,0.2290474325418472
395,2.226303016834323e-09,-0.1259104275886704,4.400091648101807,4.3998703956604,4.399991225551915,-0.3354430841466391,675.0125225223601,148,4.400079727172852,4.400091648101807,1.1920928955078123e-05,675.0125225223601,148,0.9539394949873288,177.0,0.2289454787969589
396,2.978850363656328e-09,-0.1618256224638385,4.40008544921875,4.399862766265869,4.399969198265854,-0.6556698879122158,669.856476476416,147,4.399939060211182,4.399862766265869,-7.62939453125e-05,669.856476476416,147,0.9535000349084536,176.0,0.2288400083780288
397,2.721200487063669e-09,0.0921981409839692,4.400091648101807,4.399939060211182,4.400009815757339,-1.2655165483198223,674.8903903905302,148,4.399939060211182,4.399939060211182,0.0,674.8903903905302,148,0.9530873969197272,175.0,0.2287409752607345
398,4.542043307480661e-09,0.0429074987242077,4.400160789489746,4.399868011474609,4.400011353844764,-0.8216664949093113,679.6518518514931,149,4.399880886077881,4.399939060211182,5.817413330078125e-05,679.6518518514931,149,0.9526729583740234,174.0,0.2286415100097656
399,3.506301754211775e-09,0.9913741745280324,4.400228977203369,4.399939060211182,4.400019652091417,1.369490646292347,679.5999999996275,149,4.40000057220459,4.400091648101807,9.107589721679688e-05,679.5999999996275,149,0.9522063036759696,173.0,0.2285295128822326
400,2.9337964203627887e-09,0.1478970519136776,4.400091648101807,4.399864196777344,4.399970109398301,-0.6962989274880265,674.4254054054618,148,4.400022983551025,4.400091648101807,6.866455078125e-05,674.4254054054618,148,0.9519352267185848,172.0,0.2284644544124603
401,2.0497304480067775e-09,1.0339164526930962,4.4001569747924805,4.399939060211182,4.399997050697739,1.4358654090766283,673.7132132127881,148,4.400015354156494,4.400091648101807,7.62939453125e-05,673.7132132127881,148,0.9518917029102644,171.0,0.2284540086984634
402,2.972827000269615e-09,-0.0233878313673893,4.40016508102417,4.3998637199401855,4.399997307950218,0.3242885297489648,678.6992592588067,149,4.400017261505127,4.400015354156494,-1.9073486328125e-06,678.6992592588067,149,0.951343650619189,170.0,0.2283224761486053
403,2.3447461824282e-09,0.2483920608307056,4.400152206420898,4.399939060211182,4.400012593011598,-0.5512727038055476,673.5263363365084,148,4.400152206420898,4.400015354156494,-0.0001368522644042,673.5263363365084,148,0.9507042666276296,169.0,0.2281690239906311
404,2.6012386532212183e-09,0.0534281540520128,4.400091171264648,4.399864196777344,4.399995227788119,-0.8456268917149723,678.342222222127,149,4.400015354156494,4.400015354156494,0.0,678.342222222127,149,0.9501541033387184,168.0,0.2280369848012924
405,3.638862669154398e-09,-0.1965526502237929,4.400091648101807,4.399862766265869,4.400004927744002,-0.9580832627224568,677.9570370372385,149,4.4000372886657715,4.399862766265869,-0.0001745223999023,677.9570370372385,149,0.9497876589496932,167.0,0.2279490381479263
406,2.2264879850110936e-09,-0.1651998304907274,4.400090217590332,4.3998637199401855,4.399991163471401,-0.1901889588993479,677.8162962961942,149,4.400046348571777,4.399939060211182,-0.0001072883605957,677.8162962961942,149,0.9494333838423094,166.0,0.2278640121221542
407,6.2161101620263835e-09,0.1657661062007809,4.400167942047119,4.399786949157715,4.399987201562664,0.2056565370681982,677.8651851853356,149,4.4001007080078125,4.400015354156494,-8.535385131835938e-05,677.8651851853356,149,0.9490667531887692,165.0,0.2277760207653045
408,3.08444378070282e-09,-0.1469714862654144,4.400091648101807,4.399868965148926,4.399998383234011,-0.7790599191483745,677.8696296298876,149,4.3998894691467285,4.399939060211182,4.9591064453125e-05,677.8696296298876,149,0.9487230330705644,164.0,0.2276935279369354
409,2.6683543264192487e-09,0.2685538474393115,4.40015983581543,4.399939060211182,4.400019383270468,-0.2561750320200215,677.7096296297386,149,4.400060653686523,4.400015354156494,-4.5299530029296875e-05,677.7096296297386,149,0.948308346172174,163.0,0.2275940030813217
410,2.281948667550506e-09,0.4459517040336959,4.4001617431640625,4.399866580963135,4.400010290145874,1.5537474300002998,682.4229829832911,150,4.400015354156494,4.400091648101807,7.62939453125e-05,682.4229829832911,150,0.9481064975261688,162.0,0.2275455594062805
411,2.5288484007219363e-09,0.1338271238281346,4.400090217590332,4.399864673614502,4.39996527671814,-0.3600795252159425,681.9844844844192,150,4.399939060211182,4.399939060211182,0.0,681.9844844844192,150,0.947987474501133,161.0,0.2275169938802719
412,1.8942866728221036e-09,0.3051048523347901,4.400167942047119,4.399939060211182,4.400014995728563,0.3594818757875693,677.1540740737692,149,4.40002965927124,4.400167942047119,0.0001382827758789,677.1540740737692,149,0.9483021373550098,160.0,0.2275925129652023
413,3.326964716740829e-09,0.1668081844503302,4.400090217590332,4.399862766265869,4.399965449467602,-0.5934058440118628,677.0400000000373,149,4.399875164031982,4.400015354156494,0.0001401901245117,677.0400000000373,149,0.9477586175004642,159.0,0.2274620682001114
414,1.5960363301525867e-09,0.2258106236176851,4.400091648101807,4.399940490722656,4.400018339157104,-0.3812717548365727,681.7607607608661,150,4.400015354156494,4.400015354156494,0.0,681.7607607608661,150,0.9472252801060675,158.0,0.2273340672254562
415,2.2231541746887462e-09,0.2180839059237716,4.400145053863525,4.399873733520508,4.399995086977146,0.2018044693450544,676.2666666666046,149,4.400145053863525,4.400015354156494,-0.0001296997070312,676.2666666666046,149,0.9468689560890198,157.0,0.2272485494613647
416,3.0426811969889042e-09,1.1625895044251813,4.400167942047119,4.399939060211182,4.39999906539917,1.1336597781358773,681.6429329328239,150,4.399998664855957,4.400167942047119,0.0001692771911621,681.6429329328239,150,0.9467773760358492,156.0,0.2272265702486038
417,3.470660277431486e-09,0.478884641529805,4.4001641273498535,4.399864196777344,4.3999923292795815,-0.240809552332406,681.174604604952,150,4.400022983551025,4.400015354156494,-7.62939453125e-06,681.174604604952,150,0.9464585532744726,155.0,0.2271500527858734
418,2.430137508480717e-09,0.0665577997739753,4.400089740753174,4.399869918823242,4.399988472061669,-0.6040709647193969,676.1688888892531,149,4.400079727172852,4.399939060211182,-0.0001406669616699,676.1688888892531,149,0.9462606782714528,154.0,0.2271025627851486
419,2.6709798378412827e-09,0.8307658610118069,4.400158882141113,4.3998703956604,4.399983892440796,1.1859351367270712,681.0030830828473,150,4.400019645690918,4.400091648101807,7.200241088867188e-05,681.0030830828473,150,0.9462146709362668,153.0,0.2270915210247039
420,3.286338616242139e-09,0.0006372148765813,4.400091648101807,4.399868965148926,4.399992042117649,-0.7362574586057682,681.6247447449714,144,4.400002479553223,4.400015354156494,1.2874603271484377e-05,681.6247447449714,144,0.9617990503708522,152.0,0.2308317720890045
421,3.431226744456109e-09,-0.5759881784128222,4.400091648101807,4.399800777435303,4.399992005136989,1.1183502490187238,685.3525925921276,149,4.400091648101807,4.400091648101807,0.0,685.3525925921276,149,0.9607303887605668,151.0,0.230575293302536
422,2.581227348617813e-09,0.0026732500480079,4.400091648101807,4.399866104125977,4.399992517873543,-0.2468318773496753,674.299319319427,147,4.400035858154297,4.400015354156494,-2.0503997802734375e-05,674.299319319427,147,0.9596825266877812,150.0,0.2303238064050674
423,3.336520024250725e-09,-0.2967818810323566,4.40008544921875,4.399862766265869,4.399963417568722,-1.025672987981491,679.120870870538,148,4.399862766265869,4.399939060211182,7.62939453125e-05,679.120870870538,148,0.9588556364178658,149.0,0.2301253527402877
424,2.8773350093427974e-09,-0.3454873923647166,4.40009069442749,4.399862766265869,4.39998548417478,-0.4413212342347861,678.0628828825429,148,4.400002956390381,4.400015354156494,1.239776611328125e-05,678.0628828825429,148,0.957926424841086,148.0,0.2299023419618606
425,3.856328940725139e-09,-0.4227147772970064,4.400091648101807,4.399862766265869,4.400002044885337,-0.4030753091299113,672.194814815186,147,4.3999552726745605,4.399939060211182,-1.621246337890625e-05,672.194814815186,147,0.957011990249157,147.0,0.2296828776597976
426,4.781427884032547e-09,-0.888818772757611,4.40009069442749,4.399789333343506,4.399983749908655,0.5632750223613572,672.2138138143346,147,4.400045394897461,4.399939060211182,-0.0001063346862792,672.2138138143346,147,0.956339326997598,146.0,0.2295214384794235
427,3.590914703256956e-09,0.0320648893046711,4.400167465209961,4.399864196777344,4.400015859990506,-0.2776641348326505,677.022552552633,148,4.400015354156494,4.400015354156494,0.0,677.022552552633,148,0.955893782277902,145.0,0.2294145077466964
428,2.226194209808811e-09,0.765439628274424,4.400167465209961,4.399939060211182,4.400015421361731,0.9942312240760036,681.7081481479108,149,4.400007247924805,4.400015354156494,8.106231689453125e-06,681.7081481479108,149,0.9551266829172772,144.0,0.2292304039001464
429,3.99692981177988e-09,0.5252165836377224,4.400160312652588,4.399865627288818,4.399987066114271,-0.067436721938892,675.7320720721036,148,4.399979591369629,4.400015354156494,3.5762786865234375e-05,675.7320720721036,148,0.9543392807245256,143.0,0.2290414273738861
430,2.723584167556276e-09,-0.2300062583002612,4.400089740753174,4.399865627288818,4.399982036360158,-0.4973327680215895,680.866666666232,149,4.400015354156494,4.400015354156494,0.0,680.866666666232,149,0.953626756866773,142.0,0.2288704216480255
431,4.169558539819938e-09,0.999348356970974,4.400165557861328,4.399867057800293,4.399977645618003,0.4639709109064278,679.8948148144409,149,4.399939060211182,4.400091648101807,0.000152587890625,679.8948148144409,149,0.9526726479331652,141.0,0.2286414355039596
432,3.519066189829457e-09,0.2424192382129456,4.400165557861328,4.3998703956604,4.4000200748443605,-0.1745082593091473,684.7512012012303,150,4.400015354156494,4.400091648101807,7.62939453125e-05,684.7512012012303,150,0.9518227850397428,140.0,0.2284374684095382
433,3.779831440284704e-09,0.4801699875049048,4.40015983581543,4.399863243103027,4.399995141381385,0.0198014144475338,679.7037037033588,149,4.4000468254089355,4.400015354156494,-3.147125244140625e-05,679.7037037033588,149,0.9511311848958334,139.0,0.228271484375
434,4.0638728353238655e-09,0.039204343894168,4.400167942047119,4.399863243103027,4.399994449615479,-0.2089316165303349,684.4066666662693,150,4.4000420570373535,4.400167942047119,0.0001258850097656,684.4066666662693,150,0.9501001487175624,138.0,0.2280240356922149
435,1.741886837603274e-09,-0.3637123426639827,4.400089263916016,4.399869918823242,4.399999332427979,0.4218148386986105,683.7548848846927,150,4.399962902069092,4.400015354156494,5.245208740234375e-05,683.7548848846927,150,0.9495854377746582,137.0,0.2279005050659179
436,3.743180761945889e-09,-0.0434338420988231,4.400167942047119,4.399864196777344,4.40000626582973,-0.6395603281392845,688.629129129462,151,4.399957180023193,4.400167942047119,0.0002107620239257,688.629129129462,151,0.948891540368398,136.0,0.2277339696884155
437,3.092670006580757e-09,0.7674629947173531,4.400164604187012,4.399939060211182,4.400009304682413,0.1077336264416195,683.1016116114333,150,4.400015354156494,4.400015354156494,0.0,683.1016116114333,150,0.9482398008306822,135.0,0.2275775521993637
438,3.226140231683295e-09,-0.102276432909024,4.400091648101807,4.399863243103027,4.399973493538155,-0.7790390362652801,687.7612612610683,151,4.399967193603516,4.400091648101807,0.000124454498291,687.7612612610683,151,0.9476440648237864,134.0,0.2274345755577087
439,3.667725949452072e-09,-0.5049644726631378,4.400091648101807,4.399866104125977,4.4000018353493795,-0.5579179615172176,687.8633633637801,151,4.399932861328125,4.400091648101807,0.0001587867736816,687.8633633637801,151,0.9468608846267064,133.0,0.2272466123104095
440,4.1062726298253045e-09,0.728183965344966,4.400235652923584,4.399867057800293,4.400008722646347,0.6825379732218146,687.34234234225,151,4.400015354156494,4.400015354156494,0.0,687.34234234225,151,0.9467670073111852,132.0,0.2272240817546844
441,3.012146307469015e-09,-0.139147398742914,4.400158405303955,4.399864673614502,4.399989721790845,0.5296237383081945,687.067567567341,151,4.400064468383789,4.400015354156494,-4.9114227294921875e-05,687.067567567341,151,0.9463149433334668,131.0,0.227115586400032
442,3.825171892646759e-09,-0.0364850109912688,4.400156021118164,4.399798393249512,4.399969521321748,1.0034652203937826,692.282852852717,152,4.399967670440674,4.400015354156494,4.76837158203125e-05,692.282852852717,152,0.9458586573600768,130.0,0.2270060777664184
443,3.192778456009568e-09,0.3797733620241312,4.400166988372803,4.39986515045166,4.3999861917997665,0.4131022579159187,691.614764764905,152,4.399939060211182,4.399939060211182,0.0,691.614764764905,152,0.945315013329188,129.0,0.2268756031990051
444,3.456849120296805e-09,0.062676714840778,4.4001593589782715,4.399862766265869,4.399983699025672,0.2097155644959238,696.6362362364307,153,4.400015354156494,4.400015354156494,0.0,696.6362362364307,153,0.9447775781154631,128.0,0.2267466187477111
445,3.125349975226428e-09,-0.1629357187183474,4.400084018707275,4.399862766265869,4.399970646777184,-0.686300879232316,696.9679279280826,153,4.399991035461426,4.399939060211182,-5.1975250244140625e-05,696.9679279280826,153,0.944440190990766,127.0,0.2266656458377838
446,4.152076670786635e-09,-0.1010204599693277,4.40016508102417,4.399867057800293,4.400005340576172,-0.5825908681366201,696.1523923911154,153,4.400015354156494,4.399939060211182,-7.62939453125e-05,696.1523923911154,153,0.9441005066037178,126.0,0.2265841215848922
447,1.99286112289576e-09,-0.0527104351875221,4.400085926055908,4.399867534637451,4.399970026759358,-0.1825990929439314,701.1274774773046,154,4.399997711181641,4.400015354156494,1.7642974853515625e-05,701.1274774773046,154,0.9438444549838704,125.0,0.2265226691961288
448,3.209440632837544e-09,-1.325817823511858,4.400084495544434,4.399795055389404,4.399979457356571,1.6256620096133214,696.3349749753252,153,4.400015354156494,4.400015354156494,0.0,696.3349749753252,153,0.943708916505178,124.0,0.2264901399612426
449,2.9873995622943363e-09,-0.3088563309442811,4.400091648101807,4.399864673614502,4.399994585249159,-0.4733191130153886,696.1858658660203,153,4.399974822998047,4.399939060211182,-3.5762786865234375e-05,696.1858658660203,153,0.9431047985951106,123.0,0.2263451516628265
450,2.5530558190986518e-09,0.2774065759826339,4.400164604187012,4.39987325668335,4.400006136336884,0.9060638711855552,700.6879279278219,154,4.399945259094238,4.400015354156494,7.009506225585938e-05,700.6879279278219,154,0.9432462354501088,122.0,0.2263790965080261
451,3.559673801043172e-09,0.5323778004693811,4.400167942047119,4.399939060211182,4.400021525172444,-0.0435246123352524,701.0110810808837,154,4.400068759918213,4.399939060211182,-0.0001296997070312,701.0110810808837,154,0.9430357565482458,121.0,0.2263285815715789
452,2.761127185269587e-09,0.4023750809910184,4.400091648101807,4.39986515045166,4.399973321270633,-0.4650033222904564,700.8272972973064,154,4.400091648101807,4.400015354156494,-7.62939453125e-05,700.8272972973064,154,0.9420777981479964,120.0,0.2260986715555191
453,3.5769819465384787e-09,0.0742663169297068,4.400091648101807,4.399867057800293,4.3999826154401225,-0.8190496225739339,705.7069269269705,155,4.400015354156494,4.399939060211182,-7.62939453125e-05,705.7069269269705,155,0.9415820240974426,119.0,0.2259796857833862
454,3.427474353266449e-09,-0.0947241784419579,4.400158405303955,4.399867534637451,4.4000088137965045,-0.3810314306956939,705.4402402397245,155,4.400015354156494,4.400015354156494,0.0,705.4402402397245,155,0.9411216403047244,118.0,0.2258691936731338
455,4.282954633355662e-09,0.798360335604166,4.400167942047119,4.399876117706299,4.400013040727185,0.1980780766321594,705.7130930926651,155,4.400062084197998,4.400015354156494,-4.673004150390625e-05,705.7130930926651,155,0.9410090744495392,117.0,0.2258421778678894
456,3.2378132737981142e-09,0.2727170407985594,4.400161266326904,4.399939060211182,4.400011982456331,-1.0167464547762672,705.2244244245812,155,4.399974346160889,4.399939060211182,-3.528594970703125e-05,705.2244244245812,155,0.9404550616939864,116.0,0.2257092148065567
457,2.9675692740756167e-09,0.2379958287426722,4.400090217590332,4.399866580963135,4.399979224571815,-0.783300507534535,710.3065065061674,156,4.400060176849365,4.400015354156494,-4.482269287109375e-05,710.3065065061674,156,0.9399340798457464,115.0,0.2255841791629791
458,2.337419240570887e-09,0.3451143655957732,4.400091648101807,4.3998703956604,4.3999813244893,-0.466463464755086,710.1715215211734,156,4.39999532699585,4.399939060211182,-5.626678466796875e-05,710.1715215211734,156,0.9396632512410482,114.0,0.2255191802978515
459,2.583564775698853e-09,-0.1437520489522278,4.400166988372803,4.399862766265869,4.400014651127351,1.358044782008982,709.7355355350301,156,4.399889945983887,4.399862766265869,-2.7179718017578125e-05,709.7355355350301,156,0.9394281233350436,113.0,0.2254627496004104
460,3.761416195331964e-09,0.2168769447481948,4.400091648101807,4.399863243103027,4.399980728442852,-0.6977672681249518,710.1544544547796,156,4.400015354156494,4.400091648101807,7.62939453125e-05,710.1544544547796,156,0.939080057044824,112.0,0.2253792136907577
461,2.939502583963634e-09,-0.267241101865755,4.400091648101807,4.399862766265869,4.3999784797619865,-0.2330726416037283,714.5252852849662,157,4.399939060211182,4.400091648101807,0.000152587890625,714.5252852849662,157,0.9384383137027424,111.0,0.2252251952886581
462,1.8022537466802279e-09,1.106831700660433,4.400167942047119,4.399939060211182,4.399992356634444,2.4276045645317192,714.973453453742,157,4.39995813369751,4.400167942047119,0.0002098083496093,714.973453453742,157,0.93771331012249,110.0,0.2250511944293975
463,2.309255303899985e-09,-0.4374963533568424,4.400091171264648,4.399869918823242,4.400010901651565,-0.3512399821103562,713.9740540543571,157,4.399966716766357,4.399939060211182,-2.765655517578125e-05,713.9740540543571,157,0.9374550233284632,109.0,0.2249892055988311
464,1.650566253626521e-09,-0.2230545400091563,4.400091648101807,4.399869918823242,4.400001039987878,0.4683140235564091,719.6634834837168,158,4.400041103363037,4.400091648101807,5.054473876953125e-05,719.6634834837168,158,0.937296822667122,108.0,0.2249512374401092
465,2.5072224425247083e-09,0.3398941185193351,4.4001545906066895,4.399867057800293,4.400000185906133,0.6031195929394428,719.7279179180041,158,4.399939060211182,4.400015354156494,7.62939453125e-05,719.7279179180041,158,0.9367676451802254,107.0,0.2248242348432541
466,3.288562435096348e-09,0.2640128282413496,4.400091648101807,4.3998637199401855,4.399983294402497,-0.800284448415896,718.9358458453789,158,4.399939060211182,4.399939060211182,0.0,718.9358458453789,158,0.9362718711296718,106.0,0.2247052490711212
467,1.982998363864036e-09,0.3551462852229977,4.400153160095215,4.39986515045166,4.399991071676906,2.1998337871195375,718.8242642646655,158,4.400015354156494,4.400091648101807,7.62939453125e-05,718.8242642646655,158,0.9362637375791868,105.0,0.2247032970190048
468,2.134695443950085e-09,-0.116055209939944,4.400089263916016,4.399864673614502,4.399996496596426,-0.3853381437175529,724.0607007006183,159,4.400015354156494,4.400015354156494,0.0,724.0607007006183,159,0.9354904914895694,104.0,0.2245177179574966
469,5.9000001967048135e-09,-0.3401432050224304,4.400156021118164,4.399789810180664,4.399986707939292,-0.4087004293055023,723.4486286286265,159,4.400015354156494,4.399862766265869,-0.000152587890625,723.4486286286265,159,0.9350677952170372,103.0,0.2244162708520889
470,2.749432857874609e-09,0.8818190321298114,4.400158405303955,4.399864196777344,4.399988033486612,0.9175090655917596,723.9737137136981,159,4.400017738342285,4.399939060211182,-7.867813110351562e-05,723.9737137136981,159,0.9345451990763348,102.0,0.2242908477783203
471,2.9973152591626307e-09,0.2033971925690659,4.400090217590332,4.399863243103027,4.399967807531357,-0.6323488864803171,728.6751951947808,160,4.400017738342285,4.400015354156494,-2.384185791015625e-06,728.6751951947808,160,0.9342742462952932,101.0,0.2242258191108703
472,3.289831508386132e-09,0.1937945251202169,4.400155067443848,4.3998637199401855,4.399978086815118,0.3124282442569335,733.7017017016187,161,4.400015354156494,4.400015354156494,0.0,733.7017017016187,161,0.9337117895483972,100.0,0.2240908294916153
473,3.091270843995189e-09,0.3154202149995364,4.400160789489746,4.399939060211182,4.4000224267473875,-0.8138198731691015,733.5671671675518,161,4.399953842163086,4.400015354156494,6.151199340820312e-05,733.5671671675518,161,0.9331596394379934,99.0,0.2239583134651184
474,2.76553178590808e-09,0.3543237506166747,4.400167942047119,4.399869918823242,4.399994154154144,-0.0901872378026831,732.8304304303601,161,4.399953842163086,4.400167942047119,0.0002140998840332,732.8304304303601,161,0.9325722853342692,98.0,0.2238173484802246
475,2.6580088225663143e-09,-0.0726739777102766,4.400091648101807,4.399863243103027,4.39999076298305,-0.3305716770435194,733.1523523526266,161,4.399948596954346,4.399939060211182,-9.5367431640625e-06,733.1523523526266,161,0.9323492646217346,97.0,0.2237638235092163
476,3.637791559220951e-09,0.5362849852769176,4.4001665115356445,4.399868488311768,4.399990460887459,0.3559062329703035,732.8608608609065,161,4.400078296661377,4.400015354156494,-6.29425048828125e-05,732.8608608609065,161,0.9321846688787144,96.0,0.2237243205308914
477,2.804599600791099e-09,-0.4673125019669283,4.400091171264648,4.399869918823242,4.40000683289987,-0.417158912660641,737.7812912911177,162,4.399910926818848,4.400015354156494,0.0001044273376464,737.7812912911177,162,0.9319140265385312,95.0,0.2236593663692474
478,3.049465514396069e-09,0.6451884459159266,4.400161266326904,4.399939060211182,4.400016722855745,0.0170464297673,738.0536536537111,162,4.400022983551025,4.399939060211182,-8.392333984375e-05,738.0536536537111,162,0.9316222742199898,94.0,0.2235893458127975
479,1.803168342639578e-09,-0.5150915826781453,4.40009069442749,4.399869918823242,4.400000028083661,0.7595427016450054,743.0205405410379,163,4.400009632110596,4.400015354156494,5.7220458984375e-06,743.0205405410379,163,0.93120988458395,93.0,0.223490372300148
480,1.4889028777002815e-09,-0.0621793923779149,4.40008544921875,4.39986515045166,4.3999866883447565,0.3969073133548506,742.5567567562684,163,4.400015354156494,4.399939060211182,-7.62939453125e-05,742.5567567562684,163,0.9305766473213832,92.0,0.2233383953571319
481,2.0337798929285615e-09,-0.2965975527116774,4.400089740753174,4.399863243103027,4.399989724890586,0.1021565888332971,742.7140540536493,163,4.400086879730225,4.400015354156494,-7.152557373046875e-05,742.7140540536493,163,0.9299473837018012,91.0,0.2231873720884323
482,3.403978361091178e-09,-0.4898812639027477,4.400162220001221,4.399788856506348,4.4000015549543425,1.8885437090575756,747.3101301304996,164,4.400015354156494,4.400015354156494,0.0,747.3101301304996,164,0.9295827398697536,90.0,0.2230998575687408
483,1.5952597204211831e-09,-0.8094532555921483,4.400090217590332,4.399868488311768,4.400013269447699,1.6573472459046703,747.616876876913,164,4.40007209777832,4.400015354156494,-5.6743621826171875e-05,747.616876876913,164,0.9295952195922534,89.0,0.2231028527021408
484,2.218388182247337e-09,0.2511067126069643,4.400091648101807,4.399869441986084,4.399992660778325,-0.218803916948461,747.8436736734584,164,4.400086402893066,4.400015354156494,-7.104873657226562e-05,747.8436736734584,164,0.9294244771202406,88.0,0.2230618745088577
485,3.2990631782269633e-09,-0.4803226407427637,4.400163173675537,4.3997931480407715,4.400002674358647,1.8391221374173077,747.9073073072359,164,4.400004863739014,4.399939060211182,-6.580352783203125e-05,747.9073073072359,164,0.9290681531031928,87.0,0.2229763567447662
486,3.00226646436498e-09,-0.7583161439954678,4.40009069442749,4.399794578552246,4.39998783425587,1.3408056319723602,747.2530230227858,164,4.4000701904296875,4.399862766265869,-0.0002074241638183,747.2530230227858,164,0.9284765770037968,86.0,0.2228343784809112
487,3.688373199339634e-09,0.3923114127940574,4.400167942047119,4.399862766265869,4.400002525791978,-0.1133014045801199,752.4349549552426,165,4.399939060211182,4.399939060211182,0.0,752.4349549552426,165,0.928105724354585,85.0,0.2227453738451004
488,2.964028229069163e-09,0.1839426512259224,4.400149345397949,4.399868965148926,4.399994018601208,-0.5003551621864641,746.8255355358124,164,4.400015354156494,4.400015354156494,0.0,746.8255355358124,164,0.9270704661806424,84.0,0.2224969118833542
489,3.2417540120137983e-09,0.1641230880835546,4.400166034698486,4.399862766265869,4.399992977489124,0.1277282029600592,751.917837837711,165,4.400015354156494,4.400015354156494,0.0,751.917837837711,165,0.9270891547203064,83.0,0.2225013971328735
490,2.079772103111459e-09,0.5144738950544526,4.400091171264648,4.399876117706299,4.39998411987767,-0.3084280741890439,752.1591591592878,165,4.399957180023193,4.400015354156494,5.817413330078125e-05,752.1591591592878,165,0.9270348896582922,82.0,0.2224883735179901
491,3.574252032524016e-09,0.0390985749060158,4.400164604187012,4.399867057800293,4.400006065946637,0.041306042930119,751.8899299297482,165,4.400015354156494,4.400091648101807,7.62939453125e-05,751.8899299297482,165,0.9269264837106068,81.0,0.2224623560905456
492,3.0174124087422942e-09,-0.3786627162678034,4.400091648101807,4.3998637199401855,4.399992983025241,-0.4600635335637917,757.3087087087333,166,4.4000325202941895,4.400091648101807,5.91278076171875e-05,757.3087087087333,166,0.9272827456394832,80.0,0.2225478589534759
493,2.380526645344971e-09,1.1036213817979517,4.400167942047119,4.399939060211182,4.400005797426144,2.0241069427059686,762.4733933936805,167,4.399949550628662,4.400167942047119,0.000218391418457,762.4733933936805,167,0.9268142903844516,79.0,0.2224354296922683
494,2.7911229628856247e-09,0.8590719405503191,4.400091648101807,4.399939060211182,4.3999828286917815,-0.6478082038242219,756.9981981981546,166,4.399939060211182,4.400091648101807,0.000152587890625,756.9981981981546,166,0.9257932504018148,78.0,0.2221903800964355
495,4.643606331142162e-09,0.2915278485163656,4.400167465209961,4.399864673614502,4.399987323555404,-0.3506104355999913,761.7239839844406,167,4.400015354156494,4.399939060211182,-7.62939453125e-05,761.7239839844406,167,0.9261205171545348,77.0,0.2222689241170883
496,2.2078603130631828e-09,0.1591654245551275,4.400091648101807,4.399866104125977,4.399985578959574,0.1823011524535931,762.5099499505013,167,4.399984359741211,4.400091648101807,0.0001072883605957,762.5099499505013,167,0.9257621442278228,76.0,0.2221829146146774
497,3.641684927464911e-09,0.0089601592733312,4.400156497955322,4.399865627288818,4.40000748777104,-0.7803570037312655,762.4185585584491,167,4.3999481201171875,4.400015354156494,6.723403930664062e-05,762.4185585584491,167,0.925626481572787,75.0,0.2221503555774688
498,1.8304047598656683e-09,0.2490234825974391,4.400091648101807,4.399939060211182,4.400006739866166,-0.6079777321108399,767.2521621622145,168,4.399939060211182,4.400091648101807,0.000152587890625,767.2521621622145,168,0.92532467097044,74.0,0.2220779210329055
499,3.9852995846858314e-09,-0.2913668291407614,4.400091648101807,4.399862766265869,4.3999952813108525,-0.6028468526130606,762.272332332097,167,4.4000067710876465,4.400015354156494,8.58306884765625e-06,762.272332332097,167,0.9239497284094492,73.0,0.2217479348182678
500,4.619413027794395e-09,-0.2949486740745392,4.400150775909424,4.399862766265869,4.399988225225866,-0.4963436370945975,771.5118318321183,169,4.400091648101807,4.400015354156494,-7.62939453125e-05,771.5118318321183,169,0.9237309296925864,72.0,0.2216954231262207
501,2.588229768386899e-09,0.4370788317240018,4.400158405303955,4.399868488311768,4.399993501471345,0.7014168369798988,771.8464864864945,169,4.400015354156494,4.400091648101807,7.62939453125e-05,771.8464864864945,169,0.9222066029906272,71.0,0.2213295847177505
502,1.897433618794262e-09,-0.4329012664136445,4.400091648101807,4.3998637199401855,4.399984094831678,-0.1041026005982854,781.1355355354026,171,4.400015354156494,4.400091648101807,7.62939453125e-05,781.1355355354026,171,0.922012763718764,70.0,0.2212830632925033
503,2.781932794843033e-09,-0.0915604394215363,4.400091648101807,4.399864196777344,4.399999904632568,-0.6800796192516407,776.3545345347375,170,4.399999618530273,4.399939060211182,-6.0558319091796875e-05,776.3545345347375,170,0.9207858393589656,69.0,0.2209886014461517
504,4.118053037064617e-09,0.3671268923222378,4.400164604187012,4.399867057800293,4.39998587440042,-0.1996639847624832,775.3767367368564,170,4.399939060211182,4.400015354156494,7.62939453125e-05,775.3767367368564,170,0.9208021685481071,68.0,0.2209925204515457
505,3.152640152387108e-09,0.1116649040144094,4.400167465209961,4.39987325668335,4.400005399479586,-0.3344574727557825,775.3310610614717,170,4.400071144104004,4.400015354156494,-5.5789947509765625e-05,775.3310610614717,170,0.9178897365927696,67.0,0.2202935367822647
506,4.223015513309939e-09,-0.0771973135772964,4.400166988372803,4.399787902832031,4.399984298393741,1.0358094905165327,779.4593593589962,171,4.399944305419922,4.400015354156494,7.104873657226562e-05,779.4593593589962,171,0.915950412551562,66.0,0.2198280990123748
507,3.253404197270394e-09,-0.6613133069419574,4.40009069442749,4.399792194366455,4.3999872096100745,0.8362504968116649,778.053753754124,171,4.400001525878906,4.399939060211182,-6.246566772460938e-05,778.053753754124,171,0.9177127232154212,65.0,0.220251053571701
508,4.157132712019992e-09,-0.4357656614181348,4.400160312652588,4.399862766265869,4.400014896838986,0.0813640897304996,779.510410410352,171,4.400015354156494,4.400015354156494,0.0,779.510410410352,171,0.917677270869414,64.0,0.2202425450086593
509,1.3588606901384675e-09,0.2203823414559834,4.400091648101807,4.399939060211182,4.40001197748406,-0.0002727958542001,784.4090090086684,172,4.400015354156494,4.399939060211182,-7.62939453125e-05,784.4090090086684,172,0.9126382569471996,63.0,0.2190331816673278
510,2.001701849476325e-09,-0.1239548857999032,4.400090217590332,4.399869441986084,4.399993600516484,-0.1521169646213858,792.5564664667472,174,4.399951457977295,4.399939060211182,-1.239776611328125e-05,792.5564664667472,174,0.9122903769214948,62.0,0.2189496904611587
511,2.902554599184141e-09,0.1487871086084235,4.400156497955322,4.399864673614502,4.400010130871301,0.1599032828349886,791.6975275278091,174,4.400087833404541,4.400091648101807,3.814697265625e-06,791.6975275278091,174,0.909725824991862,61.0,0.2183341979980468
512,2.1274031674995486e-09,-0.4131333426183806,4.400088310241699,4.399867534637451,4.399979747574905,-0.1198750991816681,789.8307207208127,174,4.399867534637451,4.399939060211182,7.152557373046875e-05,789.8307207208127,174,0.908969653149446,60.0,0.218152716755867
513,2.9692322363717982e-09,0.2712323629196341,4.400091648101807,4.399863243103027,4.399973444257464,-0.3885622748450528,794.5216216221452,175,4.400015354156494,4.399939060211182,-7.62939453125e-05,794.5216216221452,175,0.9091506401697796,59.0,0.218196153640747
514,3.434562879792881e-09,-0.1887456523503409,4.400163173675537,4.399867057800293,4.400022858210972,-0.0779752089489487,795.5126726729795,175,4.400163173675537,4.400015354156494,-0.0001478195190429,795.5126726729795,175,0.9070779507358868,58.0,0.2176987081766128
515,1.8237810517406655e-09,-0.0131558670470445,4.400091648101807,4.399939060211182,4.400012479509626,-0.6177532662750531,793.6559759760275,175,4.400015354156494,4.400015354156494,0.0,793.6559759760275,175,0.9053492297728856,57.0,0.2172838151454925
516,2.794016121957351e-09,-0.1420264095126506,4.400091648101807,4.399865627288818,4.399993598461151,-0.276548422828812,797.8738738736138,176,4.400090217590332,4.400015354156494,-7.486343383789062e-05,797.8738738736138,176,0.8990119521816572,56.0,0.2157628685235977
517,3.35998206909563e-09,0.6565273883441564,4.400167465209961,4.399863243103027,4.399980619632998,0.9746445866717915,809.0304904906079,179,4.399932861328125,4.400091648101807,0.0001587867736816,809.0304904906079,179,0.9024388467272124,55.0,0.2165853232145309
518,4.683551486361919e-09,0.6071759872611776,4.400166988372803,4.399866580963135,4.399998431795098,-0.4647743247054987,807.2830030033365,178,4.399997234344482,4.400015354156494,1.811981201171875e-05,807.2830030033365,178,0.9030221650997798,54.0,0.2167253196239471
519,4.119529758670811e-09,0.5910967500962827,4.400163173675537,4.399865627288818,4.400004909279641,-0.1241241357299784,806.9729429427534,178,4.4001545906066895,4.400015354156494,-0.0001392364501953,806.9729429427534,178,0.9009764219323796,53.0,0.216234341263771
520,2.291310585426498e-09,-0.0315900405771362,4.400091648101807,4.399865627288818,4.399994994912829,-0.2055939815731591,813.3251051055267,168,4.399939060211182,4.399939060211182,0.0,813.3251051055267,168,0.8890400330225627,52.0,0.213369607925415
521,3.829157619347534e-09,-0.1511517184361246,4.400091648101807,4.399862766265869,4.399986235650031,-0.7804489632007563,818.7722522523254,182,4.400043964385986,4.399939060211182,-0.0001049041748046,818.7722522523254,182,0.8867773537834486,51.0,0.2128265649080276
522,2.981421892737188e-09,0.4088556438493511,4.400091648101807,4.399864196777344,4.399968671274709,-0.6316088932839441,817.7793793799356,182,4.399972915649414,4.400015354156494,4.2438507080078125e-05,817.7793793799356,182,0.8806966245174408,50.0,0.2113671898841858
523,3.373400883599303e-09,-0.0032464977613073,4.400091648101807,4.399865627288818,4.399982593098625,-0.7027123436927849,817.4131931932643,183,4.399877548217773,4.400015354156494,0.0001378059387207,817.4131931932643,183,0.8804695680737495,49.0,0.2113126963376999
524,4.751735120566157e-09,-0.0088880535279893,4.400167942047119,4.399788856506348,4.399986936746399,0.1216094954733111,817.9123723721132,183,4.4000420570373535,4.399939060211182,-0.0001029968261718,817.9123723721132,183,0.8768114571770033,48.0,0.2104347497224807
525,2.379540872571927e-09,0.0318051219751267,4.400087356567383,4.399868011474609,4.3999850542648975,-0.5067824341977492,820.182552552782,184,4.400068759918213,4.399939060211182,-0.0001296997070312,820.182552552782,184,0.8754114930828413,47.0,0.2100987583398819
526,2.9756267847033243e-09,-0.1705047146510442,4.400165557861328,4.39986515045166,4.400009118992349,0.8790616472014392,818.7921921927482,184,4.399969100952148,4.400015354156494,4.6253204345703125e-05,818.7921921927482,184,0.874505378305912,46.0,0.2098812907934188
527,2.627086894910108e-09,-0.3112111642740466,4.400091648101807,4.399869441986084,4.400004564749228,-0.0583114504533646,823.5832632631063,185,4.399977207183838,4.400015354156494,3.814697265625e-05,823.5832632631063,185,0.8719576522707939,45.0,0.2092698365449905
528,2.730949527134272e-09,-0.0812679849970644,4.400089263916016,4.399864196777344,4.399975087053033,-0.5485627969956735,827.7518518520519,186,4.400055408477783,4.400015354156494,-4.00543212890625e-05,827.7518518520519,186,0.8704868455727895,44.0,0.2089168429374694
529,3.581529928821086e-09,0.2551028049930423,4.400160312652588,4.399862766265869,4.399977360179718,0.0125020691629158,831.8836036035791,187,4.399862766265869,4.400015354156494,0.000152587890625,831.8836036035791,187,0.8691035211086273,43.0,0.2085848450660705
530,2.054881230857629e-09,0.8758259966489346,4.400147438049316,4.399867057800293,4.399976041865221,1.3208413638891554,830.1353153148666,187,4.399939060211182,4.400015354156494,7.62939453125e-05,830.1353153148666,187,0.8635270098845165,42.0,0.2072464823722839
531,2.3557614501037522e-09,0.2558965323148759,4.400088787078857,4.399863243103027,4.3999707623531945,-0.1262419288687595,842.0981081081554,190,4.400022983551025,4.400015354156494,-7.62939453125e-06,842.0981081081554,190,0.867164321243763,41.0,0.2081194370985031
532,1.4613439869957371e-09,0.343437590755357,4.40009069442749,4.399939060211182,4.399999618530273,-0.4329839973373746,834.9241141136736,188,4.400015354156494,4.400015354156494,0.0,834.9241141136736,188,0.8648872996369998,40.0,0.2075729519128799
533,2.176944717897333e-09,0.2128425991823901,4.400162696838379,4.3998637199401855,4.3999977538460175,1.4526698871787311,843.9635135130957,190,4.400015354156494,4.400091648101807,7.62939453125e-05,843.9635135130957,190,0.8635978524883589,39.0,0.2072634845972061
534,2.593946418623487e-09,0.3474973852874349,4.400163650512695,4.399863243103027,4.399999496200322,0.169711396970468,847.774674674496,191,4.399939060211182,4.400015354156494,7.62939453125e-05,847.774674674496,191,0.8619378010431926,38.0,0.2068650722503662
535,1.9275410280189996e-09,-0.1699921470047327,4.400089263916016,4.399863243103027,4.399982206444991,0.0118137056588678,841.8256756756455,190,4.399939060211182,4.399939060211182,0.0,841.8256756756455,190,0.8605129395922025,37.0,0.2065231055021286
536,1.6176876309557954e-09,0.1620704830319446,4.400091648101807,4.399939060211182,4.400009762613397,-0.4271832336646892,840.4559459462762,190,4.400032043457031,4.400015354156494,-1.6689300537109375e-05,840.4559459462762,190,0.8584690590699514,36.0,0.2060325741767883
537,3.041355416492941e-09,0.1315660585621116,4.400163650512695,4.3998703956604,4.40000681579113,-0.1889688813225634,849.4815815817565,192,4.399998188018799,4.399939060211182,-5.91278076171875e-05,849.4815815817565,192,0.8554985746741295,35.0,0.205319657921791
538,3.1752417406187454e-09,-0.0546738561811054,4.400091648101807,4.399795055389404,4.399958044753791,0.0092351054484534,853.1891891891137,193,4.399966716766357,4.400091648101807,0.0001249313354492,853.1891891891137,193,0.8550130451718967,34.0,0.2052031308412552
539,2.6238206891262447e-09,0.8201352510068475,4.400167465209961,4.399896621704102,4.4000115891297655,0.7260081106701723,847.4492192193866,192,4.40004301071167,4.399939060211182,-0.0001039505004882,847.4492192193866,192,0.8531194801131885,33.0,0.2047486752271652
540,2.4256028216378736e-09,0.00645088702392,4.400091648101807,4.399863243103027,4.399982317206786,-0.4118598439226444,856.4041741741821,194,4.400015830993652,4.400091648101807,7.581710815429688e-05,856.4041741741821,194,0.8517342309157054,32.0,0.2044162154197693
541,2.4808187568137726e-09,-0.6670646495326675,4.400086879730225,4.399787425994873,4.399971240606064,1.1477125835634698,860.719159158878,195,4.399868011474609,4.399939060211182,7.104873657226562e-05,860.719159158878,195,0.850040465593338,31.0,0.2040097117424011
542,1.8429805691218117e-09,-0.3195754024462949,4.400091648101807,4.399872303009033,4.400008341700761,0.5168650474935013,854.2249549552798,194,4.3999433517456055,4.400091648101807,0.0001482963562011,854.2249549552798,194,0.8495468646287918,30.0,0.20389124751091
543,3.270540363100683e-09,-0.0440390739688545,4.400091648101807,4.399862766265869,4.399983503879645,-0.6096193808424877,858.8646046044305,195,4.399944305419922,4.399939060211182,-5.245208740234375e-06,858.8646046044305,195,0.8420766641696295,29.0,0.202098399400711
544,2.653072774559642e-09,0.8304078915684675,4.400161266326904,4.399872303009033,4.399991003995014,0.528329425456902,863.3515515513718,197,4.400023460388184,4.400091648101807,6.818771362304688e-05,863.3515515513718,197,0.8455806101361911,28.0,0.2029393464326858
545,3.893306595516777e-09,0.4907046269061652,4.400166988372803,4.399864673614502,4.399982312003973,-0.0502204260632019,866.1120320316404,197,4.39993953704834,4.400015354156494,7.581710815429688e-05,866.1120320316404,197,0.8446846157312393,27.0,0.2027243077754974
546,2.982821182380631e-09,0.4179824013251141,4.400160312652588,4.399864196777344,4.399989684422811,0.3649020031828551,871.0850950954482,198,4.399872779846191,4.399939060211182,6.628036499023438e-05,871.0850950954482,198,0.8397184312343597,26.0,0.2015324234962463
547,4.002113178223254e-09,0.3290339540513545,4.400165557861328,4.399862766265869,4.399984877518933,-0.0529374566118368,866.39574574586,198,4.399941444396973,4.400015354156494,7.390975952148438e-05,866.39574574586,198,0.838955802222093,25.0,0.2013493925333023
548,3.612318003762802e-09,0.2948780860856881,4.40016508102417,4.399867534637451,4.400003014188824,-0.3252181974106456,866.5751951951534,198,4.399939060211182,4.400091648101807,0.000152587890625,866.5751951951534,198,0.8369101832310359,24.0,0.2008584439754486
549,2.8609142849836923e-09,0.3040147910762221,4.400156021118164,4.39986515045166,4.399992638496897,0.1075859042342464,869.9097297303379,199,4.399931907653809,4.400015354156494,8.344650268554688e-05,869.9097297303379,199,0.8350540573398273,23.0,0.2004129737615585
550,3.6502966959781613e-09,0.1629221781096918,4.40016508102417,4.399864673614502,4.400021059513092,-0.1492789298333878,873.6837037038058,200,4.400103569030762,4.399939060211182,-0.00016450881958,873.6837037038058,200,0.8299002423882484,22.0,0.1991760581731796
551,2.580690311310832e-09,-0.4166730470202073,4.400091648101807,4.3998637199401855,4.399991716318462,-0.0889268788875248,875.5175175173208,201,4.3999738693237305,4.400091648101807,0.0001177787780761,875.5175175173208,201,0.8320313567916553,21.0,0.1996875256299972
552,4.133875397350656e-09,0.3491004425543689,4.400160789489746,4.399864196777344,4.399993092266481,-0.4573331351185743,877.4134134138003,201,4.400015354156494,4.399939060211182,-7.62939453125e-05,877.4134134138003,201,0.8293026437362035,20.0,0.1990326344966888
553,3.631985957846877e-09,0.1258337382993255,4.4001593589782715,4.399866104125977,4.399989685209671,-0.2380671070040434,880.2934834836051,202,4.399959087371826,4.400015354156494,5.626678466796875e-05,880.2934834836051,202,0.8282649020353954,19.0,0.1987835764884948
554,3.1173916738000007e-09,-0.6993547584405562,4.400157928466797,4.399796009063721,4.40001636448473,1.913115969955016,879.9635135130957,202,4.3999552726745605,4.400015354156494,6.008148193359375e-05,879.9635135130957,202,0.8234592775503795,18.0,0.197630226612091
555,2.555627477008886e-09,-0.1603983994909193,4.400146961212158,4.399868011474609,4.399994758096072,0.1361216191549514,874.5874174172059,202,4.400146961212158,4.400091648101807,-5.53131103515625e-05,874.5874174172059,202,0.8253882949550947,17.0,0.1980931907892227
556,4.10241321031119e-09,0.5343106809034864,4.400230884552002,4.399868965148926,4.400010879403852,0.2280347150671744,881.8988388385624,203,4.4000043869018555,4.400015354156494,1.0967254638671877e-05,881.8988388385624,203,0.822542483607928,16.0,0.1974101960659027
557,2.530033973410456e-09,-0.0706736325720915,4.400089740753174,4.399868488311768,4.3999939292084935,-0.5923637014616299,884.7751951953396,204,4.400015354156494,4.399939060211182,-7.62939453125e-05,884.7751951953396,204,0.8195656041304271,15.0,0.1966957449913025
558,2.9087973686893842e-09,-0.516154458860819,4.400091648101807,4.399862766265869,4.3999747373525375,-0.5073184530159258,893.3752252254635,206,4.39991569519043,4.400091648101807,0.0001759529113769,893.3752252254635,206,0.8212363968292873,14.0,0.1970967352390289
559,3.669437391038132e-09,0.4970279462132996,4.400167942047119,4.399868011474609,4.400001267880057,0.1247489770407868,899.4178578583524,207,4.400080680847168,4.400015354156494,-6.532669067382812e-05,899.4178578583524,207,0.8194990456104279,13.0,0.1966797709465026
560,3.658259489027283e-09,0.6203397788706062,4.400167465209961,4.399863243103027,4.399965682076019,0.2141645346818261,893.483983984217,206,4.399957656860352,4.399939060211182,-1.8596649169921875e-05,893.483983984217,206,0.8182638635238012,12.0,0.1963833272457122
561,3.408588547465716e-09,-0.4912809745179154,4.400087833404541,4.399862766265869,4.399983504643807,-0.601717844968976,903.08774774801,208,4.400053977966309,4.400015354156494,-3.8623809814453125e-05,903.08774774801,208,0.8179782579342525,11.0,0.1963147819042205
562,4.278709290584676e-09,0.4710694447151022,4.4001665115356445,4.39986515045166,4.399988000209515,-0.1190758986414928,902.9302702704445,208,4.399964809417725,4.399939060211182,-2.574920654296875e-05,902.9302702704445,208,0.8156618724266689,10.0,0.1957588493824005
563,2.75719957967899e-09,0.1657891033878159,4.400091648101807,4.39986515045166,4.399992663126725,-0.9894589931092952,902.2444144142792,208,4.400001525878906,4.399939060211182,-6.246566772460938e-05,902.2444144142792,208,0.8145326748490334,9.0,0.195487841963768
564,2.244506726146154e-09,0.3123040832356724,4.400091648101807,4.399867534637451,4.399988651275635,-0.4468608757630514,911.5538138141856,210,4.399985313415527,4.399939060211182,-4.6253204345703125e-05,911.5538138141856,210,0.8122390136122704,8.0,0.1949373632669448
565,2.5297057649321232e-09,-0.1802245262242141,4.400091648101807,4.399867534637451,4.400003240222023,-0.3548685397045408,909.6855755755678,210,4.399954319000244,4.399939060211182,-1.52587890625e-05,909.6855755755678,210,0.8069102341930072,7.0,0.1936584562063217
566,2.259204820557753e-09,0.206324007197662,4.400091648101807,4.399866104125977,4.3999696610108865,-0.0834318273458252,914.9183883881196,212,4.399892807006836,4.400015354156494,0.0001225471496582,914.9183883881196,212,0.80844151477019,6.0,0.1940259635448455
567,2.29167548117312e-09,0.0553099244439626,4.400091648101807,4.399939060211182,4.400011586693098,-0.8558030093576439,916.4475575573742,212,4.399991512298584,4.399939060211182,-5.245208740234375e-05,916.4475575573742,212,0.8066479116678238,5.0,0.1935954988002777
568,3.059697587744662e-09,-0.1270513845631701,4.400091648101807,4.399862766265869,4.399977414113171,-0.4506996107310548,915.663963964209,212,4.4000749588012695,4.400015354156494,-5.9604644775390625e-05,915.663963964209,212,0.8033440758784612,4.0,0.1928025782108307
569,3.662092803508644e-09,0.4182086549266475,4.400166988372803,4.3997907638549805,4.399963707991049,0.7264136396981455,918.3356156153604,213,4.399939060211182,4.400015354156494,7.62939453125e-05,918.3356156153604,213,0.8033461247881254,3.0,0.19280306994915
570,3.284111747521007e-09,0.3164101542701285,4.400166988372803,4.399862766265869,4.400006927762713,-0.0994623200765829,903.4971671672538,210,4.3999433517456055,4.399862766265869,-8.058547973632812e-05,903.4971671672538,210,0.8034771929184596,2.0,0.1928345263004303
571,1.9174076760541503e-09,0.0607769359617829,4.400089740753174,4.399868011474609,4.399996512341049,-0.3211506182969801,912.4134234236552,212,4.399946689605713,4.399939060211182,-7.62939453125e-06,912.4134234236552,212,0.8018233502904575,1.0,0.1924376040697097
572,3.183295334321501e-09,0.0042537713690463,4.400091648101807,4.3998637199401855,4.399991374792054,-0.5541286825553651,927.164104104042,215,4.399880409240723,4.400091648101807,0.0002112388610839,927.164104104042,215,0.7987964277466139,0.0,0.1917111426591873
573,1.7950874933669275e-09,-0.2025653954729703,4.400091648101807,4.399939060211182,4.400021109470101,-0.7139884788618427,924.6770770773292,215,4.39993953704834,4.400015354156494,7.581710815429688e-05,924.6770770773292,215,0.7965173572301865,-1.0,0.1911641657352447
574,3.0168269875124212e-09,-0.1753548626102374,4.400091171264648,4.399796009063721,4.399982033760895,0.1652893354318894,912.5910310307518,213,4.400026321411133,4.399939060211182,-8.726119995117188e-05,912.5910310307518,213,0.7980423048138618,-2.0,0.1915301531553268
575,4.123912641214209e-09,-0.9866223165211092,4.400091648101807,4.399789810180664,4.399991905247724,1.2127158560200135,930.1278778780252,216,4.399957656860352,4.400015354156494,5.7697296142578125e-05,930.1278778780252,216,0.7966776688893636,-3.0,0.1912026405334472
576,2.9815240796007694e-09,0.5038086019160708,4.400156497955322,4.399867057800293,4.3999911958926194,-0.4709464823932752,917.7315015010536,214,4.399939060211182,4.399939060211182,0.0,917.7315015010536,214,0.7908136273423831,-4.0,0.1897952705621719
577,3.060505939161373e-09,-0.4742488463532093,4.400086402893066,4.399867057800293,4.399986750580544,-0.5765708751189997,918.8847247250378,215,4.400076389312744,4.400015354156494,-6.103515625e-05,918.8847247250378,215,0.7918552805980047,-5.0,0.1900452673435211
578,2.859721611148483e-09,0.1349466735653317,4.400158882141113,4.399868488311768,4.400005451468534,0.8086535374320718,919.2574574574828,215,4.400015354156494,4.400015354156494,0.0,919.2574574574828,215,0.7934907451272011,-6.0,0.1904377788305282
579,2.976008055689557e-09,0.39459241960955,4.400164604187012,4.399868488311768,4.39999928207041,0.5094862757434933,915.9874174175784,214,4.399993419647217,4.399939060211182,-5.435943603515625e-05,915.9874174175784,214,0.7896283020575842,-7.0,0.1895107924938202
580,3.2389736060427198e-09,0.4305785072822015,4.4002299308776855,4.399870872497559,4.400018133499004,1.2589067429180305,923.251751751639,216,4.4000654220581055,4.399939060211182,-0.0001263618469238,923.251751751639,216,0.7888116563359897,-8.0,0.1893147975206375
581,4.727076576131095e-09,0.6942389892919403,4.400167942047119,4.399868488311768,4.399996742265954,-0.0687384370670494,937.8975375378504,219,4.4000420570373535,4.400091648101807,4.9591064453125e-05,937.8975375378504,219,0.7874867568413417,-9.0,0.188996821641922
582,3.2421252967038023e-09,-0.1420194904080554,4.40009069442749,4.399867057800293,4.399988954717463,-0.8780972472163864,941.206756756641,220,4.400047779083252,4.399939060211182,-0.0001087188720703,941.206756756641,220,0.7848201940457027,-10.0,0.1883568465709686
583,3.373997122168171e-09,0.0785457376995744,4.400091648101807,4.399867057800293,4.3999875778476945,-0.8707321679714921,934.80538538564,219,4.400015354156494,4.399939060211182,-7.62939453125e-05,934.80538538564,219,0.7840581238269806,-11.0,0.1881739497184753
584,4.202518182240232e-09,0.1603977579435278,4.4001641273498535,4.399862766265869,4.400002601984385,-0.1227072167085365,949.129739739932,222,4.399917125701904,4.400015354156494,9.822845458984376e-05,949.129739739932,222,0.7810624316334724,-12.0,0.1874549835920334
585,3.3602818714436822e-09,-0.2095371521315348,4.400091648101807,4.39986515045166,4.399995735099724,-0.7055555124050641,948.3466166164726,222,4.40008020401001,4.400091648101807,1.1444091796875e-05,948.3466166164726,222,0.7795666034022968,-13.0,0.1870959848165512
586,3.689343876572733e-09,0.2485531053870126,4.400164604187012,4.399862766265869,4.399989723619832,-0.0689406796841312,940.75655655656,221,4.399961948394775,4.399862766265869,-9.918212890625e-05,940.75655655656,221,0.7794124384721121,-14.0,0.1870589852333068
587,4.863080782348354e-09,0.486889551215668,4.400241374969482,4.399862766265869,4.400008071163844,0.138629663499938,952.1977777779102,223,4.3999924659729,4.400015354156494,2.288818359375e-05,952.1977777779102,223,0.777772938211759,-15.0,0.1866655051708221
588,3.222756745503435e-09,0.4434832136251418,4.400166988372803,4.399862766265869,4.3999829313584735,0.3980136490957822,956.3083783779292,224,4.399908542633057,4.400015354156494,0.0001068115234375,956.3083783779292,224,0.7768978054324787,-16.0,0.1864554733037948
589,2.629409904414869e-09,-0.0314294723167644,4.4001569747924805,4.399869918823242,4.400009312799999,0.0461173297797388,955.7079079076648,224,4.400022506713867,4.400091648101807,6.914138793945312e-05,955.7079079076648,224,0.7749252021312714,-17.0,0.1859820485115051
590,2.894518300106736e-09,-0.6082219685689205,4.400091648101807,4.399798393249512,4.399983931647407,0.962126229283077,958.8881681682542,225,4.399869918823242,4.400015354156494,0.0001454353332519,958.8881681682542,225,0.7731962949037552,-18.0,0.1855671107769012
591,2.129767122430115e-09,-0.1230010912842958,4.400088310241699,4.39986515045166,4.399979608399527,-0.2573410296534759,953.6475575575604,224,4.400004863739014,4.400015354156494,1.049041748046875e-05,953.6475575575604,224,0.7718441387017568,-19.0,0.1852425932884216
592,2.8268835713443902e-09,-0.2532503950303175,4.400091648101807,4.3998003005981445,4.399994478351744,0.7754972469154824,966.9429229227826,227,4.400015354156494,4.400091648101807,7.62939453125e-05,966.9429229227826,227,0.771231825153033,-20.0,0.1850956380367279
593,3.9217481116346215e-09,-0.3383475758978412,4.400091171264648,4.399790287017822,4.399975848408927,-0.2816203982750989,962.4662162167951,226,4.400015354156494,4.399939060211182,-7.62939453125e-05,962.4662162167951,226,0.7696986198425293,-21.0,0.184727668762207
594,2.848177185633031e-09,0.8970929447391244,4.4001593589782715,4.399862766265869,4.399971619576609,1.1999810415385197,965.52900900878,227,4.399939060211182,4.400015354156494,7.62939453125e-05,965.52900900878,227,0.7661926249663036,-22.0,0.1838862299919128
595,2.863472694595973e-09,-0.1015880756640186,4.400091648101807,4.399868965148926,4.399998620743268,-0.6847109940393454,962.5812812810764,227,4.399939060211182,4.400091648101807,0.000152587890625,962.5812812810764,227,0.7645470400651296,-23.0,0.1834912896156311
596,2.777810329398157e-09,0.2623731882446654,4.400157928466797,4.399864196777344,4.3999956462876915,0.1335211034682295,959.0860860859976,227,4.400084495544434,4.400015354156494,-6.914138793945312e-05,959.0860860859976,227,0.7624405746658643,-24.0,0.1829857379198074
597,2.0351011876636998e-09,0.2443129677459661,4.400089263916016,4.3998637199401855,4.399983783821007,-0.3734433875133334,979.829929930158,231,4.400015354156494,4.399939060211182,-7.62939453125e-05,979.829929930158,231,0.7613657042384148,-25.0,0.1827277690172195
598,1.9854955159791e-09,-0.0019239932240234,4.40009069442749,4.399873733520508,4.399997098404064,-0.4809369684934363,963.8047347348185,228,4.400015354156494,4.400015354156494,0.0,963.8047347348185,228,0.7609139507015547,-26.0,0.1826193481683731
599,2.16262308193323e-09,-0.7586767904178087,4.400091648101807,4.399862766265869,4.399999576885107,1.1782798344378191,968.3016216214746,229,4.399939060211182,4.400091648101807,0.000152587890625,968.3016216214746,229,0.7617678493261337,-27.0,0.1828242838382721
600,3.4643787037044134e-09,0.0693053502278006,4.400155067443848,4.399862766265869,4.399987127469934,-0.0400314466600102,973.9262262266128,230,4.399888515472412,4.399939060211182,5.054473876953125e-05,973.9262262266128,230,0.7603804891308149,-28.0,0.1824913173913955
601,4.134984231161737e-09,-0.3080942803615829,4.400163173675537,4.399791240692139,4.39997616643491,0.4148305287246461,973.5136136133224,230,4.400015354156494,4.400015354156494,0.0,973.5136136133224,230,0.7596577207247417,-29.0,0.182317852973938
602,3.462367713906681e-09,0.1276055690433974,4.400166034698486,4.399867057800293,4.400008496784029,-0.0490353442623088,977.424024024047,231,4.399984836578369,4.400015354156494,3.0517578125e-05,977.424024024047,231,0.7586139564712843,-30.0,0.1820673495531082
603,4.599806783703023e-09,-0.4283327273203907,4.400091648101807,4.39979362487793,4.399996919923474,-0.2767912388033453,965.8253453457728,229,4.400015354156494,4.400091648101807,7.62939453125e-05,965.8253453457728,229,0.7569080218672752,-31.0,0.181657925248146
604,3.404899425184465e-09,-0.1159868641001758,4.400091648101807,4.399862766265869,4.399986024524854,-0.5168421356945805,969.4218718716876,230,4.400015354156494,4.399939060211182,-7.62939453125e-05,969.4218718716876,230,0.7566684236129125,-32.0,0.181600421667099
605,3.047350038130827e-09,-0.3711376119516069,4.400091648101807,4.399865627288818,4.400001844455456,-0.5027286712176431,980.3626126125456,232,4.399982452392578,4.400015354156494,3.2901763916015625e-05,980.3626126125456,232,0.7568038379152616,-33.0,0.1816329210996627
606,1.651413446979884e-09,-0.5570422128175938,4.400091648101807,4.399863243103027,4.40001984798547,1.1432664740349647,974.9306306308137,231,4.400051116943359,4.400015354156494,-3.5762786865234375e-05,974.9306306308137,231,0.7543830201029778,-34.0,0.1810519248247146
607,2.339774802063816e-09,0.2876168523921734,4.400091648101807,4.399868965148926,4.39998886297489,-0.5544640279736273,977.9231231231242,232,4.399984359741211,4.400091648101807,0.0001072883605957,977.9231231231242,232,0.7547684634725254,-35.0,0.181144431233406
608,4.3358888354151656e-09,-0.6429859362932475,4.400091648101807,4.399788856506348,4.399979415369648,0.2730146409938911,982.4793593594804,233,4.400015354156494,4.400015354156494,0.0,982.4793593594804,233,0.7552330692609152,-36.0,0.1812559366226196
609,2.383661806243785e-09,-0.0587411578598647,4.400089263916016,4.399864673614502,4.399983117508786,-0.3989053249780574,985.0014014011248,233,4.399981498718262,4.400015354156494,3.3855438232421875e-05,985.0014014011248,233,0.7534852872292201,-37.0,0.1808364689350128
610,3.6227663521944555e-09,0.3228036924283058,4.4001641273498535,4.399867057800293,4.399997118191841,-0.2606142625923993,987.2296296292916,234,4.399988174438477,4.399939060211182,-4.9114227294921875e-05,987.2296296292916,234,0.7531268522143364,-38.0,0.1807504445314407
611,4.054021392474379e-09,0.4176366897735046,4.400241851806641,4.399869441986084,4.400012188203345,1.1228668624430305,980.66562562529,233,4.399958610534668,4.400015354156494,5.6743621826171875e-05,980.66562562529,233,0.750212495525678,-39.0,0.1800509989261627
612,2.009408699984651e-09,0.4757064620561916,4.400091648101807,4.399939060211182,4.399991283010929,-0.6077104759361176,991.1481081079692,235,4.399998188018799,4.400091648101807,9.34600830078125e-05,991.1481081079692,235,0.7493188604712486,-40.0,0.1798365265130996
613,3.0401814447502687e-09,0.5604535554663239,4.400162220001221,4.399869918823242,4.39999069719233,-0.1408178635671406,982.6955755753444,234,4.400055408477783,4.400091648101807,3.62396240234375e-05,982.6955755753444,234,0.7518939053018888,-41.0,0.1804545372724533
614,4.594687284332e-09,0.0952015906281263,4.4001545906066895,4.3997883796691895,4.399971373060829,-0.3518480317914592,986.3083583582192,234,4.399968147277832,4.400091648101807,0.0001235008239746,986.3083583582192,234,0.7482022667924564,-42.0,0.1795685440301895
615,5.600784364430525e-09,-0.2148824607499816,4.400163650512695,4.399862766265869,4.400006847866511,-0.8849386993891448,994.2475975975394,236,4.400078296661377,4.400091648101807,1.33514404296875e-05,994.2475975975394,236,0.7489750782648723,-43.0,0.1797540187835693
616,3.64772395433609e-09,-0.1547802776895284,4.400091648101807,4.399863243103027,4.3999908934248255,-0.7632447533578897,989.1594594595954,235,4.399939060211182,4.400091648101807,0.000152587890625,989.1594594595954,235,0.7487397020061811,-44.0,0.1796975284814834
617,2.2986027100585406e-09,0.071624476059559,4.400089263916016,4.399868965148926,4.399985540674088,-0.5041734309111021,989.8410810809582,235,4.399939060211182,4.400015354156494,7.62939453125e-05,989.8410810809582,235,0.7464336852232616,-45.0,0.1791440844535827
618,1.3691773979440656e-09,0.3886648171334941,4.400086402893066,4.399868011474609,4.399973077289129,-0.2533517290548754,992.3045545546338,236,4.399868011474609,4.399939060211182,7.104873657226562e-05,992.3045545546338,236,0.7481460149089496,-46.0,0.1795550435781479
619,3.884257822548871e-09,-0.2372912329586804,4.400165557861328,4.399797439575195,4.400001450481578,0.4330339113807806,984.5264564566314,234,4.40001106262207,4.400015354156494,4.291534423828125e-06,984.5264564566314,234,0.7472439979513487,-47.0,0.1793385595083236
620,4.557772073957001e-09,-0.1855110162790752,4.400162696838379,4.399864196777344,4.40001404228393,-0.4038178189984482,1050.3979179179296,209,4.400008201599121,4.399939060211182,-6.914138793945312e-05,1050.3979179179296,209,0.7620333383480709,-48.0,0.182888001203537
621,3.515175256447732e-09,0.3140968385210232,4.40015983581543,4.399864196777344,4.3999991458215755,-0.282215102949015,982.3578578578308,231,4.399951457977295,4.399939060211182,-1.239776611328125e-05,982.3578578578308,231,0.7570791989564896,-49.0,0.1816990077495575
622,2.4184516539729387e-09,0.4760524926712154,4.400158405303955,4.399866104125977,4.399987367483286,0.9763561906728572,992.7455955957994,234,4.399991035461426,4.400015354156494,2.4318695068359375e-05,992.7455955957994,234,0.7583460460106533,-50.0,0.1820030510425567
623,3.125514060315367e-09,0.2576689596194623,4.400166034698486,4.399866104125977,4.400008443087468,0.0181672492156099,990.1662462465464,233,4.39995002746582,4.400015354156494,6.532669067382812e-05,990.1662462465464,233,0.7540983458360037,-51.0,0.1809836030006408
624,3.659990720703009e-09,0.0678086235027017,4.400091648101807,4.399863243103027,4.399981891648452,-0.7441103622425045,984.7227227231488,233,4.399866104125977,4.399939060211182,7.295608520507812e-05,984.7227227231488,233,0.7537106052041054,-52.0,0.1808905452489853
625,2.718827462543483e-09,0.1844602874684721,4.400166988372803,4.399794578552246,4.3999915757404375,1.6173144854316024,985.2406006008388,233,4.399794578552246,4.399939060211182,0.0001444816589355,985.2406006008388,233,0.7521651064356168,-53.0,0.180519625544548
626,3.1964814713543662e-09,0.2214430517027509,4.400091648101807,4.399869441986084,4.39999193411607,-0.8664418620324108,990.9846846843138,234,4.399971008300781,4.400091648101807,0.0001206398010253,990.9846846843138,234,0.7506797711054485,-54.0,0.1801631450653076
627,2.8748096904832302e-09,-0.2900479294587523,4.400091648101807,4.399862766265869,4.399996923274748,-0.2416492194339166,983.4640240240842,233,4.3999762535095215,4.399862766265869,-0.0001134872436523,983.4640240240842,233,0.7498612006505331,-55.0,0.1799666881561279
628,3.3550187611762414e-09,0.3218708563672518,4.4001641273498535,4.399864196777344,4.400005719600579,-0.3831887573308967,987.6890990985556,234,4.399986743927002,4.399939060211182,-4.76837158203125e-05,987.6890990985556,234,0.7469899952411652,-56.0,0.1792775988578796
629,3.182843268746552e-09,0.6978385811870268,4.400165557861328,4.399865627288818,4.399984135466107,0.6592013710688569,997.1551051056013,236,4.400080680847168,4.400015354156494,-6.532669067382812e-05,997.1551051056013,236,0.7458171496788661,-57.0,0.1789961159229278
630,3.413585273147963e-09,0.8678138889326467,4.400240421295166,4.399868965148926,4.4000052855564995,2.8244213186413862,984.7153753750026,234,4.399939060211182,4.399939060211182,0.0,984.7153753750026,234,0.7431026548147202,-58.0,0.1783446371555328
631,2.2541779609966503e-09,-0.6655169137642768,4.400091648101807,4.399790287017822,4.3999730934531005,1.2144747023414242,993.3913413416594,236,4.400015354156494,4.400091648101807,7.62939453125e-05,993.3913413416594,236,0.7429215436180433,-59.0,0.1783011704683303
632,2.5673574393243823e-09,-0.0682424424200269,4.400091648101807,4.3998637199401855,4.399994848138195,-0.1078075035351515,992.4151151152328,236,4.400015354156494,4.400015354156494,0.0,992.4151151152328,236,0.7431736215949059,-60.0,0.1783616691827774
633,2.9230278426751235e-09,-0.5648908076235002,4.400089740753174,4.399796962738037,4.399976698018737,0.0843749391740225,993.8147647650912,236,4.399967193603516,4.400015354156494,4.8160552978515625e-05,993.8147647650912,236,0.7410737996300062,-61.0,0.1778577119112014
634,3.317577497680829e-09,-0.27524001971711,4.400162696838379,4.399794578552246,4.399984906701481,1.240444666955132,1001.1885885884984,238,4.399939060211182,4.400015354156494,7.62939453125e-05,1001.1885885884984,238,0.7409342875083288,-62.0,0.1778242290019989
635,2.36932277366054e-09,-0.1364007441687239,4.400088310241699,4.399863243103027,4.399981309180479,-0.1326447564817625,1006.9448848851024,239,4.399896621704102,4.399939060211182,4.2438507080078125e-05,1006.9448848851024,239,0.7397842903931936,-63.0,0.1775482296943664
636,3.23571029342362e-09,-0.2231502746074345,4.4001545906066895,4.3998637199401855,4.40001077731783,-0.4387849149513854,1005.6607807809488,239,4.400091648101807,4.400091648101807,0.0,1005.6607807809488,239,0.7378865654269855,-64.0,0.1770927757024765
637,2.611877633230613e-09,-0.4114532767562341,4.400167942047119,4.39986515045166,4.400013093669045,0.6700998814259069,1003.2116916915402,239,4.400015354156494,4.400015354156494,0.0,1003.2116916915402,239,0.7375845685601234,-65.0,0.1770202964544296
638,4.320927915453428e-09,-1.236102064688609,4.400091648101807,4.39971923828125,4.3999872504428215,3.0687417717631424,1014.051651651971,241,4.399945259094238,4.399862766265869,-8.249282836914062e-05,1014.051651651971,241,0.7355408122142156,-66.0,0.1765297949314117
639,2.477077048105524e-09,0.5222884230201963,4.400166988372803,4.399870872497559,4.399986490669092,0.8865150029215267,1012.7783783786,241,4.400020122528076,4.400015354156494,-4.76837158203125e-06,1012.7783783786,241,0.7351367423931758,-67.0,0.1764328181743621
640,1.555287083384361e-09,0.4576038385150134,4.400086879730225,4.399939060211182,4.399987701558473,-0.5040114905005355,1011.6900900900364,241,4.399939060211182,4.399939060211182,0.0,1011.6900900900364,241,0.7340306416153908,-68.0,0.1761673539876938
641,3.7874256695341045e-09,-0.6379763160049421,4.400166988372803,4.399797439575195,4.4000101827677325,1.314340041397375,1000.8412212207912,239,4.400018692016602,4.399939060211182,-7.963180541992188e-05,1000.8412212207912,239,0.73539304236571,-69.0,0.1764943301677703
642,4.638767241381934e-09,0.3435025709447782,4.4001665115356445,4.399863243103027,4.399999800087517,-0.0562916384327465,1001.6798198195174,239,4.399939060211182,4.399939060211182,0.0,1001.6798198195174,239,0.7384801904360454,-70.0,0.1772352457046508
643,2.8104503174720593e-09,0.347821065465913,4.4001665115356445,4.399868488311768,4.400001788139344,0.5803155717042094,1011.3384284283966,240,4.40003776550293,4.400015354156494,-2.2411346435546875e-05,1011.3384284283966,240,0.7361282904942831,-71.0,0.1766707897186279
644,1.659894580131005e-09,0.3108769530137274,4.400091171264648,4.399867057800293,4.399974447488785,-0.3182400074887717,1008.3048748746514,240,4.400015354156494,4.400015354156494,0.0,1008.3048748746514,240,0.7351951052745184,-72.0,0.1764468252658844
645,2.769984714937353e-09,0.1875373524727435,4.40015983581543,4.399862766265869,4.399996785207408,0.1223918734483047,1013.2540540536866,241,4.399907112121582,4.399939060211182,3.1948089599609375e-05,1013.2540540536866,241,0.7345116386810939,-73.0,0.1762827932834625
646,1.673929393560673e-09,-0.2934377594170885,4.400091648101807,4.399868011474609,4.400005520626717,0.5026795468932308,1012.4564564563334,241,4.40007209777832,4.399939060211182,-0.0001330375671386,1012.4564564563334,241,0.7342490057150524,-74.0,0.1762197613716125
647,3.296614500053452e-09,-0.0478760328435974,4.400091648101807,4.399869918823242,4.4000021327625625,-0.7045863120654823,1017.3456756751984,242,4.399939060211182,4.400015354156494,7.62939453125e-05,1017.3456756751984,242,0.7343140120307605,-75.0,0.1762353628873825
648,2.637534729487416e-09,-0.1506866359816949,4.40009069442749,4.399862766265869,4.399980382800597,-0.2003699955920557,1011.6756756762044,241,4.400028705596924,4.399939060211182,-8.96453857421875e-05,1011.6756756762044,241,0.734170029560725,-76.0,0.1762008070945739
649,2.566403052943399e-09,-0.2099585326526107,4.400091648101807,4.399868011474609,4.399995479346311,-0.2590578757464326,1010.9717717720196,241,4.400091648101807,4.399939060211182,-0.000152587890625,1010.9717717720196,241,0.7314389571547508,-77.0,0.1755453497171402
650,2.1698870547717975e-09,-0.4564246823648855,4.400091648101807,4.3998703956604,4.400010101098583,0.3073225351255093,1021.7802002001554,243,4.400044918060303,4.399939060211182,-0.000105857849121,1021.7802002001554,243,0.7305974140763283,-78.0,0.1753433793783188
651,4.049333664709562e-09,0.5329865421947789,4.40016508102417,4.399863243103027,4.399993957566821,-0.2893422224748994,1015.06594594568,242,4.39991569519043,4.400015354156494,9.965896606445312e-05,1015.06594594568,242,0.7302911952137947,-79.0,0.1752698868513107
652,3.697142136506092e-09,0.2134714541467507,4.400165557861328,4.399869441986084,4.40001332122112,-0.6255043592504772,1019.3989589586854,243,4.400091648101807,4.399939060211182,-0.000152587890625,1019.3989589586854,243,0.7269476850827535,-80.0,0.1744674444198608
653,1.7230076115508424e-09,-0.0812470042787083,4.400087833404541,4.399870872497559,4.399985589786452,-0.0297763460033011,1028.6737137138844,245,4.399939060211182,4.399939060211182,0.0,1028.6737137138844,245,0.7312056298057239,-81.0,0.1754893511533737
654,5.295857482238175e-09,-0.0652383237932996,4.4001593589782715,4.399795055389404,4.399983331191638,-0.5809238281968732,1015.3819719720632,242,4.400069236755371,4.399939060211182,-0.0001301765441894,1015.3819719720632,242,0.7298114399115245,-82.0,0.1751547455787658
655,3.519295500728405e-09,-0.5755706468273377,4.400089740753174,4.399788856506348,4.399970879320239,0.2448938572236842,1025.7105405405164,244,4.399991512298584,4.400015354156494,2.384185791015625e-05,1025.7105405405164,244,0.7281705116232237,-83.0,0.1747609227895736
656,3.518723220223321e-09,0.3441150095698284,4.400162220001221,4.399862766265869,4.399978225348426,0.1327431931386664,1023.4216216215864,244,4.399908065795898,4.400091648101807,0.0001835823059082,1023.4216216215864,244,0.7269725203514099,-84.0,0.1744734048843383
657,4.830441211827023e-09,0.093853317412032,4.40016508102417,4.39986515045166,4.399994708080681,-0.4672199384929434,1028.3024624623358,245,4.399922847747803,4.400015354156494,9.250640869140624e-05,1028.3024624623358,245,0.7265415663520496,-85.0,0.1743699759244918
658,2.4049822912829403e-09,0.386756437745103,4.400091648101807,4.399939060211182,4.399994255081425,-1.1794335749277605,1033.6817317316309,246,4.399950981140137,4.399939060211182,-1.1920928955078123e-05,1033.6817317316309,246,0.7217459380626678,-86.0,0.1732190251350402
659,4.5949011638836615e-09,0.153783952089235,4.400166988372803,4.399791717529297,4.399986451234275,-0.0960155712478032,1027.7198198195547,246,4.399986743927002,4.400015354156494,2.86102294921875e-05,1027.7198198195547,246,0.7224333782990774,-87.0,0.1733840107917785
660,2.051426208227635e-09,-0.347641483561363,4.400088787078857,4.399866104125977,4.399986579166195,0.095417945484924,1030.123223222792,246,4.400015354156494,4.400015354156494,0.0,1030.123223222792,246,0.7229208325346311,-88.0,0.1735009998083114
661,4.310489018110046e-09,0.1055101057635965,4.400163650512695,4.399788856506348,4.399981796978954,0.0532887902596694,1061.0010010013357,251,4.40000057220459,4.399939060211182,-6.151199340820312e-05,1061.0010010013357,251,0.7166113704442978,-89.0,0.1719867289066314
662,3.9957468436032645e-09,0.3691410339052307,4.400166034698486,4.3998637199401855,4.3999966532595245,-0.3662984152094397,1028.614894894883,247,4.399949073791504,4.400015354156494,6.628036499023438e-05,1028.614894894883,247,0.7147320235768955,-90.0,0.1715356856584549
663,5.892897056893494e-09,0.2551788663077619,4.4002299308776855,4.399789810180664,4.399971981048584,0.4357858914133357,1041.3459159154445,250,4.399956226348877,4.399939060211182,-1.71661376953125e-05,1041.3459159154445,250,0.7099008808533351,-91.0,0.1703762114048004
664,3.337521136189712e-09,0.049301480740203,4.400162696838379,4.39986515045166,4.399999452590943,-0.4056110863012545,1036.3858558563516,250,4.400015354156494,4.400015354156494,0.0,1036.3858558563516,250,0.7098612685998281,-92.0,0.1703667044639587
665,2.9955178444608638e-09,-0.4003653638407757,4.400091648101807,4.399865627288818,4.39999412825383,-0.4362575063392526,1041.2287287283689,251,4.400015354156494,4.400091648101807,7.62939453125e-05,1041.2287287283689,251,0.7088386143247287,-93.0,0.1701212674379348
666,4.780375743266119e-09,-0.600393887686458,4.400091648101807,4.399787425994873,4.39999080657959,-0.2164024812298772,1034.9925525523722,250,4.400076389312744,4.399939060211182,-0.0001373291015625,1034.9925525523722,250,0.7089843352635702,-94.0,0.1701562404632568
667,3.05561670886939e-09,1.3587610512119452,4.400240898132324,4.399867534637451,4.399980043801736,3.5528149472914228,1057.5298698702827,254,4.399939060211182,4.399939060211182,0.0,1057.5298698702827,254,0.708647258579731,-95.0,0.1700753420591354
668,3.886703561565603e-09,-0.0057879497624241,4.400165557861328,4.399862766265869,4.400005421941242,-0.3867719031236496,1049.880990991369,252,4.400015354156494,4.399939060211182,-7.62939453125e-05,1049.880990991369,252,0.7085387284557025,-96.0,0.1700492948293686
669,2.309206287082218e-09,-0.7810212971701163,4.400091648101807,4.3997883796691895,4.399977817310123,2.055107762489345,1058.2946946946904,254,4.400015354156494,4.400091648101807,7.62939453125e-05,1058.2946946946904,254,0.7158339644471805,-97.0,0.1718001514673233
670,3.491430081237512e-09,0.2448113121922336,4.400167465209961,4.39986515045166,4.400006437301636,0.1555041448475225,1042.0213813809678,250,4.400052547454834,4.400015354156494,-3.719329833984375e-05,1042.0213813809678,250,0.7100176066160202,-98.0,0.1704042255878448
671,4.530709779428509e-09,0.6028118587411482,4.400242805480957,4.399786949157715,4.399981031267662,2.180750030824562,1062.620260260068,254,4.400015354156494,4.400015354156494,0.0,1062.620260260068,254,0.7047848155101141,-99.0,0.1691483557224273
672,3.811185045066936e-09,-0.3030401537523399,4.400167465209961,4.399799346923828,4.400012351017372,0.763983480270876,1058.2341741742566,255,4.400015354156494,4.400091648101807,7.62939453125e-05,1058.2341741742566,255,0.7030431802074115,-100.0,0.1687303632497787
673,3.160160997508327e-09,0.2579348815394372,4.400166034698486,4.3998637199401855,4.399993210799934,0.7550180898600862,1074.8774174172431,258,4.400015354156494,4.400091648101807,7.62939453125e-05,1074.8774174172431,258,0.7027662669618925,-101.0,0.1686639040708542
674,3.4688188656893e-09,0.3323067441588331,4.40016508102417,4.399862766265869,4.399986454084808,0.3944500364941614,1057.6798999002203,255,4.399962902069092,4.399939060211182,-2.384185791015625e-05,1057.6798999002203,255,0.7001537208755811,-102.0,0.1680368930101394
675,2.3579590575803895e-09,0.456226738752248,4.400091648101807,4.399939060211182,4.399995150733087,-0.904097796702569,1066.9229229232296,257,4.400091648101807,4.400015354156494,-7.62939453125e-05,1066.9229229232296,257,0.6984664748112361,-103.0,0.1676319539546966
676,2.4765716153154595e-09,-0.1100747468850278,4.400091648101807,4.39986515045166,4.39999531215267,-0.3299242758270435,1063.5941541539505,257,4.399956226348877,4.400015354156494,5.91278076171875e-05,1063.5941541539505,257,0.6979563583930334,-104.0,0.167509526014328
677,2.5303693321979495e-09,0.0472254384551342,4.400163650512695,4.399866104125977,4.400003650141698,0.450853450035352,1051.9388388385996,255,4.400015354156494,4.400015354156494,0.0,1051.9388388385996,255,0.6979065015912056,-105.0,0.1674975603818893
678,5.91758634968787e-09,0.0524047434708122,4.400164604187012,4.399862766265869,4.400002588176359,-0.7453951990288878,1071.8673273269087,259,4.400015354156494,4.400015354156494,0.0,1071.8673273269087,259,0.6983644018570583,-106.0,0.1676074564456939
679,2.336188531921276e-09,0.2006499289566106,4.400091648101807,4.39986515045166,4.399987575619719,-0.4419826154694832,1066.7532332334667,258,4.400015354156494,4.400015354156494,0.0,1066.7532332334667,258,0.6974603980779648,-107.0,0.1673904955387115
680,2.57297129780137e-09,-0.084326072980364,4.400090217590332,4.399864673614502,4.399974060795022,-0.4238834798699042,1071.6529729729518,259,4.4000115394592285,4.399939060211182,-7.2479248046875e-05,1071.6529729729518,259,0.6966063752770424,-108.0,0.1671855300664901
681,3.860485202587941e-09,0.3282503103032059,4.4001641273498535,4.3998637199401855,4.399990224652717,-0.1317759309065747,1060.2423223219812,257,4.400142669677734,4.400015354156494,-0.0001273155212402,1060.2423223219812,257,0.6947523603836696,-109.0,0.1667405664920807
682,2.494638078680251e-09,0.345124273797986,4.400091648101807,4.399864196777344,4.399989662691951,-0.5042169030779395,1050.625525525771,256,4.399939060211182,4.400015354156494,7.62939453125e-05,1050.625525525771,256,0.6934709226091703,-110.0,0.1664330214262008
683,2.740303970855238e-09,0.5300500871950588,4.400158405303955,4.399862766265869,4.399976246173566,0.8642428877301684,1072.4285185188055,260,4.399939060211182,4.400015354156494,7.62939453125e-05,1072.4285185188055,260,0.6923067073027294,-111.0,0.166153609752655
684,4.423507357210335e-09,-0.0625460762595228,4.400164604187012,4.399866104125977,4.400011652638476,-0.3536936298085291,1054.8763163164258,257,4.399939060211182,4.399939060211182,0.0,1054.8763163164258,257,0.693129375576973,-112.0,0.1663510501384735
685,2.854297679790452e-09,0.4812983341726967,4.400091648101807,4.399862766265869,4.399977426419313,-0.65461159721406,1077.503503503278,261,4.400033950805664,4.399862766265869,-0.0001711845397949,1077.503503503278,261,0.6893030678232511,-113.0,0.1654327362775802
686,3.330118150307569e-09,-0.1674075356873086,4.40009069442749,4.39986515045166,4.3999914597195815,-0.8480628328840822,1080.908668668941,263,4.4000678062438965,4.400015354156494,-5.245208740234375e-05,1080.908668668941,263,0.6878610700368881,-114.0,0.1650866568088531
687,3.464018595549863e-09,0.114083318366102,4.400163173675537,4.39979887008667,4.399996048597329,0.5998371201590187,1081.3282882878557,263,4.399956703186035,4.399939060211182,-1.7642974853515625e-05,1081.3282882878557,263,0.6861843168735504,-115.0,0.1646842360496521
688,2.1258375435456927e-09,0.0615671154083465,4.400091648101807,4.399939060211182,4.400009970628578,-1.0554203886357196,1074.6276576574892,262,4.4000325202941895,4.400015354156494,-1.71661376953125e-05,1074.6276576574892,262,0.6874422232309978,-116.0,0.1649861335754394
689,3.881674083302398e-09,0.0306516943037472,4.4001665115356445,4.399862766265869,4.400002727071747,0.2190146180846683,1077.9273873874918,262,4.400031089782715,4.400015354156494,-1.5735626220703125e-05,1077.9273873874918,262,0.6877067188421886,-117.0,0.1650496125221252
690,2.950198299312919e-09,-0.0229802153716136,4.400088310241699,4.399862766265869,4.399962321886998,-0.5721562561315041,1083.3345945943147,263,4.399941921234131,4.399939060211182,-2.86102294921875e-06,1083.3345945943147,263,0.6842508291204771,-118.0,0.1642201989889145
691,3.775420501800811e-09,-0.0024810566978324,4.400158405303955,4.399867057800293,4.400006586154604,-0.7456610687719722,1079.004644644447,263,4.399959087371826,4.399939060211182,-2.002716064453125e-05,1079.004644644447,263,0.6849507490793865,-119.0,0.1643881797790527
692,2.1123872787551112e-09,-0.3008758304496097,4.400090217590332,4.399863243103027,4.399998448929697,-0.084221760134898,1091.1445045042783,265,4.400052547454834,4.400015354156494,-3.719329833984375e-05,1091.1445045042783,265,0.6791887183984121,-120.0,0.1630052924156189
693,2.866885733252728e-09,0.0063399040778791,4.400091648101807,4.399864196777344,4.399991884376064,-0.5113173247112468,1078.908138138242,264,4.400047302246094,4.400091648101807,4.4345855712890625e-05,1078.908138138242,264,0.6798656657338142,-121.0,0.1631677597761154
694,3.494087443620876e-09,0.7613017536700062,4.400165557861328,4.399863243103027,4.399979591369629,0.4091360565980673,1085.0954954959452,265,4.400015354156494,4.400015354156494,0.0,1085.0954954959452,265,0.6795470913251241,-122.0,0.1630913019180297
695,2.588015427597881e-09,0.1532521454931922,4.400154113769531,4.399860382080078,4.399988226818316,0.3304873369205499,1077.5549649652094,264,4.399860382080078,4.400015354156494,0.000154972076416,1077.5549649652094,264,0.6779782474040985,-123.0,0.1627147793769836
696,3.137611463268543e-09,-0.492847245095287,4.400091648101807,4.399862766265869,4.399990348096164,-0.3454540709694775,1082.4739939942956,265,4.399972915649414,4.400091648101807,0.0001187324523925,1082.4739939942956,265,0.6734524543086688,-124.0,0.1616285890340805
697,4.040909206932977e-09,0.1839734444884999,4.400155067443848,4.399862766265869,4.399983630144506,-0.7020250940120616,1082.1496496498585,266,4.399930477142334,4.399862766265869,-6.771087646484375e-05,1082.1496496498585,266,0.6697290887435278,-125.0,0.1607349812984466
698,4.1889607824568874e-09,0.0588321294002666,4.400091648101807,4.399862766265869,4.399978206946504,-0.8261369160238554,1096.5009409412742,269,4.400089740753174,4.400091648101807,1.9073486328125e-06,1096.5009409412742,269,0.6666876996556919,-126.0,0.160005047917366
699,2.798402147612991e-09,0.2755186905409013,4.400164604187012,4.399862766265869,4.399990485946485,0.6377038414142979,1091.3099499493835,269,4.399954319000244,4.399939060211182,-1.52587890625e-05,1091.3099499493835,269,0.6646607692042987,-127.0,0.1595185846090316
700,2.653591045321231e-09,-0.1641799580675987,4.400091648101807,4.399868488311768,4.399998122674448,-0.5317282628731683,1095.2500600600615,270,4.400077819824219,4.400015354156494,-6.246566772460938e-05,1095.2500600600615,270,0.6626546382904053,-128.0,0.1590371131896972
701,2.6064605114521082e-09,0.1645912057001216,4.400091648101807,4.39986515045166,4.399989606716015,-0.581125776109626,1090.9444444440303,270,4.400051593780518,4.400091648101807,4.00543212890625e-05,1090.9444444440303,270,0.6654170652230581,-129.0,0.1597000956535339
702,3.122949237699094e-09,0.1524552684293809,4.400161266326904,4.3998637199401855,4.400006598501063,-0.0247979768951704,1083.6084084082397,268,4.399981498718262,4.400091648101807,0.0001101493835449,1083.6084084082397,268,0.6611359616120657,-130.0,0.1586726307868957
703,2.2926750439477735e-09,-0.4488368566900982,4.400091648101807,4.399863243103027,4.399992331480369,0.2249719820184395,1106.372932933271,273,4.400043487548828,4.400015354156494,-2.8133392333984375e-05,1106.372932933271,273,0.6570092091957729,-131.0,0.1576822102069854
704,2.37031517409843e-09,0.1262013429647697,4.400091648101807,4.399864196777344,4.399978881412082,-0.081140542292589,1084.479289289564,270,4.399939060211182,4.399939060211182,0.0,1084.479289289564,270,0.6587799017628034,-132.0,0.1581071764230728
705,3.4293410581119042e-09,-0.2581569039241529,4.400091648101807,4.399862766265869,4.3999940214121915,-0.4261672836911758,1091.7405405407771,271,4.400091648101807,4.400015354156494,-7.62939453125e-05,1091.7405405407771,271,0.6561072543263435,-133.0,0.1574657410383224
706,2.2286800652714583e-09,-0.7840686709032015,4.400089740753174,4.3997883796691895,4.399986653100877,2.1339148140450965,1098.139419419691,273,4.399971008300781,4.399939060211182,-3.1948089599609375e-05,1098.139419419691,273,0.6539301946759224,-134.0,0.1569432467222213
707,4.480971356950363e-09,0.1046413692957126,4.400167942047119,4.399862766265869,4.400007640922462,0.0502164505757511,1096.4948948947713,273,4.3999714851379395,4.400015354156494,4.38690185546875e-05,1096.4948948947713,273,0.6485974416136742,-135.0,0.1556633859872818
708,3.507692132649541e-09,-0.4266845005481702,4.400162696838379,4.399797439575195,4.399996569871042,0.908451963465815,1112.8657057061791,277,4.400091648101807,4.399862766265869,-0.0002288818359375,1112.8657057061791,277,0.6516657769680023,-136.0,0.1563997864723205
709,2.6603512165835984e-09,-0.1295928281207045,4.400091648101807,4.399864673614502,4.399986904032909,-0.1395808658630453,1100.9005105104295,274,4.399869918823242,4.400091648101807,0.0002217292785644,1100.9005105104295,274,0.6487867484490077,-137.0,0.1557088196277618
710,3.1154896083712012e-09,0.4735333692434309,4.400160789489746,4.39986515045166,4.39999272668962,-0.5187272429471981,1119.7926026023924,278,4.399999141693115,4.399939060211182,-6.008148193359375e-05,1119.7926026023924,278,0.6448604787389438,-138.0,0.1547665148973465
711,2.907848221602659e-09,0.0392985747018355,4.400164604187012,4.399866580963135,4.400002915224583,-0.0711423806533733,1112.89117117133,278,4.399866580963135,4.400015354156494,0.0001487731933593,1112.89117117133,278,0.6451683739821117,-139.0,0.1548404097557068
712,3.5829629958058782e-09,-0.0611574525329309,4.400158882141113,4.3998637199401855,4.400004886280406,-0.6845873302471208,1102.837657657452,275,4.400051116943359,4.400015354156494,-3.5762786865234375e-05,1102.837657657452,275,0.6424038360516231,-140.0,0.1541769206523895
713,3.182583935520834e-09,-0.0165155295501446,4.400163173675537,4.39986515045166,4.399996757507324,-0.2656420301036055,1104.0442042043433,277,4.400015354156494,4.400015354156494,0.0,1104.0442042043433,277,0.6410019472241402,-141.0,0.1538404673337936
714,5.096184539631561e-09,0.1409642073549244,4.400167465209961,4.399864196777344,4.40000035160377,-0.5723650929529045,1122.4132132129744,281,4.400015354156494,4.400015354156494,0.0,1122.4132132129744,281,0.6366585691769918,-142.0,0.152798056602478
715,3.895986946251846e-09,0.2882933791336542,4.400167465209961,4.3998637199401855,4.399990871442971,-0.4182063538557186,1123.2405405407771,282,4.400086402893066,4.400015354156494,-7.104873657226562e-05,1123.2405405407771,282,0.6360586111744245,-143.0,0.1526540666818618
716,3.1575152702765582e-09,-0.3127030368315384,4.400091648101807,4.3997883796691895,4.399982729702131,0.1204297587207352,1121.1112412409857,282,4.399959564208984,4.399862766265869,-9.679794311523438e-05,1121.1112412409857,282,0.635598289469878,-144.0,0.1525435894727707
717,3.0218447463067373e-09,-0.4565922279874817,4.400091648101807,4.399863243103027,4.399993491844392,-0.2799664278147618,1131.617567568086,284,4.399939060211182,4.400015354156494,7.62939453125e-05,1131.617567568086,284,0.6339170659581821,-145.0,0.1521400958299636
718,2.692820417913166e-09,0.1311029871765408,4.400091648101807,4.399863243103027,4.399985745078639,-0.4696104365161404,1137.5948348352686,285,4.400015354156494,4.399939060211182,-7.62939453125e-05,1137.5948348352686,285,0.6326880926887195,-146.0,0.1518451422452926
719,3.186064246683743e-09,0.1932174809604443,4.400163650512695,4.399862766265869,4.399988374676145,0.1742885474465292,1114.156156156212,281,4.400091648101807,4.399862766265869,-0.0002288818359375,1114.156156156212,281,0.630360965927442,-147.0,0.151286631822586
720,2.3123288282889595e-09,-0.1387078862722509,4.400089263916016,4.399864196777344,4.39997766346767,-0.186296181880559,1120.6136036030948,232,4.400071144104004,4.399939060211182,-0.0001320838928222,1120.6136036030948,232,0.6612487137317657,-148.0,0.1586996912956237
721,3.378547954099332e-09,0.0627009211696281,4.400156021118164,4.399863243103027,4.3999842363046415,-0.0766778132933212,1158.5104003995657,282,4.399966239929199,4.399939060211182,-2.7179718017578125e-05,1158.5104003995657,282,0.6537428746620815,-149.0,0.1568982899188995
722,3.5163535083856022e-09,0.3726153554639695,4.400166988372803,4.399866104125977,4.399999615112086,0.0062356544154331,1130.6780380383134,279,4.400089263916016,4.399939060211182,-0.0001502037048339,1130.6780380383134,279,0.6511515627304714,-150.0,0.1562763750553131
723,2.6919452671382882e-09,0.4208351097622063,4.4001665115356445,4.399864196777344,4.399995375686968,-0.161001604006556,1157.594644645229,284,4.400015354156494,4.399939060211182,-7.62939453125e-05,1157.594644645229,284,0.6441545362273853,-151.0,0.1545970886945724
724,2.7997262540522414e-09,-0.6524643621690366,4.400087833404541,4.3997883796691895,4.39998130866217,0.614845750667798,1127.979579579085,281,4.400015354156494,4.400015354156494,0.0,1127.979579579085,281,0.6427483633160591,-152.0,0.1542596071958542
725,3.451506109907965e-09,0.1307928503853973,4.400162696838379,4.399863243103027,4.399995614450874,-0.2332125709618715,1131.6621021013707,282,4.399956226348877,4.400091648101807,0.0001354217529296,1131.6621021013707,282,0.6408983220656713,-153.0,0.1538155972957611
726,2.7824391623096795e-09,0.0899666149221424,4.400091648101807,4.399862766265869,4.39997963702425,-0.445283517496549,1128.0757657662034,282,4.399868011474609,4.399862766265869,-5.245208740234375e-06,1128.0757657662034,282,0.6437585999568304,-154.0,0.1545020639896392
727,3.003525517618112e-09,0.6714447035315784,4.400163173675537,4.399939060211182,4.400004474379176,-0.0077266207646093,1111.51587587595,278,4.400136947631836,4.399939060211182,-0.0001978874206542,1111.51587587595,278,0.6431272874275844,-155.0,0.1543505489826202
728,4.582340632005791e-09,0.1191194878059358,4.400166034698486,4.399786949157715,4.399989740704302,0.3526135979624616,1128.4868868868798,281,4.4000701904296875,4.400015354156494,-5.4836273193359375e-05,1128.4868868868798,281,0.6377007191379865,-156.0,0.1530481725931167
729,3.4681695535317774e-09,0.2074694384204246,4.400167942047119,4.399862766265869,4.3999912201518745,0.3775874766610991,1138.1274174172431,284,4.399975776672363,4.400167942047119,0.0001921653747558,1138.1274174172431,284,0.6348339840769768,-157.0,0.1523601561784744
730,3.100553041800449e-09,0.1518943708965028,4.400157928466797,4.399862766265869,4.399984959578767,0.3667645369839789,1127.0515315309167,283,4.400002956390381,4.400015354156494,1.239776611328125e-05,1127.0515315309167,283,0.6318738063176473,-158.0,0.1516497135162353
731,3.940231565964928e-09,0.1283177718364853,4.400091648101807,4.399786472320557,4.3999722490847955,-0.379691530974787,1129.5042742732912,284,4.399978160858154,4.400091648101807,0.0001134872436523,1129.5042742732912,284,0.6278278306126595,-159.0,0.1506786793470382
732,3.825459865580313e-09,0.118823632714614,4.400163173675537,4.399862766265869,4.399994055430095,-0.1110428679934649,1112.3015115112066,282,4.400015354156494,4.399939060211182,-7.62939453125e-05,1112.3015115112066,282,0.6298631429672241,-160.0,0.1511671543121338
733,3.907772673411108e-09,-0.2279017016298613,4.400162220001221,4.399862766265869,4.4000076725289174,-0.3511230985657514,1119.2831231225282,283,4.399939060211182,4.400091648101807,0.000152587890625,1119.2831231225282,283,0.6281030053893726,-161.0,0.1507447212934494
734,2.3399729655991422e-09,-0.4680890279107139,4.400091171264648,4.3998637199401855,4.399992297579359,-0.0625893583274708,1133.053303303197,286,4.399948596954346,4.400015354156494,6.67572021484375e-05,1133.053303303197,286,0.6256050740679105,-162.0,0.1501452177762985
735,3.2183375081601987e-09,0.1492418105462173,4.400163650512695,4.399868011474609,4.4000070895348395,-0.325722610261749,1130.485735734925,286,4.400023937225342,4.400091648101807,6.771087646484375e-05,1130.485735734925,286,0.6233135238289833,-163.0,0.149595245718956
736,2.819251922033375e-09,-0.7809723291128849,4.400091648101807,4.39986515045166,4.40000871511606,0.1094744195230341,1126.537387387827,286,4.399958610534668,4.400015354156494,5.6743621826171875e-05,1126.537387387827,286,0.622743492325147,-164.0,0.1494584381580352
737,2.257382098000788e-09,0.550097073213809,4.400163650512695,4.39986515045166,4.3999913014863665,0.9218459832575512,1122.1837837845087,285,4.399990558624268,4.400015354156494,2.47955322265625e-05,1122.1837837845087,285,0.621305654446284,-165.0,0.1491133570671081
738,3.7968470341074766e-09,-0.0788232768725309,4.400163173675537,4.399862766265869,4.399991952455961,-0.2627249754866394,1126.2207207214087,286,4.400106430053711,4.400015354156494,-9.107589721679688e-05,1126.2207207214087,286,0.617526595791181,-166.0,0.1482063829898834
739,2.8713878869283747e-09,0.0487728657863854,4.400091648101807,4.3998637199401855,4.399989985422805,-0.4802052695614471,1124.4724124129862,287,4.40008544921875,4.400015354156494,-7.009506225585938e-05,1124.4724124129862,287,0.6172557050983112,-167.0,0.1481413692235946
740,2.556049928691638e-09,0.0336612082002214,4.400091648101807,4.399864196777344,4.39999304748163,-0.5483529499780708,1124.266286285594,287,4.400004863739014,4.400015354156494,1.049041748046875e-05,1124.266286285594,287,0.6136792401472728,-168.0,0.1472830176353454
741,2.524369773225098e-09,-0.2646037789683114,4.400091648101807,4.399821758270264,4.399982031077554,0.009622785476993,1145.8583783786744,292,4.399821758270264,4.400091648101807,0.0002698898315429,1145.8583783786744,292,0.6113291407624881,-169.0,0.1467189937829971
742,4.012561986229141e-09,-0.0114898000719544,4.400166034698486,4.399862766265869,4.399994133258688,-0.2083988055497068,1133.258968969807,290,4.400015354156494,4.400015354156494,0.0,1133.258968969807,290,0.6105107565720876,-170.0,0.146522581577301
743,2.1049835864135235e-09,-0.119404136678154,4.400090217590332,4.399864196777344,4.3999912473890515,-0.1359483262363867,1122.135525526479,288,4.3999738693237305,4.400015354156494,4.1484832763671875e-05,1122.135525526479,288,0.6054192160566648,-171.0,0.1453006118535995
744,2.36293201743918e-09,-0.007515775083567,4.400091648101807,4.399862766265869,4.399970657637029,-0.1303880714247101,1128.9592592585832,291,4.400034427642822,4.400091648101807,5.7220458984375e-05,1128.9592592585832,291,0.6049130111932755,-172.0,0.1451791226863861
745,3.990421091688736e-09,0.3551854276853979,4.400166988372803,4.399867534637451,4.400014042854309,-0.538113217188894,1133.1901201196015,292,4.400015830993652,4.400015354156494,-4.76837158203125e-07,1133.1901201196015,292,0.6040797879298528,-173.0,0.1449791491031646
746,3.4887580949311804e-09,-0.3410004626634197,4.400135517120361,4.399786472320557,4.399986556480671,0.0244935559771883,1121.9998298306018,290,4.400135517120361,4.400015354156494,-0.0001201629638671,1121.9998298306018,290,0.6023506944378217,-174.0,0.1445641666650772
747,3.697386555385055e-09,-0.1967500534939463,4.400167942047119,4.399792671203613,4.399975482107429,0.5108106095498242,1135.386026026681,293,4.400015354156494,4.400167942047119,0.000152587890625,1135.386026026681,293,0.599277950823307,-175.0,0.1438267081975937
748,3.0706868015611252e-09,0.2061488427256849,4.400160789489746,4.399864196777344,4.399988238564853,0.1240340657217613,1117.2612712718546,290,4.400113582611084,4.400015354156494,-9.822845458984376e-05,1117.2612712718546,290,0.5979510024189949,-176.0,0.1435082405805587
749,3.594722204057209e-09,-0.8738215969319957,4.400167465209961,4.399795055389404,4.400025052539373,1.1116332644468203,1140.0078078079969,295,4.400032043457031,4.400091648101807,5.9604644775390625e-05,1140.0078078079969,295,0.5952260767420133,-177.0,0.1428542584180832
750,3.1114199358748322e-09,-0.0408373577937173,4.400166988372803,4.399786949157715,4.399980423786386,0.9764421175244032,1115.7075075078756,291,4.399986267089844,4.399939060211182,-4.7206878662109375e-05,1115.7075075078756,291,0.5942805359760921,-178.0,0.142627328634262
751,2.351544838589823e-09,0.112471526005853,4.400091648101807,4.39986515045166,4.399984398403683,0.0059963097160808,1140.4127127118409,296,4.399970054626465,4.399939060211182,-3.0994415283203125e-05,1140.4127127118409,296,0.5919187640150388,-179.0,0.1420605033636093
752,4.4291510798428274e-09,0.5621948426724135,4.400235176086426,4.399866104125977,4.400001856745506,0.7897037348088545,1127.5924624633044,294,4.400015354156494,4.399939060211182,-7.62939453125e-05,1127.5924624633044,294,0.592774214843909,-180.0,0.1422658115625381
753,3.3394683397205047e-09,-0.0028538161956515,4.400160789489746,4.399787425994873,4.399986237695773,1.0148088291818658,1117.9905405398458,292,4.399939060211182,4.400091648101807,0.000152587890625,1117.9905405398458,292,0.5906285097201666,-181.0,0.1417508423328399
754,4.23401620135717e-09,0.5538293547279755,4.400240421295166,4.399864196777344,4.399997515889972,0.7042745389256031,1119.2924124114215,293,4.399997234344482,4.400015354156494,1.811981201171875e-05,1119.2924124114215,293,0.5889664093653362,-182.0,0.1413519382476806
755,3.852459519871929e-09,-0.1656026536028107,4.400158405303955,4.3998003005981445,4.399975269019198,0.045280461314622,1121.6708708703518,294,4.399959087371826,4.399939060211182,-2.002716064453125e-05,1121.6708708703518,294,0.5873954544464748,-183.0,0.1409749090671539
756,1.506665962308052e-09,0.1409969104649359,4.400089263916016,4.399939060211182,4.399992538465036,-0.6491834388899096,1129.4070570562037,296,4.399939060211182,4.400015354156494,7.62939453125e-05,1129.4070570562037,296,0.5850000306963921,-184.0,0.1404000073671341
757,1.3199310418909023e-09,0.3350892889356357,4.400091648101807,4.399939060211182,4.40000198816849,0.1387042334281698,1120.2989189177752,295,4.400015354156494,4.399939060211182,-7.62939453125e-05,1120.2989189177752,295,0.5830500895778339,-185.0,0.1399320214986801
758,1.734616788734865e-09,0.1164983683204718,4.400085926055908,4.399862766265869,4.399957989686287,0.4774703650037053,1134.6232432425022,298,4.399989128112793,4.400015354156494,2.6226043701171875e-05,1134.6232432425022,298,0.5793023854494095,-186.0,0.1390325725078582
759,4.829091042758123e-09,0.4522395893253029,4.400237560272217,4.3997955322265625,4.399993698068913,1.610671105455173,1129.254054054618,298,4.399939060211182,4.400015354156494,7.62939453125e-05,1129.254054054618,298,0.580991804599762,-187.0,0.1394380331039428
760,4.0233683855058094e-09,0.0762334865959355,4.400165557861328,4.399862766265869,4.399985719847199,0.0286445743110252,1130.990270270035,298,4.39988374710083,4.399862766265869,-2.09808349609375e-05,1130.990270270035,298,0.5759004503488541,-188.0,0.1382161080837249
761,3.210771650737662e-09,0.0063776175307037,4.4001665115356445,4.399796962738037,4.399978645616195,0.6824608453291994,1139.189189190045,301,4.399939060211182,4.399862766265869,-7.62939453125e-05,1139.189189190045,301,0.5757796267668407,-189.0,0.1381871104240417
762,3.525113465136343e-09,0.1995448547824303,4.400163173675537,4.399866104125977,4.40001145362854,-0.1394301719462496,1133.1800700705498,300,4.399984836578369,4.400015354156494,3.0517578125e-05,1133.1800700705498,300,0.573275921245416,-190.0,0.1375862210988998
763,3.436246110686938e-09,-0.1365238056034617,4.400157928466797,4.399862766265869,4.399990011617093,-0.0790244551895122,1126.368408408016,299,4.400015354156494,4.400015354156494,0.0,1126.368408408016,299,0.5711090440551441,-191.0,0.1370661705732345
764,2.570513864312386e-09,-0.3190625844805064,4.400091648101807,4.39986515045166,4.400014144695358,-0.4647636755935957,1138.135535536334,302,4.39998722076416,4.400015354156494,2.8133392333984375e-05,1138.135535536334,302,0.5710799867908161,-192.0,0.1370591968297958
765,4.197301706986011e-09,-0.0692619013092496,4.400162696838379,4.399862766265869,4.399995646999524,-0.2869124742451823,1133.5135135129094,301,4.399979114532471,4.400015354156494,3.62396240234375e-05,1133.5135135129094,301,0.5702281991640727,-193.0,0.1368547677993774
766,4.015449696792825e-09,0.4191403724592962,4.40016508102417,4.399863243103027,4.399992300185147,-0.2791879660185619,1137.8583383392545,302,4.399931907653809,4.400015354156494,8.344650268554688e-05,1137.8583383392545,302,0.5670387918750446,-194.0,0.1360893100500106
767,1.9073784711740692e-09,0.5064095354164159,4.400091648101807,4.399939060211182,4.399986383162047,-0.7640694711237752,1143.5505105108025,304,4.400015354156494,4.400091648101807,7.62939453125e-05,1143.5505105108025,304,0.5644763509432476,-195.0,0.1354743242263794
768,3.544807875282754e-09,-0.0779234792220603,4.400090217590332,4.399862766265869,4.3999751786587655,-0.7990008782008755,1134.6100700702518,303,4.4000372886657715,4.400015354156494,-2.193450927734375e-05,1134.6100700702518,303,0.5667141328255336,-196.0,0.136011391878128
769,1.681970497336919e-09,-0.2887703391159903,4.400091648101807,4.399866580963135,4.400005696635497,0.5141565433439275,1142.828648649156,304,4.4000372886657715,4.400015354156494,-2.193450927734375e-05,1142.828648649156,304,0.5618057524164518,-197.0,0.1348333805799484
770,4.049936688340234e-09,-0.0585530009472505,4.400167942047119,4.399863243103027,4.400011700489482,-0.4063739827616359,1143.3169169165194,305,4.400030136108398,4.400167942047119,0.0001378059387207,1143.3169169165194,305,0.5563476433356603,-198.0,0.1335234344005584
771,2.730550290900786e-09,-0.0539700506580116,4.400090217590332,4.399862766265869,4.399973187908049,-0.6605985917047059,1161.209009008482,310,4.4000091552734375,4.399939060211182,-7.009506225585938e-05,1161.209009008482,310,0.5545290187001228,-199.0,0.1330869644880294
772,2.7284782353886903e-09,0.414234407787987,4.400162220001221,4.3998637199401855,4.399986143295582,1.1374359982818874,1168.267297297716,312,4.400015354156494,4.400015354156494,0.0,1168.267297297716,312,0.5516357099016508,-200.0,0.1323925703763961
773,3.639195082912681e-09,0.4431613997291426,4.4001617431640625,4.399867057800293,4.399997505727688,-0.6067725119793148,1159.4744744747877,311,4.400001049041748,4.400015354156494,1.430511474609375e-05,1159.4744744747877,311,0.5519338573018711,-201.0,0.132464125752449
774,4.897745936484594e-09,-0.0172304568143351,4.400160312652588,4.399791240692139,4.399974349217537,-0.4744424099215405,1164.721461461857,312,4.399943828582764,4.400091648101807,0.0001478195190429,1164.721461461857,312,0.5497022221485774,-202.0,0.1319285333156585
775,1.946497541428489e-09,-0.397755945958797,4.400088787078857,4.399864196777344,4.399994327176001,0.1476530345235649,1150.2223423421383,310,4.3999528884887695,4.400015354156494,6.246566772460938e-05,1150.2223423421383,310,0.5468713119626045,-203.0,0.131249114871025
776,2.763313037098421e-09,-0.0541664796993177,4.400091648101807,4.399867057800293,4.399996804734007,-0.6741212170161957,1162.4763963967562,313,4.40009069442749,4.400015354156494,-7.534027099609375e-05,1162.4763963967562,313,0.5455678949753444,-204.0,0.1309362947940826
777,3.157458165502323e-09,0.1925366721976898,4.400162220001221,4.399866104125977,4.39999830417144,-0.4457324313955335,1157.7231831829995,312,4.400015354156494,4.399939060211182,-7.62939453125e-05,1157.7231831829995,312,0.5422113463282585,-205.0,0.130130723118782
778,3.5864645027208078e-09,-0.0062402624357197,4.400163173675537,4.399867057800293,4.400000400181058,-0.5549820823455884,1171.9292792789638,316,4.400060653686523,4.400091648101807,3.0994415283203125e-05,1171.9292792789638,316,0.5427151297529539,-206.0,0.1302516311407089
779,3.023095058370103e-09,-0.1712674968702343,4.400161266326904,4.399866104125977,4.400010900166508,-0.2507611414591455,1176.155795795843,317,4.400079250335693,4.400015354156494,-6.389617919921875e-05,1176.155795795843,317,0.5404572933912277,-207.0,0.1297097504138946
780,2.753305770386823e-09,0.3044044425878193,4.400165557861328,4.399862766265869,4.399992754187765,0.69944005483049,1171.500450450927,316,4.400069713592529,4.399939060211182,-0.0001306533813476,1171.500450450927,316,0.5388303349415462,-208.0,0.129319280385971
781,2.202955644492553e-09,0.1611148334309856,4.400091648101807,4.399862766265869,4.399980605403079,-0.0349026602651973,1167.6283783782274,316,4.400015354156494,4.400091648101807,7.62939453125e-05,1167.6283783782274,316,0.5362596362829208,-209.0,0.128702312707901
782,3.588292326679791e-09,0.1641632307716816,4.400163173675537,4.399864673614502,4.399999576676228,-0.3479916980659441,1177.144324325025,319,4.400015354156494,4.400015354156494,0.0,1177.144324325025,319,0.5344370380043983,-210.0,0.1282648891210556
783,3.106344113827981e-09,0.1340482600572572,4.400161266326904,4.3998637199401855,4.400008149117044,-0.0238791025964428,1171.4086086079478,318,4.400040626525879,4.400015354156494,-2.5272369384765625e-05,1171.4086086079478,318,0.5330722158153852,-211.0,0.1279373317956924
784,3.6174222741104227e-09,-0.653919302776549,4.400091648101807,4.399791717529297,4.3999797557962355,0.2332044501955494,1175.0784384384751,319,4.399977207183838,4.400091648101807,0.0001144409179687,1175.0784384384751,319,0.5315371478597324,-212.0,0.1275689154863357
785,2.131351509910999e-09,0.1618386523698321,4.400091648101807,4.399863243103027,4.399988579750061,0.1379891883579489,1177.4133533537388,320,4.400015354156494,4.400015354156494,0.0,1177.4133533537388,320,0.5298626298705738,-213.0,0.1271670311689376
786,2.948107068921816e-09,-0.4115323671073043,4.400166034698486,4.39979362487793,4.3999898949386935,1.2473851120430326,1168.1772972978652,319,4.399949550628662,4.399939060211182,-1.049041748046875e-05,1168.1772972978652,319,0.5275227129459381,-214.0,0.1266054511070251
787,3.415575305554869e-09,0.286067188993979,4.400163173675537,4.399864196777344,4.399990873516731,-0.310167983424507,1159.6012312322855,318,4.40002965927124,4.400091648101807,6.198883056640625e-05,1159.6012312322855,318,0.5240519220630329,-215.0,0.1257724612951278
788,3.211567820820326e-09,0.0004163464267649,4.400091648101807,4.399864196777344,4.3999781519453105,-0.7982261867824558,1167.9519519526511,321,4.399938106536865,4.400091648101807,0.0001535415649414,1167.9519519526511,321,0.5221877867976825,-216.0,0.1253250688314438
789,3.134470612542312e-09,-0.5358469788128506,4.400091648101807,4.3997883796691895,4.399992787319681,0.7468157268459574,1170.0466066058725,322,4.399941444396973,4.400015354156494,7.390975952148438e-05,1170.0466066058725,322,0.5207940004765987,-217.0,0.1249905601143837
790,3.017795637466073e-09,-0.5752180043496031,4.400091648101807,4.3997907638549805,4.399995580223036,0.6161734138284807,1168.848078077659,322,4.3999552726745605,4.399939060211182,-1.621246337890625e-05,1168.848078077659,322,0.5172275627652805,-218.0,0.1241346150636673
791,2.352267020661733e-09,-0.1469431873931155,4.400091648101807,4.3998637199401855,4.39998213302942,-0.1145690722467578,1174.290910910815,324,4.400015354156494,4.399939060211182,-7.62939453125e-05,1174.290910910815,324,0.5156029326220354,-219.0,0.1237447038292884
792,4.997950302762976e-09,-0.3973196614091484,4.400165557861328,4.399723052978516,4.399990728818453,1.5057208820162593,1176.1232432443649,325,4.400069713592529,4.400015354156494,-5.435943603515625e-05,1176.1232432443649,325,0.5132800589005153,-220.0,0.1231872141361236
793,4.601857297685551e-09,-0.2909009236654741,4.400162220001221,4.399796009063721,4.39999750329227,-0.3739340429089322,1186.302972972393,328,4.39996337890625,4.400015354156494,5.1975250244140625e-05,1186.302972972393,328,0.5102614872157574,-221.0,0.1224627569317817
794,3.405501405064499e-09,0.1512147534357952,4.400163173675537,4.399863243103027,4.3999874890762,0.0463341142322097,1179.327027026564,327,4.399974346160889,4.399939060211182,-3.528594970703125e-05,1179.327027026564,327,0.5066185879210632,-222.0,0.1215884611010551
795,4.0821190224941375e-09,-0.2071432496878892,4.400158882141113,4.399795055389404,4.3999875252505385,0.0746573579327609,1195.5063963960856,332,4.400071620941162,4.400015354156494,-5.626678466796875e-05,1195.5063963960856,332,0.5052725474039714,-223.0,0.1212654113769531
796,3.301032299848277e-09,0.0520505411425911,4.400167942047119,4.39979362487793,4.399984017285433,0.8313424252553765,1186.155325325206,330,4.399970531463623,4.400091648101807,0.0001211166381835,1186.155325325206,330,0.5005061936875185,-224.0,0.1201214864850044
797,3.607162808911954e-09,0.5961588428816799,4.400157928466797,4.399862766265869,4.399973498769553,0.4984389511613245,1186.8950950950384,332,4.399971961975098,4.399939060211182,-3.2901763916015625e-05,1186.8950950950384,332,0.4985443626840909,-225.0,0.1196506470441818
798,4.306017255334203e-09,-0.213015052455777,4.400091648101807,4.3997907638549805,4.399982097270611,-0.5020020590737206,1187.639439439401,333,4.400003433227539,4.400091648101807,8.821487426757812e-05,1187.639439439401,333,0.4963041593631109,-226.0,0.1191129982471466
799,3.119973289570759e-09,-0.2358395964985897,4.400091648101807,4.399862766265869,4.399993769422976,-0.3008170858959582,1189.910000000149,334,4.399961948394775,4.400015354156494,5.340576171875e-05,1189.910000000149,334,0.4923776413003604,-227.0,0.1181706339120864
800,3.41156309879798e-09,-0.2066923303059339,4.4001569747924805,4.399864673614502,4.39999936024348,-0.3441657748607798,1194.4611111115664,336,4.400015354156494,4.400015354156494,0.0,1194.4611111115664,336,0.4889012624820074,-228.0,0.1173363029956817
801,3.750488157929799e-09,0.5446944453138421,4.400164604187012,4.399865627288818,4.400000168944679,-0.165246816369482,1194.9727327320725,337,4.399939060211182,4.399939060211182,0.0,1194.9727327320725,337,0.4863321160276731,-229.0,0.1167197078466415
802,3.013544855747805e-09,0.1873853871938367,4.4001641273498535,4.399863243103027,4.399995964197886,-0.2067841266918675,1183.5258258264512,336,4.40004825592041,4.400015354156494,-3.2901763916015625e-05,1183.5258258264512,336,0.4822999549408754,-230.0,0.11575198918581
803,2.887840518521236e-09,0.0211017305160471,4.400091648101807,4.399862766265869,4.399990617876222,-0.6614173362662306,1188.3989589586854,338,4.399939060211182,4.399862766265869,-7.62939453125e-05,1188.3989589586854,338,0.4786855230728785,-231.0,0.1148845255374908
804,2.8874731141783e-09,0.1131220702453569,4.400091648101807,4.399862766265869,4.399989196631916,-0.328492707769076,1196.0070070065558,341,4.400015354156494,4.400015354156494,0.0,1196.0070070065558,341,0.4760475208361944,-232.0,0.1142514050006866
805,2.074692300661685e-09,0.0267347656223716,4.400091648101807,4.399863243103027,4.399976675489308,-0.1575366747227748,1182.0425025019797,339,4.399939060211182,4.399939060211182,0.0,1182.0425025019797,339,0.4726437541345755,-233.0,0.1134345009922981
806,2.676819771391052e-09,0.3029686097486141,4.400164604187012,4.399939060211182,4.400007803543755,-0.7260061591092359,1204.537177177146,345,4.3999924659729,4.399939060211182,-5.340576171875e-05,1204.537177177146,345,0.4700729002555212,-234.0,0.112817496061325
807,3.631421412496335e-09,0.1033786433959336,4.400091648101807,4.39986515045166,4.39998829780623,-0.8615580148283559,1196.922362362966,344,4.4000139236450195,4.399939060211182,-7.486343383789062e-05,1196.922362362966,344,0.4676835611462593,-235.0,0.1122440546751022
808,3.123108350756407e-09,-0.3248549875281938,4.400091648101807,4.399796009063721,4.399983723500276,0.3401046330924613,1207.9036636631936,347,4.400042533874512,4.400091648101807,4.9114227294921875e-05,1207.9036636631936,347,0.4644467495381832,-236.0,0.1114672198891639
809,3.771588905668884e-09,0.152664823125185,4.400166988372803,4.399862766265869,4.399980738801983,-0.0592419900319649,1200.8104904908687,347,4.399939060211182,4.399862766265869,-7.62939453125e-05,1200.8104904908687,347,0.4599760907391707,-237.0,0.1103942617774009
810,3.970832677421397e-09,0.073016459953364,4.400163173675537,4.399862766265869,4.399998907361712,-0.315715789671779,1209.8387187197804,350,4.400029182434082,4.400091648101807,6.246566772460938e-05,1209.8387187197804,350,0.4580055984357993,-238.0,0.1099213436245918
811,3.122463212173159e-09,-0.0940013947809663,4.400160312652588,4.399862766265869,4.399995313371931,-0.1959161207406956,1205.8142142146826,350,4.399996757507324,4.399939060211182,-5.7697296142578125e-05,1205.8142142146826,350,0.455185150106748,-239.0,0.1092444360256195
812,1.9506850466338188e-09,0.0667158627411019,4.400091648101807,4.399871349334717,4.400007943593747,-0.2187262657201492,1214.012412412092,353,4.399979591369629,4.400015354156494,3.5762786865234375e-05,1214.012412412092,353,0.4503248259425163,-240.0,0.1080779582262039
813,2.4404035574771915e-09,0.8690982645106566,4.4001593589782715,4.399939060211182,4.4000043502220745,0.9764662312307592,1197.3188188187778,351,4.400049209594727,4.400015354156494,-3.3855438232421875e-05,1197.3188188187778,351,0.445169024169445,-241.0,0.1068405658006668
814,3.200867624634406e-09,0.2090597822402231,4.400091648101807,4.399863243103027,4.399984824421048,-0.7038220349513722,1196.34546546638,353,4.400015354156494,4.400015354156494,0.0,1196.34546546638,353,0.4422277522583803,-242.0,0.1061346605420112
815,4.572188678354674e-09,-0.1226977540481663,4.40016508102417,4.399722099304199,4.3999891227550725,1.6430437922319352,1207.4441941939294,356,4.399919033050537,4.400015354156494,9.632110595703124e-05,1207.4441941939294,356,0.4386111783484618,-243.0,0.1052666828036308
816,3.252818682011221e-09,0.3635687106963299,4.400163650512695,4.3998637199401855,4.399986985024442,0.2644413746800582,1199.1040040031075,356,4.399974822998047,4.400015354156494,4.0531158447265625e-05,1199.1040040031075,356,0.4354762223859628,-244.0,0.104514293372631
817,3.173751545199067e-09,0.3347241888963391,4.400163650512695,4.399869441986084,4.400007619538121,0.1085727753660359,1201.19600600563,358,4.400015354156494,4.399939060211182,-7.62939453125e-05,1201.19600600563,358,0.4344471419850985,-245.0,0.1042673140764236
818,2.995268704000028e-09,0.2705192332317412,4.40009069442749,4.399862766265869,4.399972152709961,-0.544952398299082,1187.6646846849471,355,4.399939060211182,4.400015354156494,7.62939453125e-05,1187.6646846849471,355,0.4331734962761402,-246.0,0.1039616391062736
819,2.633270756947832e-09,0.6608348566065105,4.400165557861328,4.399863243103027,4.399996054239113,1.1631693390097388,1200.0060060061514,358,4.399939060211182,4.400015354156494,7.62939453125e-05,1200.0060060061514,358,0.4319592999915282,-247.0,0.1036702319979667
820,2.6225083572346575e-09,-0.1029169236994357,4.400091648101807,4.3998637199401855,4.399989276578575,-0.0890756552407752,1294.77445445396,273,4.399954795837402,4.400091648101807,0.0001368522644042,1294.77445445396,273,0.4735051033397516,-248.0,0.1136412248015403
821,2.8497794973515686e-09,0.0343493094031413,4.400167465209961,4.399863243103027,4.400004889550711,0.3119221679687882,1261.1491491496563,351,4.399939060211182,4.400015354156494,7.62939453125e-05,1261.1491491496563,351,0.450916929791371,-249.0,0.108220063149929
822,3.889125492698154e-09,0.0946460022578555,4.400164604187012,4.399862766265869,4.400000128965714,-0.4255065224482033,1297.8796396404505,369,4.400065898895264,4.399862766265869,-0.0002031326293945,1297.8796396404505,369,0.4453090640405814,-250.0,0.1068741753697395
823,3.12044145461698e-09,0.115679315125057,4.400091648101807,4.399864673614502,4.399980609307713,-0.5714244878793155,1298.0666666664183,371,4.399986267089844,4.400015354156494,2.9087066650390625e-05,1298.0666666664183,371,0.4436219421525796,-251.0,0.1064692661166191
824,2.3589846094893927e-09,-0.4461015319375052,4.400091648101807,4.3998637199401855,4.400006986182669,0.0492546983675739,1276.3407707698643,368,4.399978160858154,4.400091648101807,0.0001134872436523,1276.3407707698643,368,0.4454734735190868,-252.0,0.1069136336445808
825,3.043093092098941e-09,0.2710897714838946,4.400162220001221,4.399791240692139,4.399964281307754,0.9903774380789936,1295.7147147152573,372,4.400008201599121,4.400015354156494,7.152557373046875e-06,1295.7147147152573,372,0.4390492103993892,-253.0,0.1053718104958534
826,5.561178960924799e-09,0.2467768521537723,4.400166034698486,4.399862766265869,4.399995214724667,-0.5599087670539347,1322.953003002331,378,4.400044918060303,4.399862766265869,-0.0001821517944335,1322.953003002331,378,0.1312169556816419,-254.0,0.031492069363594
