cycle_number,relax_var,relax_ske,relax_max,relax_min,relax_mean,relax_kur,relax_duration_s,relax_points,relax_start_voltage,relax_end_voltage,relax_voltage_delta,window_s,window_points,SOH,RUL,discharge_capacity_in_Ah
1,3.9168568099554325e-09,-0.1821326380497746,4.400087356567383,4.399862766265869,4.399976163297086,-0.9073522720957355,510.7116116116522,111,4.399998664855957,4.399939060211182,-5.9604644775390625e-05,510.7116116116522,111,1.0206845899422965,586.0,0.2449643015861511
2,2.4340373185189807e-09,0.4156885365997035,4.400091171264648,4.399862766265869,4.399988561063199,-0.7132803622955737,510.27667667670175,111,4.400032043457031,4.399862766265869,-0.0001692771911621,510.27667667670175,111,1.0202258825302124,585.0,0.2448542118072509
3,2.754053979028297e-09,0.1474882964865826,4.400091648101807,4.399939060211182,4.400004541551745,-1.2686816189337804,510.3064064064529,111,4.400015354156494,4.400015354156494,0.0,510.3064064064529,111,1.0198093329866729,584.0,0.2447542399168014
4,1.687349915083225e-09,-0.1380751986677373,4.400082588195801,4.3998703956604,4.399979728836197,-0.6777345966127615,509.8450450450182,111,4.400015354156494,4.400015354156494,0.0,509.8450450450182,111,1.0196885094046593,583.0,0.2447252422571182
5,2.0752679366580447e-09,-0.4540648882674542,4.400089263916016,4.3998703956604,4.399980835687547,0.1224793984418219,510.2600200200686,105,4.400015354156494,4.399939060211182,-7.62939453125e-05,510.2600200200686,105,1.021241086224715,582.0,0.2450978606939315
6,1.2692755021615975e-09,0.254392636768758,4.400091648101807,4.3999409675598145,4.400017699328336,0.2788097732327244,505.42067067069,110,4.400083541870117,4.400015354156494,-6.818771362304688e-05,505.42067067069,110,1.0213591779271762,581.0,0.2451262027025222
7,2.163732280898885e-09,-0.363287571493857,4.400086879730225,4.399864196777344,4.399979158278999,-0.0769124807050403,500.27459459460806,109,4.400015354156494,4.400015354156494,0.0,500.27459459460806,109,1.0202759876847267,580.0,0.2448662370443344
8,1.8053911492653094e-09,-0.4639732846458718,4.400091648101807,4.399868011474609,4.3999865315177225,0.436271279581033,504.9100400400348,110,4.400015354156494,4.400091648101807,7.62939453125e-05,504.9100400400348,110,1.0198132445414865,579.0,0.2447551786899566
9,1.3298981590527775e-09,-0.0781241206815423,4.400091648101807,4.399939060211182,4.40000812285537,0.0049079775863143,499.4897297297139,109,4.400015354156494,4.400091648101807,7.62939453125e-05,499.4897297297139,109,1.0193508118391037,578.0,0.2446441948413849
10,1.5730424657416647e-09,-0.2680347510882493,4.400086402893066,4.399868011474609,4.399986111034046,0.4668535106232814,504.36885885882657,110,4.399942874908447,4.400015354156494,7.2479248046875e-05,504.36885885882657,110,1.0189738124608994,577.0,0.2445537149906158
11,1.5559890987384551e-09,0.0187233963061977,4.400091648101807,4.39993953704834,4.400022584741766,-0.4677868995155196,504.1397297297371,110,4.400027275085449,4.400091648101807,6.437301635742188e-05,504.1397297297371,110,1.018611341714859,576.0,0.2444667220115661
12,1.7038406422201035e-09,0.1693457533939856,4.400091171264648,4.399939060211182,4.399999354102395,-0.6702716294447306,504.00007007003296,110,4.400021553039551,4.399939060211182,-8.249282836914062e-05,504.00007007003296,110,1.0182874898115797,575.0,0.244388997554779
13,1.733126057664105e-09,-0.7780161789590186,4.400089740753174,4.399868488311768,4.400004404400467,1.3570293001455993,499.1643243243452,109,4.400015354156494,4.399939060211182,-7.62939453125e-05,499.1643243243452,109,1.0180305689573288,574.0,0.2443273365497589
14,3.7585994230614e-09,-0.1683527525655416,4.400167942047119,4.399862766265869,4.399999436465177,-0.3311871411385962,503.82876876881346,110,4.399939060211182,4.400167942047119,0.0002288818359375,503.82876876881346,110,1.0177826508879662,573.0,0.2442678362131118
15,1.4485454590641214e-09,-0.4164540836856504,4.400015354156494,4.399867057800293,4.399963129551039,-0.3641957596425604,498.8745945945848,109,4.400015354156494,4.399939060211182,-7.62939453125e-05,498.8745945945848,109,1.0175100838144622,572.0,0.2442024201154709
16,3.5360004051663806e-09,-0.2166180718547389,4.400091648101807,4.399867534637451,4.399999783255837,-0.7693278504451926,503.7131131130736,110,4.399958610534668,4.400015354156494,5.6743621826171875e-05,503.7131131130736,110,1.0172932719190917,571.0,0.2441503852605819
17,1.3607315595346981e-09,-0.1819129913278637,4.400088787078857,4.399939060211182,4.399990056012128,-0.9211096123375744,508.52812812803313,111,4.400015354156494,4.399939060211182,-7.62939453125e-05,508.52812812803313,111,1.0171182453632357,570.0,0.2441083788871765
18,4.1038175937824494e-09,0.2724982606288919,4.400165557861328,4.399865627288818,4.399986700578169,-0.1527956886882533,503.5909109108616,110,4.400015354156494,4.399939060211182,-7.62939453125e-05,503.5909109108616,110,1.0168785229325294,569.0,0.244050845503807
19,1.8284333757926542e-09,-0.7098254580334687,4.400091171264648,4.399863243103027,4.3999901901591905,0.5508668290336884,503.48834834829904,110,4.399939060211182,4.400015354156494,7.62939453125e-05,503.48834834829904,110,1.0166704033811889,568.0,0.2440008968114853
20,3.445750952772607e-09,0.105633078748855,4.400150775909424,4.399862766265869,4.399981710146058,0.7412804602318603,505.6648648648989,106,4.400084018707275,4.400015354156494,-6.866455078125e-05,505.6648648648989,106,1.0202489793300629,567.0,0.2448597550392151
21,2.2004661090199942e-09,0.8179852584726126,4.400090217590332,4.399868488311768,4.399963138300344,0.4381248427977304,499.80540540535,109,4.40006160736084,4.400015354156494,-4.6253204345703125e-05,499.80540540535,109,1.0200738285978637,566.0,0.2448177188634872
22,4.565155462625141e-09,-0.3951538041780432,4.400091648101807,4.399799823760986,4.399984630969686,-0.0566163293811134,499.4270270271227,109,4.399939060211182,4.400091648101807,0.000152587890625,499.4270270271227,109,1.0195701693495116,565.0,0.2446968406438827
23,1.7097423787090035e-09,-0.3037723482642685,4.40008544921875,4.399866104125977,4.399979324515806,0.0750858412216692,499.4983783783391,109,4.399946212768555,4.399939060211182,-7.152557373046875e-06,499.4983783783391,109,1.0192860538760822,564.0,0.2446286529302597
24,4.723957973540532e-09,-0.0508345514655997,4.400166034698486,4.399864196777344,4.400018350793681,-0.3031720053123865,499.32324324315414,109,4.399957180023193,4.400015354156494,5.817413330078125e-05,499.32324324315414,109,1.0188469663262367,563.0,0.2445232719182968
25,1.4951468256927443e-09,0.2768959540794722,4.400091171264648,4.399939060211182,4.399999531037217,-0.4424284394459792,499.2021621621679,109,4.39994478225708,4.400015354156494,7.05718994140625e-05,499.2021621621679,109,1.0184866065780322,562.0,0.2444367855787277
26,2.26387620787779e-09,1.010691834715852,4.400164604187012,4.399939060211182,4.400002077085163,1.2381012094827244,498.9772972972132,109,4.399946212768555,4.399939060211182,-7.152557373046875e-06,498.9772972972132,109,1.0181490952769916,561.0,0.2443557828664779
27,2.719191181731799e-09,1.1533021514730302,4.400161266326904,4.399939060211182,4.400008192849816,1.3487894919208192,498.7945945945103,109,4.400158882141113,4.400015354156494,-0.0001435279846191,498.7945945945103,109,1.0177678739031155,560.0,0.2442642897367477
28,2.1144116626332446e-09,-0.5408558484890462,4.400090217590332,4.399867057800293,4.399997146851426,0.4677260090501174,498.76864864863455,109,4.400015354156494,4.400015354156494,0.0,498.76864864863455,109,1.0181304067373276,559.0,0.2443512976169586
29,3.672609415537597e-09,0.1949261472651131,4.400155067443848,4.399863243103027,4.399995547753793,-0.0045119930463481,493.49706706707366,108,4.400015354156494,4.400015354156494,0.0,493.49706706707366,108,1.0173200940092406,558.0,0.2441568225622177
30,3.555570104056528e-09,-0.0426216436768102,4.400091648101807,4.399864196777344,4.3999953051225855,-0.8640236689298102,498.34270270261914,109,4.400015354156494,4.400091648101807,7.62939453125e-05,498.34270270261914,109,1.0168720657626789,557.0,0.2440492957830429
31,1.532361446628574e-09,1.3833043711739552,4.4001617431640625,4.399941444396973,4.400006333264438,4.02296167077991,503.3541441441048,110,4.400015354156494,4.400015354156494,0.0,503.3541441441048,110,1.016682138045629,556.0,0.2440037131309509
32,2.8419575834722275e-09,-0.096513062605888,4.400091648101807,4.399876594543457,4.40000637661327,-0.733120393555692,502.76713713724166,110,4.399940490722656,4.400091648101807,0.0001511573791503,502.76713713724166,110,1.0164283215999603,555.0,0.2439427971839904
33,3.660228506459415e-09,0.3980301773719364,4.400160789489746,4.399939060211182,4.400011123310436,-1.0462591806617505,503.001721721841,110,4.399970054626465,4.399939060211182,-3.0994415283203125e-05,503.001721721841,110,1.0161676754554114,554.0,0.2438802421092987
34,2.0430587838511454e-09,-0.5776166538110308,4.400015354156494,4.399865627288818,4.399965945157137,-0.7613546157211326,502.8336936936248,110,4.400015354156494,4.400015354156494,0.0,502.8336936936248,110,1.015938880542914,553.0,0.2438253313302993
35,1.103865799360923e-09,0.1884208455312495,4.400084972381592,4.399939060211182,4.39999285177751,-0.1409865645504018,502.7573173174169,110,4.4000139236450195,4.400015354156494,1.430511474609375e-06,502.7573173174169,110,1.0157367835442226,552.0,0.2437768280506134
36,8.523345976604582e-10,-0.3181603845189253,4.400015354156494,4.399939060211182,4.399984062264819,-1.461895617946872,497.8302702703513,109,4.400015354156494,4.400015354156494,0.0,497.8302702703513,109,1.015517922739188,551.0,0.2437243014574051
37,3.143685048799868e-09,-0.222369295852121,4.400091648101807,4.399875640869141,4.400013455477628,-0.8346490132510751,502.79332332336344,110,4.400028705596924,4.400091648101807,6.29425048828125e-05,502.79332332336344,110,1.015449191133181,550.0,0.2437078058719635
38,3.037789524440985e-09,0.0643603692001743,4.400087833404541,4.399864673614502,4.399969630285141,-0.6930321025331403,497.5686486486811,109,4.399881839752197,4.400015354156494,0.0001335144042968,497.5686486486811,109,1.0157200197378795,549.0,0.243772804737091
39,2.1168513646820892e-09,0.3525824346138849,4.400091648101807,4.399939060211182,4.400002267143943,-0.7360114520643304,502.8696996998042,110,4.400012016296387,4.400015354156494,3.337860107421875e-06,502.8696996998042,110,1.01515781134367,548.0,0.2436378747224807
40,3.217233941632528e-09,-0.4340763782995411,4.400086879730225,4.399786472320557,4.39996087223018,0.1017347180722909,497.6702702702023,109,4.400016784667969,4.399786472320557,-0.0002303123474121,497.6702702702023,109,1.014849481483301,547.0,0.2435638755559921
41,1.7754307705039543e-09,-0.5407312188581587,4.400015354156494,4.399866580963135,4.399970371072943,-0.6591159972338949,502.4659959960263,110,4.39995002746582,4.399939060211182,-1.0967254638671877e-05,502.4659959960263,110,1.01477870096763,546.0,0.2435468882322311
42,1.7018798050190334e-09,0.6104007382840065,4.400137901306152,4.399869441986084,4.399974558570168,1.8654092984662392,502.30124124116264,110,4.400137901306152,4.400015354156494,-0.0001225471496582,502.30124124116264,110,1.0145330180724463,545.0,0.243487924337387
43,3.157308884989353e-09,0.4422833758086545,4.400091648101807,4.399862766265869,4.399984151666815,-0.6215761052236095,502.1692192191258,110,4.400001525878906,4.400015354156494,1.3828277587890623e-05,502.1692192191258,110,1.0141853243112564,544.0,0.2434044778347015
44,1.1859268551893156e-09,-1.9398357573367273,4.400015354156494,4.399862766265869,4.399997234344482,3.0627377751222427,502.13103103102185,110,4.400015354156494,4.400015354156494,0.0,502.13103103102185,110,1.0141601165135703,543.0,0.2433984279632568
45,3.652788248134303e-09,0.6073136246588745,4.4001641273498535,4.399875164031982,4.400008851831609,0.3565584007836304,502.1997697697952,110,4.400012016296387,4.399939060211182,-7.295608520507812e-05,502.1997697697952,110,1.0138435289263723,542.0,0.2433224469423294
46,2.613165335235706e-09,0.5390356233715384,4.400091648101807,4.399939060211182,4.399999167702415,-0.8422317062649691,502.21722722728737,110,4.400091648101807,4.400015354156494,-7.62939453125e-05,502.21722722728737,110,1.013641245663166,541.0,0.2432738989591598
47,2.250802184314942e-09,0.2023787197257557,4.400088787078857,4.399863243103027,4.399964276227084,-0.0671742300970024,501.70550550543703,110,4.399939060211182,4.400015354156494,7.62939453125e-05,501.70550550543703,110,1.0138890395561857,540.0,0.2433333694934845
48,2.456965784233443e-09,0.3330245724542354,4.400091648101807,4.399871349334717,4.399984097695565,-0.7279536116398004,506.8555555555504,111,4.400007247924805,4.400015354156494,8.106231689453125e-06,506.8555555555504,111,1.0133476306994758,539.0,0.2432034313678741
49,4.333807765871854e-09,0.3833835020307828,4.400162696838379,4.399863243103027,4.399988582542351,0.0935772129370762,506.8060060059652,111,4.400007724761963,4.400015354156494,7.62939453125e-06,506.8060060059652,111,1.0131663953264556,538.0,0.2431599348783493
50,3.247771521388833e-09,-0.1016387395387652,4.400091648101807,4.3998637199401855,4.400002887032249,-0.6568207537311785,501.9586386387237,110,4.399962425231934,4.400015354156494,5.2928924560546875e-05,501.9586386387237,110,1.0130038484930992,537.0,0.2431209236383438
51,2.338504099327519e-09,-0.2367223588340984,4.400084018707275,4.3998637199401855,4.399969792580819,-0.533038433065236,506.5934934935067,111,4.400015354156494,4.399939060211182,-7.62939453125e-05,506.5934934935067,111,1.0128433505694072,536.0,0.2430824041366577
52,1.3370390363342883e-09,0.1894581347883297,4.400088787078857,4.399939060211182,4.39999279675183,-0.3861777081824544,506.6298298297915,111,4.399939060211182,4.399939060211182,0.0,506.6298298297915,111,1.0127954185009005,535.0,0.243070900440216
53,2.56677118013136e-09,0.242443939306143,4.400091171264648,4.399862766265869,4.399990309466113,-0.7709355920575076,506.6595595595427,111,4.3999505043029785,4.399862766265869,-8.7738037109375e-05,506.6595595595427,111,1.0126121963063877,534.0,0.243026927113533
54,5.256123657453521e-09,-0.0028229294543796,4.4001593589782715,4.399862766265869,4.399975477565419,-0.6096120420446152,501.7786086085253,110,4.399939060211182,4.399939060211182,0.0,501.7786086085253,110,1.0124145075678823,533.0,0.2429794818162918
55,1.6033934610275119e-09,-0.0130340865137724,4.400089263916016,4.39993953704834,4.400015483031401,-0.7711885272267649,506.3853853854816,111,4.40001916885376,4.400015354156494,-3.814697265625e-06,506.3853853854816,111,1.012382966776689,532.0,0.2429719120264053
56,1.9512059481472783e-09,0.7417106331842745,4.400091648101807,4.399939060211182,4.399993015839173,-0.1245817526880377,506.2213213213254,111,4.400091648101807,4.399939060211182,-0.000152587890625,506.2213213213254,111,1.0145055130124092,531.0,0.2434813231229782
57,3.45496062788684e-09,-0.7282942389905477,4.400091648101807,4.399786472320557,4.400007398040207,0.977988519474462,491.8272672672756,108,4.40008544921875,4.399786472320557,-0.0002989768981933,491.8272672672756,108,1.0130224749445915,530.0,0.2431253939867019
58,1.3760827276828064e-09,-0.0458012364808563,4.400090217590332,4.3999409675598145,4.400017553621584,-0.3871224333684049,506.6848848848604,111,4.400087833404541,4.400015354156494,-7.2479248046875e-05,506.6848848848604,111,1.0120517884691558,529.0,0.2428924292325973
59,1.904963356700465e-09,0.6992052497129342,4.400086879730225,4.39986515045166,4.399961458670126,0.5264066594184116,506.18828828819096,111,4.399941444396973,4.399939060211182,-2.384185791015625e-06,506.18828828819096,111,1.0118350386619568,528.0,0.2428404092788696
60,2.042109831857947e-09,0.7456255671661889,4.400087833404541,4.399867534637451,4.399966055208498,0.3016619315906275,506.18938938947394,111,4.400082111358643,4.399939060211182,-0.0001430511474609,506.18938938947394,111,1.0117080062627792,527.0,0.242809921503067
61,3.1511505762197882e-09,0.5798597505242871,4.400162220001221,4.399939060211182,4.4000092368942125,-0.4086910972144775,506.4690690690186,111,4.3999457359313965,4.399939060211182,-6.67572021484375e-06,506.4690690690186,111,1.0115643963217735,526.0,0.2427754551172256
62,1.6834637432911767e-09,0.2889770416819903,4.40009069442749,4.399939060211182,4.399992994360022,-0.6493309996538335,506.13653653650545,111,4.400015354156494,4.400015354156494,0.0,506.13653653650545,111,1.011364348232746,525.0,0.242727443575859
63,2.5878259824774043e-09,0.0963388368399779,4.400091648101807,4.399868011474609,4.399995099316846,-0.3920961124232081,505.9108108107466,111,4.399941444396973,4.400015354156494,7.390975952148438e-05,505.9108108107466,111,1.0112581153710685,524.0,0.2427019476890564
64,3.422364652333026e-09,-0.0140113477646817,4.400091171264648,4.399867534637451,4.399979514044684,-0.9521113394234356,506.24334334325977,111,4.399939060211182,4.399939060211182,0.0,506.24334334325977,111,1.0110766316453617,523.0,0.2426583915948867
65,2.483411409720904e-09,-0.7895181108949976,4.400086402893066,4.399869441986084,4.399990820669913,0.166317412916964,506.00220220233314,111,4.400015354156494,4.400015354156494,0.0,506.00220220233314,111,1.0114058231314025,522.0,0.2427373975515365
66,2.2704451433863463e-09,-0.3384012470970177,4.400086879730225,4.3998703956604,4.399992685060243,-0.0215341726687303,506.0935935936868,111,4.3998703956604,4.400015354156494,0.0001449584960937,506.0935935936868,111,1.0110267127553625,521.0,0.2426464110612869
67,3.018653362000324e-09,0.91268486623386,4.4001641273498535,4.399939060211182,4.399997968931456,0.2581132063672804,505.99009009008296,111,4.400070667266846,4.399939060211182,-0.000131607055664,505.99009009008296,111,1.0107350846131644,520.0,0.2425764203071594
68,2.4314046255837247e-09,-0.1518963534171887,4.400087833404541,4.399870872497559,4.399991722794266,-0.4671803064593911,506.066066066036,111,4.400069713592529,4.399939060211182,-0.0001306533813476,506.066066066036,111,1.0106226429343224,519.0,0.2425494343042373
69,1.1970479135180543e-09,0.0890632425921921,4.400088310241699,4.399939060211182,4.399996766098985,-0.1599680821211526,505.98128128121607,111,4.400003910064697,4.399939060211182,-6.4849853515625e-05,505.98128128121607,111,1.0105183348059654,518.0,0.2425244003534317
70,2.555269972449124e-09,0.2732951861623195,4.400091171264648,4.399868965148926,4.399984278849193,-0.7719866784874858,510.7122222222388,112,4.400022029876709,4.400015354156494,-6.67572021484375e-06,510.7122222222388,112,1.0104142129421234,517.0,0.2424994111061096
71,3.059992801215835e-09,-0.4501797065003606,4.400084972381592,4.399868488311768,4.399980132644241,-0.6650768729542595,505.8348348347936,111,4.399926662445068,4.400015354156494,8.869171142578125e-05,505.8348348347936,111,1.0103538011511168,516.0,0.242484912276268
72,3.120060159055742e-09,0.4062165977497751,4.400148391723633,4.399939060211182,4.400003115336101,-0.9245511724357672,506.09249249240384,111,4.400091648101807,4.399939060211182,-0.000152587890625,506.09249249240384,111,1.0103244955341022,515.0,0.2424778789281845
73,3.461577430739121e-09,0.1808577007788991,4.400162220001221,4.399869918823242,4.399987315272425,-0.0442002929636635,505.6663663664367,111,4.400041580200195,4.399939060211182,-0.0001025199890136,505.6663663664367,111,1.0101474821567535,514.0,0.2424353957176208
74,1.7901611030565152e-09,0.4587791264602437,4.400089740753174,4.399939060211182,4.399988341975856,-0.6624754393293957,505.98128128121607,111,4.40004301071167,4.400015354156494,-2.765655517578125e-05,505.98128128121607,111,1.0104016090432804,513.0,0.2424963861703872
75,2.184435883066411e-09,0.0857594477108097,4.400091648101807,4.399939060211182,4.3999993994429305,-1.1010041426449864,505.59039039048366,111,4.399939060211182,4.400015354156494,7.62939453125e-05,505.59039039048366,111,1.0099890952308974,512.0,0.2423973828554153
76,2.659149137994425e-09,-0.2511156363409987,4.400091648101807,4.399866104125977,4.400003772598129,-0.3515057640957053,505.75885885884054,111,4.3999505043029785,4.399939060211182,-1.1444091796875e-05,505.75885885884054,111,1.0097704206903777,511.0,0.2423449009656906
77,2.963147816549716e-09,0.463919779564404,4.400166034698486,4.399865627288818,4.400001152141674,0.790698958647122,505.70930930925533,111,4.400049209594727,4.399939060211182,-0.0001101493835449,505.70930930925533,111,1.0095955803990364,510.0,0.2423029392957687
78,3.117870669209473e-09,0.8124781928652419,4.400154113769531,4.399871826171875,4.399984232016972,0.6634561727025665,510.5800000000745,112,4.3999505043029785,4.400015354156494,6.4849853515625e-05,510.5800000000745,112,1.0095203916231792,509.0,0.242284893989563
79,5.4475565419595715e-09,-0.8561878178091414,4.400091648101807,4.399800777435303,4.400007269403956,-0.1024707280237091,505.641041041119,111,4.4000725746154785,4.399939060211182,-0.0001335144042968,505.641041041119,111,1.0093246897061667,508.0,0.2422379255294799
80,1.4582209372118786e-09,0.3330558304809125,4.400086879730225,4.399939060211182,4.399988505217406,-0.516472872298134,505.5221221221145,111,4.39999532699585,4.400015354156494,2.002716064453125e-05,505.5221221221145,111,1.009241429467996,507.0,0.242217943072319
81,2.0621374386425638e-09,0.1825730537292616,4.400091648101807,4.399874210357666,4.399990537336895,0.4209140401923306,510.38111111102626,112,4.400015354156494,4.399939060211182,-7.62939453125e-05,510.38111111102626,112,1.009198029836019,506.0,0.2422075271606445
82,1.22082398530453e-09,0.1030495180657085,4.400087356567383,4.399939060211182,4.400008371898106,-0.0737109812597593,510.37111111101694,112,4.39998722076416,4.399939060211182,-4.8160552978515625e-05,510.37111111101694,112,1.009091486533483,505.0,0.2421819567680359
83,1.791087972344646e-09,-0.1256888614635711,4.400089740753174,4.3998637199401855,4.399981562580381,-0.0166854098657509,510.252222222276,112,4.399960994720459,4.400015354156494,5.435943603515625e-05,510.252222222276,112,1.0089249660571418,504.0,0.242141991853714
84,2.098229304854175e-09,0.2357470097466235,4.400084018707275,4.399866104125977,4.399969758214177,0.0797509746820268,505.14884884888306,111,4.400015354156494,4.399939060211182,-7.62939453125e-05,505.14884884888306,111,1.009193373223146,503.0,0.242206409573555
85,3.148371717485985e-09,-0.2873679689884487,4.400089263916016,4.399863243103027,4.39998659491539,-0.5512818544453064,510.08444444439374,112,4.40001916885376,4.400015354156494,-3.814697265625e-06,510.08444444439374,112,1.0087375839551291,502.0,0.2420970201492309
86,3.08206469573267e-09,0.0098758083796122,4.400157928466797,4.399939060211182,4.400023847012906,-0.8289923989940524,505.261161161121,111,4.400029182434082,4.400015354156494,-1.3828277587890623e-05,505.261161161121,111,1.0085664068659148,501.0,0.2420559376478195
87,2.932243107839342e-09,-0.4625160424424363,4.40009069442749,4.399868011474609,4.4000052724565775,-0.4940627181554884,509.966666666558,112,4.400015354156494,4.399939060211182,-7.62939453125e-05,509.966666666558,112,1.0084371392925582,500.0,0.2420249134302139
88,4.230527773656357e-09,-0.0165667613287782,4.400091648101807,4.399864673614502,4.39999350479671,-0.998577985459102,510.0700000000652,112,4.400015354156494,4.399939060211182,-7.62939453125e-05,510.0700000000652,112,1.0083245113492012,499.0,0.2419978827238083
89,2.9397075831572412e-09,0.2991821249396297,4.400097370147705,4.3998637199401855,4.399996143203598,-0.5719933356317624,505.16536536533386,111,4.400097370147705,4.400015354156494,-8.20159912109375e-05,505.16536536533386,111,1.0081873585780463,498.0,0.241964966058731
90,1.4973049636448355e-09,0.7050799699272231,4.400158405303955,4.399939060211182,4.400028052630725,1.7145021651978252,505.1312312311493,111,4.400015354156494,4.399939060211182,-7.62939453125e-05,505.1312312311493,111,1.0081037878990171,497.0,0.2419449090957641
91,3.130969876613935e-09,0.1649368873586893,4.400167465209961,4.399862766265869,4.400007226637432,0.5414858704399972,509.69999999995343,112,4.400015354156494,4.399862766265869,-0.000152587890625,509.69999999995343,112,1.0079621026913326,496.0,0.2419109046459198
92,3.509978547765264e-09,-0.12116804873425,4.400084495544434,4.399862766265869,4.399965439523969,-0.881142188653997,509.7700000000186,112,4.399989128112793,4.399939060211182,-5.0067901611328125e-05,509.7700000000186,112,1.007868287463983,495.0,0.2418883889913559
93,2.334321084777617e-09,0.3847207932572477,4.400091648101807,4.399939060211182,4.39999657869339,-0.8309908367152872,509.73666666657664,112,4.400015354156494,4.399939060211182,-7.62939453125e-05,509.73666666657664,112,1.008251744012038,494.0,0.2419804185628891
94,1.0881147023022938e-09,0.057937893495031,4.400091171264648,4.399939060211182,4.3999950502599985,-0.0497597955768824,509.9244444444776,112,4.399939060211182,4.399939060211182,0.0,509.9244444444776,112,1.0076935092608137,493.0,0.2418464422225952
95,1.214609232868133e-09,0.3814364135554264,4.400084018707275,4.399939060211182,4.399991295167378,-0.2283702443784929,509.7844444443472,112,4.4000654220581055,4.400015354156494,-5.0067901611328125e-05,509.7844444443472,112,1.0075248777866364,492.0,0.2418059706687927
96,1.714095939118161e-09,0.0791054600814714,4.400091648101807,4.3998703956604,4.399985292128155,0.0170984433796319,509.783333333442,112,4.4000420570373535,4.400091648101807,4.9591064453125e-05,509.783333333442,112,1.0073729480306308,491.0,0.2417695075273513
97,2.013733347096813e-09,0.5758493102163539,4.400091648101807,4.399939060211182,4.39999122279031,-0.2840301043890734,509.8588888889644,112,4.400015354156494,4.400091648101807,7.62939453125e-05,509.8588888889644,112,1.0072998081644378,490.0,0.241751953959465
98,3.096123324543642e-09,0.294013614972121,4.400091648101807,4.3998637199401855,4.39998374240739,-0.4904443004087531,509.88111111102626,112,4.400054931640625,4.400015354156494,-3.9577484130859375e-05,509.88111111102626,112,1.0072162995735805,489.0,0.2417319118976593
99,4.183523149525148e-09,0.630806222585239,4.400167942047119,4.399866580963135,4.399997442960739,0.3790328456293523,509.7299999999814,112,4.3999786376953125,4.400167942047119,0.0001893043518066,509.7299999999814,112,1.0072540491819382,488.0,0.2417409718036651
100,2.796563189230591e-09,-0.0888232703516436,4.400091648101807,4.399863243103027,4.399984925985336,-0.3358199346350998,509.6466666667257,112,4.40006685256958,4.400091648101807,2.47955322265625e-05,509.6466666667257,112,1.0070228328307471,487.0,0.2416854798793792
101,1.7729863336715403e-09,0.3884528366548519,4.400091171264648,4.399868011474609,4.399972645582351,0.3469844250890128,514.4791191192344,113,4.399939060211182,4.400015354156494,7.62939453125e-05,514.4791191192344,113,1.006899898250898,486.0,0.2416559755802154
102,1.7698690629751935e-09,0.2375403273715455,4.400091648101807,4.399939060211182,4.4000138853277475,-0.7157404522958761,509.5877777778078,112,4.399960994720459,4.400015354156494,5.435943603515625e-05,509.5877777778078,112,1.007356122136116,485.0,0.2417654693126678
103,5.581515726081708e-09,-0.6106166852151597,4.400167465209961,4.399726867675781,4.399980068206787,1.7890318971906334,509.65666666673496,112,4.399996757507324,4.400015354156494,1.8596649169921875e-05,509.65666666673496,112,1.0067356129487357,484.0,0.2416165471076965
104,2.3950270029763832e-09,0.3488330705644681,4.400164604187012,4.3999409675598145,4.400021536009652,-0.4255835373519701,509.4555555554107,112,4.3999924659729,4.400015354156494,2.288818359375e-05,509.4555555554107,112,1.006560338040193,483.0,0.2415744811296463
105,3.8011622712590364e-09,0.6490835362941273,4.400164604187012,4.399868011474609,4.399984730141504,0.042353673780862,509.45444444427267,112,4.399939060211182,4.400015354156494,7.62939453125e-05,509.45444444427267,112,1.0064500073591869,482.0,0.2415480017662048
106,3.860632777856384e-09,0.8199118468039999,4.40016508102417,4.399869441986084,4.3999903329781125,0.4984601097331813,509.5744444443844,112,4.399988651275635,4.400015354156494,2.6702880859375e-05,509.5744444443844,112,1.0063522184888525,481.0,0.2415245324373245
107,2.686706295735746e-09,1.1136509399283088,4.400158405303955,4.399939060211182,4.39999469263213,1.0324131886904802,509.5288888886571,112,4.399981498718262,4.400015354156494,3.3855438232421875e-05,509.5288888886571,112,1.0062855357925098,480.0,0.2415085285902023
108,2.2035674703673995e-09,-0.2853955395564896,4.400089263916016,4.399864196777344,4.400002049133841,-0.1594344802322722,514.243683683686,113,4.400015354156494,4.400015354156494,0.0,514.243683683686,113,1.0063082600633304,479.0,0.2415139824151992
109,1.655651101417118e-09,0.0677442798897279,4.400089740753174,4.39986515045166,4.3999782247202734,0.391608635242151,509.1277777776122,112,4.399980545043945,4.400015354156494,3.4809112548828125e-05,509.1277777776122,112,1.0060271869103117,478.0,0.2414465248584747
110,3.336936060804873e-09,0.1323873146290689,4.400091648101807,4.399862766265869,4.3999762535095215,-0.0477867687027129,509.4188888887875,112,4.400054931640625,4.400091648101807,3.6716461181640625e-05,509.4188888887875,112,1.0058959325154624,477.0,0.2414150238037109
111,3.248176561983562e-09,0.2927814088213292,4.400091648101807,4.399939060211182,4.399999575955527,-1.4736479406457077,509.05666666664183,112,4.399939060211182,4.400091648101807,0.000152587890625,509.05666666664183,112,1.006151797870795,476.0,0.2414764314889907
112,1.736800179724669e-09,0.0873999245280007,4.400091648101807,4.39994478225708,4.400025291780455,-0.7357865894509783,514.1640840838663,113,4.399956703186035,4.400091648101807,0.0001349449157714,514.1640840838663,113,1.0062395284573238,475.0,0.2414974868297577
113,4.130083020040665e-09,-0.8131657654224754,4.400089263916016,4.3997883796691895,4.399961535419736,0.6738064884696957,509.47888888884336,112,4.4000630378723145,4.400015354156494,-4.76837158203125e-05,509.47888888884336,112,1.00563932210207,474.0,0.2413534373044967
114,1.4577532135473443e-09,0.1671690120464612,4.400091648101807,4.399941444396973,4.400009324065352,-0.5508111156256632,513.9880680679344,113,4.400075435638428,4.400091648101807,1.621246337890625e-05,513.9880680679344,113,1.005551964044571,473.0,0.241332471370697
115,4.327177413971415e-09,0.0113549184721505,4.400091648101807,4.39986515045166,4.399990596602448,-1.0397576899266046,514.1674474473111,113,4.400036334991455,4.399939060211182,-9.72747802734375e-05,514.1674474473111,113,1.0054320096969604,472.0,0.2413036823272705
116,3.380506613224412e-09,-0.6468809010919305,4.400091648101807,4.399862766265869,4.400000698798526,0.2849827801882378,513.9813413415104,113,4.400015354156494,4.399939060211182,-7.62939453125e-05,513.9813413415104,113,1.0053123657902083,471.0,0.2412749677896499
117,3.761927355103655e-09,-0.5048419571644421,4.400088787078857,4.399787902832031,4.399981924917846,0.652401708702707,514.091211211402,113,4.399969100952148,4.399939060211182,-3.0040740966796875e-05,514.091211211402,113,1.0052478561798732,470.0,0.2412594854831695
118,3.625271392535786e-09,0.5411906273475612,4.400156021118164,4.399865627288818,4.399975806210948,0.1934495471865323,513.9835835834965,113,4.4000444412231445,4.400015354156494,-2.9087066650390625e-05,513.9835835834965,113,1.005197751025359,469.0,0.2412474602460861
119,1.9870913107118016e-09,0.5262266732190641,4.40009069442749,4.399939060211182,4.399984528533126,-0.8241224918757739,514.020580580458,113,4.400015354156494,4.400015354156494,0.0,514.020580580458,113,1.0050332794586818,468.0,0.2412079870700836
120,2.853613853796207e-09,0.2084988404166333,4.400091648101807,4.399862766265869,4.399978113604021,-0.2575851384899672,523.2795795793645,111,4.399862766265869,4.400091648101807,0.0002288818359375,523.2795795793645,111,1.0098980118831,467.0,0.2423755228519439
121,4.796392672555716e-09,-0.2783437509285078,4.400091648101807,4.399798393249512,4.399981123156252,-0.3005722691183208,516.6552152154036,113,4.399984836578369,4.399862766265869,-0.0001220703125,516.6552152154036,113,1.009629045923551,466.0,0.2423109710216522
122,3.072880091131818e-09,0.0149763373510376,4.400091648101807,4.399863243103027,4.39999723856428,-0.7109281116976227,516.4534134133719,113,4.3999857902526855,4.400015354156494,2.956390380859375e-05,516.4534134133719,113,1.0094019894798598,465.0,0.2422564774751663
123,8.51262823119693e-10,-0.344289204718829,4.400015354156494,4.399939060211182,4.3999845791707,-1.4468696542705128,516.0621421420947,113,4.400015354156494,4.400015354156494,0.0,516.0621421420947,113,1.0093542436758678,464.0,0.2422450184822082
124,2.82730678425331e-09,-0.3746297197905855,4.400087833404541,4.399868011474609,4.399992714940974,-0.4007030428095017,515.8648248249665,113,4.400015354156494,4.400015354156494,0.0,515.8648248249665,113,1.0087647164861362,463.0,0.2421035319566726
125,4.363813500466311e-09,-0.1633242684155377,4.400091648101807,4.399864196777344,4.399988803188358,-1.0590319285808871,515.5240040039644,113,4.399939060211182,4.400015354156494,7.62939453125e-05,515.5240040039644,113,1.0084480047225952,462.0,0.2420275211334228
126,2.2414453448242603e-09,-0.4303460682473272,4.400089263916016,4.399862766265869,4.400002496432414,0.142951598244859,515.3670470467769,113,4.399960517883301,4.399862766265869,-9.775161743164062e-05,515.3670470467769,113,1.008866478999456,461.0,0.2421279549598693
127,1.8355466953340147e-09,-0.5292563652413492,4.400086879730225,4.3998637199401855,4.399991031203951,0.4315560023692932,510.7255555554293,112,4.399971008300781,4.400015354156494,4.4345855712890625e-05,510.7255555554293,112,1.0080691426992416,460.0,0.241936594247818
128,2.324009548366832e-09,0.4178946156794866,4.400091648101807,4.399939060211182,4.399996246911783,-1.098469983517846,515.1674874876626,113,4.399979114532471,4.400091648101807,0.0001125335693359,515.1674874876626,113,1.0077975690364838,459.0,0.2418714165687561
129,2.213988500328539e-09,-0.1395260616658941,4.400089263916016,4.399866104125977,4.399991913179381,0.0854434451494121,515.0408008010127,113,4.399957656860352,4.400015354156494,5.7697296142578125e-05,515.0408008010127,113,1.0076209281881652,458.0,0.2418290227651596
130,1.340798777525347e-09,0.1145581495198355,4.400091648101807,4.399939060211182,4.400002517531403,-0.1137025322435381,515.009409409482,113,4.399997711181641,4.400091648101807,9.393692016601562e-05,515.009409409482,113,1.0074105113744736,457.0,0.2417785227298736
131,2.7689916620156774e-09,-0.1629668072877565,4.400089740753174,4.399863243103027,4.399982614176614,-0.7354450474310106,510.2011111108586,112,4.399981498718262,4.400015354156494,3.3855438232421875e-05,510.2011111108586,112,1.0068809613585472,456.0,0.2416514307260513
132,4.981622342618356e-09,-0.0445257720108523,4.400091648101807,4.399862766265869,4.399981144255242,-1.1838011432363322,515.0385585585609,113,4.400008678436279,4.400015354156494,6.67572021484375e-06,515.0385585585609,113,1.0065912579496703,455.0,0.2415819019079208
133,2.232348205993288e-09,-0.0634132561600688,4.400091648101807,4.399939060211182,4.400020143627065,-0.941441393224145,514.5833833832294,113,4.3999762535095215,4.400015354156494,3.910064697265625e-05,514.5833833832294,113,1.0063559437791507,454.0,0.2415254265069961
134,1.9793330823214167e-09,-0.5849454779108519,4.400089740753174,4.3998637199401855,4.399996795485505,0.4732951005131514,514.6203803801909,113,4.400015354156494,4.399939060211182,-7.62939453125e-05,514.6203803801909,113,1.0061477000514667,453.0,0.241475448012352
135,9.131438552344227e-10,-0.1764555808361693,4.400015354156494,4.399939060211182,4.3999810767384755,-1.5792045417682965,514.6562562561594,113,4.400015354156494,4.400015354156494,0.0,514.6562562561594,113,1.0065000504255297,452.0,0.241560012102127
136,4.168866911464021e-09,0.3279794652922421,4.400167942047119,4.399866104125977,4.40001970054829,0.6631392924394981,514.7067067069001,113,4.400015354156494,4.400015354156494,0.0,514.7067067069001,113,1.005898043513298,451.0,0.2414155304431915
137,2.591183535330019e-09,-0.7998841764888948,4.400091648101807,4.399864673614502,4.400006047466345,0.7264820138602666,519.4255955955014,114,4.399939060211182,4.400015354156494,7.62939453125e-05,519.4255955955014,114,1.005512724320094,450.0,0.2413230538368225
138,3.0295850452873454e-09,-0.2052385808645934,4.400091648101807,4.39986515045166,4.4000005596562435,-0.5674847466654733,519.1824024026282,114,4.399974822998047,4.400091648101807,0.0001168251037597,519.1824024026282,114,1.005216936270396,449.0,0.241252064704895
139,3.053762834420363e-09,-0.5992007000477586,4.400091648101807,4.399866104125977,4.400012990884614,-0.2306676371557818,518.9923723721877,114,4.399971961975098,4.400015354156494,4.3392181396484375e-05,518.9923723721877,114,1.0050168881813686,448.0,0.2412040531635284
140,2.107080869104957e-09,-0.3827079809843406,4.400091648101807,4.39987325668335,4.400000977305185,0.1140468028988377,514.1786586586386,113,4.399994850158691,4.400091648101807,9.679794311523438e-05,514.1786586586386,113,1.0048002004623413,447.0,0.2411520481109619
141,2.4635509073094035e-09,-0.1868534151190127,4.400088310241699,4.399874687194824,4.399999297825636,-0.5973283592097629,514.2616216214374,113,4.399961948394775,4.400015354156494,5.340576171875e-05,514.2616216214374,113,1.0047045225898426,446.0,0.2411290854215622
142,1.062594900475316e-09,-0.5310479943376403,4.400015354156494,4.399867057800293,4.399971840674417,0.0525648634542967,518.8340140138753,114,4.399914741516113,4.399939060211182,2.4318695068359375e-05,518.8340140138753,114,1.0046003386378288,445.0,0.2411040812730789
143,3.348802573634125e-09,0.7303852517393525,4.400157928466797,4.399862766265869,4.399967986925513,1.226532745417236,514.0553353354335,113,4.399975776672363,4.399862766265869,-0.0001130104064941,514.0553353354335,113,1.0042692224184673,444.0,0.2410246133804321
144,3.4037768082357342e-09,0.0394678818216184,4.400090217590332,4.399862766265869,4.399966009876184,-0.5824256020845575,518.6247547548264,114,4.400043487548828,4.399939060211182,-0.0001044273376464,518.6247547548264,114,1.0045585532983146,443.0,0.2410940527915954
145,2.1145567129006344e-09,-0.9301129671552848,4.400087356567383,4.399868011474609,4.3999944745966815,0.5652648227237331,513.9118318320252,113,4.399972915649414,4.400015354156494,4.2438507080078125e-05,513.9118318320252,113,1.0044585913419724,442.0,0.2410700619220733
146,4.1018402557828855e-09,0.0844757758944561,4.400241374969482,4.399868011474609,4.400030717515109,1.527667679638402,518.9640940940008,114,4.400062084197998,4.400091648101807,2.956390380859375e-05,518.9640940940008,114,1.0038316249847412,441.0,0.2409195899963379
147,3.5832069385661334e-09,0.6171086103324556,4.400167465209961,4.399939060211182,4.400008732812447,-0.5201850346660786,518.5851651653647,114,4.400043487548828,4.400015354156494,-2.8133392333984375e-05,518.5851651653647,114,1.003537823756536,440.0,0.2408490777015686
148,2.256111835088468e-09,-0.2958765908383715,4.400089263916016,4.399865627288818,4.40000039234496,-0.1734468174459196,518.8136536534876,114,4.400043487548828,4.399939060211182,-0.0001044273376464,518.8136536534876,114,1.003431590894858,439.0,0.2408235818147659
149,2.2098808115938752e-09,0.0640664806899449,4.400088310241699,4.399863243103027,4.399968611566644,-0.1727964314460526,518.7061961963773,114,4.399919033050537,4.400015354156494,9.632110595703124e-05,518.7061961963773,114,1.003671189149221,438.0,0.240881085395813
150,3.746855831998603e-09,-0.0130952715401209,4.400091648101807,4.399862766265869,4.399977403774596,-0.4968751520354737,518.4211511509493,114,4.399962902069092,4.399939060211182,-2.384185791015625e-05,518.4211511509493,114,1.0032066454490027,437.0,0.2407695949077606
151,1.8656921188664502e-09,0.4049745202266562,4.400087833404541,4.399939060211182,4.399993160314727,-0.7579128366398167,518.5229529528879,114,4.3999924659729,4.400015354156494,2.288818359375e-05,518.5229529528879,114,1.0031754150986671,436.0,0.2407620996236801
152,2.891961587004813e-09,0.6286778816854628,4.40008544921875,4.399866104125977,4.399954314665361,-0.107720156762221,497.1316516515799,110,4.3999433517456055,4.400015354156494,7.200241088867188e-05,497.1316516515799,110,1.0051983098189037,435.0,0.2412475943565368
153,2.36897632175356e-09,-0.155388801047817,4.400084972381592,4.399865627288818,4.399975616320044,-0.2036050467533119,513.947707707528,113,4.400015354156494,4.400015354156494,0.0,513.947707707528,113,1.003069244325161,434.0,0.2407366186380386
154,4.766102493711158e-09,0.047605006491835,4.4001665115356445,4.399866580963135,4.400002111468399,-0.5782140378373986,518.0795495496131,114,4.4000444412231445,4.400015354156494,-2.9087066650390625e-05,518.0795495496131,114,1.002754457294941,433.0,0.2406610697507858
155,3.4972707499695962e-09,-0.2391311603899937,4.400082588195801,4.399795055389404,4.39994538348654,0.0001891569219867,523.2702702702954,115,4.399939060211182,4.400015354156494,7.62939453125e-05,523.2702702702954,115,1.0023233791192374,432.0,0.2405576109886169
156,4.135098518527805e-09,0.0089635959647048,4.400160789489746,4.399868488311768,4.400006507572375,-0.487708774703433,518.0976476473734,114,4.400091648101807,4.400015354156494,-7.62939453125e-05,518.0976476473734,114,1.0021274288495383,431.0,0.2405105829238891
157,2.1838507201271467e-09,0.0869691976517844,4.400084495544434,4.399863243103027,4.3999801428421685,-0.3119376430100566,523.2097897897474,115,4.399939060211182,4.400015354156494,7.62939453125e-05,523.2097897897474,115,1.0020836566885314,430.0,0.2405000776052475
158,1.4283532569552402e-09,0.6235927886063344,4.400084972381592,4.399939060211182,4.399987015807838,-0.1470758648448504,518.062582582701,114,4.399974822998047,4.399939060211182,-3.5762786865234375e-05,518.062582582701,114,1.001896398762862,429.0,0.2404551357030868
159,1.918003025391809e-09,0.5832263096402848,4.400088787078857,4.399939060211182,4.399987295399542,-0.7012654280594997,523.0854054056108,115,4.400047302246094,4.399939060211182,-0.0001082420349121,523.0854054056108,115,1.001896212498347,428.0,0.2404550909996032
160,3.48132760615623e-09,0.4223403632502662,4.400091648101807,4.399864673614502,4.399973044188126,-0.4634241059114261,522.9108108109795,115,4.4000091552734375,4.399939060211182,-7.009506225585938e-05,522.9108108109795,115,1.001644196609656,427.0,0.2403946071863174
161,1.146514605671543e-09,0.2058639769383035,4.400091648101807,4.399941921234131,4.400024032592773,0.3156252782233242,522.87429429451,115,4.400015354156494,4.400015354156494,0.0,522.87429429451,115,1.0014085099101069,426.0,0.2403380423784256
162,3.785497772420435e-09,-0.1548637277321529,4.400091171264648,4.399862766265869,4.399972136124321,-0.7937754381374771,522.8252252251841,115,4.400015354156494,4.400015354156494,0.0,522.8252252251841,115,1.0013607641061149,425.0,0.2403265833854675
163,3.055768895587134e-09,0.7984322087387028,4.400167465209961,4.399868011474609,4.3999868310016135,0.7796886640398388,522.6666066064499,115,4.399939060211182,4.399939060211182,0.0,522.6666066064499,115,1.0015816738208136,424.0,0.2403796017169952
164,1.556019069775487e-09,0.4653558791262676,4.400091171264648,4.399939060211182,4.3999854419542395,-0.5192168605781173,522.8936936939135,115,4.4000420570373535,4.400015354156494,-2.6702880859375e-05,522.8936936939135,115,1.001039892435074,423.0,0.2402495741844177
165,2.2034479375432436e-09,-0.4371034678023099,4.400091648101807,4.399867534637451,4.399988153706426,0.0770535037980089,522.9073873874731,115,4.40004301071167,4.400091648101807,4.863739013671875e-05,522.9073873874731,115,1.000813146432241,422.0,0.2401951551437378
166,4.490274443582122e-09,-0.4637192666883146,4.400091648101807,4.399862766265869,4.399996637261432,-0.671041061865076,522.8936936939135,115,4.400015354156494,4.400091648101807,7.62939453125e-05,522.8936936939135,115,1.0006548215945563,421.0,0.2401571571826934
167,4.028574245041315e-09,-0.6910413631262563,4.400091648101807,4.399799346923828,4.399992822564166,0.4168786388709953,522.8252252251841,115,4.400067329406738,4.400015354156494,-5.1975250244140625e-05,522.8252252251841,115,1.0005420073866844,420.0,0.2401300817728042
168,1.1624630219179642e-09,-0.0392255277122181,4.400088787078857,4.399939060211182,4.400014657559602,0.1581856947728428,522.6837237235159,115,4.400015354156494,4.399939060211182,-7.62939453125e-05,522.6837237235159,115,1.0003651181856792,419.0,0.240087628364563
169,2.527884173972477e-09,0.1206391737915393,4.400091648101807,4.399939060211182,4.400006886039462,-1.167546975233697,506.683333333116,112,4.399961471557617,4.400015354156494,5.3882598876953125e-05,506.683333333116,112,1.0013236353794734,418.0,0.2403176724910736
170,3.654063474108102e-09,0.441086097180787,4.400167942047119,4.3998703956604,4.400001310265583,0.3964217214672021,522.7567567569204,115,4.400167942047119,4.400015354156494,-0.000152587890625,522.7567567569204,115,1.0001669948299727,417.0,0.2400400787591934
171,2.317546441287767e-09,-0.3902144846419236,4.400091648101807,4.399868965148926,4.399997308979864,-0.0559070160884669,522.4589189188555,115,4.400015354156494,4.400015354156494,0.0,522.4589189188555,115,1.000152217845122,416.0,0.2400365322828292
172,2.867759656255019e-09,0.175548741313965,4.400091648101807,4.399866104125977,4.399985980987549,-0.3200207817143887,522.0754954954609,115,4.400020599365234,4.399939060211182,-8.153915405273438e-05,522.0754954954609,115,1.000373438000679,415.0,0.2400896251201629
173,2.329102608616873e-09,-0.2065804134113501,4.400089740753174,4.399864196777344,4.399999693165655,-0.2678038906036564,522.7133933934383,115,4.399988651275635,4.400015354156494,2.6702880859375e-05,522.7133933934383,115,0.9998485445976256,414.0,0.2399636507034301
174,1.228975987310921e-09,-0.1364043817735325,4.400091171264648,4.399939060211182,4.400008012508524,0.207103394486976,527.0856356355362,116,4.400086402893066,4.400015354156494,-7.104873657226562e-05,527.0856356355362,116,0.999702016512553,413.0,0.2399284839630127
175,2.529503981786329e-09,0.2658831848968722,4.4001545906066895,4.399868488311768,4.400004913066995,0.7900649634749648,527.2318318318576,116,4.39997673034668,4.400015354156494,3.8623809814453125e-05,527.2318318318576,116,0.9995144481460254,412.0,0.239883467555046
176,2.038016368626402e-09,0.2483760240996655,4.40009069442749,4.399939060211182,4.399993325101918,-0.9933882916348212,527.0706706708297,116,4.399939060211182,4.400015354156494,7.62939453125e-05,527.0706706708297,116,0.9993710244695346,411.0,0.2398490458726883
177,1.778521184531819e-09,0.3204549331950593,4.400089740753174,4.399888515472412,4.399993789607081,-0.401595134329586,526.9935435433872,116,4.399939060211182,4.400015354156494,7.62939453125e-05,526.9935435433872,116,0.9992521877090136,410.0,0.2398205250501632
178,9.158735285058863e-10,-0.467151690455247,4.400081634521484,4.399939060211182,4.399998701535738,0.1079921608420764,531.9453453454189,117,4.399974346160889,4.400015354156494,4.100799560546875e-05,531.9453453454189,117,0.9991834561030072,409.0,0.2398040294647216
179,2.0812198384136108e-09,0.1494671679237618,4.400089740753174,4.399863243103027,4.399989103448802,-0.3750846898215543,527.3722722721286,116,4.399989604949951,4.400015354156494,2.574920654296875e-05,527.3722722721286,116,0.9989962602655094,408.0,0.2397591024637222
180,2.595343625901136e-09,0.8458070400822013,4.400160789489746,4.399939060211182,4.400018363163389,0.4118940367317374,526.7794294292107,116,4.399986267089844,4.399939060211182,-4.7206878662109375e-05,526.7794294292107,116,0.9991046662131946,407.0,0.2397851198911667
181,3.217746354024945e-09,0.2556709009937762,4.400161266326904,4.399939060211182,4.400016566802716,-0.7373559627055268,527.2629129127599,116,4.399939060211182,4.399939060211182,0.0,527.2629129127599,116,0.9987109030286472,406.0,0.2396906167268753
182,2.3761633796014552e-09,0.0493122503102672,4.400090217590332,4.39986515045166,4.399987919577237,-0.3566116750927737,527.090240240097,116,4.399960517883301,4.399939060211182,-2.1457672119140625e-05,527.090240240097,116,0.9985462451974552,405.0,0.2396510988473892
183,2.027233879415398e-09,-0.0481744379742734,4.400091648101807,4.399939060211182,4.400016533917394,-0.8647212699278257,527.025775775779,116,4.399994373321533,4.400015354156494,2.09808349609375e-05,527.025775775779,116,0.9983960539102554,404.0,0.2396150529384613
184,2.594072488792778e-09,0.1997138836464568,4.400162220001221,4.3998637199401855,4.399995754926633,1.0881894385197448,531.8454854856245,117,4.400068759918213,4.399939060211182,-0.0001296997070312,531.8454854856245,117,0.9982918699582418,403.0,0.239590048789978
185,3.578563646544348e-09,0.6180774931036036,4.40015983581543,4.399863243103027,4.399984404572055,0.1861908198055353,532.0393993994221,117,4.399961471557617,4.400091648101807,0.0001301765441894,532.0393993994221,117,0.9982064987222354,402.0,0.2395695596933365
186,2.884329090478189e-09,-0.0070845990434812,4.400091648101807,4.39986515045166,4.399991430085281,-0.7784527757798605,527.0361361359246,116,4.399959564208984,4.400091648101807,0.0001320838928222,527.0361361359246,116,0.9980501607060432,401.0,0.2395320385694503
187,4.122469422449375e-09,0.1209151871303233,4.400091648101807,4.399862766265869,4.399977101220025,-0.7308734340381706,531.5946746747941,117,4.400052070617676,4.400091648101807,3.9577484130859375e-05,531.5946746747941,117,0.9978961199522018,400.0,0.2394950687885284
188,1.3130006507332114e-09,0.1720100237524056,4.400084972381592,4.399939060211182,4.399988333384196,-0.5776255780209811,531.8617417416535,117,4.400015354156494,4.399939060211182,-7.62939453125e-05,531.8617417416535,117,0.9978105624516804,399.0,0.2394745349884033
189,2.699868494995397e-09,-0.3394905942495338,4.400089263916016,4.399862766265869,4.399978576562344,-0.3634452611384704,531.5993193192407,117,4.399909496307373,4.400015354156494,0.000105857849121,531.5993193192407,117,0.9976274644335112,398.0,0.2394305914640426
190,2.51759011352574e-09,-0.0664513972722512,4.400086402893066,4.399866580963135,4.399978593244391,-0.3073403668428471,536.5205405405723,118,4.399939060211182,4.400015354156494,7.62939453125e-05,536.5205405405723,118,0.9975669284661612,397.0,0.2394160628318786
191,2.839946360011562e-09,-0.2336925586264581,4.400084018707275,4.399862766265869,4.39996633774195,-0.492020463068525,531.7270470471121,117,4.3999481201171875,4.400015354156494,6.723403930664062e-05,531.7270470471121,117,0.997385879357656,396.0,0.2393726110458374
192,3.9395128623373974e-09,-0.2108825729754806,4.400091648101807,4.3998637199401855,4.39999648271981,-0.9761974099317277,536.4596396395937,118,4.399962425231934,4.400091648101807,0.000129222869873,536.4596396395937,118,0.9972733135024708,395.0,0.2393455952405929
193,3.018375511770507e-09,0.1777269360150841,4.400091648101807,4.39986515045166,4.399994191476854,-0.6969867533798308,536.6610810812563,118,4.399952411651611,4.399939060211182,-1.33514404296875e-05,536.6610810812563,118,0.9971796224514644,394.0,0.2393231093883514
194,2.3711148751939403e-09,-0.4049199578530763,4.400091648101807,4.399864196777344,4.399990081787109,0.0323414874978684,536.4572972971946,118,4.399979591369629,4.400091648101807,0.0001120567321777,536.4572972971946,118,0.9970422213276228,393.0,0.2392901331186294
195,2.0013442276256302e-09,-0.7395280327755555,4.400015354156494,4.399865627288818,4.399972410525306,-0.5689557109409549,536.4081081082113,118,4.399939060211182,4.399939060211182,0.0,536.4081081082113,118,0.9969336912035942,392.0,0.2392640858888626
196,1.731707900304085e-09,0.0791462488411316,4.400091648101807,4.399939060211182,4.400017889136942,-0.6936978911996188,531.5145545545965,117,4.400007247924805,4.399939060211182,-6.818771362304688e-05,531.5145545545965,117,0.9967817614475888,391.0,0.2392276227474212
197,2.7749632141287783e-09,0.4844962764417595,4.400091648101807,4.399939060211182,4.3999949592654986,-1.1092249498250113,536.5872972975485,118,4.400084972381592,4.399939060211182,-0.0001459121704101,536.5872972975485,118,0.9968024988969169,390.0,0.23923259973526
198,2.8064549145495803e-09,0.0583511837945874,4.400090217590332,4.399866580963135,4.399970804524218,-0.5268921720305393,531.3043843843043,117,4.399961948394775,4.399939060211182,-2.288818359375e-05,531.3043843843043,117,0.9970857451359432,389.0,0.2393005788326263
199,2.239404368135343e-09,0.1060217049544426,4.40009069442749,4.399868488311768,4.399982383108546,-0.2931870933074205,531.5168768768199,117,4.400015354156494,4.400015354156494,0.0,531.5168768768199,117,0.9967527041832608,388.0,0.2392206490039825
200,3.677599929930943e-09,-0.2577523006045213,4.400091171264648,4.399862766265869,4.399978548793469,-0.7206599959154749,536.1516216215678,118,4.400027751922607,4.400015354156494,-1.239776611328125e-05,536.1516216215678,118,0.9963692476352056,387.0,0.2391286194324493
201,3.460949889386477e-09,-0.1234328266832559,4.40015983581543,4.399862766265869,4.399990514173346,0.7225053999949114,536.4608108107932,118,4.399994373321533,4.400015354156494,2.09808349609375e-05,536.4608108107932,118,0.996285987397035,386.0,0.2391086369752884
202,3.409266252152695e-09,0.604861578563265,4.4001665115356445,4.399867534637451,4.3999726085339566,1.1388930779483195,536.2886486486532,118,4.3999481201171875,4.399939060211182,-9.059906005859377e-06,536.2886486486532,118,0.9960882365703584,385.0,0.239061176776886
203,1.901111913410244e-09,0.2291439635932982,4.400090217590332,4.399939060211182,4.399997323246326,-0.8571858569238153,536.2804504502565,118,4.400041580200195,4.400015354156494,-2.6226043701171875e-05,536.2804504502565,118,0.9960818414886792,384.0,0.239059641957283
204,1.4893047959634003e-09,1.189528131327171,4.400162696838379,4.399940013885498,4.400019545515044,3.079082308105812,541.0589389391243,119,4.400015354156494,4.400015354156494,0.0,541.0589389391243,119,0.9959901993473372,383.0,0.2390376478433609
205,2.4026243441700367e-09,-0.4091953428294251,4.400091648101807,4.399862766265869,4.400023343199391,0.0816475553256363,536.3530630632304,118,4.400015354156494,4.399862766265869,-0.000152587890625,536.3530630632304,118,0.9959068149328232,382.0,0.2390176355838775
206,2.057330903716294e-09,-0.3519284785011497,4.400091171264648,4.399867534637451,4.3999791906661345,-0.170884145997018,541.0518518518656,119,4.399946212768555,4.400015354156494,6.914138793945312e-05,541.0518518518656,119,0.9958423053224882,381.0,0.2390021532773971
207,2.953089592892832e-09,-0.6915287331406194,4.40009069442749,4.399787425994873,4.399975989045215,1.2093413169373126,541.2302102101967,119,4.399959564208984,4.399939060211182,-2.0503997802734375e-05,541.2302102101967,119,0.9957028552889824,380.0,0.2389686852693557
208,2.262808924932173e-09,0.2517252201885189,4.400091648101807,4.399939060211182,4.4000082216342955,-1.072257244319613,540.9384584585205,119,4.400042533874512,4.399939060211182,-0.00010347366333,540.9384584585205,119,0.9955175841848056,379.0,0.2389242202043533
209,2.263211014599501e-09,-0.6761630768448453,4.400091648101807,4.399868488311768,4.400002447496943,0.3958439113523266,540.96208208194,119,4.399943828582764,4.400091648101807,0.0001478195190429,540.96208208194,119,0.9953426197171212,378.0,0.238882228732109
210,1.7981183719815643e-09,0.824983893117576,4.400088787078857,4.399865627288818,4.3999705995832175,0.5281202585949849,541.2054054052569,119,4.399956703186035,4.400015354156494,5.8650970458984375e-05,541.2054054052569,119,0.9952174499630928,377.0,0.2388521879911422
211,3.723085638484256e-09,-0.8787578640664463,4.400091171264648,4.3997907638549805,4.399994717926538,0.7740228167085421,541.1428028028458,119,4.399959564208984,4.400015354156494,5.5789947509765625e-05,541.1428028028458,119,0.9951318924625716,376.0,0.2388316541910171
212,2.896665330488549e-09,0.2070431520912431,4.400091648101807,4.399871349334717,4.399994497539616,-0.8640097466972381,541.0884684682824,119,4.4000244140625,4.400015354156494,-9.059906005859377e-06,541.0884684682824,119,0.9949985891580582,375.0,0.2387996613979339
213,3.436697985396149e-09,-0.3627442350424633,4.400088787078857,4.399788856506348,4.399968359650684,0.5190705138183289,540.9573573572561,119,4.399939060211182,4.399939060211182,0.0,540.9573573572561,119,0.994850570956866,374.0,0.2387641370296478
214,3.936419208066263e-09,0.0492192758343981,4.400091648101807,4.399862766265869,4.39997035916112,-0.8030839941391732,540.96208208194,119,4.400057315826416,4.400091648101807,3.4332275390625e-05,540.96208208194,119,0.9947529683510464,373.0,0.2387407124042511
215,1.7012282990018281e-09,-0.4176635134600235,4.400089740753174,4.399862766265869,4.399996537120402,0.8351422830206054,540.8982982984744,119,4.400015354156494,4.399939060211182,-7.62939453125e-05,540.8982982984744,119,0.9945882484316826,372.0,0.2387011796236038
216,2.180173021336618e-09,-0.5672249367164046,4.400088787078857,4.399862766265869,4.399982857103107,0.1886095126237523,541.0341341341846,119,4.399939060211182,4.399862766265869,-7.62939453125e-05,541.0341341341846,119,0.9944822018345196,371.0,0.2386757284402847
217,1.492632204545809e-09,0.2349986773124881,4.400089263916016,4.399939060211182,4.4000011171613425,-0.48562276595309,540.8876676675864,119,4.400028705596924,4.399939060211182,-8.96453857421875e-05,540.8876676675864,119,0.9943359841903052,370.0,0.2386406362056732
218,2.356387897504776e-09,-0.5413244320272483,4.400091171264648,4.399868488311768,4.399992096424103,0.1818713607402284,545.5298298299313,120,4.399998664855957,4.399939060211182,-5.9604644775390625e-05,545.5298298299313,120,0.9941884006063144,369.0,0.2386052161455154
219,2.2732139223590123e-09,-0.0267505908756513,4.400091648101807,4.39987325668335,4.399998768170675,-0.0103440097126141,545.718038037885,120,4.400015354156494,4.400015354156494,0.0,545.718038037885,120,0.99412202835083,368.0,0.2385892868041992
220,1.763328555072213e-09,0.1656543478731134,4.400090217590332,4.399939060211182,4.400001141984584,-0.7386872560902704,554.8634234233759,118,4.3999409675598145,4.400015354156494,7.43865966796875e-05,554.8634234233759,118,0.9991759434342384,367.0,0.2398022264242172
221,2.0731401501524744e-09,0.2634834062324808,4.400091648101807,4.399870872497559,4.399984434616467,-0.2045806206105913,553.8462462462485,121,4.399995803833008,4.400091648101807,9.584426879882812e-05,553.8462462462485,121,0.9988820801178616,366.0,0.2397316992282867
222,3.838562752436793e-09,-0.0030350681834611,4.400160789489746,4.399866580963135,4.400000154972076,-0.3213348411362342,548.611441441346,120,4.400020122528076,4.400015354156494,-4.76837158203125e-06,548.611441441346,120,0.9984881306687992,365.0,0.2396371513605117
223,3.236277097785103e-09,0.143893144826858,4.4001641273498535,4.3998637199401855,4.399994985262553,0.1620908394122935,548.3041141140275,120,4.399957180023193,4.399939060211182,-1.811981201171875e-05,548.3041141140275,120,0.998138077557087,364.0,0.2395531386137008
224,2.009412570465334e-09,-0.7245826704891833,4.400091171264648,4.39986515045166,4.400015811289638,0.799293808533152,553.1531531531364,121,4.39994478225708,4.399939060211182,-5.7220458984375e-06,553.1531531531364,121,0.9979130700230598,363.0,0.2394991368055343
225,4.4222799659125054e-09,0.5845791482851297,4.40016508102417,4.399939060211182,4.400016024092998,-0.787137251902073,553.2948948950507,121,4.400015354156494,4.400091648101807,7.62939453125e-05,553.2948948950507,121,0.9976547211408616,362.0,0.2394371330738067
226,3.113273900448339e-09,0.4571055292702834,4.40016508102417,4.39986515045166,4.399996710217689,0.175906191952786,552.7207207204774,121,4.4000725746154785,4.400015354156494,-5.7220458984375e-05,552.7207207204774,121,0.9973234807451566,361.0,0.2393576353788375
227,3.158790539941633e-09,0.0678184922826623,4.40009069442749,4.399862766265869,4.399980080029196,-0.7880742260129243,552.5681681679562,121,4.399939060211182,4.399939060211182,0.0,552.5681681679562,121,0.9970172618826232,360.0,0.2392841428518295
228,3.805168374355435e-09,0.6364578057121028,4.40016508102417,4.399869918823242,4.399996070067088,0.2313429504594588,547.5858258260414,120,4.400015354156494,4.400015354156494,0.0,547.5858258260414,120,0.9967297315597534,359.0,0.2392151355743408
229,1.503682663458306e-09,0.6099450160580838,4.400086402893066,4.399939060211182,4.399986106841291,-0.2459817380986355,557.4914514515549,122,4.400009632110596,4.400015354156494,5.7220458984375e-06,557.4914514515549,122,0.996444436411063,358.0,0.2391466647386551
230,2.191980759865449e-09,0.8622637272772067,4.400091648101807,4.399939060211182,4.399988304484975,-0.2461987124725824,552.2462462461554,121,4.3999528884887695,4.399939060211182,-1.3828277587890623e-05,552.2462462461554,121,0.996121329565843,357.0,0.2390691190958023
231,3.25624285000186e-09,0.3953426777042523,4.400161266326904,4.399864673614502,4.399989647943466,0.8089216656857503,557.4127227226272,122,4.3999505043029785,4.400015354156494,6.4849853515625e-05,557.4127227226272,122,0.995996594429016,356.0,0.2390391826629638
232,4.23821673837674e-09,0.2663318085856398,4.400157928466797,4.399863243103027,4.399995823375514,-0.5005566692937848,557.4635935937986,122,4.400003910064697,4.400091648101807,8.7738037109375e-05,557.4635935937986,122,0.9958778197566668,355.0,0.2390106767416
233,1.5262685337802394e-09,-0.0227716350778032,4.400089263916016,4.399939060211182,4.400009458715266,-0.4620614965782712,552.1393393394537,121,4.399939060211182,4.400015354156494,7.62939453125e-05,552.1393393394537,121,0.9954921901226044,354.0,0.238918125629425
234,2.667543074584658e-09,-0.2769619968913427,4.400085926055908,4.3998637199401855,4.399980856367379,-0.2802910769519329,552.0192192192189,121,4.399954795837402,4.400015354156494,6.0558319091796875e-05,552.0192192192189,121,0.995306856930256,353.0,0.2388736456632614
235,1.784887987395207e-09,-0.1094881968833031,4.400087833404541,4.3998637199401855,4.3999923319856,0.2158624873639887,552.1765765766613,121,4.400015354156494,4.399939060211182,-7.62939453125e-05,552.1765765766613,121,0.9951530024409294,352.0,0.238836720585823
236,2.9887459150439094e-09,-0.3074974503338507,4.40016508102417,4.399867057800293,4.400021568673556,0.076075388543749,556.6956856856123,122,4.399947643280029,4.400015354156494,6.771087646484375e-05,556.6956856856123,122,0.9949861094355584,351.0,0.238796666264534
237,1.61459399899564e-09,0.1716680565852946,4.400087833404541,4.399939060211182,4.400003850952653,-0.6498742746142971,551.5075075076893,121,4.400015354156494,4.400015354156494,0.0,551.5075075076893,121,0.9946279227733612,350.0,0.2387107014656067
238,3.2935542283657e-09,0.4122140812256573,4.400091648101807,4.399939060211182,4.399997592957551,-1.38064285819737,551.5663663665764,121,4.400091648101807,4.399939060211182,-0.000152587890625,551.5663663665764,121,0.9943030153711636,349.0,0.2386327236890792
239,3.3279939233139067e-09,-0.0860126069828708,4.400091648101807,4.399868965148926,4.399995135479286,-0.6948475212060643,556.7126426426694,122,4.400091648101807,4.399939060211182,-0.000152587890625,556.7126426426694,122,0.9943215797344844,348.0,0.2386371791362762
240,2.4935486147865995e-09,0.1979901921887893,4.400160312652588,4.399864196777344,4.39999713663195,1.564987750779781,556.6012112111785,122,4.400015354156494,4.399939060211182,-7.62939453125e-05,556.6012112111785,122,0.9939589848121008,347.0,0.2385501563549041
241,2.714146178877366e-09,1.068490528982848,4.400163650512695,4.399939060211182,4.40000114675428,1.2798382360748564,556.3202102100477,122,4.399939060211182,4.400015354156494,7.62939453125e-05,556.3202102100477,122,0.9937839582562448,346.0,0.2385081499814987
242,2.556344396758688e-09,-0.229429000525206,4.400091648101807,4.399939060211182,4.400026125986068,-1.1962897897997276,556.2039339337498,122,4.400091648101807,4.400015354156494,-7.62939453125e-05,556.2039339337498,122,0.9936320285002392,345.0,0.2384716868400573
243,3.6282334376673565e-09,0.0361888464941028,4.400165557861328,4.399868965148926,4.400008662802274,-0.1995504431453532,556.3650250248611,122,4.399903297424316,4.400015354156494,0.0001120567321777,556.3650250248611,122,0.993494565288226,344.0,0.2384386956691742
244,5.200085985140263e-09,-0.1296390575524133,4.400091648101807,4.399862766265869,4.399980185461826,-0.9971432980245072,556.4534434434026,122,4.400033473968506,4.400015354156494,-1.811981201171875e-05,556.4534434434026,122,0.9933924302458764,343.0,0.2384141832590103
245,4.367922314918361e-09,0.3152714839311384,4.400165557861328,4.399863243103027,4.399978242936681,-0.2615563513502197,556.4340640641749,122,4.400040149688721,4.399939060211182,-0.000101089477539,556.4340640641749,122,0.9931883464256924,342.0,0.2383652031421661
246,6.542972240270656e-09,-0.4536231208269363,4.400165557861328,4.399862766265869,4.400032352228633,-0.4446683229437735,556.264494494535,122,4.400015354156494,4.400015354156494,0.0,556.264494494535,122,0.9930048137903214,341.0,0.2383211553096771
247,3.336320094089344e-09,-0.2228075856207635,4.400091648101807,4.399863243103027,4.399994111451947,-0.6176707887295052,555.9471571571194,122,4.399939060211182,4.400015354156494,7.62939453125e-05,555.9471571571194,122,0.992694745461146,340.0,0.238246738910675
248,2.661884365761216e-09,0.3754517970952064,4.400091648101807,4.399863243103027,4.399976327771046,0.0547777132396727,556.2148348349147,122,4.399993419647217,4.399939060211182,-5.435943603515625e-05,556.2148348349147,122,0.9926091258724532,339.0,0.2382261902093887
249,2.470488350566399e-09,-0.6823211922489529,4.400087833404541,4.399862766265869,4.399982999010784,0.3417802176826701,560.882482482586,123,4.400015354156494,4.400015354156494,0.0,560.882482482586,123,0.9924781819184622,338.0,0.2381947636604309
250,3.153891549585155e-09,0.493575359920623,4.4001569747924805,4.399868488311768,4.399992720025485,0.5667262151814043,555.9108208208345,122,4.39998722076416,4.399939060211182,-4.8160552978515625e-05,555.9108208208345,122,0.9922844047347704,337.0,0.2381482571363449
251,2.234033183244969e-09,0.5379338578541043,4.400163173675537,4.399939060211182,4.400007468898122,0.3913082440375395,560.7579179177992,123,4.399941921234131,4.400091648101807,0.0001497268676757,560.7579179177992,123,0.9921782339612644,336.0,0.2381227761507034
252,3.884990804158233e-09,-0.3685052163106435,4.400091171264648,4.399862766265869,4.39998382475318,-0.6953260263576655,560.7347147148103,123,4.399896144866943,4.400015354156494,0.0001192092895507,560.7347147148103,123,0.9918781618277231,335.0,0.2380507588386535
253,4.16796075248877e-09,-0.3385954234657402,4.400086402893066,4.399786949157715,4.399966716766357,-0.1729021100443941,560.7029629629105,123,4.400025844573975,4.400015354156494,-1.049041748046875e-05,560.7029629629105,123,0.991678113738696,334.0,0.238002747297287
254,2.202086675957755e-09,-0.1533462178797481,4.400091648101807,4.399876117706299,4.4000074478887745,0.0251611460033798,565.5229729730636,124,4.399951457977295,4.400091648101807,0.0001401901245117,565.5229729730636,124,0.9915990134080253,333.0,0.237983763217926
255,2.0177029492078222e-09,0.2114887992185228,4.400091648101807,4.399869918823242,4.399991469998514,-0.1127440980504141,565.5709909908473,124,4.399941921234131,4.400091648101807,0.0001497268676757,565.5709909908473,124,0.9914529820283254,332.0,0.2379487156867981
256,3.530895109399023e-09,0.1847843211680613,4.400091648101807,4.399864196777344,4.399994218252538,-0.9237935630386312,560.7176176174544,123,4.399880409240723,4.400091648101807,0.0002112388610839,560.7176176174544,123,0.991296706100305,331.0,0.2379112094640731
257,3.186652914210993e-09,0.3301674573521037,4.400091648101807,4.3998637199401855,4.399971262101205,-0.3442334214635467,565.3715315316804,124,4.400015354156494,4.400015354156494,0.0,565.3715315316804,124,0.991184078156948,330.0,0.2378841787576675
258,2.765248580310013e-09,0.3229614232594469,4.400160312652588,4.399868011474609,4.399996570587158,0.891806170726976,570.4893693695776,125,4.400015354156494,4.399939060211182,-7.62939453125e-05,570.4893693695776,125,0.9912505745887756,329.0,0.2379001379013061
259,4.824800420163109e-09,0.447518611966866,4.400162696838379,4.399939060211182,4.400011861227392,-1.163181375062584,560.5808408409357,123,4.399960517883301,4.399939060211182,-2.1457672119140625e-05,560.5808408409357,123,0.9909112627307576,328.0,0.2378187030553817
260,2.9784642429664462e-09,-0.36565399727668,4.400091648101807,4.399872779846191,4.4000154118384085,-0.5899472088797926,565.2939639640972,124,4.399989604949951,4.400015354156494,2.574920654296875e-05,565.2939639640972,124,0.9907843545079232,327.0,0.2377882450819015
261,3.993494036667468e-09,-2.082359112794006,4.40009069442749,4.399786472320557,4.400001233623874,4.91512343393223,565.3112012012862,124,4.399786472320557,4.400015354156494,0.0002288818359375,565.3112012012862,124,0.9906509891152382,326.0,0.2377562373876571
262,3.578046060969666e-09,-0.2394455448359596,4.400091648101807,4.399795055389404,4.399977664793691,0.7052681394117202,565.269339339342,124,4.399953365325928,4.400015354156494,6.198883056640625e-05,565.269339339342,124,0.99039680014054,325.0,0.2376952320337295
263,3.029361792509472e-09,-0.2910931988041026,4.400091171264648,4.3998637199401855,4.399989343458606,-0.6217331353088693,565.1511411410756,124,4.399960041046143,4.399939060211182,-2.09808349609375e-05,565.1511411410756,124,0.9902282307545344,324.0,0.2376547753810882
264,2.6688795691913974e-09,-0.8903386689700871,4.400089263916016,4.3997907638549805,4.399977241792986,1.475445891888981,565.3284384384751,124,4.399996757507324,4.400015354156494,1.8596649169921875e-05,565.3284384384751,124,0.9902446841200192,323.0,0.2376587241888046
265,3.627848424327747e-09,-0.3638634777141884,4.400091648101807,4.399862766265869,4.399982913847892,-0.3888012405566163,565.0945045044646,124,4.39992094039917,4.400015354156494,9.441375732421876e-05,565.0945045044646,124,0.9902883941928546,322.0,0.2376692146062851
266,4.691016006914478e-09,-0.4553440288284858,4.400091648101807,4.3998026847839355,4.39998891276698,-0.4548306657003209,565.234864864964,124,4.400015354156494,4.399939060211182,-7.62939453125e-05,565.234864864964,124,0.9901530419786772,321.0,0.2376367300748825
267,2.760733241803562e-09,-0.4212933093975018,4.400091648101807,4.399868965148926,4.400006740323959,-0.2143337489636683,565.323513513431,124,4.400065898895264,4.400015354156494,-5.054473876953125e-05,565.323513513431,124,0.9898385033011436,320.0,0.2375612407922744
268,3.292612147788712e-09,0.1624816188938931,4.4001569747924805,4.399868488311768,4.399999995385447,0.299055201848537,565.3013513511978,124,4.399939060211182,4.400015354156494,7.62939453125e-05,565.3013513511978,124,0.9897051379084588,319.0,0.2375292330980301
269,4.362330274729264e-09,0.5210731250689712,4.400165557861328,4.399868011474609,4.399986974654659,-0.1165601228562018,565.2397897900082,124,4.39994478225708,4.399939060211182,-5.7220458984375e-06,565.2397897900082,124,0.989667574564616,318.0,0.2375202178955078
270,3.753649751513056e-09,-0.2754451893691499,4.400091648101807,4.399864196777344,4.39998974609375,-0.6996648778724333,570.0028028027155,125,4.400091648101807,4.400091648101807,0.0,570.0028028027155,125,0.9892279903093976,317.0,0.2374147176742553
271,4.1196824073971755e-09,0.1454621820604288,4.400160789489746,4.399872779846191,4.400007133483887,-0.4834439765156397,569.940740740858,125,4.399969577789307,4.400091648101807,0.0001220703125,569.940740740858,125,0.9890175114075344,316.0,0.2373642027378082
272,4.114288135643883e-09,0.2232257922785027,4.4001665115356445,4.399867534637451,4.399992946624756,-0.4941435005867003,570.2907707709819,125,4.399975776672363,4.400015354156494,3.9577484130859375e-05,570.2907707709819,125,0.9889507666230202,315.0,0.2373481839895248
273,3.0661128309269935e-09,-0.2309803576091988,4.4001641273498535,4.399868011474609,4.400018547058106,0.5159193603963348,570.0834834836423,125,4.399939060211182,4.400015354156494,7.62939453125e-05,570.0834834836423,125,0.9888507425785064,314.0,0.2373241782188415
274,3.399708739673388e-09,-0.187187680048704,4.400088310241699,4.39985466003418,4.399974529266357,-0.5472206625306852,569.9581181183457,125,4.39985466003418,4.400015354156494,0.0001606941223144,569.9581181183457,125,0.9886506944894792,313.0,0.2372761666774749
275,2.878213836670657e-09,-0.3576371502803793,4.400091648101807,4.3998637199401855,4.399989715576172,-0.2964025766513822,569.6900100097992,125,4.399961948394775,4.400091648101807,0.0001296997070312,569.6900100097992,125,0.9884696453809738,312.0,0.2372327148914337
276,1.665088964199963e-09,-0.8703264546207657,4.400089740753174,4.399868011474609,4.399992790222168,0.8811059406047073,569.9817017018795,125,4.400015354156494,4.400015354156494,0.0,569.9817017018795,125,0.9884549925724666,311.0,0.2372291982173919
277,1.258665853979877e-09,0.1707359930651133,4.400015354156494,4.399873733520508,4.399965057373047,-0.8746431702162929,569.6018818817101,125,4.399986743927002,4.400015354156494,2.86102294921875e-05,569.6018818817101,125,0.9882424647609394,310.0,0.2371781915426254
278,1.963545035281975e-09,-0.2013733286982297,4.400087356567383,4.399868488311768,4.399988251347696,0.1847311934837843,564.641411411576,124,4.400052547454834,4.400015354156494,-3.719329833984375e-05,564.641411411576,124,0.9882486735781034,309.0,0.2371796816587448
279,2.105796298682464e-09,0.547791319154875,4.400161266326904,4.399868011474609,4.4000012474060055,2.161050495137774,569.6912512513809,125,4.399939060211182,4.400015354156494,7.62939453125e-05,569.6912512513809,125,0.9881113345424336,308.0,0.237146720290184
280,1.617131954023329e-09,0.1411518840977859,4.400089263916016,4.399862766265869,4.399992385864258,0.1553814206795953,569.2940540541895,125,4.399991035461426,4.399862766265869,-0.0001282691955566,569.2940540541895,125,0.9879050155480704,307.0,0.2370972037315368
281,2.307623541913345e-09,-0.5600792356783446,4.400084495544434,4.399866104125977,4.399979522151332,-0.1747151946865699,564.5158258257434,124,4.400049209594727,4.399939060211182,-0.0001101493835449,564.5158258257434,124,0.9879133974512418,306.0,0.237099215388298
282,1.7405694844426521e-09,-0.3931812831425748,4.400091648101807,4.399874210357666,4.3999931983947755,0.3032015186692307,569.7322122124024,125,4.399977684020996,4.400091648101807,0.0001139640808105,569.7322122124024,125,0.9878155464927356,305.0,0.2370757311582565
283,2.440855026971775e-09,0.1749273305126278,4.400083541870117,4.399868488311768,4.399968383789062,-0.4752330222473739,569.4206606606022,125,4.399939060211182,4.399939060211182,0.0,569.4206606606022,125,0.9876676524678868,304.0,0.2370402365922927
284,3.408809081722413e-09,-0.1321968624335198,4.40009069442749,4.399862766265869,4.399980041715834,-0.5685776430746521,574.2442442439497,126,4.399979114532471,4.400015354156494,3.62396240234375e-05,574.2442442439497,126,0.9874094898502032,303.0,0.2369782775640487
285,1.984952383105748e-09,0.2996683422476092,4.40008544921875,4.399866580963135,4.399964084625244,0.1680561359712284,569.1910310313106,125,4.399939060211182,4.400015354156494,7.62939453125e-05,569.1910310313106,125,0.9872365742921828,302.0,0.2369367778301239
286,3.005759026564191e-09,-0.068322394351504,4.400091171264648,4.3998637199401855,4.3999967155456545,-0.838183241923582,569.346186186187,125,4.400051593780518,4.399939060211182,-0.0001125335693359,569.346186186187,125,0.9870739653706552,301.0,0.2368977516889572
287,2.5731257459659486e-09,0.4786109569997731,4.400089740753174,4.399864196777344,4.399961544036866,0.0106707886159638,569.2555755758658,125,4.39997673034668,4.399939060211182,-3.7670135498046875e-05,569.2555755758658,125,0.9869574879606564,300.0,0.2368697971105575
288,3.986269543280025e-09,-0.776282016326606,4.400091648101807,4.399862766265869,4.400007929120745,0.276774500075176,574.1478978982195,126,4.400091648101807,4.400015354156494,-7.62939453125e-05,574.1478978982195,126,0.9868699436386428,299.0,0.2368487864732742
289,2.650594358292727e-09,0.2811990659849963,4.400091648101807,4.399862766265869,4.399980117404271,-0.1321129866670003,574.1103603607044,126,4.399939060211182,4.400015354156494,7.62939453125e-05,574.1103603607044,126,0.986763834953308,298.0,0.2368233203887939
290,1.750147989256337e-09,1.0579570222099102,4.400166034698486,4.399939060211182,4.40000659942627,2.4087566480818148,568.9365765769035,125,4.39997673034668,4.399939060211182,-3.7670135498046875e-05,568.9365765769035,125,0.986526223520438,297.0,0.2367662936449051
291,2.9490214988722342e-09,-0.1586680438474786,4.400091648101807,4.3998637199401855,4.399978501456125,-0.6067489368654884,573.9702202202752,126,4.399909019470215,4.400091648101807,0.0001826286315917,573.9702202202752,126,0.9864679848154386,296.0,0.2367523163557052
292,5.2363665028159245e-09,0.651396406352636,4.400241851806641,4.399865627288818,4.4000050113314675,0.7380623472729062,574.1841841842979,126,4.400015354156494,4.400015354156494,0.0,574.1841841842979,126,0.9863221397002538,295.0,0.2367173135280609
293,2.20969182659506e-09,-0.7829603369650909,4.400015354156494,4.399862766265869,4.39997242745899,-0.6253424112803478,574.1303803799674,126,4.39998197555542,4.399862766265869,-0.0001192092895507,574.1303803799674,126,0.9861556813120842,294.0,0.2366773635149002
294,1.0908941996084268e-09,-0.3189537583365772,4.400087833404541,4.399939060211182,4.400011766524542,0.73286277436481,574.0753253251314,126,4.399975776672363,4.400015354156494,3.9577484130859375e-05,574.0753253251314,126,0.9861241405208906,293.0,0.2366697937250137
295,2.183992610154082e-09,-0.2589883735814635,4.400091648101807,4.399862766265869,4.400000738719153,-0.0413184913990729,573.7775275278836,126,4.399946212768555,4.400091648101807,0.0001454353332519,573.7775275278836,126,0.9860532979170482,292.0,0.2366527915000915
296,2.0617851207914228e-09,-1.6954235112363258,4.400015354156494,4.399794578552246,4.39997581073216,3.239962539292054,574.0665665669367,126,4.399984359741211,4.400015354156494,3.0994415283203125e-05,574.0665665669367,126,0.9856577341755232,291.0,0.2365578562021255
297,1.8707317631963084e-09,-0.3186667494236405,4.40009069442749,4.399863243103027,4.399999562210924,0.2600888835288679,578.8634234238416,127,4.400015354156494,4.400015354156494,0.0,578.8634234238416,127,0.9854929521679878,290.0,0.236518308520317
298,4.5948725794654265e-09,0.3663803096769268,4.400166034698486,4.399864196777344,4.39999903280904,-0.5192242902107251,579.0690090088174,127,4.400101184844971,4.400015354156494,-8.58306884765625e-05,579.0690090088174,127,0.985384670396646,289.0,0.236492320895195
299,3.0508910842602038e-09,0.3700079062771771,4.400157928466797,4.399864673614502,4.399977895948622,0.715699650828749,573.8826326327398,126,4.400015354156494,4.399939060211182,-7.62939453125e-05,573.8826326327398,126,0.9850991268952688,288.0,0.2364237904548645
300,3.3360445250143543e-09,-0.0760119370334368,4.400163650512695,4.399875164031982,4.400015815855965,-0.3848673344609885,573.7775275278836,126,4.399974346160889,4.400015354156494,4.100799560546875e-05,573.7775275278836,126,0.9850449239214262,287.0,0.2364107817411422
301,4.629598402371429e-09,0.1314788092602206,4.400163173675537,4.399865627288818,4.400001897586613,-0.5254262126156126,578.4863063059747,127,4.400091648101807,4.399939060211182,-0.000152587890625,578.4863063059747,127,0.984811782836914,286.0,0.2363548278808593
302,4.479357118584991e-09,-0.0631702493353113,4.400090217590332,4.399862766265869,4.399968826864648,-1.0783352339026564,578.4358558561653,127,4.400021553039551,4.400015354156494,-6.198883056640625e-06,578.4358558561653,127,0.9846430271863936,285.0,0.2363143265247345
303,3.141396206086023e-09,-0.1347249542626366,4.400091171264648,4.399864673614502,4.3999842733848755,-0.6375315569169109,578.6792792789638,127,4.400015354156494,4.400015354156494,0.0,578.6792792789638,127,0.9845659757653872,284.0,0.2362958341836929
304,2.7189335299872966e-09,-0.1393989506685185,4.400091648101807,4.3998637199401855,4.399986008020837,-0.1286289460445071,578.7221621619537,127,4.399973392486572,4.400091648101807,0.0001182556152343,578.7221621619537,127,0.984572246670723,283.0,0.2362973392009735
305,2.112040264463987e-09,0.8554826343669432,4.400167942047119,4.399939060211182,4.399999234825373,0.9985968983769062,583.405455455184,128,4.399973392486572,4.400167942047119,0.0001945495605468,583.405455455184,128,0.9841764345765114,282.0,0.2362023442983627
306,2.172873688501446e-09,-0.0208252724112272,4.400091648101807,4.399866580963135,4.399963442236185,-0.1888400762562567,583.385115114972,128,4.399977207183838,4.400091648101807,0.0001144409179687,583.385115114972,128,0.983842834830284,281.0,0.2361222803592682
307,2.2529216803923894e-09,-1.11819197865418,4.400015354156494,4.399799346923828,4.399962199750797,1.4909760706784732,588.4809609614313,129,4.399960041046143,4.400015354156494,5.53131103515625e-05,588.4809609614313,129,0.9836887319882712,280.0,0.236085295677185
308,2.471149479380693e-09,-0.4995624740424584,4.400091171264648,4.399863243103027,4.399994226891224,0.0736486259517628,578.582162162289,127,4.39996862411499,4.399939060211182,-2.956390380859375e-05,578.582162162289,127,0.9834805503487588,279.0,0.2360353320837021
309,2.6140251720313923e-09,0.9039137419116436,4.400091648101807,4.399939060211182,4.399980644847071,-0.5364549018406288,588.309269268997,129,4.400053977966309,4.399939060211182,-0.0001149177551269,588.309269268997,129,0.983326385418574,278.0,0.2359983325004577
310,3.3966538628118806e-09,0.0438661795967954,4.400161266326904,4.399867534637451,4.400015715509653,0.2598488339794604,583.6508108107373,128,4.4000420570373535,4.400015354156494,-2.6702880859375e-05,583.6508108107373,128,0.9831512967745464,277.0,0.2359563112258911
311,4.538871745643426e-09,-0.3501225945374029,4.4001641273498535,4.399794578552246,4.399984188377857,0.6957128011807545,583.5287687685341,128,4.399970054626465,4.399939060211182,-3.0994415283203125e-05,583.5287687685341,128,0.982978381216526,276.0,0.2359148114919662
312,2.685859989358462e-09,-1.4713175230782254,4.400088310241699,4.399790287017822,4.399998985230923,3.400968671192479,583.4334234232083,128,4.400027751922607,4.399939060211182,-8.869171142578125e-05,583.4334234232083,128,0.982782617211342,275.0,0.235867828130722
313,2.988009615762173e-09,-0.090524829434454,4.400091171264648,4.3998637199401855,4.39998846501112,-0.6171808428546202,583.200780780986,128,4.4000701904296875,4.399939060211182,-0.0001311302185058,583.200780780986,128,0.982564004758994,274.0,0.2358153611421585
314,2.851625287609219e-09,-0.3399877935391981,4.400091648101807,4.399865627288818,4.399995867162943,-0.2818805484143545,583.0533133130521,128,4.399959087371826,4.400091648101807,0.0001325607299804,583.0533133130521,128,0.982284794251124,273.0,0.2357483506202697
315,2.348329696074913e-09,0.3326216755481759,4.400089740753174,4.399868488311768,4.399971263353215,-0.121223814784634,587.8403203208,129,4.3998918533325195,4.400015354156494,0.0001235008239746,587.8403203208,129,0.9822056318322818,272.0,0.2357293516397476
316,1.743663969455861e-09,0.8202262897218562,4.400091648101807,4.399939060211182,4.399990920872652,0.1964426221494273,588.0261061061174,129,4.40000057220459,4.399939060211182,-6.151199340820312e-05,588.0261061061174,129,0.981997512280941,271.0,0.2356794029474258
317,3.021284803734551e-09,-0.2840100477059766,4.400083541870117,4.399862766265869,4.399973093077194,-0.3943309454892052,588.0991391390562,129,4.399881839752197,4.400015354156494,0.0001335144042968,588.0991391390562,129,0.981745185951392,270.0,0.235618844628334
318,2.488770438844293e-09,0.3198789137187713,4.400091648101807,4.3998703956604,4.399983893907987,-0.1629837279960782,592.9390090089291,130,4.399959564208984,4.400091648101807,0.0001320838928222,592.9390090089291,130,0.9815409779548644,269.0,0.2355698347091674
319,6.2550316974760864e-09,0.1274084405069737,4.4001641273498535,4.399863243103027,4.400009654118464,-0.873959046184889,592.9506306303665,130,4.400015354156494,4.400015354156494,0.0,592.9506306303665,130,0.9813473249475162,268.0,0.2355233579874038
320,4.025277452301017e-09,-0.250836018316371,4.400091648101807,4.399862766265869,4.399970257376123,-0.8496915625238972,598.1329729733989,127,4.400058269500732,4.400091648101807,3.337860107421875e-05,598.1329729733989,127,0.9886352345347404,267.0,0.2372724562883377
321,3.504303748869755e-09,0.0573898143733886,4.400091648101807,4.399865627288818,4.399992011143611,-0.9357239310726566,596.7728528529406,130,4.400042533874512,4.400015354156494,-2.7179718017578125e-05,596.7728528529406,130,0.9883223101496696,266.0,0.2371973544359207
322,3.896868522958336e-09,-0.2670535950779645,4.400091648101807,4.399862766265869,4.399986876997837,-0.6098846743904884,591.6585385389626,129,4.400015354156494,4.400091648101807,7.62939453125e-05,591.6585385389626,129,0.9876825536290804,265.0,0.2370438128709793
323,2.992540787966959e-09,0.8001533914929101,4.400157451629639,4.399868488311768,4.399986875974215,0.5592718304342168,596.7470270274207,130,4.40009069442749,4.400015354156494,-7.534027099609375e-05,596.7470270274207,130,0.987035036087036,264.0,0.2368884086608886
324,1.5402656274121355e-09,0.3952907281407567,4.400090217590332,4.399939060211182,4.399990437580989,-0.4707447462457179,596.2421321319416,130,4.400015354156494,4.399939060211182,-7.62939453125e-05,596.2421321319416,130,0.9864032889405888,263.0,0.2367367893457412
325,2.2087228652419227e-09,0.0206412371634366,4.400089263916016,4.399867057800293,4.399995565414429,-0.3186285792091201,595.8650750750676,130,4.400015354156494,4.400015354156494,0.0,595.8650750750676,130,0.9858721867203712,262.0,0.2366093248128891
326,3.426131621700394e-09,-0.817560772550002,4.400091648101807,4.399795055389404,4.399994923518254,1.1701015054172077,595.799219219014,130,4.400091648101807,4.400015354156494,-7.62939453125e-05,595.799219219014,130,0.9852886820832888,261.0,0.2364692836999893
327,1.7829120346658011e-09,0.4089585112491595,4.400154113769531,4.399942874908447,4.400024762520423,0.5933092592459595,595.5809909906238,130,4.399946689605713,4.400015354156494,6.866455078125e-05,595.5809909906238,130,0.9848181158304214,260.0,0.2363563477993011
328,2.44793564454637e-09,-0.5007994302008163,4.400091648101807,4.399867057800293,4.400018626496992,0.0897345534600413,600.0768768768758,131,4.399948596954346,4.399939060211182,-9.5367431640625e-06,600.0768768768758,131,0.9843556210398674,259.0,0.2362453490495681
329,1.823803877569196e-09,0.3326236043857404,4.400091648101807,4.399939060211182,4.400009380952093,-0.3044522786323704,600.2668668664992,131,4.400015354156494,4.399939060211182,-7.62939453125e-05,600.2668668664992,131,0.9838225319981576,258.0,0.2361174076795578
330,4.063509909063004e-09,-0.4208309275615373,4.400091171264648,4.399864196777344,4.399999640370143,-1.0293024339448786,600.0664664665237,131,4.399940013885498,4.399939060211182,-9.5367431640625e-07,600.0664664665237,131,0.9833371887604396,257.0,0.2360009253025055
331,2.160233524625249e-09,-0.3783929699388536,4.400087833404541,4.399869918823242,4.399971823655922,-0.4740383354377351,599.7645645644516,131,4.400015354156494,4.400015354156494,0.0,599.7645645644516,131,0.9827600792050362,256.0,0.2358624190092086
332,3.4351875504527483e-09,-0.3673738494262501,4.400091648101807,4.399862766265869,4.399987741281058,-0.371109659020878,599.5095095094293,131,4.400012016296387,4.400091648101807,7.963180541992188e-05,599.5095095094293,131,0.982237420976162,255.0,0.2357369810342788
333,2.282421948185261e-09,-0.3444293150657741,4.400091648101807,4.399865627288818,4.400000117207301,0.3105183407767287,599.3221221221611,131,4.400087356567383,4.400015354156494,-7.200241088867188e-05,599.3221221221611,131,0.9817996993660928,254.0,0.2356319278478622
334,2.282940141202953e-09,-0.2761385043482796,4.400091648101807,4.3998637199401855,4.399995803833008,-0.0938451363307657,598.9226226229221,131,4.400084018707275,4.399939060211182,-0.0001449584960937,598.9226226229221,131,0.9813309957583746,253.0,0.2355194389820099
335,2.183055038716805e-09,0.0554416860449474,4.400091648101807,4.399866580963135,4.399992773027131,0.2223907010920669,603.7998498501256,132,4.400015354156494,4.400015354156494,0.0,603.7998498501256,132,0.980932948489984,252.0,0.2354239076375961
336,3.369010778426537e-09,0.0826331810236196,4.400156497955322,4.399866580963135,4.400006218390032,-0.7441889696990986,603.9139339337125,132,4.400069713592529,4.399939060211182,-0.0001306533813476,603.9139339337125,132,0.98039743800958,251.0,0.2352953851222992
337,1.4111831060118052e-09,-0.6349343727037529,4.400089740753174,4.399866580963135,4.400000272375165,1.486589866453603,603.7867367370054,132,4.400015354156494,4.400015354156494,0.0,603.7867367370054,132,0.9799330184857052,250.0,0.2351839244365692
338,3.370766086896115e-09,0.1685029403606699,4.400160312652588,4.399893283843994,4.4000174926989,-0.5548701598321606,603.3395795794204,132,4.399893283843994,4.400015354156494,0.0001220703125,603.3395795794204,132,0.9794767325123152,249.0,0.2350744158029556
339,2.3976341932585895e-09,-0.1384441481055598,4.400091171264648,4.399867534637451,4.399985714962608,-0.4426465129424071,608.1870270268992,133,4.400008201599121,4.399939060211182,-6.914138793945312e-05,608.1870270268992,133,0.9791103502114614,248.0,0.2349864840507507
340,3.415886842364467e-09,0.0954819486835251,4.400091648101807,4.399862766265869,4.399972241623957,-0.6331541010616948,608.1156756756827,133,4.399939060211182,4.400091648101807,0.000152587890625,608.1156756756827,133,0.9786580378810564,247.0,0.2348779290914535
341,2.812015179075644e-09,0.1618004272932967,4.400091648101807,4.3998637199401855,4.399996158771945,-0.7453601994968255,607.991471471265,133,4.399939060211182,4.400015354156494,7.62939453125e-05,607.991471471265,133,0.9782479455073676,246.0,0.2347795069217682
342,4.83943758738467e-09,-0.930741665694112,4.400091648101807,4.399788856506348,4.399991063929316,0.6127521981207367,612.7998298294842,134,4.400015354156494,4.400015354156494,0.0,612.7998298294842,134,0.9776915734012922,245.0,0.2346459776163101
343,1.855578321304119e-09,-0.0779288834257652,4.400091648101807,4.3998637199401855,4.3999971062389776,0.0759205793626049,612.4669969966635,134,4.40008544921875,4.400015354156494,-7.009506225585938e-05,612.4669969966635,134,0.9771895905335743,244.0,0.2345255017280578
344,2.9101811115169952e-09,0.227638578439553,4.400089740753174,4.39986515045166,4.39997531406915,-0.4993884885288686,612.710630630143,134,4.3999834060668945,4.400015354156494,3.1948089599609375e-05,612.710630630143,134,0.976741686463356,243.0,0.2344180047512054
345,3.083175048159681e-09,-1.6217327451486794,4.400015354156494,4.399718761444092,4.399957508511013,3.717507426208393,617.1659059058875,135,4.39993953704834,4.400015354156494,7.581710815429688e-05,617.1659059058875,135,0.9763315320014954,242.0,0.2343195676803589
346,2.375715047123772e-09,-0.1591314355448003,4.400088310241699,4.399862766265869,4.399970855285872,0.0849330676989015,612.2819419419393,134,4.400015354156494,4.400015354156494,0.0,612.2819419419393,134,0.9758773570259412,241.0,0.2342105656862259
347,2.520367006848556e-09,-0.4120921241873048,4.400089740753174,4.399868965148926,4.399993871759485,-0.1468639372725317,617.2343143140897,135,4.3999552726745605,4.399939060211182,-1.621246337890625e-05,617.2343143140897,135,0.9755502144495648,240.0,0.2341320514678955
348,2.837357048514117e-09,0.4823610669773491,4.400162220001221,4.399939060211182,4.400008338339188,-0.4203982709075133,621.9148648651317,136,4.400015354156494,4.400015354156494,0.0,621.9148648651317,136,0.9752333164215088,239.0,0.2340559959411621
349,3.632220246772246e-09,0.5849862537037713,4.400161266326904,4.399867534637451,4.399991859407986,-0.0989762633659587,621.7729729730636,136,4.3999505043029785,4.400015354156494,6.4849853515625e-05,621.7729729730636,136,0.9751873090863228,238.0,0.2340449541807174
350,3.7249345196196195e-09,-0.6771395579372258,4.400091648101807,4.399795055389404,4.3999969199851705,0.7282244392336219,616.7889889888465,135,4.400074481964111,4.399939060211182,-0.0001354217529296,616.7889889888465,135,0.9745522712667783,237.0,0.2338925451040268
351,3.549242666931199e-09,-0.1725860656774193,4.400091648101807,4.399803161621094,4.399961121877035,-0.4672819738270442,616.5113313309848,135,4.399999618530273,4.400015354156494,1.5735626220703125e-05,616.5113313309848,135,0.9740044673283896,236.0,0.2337610721588134
352,2.5143164192640043e-09,-0.0971463761577363,4.400091171264648,4.399862766265869,4.399990618228912,-0.6251364213446107,621.2891891887411,136,4.400061130523682,4.400015354156494,-4.57763671875e-05,621.2891891887411,136,0.9734459842244784,235.0,0.2336270362138748
353,6.1889783774742215e-09,-0.1527508453648068,4.400162696838379,4.399791240692139,4.399970415760489,-0.5106576196036756,621.2121621621773,136,4.400015354156494,4.399862766265869,-0.000152587890625,621.2121621621773,136,0.9729983285069466,234.0,0.2335195988416671
354,1.411135993896565e-09,0.3549458350472443,4.400091648101807,4.399939060211182,4.40000279280391,0.2773624650213375,625.907667667605,137,4.399963855743408,4.399939060211182,-2.47955322265625e-05,625.907667667605,137,0.9725441535313925,233.0,0.2334105968475341
355,1.2700607326959795e-09,0.1926712306209063,4.400091648101807,4.399939060211182,4.399994181890557,-0.1498153924936169,626.0683083087206,137,4.400048732757568,4.400091648101807,4.291534423828125e-05,626.0683083087206,137,0.9721086050073308,232.0,0.2333060652017593
356,2.56614931915618e-09,-0.4424430367267261,4.400091648101807,4.399868011474609,4.400011750235074,-0.2708326352442323,630.956996996887,138,4.400015354156494,4.400015354156494,0.0,630.956996996887,138,0.9716441854834555,231.0,0.2331946045160293
357,3.5231233477563242e-09,-0.6450627529406143,4.40009069442749,4.3997931480407715,4.399989256893631,0.4651301615021519,625.6272272272035,137,4.3999738693237305,4.400015354156494,4.1484832763671875e-05,625.6272272272035,137,0.9711711977918944,230.0,0.2330810874700546
358,2.8708818906435766e-09,0.623459990452883,4.400091648101807,4.399862766265869,4.399975583173227,-0.0795357605504762,630.4619319317862,138,4.399988174438477,4.400091648101807,0.00010347366333,630.4619319317862,138,0.9708734850088756,229.0,0.2330096364021301
359,4.481556417926961e-09,0.6750901975549233,4.400243282318115,4.399867057800293,4.399993879207666,1.2787577057511577,630.350850851275,138,4.400015354156494,4.399939060211182,-7.62939453125e-05,630.350850851275,138,0.9704462562998136,228.0,0.2329071015119552
360,4.014966477646796e-09,0.3765110979933481,4.400160312652588,4.399862766265869,4.399990752123404,0.2009882260232496,630.2767967963591,138,4.399974346160889,4.399862766265869,-0.0001115798950195,630.2767967963591,138,0.9699171409010888,227.0,0.2327801138162613
361,4.704141644174517e-09,0.2322468454885564,4.400158882141113,4.399862766265869,4.399978755176932,-0.3827440224873544,630.3371371375397,138,4.3999247550964355,4.400015354156494,9.059906005859376e-05,630.3371371375397,138,0.9693673501412076,226.0,0.2326481640338897
362,2.2114619709026828e-09,0.7897353990335144,4.400085926055908,4.399864196777344,4.399963828299543,0.2587025322869047,634.8262462457642,139,4.399991512298584,4.399939060211182,-5.245208740234375e-05,634.8262462457642,139,0.9689443434278172,225.0,0.2325466424226761
363,2.8995180167583447e-09,0.3983704949415957,4.4001641273498535,4.39987325668335,4.400004503538283,0.3851679561455858,634.7654654653743,139,4.400029182434082,4.400091648101807,6.246566772460938e-05,634.7654654653743,139,0.9684090813000996,224.0,0.2324181795120239
364,2.309672273638906e-09,-0.5185406298790866,4.400015354156494,4.399862766265869,4.399964905471253,-0.7637605395391089,634.7184984982014,139,4.39995813369751,4.400015354156494,5.7220458984375e-05,634.7184984982014,139,0.9678319096565248,223.0,0.2322796583175659
365,3.4374303180052692e-09,0.3431794850201801,4.400091648101807,4.399864673614502,4.399973154067993,-0.6380609236858996,639.3707807809114,140,4.400015354156494,4.400015354156494,0.0,639.3707807809114,140,0.9673715258638064,222.0,0.2321691662073135
366,2.681522432855493e-09,0.4560311694306716,4.400091648101807,4.399874210357666,4.39998517377036,-0.6131932555362889,639.3290390390903,140,4.399939060211182,4.399939060211182,0.0,639.3290390390903,140,0.9670193617542584,221.0,0.232084646821022
367,4.294349522790575e-09,-0.4547626567378993,4.400091648101807,4.399862766265869,4.400002266498322,-0.4851153043061891,644.2200200203806,141,4.399957180023193,4.400015354156494,5.817413330078125e-05,644.2200200203806,141,0.9670256326595944,220.0,0.2320861518383026
368,3.409503549422335e-09,-0.0071224911458787,4.400091648101807,4.399864196777344,4.399984700339181,-0.618647230736411,638.9742342345417,140,4.400091648101807,4.400015354156494,-7.62939453125e-05,638.9742342345417,140,0.9664152438441912,219.0,0.2319396585226059
369,2.737570768269921e-09,0.3588384668475658,4.400091648101807,4.399939060211182,4.400001515660967,-1.1277628825359975,639.2552952952683,140,4.399939060211182,4.400015354156494,7.62939453125e-05,639.2552952952683,140,0.9656632939974468,218.0,0.2317591905593872
370,2.614465744338476e-09,0.1315691378612226,4.400091648101807,4.399864673614502,4.399971079319082,-0.4283389422844159,643.8038038033992,141,4.399916648864746,4.400091648101807,0.0001749992370605,643.8038038033992,141,0.9648801138003668,217.0,0.231571227312088
371,3.985660824097121e-09,-0.0199675101585597,4.400091648101807,4.399862766265869,4.39998223257403,-0.8249491541774931,643.6720720725134,141,4.400043487548828,4.400015354156494,-2.8133392333984375e-05,643.6720720725134,141,0.9643010795116423,216.0,0.2314322590827942
372,2.141083940516631e-09,0.773701859769186,4.400163173675537,4.399939060211182,4.400000914721422,0.92074748986193,648.218918918632,142,4.399974346160889,4.400015354156494,4.100799560546875e-05,648.218918918632,142,0.9638012076417606,215.0,0.2313122898340225
373,3.284113884129621e-09,0.183277492373614,4.400161266326904,4.399869918823242,4.399999405120636,0.4106969744286162,653.1687287287787,143,4.400063991546631,4.400091648101807,2.765655517578125e-05,653.1687287287787,143,0.9633509442210196,214.0,0.2312042266130447
374,3.989575480007783e-09,-0.4070845449918749,4.400165557861328,4.399803638458252,4.3999999519828314,0.8858896531841114,653.2739139143378,143,4.39990234375,4.400091648101807,0.0001893043518066,653.2739139143378,143,0.9628341843684516,213.0,0.2310802042484283
375,3.148786536120647e-09,-0.0694460913114132,4.400154113769531,4.3998003005981445,4.39998399707633,1.6837298424612723,648.0184984989464,142,4.400154113769531,4.400015354156494,-0.0001387596130371,648.0184984989464,142,0.9623073041439056,212.0,0.2309537529945373
376,3.249202675150058e-09,-0.2808162090003306,4.400089740753174,4.399862766265869,4.399983312700178,-0.4499114162693334,652.774994995445,143,4.399920463562012,4.399939060211182,1.8596649169921875e-05,652.774994995445,143,0.9618470445275308,211.0,0.2308432906866073
377,2.256732773228842e-09,-0.1686867910464191,4.400091648101807,4.399868965148926,4.400000048684073,-0.3782418380617853,652.9086086088791,143,4.400024890899658,4.400091648101807,6.67572021484375e-05,652.9086086088791,143,0.9614986057082812,210.0,0.2307596653699875
378,2.745524276403039e-09,0.8778645489959059,4.400160312652588,4.399939060211182,4.3999929361410075,0.0308743878833936,652.6328528532758,143,4.40010404586792,4.400015354156494,-8.869171142578125e-05,652.6328528532758,143,0.9615696966648102,209.0,0.2307767271995544
379,3.719024611826416e-09,-0.0308501457734795,4.400158405303955,4.399862766265869,4.399975179792284,0.2041780791807306,652.0841841837391,143,4.4000020027160645,4.399862766265869,-0.0001392364501953,652.0841841837391,143,0.9607783208290736,208.0,0.2305867969989776
380,2.263423243068891e-09,0.0612200329512493,4.40009069442749,4.399866580963135,4.399987277451095,-0.3804701685080291,652.2959759756923,143,4.399950981140137,4.399939060211182,-1.1920928955078123e-05,652.2959759756923,143,0.9600095450878144,207.0,0.2304022908210754
381,2.676063740455628e-09,-0.3941025391463611,4.400086402893066,4.399862766265869,4.399975955486298,-0.2477642539897573,656.6090490492061,144,4.400015354156494,4.399939060211182,-7.62939453125e-05,656.6090490492061,144,0.9594219426314036,206.0,0.2302612662315368
382,6.129898888407392e-09,-0.3356100285950703,4.400160789489746,4.399795055389404,4.399997631708781,-0.4768976629636783,656.8051551552489,144,4.400015354156494,4.400015354156494,0.0,656.8051551552489,144,0.9589868287245432,205.0,0.2301568388938903
383,2.9089897856516422e-09,-0.4721212875054792,4.400089263916016,4.399866104125977,4.400003770987193,-0.4818920788103864,656.3943343339488,144,4.400053977966309,4.400015354156494,-3.8623809814453125e-05,656.3943343339488,144,0.958457464973132,204.0,0.2300297915935516
384,2.5209427938088607e-09,0.1500392476106711,4.400160789489746,4.399868965148926,4.399995096798601,1.5003335598291505,661.1171171171591,145,4.399984359741211,4.400015354156494,3.0994415283203125e-05,661.1171171171591,145,0.9580782304207484,203.0,0.2299387753009796
385,1.744755873577897e-09,-0.0524537918376071,4.40009069442749,4.399865627288818,4.39997923374176,0.28191587887222,655.9362762765959,144,4.399939060211182,4.400015354156494,7.62939453125e-05,655.9362762765959,144,0.95769918213288,202.0,0.2298478037118911
386,2.383446687184273e-09,0.047027588087644,4.40009069442749,4.399867534637451,4.399983004865975,-0.4738221559158004,660.6933333333582,145,4.399939060211182,4.399939060211182,0.0,660.6933333333582,145,0.95723873625199,201.0,0.2297372967004776
387,2.314481659710905e-09,-0.0567515797510297,4.40009069442749,4.399939060211182,4.400006708605536,-1.1963119623589442,661.0421621622518,145,4.400025844573975,4.399939060211182,-8.678436279296875e-05,661.0421621622518,145,0.9574177985390028,200.0,0.2297802716493606
388,3.103644265529927e-09,-0.043164938947315,4.40015983581543,4.399868011474609,4.399995214409298,0.1281400248361266,655.6542842844501,144,4.399961471557617,4.399939060211182,-2.2411346435546875e-05,655.6542842844501,144,0.956849070886771,199.0,0.229643777012825
389,1.7586969428904132e-09,0.4061578885572086,4.400086879730225,4.399862766265869,4.399982257021798,-0.1458605529558641,655.5454954952002,144,4.399952411651611,4.399862766265869,-8.96453857421875e-05,655.5454954952002,144,0.9562720234195392,198.0,0.2295052856206894
390,2.8917147086396227e-09,-0.7085403515090021,4.400091171264648,4.399867057800293,4.40000629753902,0.0779038212381491,659.8472072072327,145,4.399878978729248,4.400015354156494,0.000136375427246,659.8472072072327,145,0.9556721895933152,197.0,0.2293613255023956
391,1.9680690664217168e-09,-0.6611834495746034,4.400088310241699,4.399863243103027,4.399989710182979,0.4305041325596246,659.9481081077829,145,4.4000043869018555,4.399939060211182,-6.532669067382812e-05,659.9481081077829,145,0.9551201636592548,196.0,0.2292288392782211
392,3.144483974605559e-09,-0.3913772259032116,4.400091648101807,4.399863243103027,4.400002590597492,-0.4330323291176219,664.6355855856091,146,4.399939060211182,4.400015354156494,7.62939453125e-05,664.6355855856091,146,0.9547012547651929,195.0,0.2291283011436462
393,4.017659697310452e-09,-0.3494206191661362,4.400091648101807,4.399787902832031,4.399981442813216,-0.0043403498782175,659.2187387384474,145,4.400091648101807,4.400091648101807,0.0,659.2187387384474,145,0.954260490834713,194.0,0.2290225178003311
394,3.97281339779699e-09,-0.5906126539141695,4.400091648101807,4.399799346923828,4.3999947942536455,0.5172894851058301,659.3441441440955,145,4.400025844573975,4.400015354156494,-1.049041748046875e-05,659.3441441440955,145,0.9539393708109856,193.0,0.2289454489946365
395,1.9189323737504366e-09,0.1006159243396163,4.400086402893066,4.399869441986084,4.399982241926522,-0.0461579370335418,659.0255855852738,145,4.399962425231934,4.400015354156494,5.2928924560546875e-05,659.0255855852738,145,0.9535308306415876,192.0,0.228847399353981
396,1.453162322872167e-09,0.0327459823571484,4.400091648101807,4.399939060211182,4.400001258066256,-0.3390602001443148,663.557157156989,146,4.400091648101807,4.399939060211182,-0.000152587890625,663.557157156989,146,0.9532247359553974,191.0,0.2287739366292953
397,2.716337614546059e-09,-0.0803014599445058,4.400091648101807,4.399864673614502,4.399981906969253,-0.2115000366201109,663.4004004001617,146,4.399939060211182,4.399939060211182,0.0,663.4004004001617,146,0.9528912603855132,190.0,0.2286939024925232
398,2.2813869856683903e-09,-0.2176278337081831,4.400087356567383,4.399863243103027,4.399965434238829,-0.793416774586174,658.1650450453162,145,4.400087356567383,4.400015354156494,-7.200241088867188e-05,658.1650450453162,145,0.9524558981259664,189.0,0.2285894155502319
399,1.738129378867305e-09,0.1293007501738604,4.40008544921875,4.399866104125977,4.399982495143496,0.4916599493047471,658.2327927928418,145,4.400005340576172,4.400015354156494,1.0013580322265623e-05,658.2327927928418,145,0.952228717505932,188.0,0.2285348922014236
400,2.814982430892048e-09,-0.4851433218136216,4.400091648101807,4.399863243103027,4.399997750644026,0.0472118879158252,657.8551351353526,145,4.399935722351074,4.399939060211182,3.337860107421875e-06,657.8551351353526,145,0.951984835167726,187.0,0.2284763604402542
401,2.860819134418038e-09,0.0960135614986911,4.400086879730225,4.399865627288818,4.399980781818258,-0.6663123721740001,657.9733333336189,145,4.400006294250488,4.400015354156494,9.059906005859377e-06,657.9733333336189,145,0.9514433021346728,186.0,0.2283463925123214
402,3.378989342986142e-09,-0.0496031481793551,4.400091648101807,4.399864196777344,4.399974711953777,-0.7653422893953672,662.5817817822099,146,4.400007247924805,4.400091648101807,8.440017700195312e-05,662.5817817822099,146,0.9511454030871392,185.0,0.2282748967409134
403,2.511921860186368e-09,-0.17988868222229,4.400091648101807,4.399867534637451,4.399989036664571,-0.3580908389552757,662.3495495496318,146,4.4000139236450195,4.399939060211182,-7.486343383789062e-05,662.3495495496318,146,0.9507914384206136,184.0,0.2281899452209472
404,2.60160194727659e-09,0.6208498045465831,4.400163650512695,4.399939060211182,4.4000173790814125,0.1430490422538319,662.1071571568027,146,4.4000244140625,4.400091648101807,6.723403930664062e-05,662.1071571568027,146,0.9504646062850952,183.0,0.2281115055084228
405,1.7600140315815147e-09,0.6963721821697565,4.400150775909424,4.399940013885498,4.400010484538666,0.8765851563444569,661.8966966969892,146,4.400086879730225,4.400015354156494,-7.152557373046875e-05,661.8966966969892,146,0.9502123420437176,182.0,0.2280509620904922
406,2.8358397515096703e-09,0.1305500973462888,4.400091648101807,4.399866104125977,4.399986025405257,-0.7779054358231905,661.8633133135736,146,4.399999141693115,4.400091648101807,9.250640869140624e-05,661.8633133135736,146,0.949933131535848,181.0,0.2279839515686035
407,2.853429473557231e-09,0.6508559210790116,4.400154113769531,4.399866580963135,4.399977226779885,0.9658736184740336,661.9431431433186,146,4.400077819824219,4.400015354156494,-6.246566772460938e-05,661.9431431433186,146,0.9494916225473088,180.0,0.227877989411354
408,2.3132459432149315e-09,-0.1764938999264813,4.400086402893066,4.399864196777344,4.3999879000938105,-0.0956280424219899,661.7544544544071,146,4.400027275085449,4.400015354156494,-1.1920928955078123e-05,661.7544544544071,146,0.9492392962177596,179.0,0.2278174310922622
409,1.9783666000645836e-09,0.0895498435432047,4.400089263916016,4.399864673614502,4.399995000395056,-0.1394811872931329,661.7675175173208,146,4.399939060211182,4.400015354156494,7.62939453125e-05,661.7675175173208,146,0.9488436082998912,178.0,0.2277224659919738
410,2.0268457608962196e-09,-0.0071853151515766,4.400085926055908,4.399862766265869,4.399960824888047,-0.1521474868666854,661.4365865867585,146,4.3999409675598145,4.399862766265869,-7.82012939453125e-05,661.4365865867585,146,0.948572779695193,177.0,0.2276574671268463
411,3.681255956855387e-09,-0.6880529871488201,4.400088787078857,4.399792194366455,4.399963563802291,0.0155139343148911,666.3095095092431,147,4.399863243103027,4.400015354156494,0.0001521110534667,666.3095095092431,147,0.9482371310393016,176.0,0.2275769114494323
412,4.0420610482474734e-09,-0.5468734553877656,4.400091648101807,4.399865627288818,4.400014040421467,-0.7271725747523368,665.9952952954918,147,4.400010108947754,4.400015354156494,5.245208740234375e-06,665.9952952954918,147,0.9479664886991184,175.0,0.2275119572877884
413,2.891436849711598e-09,-0.3383087762265148,4.400091648101807,4.399868011474609,4.400010799875065,-0.4491767602934211,665.7877677679062,147,4.400015354156494,4.400015354156494,0.0,665.7877677679062,147,0.9476291636625926,174.0,0.2274309992790222
414,3.327455610418305e-09,0.271510185369233,4.4001569747924805,4.399864196777344,4.399999835864216,-0.2213320702632986,665.8739939937368,147,4.400082588195801,4.400015354156494,-6.723403930664062e-05,665.8739939937368,147,0.9475395083427428,173.0,0.2274094820022583
415,1.6772669106633892e-09,-0.5286771293904958,4.400091648101807,4.3998703956604,4.399994545242413,0.6639244869227046,665.9309909911826,147,4.399947643280029,4.400015354156494,6.771087646484375e-05,665.9309909911826,147,0.947277123729388,172.0,0.2273465096950531
416,4.557459262336847e-09,0.5629166520417824,4.400166034698486,4.399866580963135,4.399999073573521,-0.5380564787517415,665.172492492944,147,4.400091648101807,4.399939060211182,-0.000152587890625,665.172492492944,147,0.9470395743846892,171.0,0.2272894978523254
417,2.129656590318555e-09,0.2119810789634472,4.400088787078857,4.399875164031982,4.399990764824119,-0.4771502380995058,670.3317717714235,148,4.400014400482178,4.399939060211182,-7.534027099609375e-05,670.3317717714235,148,0.9466772278149924,170.0,0.2272025346755981
418,2.465519319742139e-09,-0.428167388444319,4.400086402893066,4.399863243103027,4.399975598263903,-0.5467697964634248,664.9810410412028,147,4.400015354156494,4.400015354156494,0.0,664.9810410412028,147,0.9464563181002936,169.0,0.2271495163440704
419,3.989952875285034e-09,0.5331190062261713,4.400167465209961,4.399867057800293,4.3999886707383755,-0.0205496040426851,665.3493293290958,147,4.399868965148926,4.400015354156494,0.0001463890075683,665.3493293290958,147,0.9460500751932462,168.0,0.2270520180463791
420,3.274817918226481e-09,1.2375100823403606,4.4001641273498535,4.399939060211182,4.399985922143815,0.8502254744439051,662.2112112110481,141,4.400023460388184,4.400015354156494,-8.106231689453125e-06,662.2112112110481,141,0.9592742969592412,167.0,0.2302258312702179
421,2.3140946044496415e-09,-0.3880186424126542,4.40009069442749,4.399864673614502,4.399997071044086,0.0326367283798507,667.5979979978874,146,4.399864673614502,4.399939060211182,7.43865966796875e-05,667.5979979978874,146,0.958038680255413,166.0,0.2299292832612991
422,2.3269615271556543e-09,0.0729364757422585,4.400091648101807,4.39986515045166,4.399981276629722,-0.4699941491974466,666.9811311308295,146,4.400015354156494,4.400015354156494,0.0,666.9811311308295,146,0.9566931053996086,165.0,0.229606345295906
423,2.80431091689912e-09,0.2939532411134335,4.400091648101807,4.3998703956604,4.399990258151537,-0.6609981591067275,665.8199699698016,146,4.400025844573975,4.400015354156494,-1.049041748046875e-05,665.8199699698016,146,0.9554369375109673,164.0,0.2293048650026321
424,3.075904465326885e-09,0.943156389346746,4.40016508102417,4.399939060211182,4.399994908946834,0.3355478834574588,665.3627627631649,146,4.4000163078308105,4.400015354156494,-9.5367431640625e-07,665.3627627631649,146,0.9545434266328812,163.0,0.2290904223918914
425,4.226447312339716e-09,-0.0806718646576165,4.400091648101807,4.399862766265869,4.399977840789377,-0.8744530716041767,664.4802802801132,146,4.400090217590332,4.400015354156494,-7.486343383789062e-05,664.4802802801132,146,0.9538245076934496,162.0,0.2289178818464279
426,2.331248267393614e-09,-0.3196443802818413,4.400088787078857,4.399864673614502,4.399980146590978,-0.3115500703693095,664.3902902901173,146,4.399953842163086,4.399939060211182,-1.4781951904296877e-05,664.3902902901173,146,0.9532519926627476,161.0,0.2287804782390594
427,3.211697050795684e-09,-0.2292405202683535,4.400091171264648,4.399862766265869,4.3999811263933575,-0.4045041291083904,663.4802302299067,146,4.400012016296387,4.400015354156494,3.337860107421875e-06,663.4802302299067,146,0.9523586680491766,160.0,0.2285660803318023
428,2.88973541083021e-09,-0.4719633610414349,4.400087833404541,4.399862766265869,4.399987743325429,-0.0473568327992932,663.1768768765032,146,4.400087833404541,4.399939060211182,-0.0001487731933593,663.1768768765032,146,0.9514600038528442,159.0,0.2283504009246826
429,3.321957108385404e-09,0.4069846999533251,4.400156497955322,4.399864673614502,4.39999703185199,-0.0072497579828274,662.7878878880292,146,4.399931907653809,4.400015354156494,8.344650268554688e-05,662.7878878880292,146,0.950858121116956,158.0,0.2282059490680694
430,2.619224878554406e-09,-0.8497501541602238,4.40008544921875,4.399862766265869,4.399973895451794,0.1090783470692629,662.7051551556215,146,4.399862766265869,4.400015354156494,0.000152587890625,662.7051551556215,146,0.9502456213037174,157.0,0.2280589491128921
431,1.670254813302705e-09,-0.3709639408823972,4.400081157684326,4.399867057800293,4.399975585288742,0.1593161709235091,666.9700900902972,147,4.399999618530273,4.399939060211182,-6.0558319091796875e-05,666.9700900902972,147,0.9497101729114852,156.0,0.2279304414987564
432,2.836123345698929e-09,0.1601674383155552,4.400091648101807,4.399864196777344,4.399979987112032,-0.3569991145290689,666.7611011015251,147,4.399868488311768,4.400015354156494,0.0001468658447265,666.7611011015251,147,0.949316347638766,155.0,0.2278359234333038
433,1.896273737309755e-09,0.156632527422692,4.400088310241699,4.399865627288818,4.3999741469344045,-0.0780084933672311,661.4902902906761,146,4.400015354156494,4.400015354156494,0.0,661.4902902906761,146,0.9491141264637312,154.0,0.2277873903512954
434,3.058185236458141e-09,-0.3022572715146434,4.4001593589782715,4.399867057800293,4.400015360644074,0.1623037154105926,666.1619019024074,147,4.40001916885376,4.400015354156494,-3.814697265625e-06,666.1619019024074,147,0.9482582410176597,153.0,0.2275819778442382
435,2.3913821527995758e-09,-0.380149581405323,4.400091648101807,4.399862766265869,4.399970966131509,-0.0827638840451947,666.1385185187683,147,4.4000139236450195,4.400015354156494,1.430511474609375e-06,666.1385185187683,147,0.947818470497926,152.0,0.2274764329195022
436,1.378700484274298e-09,0.6083977943922511,4.400091171264648,4.399939060211182,4.399977200696258,-0.4257696177172194,665.7804604601115,147,4.399939060211182,4.400015354156494,7.62939453125e-05,665.7804604601115,147,0.9474311023950576,151.0,0.2273834645748138
437,3.895595846394048e-09,0.0395825949039308,4.40016508102417,4.399862766265869,4.3999940092499195,0.0438846498307232,670.6054654652253,148,4.399997234344482,4.400015354156494,1.811981201171875e-05,670.6054654652253,148,0.9470541030168532,150.0,0.2272929847240448
438,4.02294258929748e-09,0.3824297763082628,4.400160789489746,4.399863243103027,4.400006017169437,-0.1134968001367289,670.9865765767172,148,4.400021553039551,4.399939060211182,-8.249282836914062e-05,670.9865765767172,148,0.9465333074331284,149.0,0.2271679937839508
439,4.336053939286232e-09,-0.6111009282766378,4.400090217590332,4.399789333343506,4.399977421273991,0.2601863320735762,665.3990190187469,147,4.399919509887695,4.400015354156494,9.584426879882812e-05,665.3990190187469,147,0.946212684114774,148.0,0.2270910441875457
440,4.252449695759126e-09,-0.120078824253438,4.400091648101807,4.399862766265869,4.399981882121112,-0.8796845778346967,669.888858858496,148,4.399939060211182,4.399939060211182,0.0,669.888858858496,148,0.9458833063642184,147.0,0.2270119935274124
441,2.9321801087349315e-09,0.2578803576004368,4.4001593589782715,4.399866580963135,4.399994508640186,0.40225230936869,670.0948648648337,148,4.399939060211182,4.399939060211182,0.0,670.0948648648337,148,0.9458372990290324,146.0,0.2270009517669677
442,2.646837725849243e-09,-0.4043259596610501,4.400090217590332,4.399862766265869,4.399979804013227,0.0926787471095287,669.9079879876226,148,4.400088310241699,4.400015354156494,-7.295608520507812e-05,669.9079879876226,148,0.9454665705561638,145.0,0.2269119769334793
443,1.6029880070459735e-09,0.7020257389176046,4.400084018707275,4.399874210357666,4.399970260826317,0.4085052653600467,669.7608408406377,148,4.399939060211182,4.399939060211182,0.0,669.7608408406377,148,0.9452709307273228,144.0,0.2268650233745575
444,4.810451146837567e-09,1.1059946162358067,4.40023946762085,4.399939060211182,4.400010249758727,0.9025060606066186,674.5511111114174,149,4.399940490722656,4.400091648101807,0.0001511573791503,674.5511111114174,149,0.9448944901426634,143.0,0.2267746776342392
445,2.4973695601953806e-09,0.3210162332797496,4.400162696838379,4.399867057800293,4.400002527881313,0.4612754644813628,669.5754354353994,148,4.399939060211182,4.399939060211182,0.0,669.5754354353994,148,0.9445293496052424,142.0,0.2266870439052581
446,4.029161646684135e-09,0.0185597723613966,4.4001545906066895,4.399863243103027,4.400001276259454,-0.606446052851144,674.3229629630223,149,4.400023937225342,4.399939060211182,-8.487701416015625e-05,674.3229629630223,149,0.9440525124470394,141.0,0.2265726029872894
447,4.1183588924578204e-09,0.4247045948610535,4.4001617431640625,4.399864196777344,4.399985326303018,-0.1442275760837623,669.1516516515985,148,4.400002956390381,4.399939060211182,-6.389617919921875e-05,669.1516516515985,148,0.9435026595989864,140.0,0.2264406383037567
448,1.618238760397786e-09,0.0279758657163364,4.400091648101807,4.399939060211182,4.400014240469709,-0.3169498110924467,673.9125925926492,149,4.400015354156494,4.399939060211182,-7.62939453125e-05,673.9125925926492,149,0.9431568905711174,139.0,0.2263576537370681
449,1.6290334388519942e-09,0.5039972840239405,4.400089740753174,4.399939060211182,4.399982051849365,-0.6465383925348371,678.8284884886816,150,4.399942874908447,4.399939060211182,-3.814697265625e-06,678.8284884886816,150,0.9429045642415684,138.0,0.2262970954179763
450,2.971376985316326e-09,0.0408389117483916,4.400091648101807,4.3998703956604,4.3999906762441,-0.6010096794057693,678.737507507205,150,4.399939060211182,4.400015354156494,7.62939453125e-05,678.737507507205,150,0.9425357605020206,137.0,0.2262085825204849
451,4.202199461380926e-09,0.4655610354464695,4.40015983581543,4.399866104125977,4.399996741612752,0.0104387347987384,678.6271371375769,150,4.399949073791504,4.400015354156494,6.628036499023438e-05,678.6271371375769,150,0.9422711407144864,136.0,0.2261450737714767
452,1.436889071201893e-09,0.4376800686820567,4.400091648101807,4.399939060211182,4.39999662399292,-0.293931663007323,678.3959559556097,150,4.4000115394592285,4.400091648101807,8.0108642578125e-05,678.3959559556097,150,0.9419940412044524,135.0,0.2260785698890686
453,2.914740278120454e-09,-0.5366635841732962,4.400091648101807,4.399864673614502,4.400003465016683,-0.0321542239716232,678.7017117114738,150,4.399913311004639,4.400015354156494,0.0001020431518554,678.7017117114738,150,0.9414670368035636,134.0,0.2259520888328552
454,2.707191969618182e-09,0.4104194407597333,4.400155544281006,4.399866104125977,4.399988864262899,0.9266937182298468,678.3049749750644,150,4.399957656860352,4.399939060211182,-1.8596649169921875e-05,678.3049749750644,150,0.9410773714383444,133.0,0.2258585691452026
455,2.953477926119059e-09,-0.5818649566528014,4.40009069442749,4.399791240692139,4.399980039596557,0.9651992683865817,678.1722322320566,150,4.400076866149902,4.400015354156494,-6.151199340820312e-05,678.1722322320566,150,0.9408898651599884,132.0,0.2258135676383972
456,2.512333187562677e-09,-0.2216823730765,4.400091648101807,4.399864673614502,4.399979871114095,-0.2540986094772566,677.7605805806816,150,4.400015354156494,4.400091648101807,7.62939453125e-05,677.7605805806816,150,0.9405813490351042,131.0,0.225739523768425
457,3.9104694830408965e-09,-0.0903088356479146,4.400091648101807,4.399862766265869,4.399992440541586,-0.8749869817051099,677.5801101103425,150,4.399956703186035,4.399939060211182,-1.7642974853515625e-05,677.5801101103425,150,0.9403088440497716,130.0,0.2256741225719452
458,3.6950245634272326e-09,-0.1593744036218222,4.400091648101807,4.399865627288818,4.400008975275305,-0.889248405745815,682.4534534532577,151,4.400008201599121,4.400015354156494,7.152557373046875e-06,682.4534534532577,151,0.9399401023983956,129.0,0.2255856245756149
459,2.092211851302769e-09,-0.5741957811606933,4.40009069442749,4.3998637199401855,4.400000436416525,0.56674269706774,682.5900900904089,151,4.400088310241699,4.400015354156494,-7.295608520507812e-05,682.5900900904089,151,0.939633697271347,128.0,0.2255120873451233
460,2.3082445293578063e-09,0.5178916304535752,4.400091648101807,4.399939060211182,4.399994168060505,-0.781819278629448,682.5480480482802,151,4.400038719177246,4.400091648101807,5.2928924560546875e-05,682.5480480482802,151,0.939462830622991,127.0,0.2254710793495178
461,1.9599585726774442e-09,-0.2796465915728949,4.400091648101807,4.399868011474609,4.400007355292112,0.3666569850510153,681.9804804809391,151,4.399967193603516,4.400015354156494,4.8160552978515625e-05,681.9804804809391,151,0.9391192967693012,126.0,0.2253886312246322
462,3.270116641746966e-09,-0.4393277703144117,4.400137424468994,4.399862766265869,4.399991910708578,0.0454426531301037,687.1739439442754,152,4.400137424468994,4.400091648101807,-4.57763671875e-05,687.1739439442754,152,0.9388005981842678,125.0,0.2253121435642242
463,2.840087758476135e-09,-0.4278126083292239,4.400086879730225,4.399862766265869,4.399986036565919,0.0218161502749278,682.292792792432,151,4.399968147277832,4.400015354156494,4.7206878662109375e-05,682.292792792432,151,0.938475752870242,124.0,0.225234180688858
464,3.184411635740928e-09,0.0471488641675018,4.400163650512695,4.399864196777344,4.399992447150381,0.1819690943911842,686.8943143142387,152,4.399957656860352,4.400015354156494,5.7697296142578125e-05,686.8943143142387,152,0.9381463130315144,123.0,0.2251551151275634
465,2.4083636456869182e-09,-0.5813178994702589,4.400091648101807,4.399864673614502,4.40000425514422,0.2254431173683024,687.2238238239661,152,4.4000325202941895,4.400015354156494,-1.71661376953125e-05,687.2238238239661,152,0.9378069390853246,122.0,0.2250736653804779
466,1.3868187060449207e-09,0.0501481057882308,4.400089740753174,4.399939060211182,4.400000213797576,-0.3293644038754371,691.9484284287319,153,4.3999528884887695,4.399939060211182,-1.3828277587890623e-05,691.9484284287319,153,0.9373526399334272,121.0,0.2249646335840225
467,2.144463833649445e-09,0.4255447556331592,4.400086879730225,4.399864673614502,4.399970804390154,-0.3615078845610306,686.4393493495882,152,4.399948596954346,4.400015354156494,6.67572021484375e-05,686.4393493495882,152,0.9369798004627228,120.0,0.2248751521110534
468,2.329428522107292e-09,-0.1729959583097526,4.400090217590332,4.399862766265869,4.399977141735601,-0.2829653565734951,691.7612812817097,153,4.399977684020996,4.399862766265869,-0.0001149177551269,691.7612812817097,153,0.936610996723175,119.0,0.224786639213562
469,3.510383771152015e-09,-0.0827007280601132,4.400165557861328,4.3998637199401855,4.399991674360886,-0.0442862062168947,691.3124324325472,153,4.3999714851379395,4.400015354156494,4.38690185546875e-05,691.3124324325472,153,0.9362943470478058,118.0,0.2247106432914734
470,5.173018790761043e-09,0.4977585903419358,4.40016508102417,4.399789333343506,4.399984032500024,-0.1273548708180949,691.1511511513963,153,4.400015354156494,4.400015354156494,0.0,691.1511511513963,153,0.9359529241919518,117.0,0.2246287018060684
471,3.247887198342212e-09,0.5222116890495849,4.400154113769531,4.399867534637451,4.399980691523334,0.4663011473972056,691.3626426430419,153,4.400009632110596,4.400015354156494,5.7220458984375e-06,691.3626426430419,153,0.9355005497733752,116.0,0.22452013194561
472,2.742040920554026e-09,0.0570337656173637,4.400091648101807,4.399862766265869,4.399986994730962,-0.3389964678070121,695.9126126123592,154,4.400003433227539,4.399939060211182,-6.437301635742188e-05,695.9126126123592,154,0.9349904333551724,115.0,0.2243977040052414
473,2.466455649702998e-09,-0.6334489830734589,4.400086879730225,4.399862766265869,4.399989508963251,0.4745342524878877,695.9585585584864,154,4.400052070617676,4.400015354156494,-3.6716461181640625e-05,695.9585585584864,154,0.9345931932330132,114.0,0.2243023663759231
474,2.536346044507191e-09,0.1561575395811306,4.400091648101807,4.399868011474609,4.399994500271686,-0.1618498652312654,696.0810810811818,154,4.399965286254883,4.400091648101807,0.0001263618469238,696.0810810811818,154,0.9340989713867506,113.0,0.2241837531328201
475,5.290746051759072e-09,0.0290949532260079,4.400167942047119,4.399795055389404,4.3999832522484565,-0.4649916265880351,700.9898098101839,155,4.399983882904053,4.400167942047119,0.0001840591430664,700.9898098101839,155,0.933553216358026,112.0,0.2240527719259262
476,1.8627194735291664e-09,-0.390262412425623,4.400091648101807,4.399865627288818,4.39997927347819,0.0104333144038903,705.4113613618538,156,4.400030612945557,4.400091648101807,6.103515625e-05,705.4113613618538,156,0.9327948714296024,111.0,0.2238707691431045
477,2.689753049643392e-09,-0.0787032618659302,4.40009069442749,4.399862766265869,4.399988067455781,-0.4058192523129733,705.4734234232455,156,4.399886131286621,4.399939060211182,5.2928924560546875e-05,705.4734234232455,156,0.932551237444083,110.0,0.2238122969865799
478,2.9789618500938622e-09,-0.1600853781881318,4.400091648101807,4.3998637199401855,4.399995828130443,-0.445193474577005,710.6151351351291,157,4.399988174438477,4.400015354156494,2.7179718017578125e-05,710.6151351351291,157,0.9322201833128928,109.0,0.2237328439950943
479,3.3225694274568963e-09,0.7115562679551135,4.40015983581543,4.399862766265869,4.399978862446584,0.4326580311546055,709.9093093089759,157,4.399934768676758,4.400015354156494,8.058547973632812e-05,709.9093093089759,157,0.9318115810553234,108.0,0.2236347794532776
480,2.602672777930159e-09,-0.5354676690366662,4.400091648101807,4.399863243103027,4.399993199568528,-0.1553439306035589,704.7395395394415,156,4.400015354156494,4.400091648101807,7.62939453125e-05,704.7395395394415,156,0.9317864974339805,107.0,0.2236287593841552
481,2.438045204994819e-09,0.1370179130071916,4.400091648101807,4.3998637199401855,4.399988414375645,-0.3199436283933412,710.202882883139,157,4.400015354156494,4.400091648101807,7.62939453125e-05,710.202882883139,157,0.9311990812420844,106.0,0.2234877794981002
482,5.681434432935993e-09,-0.5332361214308399,4.400166988372803,4.399791240692139,4.399993173635689,0.0782648123952785,710.0233033029363,157,4.3998918533325195,4.400091648101807,0.0001997947692871,710.0233033029363,157,0.9307907273372016,105.0,0.2233897745609283
483,4.09169482544705e-09,-0.2753175323534667,4.400091648101807,4.399796962738037,4.399964059234425,-0.2723328219934053,709.7453453456983,157,4.399966716766357,4.399939060211182,-2.765655517578125e-05,709.7453453456983,157,0.9301011140147846,104.0,0.2232242673635482
484,3.002213559053259e-09,0.9206614149922951,4.400166034698486,4.399939060211182,4.399999214124076,0.2023098467152282,714.1944144144654,158,4.399993419647217,4.400015354156494,2.193450927734375e-05,714.1944144144654,158,0.9295471012592316,103.0,0.2230913043022155
485,2.456145382420795e-09,0.2037115368299826,4.400164604187012,4.399869918823242,4.4000082805657845,0.2423083051823895,709.3330930927768,157,4.400023937225342,4.400015354156494,-8.58306884765625e-06,709.3330930927768,157,0.928782547513644,102.0,0.2229078114032745
486,3.6962927422547253e-09,-0.3108264398712062,4.400163650512695,4.399862766265869,4.4000187999797316,0.2337890970560137,719.1767767770216,159,4.399862766265869,4.400015354156494,0.000152587890625,719.1767767770216,159,0.9264304613073668,101.0,0.222343310713768
487,2.4837636883302195e-09,-0.9428041728747224,4.40009069442749,4.399789810180664,4.399983894899956,2.6513059601648363,717.7754954956472,159,4.400008201599121,4.400015354156494,7.152557373046875e-06,717.7754954956472,159,0.9272721906503042,100.0,0.222545325756073
488,3.20828032035489e-09,0.3218535060951618,4.400091648101807,4.399863243103027,4.399976763335414,-0.5502183536963199,717.8782982984558,159,4.399909496307373,4.399939060211182,2.956390380859375e-05,717.8782982984558,159,0.9267391016085944,99.0,0.2224173843860626
489,1.8706556394926982e-09,0.1370059030914394,4.400091648101807,4.399908065795898,4.400008461143397,-0.411218393018979,712.784714714624,158,4.399908065795898,4.400091648101807,0.0001835823059082,712.784714714624,158,0.927297150095304,98.0,0.2225513160228729
490,2.126212528724442e-09,-0.9622703396139834,4.400088310241699,4.399786472320557,4.400005955366218,2.875656091852129,718.2515515517443,159,4.399965763092041,4.399786472320557,-0.0001792907714843,718.2515515517443,159,0.9247370064258577,97.0,0.2219368815422058
491,2.895852259036541e-09,-0.1622705316474997,4.400091648101807,4.399869441986084,4.400002521276474,-0.7361555238900208,721.5766966966912,160,4.399994373321533,4.400015354156494,2.09808349609375e-05,721.5766966966912,160,0.9262180576721828,96.0,0.2222923338413238
492,3.004575665275428e-09,0.0559695025604403,4.400091648101807,4.399866104125977,4.399998080730438,-0.7265838427224445,722.6366966962814,160,4.400015354156494,4.400091648101807,7.62939453125e-05,722.6366966962814,160,0.923928494254748,95.0,0.2217428386211395
493,4.531350179247381e-09,0.2904494729920278,4.400166988372803,4.399862766265869,4.39998693286248,-0.0893414616797834,716.0911111114547,159,4.399960517883301,4.399939060211182,-2.1457672119140625e-05,716.0911111114547,159,0.9259783973296484,94.0,0.2222348153591156
494,1.762546248155215e-09,-0.2701890465868192,4.40009069442749,4.3998637199401855,4.399986755847931,-0.0911485344517464,722.7687987983227,160,4.399988651275635,4.400015354156494,2.6702880859375e-05,722.7687987983227,160,0.9254205971956252,93.0,0.22210094332695
495,3.1718495804698412e-09,0.0968458892024315,4.400091648101807,4.3998703956604,4.3999970972538,-1.0603068139594631,722.3295195195824,160,4.4000749588012695,4.400091648101807,1.6689300537109375e-05,722.3295195195824,160,0.92505378027757,92.0,0.2220129072666168
496,3.571742629961624e-09,0.8218057438774596,4.4001641273498535,4.3998637199401855,4.399986180663109,0.4879005047782554,722.0748648652807,160,4.3999223709106445,4.399939060211182,1.6689300537109375e-05,722.0748648652807,160,0.9248472129305204,91.0,0.2219633311033249
497,3.491591910008633e-09,-0.987822177748174,4.400091648101807,4.399787902832031,4.400006468992055,1.4181815542849383,727.3785785790533,161,4.400015354156494,4.400091648101807,7.62939453125e-05,727.3785785790533,161,0.9244017923871676,90.0,0.2218564301729202
498,4.24519192461477e-09,0.0037237267670546,4.400091648101807,4.399803161621094,4.399971076846123,-0.4239563525144514,722.1162462467328,160,4.400071144104004,4.399862766265869,-0.0002083778381347,722.1162462467328,160,0.924134999513626,89.0,0.2217923998832702
499,1.930772286840642e-09,0.0563920016153862,4.400091648101807,4.399939060211182,4.400010271842436,-0.7196662879853526,726.827627627179,161,4.399939060211182,4.400015354156494,7.62939453125e-05,726.827627627179,161,0.9208704034487408,88.0,0.2210088968276977
500,2.416276676051199e-09,-0.1928434846370489,4.400091171264648,4.399869441986084,4.399998780363095,-0.4941169432854897,724.7023023022339,161,4.400079250335693,4.400015354156494,-6.389617919921875e-05,724.7023023022339,161,0.9237745155890784,87.0,0.2217058837413787
501,3.0632914010780518e-09,0.3556215491007941,4.4001617431640625,4.399863243103027,4.399986056807618,0.2135614204108868,727.3289289288223,161,4.3999481201171875,4.399939060211182,-9.059906005859377e-06,727.3289289288223,161,0.9231767306725184,86.0,0.2215624153614044
502,2.703791659577127e-09,-0.0574899025039308,4.400091648101807,4.399867057800293,4.400004620877852,-0.6873170515597282,726.5649649649858,161,4.400015354156494,4.400015354156494,0.0,726.5649649649858,161,0.9226310377319654,85.0,0.2214314490556717
503,1.0753097791076123e-09,0.397975782674784,4.400091648101807,4.399939060211182,4.40002531442583,0.6014433490048088,726.0732732731849,161,4.400051593780518,4.399939060211182,-0.0001125335693359,726.0732732731849,161,0.9224764381845793,84.0,0.221394345164299
504,3.5116396610984402e-09,-0.5938589494722952,4.400091648101807,4.399862766265869,4.3999923169612885,-0.3023147385416838,720.8604804808274,160,4.400091648101807,4.399862766265869,-0.0002288818359375,720.8604804808274,160,0.9180457641681036,83.0,0.2203309834003448
505,2.3322992271185035e-09,-0.1905091946872023,4.400090217590332,4.399869441986084,4.39999814706346,-0.2683968188232755,734.0951351355761,163,4.400015354156494,4.400015354156494,0.0,734.0951351355761,163,0.9228809426228206,82.0,0.2214914262294769
506,3.093012826294445e-09,-0.6470703768889116,4.400084495544434,4.399791240692139,4.399959809941016,0.4854098882385411,737.0400000000373,163,4.400023937225342,4.399939060211182,-8.487701416015625e-05,737.0400000000373,163,0.919929270943006,81.0,0.2207830250263214
507,3.745935838524979e-09,0.2827095599131436,4.400166034698486,4.399864673614502,4.399992442569849,0.0806344596321899,735.3810810809955,163,4.399939060211182,4.399939060211182,0.0,735.3810810809955,163,0.9195725123087566,80.0,0.2206974029541015
508,3.410210435195593e-09,-0.4471902446226091,4.400088787078857,4.399862766265869,4.399980123789033,-0.595737916365441,735.4410810805857,163,4.399937629699707,4.399939060211182,1.430511474609375e-06,735.4410810805857,163,0.9179876496394476,79.0,0.2203170359134674
509,3.801166338829803e-09,-0.2607151971963833,4.400149345397949,4.399863243103027,4.400001479072805,-0.5423649931942753,733.9054054049775,163,4.400149345397949,4.399939060211182,-0.0002102851867675,733.9054054049775,163,0.91754999011755,78.0,0.2202119976282119
510,2.0582559844567802e-09,-0.0640943095314564,4.400088787078857,4.399868488311768,4.399989407236983,-0.217541987288913,739.1976576577872,164,4.399951457977295,4.400015354156494,6.389617919921875e-05,739.1976576577872,164,0.917266681790352,77.0,0.2201440036296844
511,2.996995940526843e-09,-0.1015424943046044,4.40009069442749,4.399862766265869,4.399962974757683,-0.758494188184375,738.4634234234691,164,4.400010585784912,4.400015354156494,4.76837158203125e-06,738.4634234234691,164,0.917793872455756,76.0,0.2202705293893814
512,2.5637486140115912e-09,-0.086249572142625,4.400091648101807,4.399868011474609,4.3999841315614665,-0.3307194268201279,734.5281081078574,163,4.40002965927124,4.400091648101807,6.198883056640625e-05,734.5281081078574,163,0.9145544841885568,75.0,0.2194930762052536
513,3.162199127550857e-09,0.3663416465485005,4.400150775909424,4.39986515045166,4.399980245566949,0.1838909877246521,737.399599599652,164,4.399938583374023,4.400015354156494,7.677078247070312e-05,737.399599599652,164,0.9171582758426666,74.0,0.22011798620224
514,3.535624112767063e-09,0.1175200358077815,4.400091648101807,4.399866104125977,4.399995524708817,-1.003449204559414,738.9382282281294,164,4.400007724761963,4.399939060211182,-6.866455078125e-05,738.9382282281294,164,0.9162000690897306,73.0,0.2198880165815353
515,2.353107224388954e-09,-0.2931586447293342,4.400091648101807,4.399870872497559,4.4000060919559365,-0.4909722369690761,743.8294694693759,165,4.399943828582764,4.399939060211182,-4.76837158203125e-06,743.8294694693759,165,0.9156667937835058,72.0,0.2197600305080413
516,1.573223256491341e-09,0.5129125749026222,4.400089740753174,4.399939060211182,4.399986269962357,-0.461813776985414,748.5450450452045,166,4.399942398071289,4.400015354156494,7.295608520507812e-05,748.5450450452045,166,0.9150858347614608,71.0,0.2196206003427505
517,3.218561308938348e-09,0.3398244648022454,4.4001617431640625,4.399867057800293,4.399985611077511,0.5761942456437548,743.4683083081618,165,4.3999176025390625,4.400015354156494,9.775161743164062e-05,743.4683083081618,165,0.9140086670716604,70.0,0.2193620800971985
518,3.875976748590838e-09,-0.0153699378802698,4.400156497955322,4.399866104125977,4.400000826517741,-0.5603627353583893,742.8165765767917,165,4.399939060211182,4.400015354156494,7.62939453125e-05,742.8165765767917,165,0.9135834872722626,69.0,0.219260036945343
519,4.890626431218655e-09,-0.7551956382429919,4.400091648101807,4.399788856506348,4.399991757941969,0.0905835054771513,742.6852452456951,165,4.399966716766357,4.400015354156494,4.863739013671875e-05,742.6852452456951,165,0.9129295746485392,68.0,0.2191030979156494
520,1.5510266580521307e-09,-0.7886582707078997,4.400088787078857,4.399865627288818,4.40001166164875,1.76800241647501,765.0733033036813,160,4.400015354156494,4.399939060211182,-7.62939453125e-05,765.0733033036813,160,0.9104900682965916,67.0,0.2185176163911819
521,3.718272826853513e-09,-0.2863433042809942,4.400091648101807,4.399790287017822,4.399987921828315,0.0215816727999449,757.3943143142387,168,4.4000091552734375,4.399939060211182,-7.009506225585938e-05,757.3943143142387,168,0.913597953816255,66.0,0.2192635089159011
522,2.050820972748712e-09,0.1719294096740445,4.400090217590332,4.399865627288818,4.399988654148148,-0.3762363404094588,749.0669669667259,166,4.400015354156494,4.400015354156494,0.0,749.0669669667259,166,0.9114338085055352,65.0,0.2187441140413284
523,1.707518938337779e-09,-0.3426384700335879,4.400088787078857,4.39987850189209,4.400003241921613,0.1476402550604181,751.9185185180977,167,4.400015354156494,4.400015354156494,0.0,751.9185185180977,167,0.9096505741278332,64.0,0.2183161377906799
524,4.125374573521023e-09,0.4266783296764177,4.40016508102417,4.39986515045166,4.399994583356948,-0.5228136635724367,756.942962963134,168,4.399939060211182,4.400015354156494,7.62939453125e-05,756.942962963134,168,0.909134621421496,63.0,0.218192309141159
525,4.319390862915941e-09,0.2202858014275809,4.4001617431640625,4.399862766265869,4.399995891820817,-0.2789507750629432,756.5133433435112,168,4.400040149688721,4.399862766265869,-0.0001773834228515,756.5133433435112,168,0.9079222877820332,62.0,0.217901349067688
526,3.0662064674417406e-09,0.3786745368011722,4.400167942047119,4.399865627288818,4.399984822553747,0.5306017100530807,766.2043843846768,170,4.399989604949951,4.399939060211182,-5.054473876953125e-05,766.2043843846768,170,0.9048037851850192,61.0,0.2171529084444046
527,2.862648949916134e-09,-0.1738369356347925,4.400091648101807,4.39986515045166,4.39999795099448,-0.4225025546259067,769.4720720723271,171,4.399974822998047,4.400015354156494,4.0531158447265625e-05,769.4720720723271,171,0.9037766605615616,60.0,0.2169063985347747
528,3.207187271329915e-09,0.080175508109679,4.400091648101807,4.399864196777344,4.399990661799559,-0.6211506791879287,769.757957957685,171,4.4000701904296875,4.400015354156494,-5.4836273193359375e-05,769.757957957685,171,0.902888923883438,59.0,0.2166933417320251
529,3.0853193205462222e-09,-0.2074326593436519,4.400091648101807,4.3998637199401855,4.3999972371007665,-0.5151350633259106,779.1066266270354,173,4.400015354156494,4.400015354156494,0.0,779.1066266270354,173,0.9012162064512572,58.0,0.2162918895483017
530,3.123120278142646e-09,0.1069321819277248,4.400091648101807,4.399862766265869,4.39998418609531,-0.5890255126866375,778.1596796792,173,4.399945259094238,4.399862766265869,-8.249282836914062e-05,778.1596796792,173,0.8986267571647962,57.0,0.2156704217195511
531,3.314158508955409e-09,0.1126179395519354,4.400162220001221,4.399871349334717,4.400012202646541,0.3485534551310305,781.6482882881537,174,4.400006294250488,4.400015354156494,9.059906005859377e-06,781.6482882881537,174,0.895601324737072,56.0,0.2149443179368972
532,3.528192394980295e-09,-0.0986613645273209,4.400163173675537,4.399862766265869,4.399998905983838,0.3228156171358667,790.5497997999191,176,4.400012493133545,4.400091648101807,7.915496826171875e-05,790.5497997999191,176,0.8958457037806511,55.0,0.2150029689073562
533,3.2275873651654702e-09,-0.7918267133686056,4.400089740753174,4.399862766265869,4.399996437809684,0.0180139679942463,790.7074574576691,176,4.40008020401001,4.400015354156494,-6.4849853515625e-05,790.7074574576691,176,0.8963706592718761,54.0,0.2151289582252502
534,2.221406490216261e-09,0.4924049512492088,4.400091648101807,4.39986515045166,4.399961229051862,0.295933720895067,785.8564564567059,175,4.400069713592529,4.400091648101807,2.193450927734375e-05,785.8564564567059,175,0.8958206822474798,53.0,0.2149969637393951
535,2.4521519260149575e-09,0.2149708421153124,4.4001545906066895,4.399867534637451,4.400005771615411,0.3309854460883508,795.6926526529714,177,4.399956703186035,4.400015354156494,5.8650970458984375e-05,795.6926526529714,177,0.8921792109807333,52.0,0.2141230106353759
536,3.753490210535829e-09,-0.3578032687703036,4.400091648101807,4.399862766265869,4.399992277393233,-0.7894969983688798,793.4446446448565,177,4.399892330169678,4.399939060211182,4.673004150390625e-05,793.4446446448565,177,0.8909207458297412,51.0,0.2138209789991378
537,3.309092283848245e-09,-0.2836567027979775,4.400091648101807,4.399867057800293,4.400006512689857,-0.7473615441955284,802.9171971967444,179,4.399942874908447,4.400091648101807,0.0001487731933593,802.9171971967444,179,0.8891835187872251,50.0,0.213404044508934
538,2.172454634322576e-09,0.2960924381200202,4.400091171264648,4.399863243103027,4.399974929553837,-0.0780827599193338,802.259719719179,179,4.399863243103027,4.400015354156494,0.0001521110534667,802.259719719179,179,0.8900417635838191,49.0,0.2136100232601165
539,3.098802548091315e-09,-0.1221173782451652,4.400091648101807,4.399867057800293,4.399986016683738,-0.5067953353166619,803.3929329328239,179,4.400074005126953,4.399939060211182,-0.0001349449157714,803.3929329328239,179,0.8864669129252434,48.0,0.2127520591020584
540,4.418854381349789e-09,0.2431123833833237,4.400162696838379,4.399862766265869,4.399979567527771,-0.4240478270402823,806.0787487486377,180,4.400070667266846,4.400015354156494,-5.53131103515625e-05,806.0787487486377,180,0.8850604916612308,47.0,0.2124145179986953
541,4.154649152205141e-09,-0.1060279410862338,4.400091648101807,4.399867534637451,4.3999922236026325,-0.936067911072453,810.0684684682637,181,4.400038719177246,4.399939060211182,-9.965896606445312e-05,810.0684684682637,181,0.885079304377238,46.0,0.2124190330505371
542,2.1208622760618e-09,0.9564933761926254,4.4001665115356445,4.399864673614502,4.399977032604113,2.126626097442219,821.2335535539314,183,4.400015354156494,4.400015354156494,0.0,821.2335535539314,183,0.8828965947031975,45.0,0.2118951827287674
543,3.4229366411484333e-09,-0.2863974342459177,4.400091648101807,4.399799823760986,4.399979692990662,0.2179420727071508,819.9090890893713,183,4.399939060211182,4.400091648101807,0.000152587890625,819.9090890893713,183,0.8803466334939003,44.0,0.211283192038536
544,1.5936868597323835e-09,0.0935952718942514,4.400091648101807,4.399939060211182,4.4000037079272065,-0.5941615741737354,823.0035735731944,184,4.400063991546631,4.399939060211182,-0.0001249313354492,823.0035735731944,184,0.877804992099603,43.0,0.2106731981039047
545,3.3690928036694022e-09,0.2784463308874221,4.400164604187012,4.399864673614502,4.400014245832288,0.1376757599559521,826.2834034031257,185,4.400015354156494,4.399939060211182,-7.62939453125e-05,826.2834034031257,185,0.875572053094705,42.0,0.2101372927427292
546,5.1587176738767415e-09,0.3617307130653574,4.400167942047119,4.399790287017822,4.400004597120388,0.7917918859751669,830.3499999996275,186,4.399939060211182,4.400091648101807,0.000152587890625,830.3499999996275,186,0.8758658543229103,41.0,0.2102078050374984
547,3.2290446435011406e-09,0.040452174594743,4.400091648101807,4.399867057800293,4.399988187188133,-0.78692421976152,835.6762162158266,187,4.400017738342285,4.400091648101807,7.390975952148438e-05,835.6762162158266,187,0.8740615099668503,40.0,0.209774762392044
548,3.652611463387444e-09,-0.3227005136192337,4.400091648101807,4.399863243103027,4.399999552584709,-0.5287567000723361,840.06988989003,188,4.400055885314941,4.400015354156494,-4.0531158447265625e-05,840.06988989003,188,0.8726722250382106,39.0,0.2094413340091705
549,2.322289630859932e-09,0.501690194527849,4.400150775909424,4.399868965148926,4.399991117497926,0.8651520394790762,829.0203703707084,186,4.399962425231934,4.400015354156494,5.2928924560546875e-05,829.0203703707084,186,0.8681054537494978,38.0,0.2083453088998794
550,2.8800765329094712e-09,0.5731967497042072,4.400164604187012,4.399869918823242,4.399998000327577,0.7200976947738194,835.8301001004875,188,4.400015354156494,4.399939060211182,-7.62939453125e-05,835.8301001004875,188,0.8653039733568828,37.0,0.2076729536056518
551,2.240060545075953e-09,0.2586647940777885,4.4001545906066895,4.399872779846191,4.400002620838307,0.8573847409677477,838.7867467468604,189,4.400015354156494,4.400091648101807,7.62939453125e-05,838.7867467468604,189,0.8633664498726528,36.0,0.2072079479694366
552,5.567578855387617e-09,0.0858733323298186,4.4001593589782715,4.399862766265869,4.399981712040148,-0.9520254194054923,841.8616216219962,190,4.399975299835205,4.399862766265869,-0.0001125335693359,841.8616216219962,190,0.8656307434042295,35.0,0.207751378417015
553,2.832182685311831e-09,-0.2931438585317373,4.400091648101807,4.399869918823242,4.4000098780581824,-0.5767315541728242,844.6105405408889,190,4.399939060211182,4.400015354156494,7.62939453125e-05,844.6105405408889,190,0.862724706530571,34.0,0.207053929567337
554,2.1010200698008575e-09,-0.0397468746426794,4.400091648101807,4.399862766265869,4.400002075496473,-0.3613451203643953,842.2513513518497,190,4.400015354156494,4.399862766265869,-0.000152587890625,842.2513513518497,190,0.8593290423353513,33.0,0.2062389701604843
555,4.1729660085034484e-09,0.4986555946782364,4.400167465209961,4.399863243103027,4.3999909006488265,-0.361172348611301,844.8514514509588,191,4.399914741516113,4.400091648101807,0.0001769065856933,844.8514514509588,191,0.8582147459189098,32.0,0.2059715390205383
556,2.317136103409679e-09,0.0249774751934011,4.400091648101807,4.399863243103027,4.3999928884555635,-0.0073998437003957,855.0361561561003,193,4.399874210357666,4.400015354156494,0.0001411437988281,855.0361561561003,193,0.8584750816226006,31.0,0.2060340195894241
557,3.518364783022408e-09,0.2575494837107491,4.400091648101807,4.399866580963135,4.399988842010498,-0.9927366119175676,866.0536736734211,195,4.400041103363037,4.400091648101807,5.054473876953125e-05,866.0536736734211,195,0.8556380247076353,30.0,0.2053531259298324
558,2.742444752824495e-09,0.3305618437733839,4.400160789489746,4.399863243103027,4.399996652358618,-0.2867546286226616,864.4263263260946,195,4.400084495544434,4.399939060211182,-0.0001454353332519,864.4263263260946,195,0.8552526434262594,29.0,0.2052606344223022
559,2.4733879450642803e-09,0.3484225784738798,4.400091648101807,4.399939060211182,4.399998535915297,-0.9419269919410532,868.9016516515985,196,4.400021553039551,4.400091648101807,7.009506225585938e-05,868.9016516515985,196,0.8521068841218948,28.0,0.2045056521892547
560,3.652172034695446e-09,-0.067358978806659,4.400156021118164,4.399866580963135,4.399999353350426,-0.3399979928540171,866.934084083885,196,4.399940013885498,4.399939060211182,-9.5367431640625e-07,866.934084083885,196,0.8527757599949837,27.0,0.204666182398796
561,1.95632657777381e-09,-0.1750673638411679,4.400091648101807,4.399865627288818,4.400007481477698,0.0790847869954483,867.2620120123029,196,4.400015354156494,4.400015354156494,0.0,867.2620120123029,196,0.8488010615110397,26.0,0.2037122547626495
562,2.9917145245824363e-09,0.0299735047876776,4.400091648101807,4.399862766265869,4.399984190306688,-0.4825137660639038,869.4179379381239,197,4.40008020401001,4.400091648101807,1.1444091796875e-05,869.4179379381239,197,0.8420327057441076,25.0,0.2020878493785858
563,2.7898964913669854e-09,0.09381407420079,4.400165557861328,4.399870872497559,4.400008843029816,0.0404116719379969,864.0539339343086,197,4.399939060211182,4.400015354156494,7.62939453125e-05,864.0539339343086,197,0.8448387185732524,24.0,0.2027612924575805
564,3.356454805931906e-09,-0.2120672563358901,4.400091648101807,4.39980411529541,4.399996304875098,0.1313296293699521,865.5764164160937,197,4.399947643280029,4.399939060211182,-8.58306884765625e-06,865.5764164160937,197,0.8451656748851141,23.0,0.2028397619724273
565,5.2779003307757e-09,-0.4408852326200779,4.400163650512695,4.39979362487793,4.3999900938284515,-0.1971230720449792,871.1304504508153,198,4.400163650512695,4.400091648101807,-7.200241088867188e-05,871.1304504508153,198,0.8384764194488525,22.0,0.2012343406677246
566,3.1856087159373643e-09,0.097132721011924,4.400088787078857,4.399865627288818,4.399970296675784,-0.8110757596433422,860.5008208211511,197,4.399939060211182,4.399939060211182,0.0,860.5008208211511,197,0.8423594137032827,21.0,0.2021662592887878
567,2.9150324628234303e-09,0.5411745361649837,4.4001641273498535,4.399939060211182,4.400014330993345,-0.1650217173256511,874.6050450447947,199,4.400162220001221,4.399939060211182,-0.000223159790039,874.6050450447947,199,0.833743562301,20.0,0.20009845495224
568,2.6292795199909086e-09,-0.2630070396131062,4.400091171264648,4.399862766265869,4.3999828645332375,-0.1321863148719866,868.2369369370863,199,4.399991035461426,4.399862766265869,-0.0001282691955566,868.2369369370863,199,0.8323393141229948,19.0,0.1997614353895187
569,2.6316171489674246e-09,0.2786690675475142,4.400091648101807,4.39986515045166,4.399979773478292,-0.3761433300678076,866.7345945946872,199,4.399997234344482,4.400015354156494,1.811981201171875e-05,866.7345945946872,199,0.8300604298710823,18.0,0.1992145031690597
570,1.350980222152187e-09,-0.6917625929399573,4.400090217590332,4.3998703956604,4.39999829841952,1.0359689049535723,887.4513113116845,203,4.399971961975098,4.400015354156494,4.3392181396484375e-05,887.4513113116845,203,0.8289316669106483,17.0,0.1989436000585556
571,2.8116611061723147e-09,-0.2439457365374201,4.400091648101807,4.399862766265869,4.399980205801589,-0.2884531854349488,876.6166166169569,201,4.400015354156494,4.400091648101807,7.62939453125e-05,876.6166166169569,201,0.8284482484062513,16.0,0.1988275796175003
572,2.8477040757762503e-09,-0.0388921304818631,4.400091648101807,4.399866104125977,4.4000034308552145,-0.4270033689400203,875.719719720073,201,4.399942874908447,4.399939060211182,-3.814697265625e-06,875.719719720073,201,0.8261736482381821,15.0,0.1982816755771637
573,4.9775374915997615e-09,-0.4203954164647559,4.400163173675537,4.399789333343506,4.399992113630173,0.477274647364311,883.538698698394,203,4.3999505043029785,4.399939060211182,-1.1444091796875e-05,883.538698698394,203,0.8265359327197075,14.0,0.1983686238527298
574,3.904030604483258e-09,0.0996136318675808,4.400164604187012,4.399862766265869,4.399995597125274,-0.3882319171057231,884.7660660659894,203,4.399998664855957,4.400015354156494,1.6689300537109375e-05,884.7660660659894,203,0.824944426616033,13.0,0.1979866623878479
575,3.997007927882849e-09,0.3715441138023397,4.4001641273498535,4.399866580963135,4.399995858126347,-0.7248902663320811,877.4444744745269,202,4.400015354156494,4.400091648101807,7.62939453125e-05,877.4444744745269,202,0.8240380634864172,12.0,0.1977691352367401
576,3.021322095879509e-09,-0.3709656513005817,4.400091648101807,4.399862766265869,4.399992860189759,0.0962590484026533,876.4766966970637,202,4.399939060211182,4.400091648101807,0.000152587890625,876.4766966970637,202,0.8235002557436626,11.0,0.197640061378479
577,1.741101961340252e-09,0.3799701994625694,4.400091648101807,4.399939060211182,4.399992956834681,-0.6708949423343347,886.9738538535312,204,4.399939060211182,4.399939060211182,0.0,886.9738538535312,204,0.8184655879934629,10.0,0.1964317411184311
578,3.978484935173103e-09,-0.1657659503200555,4.400157928466797,4.399862766265869,4.39999149136427,-0.3047287807597127,889.4685885887593,205,4.399990558624268,4.399939060211182,-5.14984130859375e-05,889.4685885887593,205,0.8146322642763456,9.0,0.1955117434263229
579,2.9975484159406155e-09,-0.3661588295509975,4.400091648101807,4.399866580963135,4.4000018013333815,-0.4444750942757554,889.9585585584864,206,4.399908542633057,4.399939060211182,3.0517578125e-05,889.9585585584864,206,0.8118535702427229,8.0,0.1948448568582534
580,2.8477367185533622e-09,-0.1261838862726562,4.400091648101807,4.399870872497559,4.399999173787924,-0.455380396919153,898.4670270271599,208,4.400091648101807,4.399939060211182,-0.000152587890625,898.4670270271599,208,0.8110202228029569,7.0,0.1946448534727096
581,4.739543661206995e-09,-0.3211677331624014,4.400091648101807,4.399787902832031,4.399992360518529,-0.4273581089283991,897.4972972972319,208,4.399946689605713,4.399862766265869,-8.392333984375e-05,897.4972972972319,208,0.8080581203103065,6.0,0.1939339488744735
582,4.236783522224482e-09,0.1534202534389736,4.400091648101807,4.399862766265869,4.399969116922771,-1.1543252272417577,900.871111110784,209,4.400013446807861,4.399862766265869,-0.0001506805419921,900.871111110784,209,0.806347963710626,5.0,0.1935235112905502
583,2.467581469421443e-09,0.0566627247117767,4.400091648101807,4.39986515045166,4.399982220785958,-0.2228239720052878,904.7963563567027,210,4.3999409675598145,4.400015354156494,7.43865966796875e-05,904.7963563567027,210,0.8050292109449705,4.0,0.1932070106267929
584,1.4059299358858363e-09,-0.3375562908402849,4.400086402893066,4.399870872497559,4.399992809476446,0.2123514411327525,909.4891891889274,211,4.400007724761963,4.400015354156494,7.62939453125e-06,909.4891891889274,211,0.803464837372303,3.0,0.1928315609693527
585,4.157659122723119e-09,0.0184409498630461,4.400091648101807,4.3998637199401855,4.3999879360198975,-0.930794215720668,913.8454354358836,212,4.400012969970703,4.400015354156494,2.384185791015625e-06,913.8454354358836,212,0.8005606631437938,2.0,0.1921345591545105
586,2.984137421413853e-09,0.6574870094811577,4.400166988372803,4.399866104125977,4.399988687433902,0.1163831582912715,905.2177177174016,211,4.4000115394592285,4.399939060211182,-7.2479248046875e-05,905.2177177174016,211,0.8000211790204048,1.0,0.1920050829648971
587,2.618080588811112e-09,-0.5057175825034258,4.400091648101807,4.399795055389404,4.399985324661687,0.74952241507525,910.3182082083076,212,4.400025844573975,4.400015354156494,-1.049041748046875e-05,910.3182082083076,212,0.7969651992122333,0.0,0.1912716478109359
588,2.4679628826584363e-09,-0.0875632219649056,4.400091648101807,4.3998703956604,4.399993016341022,-0.2555324770975753,918.1238138135524,214,4.400015354156494,4.400015354156494,0.0,918.1238138135524,214,0.7957339286804199,-1.0,0.1909761428833007
589,4.701816692197302e-09,0.2828048882870712,4.400166034698486,4.399862766265869,4.399987249730904,-0.1831748737326415,918.4884084081276,214,4.4000396728515625,4.400015354156494,-2.4318695068359375e-05,918.4884084081276,214,0.7938005651036899,-2.0,0.1905121356248855
590,3.229707574413864e-09,0.204552244597872,4.400150299072266,4.399865627288818,4.399979389545529,-0.2036009072966869,921.020440440625,215,4.400015354156494,4.400015354156494,0.0,921.020440440625,215,0.7919570431113243,-3.0,0.1900696903467178
591,2.204427598295707e-09,0.2129599324702985,4.400142192840576,4.399939060211182,4.4000102723086325,-0.662735507721365,926.002202202566,216,4.400142192840576,4.400015354156494,-0.000126838684082,926.002202202566,216,0.790876088043054,-4.0,0.1898102611303329
592,2.664041645947141e-09,0.7299080216081801,4.400157451629639,4.399939060211182,4.399995639027538,-0.1661543349570364,929.4572972971946,217,4.400053024291992,4.400015354156494,-3.7670135498046875e-05,929.4572972971946,217,0.7882804920276006,-5.0,0.1891873180866241
593,2.240547104678717e-09,0.0929574292687883,4.400158882141113,4.399869918823242,4.400003501034658,1.3629947632055617,932.3636336335912,218,4.400075435638428,4.399939060211182,-0.000136375427246,932.3636336335912,218,0.7886636381347975,-6.0,0.1892792731523513
594,1.644543918003705e-09,0.9175272504653732,4.400165557861328,4.399872779846191,4.399980726592037,3.120021334879526,933.9428028026596,218,4.39992618560791,4.400015354156494,8.916854858398438e-05,933.9428028026596,218,0.7856826608379682,-7.0,0.1885638386011123
595,3.5576835522870704e-09,0.5004495647161986,4.400161266326904,4.399867057800293,4.400004605634497,0.0321896045060454,931.0016816817224,218,4.400015354156494,4.399939060211182,-7.62939453125e-05,931.0016816817224,218,0.7890780766805013,-8.0,0.1893787384033203
596,3.8400521696490105e-09,0.7881364201550787,4.400167465209961,4.399866104125977,4.399983513245889,0.7059373132256344,934.0970270270482,218,4.400047779083252,4.400015354156494,-3.24249267578125e-05,934.0970270270482,218,0.7839059457182884,-9.0,0.1881374269723892
597,2.1706015289072315e-09,-0.2362478812222,4.400087833404541,4.399871349334717,4.400007027004837,-0.4242012263728045,929.6983783785254,218,4.400065898895264,4.399939060211182,-0.000126838684082,929.6983783785254,218,0.7815726101398468,-10.0,0.1875774264335632
598,2.8967135366267054e-09,-0.1953253215837032,4.400087833404541,4.399866580963135,4.399987632578069,-0.5677901764339359,937.3682282287627,220,4.399943828582764,4.400015354156494,7.152557373046875e-05,937.3682282287627,220,0.7790475462873777,-11.0,0.1869714111089706
599,2.798176026166793e-09,-0.2503357548828708,4.400087356567383,4.399867057800293,4.399986564843363,-0.497955141192556,941.0296296300368,221,4.399974346160889,4.400015354156494,4.100799560546875e-05,941.0296296300368,221,0.7777332017819087,-12.0,0.186655968427658
600,3.3371840066491093e-09,-0.5671872706064794,4.400091648101807,4.399862766265869,4.399995960630812,-0.0809502615534003,945.7716016015038,222,4.400082588195801,4.400091648101807,9.059906005859377e-06,945.7716016015038,222,0.7757981618245443,-13.0,0.1861915588378906
601,3.454060449917247e-09,-0.1689663014293186,4.400161266326904,4.399862766265869,4.39999287160813,0.1655317879291979,939.6180180180818,221,4.3998637199401855,4.399862766265869,-9.5367431640625e-07,939.6180180180818,221,0.7743459815780322,-14.0,0.1858430355787277
602,3.083589927210642e-09,-0.1796600195621797,4.400091648101807,4.399863243103027,4.399990658674922,-0.4942521252298615,953.924354354851,224,4.400091648101807,4.400015354156494,-7.62939453125e-05,953.924354354851,224,0.773119367659092,-15.0,0.185548648238182
603,3.0803189873525032e-09,0.4301402196043903,4.400167465209961,4.399865627288818,4.4000063519841355,0.2853448437851322,947.5111111113802,223,4.400008201599121,4.400015354156494,7.152557373046875e-06,947.5111111113802,223,0.7725212723016739,-16.0,0.1854051053524017
604,1.9603342560881532e-09,-0.140974920962475,4.400091171264648,4.39986515045166,4.399984596031053,-0.2102289554401033,952.2323223222048,224,4.400015354156494,4.400015354156494,0.0,952.2323223222048,224,0.7703773056467375,-17.0,0.1848905533552169
605,1.5686299084264955e-09,-0.4192041832642024,4.400090217590332,4.399864196777344,4.399988908683304,0.6559015364544161,959.9887387389316,226,4.400008678436279,4.399939060211182,-6.961822509765625e-05,959.9887387389316,226,0.7684024671713512,-18.0,0.1844165921211242
606,4.208606013681579e-09,0.3534039016452746,4.400163173675537,4.399862766265869,4.399984001058392,0.1661994374277942,959.1621621623636,226,4.400015354156494,4.399939060211182,-7.62939453125e-05,959.1621621623636,226,0.766734095911185,-19.0,0.1840161830186844
607,2.9895848714813046e-09,-0.3942590745811018,4.400156021118164,4.399863243103027,4.400009634220495,0.2337752588432455,957.700450450182,226,4.399939060211182,4.400015354156494,7.62939453125e-05,957.700450450182,226,0.7653089861075084,-20.0,0.183674156665802
608,1.4312686849166872e-09,-0.6303121797686441,4.400090217590332,4.39986515045166,4.4000041159239105,1.2187136136542804,961.1764164166524,227,4.400025367736816,4.399939060211182,-8.630752563476562e-05,961.1764164166524,227,0.7645797605315845,-21.0,0.1834991425275802
609,2.292003019593328e-09,-0.2210696912204018,4.400091171264648,4.3998637199401855,4.3999829710575575,-0.2001593078019894,967.419919920154,228,4.399991989135742,4.400015354156494,2.3365020751953125e-05,967.419919920154,228,0.7632800067464511,-22.0,0.1831872016191482
610,3.202627251167972e-09,0.7163662042381057,4.400165557861328,4.399871349334717,4.399998908480182,0.286531472066025,970.3145945947616,229,4.4000139236450195,4.400015354156494,1.430511474609375e-06,970.3145945947616,229,0.7648345082998276,-23.0,0.1835602819919586
611,2.292086964569569e-09,-0.4136678106060399,4.400091648101807,4.399862766265869,4.399983820162322,0.3773294623667071,966.710970970802,228,4.400002479553223,4.400015354156494,1.2874603271484377e-05,966.710970970802,228,0.7619659726818403,-24.0,0.1828718334436416
612,2.065799912648348e-09,0.171418480861431,4.400090217590332,4.399866580963135,4.399976163579707,-0.2209217067155888,963.9592492487282,228,4.40008020401001,4.400015354156494,-6.4849853515625e-05,963.9592492487282,228,0.7612345119317373,-25.0,0.1826962828636169
613,4.138148391399943e-09,0.3424217561066753,4.400162220001221,4.399862766265869,4.399991133327568,-0.2213629011254414,968.879039038904,229,4.400015354156494,4.399939060211182,-7.62939453125e-05,968.879039038904,229,0.759995107849439,-26.0,0.1823988258838653
614,3.125607364701694e-09,0.2396419013498013,4.400166988372803,4.399866104125977,4.4000101441922395,0.2178679880461471,973.3921221224592,230,4.4000749588012695,4.400091648101807,1.6689300537109375e-05,973.3921221224592,230,0.7582661385337512,-27.0,0.1819838732481002
615,3.858912774005037e-09,-0.2846560275945779,4.400158882141113,4.399787425994873,4.3999875249533815,0.993785755290984,982.7697297297418,232,4.400015354156494,4.400015354156494,0.0,982.7697297297418,232,0.7572558398048084,-28.0,0.181741401553154
616,2.60354881412875e-09,0.7056652162298391,4.4001593589782715,4.399863243103027,4.399975526900518,0.6959416465328321,975.8239239240064,231,4.399978160858154,4.399939060211182,-3.910064697265625e-05,975.8239239240064,231,0.7557120795051258,-29.0,0.1813708990812301
617,3.564576852983726e-09,-0.2388360554903981,4.400091648101807,4.3997979164123535,4.399989038451105,0.1309819865677526,989.0884984983132,234,4.400015354156494,4.400091648101807,7.62939453125e-05,989.0884984983132,234,0.7529748603701591,-30.0,0.1807139664888382
618,3.3114958023514854e-09,-0.2317593656029164,4.400166034698486,4.399869918823242,4.400012238412841,-0.3193884544810443,989.3707107109948,234,4.400064945220947,4.400015354156494,-4.9591064453125e-05,989.3707107109948,234,0.7533266519506773,-31.0,0.1807983964681625
619,2.0420737670150487e-09,-0.186506425880297,4.400090217590332,4.399864196777344,4.399978043170686,-0.155827696874915,993.8558558560908,235,4.399939060211182,4.399939060211182,0.0,993.8558558560908,235,0.7512917121251425,-32.0,0.1803100109100341
620,3.345405647473622e-09,-0.2717129699208384,4.400165557861328,4.399862766265869,4.4000142276547365,0.4804404750385602,1204.4060060055926,229,4.3999738693237305,4.399939060211182,-3.4809112548828125e-05,1204.4060060055926,229,0.7734775543212891,-33.0,0.1856346130371093
621,2.320049862953095e-09,0.4461516054411938,4.400091171264648,4.399862766265869,4.399971964066489,-0.139878849736275,972.155335335061,228,4.39998197555542,4.399939060211182,-4.291534423828125e-05,972.155335335061,228,0.7650672768553098,-34.0,0.1836161464452743
622,3.7267085063973534e-09,-0.4544949231398721,4.400091648101807,4.399791240692139,4.399972961660017,0.2366281267136747,967.50853853859,228,4.400015354156494,4.400015354156494,0.0,967.50853853859,228,0.7611384615302086,-35.0,0.18267323076725
623,1.836943754270249e-09,0.1888872136732978,4.400091171264648,4.399868011474609,4.3999837413104865,-0.1476680996189654,969.178018017672,229,4.399939060211182,4.399939060211182,0.0,969.178018017672,229,0.759445255001386,-36.0,0.1822668612003326
624,2.707140443000367e-09,-0.2537380903875201,4.40009069442749,4.399786949157715,4.3999791870946465,0.751884570775577,972.7800800800323,230,4.399982929229736,4.399939060211182,-4.38690185546875e-05,972.7800800800323,230,0.7577367747823398,-37.0,0.1818568259477615
625,2.949943839822905e-09,-0.0311629964516689,4.400091171264648,4.399862766265869,4.3999688181526215,-0.4834401141455888,976.7172172171996,231,4.399979114532471,4.399939060211182,-4.00543212890625e-05,976.7172172171996,231,0.7561055322488149,-38.0,0.1814653277397155
626,2.7774036882046724e-09,0.0591693681113541,4.400157451629639,4.399863243103027,4.399982705198485,0.6983622388598705,981.3360960958526,232,4.399993419647217,4.400015354156494,2.193450927734375e-05,981.3360960958526,232,0.7549518719315529,-39.0,0.1811884492635727
627,2.872890028415262e-09,0.1118881980722618,4.400091648101807,4.399866104125977,4.399980317881179,-0.4872118126892504,984.8736736737192,233,4.399898052215576,4.400091648101807,0.0001935958862304,984.8736736737192,233,0.7581830645600955,-40.0,0.1819639354944229
628,4.3244899162518534e-09,-0.1137420257066582,4.400091648101807,4.399862766265869,4.399978952161197,-0.665357390513519,983.1975075071678,232,4.400038242340088,4.399939060211182,-9.918212890625e-05,983.1975075071678,232,0.7530244688193004,-41.0,0.180725872516632
629,2.2578524187153286e-09,0.0243404985996717,4.400090217590332,4.399865627288818,4.399981928886251,-0.4625691712062894,994.7201801799238,235,4.400090217590332,4.400015354156494,-7.486343383789062e-05,994.7201801799238,235,0.7547076170643171,-42.0,0.1811298280954361
630,2.2379410814931455e-09,-0.3172167476931259,4.400089740753174,4.399865627288818,4.3999810218811035,-0.2509537162088633,985.6748748747632,233,4.399939060211182,4.400015354156494,7.62939453125e-05,985.6748748747632,233,0.7518745958805084,-43.0,0.180449903011322
631,3.157201495719046e-09,0.2228995966923715,4.400163650512695,4.3997931480407715,4.39996780725471,1.1676738678196323,1004.1977177178488,237,4.399939060211182,4.399862766265869,-7.62939453125e-05,1004.1977177178488,237,0.7520186404387157,-44.0,0.1804844737052917
632,2.796651068187538e-09,0.2277719170419083,4.400158405303955,4.3998637199401855,4.39999776349289,-0.0570115815985827,1005.2324324324728,237,4.400015354156494,4.400015354156494,0.0,1005.2324324324728,237,0.7497647777199745,-45.0,0.1799435466527938
633,3.3669288116408e-09,0.1178210973287797,4.400091648101807,4.399865627288818,4.399979383003812,-0.7749245130425573,1008.595135135576,238,4.399951934814453,4.400091648101807,0.0001397132873535,1008.595135135576,238,0.7489250972867012,-46.0,0.1797420233488083
634,2.311633952596677e-09,0.3677009244238794,4.400091648101807,4.399939060211182,4.400005380478863,-0.9081011240337612,1013.1914914911612,239,4.399941921234131,4.400015354156494,7.343292236328125e-05,1013.1914914911612,239,0.746125727891922,-47.0,0.1790701746940612
635,2.689360290391826e-09,-0.1202518284020566,4.400091648101807,4.399863243103027,4.39999081492424,-0.2010723042574174,1014.7140940940008,240,4.400084972381592,4.399939060211182,-0.0001459121704101,1014.7140940940008,240,0.7448338593045871,-48.0,0.1787601262331009
636,3.201829207667653e-09,-0.989040801163356,4.400091171264648,4.399798393249512,4.399988372296218,0.9832212632546672,1017.8018018016592,241,4.400018215179443,4.400015354156494,-2.86102294921875e-06,1017.8018018016592,241,0.7432006299495697,-49.0,0.1783681511878967
637,2.7254449479498022e-09,0.338089362397562,4.4001593589782715,4.399862766265869,4.399955047116735,0.5554873312022699,1017.7297297297046,241,4.400001525878906,4.400015354156494,1.3828277587890623e-05,1017.7297297297046,241,0.7431712001562119,-50.0,0.1783610880374908
638,3.505047490637575e-09,0.1093633815214089,4.40016508102417,4.399864673614502,4.399990397051346,-0.1753657959967629,1022.8122022021562,242,4.400015354156494,4.399939060211182,-7.62939453125e-05,1022.8122022021562,242,0.7405691469709079,-51.0,0.1777365952730178
639,2.616604579998054e-09,0.6395945617217444,4.400164604187012,4.399869441986084,4.399994887289454,0.9594228825975386,1030.5462162159383,244,4.399942398071289,4.400091648101807,0.0001492500305175,1030.5462162159383,244,0.7400633146365484,-52.0,0.1776151955127716
640,2.5141027749667782e-09,0.1078987587545693,4.400091648101807,4.399868965148926,4.400004600791775,-0.5886046646979581,1024.7331331335008,243,4.399939060211182,4.400091648101807,0.000152587890625,1024.7331331335008,243,0.7415117075045904,-53.0,0.1779628098011016
641,3.247363686337658e-09,-0.8833610637792205,4.400091648101807,4.399792671203613,4.399998544661467,1.1033630543799084,1021.0439039040356,242,4.400076866149902,4.400015354156494,-6.151199340820312e-05,1021.0439039040356,242,0.7397238786021869,-54.0,0.1775337308645248
642,2.162442038106069e-09,0.201790172526297,4.400155067443848,4.399875640869141,4.400003380245632,0.2478990624725261,1025.0189789785072,243,4.400015354156494,4.400091648101807,7.62939453125e-05,1025.0189789785072,243,0.7365784918268522,-55.0,0.1767788380384445
643,2.447833050281901e-09,0.0810532780181161,4.400157451629639,4.399864196777344,4.399999673025949,0.5214601247822963,1033.143383383751,245,4.399939060211182,4.400015354156494,7.62939453125e-05,1033.143383383751,245,0.7352260872721672,-56.0,0.1764542609453201
644,4.331514964436992e-09,-0.242735785393042,4.400091648101807,4.399796962738037,4.3999820224574355,-0.4644621429163349,1026.141081080772,244,4.400015354156494,4.400015354156494,0.0,1026.141081080772,244,0.7343761002024015,-57.0,0.1762502640485763
645,2.542448571192183e-09,-0.040213464387253,4.400089263916016,4.399862766265869,4.399968693896038,-0.2021318568649102,1036.440740740858,246,4.399939060211182,4.400015354156494,7.62939453125e-05,1036.440740740858,246,0.7329906026522319,-58.0,0.1759177446365356
646,1.948959440027211e-09,0.2819858937306106,4.400091648101807,4.399939060211182,4.4000027961576516,-0.7848061493722649,1040.7991591589523,247,4.400015354156494,4.399939060211182,-7.62939453125e-05,1040.7991591589523,247,0.7310886556903522,-59.0,0.1754612773656845
647,2.783165154574199e-09,-0.1881426346480849,4.400091648101807,4.399866104125977,4.399991816784962,-0.412302154350856,1049.0201401403174,249,4.399954795837402,4.399939060211182,-1.5735626220703125e-05,1049.0201401403174,249,0.7294118404388428,-60.0,0.1750588417053222
648,2.980385248380673e-09,-0.388377218135212,4.400091648101807,4.399796485900879,4.399967304674019,0.0711134598547031,1047.652292292565,249,4.39998722076416,4.400091648101807,0.0001044273376464,1047.652292292565,249,0.7274119804302852,-61.0,0.1745788753032684
649,4.245910275986059e-09,-0.533024661802808,4.400091648101807,4.399790287017822,4.399980709734691,0.299341864195489,1045.6712712710723,249,4.400050640106201,4.399862766265869,-0.000187873840332,1045.6712712710723,249,0.7261101777354877,-62.0,0.174266442656517
650,1.970507948141335e-09,0.5560393833806648,4.400091648101807,4.399939060211182,4.39999125289917,-0.5481158861419115,1049.1249849852177,250,4.399989128112793,4.400015354156494,2.6226043701171875e-05,1049.1249849852177,250,0.7244123766819637,-63.0,0.1738589704036712
651,3.658621958986413e-09,-0.3654398807256466,4.400091648101807,4.3997883796691895,4.39997682762146,-0.0911584691214542,1048.6040540542454,250,4.399972438812256,4.399939060211182,-3.337860107421875e-05,1048.6040540542454,250,0.7258327677845955,-64.0,0.1741998642683029
652,3.0091710050693662e-09,-0.1346924132162065,4.400091648101807,4.399863243103027,4.39998260307312,-0.458825752155815,1048.800960960798,250,4.399939060211182,4.400015354156494,7.62939453125e-05,1048.800960960798,250,0.7226583858331045,-65.0,0.173438012599945
653,2.6508502100860567e-09,-0.0949597174864801,4.40009069442749,4.399865627288818,4.399983157199692,-0.5362562588745576,1051.789289289154,251,4.400015354156494,4.400015354156494,0.0,1051.789289289154,251,0.7225209226210912,-66.0,0.1734050214290619
654,2.7860087246647263e-09,0.1788117682487029,4.400158882141113,4.399863243103027,4.39998984336853,0.2882963600069046,1038.223333333619,248,4.400071144104004,4.400015354156494,-5.5789947509765625e-05,1038.223333333619,248,0.7207313552498817,-67.0,0.1729755252599716
655,2.440371764782052e-09,-0.035497621042542,4.400089740753174,4.399862766265869,4.399973551432292,0.0434838728889057,1056.928588588722,252,4.399939060211182,4.399939060211182,0.0,1056.928588588722,252,0.7204039643208187,-68.0,0.1728969514369964
656,2.845587270977514e-09,0.2568020336723402,4.400157451629639,4.399864673614502,4.399989177310277,0.2145899375989435,1055.1974674677476,252,4.3999810218811035,4.400015354156494,3.4332275390625e-05,1055.1974674677476,252,0.7202748209238052,-69.0,0.1728659570217132
657,2.225585166302991e-09,0.2753507386988754,4.400162220001221,4.399867057800293,4.399985076889159,1.0684028682856432,1056.069309309125,252,4.400002956390381,4.400015354156494,1.239776611328125e-05,1056.069309309125,252,0.7205956925948461,-70.0,0.172942966222763
658,3.306608032216608e-09,0.094178521189195,4.40016508102417,4.3998637199401855,4.400015645980835,-0.0188591392889709,1045.6753753749654,250,4.400026798248291,4.400091648101807,6.4849853515625e-05,1045.6753753749654,250,0.7192395627498627,-71.0,0.172617495059967
659,2.070847353674455e-09,-0.1499739145370955,4.400090217590332,4.399862766265869,4.399968465797515,0.1094752450144636,1059.8075675675643,253,4.400015354156494,4.399939060211182,-7.62939453125e-05,1059.8075675675643,253,0.717710517346859,-72.0,0.1722505241632461
660,2.6328140108200243e-09,0.6005988207866603,4.400157451629639,4.399866104125977,4.399986970992315,0.4918802654357224,1053.0743943946436,252,4.399933338165283,4.400015354156494,8.20159912109375e-05,1053.0743943946436,252,0.7172749688227972,-73.0,0.1721459925174713
661,3.653953187953661e-09,-0.3504963909234714,4.400157451629639,4.399791240692139,4.399985266297231,0.5944720959040528,1057.2800000002608,253,4.400079727172852,4.399939060211182,-0.0001406669616699,1057.2800000002608,253,0.7156544675429662,-74.0,0.1717570722103119
662,3.382713453937596e-09,0.4550707796843549,4.400161266326904,4.39986515045166,4.399983695575169,-0.1428540813085743,1051.1096096094698,252,4.39994478225708,4.400015354156494,7.05718994140625e-05,1051.1096096094698,252,0.7159355406959852,-75.0,0.1718245297670364
663,3.0674330182981183e-09,-0.2772286917830891,4.400091648101807,4.399862766265869,4.399985548049685,-0.2069805740630412,1050.13977978006,252,4.40005350112915,4.399939060211182,-0.0001144409179687,1050.13977978006,252,0.7147337620457014,-76.0,0.1715361028909683
664,2.055608871538067e-09,0.5047967659542838,4.4001593589782715,4.399869918823242,4.399987983325171,1.3613788046872006,1050.6221821820363,252,4.399960041046143,4.400015354156494,5.53131103515625e-05,1050.6221821820363,252,0.7121233890453975,-77.0,0.1709096133708953
665,3.436990186900419e-09,0.0353242875559506,4.400163173675537,4.3998637199401855,4.3999856400677535,-0.1696192080635588,1058.5023623621091,254,4.400015354156494,4.400015354156494,0.0,1058.5023623621091,254,0.710944210489591,-78.0,0.1706266105175018
666,2.187964353779921e-09,0.2307965282828397,4.400091648101807,4.39986515045166,4.399979908635297,-0.1472947748394011,1056.2078878879547,254,4.400007724761963,4.400091648101807,8.392333984375e-05,1056.2078878879547,254,0.7085131481289864,-79.0,0.1700431555509567
667,2.6155468108685283e-09,0.2686880830346086,4.400167465209961,4.3998637199401855,4.399982289706959,0.7046070504947317,1058.5748748751355,255,4.400015354156494,4.400015354156494,0.0,1058.5748748751355,255,0.7079195852080982,-80.0,0.1699007004499435
668,3.105395483769783e-09,0.6265917592638535,4.4001617431640625,4.399862766265869,4.399980312257301,0.1019452718908136,1053.080210209824,254,4.400015354156494,4.399939060211182,-7.62939453125e-05,1053.080210209824,254,0.7087529326478641,-81.0,0.1701007038354873
669,2.31879969481057e-09,-0.3331121746852691,4.400091648101807,4.399792194366455,4.399983387219576,1.3935009118874744,1048.5318918917328,253,4.400071144104004,4.399939060211182,-0.0001320838928222,1048.5318918917328,253,0.7057114193836849,-82.0,0.1693707406520843
670,2.5539361507254643e-09,-0.1769010860975416,4.400089740753174,4.399862766265869,4.399973634659775,-0.2496336991622052,1051.2897097095847,254,4.399988174438477,4.399939060211182,-4.9114227294921875e-05,1051.2897097095847,254,0.7035718609889349,-83.0,0.1688572466373443
671,1.839462786883101e-09,0.1438825450108081,4.400090217590332,4.3998637199401855,4.399977035820484,0.2038798905357719,1060.1848348351195,256,4.4000139236450195,4.400015354156494,1.430511474609375e-06,1060.1848348351195,256,0.7026905814806621,-84.0,0.1686457395553589
672,2.9205117563407935e-09,-0.4439972847966235,4.400091171264648,4.399790287017822,4.399976446470862,0.4856226077601833,1063.5710910912603,257,4.399966716766357,4.400015354156494,4.863739013671875e-05,1063.5710910912603,257,0.7001201311747234,-85.0,0.1680288314819336
673,2.974476779575285e-09,-0.335439642298118,4.400091648101807,4.399866104125977,4.399987706806669,-0.3779264561949822,1071.1622822824866,259,4.4000067710876465,4.400015354156494,8.58306884765625e-06,1071.1622822824866,259,0.7008993998169899,-86.0,0.1682158559560775
674,2.9216223816483827e-09,0.2086848225931732,4.400167465209961,4.399862766265869,4.399984762650128,1.386157486649795,1067.815705705434,258,4.400025367736816,4.399939060211182,-8.630752563476562e-05,1067.815705705434,258,0.6977640713254611,-87.0,0.1674633771181106
675,2.4045857756869534e-09,0.5870684949645059,4.400158882141113,4.399865627288818,4.39998348523291,0.9430894682091632,1069.33639639616,259,4.399993896484375,4.400015354156494,2.1457672119140625e-05,1069.33639639616,259,0.6973680729667346,-88.0,0.1673683375120163
676,3.313239723636731e-09,-0.6192705903417841,4.400151252746582,4.3998637199401855,4.400008212645542,0.0234531780895101,1068.099339339882,259,4.400015354156494,4.400091648101807,7.62939453125e-05,1068.099339339882,259,0.6972682351867359,-89.0,0.1673443764448166
677,2.800871537494023e-09,-0.357995183764326,4.400091648101807,4.399787902832031,4.399969487576871,0.6548233683193403,1068.742402402684,259,4.399996757507324,4.399939060211182,-5.7697296142578125e-05,1068.742402402684,259,0.6972431515653928,-90.0,0.1673383563756942
678,4.066602225999698e-09,-0.495967002321886,4.400091648101807,4.399797439575195,4.399988559576181,-0.2415024458694756,1074.1214814819396,260,4.4000372886657715,4.399939060211182,-9.822845458984376e-05,1074.1214814819396,260,0.6958830480774244,-91.0,0.1670119315385818
679,2.250780939287876e-09,0.2100003852671248,4.400167942047119,4.399866104125977,4.400006184632751,0.6491555262320112,1076.9517517518252,261,4.399908542633057,4.399939060211182,3.0517578125e-05,1076.9517517518252,261,0.696712297697862,-92.0,0.1672109514474868
680,1.885402796729571e-09,-0.494859426120819,4.400091648101807,4.399867534637451,4.3999881449813545,-0.0062295518264079,1068.5383783783764,259,4.399939060211182,4.399939060211182,0.0,1068.5383783783764,259,0.6958851590752602,-93.0,0.1670124381780624
681,3.066235950746388e-09,0.086389831204176,4.400091648101807,4.399863243103027,4.399977807372693,-0.4883851690635663,1067.590570570901,259,4.400015354156494,4.400015354156494,0.0,1067.590570570901,259,0.6969706465800604,-94.0,0.1672729551792144
682,2.786500440097038e-09,-0.3089266058281416,4.400167942047119,4.399864673614502,4.399987638913668,-0.022369455535081,1074.6088888887316,260,4.399945259094238,4.400167942047119,0.0002226829528808,1074.6088888887316,260,0.6979058186213176,-95.0,0.1674973964691162
683,3.244333464054595e-09,-0.6039871987960985,4.400091648101807,4.399862766265869,4.399996437788923,0.0735194040812805,1080.4314314313233,261,4.399975776672363,4.400015354156494,3.9577484130859375e-05,1080.4314314313233,261,0.699176328877608,-96.0,0.1678023189306259
684,4.2104308276567765e-09,0.0224520704913627,4.400164604187012,4.399796485900879,4.399982325847333,0.105036399329887,1076.8722222223878,260,4.399974346160889,4.400015354156494,4.100799560546875e-05,1076.8722222223878,260,0.6986120715737343,-97.0,0.1676668971776962
685,2.5777844961118036e-09,0.3707781820819662,4.400091648101807,4.3998637199401855,4.399978867013946,-0.2911870026825172,1087.1081081088632,262,4.399939060211182,4.400091648101807,0.000152587890625,1087.1081081088632,262,0.6998475020130476,-98.0,0.1679634004831314
686,3.451562730998652e-09,0.6656972148064356,4.400167942047119,4.399862766265869,4.399979766088587,0.5730024204337885,1090.420900899917,262,4.399956226348877,4.399862766265869,-9.34600830078125e-05,1090.420900899917,262,0.7017555957039198,-99.0,0.1684213429689407
687,2.710111166427896e-09,0.3258714221908981,4.400160789489746,4.399791717529297,4.399988349826857,1.8578011137630588,1087.336136136204,261,4.400007724761963,4.399939060211182,-6.866455078125e-05,1087.336136136204,261,0.7027453432480495,-100.0,0.1686588823795318
688,2.972739629767607e-09,0.3179778758841298,4.400165557861328,4.399863243103027,4.399984422580216,0.7463482005603104,1070.9619619622829,258,4.399939060211182,4.400015354156494,7.62939453125e-05,1070.9619619622829,258,0.7014870022734007,-101.0,0.1683568805456161
689,3.333637920949941e-09,-0.0845326583424717,4.400091648101807,4.399797439575195,4.399987034816079,0.0356109957542889,1073.3548948951066,259,4.399939060211182,4.399939060211182,0.0,1073.3548948951066,259,0.702176367243131,-102.0,0.1685223281383514
690,2.686661919299692e-09,-0.0926178247138762,4.400089263916016,4.3998637199401855,4.399971941723327,-0.5601112987343626,1075.508768768981,259,4.399974822998047,4.399939060211182,-3.5762786865234375e-05,1075.508768768981,259,0.7023911302288374,-103.0,0.1685738712549209
691,3.098672158792967e-09,-0.1684455648420882,4.400091648101807,4.399862766265869,4.399989936342571,-0.3576117015082412,1074.4111711718142,259,4.399921894073486,4.399862766265869,-5.91278076171875e-05,1074.4111711718142,259,0.7023305942614874,-104.0,0.1685593426227569
692,3.199987625525863e-09,-0.1068058969596001,4.400091648101807,4.399862766265869,4.399971599284286,-0.5041428115524358,1076.3790990989655,259,4.400091648101807,4.399939060211182,-0.000152587890625,1076.3790990989655,259,0.7007451727986336,-105.0,0.168178841471672
693,2.352442168940139e-09,-0.3643202963082437,4.400090217590332,4.399862766265869,4.3999924367415035,0.192228267864694,1084.8090090081096,261,4.400068283081055,4.399939060211182,-0.000129222869873,1084.8090090081096,261,0.6993682434161504,-106.0,0.1678483784198761
694,1.5468853490007075e-09,-0.1541005813007354,4.400091648101807,4.399866104125977,4.399993614800648,0.3669614394408169,1073.429789789021,259,4.400025367736816,4.400091648101807,6.628036499023438e-05,1073.429789789021,259,0.698282631735007,-107.0,0.1675878316164016
695,4.34660847449072e-09,-0.3649296645292924,4.400163650512695,4.399799346923828,4.40001240178543,0.4006671188170316,1078.7683683689684,261,4.399964332580566,4.400015354156494,5.1021575927734375e-05,1078.7683683689684,261,0.6965477019548416,-108.0,0.167171448469162
696,3.269309114044783e-09,0.1596921045977139,4.400091648101807,4.399862766265869,4.399970698902625,-0.5531323086646203,1085.467387387529,262,4.400015354156494,4.399939060211182,-7.62939453125e-05,1085.467387387529,262,0.6971847265958786,-109.0,0.1673243343830108
697,2.851735575055885e-09,0.5456238925503657,4.400166988372803,4.399864196777344,4.399991446274978,1.280688471724039,1075.6951851863414,260,4.4000020027160645,4.399939060211182,-6.29425048828125e-05,1075.6951851863414,260,0.6963685775796573,-110.0,0.1671284586191177
698,2.640100338994815e-09,-0.0398495809848327,4.400089263916016,4.399862766265869,4.399982759322243,-0.2985375410338111,1080.8634634632615,261,4.4000163078308105,4.400015354156494,-9.5367431640625e-07,1080.8634634632615,261,0.6946227823694547,-111.0,0.1667094677686691
699,2.495193277854736e-09,-0.3740818989331813,4.400087833404541,4.399862766265869,4.399980674263175,-0.0666270925982819,1083.6568468473852,262,4.399946689605713,4.399862766265869,-8.392333984375e-05,1083.6568468473852,262,0.6937935327490171,-112.0,0.1665104478597641
700,3.0228534040757054e-09,0.3729497833170788,4.400091648101807,4.399866580963135,4.399991517779471,-0.861135207379911,1076.1007007006556,261,4.400024890899658,4.400015354156494,-9.5367431640625e-06,1076.1007007006556,261,0.6939000139633815,-113.0,0.1665360033512115
701,2.515880987598547e-09,0.1788017034938687,4.400160312652588,4.399866104125977,4.3999972415967585,0.6461700812908413,1089.2486086077988,263,4.400015354156494,4.400015354156494,0.0,1089.2486086077988,263,0.6916167835394542,-114.0,0.165988028049469
702,2.513143832834731e-09,-0.3148409989250643,4.400091171264648,4.399863243103027,4.399989953340199,-0.2881393051729666,1126.7162162158638,271,4.400015354156494,4.399939060211182,-7.62939453125e-05,1126.7162162158638,271,0.6957934548457464,-115.0,0.1669904291629791
703,3.749462859414815e-09,0.5188523738097787,4.400166034698486,4.399864673614502,4.3999802518773965,-0.1064427682688156,1130.1688988991082,270,4.400015354156494,4.399939060211182,-7.62939453125e-05,1130.1688988991082,270,0.6922230124473572,-116.0,0.1661335229873657
704,2.962390781989103e-09,0.0648339188074546,4.400161266326904,4.399863243103027,4.399978433594559,2.5527402679692557e-05,1093.7798798792064,264,4.400014400482178,4.400015354156494,9.5367431640625e-07,1093.7798798792064,264,0.6908394396305084,-117.0,0.165801465511322
705,2.186659645440529e-09,-0.8932357663933976,4.400084018707275,4.399791717529297,4.399968522583124,1.1809765427761922,1084.480680681765,263,4.399939060211182,4.399939060211182,0.0,1084.480680681765,263,0.6917206570506096,-118.0,0.1660129576921463
706,3.458996628561704e-09,-0.2948927516750524,4.400091648101807,4.399791717529297,4.399970735302408,-0.1157028668810031,1080.5138738732785,262,4.400013446807861,4.399939060211182,-7.43865966796875e-05,1080.5138738732785,262,0.6896646693348885,-119.0,0.1655195206403732
707,2.680045571137547e-09,-0.2662077008208584,4.400091648101807,4.399862766265869,4.40000320745237,-0.3419478852150632,1090.7286586593837,264,4.400044918060303,4.399862766265869,-0.0001821517944335,1090.7286586593837,264,0.6881400321920713,-120.0,0.1651536077260971
708,1.982648152225252e-09,-0.6477264119024992,4.400090217590332,4.399863243103027,4.399999321396671,0.6335032545618051,1106.6628828831017,268,4.400015354156494,4.400015354156494,0.0,1106.6628828831017,268,0.6887209291259448,-121.0,0.1652930229902267
709,2.844550073193948e-09,-0.2218348177555074,4.400091648101807,4.399864196777344,4.399997725415585,-0.2207033253395782,1110.84828828834,268,4.400015354156494,4.399939060211182,-7.62939453125e-05,1110.84828828834,268,0.6872710461417835,-122.0,0.164945051074028
710,1.713742636190313e-09,0.013911433046568,4.400085926055908,4.399865627288818,4.3999811147482655,-0.1755686708319963,1103.426046045497,267,4.400081634521484,4.400015354156494,-6.628036499023438e-05,1103.426046045497,267,0.6832817569375038,-123.0,0.1639876216650009
711,2.533285091863657e-09,-0.309023538213535,4.400089740753174,4.39986515045166,4.399986400533078,-0.3396734187690131,1102.127357358113,268,4.400015354156494,4.400015354156494,0.0,1102.127357358113,268,0.6891813750068347,-124.0,0.1654035300016403
712,2.5986535926342406e-09,0.0997163326154927,4.400091648101807,4.399862766265869,4.399980944174307,-0.0520087915423519,1120.4805905912071,270,4.40003776550293,4.400015354156494,-2.2411346435546875e-05,1120.4805905912071,270,0.6862793117761612,-125.0,0.1647070348262787
713,4.738119636014652e-09,0.0948376844361347,4.400162696838379,4.399862766265869,4.400000416752183,-0.4846368817484388,1135.0078078079969,273,4.399939060211182,4.400015354156494,7.62939453125e-05,1135.0078078079969,273,0.6867898628115654,-126.0,0.1648295670747757
714,2.852924684372159e-09,-0.0204041362598731,4.400091648101807,4.399862766265869,4.3999810218811035,-0.255758948722395,1093.9113513510674,265,4.399862766265869,4.400015354156494,0.000152587890625,1093.9113513510674,265,0.6830860550204914,-127.0,0.1639406532049179
715,3.081182150902423e-09,0.1879282972337288,4.400091648101807,4.399864196777344,4.399982843183933,-0.6396701455506402,1092.7761761769652,266,4.400015354156494,4.399939060211182,-7.62939453125e-05,1092.7761761769652,266,0.681427928308646,-128.0,0.163542702794075
716,3.132163603058075e-09,0.0222559676549449,4.40015983581543,4.399868965148926,4.400004912645389,-0.0699447632711764,1129.9871071074158,273,4.400144100189209,4.400015354156494,-0.0001287460327148,1129.9871071074158,273,0.6816986948251724,-129.0,0.1636076867580413
717,3.741204616213204e-09,0.1323999188684558,4.400156021118164,4.3998637199401855,4.399992572136645,-0.5749056987174419,1087.286246245727,265,4.400092124938965,4.400091648101807,-4.76837158203125e-07,1087.286246245727,265,0.6802443414926529,-130.0,0.1632586419582367
718,3.1632933073006295e-09,-0.0805508929038005,4.4001617431640625,4.399863243103027,4.399997806190548,0.3964415226660289,1090.0227227229625,266,4.399974822998047,4.399939060211182,-3.5762786865234375e-05,1090.0227227229625,266,0.6786863630016645,-131.0,0.1628847271203994
719,2.909714005788629e-09,0.3312938434204932,4.400090217590332,4.399868011474609,4.399985859903057,-1.0236995491649823,1094.5034634638578,267,4.399977207183838,4.400015354156494,3.814697265625e-05,1094.5034634638578,267,0.67755493024985,-132.0,0.162613183259964
720,3.625921814031698e-09,0.1286409619544684,4.400161266326904,4.399862766265869,4.399992224457976,0.0558872145531581,1126.2517517525705,231,4.399939060211182,4.399939060211182,0.0,1126.2517517525705,231,0.7012616842985153,-133.0,0.1683028042316436
721,2.987759019836256e-09,0.1829075943175385,4.4001665115356445,4.399865627288818,4.399982870514713,0.1467733339575114,1128.4318018015474,268,4.399982929229736,4.399939060211182,-4.38690185546875e-05,1128.4318018015474,268,0.7001638412475586,-134.0,0.168039321899414
722,2.520985708297719e-09,-0.0598497965829954,4.400090217590332,4.399864196777344,4.3999906948634555,-0.5339754868583957,1115.917917918414,266,4.39998722076416,4.400015354156494,2.8133392333984375e-05,1115.917917918414,266,0.6979100406169891,-135.0,0.1674984097480774
723,3.299218768186977e-09,0.559137116539518,4.400165557861328,4.399868488311768,4.399986277608311,0.1421797415411205,1144.9872072078288,272,4.399930000305176,4.400015354156494,8.535385131835938e-05,1144.9872072078288,272,0.6959309180577596,-136.0,0.1670234203338623
724,3.771783944521022e-09,-0.0543013008005846,4.400164604187012,4.39979887008667,4.399994990510761,0.2294099172469339,1108.1948348339647,265,4.400015354156494,4.400015354156494,0.0,1108.1948348339647,265,0.6961143886049589,-137.0,0.1670674532651901
725,4.019135695639354e-09,-0.0214189804079115,4.400167465209961,4.3997883796691895,4.399981127249614,0.8120363827947794,1117.2026626635345,267,4.399959087371826,4.400015354156494,5.626678466796875e-05,1117.2026626635345,267,0.6919020165999731,-138.0,0.1660564839839935
726,4.187464728403462e-09,0.333030180944302,4.400164604187012,4.399863243103027,4.4000008686651455,-0.3120579859218426,1111.307527527213,267,4.399972915649414,4.399939060211182,-3.3855438232421875e-05,1111.307527527213,267,0.691895807782809,-139.0,0.1660549938678741
727,3.147418946597997e-09,-0.2436778636276118,4.400091648101807,4.399862766265869,4.3999844847546985,-0.4008214885800987,1113.1740540545434,267,4.400015354156494,4.399862766265869,-0.000152587890625,1113.1740540545434,267,0.6875811765591304,-140.0,0.1650194823741912
728,5.8896560888450655e-09,0.0310399135853234,4.400167465209961,4.399862766265869,4.400009213338479,-0.8152190069045786,1129.4162162169814,271,4.399880886077881,4.400015354156494,0.0001344680786132,1129.4162162169814,271,0.6872877478599548,-141.0,0.1649490594863891
729,3.482643470669207e-09,0.1837322212909703,4.400166034698486,4.399864673614502,4.400005794623318,0.0412210595002493,1133.2465865854174,272,4.400015354156494,4.400015354156494,0.0,1133.2465865854174,272,0.6857796261707942,-142.0,0.1645871102809906
730,2.047238548349636e-09,0.849408482912187,4.400156021118164,4.399939060211182,4.399990768574956,0.6510524489619187,1110.6906006000936,268,4.4001336097717285,4.399939060211182,-0.0001945495605468,1110.6906006000936,268,0.683916670580705,-143.0,0.1641400009393692
731,3.42076028039224e-09,-0.6646413391183443,4.40009069442749,4.399792671203613,4.399976424057118,0.4620384788657961,1139.5960060060024,274,4.399911403656006,4.400015354156494,0.0001039505004882,1139.5960060060024,274,0.6844416260719299,-144.0,0.1642659902572631
732,2.9593530804746302e-09,0.1267854008814689,4.400166034698486,4.399866580963135,4.3999812761942545,0.0877683018504607,1120.130540540442,270,4.399961471557617,4.400015354156494,5.3882598876953125e-05,1120.130540540442,270,0.6816419462362926,-145.0,0.1635940670967102
733,2.5338119830731175e-09,0.4424109217898971,4.4001641273498535,4.399862766265869,4.399979949880529,0.8207341299803876,1117.2816716711968,270,4.400015354156494,4.399862766265869,-0.000152587890625,1117.2816716711968,270,0.6800007075071335,-146.0,0.163200169801712
734,2.5940978544068966e-09,0.6159663218540747,4.400163173675537,4.399868965148926,4.39999793017352,0.5701631085929648,1113.9858158156276,270,4.400135517120361,4.400015354156494,-0.0001201629638671,1113.9858158156276,270,0.6755531455079715,-147.0,0.1621327549219131
735,4.1660284247501164e-09,-0.1373801773616391,4.400091648101807,4.399796962738037,4.399980016563774,-0.3554177293316463,1143.6953753754497,277,4.399982929229736,4.400015354156494,3.24249267578125e-05,1143.6953753754497,277,0.6783113504449527,-148.0,0.1627947241067886
736,2.228899166468471e-09,0.0668446203166994,4.400091648101807,4.399865627288818,4.399981058031213,-0.2544201485513668,1147.303543543443,277,4.400053977966309,4.400091648101807,3.7670135498046875e-05,1147.303543543443,277,0.6783569231629372,-149.0,0.1628056615591049
737,4.888373713684938e-09,-0.2344567651774757,4.4001665115356445,4.399803161621094,4.400006265888427,-0.101960503053327,1106.3678478486836,269,4.400013446807861,4.399939060211182,-7.43865966796875e-05,1106.3678478486836,269,0.6727259606122971,-150.0,0.1614542305469513
738,2.2604146060901527e-09,0.0464849550355747,4.400091171264648,4.399866580963135,4.399991547104216,-0.389571413797654,1126.191951952875,274,4.399939060211182,4.400015354156494,7.62939453125e-05,1126.191951952875,274,0.673228440185388,-151.0,0.1615748256444931
739,3.201478030174588e-09,-0.7400460460226764,4.400091648101807,4.399801254272461,4.400002558441723,0.8248903449778724,1117.238868869841,272,4.400015354156494,4.399939060211182,-7.62939453125e-05,1117.238868869841,272,0.6712772573033969,-152.0,0.1611065417528152
740,2.499748447596817e-09,0.274420526887051,4.400091648101807,4.399870872497559,4.399998612456269,-0.5916633607045081,1119.556356355548,273,4.400015354156494,4.399939060211182,-7.62939453125e-05,1119.556356355548,273,0.669460619489352,-153.0,0.1606705486774444
741,2.7879193732586655e-09,-0.0337419304636703,4.400091171264648,4.399866104125977,4.399977154011349,-0.6981733430826265,1141.4451851863414,278,4.399930000305176,4.400015354156494,8.535385131835938e-05,1141.4451851863414,278,0.6689893702665966,-154.0,0.1605574488639831
742,2.362915464386702e-09,-0.2539626123887329,4.400091648101807,4.399862766265869,4.399979109405189,0.3764322364108636,1148.1706106103957,279,4.39987325668335,4.400091648101807,0.000218391418457,1148.1706106103957,279,0.6678540259599686,-155.0,0.1602849662303924
743,2.4440639115012523e-09,0.4964311586162844,4.400166988372803,4.399939060211182,4.4000075329904975,-0.2517486946668894,1131.9484484493732,276,4.399939060211182,4.399939060211182,0.0,1131.9484484493732,276,0.6632651512821516,-156.0,0.1591836363077163
744,1.6053567196884102e-09,-0.415304483747283,4.40009069442749,4.399864673614502,4.399995403086885,0.3369750841369439,1156.631441442296,282,4.399939060211182,4.399939060211182,0.0,1156.631441442296,282,0.6654289861520132,-157.0,0.1597029566764831
745,2.8282623272748023e-09,0.0148678602450175,4.400091648101807,4.399866104125977,4.399991615079738,-0.4455985566078206,1166.147627627477,283,4.39993953704834,4.400091648101807,0.0001521110534667,1166.147627627477,283,0.6618708372116089,-158.0,0.1588490009307861
746,2.852818959683477e-09,0.0173056297288381,4.400163173675537,4.399867534637451,4.400014833812296,0.5092892191808098,1114.4248048048466,274,4.400015354156494,4.399939060211182,-7.62939453125e-05,1114.4248048048466,274,0.6582566226522129,-159.0,0.157981589436531
747,2.650608409303277e-09,-0.0560597326555837,4.4001569747924805,4.399862766265869,4.399981852988122,0.6333490221633871,1160.7277577575296,284,4.399939060211182,4.399939060211182,0.0,1160.7277577575296,284,0.6590066477656364,-160.0,0.1581615954637527
748,3.198761846737966e-09,0.4700575192436051,4.400157451629639,4.399864196777344,4.399985587123499,-0.3742698557495969,1127.0027627628297,277,4.399939060211182,4.399939060211182,0.0,1127.0027627628297,277,0.6535963465770086,-161.0,0.156863123178482
749,3.714045862013586e-09,-0.4649438839043316,4.400091648101807,4.3997907638549805,4.399986755516794,-0.1255781750539792,1176.2317217215896,288,4.399960041046143,4.400015354156494,5.53131103515625e-05,1176.2317217215896,288,0.6566859781742096,-162.0,0.1576046347618103
750,2.844607886491373e-09,-0.3770727259082058,4.40009069442749,4.399789333343506,4.399977102717747,0.4314366931137341,1155.9205405414104,283,4.3999528884887695,4.400015354156494,6.246566772460938e-05,1155.9205405414104,283,0.6559586773316066,-163.0,0.1574300825595855
751,1.7097594497108492e-09,0.1872055283663921,4.400091171264648,4.39986515045166,4.399978335920747,-0.1446155786148195,1169.6582582574338,286,4.39994478225708,4.400015354156494,7.05718994140625e-05,1169.6582582574338,286,0.6520384301741918,-164.0,0.156489223241806
752,4.313715176284362e-09,-0.3662686288618673,4.400162220001221,4.399791717529297,4.399985151661579,0.2256360893739697,1153.967147147283,283,4.399991989135742,4.400015354156494,2.3365020751953125e-05,1153.967147147283,283,0.6481304143865904,-165.0,0.1555512994527816
753,2.759508124499312e-09,0.9227694949593738,4.400162220001221,4.399864196777344,4.399985616704179,0.8657326639646898,1147.1415615621954,283,4.400015354156494,4.400015354156494,0.0,1147.1415615621954,283,0.6487346564730009,-166.0,0.1556963175535202
754,3.525340278301833e-09,0.207937107670259,4.400163173675537,4.399865627288818,4.399991886125624,-0.0973263335892373,1168.6664264257995,287,4.399893760681152,4.400015354156494,0.0001215934753417,1168.6664264257995,287,0.6472977499167125,-167.0,0.155351459980011
755,3.2831009115138254e-09,0.1693179374522077,4.400091648101807,4.399865627288818,4.399987432874482,-0.9505052019994996,1178.3273473475128,290,4.399939060211182,4.399939060211182,0.0,1178.3273473475128,290,0.6476199254393578,-168.0,0.1554287821054458
756,3.528042077885501e-09,0.112150478398052,4.400153160095215,4.399862766265869,4.399986187891977,-0.2342679401869922,1176.9945945944637,289,4.4000325202941895,4.399939060211182,-9.34600830078125e-05,1176.9945945944637,289,0.6434744223952293,-169.0,0.154433861374855
757,3.954938690040284e-09,-0.2094483262560042,4.400091648101807,4.3997883796691895,4.399977261444618,-0.4396377713254398,1177.0226526521146,290,4.400007724761963,4.399939060211182,-6.866455078125e-05,1177.0226526521146,290,0.6434991334875425,-170.0,0.1544397920370102
758,2.975472668380338e-09,-0.0553525809224856,4.400091648101807,4.399862766265869,4.3999805794548745,-0.2475490179919499,1181.6382382381707,291,4.400000095367432,4.400015354156494,1.52587890625e-05,1181.6382382381707,291,0.6412766873836517,-171.0,0.1539064049720764
759,2.0935568617537722e-09,0.226920451728991,4.400091648101807,4.399864196777344,4.399993723976734,-0.4834476850653941,1190.567887887359,293,4.399939060211182,4.400015354156494,7.62939453125e-05,1190.567887887359,293,0.6380954757332802,-172.0,0.1531429141759872
760,2.416923287532896e-09,-0.326576983116964,4.400089263916016,4.399862766265869,4.399971156904142,-0.2191608063610592,1181.451261261478,292,4.400015354156494,4.400015354156494,0.0,1181.451261261478,292,0.6368619700272878,-173.0,0.152846872806549
761,2.795531748334126e-09,0.6434626706379105,4.400156021118164,4.399864196777344,4.399971363041228,0.7833930754047063,1165.61873873882,289,4.400015354156494,4.400015354156494,0.0,1165.61873873882,289,0.6323021526137989,-174.0,0.1517525166273117
762,2.234700161106475e-09,-0.4838618580271921,4.400091648101807,4.399790287017822,4.3999813819418145,1.1311513176357677,1185.3624424412849,294,4.399939060211182,4.399939060211182,0.0,1185.3624424412849,294,0.6302005300919216,-175.0,0.1512481272220611
763,2.33816350972458e-09,0.0647514108353325,4.400091648101807,4.399869441986084,4.399989054375088,-0.2534924970239758,1169.2022022027522,291,4.400021076202393,4.399939060211182,-8.20159912109375e-05,1169.2022022027522,291,0.6277233983079593,-176.0,0.1506536155939102
764,2.5800054862327627e-09,0.0503083908186562,4.400161266326904,4.399865627288818,4.400015077493297,-0.1163481524829221,1177.1750550549475,293,4.399949550628662,4.400015354156494,6.580352783203125e-05,1177.1750550549475,293,0.627025713523229,-177.0,0.1504861712455749
765,4.362481071115286e-09,-0.1283248788264083,4.400160312652588,4.399789333343506,4.399976332434292,0.0277971871632654,1166.1858758758754,290,4.399881839752197,4.399939060211182,5.7220458984375e-05,1166.1858758758754,290,0.6229404980937641,-178.0,0.1495057195425033
766,3.890987526029932e-09,0.2435383139134851,4.400164604187012,4.399862766265869,4.399987240095396,-0.3070340577071886,1183.6793793793768,296,4.39993953704834,4.400015354156494,7.581710815429688e-05,1183.6793793793768,296,0.6210134054223697,-179.0,0.1490432173013687
767,4.2384501100288445e-09,-0.8568696882237832,4.40009069442749,4.399791240692139,4.399982388172085,0.5126539145135895,1188.2933333329856,297,4.3997931480407715,4.399939060211182,0.0001459121704101,1188.2933333329856,297,0.6187345211704572,-180.0,0.1484962850809097
768,3.345467065065645e-09,-0.3641293078832068,4.400166988372803,4.399867534637451,4.400018767392922,-0.2882660466129492,1153.6078078076243,291,4.400080680847168,4.400015354156494,-6.532669067382812e-05,1153.6078078076243,291,0.6208091974258423,-181.0,0.1489942073822021
769,2.480970642526655e-09,-0.5945098319023555,4.400091171264648,4.399796485900879,4.399978773013966,1.0935953774295952,1180.5964964963496,296,4.399939060211182,4.400015354156494,7.62939453125e-05,1180.5964964963496,296,0.6176366160313289,-182.0,0.1482327878475189
770,3.286741368614352e-09,-0.0075033032889181,4.400163173675537,4.399865627288818,4.3999940624822935,0.2829433511460673,1163.4139339327812,293,4.399939060211182,4.400091648101807,0.000152587890625,1163.4139339327812,293,0.6154722844560941,-183.0,0.1477133482694625
771,2.806361870343615e-09,0.40103109423423,4.400091648101807,4.39986515045166,4.39998006339025,-0.5032537665188435,1182.077037036419,297,4.399939060211182,4.400015354156494,7.62939453125e-05,1182.077037036419,297,0.6130291769901912,-184.0,0.1471270024776458
772,3.480444565279049e-09,-0.040720365205403,4.400091648101807,4.399862766265869,4.399980806015633,-0.7087681161071404,1173.9405405409634,296,4.400091648101807,4.400015354156494,-7.62939453125e-05,1173.9405405409634,296,0.6104412178198497,-185.0,0.1465058922767639
773,2.234935837076897e-09,-0.1634574413691832,4.400155067443848,4.399862766265869,4.399995431551505,1.3317546847675317,1194.9249249249697,301,4.400015354156494,4.400091648101807,7.62939453125e-05,1194.9249249249697,301,0.6122123450040817,-186.0,0.1469309628009796
774,3.88806949528327e-09,0.7847569209157484,4.400238990783691,4.399789810180664,4.399964220194704,2.5503215102807566,1177.757037036121,297,4.399892330169678,4.400015354156494,0.0001230239868164,1177.757037036121,297,0.6094145899017652,-187.0,0.1462595015764236
775,2.947084510729738e-09,-0.3797558489098007,4.400091648101807,4.399865627288818,4.399993703172013,-0.4402523496199628,1168.3151651658118,296,4.399898529052734,4.400091648101807,0.0001931190490722,1168.3151651658118,296,0.6054377183318138,-188.0,0.1453050523996353
776,2.812437184668294e-09,-0.8682827606655518,4.400091648101807,4.399789333343506,4.399999841696485,1.6899270697728266,1167.8044444452971,297,4.399954795837402,4.399939060211182,-1.5735626220703125e-05,1167.8044444452971,297,0.6025189533829689,-189.0,0.1446045488119125
777,4.405947563295762e-09,-0.2873814981790842,4.400156497955322,4.399794578552246,4.3999834297508595,-0.3841122326784618,1190.1069969963282,302,4.400050163269043,4.399939060211182,-0.0001111030578613,1190.1069969963282,302,0.6000107775131862,-190.0,0.1440025866031646
778,3.221279938308387e-09,-0.3153099582573584,4.400091171264648,4.399788856506348,4.3999842589333555,-0.0785712327681524,1167.7035135142503,298,4.400035858154297,4.400015354156494,-2.0503997802734375e-05,1167.7035135142503,298,0.5983317270874977,-191.0,0.1435996145009994
779,3.382981090642638e-09,-0.6392700558232771,4.400091648101807,4.399862766265869,4.4000067647298176,-0.0591462801195805,1175.2166566569358,300,4.399970054626465,4.400091648101807,0.0001215934753417,1175.2166566569358,300,0.5972754210233688,-192.0,0.1433461010456085
780,3.186552075099681e-09,0.3574444235753241,4.400160789489746,4.399866104125977,4.3999987284342446,-0.1145675380916992,1172.2595795802772,300,4.400015354156494,4.399939060211182,-7.62939453125e-05,1172.2595795802772,300,0.5944467460115751,-193.0,0.142667219042778
781,2.0694199758085596e-09,-0.8569138265327216,4.400091171264648,4.39979362487793,4.399980066627856,1.7651167917173476,1178.479779779911,302,4.399939060211182,4.400015354156494,7.62939453125e-05,1178.479779779911,302,0.5926948040723801,-194.0,0.1422467529773712
782,2.769280970739579e-09,0.1178327781209631,4.400164604187012,4.399862766265869,4.399998376535815,0.207520646566178,1169.5645645651966,301,4.399939060211182,4.399862766265869,-7.62939453125e-05,1169.5645645651966,301,0.5914990479747455,-195.0,0.1419597715139389
783,2.7233292751344e-09,0.0079192842910405,4.400089740753174,4.399867534637451,4.399976203316136,-0.5037352890841107,1187.7933633644134,304,4.400027275085449,4.400015354156494,-1.1920928955078123e-05,1187.7933633644134,304,0.5909639721115431,-196.0,0.1418313533067703
784,4.250019711404742e-09,0.038423006481533,4.400162220001221,4.3997907638549805,4.4000002212650315,0.1976572218301759,1180.00680680573,303,4.399967670440674,4.400015354156494,4.76837158203125e-05,1180.00680680573,303,0.5882305403550466,-197.0,0.1411753296852111
785,2.8779112647194867e-09,0.7883605170337665,4.400165557861328,4.399865627288818,4.399994035627021,1.4938453089660697,1187.8518518526107,305,4.399984836578369,4.400015354156494,3.0517578125e-05,1187.8518518526107,305,0.5859430879354477,-198.0,0.1406263411045074
786,2.729079169976119e-09,-0.429040350016133,4.400091648101807,4.3997907638549805,4.399978584713406,0.5981584634650439,1189.7137137129905,306,4.400015354156494,4.399939060211182,-7.62939453125e-05,1189.7137137129905,306,0.5845286572972934,-199.0,0.1402868777513504
787,3.0275528815631095e-09,-0.1256235244792981,4.400091648101807,4.399862766265869,4.399992621294451,-0.1717775486554473,1192.2697297297418,307,4.399939060211182,4.399939060211182,0.0,1192.2697297297418,307,0.5835456773638725,-200.0,0.1400509625673294
788,1.995133709412299e-09,0.0382208578033528,4.400090217590332,4.399866104125977,4.399991403926503,-0.4005747019937109,1196.2582282293588,308,4.400015354156494,4.399939060211182,-7.62939453125e-05,1196.2582282293588,308,0.5826311185956001,-201.0,0.139831468462944
789,3.6030018705024534e-09,0.122863771599446,4.4001617431640625,4.399864673614502,4.39999483769236,-0.2848187822473456,1186.2881881874057,306,4.399939060211182,4.399939060211182,0.0,1186.2881881874057,306,0.5803165957331657,-202.0,0.1392759829759597
790,2.769977593622455e-09,-0.0041401376880667,4.400091648101807,4.39986515045166,4.399997308656767,-0.6648082407325773,1191.279849849641,308,4.399874687194824,4.400015354156494,0.0001406669616699,1191.279849849641,308,0.582235058148702,-203.0,0.1397364139556884
791,1.981021182355711e-09,0.1851721786022077,4.40009069442749,4.39986515045166,4.399979825905169,-0.2060879428315858,1188.6675675678998,307,4.39993143081665,4.399939060211182,7.62939453125e-06,1188.6675675678998,307,0.5815249557296436,-204.0,0.1395659893751144
792,3.9871501468184486e-09,0.1784941186942972,4.400163650512695,4.399862766265869,4.399976864168721,-0.5467220329370956,1201.6481081079692,310,4.399862766265869,4.399939060211182,7.62939453125e-05,1201.6481081079692,310,0.579301950832208,-205.0,0.1390324681997299
793,3.548027012310656e-09,0.1417644395498299,4.400091648101807,4.399862766265869,4.3999753788018685,-0.6687619306893424,1219.537607608363,314,4.399995803833008,4.400091648101807,9.584426879882812e-05,1219.537607608363,314,0.5776751786470413,-206.0,0.1386420428752899
794,2.906553314397712e-09,-0.25416577435861,4.400088310241699,4.399862766265869,4.3999768970082105,-0.5016731952687761,1193.5601201206446,309,4.400008201599121,4.399939060211182,-6.914138793945312e-05,1193.5601201206446,309,0.5750087400277456,-207.0,0.1380020976066589
795,2.202618506819773e-09,0.6621386208763839,4.400163173675537,4.399864196777344,4.399986387827457,0.9126017849993416,1202.611161161214,312,4.399967670440674,4.399939060211182,-2.86102294921875e-05,1202.611161161214,312,0.5731208870808284,-208.0,0.1375490128993988
796,2.023369088849885e-09,0.0736275105539982,4.400091648101807,4.399862766265869,4.399978841616027,-0.3187106823712584,1192.4077077079564,311,4.400078296661377,4.400091648101807,1.33514404296875e-05,1192.4077077079564,311,0.5715252831578255,-209.0,0.1371660679578781
797,3.664648505776206e-09,-0.5701323378740191,4.400091648101807,4.3997955322265625,4.399982256138056,0.4600593382798608,1192.1408408414572,311,4.400069236755371,4.399939060211182,-0.0001301765441894,1192.1408408414572,311,0.5690382793545723,-210.0,0.1365691870450973
798,3.346052060423296e-09,0.1386835738112689,4.40016508102417,4.399862766265869,4.400000988104092,0.4548036182661406,1197.6646246239543,313,4.400015354156494,4.399939060211182,-7.62939453125e-05,1197.6646246239543,313,0.5687423671285312,-211.0,0.1364981681108474
799,2.438353598914542e-09,-0.5475679141323824,4.4001288414001465,4.399795055389404,4.399976397171999,1.0211459106132592,1191.7806406412274,312,4.4001288414001465,4.400015354156494,-0.0001134872436523,1191.7806406412274,312,0.5680737396081289,-212.0,0.1363376975059509
800,2.398553661484562e-09,-0.2259755236571239,4.400091648101807,4.399864673614502,4.399990880036656,-0.1031249580020867,1212.3180180173367,316,4.400015354156494,4.399939060211182,-7.62939453125e-05,1212.3180180173367,316,0.5673427755633991,-213.0,0.1361622661352157
801,1.4428811520571101e-09,-0.5076679389643728,4.400083541870117,4.399867057800293,4.399980050041562,0.14370459347872,1207.451011011377,315,4.400055885314941,4.400015354156494,-4.0531158447265625e-05,1207.451011011377,315,0.5645236000418663,-214.0,0.1354856640100479
802,2.828827363339978e-09,0.5476876497563504,4.4001617431640625,4.3998637199401855,4.399974893920029,0.5540129380993766,1208.3103603608906,316,4.400015354156494,4.400091648101807,7.62939453125e-05,1208.3103603608906,316,0.5612429231405258,-215.0,0.1346983015537262
803,3.4588820754824632e-09,-0.1858193426087763,4.400091171264648,4.399792671203613,4.399960834778215,-0.1822813889558685,1217.688528528437,319,4.399986267089844,4.400015354156494,2.9087066650390625e-05,1217.688528528437,319,0.5621303493777912,-216.0,0.1349112838506698
804,2.961917875882944e-09,0.0826388497373912,4.400091648101807,4.399864196777344,4.399984953538427,-0.4006228505109388,1215.9409209210426,318,4.399971961975098,4.400015354156494,4.3392181396484375e-05,1215.9409209210426,318,0.5616134653488796,-217.0,0.134787231683731
805,2.986114622645719e-09,-0.4740407161959936,4.400091648101807,4.399796009063721,4.399985250238364,0.8333269498030549,1208.5592392385006,317,4.399984836578369,4.400015354156494,3.0517578125e-05,1208.5592392385006,317,0.5587659155329069,-218.0,0.1341038197278976
806,2.2747609730187176e-09,-0.1191981186256825,4.400091648101807,4.399866580963135,4.399999678889407,-0.4563283997156202,1198.5576576571912,316,4.400059223175049,4.400091648101807,3.24249267578125e-05,1198.5576576571912,316,0.5594928438464801,-219.0,0.1342782825231552
807,3.119661901291199e-09,0.1192718031089779,4.400091648101807,4.3998637199401855,4.399984049872269,-0.6961703458876416,1205.3138338346034,317,4.400091648101807,4.399939060211182,-0.000152587890625,1205.3138338346034,317,0.5554722001155218,-220.0,0.1333133280277252
808,3.715554763847854e-09,-0.2175002185491386,4.40016508102417,4.399790287017822,4.3999938082919225,1.0242730723871456,1210.0297897886485,319,4.400015354156494,4.400091648101807,7.62939453125e-05,1210.0297897886485,319,0.5567037190000217,-221.0,0.1336088925600052
809,3.1094354538934198e-09,0.1936677738649327,4.400156021118164,4.399863243103027,4.399988847708552,-0.1301230941554898,1205.2187687680123,318,4.400015354156494,4.400015354156494,0.0,1205.2187687680123,318,0.5549537638823192,-222.0,0.1331889033317566
810,4.468488422639064e-09,-0.102078153309555,4.400165557861328,4.3997883796691895,4.399979753342886,-0.4851068890035548,1189.1862062066791,315,4.400018215179443,4.399862766265869,-0.0001554489135742,1189.1862062066791,315,0.5546682203809421,-223.0,0.1331203728914261
811,3.261946896153499e-09,-0.0864431189085229,4.400091648101807,4.399864196777344,4.399990833896192,-0.6861810691882253,1198.544664664194,317,4.39998197555542,4.400015354156494,3.337860107421875e-05,1198.544664664194,317,0.5535038188099861,-224.0,0.1328409165143966
812,1.9448759605189423e-09,-0.4041431649896103,4.400091648101807,4.399864673614502,4.3999758460853675,-0.0949646174062954,1192.040090089664,316,4.399964332580566,4.400091648101807,0.0001273155212402,1192.040090089664,316,0.5546722561120987,-225.0,0.1331213414669037
813,3.1635581993000638e-09,0.080607597696866,4.400163173675537,4.39979362487793,4.39997802547852,0.4692703152689534,1198.5130330324173,317,4.399998664855957,4.400015354156494,1.6689300537109375e-05,1198.5130330324173,317,0.5547745153307915,-226.0,0.1331458836793899
814,2.893079621710819e-09,0.3291481613894199,4.400158882141113,4.399866580963135,4.399983778088455,-0.0932305733827059,1229.0730330329388,323,4.400088787078857,4.399939060211182,-0.0001497268676757,1229.0730330329388,323,0.5521353334188461,-227.0,0.132512480020523
815,2.9146543118424067e-09,0.3769885458395177,4.400167465209961,4.399865627288818,4.4000010818243025,0.6464137172362245,1208.5150550547987,320,4.399990558624268,4.399939060211182,-5.14984130859375e-05,1208.5150550547987,320,0.5542121827602386,-228.0,0.1330109238624572
816,3.9110743706704874e-09,-0.0766364339473731,4.400091648101807,4.399787902832031,4.399970382452011,-0.434635886610347,1214.4256556555629,320,4.400015354156494,4.400015354156494,0.0,1214.4256556555629,320,0.5518248304724693,-229.0,0.1324379593133926
817,3.27465342797993e-09,0.0598366479389131,4.400157451629639,4.399862766265869,4.39997765037911,0.0765351000979972,1244.372622622177,326,4.399960041046143,4.399939060211182,-2.09808349609375e-05,1244.372622622177,326,0.5506686866283417,-230.0,0.132160484790802
818,3.463045324864841e-09,-0.6522337772747738,4.400091648101807,4.399789333343506,4.399985346508327,0.6364578620616923,1189.3303703702986,317,4.399903297424316,4.400015354156494,0.0001120567321777,1189.3303703702986,317,0.5486396451791128,-231.0,0.131673514842987
819,3.025406897628204e-09,-0.0897427208132282,4.400162696838379,4.399862766265869,4.399985897541046,0.2582965808377926,1202.5278178174049,320,4.399977684020996,4.399939060211182,-3.8623809814453125e-05,1202.5278178174049,320,0.552637130022049,-232.0,0.1326329112052917
820,3.470853454624279e-09,-0.4707027504894767,4.400091648101807,4.3997955322265625,4.399982860041599,0.0780254831849913,1194.0695095099509,255,4.400015354156494,4.400015354156494,0.0,1194.0695095099509,255,0.5713677033782005,-233.0,0.1371282488107681
821,2.97179861165981e-09,-0.6900178030343395,4.400091648101807,4.399786949157715,4.399980449983161,1.053026623617792,1204.28638638556,311,4.399990558624268,4.400091648101807,0.000101089477539,1204.28638638556,311,0.5624040961265564,-234.0,0.1349769830703735
822,2.6125049090001855e-09,0.0542220864695805,4.400090217590332,4.399862766265869,4.399970345603772,-0.2412115222620938,1191.7650450449437,313,4.400015354156494,4.400015354156494,0.0,1191.7650450449437,313,0.5624822030464809,-235.0,0.1349957287311554
823,3.140353400580049e-09,-0.0395227964908073,4.400160789489746,4.399865627288818,4.399990883535391,-0.232796418978888,1212.193713713437,317,4.400015354156494,4.400015354156494,0.0,1212.193713713437,317,0.5563161025444667,-236.0,0.133515864610672
824,2.1841007870120904e-09,-1.17850385342521,4.400091648101807,4.3997955322265625,4.39999738620345,2.4794075217222096,1185.5525125134736,314,4.400051593780518,4.400015354156494,-3.62396240234375e-05,1185.5525125134736,314,0.5574495221177738,-237.0,0.1337878853082656
825,2.00714169002879e-09,-0.438165016746037,4.40009069442749,4.399862766265869,4.399988990196815,0.1099701044387551,1248.217297296971,325,4.399939060211182,4.400015354156494,7.62939453125e-05,1248.217297296971,325,0.5536244561274847,-238.0,0.1328698694705963
826,3.000063199678577e-09,-0.0498188942595568,4.400091648101807,4.3998637199401855,4.3999893768334095,-0.5525789446391296,1235.146826826036,324,4.399999618530273,4.400015354156494,1.5735626220703125e-05,1235.146826826036,324,0.5507790793975195,-239.0,0.1321869790554046
827,3.9398325456520935e-09,-0.2284534322562544,4.400155544281006,4.399786472320557,4.399985596818744,0.0164871715767871,1198.4948148149997,318,4.4000396728515625,4.399939060211182,-0.0001006126403808,1198.4948148149997,318,0.5470148598154386,-240.0,0.1312835663557052
828,3.925775462658539e-09,0.0295812366529977,4.400167942047119,4.399862766265869,4.399982412778415,-0.2374743641761667,1229.1081081088632,325,4.399905204772949,4.400015354156494,0.0001101493835449,1229.1081081088632,325,0.5453980838259062,-241.0,0.1308955401182174
829,2.8574465154776312e-09,-0.0818621054101098,4.400091171264648,4.399862766265869,4.39997935955341,-0.3602971244159425,1226.8086486496031,325,4.400068283081055,4.399939060211182,-0.000129222869873,1226.8086486496031,325,0.5426379541556041,-242.0,0.1302331089973449
830,2.0813059094547e-09,0.8117556489946256,4.40015983581543,4.399870872497559,4.399987933832571,1.7173565191884783,1232.710750751197,327,4.399939060211182,4.400015354156494,7.62939453125e-05,1232.710750751197,327,0.5398007109761238,-243.0,0.1295521706342697
831,4.269530099662704e-09,0.0883770460344799,4.400166034698486,4.3997883796691895,4.3999727785769585,0.1540022066749093,1228.1943943947554,327,4.399975299835205,4.399939060211182,-3.62396240234375e-05,1228.1943943947554,327,0.5360343803962072,-244.0,0.1286482512950897
832,3.227731805277597e-09,0.4448096249322662,4.400164604187012,4.399862766265869,4.399985560719271,0.3177185181776023,1196.5781081076711,322,4.399939060211182,4.400015354156494,7.62939453125e-05,1196.5781081076711,322,0.5335407331585884,-245.0,0.1280497759580612
833,2.246485309022669e-09,0.0604588304231508,4.40009069442749,4.399862766265869,4.399986308171199,-0.4302513627537632,1204.6670270264149,325,4.399862766265869,4.400015354156494,0.000152587890625,1204.6670270264149,325,0.5293865998586019,-246.0,0.1270527839660644
834,3.274360548863605e-09,0.5704689872232495,4.4001665115356445,4.399868011474609,4.4000087058905395,0.19091137195515,1225.1841441448778,330,4.399939060211182,4.400015354156494,7.62939453125e-05,1225.1841441448778,330,0.5272890751560529,-247.0,0.1265493780374527
