cycle_number,relax_var,relax_ske,relax_max,relax_min,relax_mean,relax_kur,relax_duration_s,relax_points,relax_start_voltage,relax_end_voltage,relax_voltage_delta,window_s,window_points,SOH,RUL,discharge_capacity_in_Ah
1,1.616929321203336e-09,-0.6786247255597413,4.400091171264648,4.399878978729248,4.400006528558402,0.9792517627113956,536.6102602602623,116,4.400060176849365,4.400015354156494,-4.482269287109375e-05,536.6102602602623,116,1.0188691318035126,634.0,0.244528591632843
2,1.8366803554355703e-09,-0.4272172269410624,4.400090217590332,4.399874687194824,4.400004831134764,0.5382307222539371,541.1347747747786,117,4.400015354156494,4.399939060211182,-7.62939453125e-05,541.1347747747786,117,1.018706647058328,633.0,0.2444895952939987
3,3.300550618743247e-09,0.546069214966342,4.400162220001221,4.399866580963135,4.400004299827244,0.5714080687292094,530.653453453444,115,4.399939060211182,4.400015354156494,7.62939453125e-05,530.653453453444,115,1.0183608780304592,632.0,0.2444066107273101
4,3.203080581513823e-09,-0.2868460697430355,4.400091648101807,4.399862766265869,4.400002393229254,-0.4668967201052285,535.8251751751814,116,4.400010585784912,4.400015354156494,4.76837158203125e-06,535.8251751751814,116,1.0183528686563177,631.0,0.2444046884775161
5,2.429011226309612e-09,0.5521798474693564,4.400091648101807,4.399868011474609,4.39997479675013,0.4512781403017278,530.2637837837683,109,4.399930953979492,4.400015354156494,8.440017700195312e-05,530.2637837837683,109,1.021935728689035,630.0,0.2452645748853683
6,1.8013776736535854e-09,0.163188420398008,4.40009069442749,4.399866104125977,4.399974167346954,0.1620199134344733,516.8355555555318,112,4.399939060211182,4.399939060211182,0.0,516.8355555555318,112,1.021500366429488,629.0,0.2451600879430771
7,1.873935975077092e-09,0.5060501102620452,4.400087356567383,4.3998703956604,4.399970706020083,0.4269222621965243,516.2000000000116,112,4.400015354156494,4.399939060211182,-7.62939453125e-05,516.2000000000116,112,1.0210483645399413,628.0,0.2450516074895858
8,1.3313553648374224e-09,-0.3781643397963167,4.400015354156494,4.399868965148926,4.399968989260562,-0.440346194507947,510.8470470470493,111,4.399999618530273,4.399939060211182,-6.0558319091796875e-05,510.8470470470493,111,1.0207150752345722,627.0,0.2449716180562973
9,3.28161927547551e-09,0.1752433528310697,4.400088310241699,4.399862766265869,4.399954595736095,-0.8421530619949396,515.6900000000023,112,4.3999199867248535,4.400015354156494,9.5367431640625e-05,515.6900000000023,112,1.0205482443173728,626.0,0.2449315786361694
10,2.2728726599779462e-09,-0.3523577718970568,4.400091648101807,4.399867057800293,4.399993570001276,-0.0579037099157742,510.48038038040977,111,4.399869918823242,4.399939060211182,6.914138793945312e-05,510.48038038040977,111,1.0202482963601749,625.0,0.2448595911264419
11,2.218889568434753e-09,-0.1167236361322949,4.400091648101807,4.3998637199401855,4.400001607499681,0.3208870446941216,510.4132132132072,111,4.399988174438477,4.400015354156494,2.7179718017578125e-05,510.4132132132072,111,1.0200836385289829,624.0,0.2448200732469558
12,1.5695952300922783e-09,0.861751425389793,4.40010929107666,4.399939060211182,4.399975196735279,0.3519423138437583,510.2557557557593,111,4.40010929107666,4.400015354156494,-9.393692016601562e-05,510.2557557557593,111,1.019962877035141,623.0,0.2447910904884338
13,4.150415868735316e-09,-2.09186387333622,4.400091648101807,4.399720668792725,4.399981146460181,5.202315911857983,509.9584584584809,111,4.399939060211182,4.400015354156494,7.62939453125e-05,509.9584584584809,111,1.0198024411996207,622.0,0.2447525858879089
14,2.3655151050082755e-09,0.3465837378274091,4.400091648101807,4.399939060211182,4.399995548074895,-1.124447887765321,504.90131131128874,110,4.400015354156494,4.400091648101807,7.62939453125e-05,504.90131131128874,110,1.0198025032877922,621.0,0.2447526007890701
15,4.116248700268724e-09,0.009625392436259,4.400091648101807,4.39986515045166,4.399982753100696,-0.9473978809366764,509.90120120119536,111,4.4000701904296875,4.400015354156494,-5.4836273193359375e-05,509.90120120119536,111,1.0197607800364494,620.0,0.2447425872087478
16,3.978873659632748e-09,-0.5889860912609063,4.400091648101807,4.399864673614502,4.400002019899386,-0.6106464752759715,509.9276276276214,111,4.399939060211182,4.400015354156494,7.62939453125e-05,509.9276276276214,111,1.0196690758069358,619.0,0.2447205781936645
17,2.915658673601334e-09,-0.3073065730725781,4.400091648101807,4.399868965148926,4.400003871402225,-0.4459869610049667,509.7338338338304,111,4.40006685256958,4.399939060211182,-0.0001277923583984,509.7338338338304,111,1.0196274767319362,618.0,0.2447105944156646
18,9.438397135301356e-10,-0.1473097796829319,4.400091648101807,4.399940490722656,4.400033313577826,0.2522558693609644,504.756196196191,110,4.400015354156494,4.400015354156494,0.0,504.756196196191,110,1.0195462654034295,617.0,0.2446911036968231
19,1.7126759205357611e-09,-0.579964884391156,4.400083065032959,4.399862766265869,4.399979929490523,0.720371047816827,504.8151151151396,110,4.400015354156494,4.399862766265869,-0.000152587890625,504.8151151151396,110,1.019612823923429,616.0,0.2447070777416229
20,2.7748745968002302e-09,0.3451124860733326,4.400087356567383,4.399864673614502,4.399954250225654,-0.4623221549484251,495.5465065065073,104,4.399970531463623,4.400015354156494,4.482269287109375e-05,495.5465065065073,104,1.025251920024554,615.0,0.2460604608058929
21,2.481370632831959e-09,0.1149992680998958,4.400091648101807,4.399866104125977,4.3999889603367555,-0.0927672687697476,496.6224524524296,108,4.399889945983887,4.400015354156494,0.0001254081726074,496.6224524524296,108,1.0249561940630278,614.0,0.2459894865751266
22,2.5915083655299402e-09,-0.3537009003485452,4.40008020401001,4.3998637199401855,4.399969194537011,-0.7865863917178832,491.28082082082983,107,4.400015354156494,4.400015354156494,0.0,491.28082082082983,107,1.0244104390343032,613.0,0.2458585053682327
23,2.4076013920617556e-09,-0.1264238278688753,4.40008544921875,4.399866104125977,4.399970295273255,-0.3431880499298625,491.21185185189825,107,4.399996280670166,4.399939060211182,-5.7220458984375e-05,491.21185185189825,107,1.0241146509846053,612.0,0.2457875162363052
24,1.8828704360252144e-09,0.540667470728409,4.400089740753174,4.399862766265869,4.399963995195785,0.6213027422618476,485.8882882882608,106,4.399979591369629,4.400015354156494,3.5762786865234375e-05,485.8882882882608,106,1.02361881484588,611.0,0.2456685155630111
25,2.382634752126615e-09,0.3954567955336717,4.400150775909424,4.399890899658203,4.400005719372046,0.4928453219252691,490.8383583583636,107,4.400015354156494,4.399939060211182,-7.62939453125e-05,490.8383583583636,107,1.0234479481975238,610.0,0.2456275075674057
26,2.4862821058800366e-09,-0.1161421906068391,4.40009069442749,4.399862766265869,4.399965157018643,-0.5479291593891462,490.36936936934944,107,4.399999618530273,4.399862766265869,-0.0001368522644042,490.36936936934944,107,1.021875316898028,609.0,0.2452500760555267
27,2.4349440978834242e-09,-0.5044408127224873,4.400089263916016,4.399799346923828,4.399960666332605,1.5602486397577455,484.5229729729472,106,4.399991035461426,4.400015354156494,2.4318695068359375e-05,484.5229729729472,106,1.02295633405447,608.0,0.2455095201730728
28,2.2057566763910963e-09,-0.1536011534170025,4.400088310241699,4.399868965148926,4.399982866839828,-0.461669692273865,490.5147347347811,107,4.399939060211182,4.400015354156494,7.62939453125e-05,490.5147347347811,107,1.022700158258279,607.0,0.245448037981987
29,2.4602693305296863e-09,-0.722108237934456,4.400091648101807,4.399868488311768,4.4000106481748205,0.8110507844115449,490.2526526526781,107,4.400015354156494,4.400015354156494,0.0,490.2526526526781,107,1.0224543511867523,606.0,0.2453890442848205
30,2.529914547916075e-09,-0.0083365823094531,4.400091648101807,4.399864196777344,4.399973477957384,-0.464801049061982,485.19774774776306,106,4.399997234344482,4.400015354156494,1.811981201171875e-05,485.19774774776306,106,1.022241823375225,605.0,0.245338037610054
31,1.4030491379109363e-09,0.2443888076392286,4.400088310241699,4.399939060211182,4.39999832171146,-0.3380465859965089,490.009669669671,107,4.399988651275635,4.399939060211182,-4.9591064453125e-05,490.009669669671,107,1.0220397884647052,604.0,0.2452895492315292
32,2.154030009686005e-09,-0.0254255907151459,4.400090217590332,4.399864196777344,4.399990288716443,-0.1599825123394387,484.9234234234318,106,4.400054931640625,4.399939060211182,-0.0001158714294433,484.9234234234318,106,1.0218355804681778,603.0,0.2452405393123626
33,2.291201747030288e-09,-1.267133483616811,4.400015354156494,4.3997931480407715,4.399960620381008,1.9074207124618383,489.7794194194721,107,4.399977207183838,4.400015354156494,3.814697265625e-05,489.7794194194721,107,1.021664775907993,602.0,0.2451995462179184
34,3.378049759977816e-09,0.5562499221634355,4.400166034698486,4.399873733520508,4.3999943599522675,0.0769220534793828,489.8197397397598,107,4.400015354156494,4.399939060211182,-7.62939453125e-05,489.8197397397598,107,1.0214919845263164,601.0,0.2451580762863159
35,2.854545066710127e-09,0.3702848826915642,4.400091648101807,4.399866580963135,4.399986035355898,-0.3144981078257243,489.8186786787119,107,4.400014400482178,4.400015354156494,9.5367431640625e-07,489.8186786787119,107,1.0212543730934462,600.0,0.245101049542427
36,2.6726580743991467e-09,-0.0678730384240649,4.400091648101807,4.399864673614502,4.39998872703481,-0.0309312455420731,489.562962963013,107,4.399994373321533,4.400015354156494,2.09808349609375e-05,489.562962963013,107,1.0211128120621047,599.0,0.2450670748949051
37,1.164651601754174e-09,-0.0957829518917713,4.400015354156494,4.399939060211182,4.399979051553978,-1.8270589316877048,484.7657657657983,106,4.399939060211182,4.400015354156494,7.62939453125e-05,484.7657657657983,106,1.0209607581297555,598.0,0.2450305819511413
38,3.200165121709762e-09,0.6080211205722448,4.4001593589782715,4.399871349334717,4.3999964901220014,0.4150957813269786,489.4112312311772,107,4.399970054626465,4.400015354156494,4.5299530029296875e-05,489.4112312311772,107,1.0208377614617348,597.0,0.2450010627508163
39,2.200068084529773e-09,0.265610009976586,4.400091648101807,4.399863243103027,4.399968980628754,0.1229958188921367,489.6022222222527,107,4.4000563621521,4.400015354156494,-4.100799560546875e-05,489.6022222222527,107,1.0207065691550574,596.0,0.2449695765972137
40,1.959531353691952e-09,0.3435352087288217,4.400091648101807,4.399939060211182,4.399994876897224,-0.8351653433973216,489.29875875869766,107,4.400015354156494,4.400091648101807,7.62939453125e-05,489.29875875869766,107,1.0205128540595374,595.0,0.2449230849742889
41,3.383122225711377e-09,0.0111294728380942,4.400091648101807,4.399862766265869,4.399993923222907,-0.3939316310302634,489.5067267267732,107,4.399991035461426,4.399939060211182,-5.1975250244140625e-05,489.5067267267732,107,1.0204211498300235,594.0,0.2449010759592056
42,1.634976220790729e-09,-0.3945594324618468,4.400087833404541,4.399864673614502,4.399980754495781,0.4697320912658207,489.3613613613415,107,4.400015354156494,4.400015354156494,0.0,489.3613613613415,107,1.020235816637675,593.0,0.244856595993042
43,1.2570466110846564e-09,0.4840466348319826,4.400089740753174,4.399939060211182,4.399985750144888,-0.1493065883101691,489.064264264307,107,4.399964332580566,4.399939060211182,-2.5272369384765625e-05,489.064264264307,107,1.0200316086411476,592.0,0.2448075860738754
44,2.415734200816459e-09,-0.3826096878354756,4.400089263916016,4.399867057800293,4.399991200349041,-0.0902424347403809,488.9624024024233,107,4.399962425231934,4.400015354156494,5.2928924560546875e-05,488.9624024024233,107,1.0198981811602912,591.0,0.2447755634784698
45,2.9170039457828126e-09,-1.0776184082511142,4.400015354156494,4.3997883796691895,4.399959457254855,0.7231300807535579,489.1321721721906,107,4.399975299835205,4.400015354156494,4.00543212890625e-05,489.1321721721906,107,1.019823302825292,590.0,0.24475759267807
46,3.450522327043631e-09,0.3274124739048424,4.400091648101807,4.399864673614502,4.3999779674242125,-0.5873150766542681,484.253903903882,106,4.400030136108398,4.400015354156494,-1.4781951904296877e-05,484.253903903882,106,1.0196232547362647,589.0,0.2447095811367035
47,2.1630702859081103e-09,-0.0108489763787805,4.400089740753174,4.399862766265869,4.399993219108225,-0.5051463345489728,488.7066866867244,107,4.400053977966309,4.399862766265869,-0.0001912117004394,488.7066866867244,107,1.0195295636852584,588.0,0.2446870952844619
48,2.455731559794485e-09,-0.1077933580356903,4.400089263916016,4.399869441986084,4.4000003226449556,-0.5644088312926856,489.0154554554029,107,4.399960041046143,4.400015354156494,5.53131103515625e-05,489.0154554554029,107,1.0195816556612651,587.0,0.2446995973587036
49,2.523266145731895e-09,0.7227319783414919,4.400158882141113,4.399939060211182,4.400007283912514,0.6678107365072758,484.17402402404696,106,4.399954795837402,4.400015354156494,6.0558319091796875e-05,484.17402402404696,106,1.0192608460783958,586.0,0.244622603058815
50,2.069135769440847e-09,0.2511158315645025,4.400087356567383,4.399869918823242,4.399966930674616,0.073262241183087,488.986806806759,107,4.399939060211182,4.399939060211182,0.0,488.986806806759,107,1.0194442545374236,585.0,0.2446666210889816
51,2.435646537648081e-09,0.3334185108035192,4.400084495544434,4.39986515045166,4.399961623075966,-0.19972667670178,489.16824824828655,107,4.399983882904053,4.399939060211182,-4.482269287109375e-05,489.16824824828655,107,1.0191983232895534,584.0,0.2446075975894928
52,3.547929008560208e-09,-0.3887325589088995,4.400088310241699,4.399791717529297,4.399951039073623,0.4665009528910273,488.8467467466835,107,4.399899005889893,4.400015354156494,0.0001163482666015,488.8467467466835,107,1.0191253696878753,583.0,0.24459008872509
53,1.493267371781981e-09,-0.1261626755241629,4.400015354156494,4.3998703956604,4.399960290605777,-0.6166669763813477,489.1406606606906,107,4.400015354156494,4.400015354156494,0.0,489.1406606606906,107,1.0187733297546706,582.0,0.2445055991411209
54,2.810340232242591e-09,-0.464648849252684,4.400091648101807,4.399863243103027,4.399985554062318,-0.3987216796763118,488.6727327327244,107,4.400015354156494,4.400091648101807,7.62939453125e-05,488.6727327327244,107,1.0188357283671698,581.0,0.2445205748081207
55,1.695410187131164e-09,0.0168357347432202,4.40009069442749,4.399939060211182,4.400002439445425,-0.6641462036733969,488.49553553550504,107,4.400032997131348,4.399939060211182,-9.393692016601562e-05,488.49553553550504,107,1.0187378774086635,580.0,0.2444970905780792
56,2.1343239745950783e-09,-0.4646835698260971,4.400091648101807,4.399787425994873,4.399948356307555,1.4880798164267015,488.5464664665051,107,4.39998722076416,4.400091648101807,0.0001044273376464,488.5464664665051,107,1.0186213379104934,579.0,0.2444691210985183
57,1.0451159423768848e-09,0.0302554113220407,4.400087356567383,4.399939060211182,4.400007698023431,0.3711379007332525,488.4583983983612,107,4.399991512298584,4.399939060211182,-5.245208740234375e-05,488.4583983983612,107,1.0183379674951236,578.0,0.2444011121988296
58,3.233706407448344e-09,0.4819681438698718,4.400091648101807,4.399869441986084,4.3999815432824825,-0.6896035608327145,488.582542542601,107,4.399939060211182,4.400015354156494,7.62939453125e-05,488.582542542601,107,1.018265075981617,577.0,0.244383618235588
59,3.6013456535986183e-09,1.1015793825688531,4.400241851806641,4.399939060211182,4.400014184139393,1.9827928289196195,493.4670770771336,108,4.4000563621521,4.400091648101807,3.528594970703125e-05,493.4670770771336,108,1.018179642657439,576.0,0.2443631142377853
60,4.416791969999014e-09,-0.4488101164618144,4.40009069442749,4.399787902832031,4.399978777147689,-0.2040342183855745,483.43933933926746,106,4.399929046630859,4.399862766265869,-6.628036499023438e-05,483.43933933926746,106,1.0179734478394191,575.0,0.2443136274814605
61,2.524518812378828e-09,-0.8432997568730911,4.400015354156494,4.399862766265869,4.399968000215905,-0.5133332084246671,488.55389389395714,107,4.399995803833008,4.399939060211182,-5.6743621826171875e-05,488.55389389395714,107,1.0179588571190834,574.0,0.24431012570858
62,1.8400989518692751e-09,-0.3023045454885198,4.400091648101807,4.399866580963135,4.3999695866196245,-0.2748566399663645,493.27856856863946,108,4.399984836578369,4.400091648101807,0.0001068115234375,493.27856856863946,108,1.0178651039799056,573.0,0.2442876249551773
63,1.8484941750631494e-09,0.5186880755433898,4.400090217590332,4.399874210357666,4.399971021670047,-0.0972374277740177,488.40322322328575,107,4.400015354156494,4.399939060211182,-7.62939453125e-05,488.40322322328575,107,1.0178588330745697,572.0,0.2442861199378967
64,1.3145851414621567e-09,1.2533197968566343,4.400091648101807,4.399868488311768,4.399948998032329,3.005562935240573,488.3575975976418,107,4.399939060211182,4.400091648101807,0.000152587890625,488.3575975976418,107,1.0175921022891998,571.0,0.2442221045494079
65,1.8753843297363228e-09,-0.6999789856070522,4.400015354156494,4.399867534637451,4.399974332791623,-0.5889911156690095,488.0647447446827,107,4.399939060211182,4.400015354156494,7.62939453125e-05,488.0647447446827,107,1.017392178376516,570.0,0.2441741228103637
66,3.265950408291377e-09,-0.1303142689176338,4.400091648101807,4.39986515045166,4.399993900940797,-0.862245943040771,488.2069269269705,107,4.399939060211182,4.400091648101807,0.000152587890625,488.2069269269705,107,1.0175567120313644,569.0,0.2442136108875274
67,3.2824697813980167e-09,-0.165655695971821,4.400084972381592,4.399862766265869,4.399958298585125,-0.6200481004979168,488.3077277278062,107,4.4000043869018555,4.399939060211182,-6.532669067382812e-05,488.3077277278062,107,1.0172483821709952,568.0,0.2441396117210388
68,2.219494881737059e-09,0.5415872389368679,4.400091171264648,4.3998637199401855,4.3999716321998665,-0.1608394576651624,488.0520120121073,107,4.400015354156494,4.399939060211182,-7.62939453125e-05,488.0520120121073,107,1.0171004881461465,567.0,0.244104117155075
69,3.681880730587998e-09,0.3670582781602903,4.400091648101807,4.399868488311768,4.399986721644892,-0.7240185507353694,487.8981581581757,107,4.400064468383789,4.400015354156494,-4.9114227294921875e-05,487.8981581581757,107,1.0171005502343178,566.0,0.2441041320562362
70,4.985479886520296e-09,0.0644093661316011,4.4001665115356445,4.399862766265869,4.399987599560034,-0.5110178208156007,488.0180580581073,107,4.40004301071167,4.400015354156494,-2.765655517578125e-05,488.0180580581073,107,1.016923412680626,565.0,0.2440616190433502
71,2.3943194175486027e-09,-0.0316038186001954,4.40009069442749,4.399866580963135,4.399980718844405,-0.3099559978102983,487.908768768888,107,4.400041103363037,4.399939060211182,-0.0001020431518554,487.908768768888,107,1.0169609760244689,564.0,0.2440706342458725
72,2.046944363338687e-09,0.0037003901594886,4.400083065032959,4.399871349334717,4.39997721164026,-0.6288336335498457,487.9342342342716,107,4.399958610534668,4.400015354156494,5.6743621826171875e-05,487.9342342342716,107,1.016744350393613,563.0,0.2440186440944671
73,1.4931792182074655e-09,0.6226501747832347,4.400085926055908,4.399939060211182,4.399981763627794,-0.24487250180107,492.6755555556156,108,4.400062561035156,4.399939060211182,-0.0001235008239746,492.6755555556156,108,1.016610922912757,562.0,0.2439866214990615
74,2.148455728465174e-09,0.5358263608441247,4.400082111358643,4.399864196777344,4.399947594713281,0.3275204465251127,492.688408408314,108,4.3999834060668945,4.400015354156494,3.1948089599609375e-05,492.688408408314,108,1.0163526982069016,561.0,0.2439246475696563
75,1.772018598468805e-09,-0.2088055854925218,4.400088310241699,4.399867057800293,4.3999876887710005,0.2190155821184509,492.9626026025507,108,4.399924278259277,4.399939060211182,1.4781951904296877e-05,492.9626026025507,108,1.0163109749555588,560.0,0.2439146339893341
76,3.216831504682397e-09,0.4574975270516221,4.400160789489746,4.399868011474609,4.3999807348957765,0.6193645501382377,492.58879879885353,108,4.399956226348877,4.399939060211182,-1.71661376953125e-05,492.58879879885353,108,1.0163859774669013,559.0,0.2439326345920562
77,4.344798564539883e-09,0.0055737890667964,4.4001641273498535,4.399797439575195,4.399980783462524,0.9591802047022376,492.6145045044832,108,4.400015354156494,4.399939060211182,-7.62939453125e-05,492.6145045044832,108,1.0160862157742183,558.0,0.2438606917858123
78,3.195675383713619e-09,-0.7883934854531782,4.400091648101807,4.399862766265869,4.399982611338298,-0.1685218333129881,492.83942942949943,108,4.3999505043029785,4.400091648101807,0.0001411437988281,492.83942942949943,108,1.0162088399132094,557.0,0.2438901215791702
79,1.914745515533559e-09,-0.2136012637790402,4.40009069442749,4.399863243103027,4.399981351656335,0.0174639967403398,487.7124724725727,107,4.399965763092041,4.399939060211182,-2.6702880859375e-05,487.7124724725727,107,1.0160444304347038,556.0,0.2438506633043289
80,1.6140643137644203e-09,-1.461675589406501,4.400015354156494,4.399862766265869,4.399988311308402,1.2046141303953797,492.5695195195731,108,4.3999714851379395,4.400015354156494,4.38690185546875e-05,492.5695195195731,108,1.0158984611431758,555.0,0.2438156306743621
81,2.8502929664805767e-09,-0.7922475846643332,4.400091648101807,4.399866580963135,4.400017404110632,0.066897825072103,487.700800800696,107,4.399975299835205,4.400091648101807,0.0001163482666015,487.700800800696,107,1.0179296756784122,554.0,0.2443031221628189
82,2.574033469687776e-09,0.1838347329364463,4.400091648101807,4.399939060211182,4.400006606200031,-1.2087562935205791,488.4965965966694,107,4.399939060211182,4.400015354156494,7.62939453125e-05,488.4965965966694,107,1.0155798867344856,553.0,0.2437391728162765
83,1.539260499531218e-09,0.346141825611772,4.400090217590332,4.399939060211182,4.399997097474557,-0.4757992860469993,492.37672672676854,108,4.4000701904296875,4.399939060211182,-0.0001311302185058,492.37672672676854,108,1.01575069129467,552.0,0.2437801659107208
84,2.3093332878067975e-09,0.2005557438627292,4.400091648101807,4.39986515045166,4.399987662280047,0.312285192096704,492.3146046046168,108,4.400015354156494,4.400015354156494,0.0,492.3146046046168,108,1.0152964542309444,551.0,0.2436711490154266
85,1.9689612706311432e-09,0.0919594474681137,4.400089740753174,4.399872303009033,4.399988139117205,-0.1818327442620018,492.19999999995343,108,4.400038719177246,4.400015354156494,-2.3365020751953125e-05,492.19999999995343,108,1.0151548311114311,550.0,0.2436371594667434
86,3.6150841904634364e-09,-0.8189692468270484,4.400086879730225,4.399796962738037,4.399972211534732,0.2359608964422346,487.4206806807779,107,4.400006294250488,4.399939060211182,-6.723403930664062e-05,487.4206806807779,107,1.0150423894325893,549.0,0.2436101734638214
87,2.0444800841713667e-09,-0.4666019665539491,4.400084495544434,4.399869441986084,4.399977732587744,-0.1312937139146486,492.1410910910927,108,4.400015354156494,4.399939060211182,-7.62939453125e-05,492.1410910910927,108,1.0150591532389324,548.0,0.2436141967773437
88,2.900564343612588e-09,-0.5002984667631324,4.400068283081055,4.399862766265869,4.399966681445086,-0.9767349347604188,492.3028228227049,108,4.400015354156494,4.400015354156494,0.0,492.3028228227049,108,1.01492777466774,547.0,0.2435826659202575
89,2.982777812597793e-09,-1.026417763020398,4.400091648101807,4.399865627288818,4.400026634887412,0.4520469644431464,492.2589089088142,108,4.399900436401367,4.399939060211182,3.8623809814453125e-05,492.2589089088142,108,1.0148903355002403,546.0,0.2435736805200576
90,2.4050926871399562e-09,-0.4124537271107366,4.400089263916016,4.399792194366455,4.399964584244622,2.040671015436851,492.02006006008014,108,4.39996862411499,4.399939060211182,-2.956390380859375e-05,492.02006006008014,108,1.0147714987397194,545.0,0.2435451596975326
91,2.5652275042806202e-09,-0.0063605098920647,4.400086402893066,4.399865627288818,4.399979525142246,-0.2830430217743216,492.3681581581477,108,4.399959564208984,4.400015354156494,5.5789947509765625e-05,492.3681581581477,108,1.0146465773383777,544.0,0.2435151785612106
92,2.792864678188853e-09,-0.2181056263966482,4.400084972381592,4.399862766265869,4.399966014756097,-0.3485301101889302,491.9450850849971,108,4.3999834060668945,4.399939060211182,-4.4345855712890625e-05,491.9450850849971,108,1.014484092593193,543.0,0.2434761822223663
93,2.584987685464728e-09,-0.285967790904271,4.400091648101807,4.399866104125977,4.399970006059717,-0.492309959780834,492.1068168168422,108,4.400015354156494,4.400091648101807,7.62939453125e-05,492.1068168168422,108,1.0143944372733436,542.0,0.2434546649456024
94,1.492932936077358e-09,0.0625398873515106,4.400082588195801,4.399864196777344,4.399975560329579,0.322838624647507,491.86903903912753,108,4.399908065795898,4.400015354156494,0.0001072883605957,491.86903903912753,108,1.014263244966666,541.0,0.2434231787919998
95,1.0211087124493495e-09,-0.1646775591588014,4.400090217590332,4.399939060211182,4.399994819252579,-0.1559642864317965,491.81013013003394,108,4.399972438812256,4.399939060211182,-3.337860107421875e-05,491.81013013003394,108,1.0141966243584952,540.0,0.2434071898460388
96,1.6953082571475602e-09,0.0090562776913155,4.400015354156494,4.399863243103027,4.399950049541615,-0.5964255339491622,491.9654354355298,108,4.399956703186035,4.399939060211182,-1.7642974853515625e-05,491.9654354355298,108,1.0141278306643169,539.0,0.243390679359436
97,2.1547288690045636e-09,-0.0046971094282611,4.400088310241699,4.399867534637451,4.399981013050786,0.0992698680368069,491.9675775775686,108,4.399991512298584,4.400015354156494,2.384185791015625e-05,491.9675775775686,108,1.013950693110625,538.0,0.24334816634655
98,5.383516754266998e-09,-0.6551712276837492,4.400091648101807,4.399862766265869,4.400014126742327,-0.7394256993451034,492.0350550550502,108,4.3999857902526855,4.400015354156494,2.956390380859375e-05,492.0350550550502,108,1.0173609480261805,537.0,0.2441666275262832
99,2.642825974600012e-09,-0.524086274205335,4.400087833404541,4.399862766265869,4.399997408144942,-0.0396541731573911,488.10824824823067,107,4.400003433227539,4.399862766265869,-0.0001406669616699,488.10824824823067,107,1.0138966143131256,536.0,0.2433351874351501
100,2.697286375022948e-09,-0.0689335571184875,4.40009069442749,4.399866104125977,4.399980712819983,-0.6109233496325035,492.0254154154099,108,4.400015354156494,4.400015354156494,0.0,492.0254154154099,108,1.0137070591251056,535.0,0.2432896941900253
101,3.201171132948339e-09,-0.4892348269155203,4.400091648101807,4.399864196777344,4.40000061194102,-0.106145691916506,491.84654654655606,108,4.399887561798096,4.400015354156494,0.0001277923583984,491.84654654655606,108,1.0135695338249209,534.0,0.2432566881179809
102,3.976898434580062e-09,-1.3553443518073225,4.400087356567383,4.399787425994873,4.399986602641918,1.839698111632718,491.6409009008202,108,4.399992942810059,4.399939060211182,-5.3882598876953125e-05,491.6409009008202,108,1.0134716207782428,533.0,0.2432331889867782
103,4.31498620486883e-09,0.0230708993350364,4.400156021118164,4.3997955322265625,4.399980111953315,0.934275365575172,496.5394594594836,109,4.400015354156494,4.399939060211182,-7.62939453125e-05,496.5394594594836,109,1.0134216398000715,532.0,0.2432211935520172
104,2.3331620135767892e-09,0.26530790573869,4.40009069442749,4.399862766265869,4.399977202768679,0.1289333849196481,491.65696696704254,108,4.400078773498535,4.399862766265869,-0.000216007232666,491.65696696704254,108,1.0133008162180583,531.0,0.2431921958923339
105,2.857498501494936e-09,-0.4199766938654279,4.400091171264648,4.399866580963135,4.400001245901125,-0.4014514118894987,496.5232432433404,109,4.399988174438477,4.400015354156494,2.7179718017578125e-05,496.5232432433404,109,1.0132175559798875,530.0,0.243172213435173
106,3.448206295706171e-09,-0.3304518881698025,4.400088310241699,4.399862766265869,4.399981476642467,-0.615021710106423,491.8422622622456,108,4.399939060211182,4.400015354156494,7.62939453125e-05,491.8422622622456,108,1.0130799685915313,529.0,0.2431391924619674
107,3.940501297858935e-09,0.7423132048595928,4.400160312652588,4.399863243103027,4.399965076271547,0.7536627789299177,496.3913513512816,109,4.399957656860352,4.399939060211182,-1.8596649169921875e-05,496.3913513512816,109,1.012936234474182,528.0,0.2431046962738037
108,3.757649250012977e-09,-0.1120370863595406,4.400088787078857,4.399799346923828,4.39995155859431,-0.411362601859579,496.41945945937186,109,4.399964809417725,4.399939060211182,-2.574920654296875e-05,496.41945945937186,109,1.0128571962316832,527.0,0.2430857270956039
109,3.026097987321082e-09,-0.0501673066427144,4.400091648101807,4.399867534637451,4.399988925015485,-0.2792158335000989,491.60020020022057,108,4.399995803833008,4.399939060211182,-5.6743621826171875e-05,491.60020020022057,108,1.0127716387311618,526.0,0.2430651932954788
110,1.066864732936415e-09,1.0210408479089716,4.400090217590332,4.399939060211182,4.399968637360467,0.8183937027667074,491.7437237238046,108,4.400090217590332,4.400015354156494,-7.486343383789062e-05,491.7437237238046,108,1.0126196468869846,525.0,0.2430287152528762
111,1.0304316824442947e-09,-0.3727182115361206,4.400089740753174,4.399939060211182,4.400004881399649,0.6130721043239018,491.48452452453785,108,4.400014400482178,4.399939060211182,-7.534027099609375e-05,491.48452452453785,108,1.0124988233049712,524.0,0.242999717593193
112,1.28026286427335e-09,0.5732917276426229,4.400091648101807,4.399939060211182,4.399982574882857,0.0382943811984044,496.2118918919005,109,4.399998664855957,4.400091648101807,9.298324584960938e-05,496.2118918919005,109,1.012371728817622,523.0,0.2429692149162292
113,2.4571710658545526e-09,0.5692059090582263,4.400086402893066,4.399939060211182,4.399988047573545,-1.0661421169578302,496.0648648648057,109,4.400015354156494,4.399939060211182,-7.62939453125e-05,496.0648648648057,109,1.012273815770944,522.0,0.2429457157850265
114,1.981913767318385e-09,-0.157243797873654,4.400089263916016,4.399868011474609,4.399980418179013,-0.2759047974685749,496.167567567667,109,4.399946212768555,4.400015354156494,6.914138793945312e-05,496.167567567667,109,1.012184222539266,521.0,0.2429242134094238
115,5.626172228240362e-09,0.6992350339017515,4.400167942047119,4.3998637199401855,4.399998031963001,-0.0813561990029239,501.2166966965888,110,4.400091648101807,4.400091648101807,0.0,501.2166966965888,110,1.0121176019310951,520.0,0.2429082244634628
116,1.6528930320136315e-09,0.0939955447608684,4.400091648101807,4.3999409675598145,4.4000193763662265,-0.5613030061631004,491.392412412446,108,4.399972438812256,4.400091648101807,0.0001192092895507,491.392412412446,108,1.0119613880912464,519.0,0.2428707331418991
117,2.454528957477792e-09,-0.4905350718910454,4.400091648101807,4.399869918823242,4.400014518597804,0.1255208984592939,496.07675675675273,109,4.400015354156494,4.400091648101807,7.62939453125e-05,496.07675675675273,109,1.0118508711457253,518.0,0.242844209074974
118,3.091033825846636e-09,0.13566937274066,4.400091648101807,4.399866580963135,4.399987443871455,-0.9530209532705398,496.1686486485414,109,4.399956703186035,4.400015354156494,5.8650970458984375e-05,496.1686486485414,109,1.0117905214428902,517.0,0.2428297251462936
119,2.586653691103088e-09,-0.5443298906166125,4.400090217590332,4.399867534637451,4.399988493788133,-0.0608672320472996,496.3027027028147,109,4.40008544921875,4.400015354156494,-7.009506225585938e-05,496.3027027028147,109,1.01167814185222,516.0,0.2428027540445327
120,3.6513334722191436e-09,0.3572213768601757,4.400091171264648,4.399862766265869,4.399946194942866,-0.9468313789678864,503.28354354342446,107,4.399939060211182,4.400015354156494,7.62939453125e-05,503.28354354342446,107,1.0162943974137306,515.0,0.2439106553792953
121,1.1030648340975003e-09,-1.6158367686790414,4.400015354156494,4.399871826171875,4.399992549091304,2.32538193078566,498.4399999999441,109,4.400002479553223,4.400015354156494,1.2874603271484377e-05,498.4399999999441,109,1.0158776616056762,514.0,0.2438106387853622
122,2.233263121350478e-09,0.8504869823736857,4.400091648101807,4.399939060211182,4.399983462420377,-0.1854509562120241,502.99190190201625,110,4.400078296661377,4.400015354156494,-6.29425048828125e-05,502.99190190201625,110,1.0155715669194858,513.0,0.2437371760606765
123,1.889025015242587e-09,-0.0243538856691434,4.400091648101807,4.39986515045166,4.399991411681569,0.1630589289349786,497.7924324325286,109,4.3999457359313965,4.400091648101807,0.0001459121704101,497.7924324325286,109,1.0151653240124383,512.0,0.2436396777629852
124,3.0886266239123453e-09,0.3369100862722949,4.400091648101807,4.399869918823242,4.399978768934897,-0.341954824985752,497.8735135134775,109,4.4000630378723145,4.400091648101807,2.86102294921875e-05,497.8735135134775,109,1.0148840645949049,511.0,0.2435721755027771
125,2.1176432196871367e-09,0.2643239227103527,4.400086879730225,4.399866580963135,4.399957306888125,-0.0220420037449335,497.6951351352036,109,4.399939060211182,4.399939060211182,0.0,497.6951351352036,109,1.0145362466573715,510.0,0.2434886991977691
126,2.1479686563556852e-09,0.4582516442691878,4.400084972381592,4.3998637199401855,4.399960708618164,-0.0202438135358256,502.3557957957965,110,4.399939060211182,4.399939060211182,0.0,502.3557957957965,110,1.0143006841341655,509.0,0.2434321641921997
127,2.6161453716183203e-09,0.7417887806504632,4.400162696838379,4.399939060211182,4.40000881281766,0.2625621905534694,502.35797797795385,110,4.399939060211182,4.400015354156494,7.62939453125e-05,502.35797797795385,110,1.014029917617639,508.0,0.2433671802282333
128,6.228346489469149e-09,0.5810683005613497,4.400157928466797,4.399862766265869,4.399980566718361,-0.7576353769692181,502.3001501502003,110,4.400119304656982,4.400091648101807,-2.765655517578125e-05,502.3001501502003,110,1.013800750176112,507.0,0.2433121800422668
129,2.431217848041326e-09,-0.019017453202573,4.400091648101807,4.399871826171875,4.399995040893555,-0.5505927632052043,502.2957857858855,110,4.399895668029785,4.400015354156494,0.0001196861267089,502.2957857858855,110,1.013542463382085,506.0,0.2432501912117004
130,2.175270128494225e-09,-0.043530261114184,4.400089740753174,4.39986515045166,4.399985863945701,-0.0376133094402875,501.9499099098611,110,4.399939060211182,4.400015354156494,7.62939453125e-05,501.9499099098611,110,1.013265425960223,505.0,0.2431837022304535
131,3.205432248424578e-09,-0.0306695504033126,4.400090217590332,4.399866580963135,4.399989106438377,-0.8263660753845112,501.9804604605306,110,4.400022029876709,4.400015354156494,-6.67572021484375e-06,501.9804604605306,110,1.013071710864703,504.0,0.2431372106075287
132,2.094691342115675e-09,0.3860598867852013,4.400087833404541,4.399870872497559,4.399980693782141,-0.3239101718569634,496.78594594588503,109,4.399939060211182,4.400015354156494,7.62939453125e-05,496.78594594588503,109,1.0127654299139977,503.0,0.2430637031793594
133,1.7959760017046395e-09,-0.4589933245201464,4.400084495544434,4.399867534637451,4.399985816261985,0.3240698313824355,501.838618618669,110,4.399942398071289,4.400015354156494,7.295608520507812e-05,501.838618618669,110,1.0126280908783278,502.0,0.2430307418107986
134,2.889597488652092e-09,-1.147625078612475,4.400084972381592,4.399799346923828,4.399981091239235,1.5930700749202529,501.7676976977382,110,4.40006160736084,4.400015354156494,-4.6253204345703125e-05,501.7676976977382,110,1.0124113410711288,501.0,0.2429787218570709
135,2.0420806408837263e-09,-0.2604933304559152,4.400091171264648,4.39986515045166,4.399984914606268,0.1416723775700319,501.64767767768353,110,4.399954319000244,4.400015354156494,6.103515625e-05,501.64767767768353,110,1.0122322166959443,500.0,0.2429357320070266
136,3.576609609091074e-09,0.6123738757824547,4.400164604187012,4.39986515045166,4.399974536895752,0.5620704184838341,501.60730730742216,110,4.400091648101807,4.400015354156494,-7.62939453125e-05,501.60730730742216,110,1.0120135421554248,499.0,0.2428832501173019
137,5.285613511141063e-09,-0.0521428063495536,4.400167465209961,4.399796485900879,4.399988196112893,0.0942432927303347,501.4752852853853,110,4.4000067710876465,4.400015354156494,8.58306884765625e-06,501.4752852853853,110,1.0117948676149051,498.0,0.2428307682275772
138,7.076435602075201e-10,-0.790290866063367,4.400088787078857,4.399939060211182,4.400007937171242,2.579559128877096,501.3050750750117,110,4.400088787078857,4.399939060211182,-0.0001497268676757,501.3050750750117,110,1.0116053124268851,497.0,0.2427852749824524
139,3.570521152690922e-09,-0.7039621961790954,4.400090217590332,4.399862766265869,4.399996211312034,-0.0471328958854577,501.4109109109267,110,4.400090217590332,4.400015354156494,-7.486343383789062e-05,501.4109109109267,110,1.0114135220646858,496.0,0.2427392452955246
140,3.681224559543862e-09,-0.0335661870741857,4.400086879730225,4.399862766265869,4.399961298162287,-1.0021780312802533,501.4294594593812,110,4.400015354156494,4.399862766265869,-0.000152587890625,501.4294594593812,110,1.0112634549538295,495.0,0.242703229188919
141,1.572699914278785e-09,-0.4433384524138262,4.400015354156494,4.399864196777344,4.399965659992115,-0.4750590142786404,506.2400400401093,111,4.399939060211182,4.399939060211182,0.0,506.2400400401093,111,1.0111280406514804,494.0,0.2426707297563552
142,2.0918886555142547e-09,0.2338051724453791,4.400091171264648,4.399939060211182,4.4000016429207545,-1.0667119050735816,501.339989989996,110,4.400066375732422,4.399939060211182,-0.0001273155212402,501.339989989996,110,1.0108300795157752,493.0,0.242599219083786
143,2.537136140709381e-09,0.8036183208090281,4.400163650512695,4.399939060211182,4.4000130215206665,0.744949268076907,505.95705705694854,111,4.400014877319336,4.399939060211182,-7.581710815429688e-05,505.95705705694854,111,1.0106280446052551,492.0,0.2425507307052612
144,1.9131485855533495e-09,-0.1015998353038586,4.400088310241699,4.399867534637451,4.399985210315601,-0.2622798026987358,505.92622622614726,111,4.399951934814453,4.400015354156494,6.341934204101562e-05,505.92622622614726,111,1.0104592889547348,491.0,0.2425102293491363
145,2.327479101759612e-09,-0.4497669146351739,4.400091648101807,4.399869441986084,4.399994137050869,-0.1465416526135636,506.0308308308013,111,4.399944305419922,4.400015354156494,7.104873657226562e-05,506.0308308308013,111,1.0102884843945503,490.0,0.242469236254692
146,4.219648825167449e-09,-0.6403969422306058,4.400089740753174,4.399796485900879,4.399974990535426,-0.2815989057483148,505.8755755755119,111,4.400015354156494,4.400015354156494,0.0,505.8755755755119,111,1.0101032132903736,489.0,0.2424247711896896
147,1.9089787272209503e-09,-0.6022285983932588,4.400015354156494,4.399862766265869,4.399959005009045,-0.2460054279800112,500.81408408423886,110,4.399942874908447,4.400015354156494,7.2479248046875e-05,500.81408408423886,110,1.0098510732253394,488.0,0.2423642575740814
148,2.143439720372859e-09,0.0748286010725803,4.400085926055908,4.399863243103027,4.399985889056781,-0.3333383596847898,505.922922922764,111,4.399939060211182,4.400015354156494,7.62939453125e-05,505.922922922764,111,1.009784390528997,487.0,0.2423482537269592
149,4.463541821966041e-09,0.4322315411278873,4.400162696838379,4.399862766265869,4.400009430206574,-0.4454073635537234,505.8722722721286,111,4.400089740753174,4.399862766265869,-0.0002269744873046,505.8722722721286,111,1.009605204065641,486.0,0.2423052489757537
150,3.659759785942641e-09,0.0373600105772707,4.400091648101807,4.399862766265869,4.399981694562094,-0.5989483110758682,510.5855555552989,112,4.400015354156494,4.399939060211182,-7.62939453125e-05,510.5855555552989,112,1.0094759985804558,485.0,0.2422742396593094
151,2.231607187039163e-09,0.1973197182432079,4.400091648101807,4.399939060211182,4.400006904258384,-0.9277114568452514,505.8689689687453,111,4.399948596954346,4.400091648101807,0.0001430511474609,505.8689689687453,111,1.0093012203772864,484.0,0.2422322928905487
152,1.4402788637229222e-09,0.3926342341507567,4.400090217590332,4.3998847007751465,4.399988866067147,0.2423478835728985,505.7203203202225,111,4.3998847007751465,4.400015354156494,0.0001306533813476,505.7203203202225,111,1.009065719942252,483.0,0.2421757727861404
153,1.8406942985414243e-09,0.5846824474419654,4.400090217590332,4.399939060211182,4.399986973830631,-0.5672888872961375,510.4700000002049,112,4.400086402893066,4.400015354156494,-7.104873657226562e-05,510.4700000002049,112,1.009042871495088,482.0,0.2421702891588211
154,2.864516771359829e-09,-0.1565323641023421,4.400091648101807,4.399876117706299,4.400007861001151,-0.7647793585834681,510.41666666651145,112,4.400023937225342,4.399939060211182,-8.487701416015625e-05,510.41666666651145,112,1.0087635988990469,481.0,0.2421032637357711
155,1.871776557973216e-09,0.8081535373333932,4.400089263916016,4.399862766265869,4.39997520532694,0.1532346276274871,505.81941941939294,111,4.400073051452637,4.399862766265869,-0.0002102851867675,505.81941941939294,111,1.0086261356870334,480.0,0.242070272564888
156,1.4610966359290298e-09,0.5433736459615688,4.400089263916016,4.399939060211182,4.399992444685528,-0.2538379044382814,510.3566666664556,112,4.4000115394592285,4.399939060211182,-7.2479248046875e-05,510.3566666664556,112,1.008469983935356,479.0,0.2420327961444854
157,3.9836538060841855e-09,0.3347264815153835,4.400162220001221,4.399863243103027,4.399998239108494,0.0632383833638017,510.34555555554107,112,4.399949073791504,4.400091648101807,0.0001425743103027,510.34555555554107,112,1.0083886484305065,478.0,0.2420132756233215
158,5.108332653491539e-09,-0.1561810553258331,4.400091648101807,4.399792671203613,4.399969275508608,-0.3084705891369523,510.3944444446825,112,4.399923801422119,4.400015354156494,9.1552734375e-05,510.3944444446825,112,1.0082387054959934,477.0,0.2419772893190384
159,3.45420918287633e-09,0.3618773112054319,4.400156021118164,4.399868011474609,4.399982289151028,0.298167430517176,505.4725725725293,111,4.399939060211182,4.400015354156494,7.62939453125e-05,505.4725725725293,111,1.008022017776966,476.0,0.2419252842664718
160,1.6808754782729307e-09,-0.2243653457719086,4.400091648101807,4.399869441986084,4.400000052792685,1.3957906238611502,510.4244444444776,112,4.400015354156494,4.400015354156494,0.0,510.4244444444776,112,1.0079888006051383,475.0,0.2419173121452331
161,2.0322075130947414e-09,0.2377640844856536,4.400086402893066,4.399868011474609,4.3999753551823755,-0.1294604085208601,510.2755555557087,112,4.400015354156494,4.400015354156494,0.0,510.2755555557087,112,1.0078532000382745,474.0,0.2418847680091858
162,2.3495544443249452e-09,0.198329504325196,4.400090217590332,4.3998847007751465,4.399998175246375,-0.9368665987441812,510.338888888713,112,4.400015354156494,4.400015354156494,0.0,510.338888888713,112,1.007711763183276,473.0,0.2418508231639862
163,4.232200745904204e-09,-0.3519128480840842,4.400152683258057,4.399795055389404,4.399965995066875,0.6840756343864527,505.2380380379036,111,4.400152683258057,4.400015354156494,-0.0001373291015625,505.2380380379036,111,1.0076990971962612,472.0,0.2418477833271026
164,2.017287853135668e-09,0.4600809662189934,4.400091171264648,4.399868488311768,4.399977794715336,-0.0094814591728233,510.252222222276,112,4.399997711181641,4.400015354156494,1.7642974853515625e-05,510.252222222276,112,1.0073867316047351,471.0,0.2417728155851364
165,9.53492981157144e-10,0.019355411761115,4.400091648101807,4.399939060211182,4.399985262777953,-0.3931355794314211,514.9522322323173,113,4.400015354156494,4.400091648101807,7.62939453125e-05,514.9522322323173,113,1.0073263198137283,470.0,0.2417583167552948
166,2.0588167624332256e-09,-0.4035181164243291,4.400015354156494,4.399862766265869,4.399950649057116,-0.7470874736105166,510.2666666666046,112,4.399990558624268,4.400015354156494,2.47955322265625e-05,510.2666666666046,112,1.0071699817975364,469.0,0.2417207956314087
167,2.534709884881976e-09,0.618218176758976,4.400167942047119,4.39986515045166,4.399998103622842,2.45714657047158,515.0307107106782,113,4.399951457977295,4.400167942047119,0.0002164840698242,515.0307107106782,113,1.0070533802111945,468.0,0.2416928112506866
168,2.231238825110022e-09,-0.1223785416334397,4.400088787078857,4.399867057800293,4.399974920053397,-0.417118162945866,514.8490890893154,113,4.399876117706299,4.399939060211182,6.29425048828125e-05,514.8490890893154,113,1.0068283726771674,467.0,0.2416388094425201
169,3.56614388868753e-09,0.3980488670114731,4.4001617431640625,4.399877071380615,4.399998293513745,-0.6210360372895343,514.9892292292789,113,4.399993896484375,4.399939060211182,-5.4836273193359375e-05,514.9892292292789,113,1.006749210258325,466.0,0.2416198104619979
170,2.972101098621093e-09,-0.1636970099415267,4.40009069442749,4.399868011474609,4.399979046412876,-0.6384242185838573,510.0055555556901,112,4.399999141693115,4.400015354156494,1.621246337890625e-05,510.0055555556901,112,1.0066013162334762,465.0,0.2415843158960342
171,2.9150992169392206e-09,0.5776870142023159,4.400091648101807,4.399862766265869,4.39997521121945,-0.1935159737901202,515.0475275274366,113,4.400091648101807,4.400091648101807,0.0,515.0475275274366,113,1.0065284247199695,464.0,0.2415668219327926
172,2.778497798182875e-09,-0.0652467103813706,4.400091648101807,4.399868965148926,4.3999949303348505,-0.4938601725291858,514.7246446446516,113,4.399975776672363,4.399939060211182,-3.6716461181640625e-05,514.7246446446516,113,1.0063471893469491,463.0,0.2415233254432678
173,2.203464786091754e-09,0.9954523099469424,4.400151252746582,4.399939060211182,4.399993457292256,1.259696920764775,519.7479679677635,114,4.40000057220459,4.400015354156494,1.4781951904296877e-05,519.7479679677635,114,1.0062408323089282,462.0,0.2414977997541427
174,2.7218057934622875e-09,-0.0344552218828431,4.400160789489746,4.399939060211182,4.400037631653903,-0.3276388471306739,519.6914114113897,114,4.400015354156494,4.400091648101807,7.62939453125e-05,519.6914114113897,114,1.0062846665581069,461.0,0.2415083199739456
175,3.102014786630778e-09,-0.3824642489986892,4.400088787078857,4.3998637199401855,4.399986494958928,-0.5273301233235039,514.9006606605835,113,4.400082111358643,4.400015354156494,-6.67572021484375e-05,514.9006606605835,113,1.005957586069902,460.0,0.2414298206567764
176,2.7207858104446206e-09,-0.1308388092785618,4.400086879730225,4.399862766265869,4.399975785111959,-0.5706972961309793,514.7874274272472,113,4.399989128112793,4.400015354156494,2.6226043701171875e-05,514.7874274272472,113,1.0058763747413957,459.0,0.2414103299379348
177,2.5329685790887804e-09,-0.7649539803087838,4.400113105773926,4.399867057800293,4.40000443753943,0.6595295323498935,514.8759959959425,113,4.400113105773926,4.400015354156494,-9.775161743164062e-05,514.8759959959425,113,1.0056805486480396,458.0,0.2413633316755294
178,2.339874036345505e-09,0.4609974757470652,4.400087833404541,4.399939060211182,4.399988436065944,-1.1048279309126563,514.767247247044,113,4.399939060211182,4.400015354156494,7.62939453125e-05,514.767247247044,113,1.005570155878862,457.0,0.2413368374109268
179,1.8417570612305718e-09,-0.0631475648733708,4.400087833404541,4.399939060211182,4.40000485107962,-0.7794873020447377,514.5833833832294,113,4.399991512298584,4.399939060211182,-5.245208740234375e-05,514.5833833832294,113,1.0053910315036774,456.0,0.2412938475608825
180,2.140492744737462e-09,0.375199144220855,4.400087356567383,4.399864196777344,4.399969820390668,-0.050263623670669,519.6031831833534,114,4.399939060211182,4.400015354156494,7.62939453125e-05,519.6031831833534,114,1.0056409984827042,455.0,0.241353839635849
181,2.65976066343562e-09,-0.3196361994194506,4.400084972381592,4.399862766265869,4.399969881614752,-0.2258307437643085,514.5161161161959,113,4.399968147277832,4.399939060211182,-2.9087066650390625e-05,514.5161161161959,113,1.005280576646328,454.0,0.2412673383951187
182,1.7477076856924235e-09,0.3292551080932687,4.400087356567383,4.399939060211182,4.400005411683467,-0.8899353244179813,519.5217417418025,114,4.400028228759766,4.400015354156494,-1.2874603271484377e-05,519.5217417418025,114,1.0050660620133085,453.0,0.2412158548831939
183,3.859992291220491e-09,-0.2202981248131488,4.400091648101807,4.399864196777344,4.400003350299338,-0.8737150957037167,524.498138138093,115,4.400015354156494,4.400015354156494,0.0,524.498138138093,115,1.0061617319782576,452.0,0.2414788156747818
184,2.2100803151378543e-09,-0.1715409694070744,4.400091648101807,4.39986515045166,4.399990290926214,0.0144656270309684,520.2524524526671,114,4.399960517883301,4.400091648101807,0.0001311302185058,520.2524524526671,114,1.0059138759970665,451.0,0.2414193302392959
185,3.86175775849113e-09,0.138814608456472,4.400091648101807,4.3997907638549805,4.3999592076177185,0.6090010199803819,524.8233633632772,115,4.399911403656006,4.399939060211182,2.765655517578125e-05,524.8233633632772,115,1.005611817042033,450.0,0.2413468360900879
186,1.8199721573174286e-09,0.061856672091996,4.400091648101807,4.399865627288818,4.399963611105214,0.2671671696209103,524.8245045044459,115,4.400073051452637,4.400091648101807,1.8596649169921875e-05,524.8245045044459,115,1.005286847551664,449.0,0.2412688434123993
187,2.370675049504549e-09,-0.1310504615679628,4.400086879730225,4.399864196777344,4.399982755080513,-0.2419625230704154,524.708108108025,115,4.399958610534668,4.399939060211182,-1.9550323486328125e-05,524.708108108025,115,1.0050492982069652,448.0,0.2412118315696716
188,1.8608512385714758e-09,0.1376439746080983,4.400084018707275,4.399867057800293,4.399974565920623,-0.1221409586407893,524.4410810810514,115,4.400015354156494,4.399939060211182,-7.62939453125e-05,524.4410810810514,115,1.0048660139242809,447.0,0.2411678433418274
189,1.659259767207379e-09,0.7445290514036274,4.400090217590332,4.3998637199401855,4.399963880840101,1.06114565512047,519.7106406404637,114,4.399989604949951,4.400015354156494,2.574920654296875e-05,519.7106406404637,114,1.0049661621451378,446.0,0.241191878914833
190,2.0586904090264262e-09,-0.062592139142501,4.400091648101807,4.399871349334717,4.399992689879045,0.1878383076536289,524.7845645644702,115,4.400015354156494,4.400091648101807,7.62939453125e-05,524.7845645644702,115,1.0046952093640964,445.0,0.2411268502473831
191,2.6286428502316302e-09,0.1974498915988994,4.400091648101807,4.399862766265869,4.399945752517037,-0.4607195540244797,524.4787387386896,115,4.399939060211182,4.400091648101807,0.000152587890625,524.4787387386896,115,1.0044117768605552,444.0,0.2410588264465332
192,2.430175289005617e-09,0.8243165679202722,4.400160789489746,4.399939060211182,4.400004536172618,0.4557287562753571,524.7583183185197,115,4.4000372886657715,4.399939060211182,-9.822845458984376e-05,524.7583183185197,115,1.004282757639885,443.0,0.2410278618335724
193,1.7061320861335723e-09,-0.886730933579852,4.400015354156494,4.3998637199401855,4.399976558852614,-0.0943267867078225,519.4731031032279,114,4.400015354156494,4.400015354156494,0.0,519.4731031032279,114,1.0040244087576866,442.0,0.2409658581018448
194,2.752116468373984e-09,0.6184864396741531,4.4001593589782715,4.399867534637451,4.399988502004872,1.0870599288802154,524.1683483482338,115,4.399970531463623,4.400015354156494,4.482269287109375e-05,524.1683483482338,115,1.0039202248056731,441.0,0.2409408539533615
195,2.080957107859522e-09,0.0473565123550499,4.400091648101807,4.399873733520508,4.399992163284965,-0.2761173315374532,524.013153153006,115,4.399939060211182,4.400015354156494,7.62939453125e-05,524.013153153006,115,1.0037514691551528,440.0,0.2409003525972366
196,1.884121956436841e-09,-0.4036944953821087,4.400084972381592,4.399867057800293,4.399981881010121,0.2457710084031146,529.1933933934197,116,4.399957180023193,4.399939060211182,-1.811981201171875e-05,529.1933933934197,116,1.003676528731982,439.0,0.2408823668956756
197,1.708866827154098e-09,0.0392923271030974,4.400087356567383,4.399868965148926,4.399983278636275,0.1762561650385068,529.1151151149534,116,4.399994373321533,4.399939060211182,-5.53131103515625e-05,529.1151151149534,116,1.0036473472913108,438.0,0.2408753633499145
198,2.4730833551218103e-09,0.6317717618161022,4.400162220001221,4.399939060211182,4.400006849869438,0.7112133239195133,524.3041441440582,115,4.400015354156494,4.400015354156494,0.0,524.3041441440582,115,1.0034348194797835,437.0,0.240824356675148
199,1.8275457645897331e-09,-0.1601483663922396,4.400089263916016,4.399866580963135,4.399977198891018,0.3478241753931197,524.2950150151737,115,4.399941444396973,4.400015354156494,7.390975952148438e-05,524.2950150151737,115,1.0032619039217632,436.0,0.2407828569412231
200,2.856370160247118e-09,0.1188791140790645,4.400091648101807,4.399939060211182,4.400005523018215,-1.3668164528476114,524.2596396394074,115,4.400018692016602,4.399939060211182,-7.963180541992188e-05,524.2596396394074,115,1.0032182559370997,435.0,0.2407723814249038
201,2.777052758665786e-09,0.2556948460212122,4.400091648101807,4.399862766265869,4.399994998142637,-0.8891156722839977,528.9781281282194,116,4.3999247550964355,4.399862766265869,-6.198883056640625e-05,528.9781281282194,116,1.0030743355552356,434.0,0.2407378405332565
202,2.340810625127801e-09,0.1219723368616015,4.400164604187012,4.399872779846191,4.4000067135383345,1.8376130120948944,529.1910910909064,116,4.400053024291992,4.400015354156494,-3.7670135498046875e-05,529.1910910909064,116,1.0030369584759078,433.0,0.2407288700342178
203,2.5348039479926403e-09,-0.0163136622691118,4.400091171264648,4.399863243103027,4.399959953971531,-0.6118682481569828,524.1443843846209,115,4.399940013885498,4.400015354156494,7.534027099609375e-05,524.1443843846209,115,1.0028139377633731,432.0,0.2406753450632095
204,2.0023251784931095e-09,0.2988670680824956,4.400091648101807,4.399869441986084,4.399977096195879,-0.3854376944562125,529.2693693693727,116,4.399982929229736,4.400091648101807,0.0001087188720703,529.2693693693727,116,1.002782831589381,431.0,0.2406678795814514
205,4.623319912751413e-09,-0.6580336480090871,4.400091648101807,4.399799823760986,4.399986628828378,0.031490510796599,528.8906406406313,116,4.400033473968506,4.400015354156494,-1.811981201171875e-05,528.8906406406313,116,1.0025974983970325,430.0,0.2406233996152877
206,4.623909516213251e-09,0.0443957192647897,4.40008544921875,4.399862766265869,4.399950948254816,-1.2666812415255728,529.1323823821731,116,4.400015354156494,4.400015354156494,0.0,529.1323823821731,116,1.002437062561512,429.0,0.2405848950147628
207,2.3233404359770814e-09,0.2579304420669356,4.400088310241699,4.399867057800293,4.399963472643469,-0.3167342209849644,533.8391991993412,117,4.3999714851379395,4.400015354156494,4.38690185546875e-05,533.8391991993412,117,1.0027848804990451,428.0,0.2406683713197708
208,1.969467193894066e-09,-0.3999334570961085,4.40009069442749,4.399865627288818,4.399987504400056,0.0442767601322975,528.9712212211452,116,4.400015354156494,4.400015354156494,0.0,528.9712212211452,116,1.0023599490523338,427.0,0.2405663877725601
209,3.946130482143327e-09,0.4717558700063723,4.400091648101807,4.399864673614502,4.399966590424889,-0.6413092958224671,533.7567567569204,117,4.400040149688721,4.400091648101807,5.14984130859375e-05,533.7567567569204,117,1.0020994891723,426.0,0.2405038774013519
210,3.943668975855393e-09,-0.4481656851601888,4.400090217590332,4.399789810180664,4.399965845305344,-0.4599864036619805,528.8572572572157,116,4.3999857902526855,4.399862766265869,-0.0001230239868164,528.8572572572157,116,1.0019308576981227,425.0,0.2404634058475494
211,2.699060758892551e-09,-0.0818077079318661,4.400088787078857,4.3998637199401855,4.399974827073578,-0.6347194696766674,533.6940540540963,117,4.400036334991455,4.400015354156494,-2.09808349609375e-05,533.6940540540963,117,1.0018579040964446,424.0,0.2404458969831466
212,1.6895736765021415e-09,-0.0774453019459145,4.400091648101807,4.3999409675598145,4.400023809794722,-0.7178553467917528,528.7697697696276,116,4.40004301071167,4.400015354156494,-2.765655517578125e-05,528.7697697696276,116,1.001657918095589,423.0,0.2403979003429412
213,3.325802323129413e-09,0.1802366403731616,4.4001545906066895,4.399863243103027,4.399982436090453,0.023854185296916,533.6627027029172,117,4.400070667266846,4.400015354156494,-5.53131103515625e-05,533.6627027029172,117,1.001582977672418,422.0,0.2403799146413803
214,5.395879176423226e-09,-0.3058248642842451,4.4001665115356445,4.3997955322265625,4.40000581741333,0.5247324138827607,533.5988388387486,117,4.399968147277832,4.400015354156494,4.7206878662109375e-05,533.5988388387486,117,1.0014537100990617,421.0,0.2403488904237747
215,4.900209723925446e-09,-0.0920903154996593,4.400162696838379,4.399787902832031,4.399963651966845,0.5827455374417494,533.4966566567309,117,4.400015354156494,4.399939060211182,-7.62939453125e-05,533.4966566567309,117,1.0013474772373836,420.0,0.240323394536972
216,2.963458444980939e-09,-0.2298281858037487,4.400087356567383,4.399862766265869,4.399967403735145,-0.6448377948719806,538.5747747747228,118,4.400032997131348,4.400015354156494,-1.7642974853515625e-05,538.5747747747228,118,1.0013224557042122,419.0,0.2403173893690109
217,1.9476081513165302e-09,0.2052380984145414,4.400091648101807,4.39993953704834,4.400014893621461,-0.9531035283058163,533.351511511486,117,4.399966239929199,4.400091648101807,0.0001254081726074,533.351511511486,117,1.0015788798530898,418.0,0.2403789311647415
218,1.8601621321970059e-09,-0.7374275178485403,4.400015354156494,4.399794578552246,4.399947716639592,1.4270601192627392,533.6243843846023,117,4.399899005889893,4.400015354156494,0.0001163482666015,533.6243843846023,117,1.0011267537871995,417.0,0.2402704209089279
219,1.4120483807766872e-09,-1.0906758121603557,4.400091648101807,4.399869918823242,4.399988784628399,1.404194348786914,538.6918918918818,118,4.399974346160889,4.400091648101807,0.0001173019409179,538.6918918918818,118,1.000997672478358,416.0,0.2402394413948059
220,3.843795872964109e-09,0.2040624867568344,4.400150775909424,4.399862766265869,4.399971809880487,0.1683457635613501,545.4004504503682,116,4.3999714851379395,4.399939060211182,-3.24249267578125e-05,545.4004504503682,116,1.005220226943493,415.0,0.2412528544664383
221,3.390509752009025e-09,-0.2167753229615303,4.400091648101807,4.399862766265869,4.399988885653221,-0.1823968220414396,541.3036036035046,118,4.399939060211182,4.399939060211182,0.0,541.3036036035046,118,1.0049077371756236,414.0,0.2411778569221496
222,1.971801641404193e-09,0.0221337961997686,4.400088310241699,4.399863243103027,4.399975025047691,-0.3950891654140145,540.907747748075,118,4.400015354156494,4.400015354156494,0.0,540.907747748075,118,1.0044618199268978,413.0,0.2410708367824554
223,3.493222968954752e-09,0.4994519877472089,4.400165557861328,4.399868965148926,4.400008726928194,0.082877313867971,540.7660360359587,118,4.400015354156494,4.400091648101807,7.62939453125e-05,540.7660360359587,118,1.0044952233632407,412.0,0.2410788536071777
224,2.1284256409917787e-09,-0.6718005198048461,4.400091648101807,4.3998703956604,4.400016954389669,0.9970745055362128,540.548198198434,118,4.400015354156494,4.400091648101807,7.62939453125e-05,540.548198198434,118,1.0039139539003372,411.0,0.2409393489360809
225,4.3952400809247554e-09,0.0002486348108063,4.400091648101807,4.399789810180664,4.399957508600059,0.0812487967805983,545.3678878881037,119,4.399979114532471,4.399939060211182,-4.00543212890625e-05,545.3678878881037,119,1.0037057101726532,410.0,0.2408893704414367
226,3.6697896829166693e-09,-0.0056471052753404,4.400091648101807,4.3998637199401855,4.399981334429829,-0.9509820058129907,545.4824624625035,119,4.399916172027588,4.400091648101807,0.0001754760742187,545.4824624625035,119,1.0033870115876198,409.0,0.2408128827810287
227,2.2778165590554035e-09,0.4836775885468108,4.400088787078857,4.399866104125977,4.399969970478731,-0.1429008225092314,544.9544744743034,119,4.400015354156494,4.400015354156494,0.0,544.9544744743034,119,1.003134809434414,408.0,0.2407523542642593
228,1.4884496105699468e-09,0.4280511993732551,4.400084018707275,4.399939060211182,4.399988767479648,-0.4339313480518014,544.7926526525989,119,4.400015354156494,4.399939060211182,-7.62939453125e-05,544.7926526525989,119,1.0029143964250884,407.0,0.2406994551420211
229,3.35303528963278e-09,0.1516025442396016,4.400091648101807,4.399862766265869,4.3999582710912675,-0.6804463002721093,539.950900901109,118,4.3999786376953125,4.400091648101807,0.0001130104064941,539.950900901109,118,1.0029204189777374,406.0,0.2407009005546569
230,2.176604106989002e-09,0.4405554965690277,4.400091648101807,4.399939060211182,4.399995840201943,-0.9213672468151088,540.0200000000186,118,4.400073528289795,4.400091648101807,1.811981201171875e-05,540.0200000000186,118,1.0025265316168468,405.0,0.2406063675880432
231,2.2464980941028452e-09,0.5392197511019751,4.400091648101807,4.399939060211182,4.400001041027678,-0.5671114133644908,544.6709909909405,119,4.400015354156494,4.399939060211182,-7.62939453125e-05,544.6709909909405,119,1.002278675635656,404.0,0.2405468821525573
232,2.58087634647666e-09,0.828216261762147,4.400087356567383,4.399867057800293,4.399966324790049,-0.011981999347558,539.410990991164,118,4.399971961975098,4.400015354156494,4.3392181396484375e-05,539.410990991164,118,1.0022994751731555,403.0,0.2405518740415573
233,1.6341225258803935e-09,-0.1196230516693378,4.400089740753174,4.399872779846191,4.399973148057441,0.1086591709726825,544.672172171995,119,4.399975299835205,4.399939060211182,-3.62396240234375e-05,544.672172171995,119,1.0019121070702872,402.0,0.2404589056968689
234,2.555724284848086e-09,1.0965112325215816,4.400152206420898,4.399864673614502,4.399968159298937,2.6134594714657697,544.2646646648645,119,4.399939060211182,4.399939060211182,0.0,544.2646646648645,119,1.001603715121746,401.0,0.240384891629219
235,4.215545444315039e-09,-0.5524858285120273,4.400091648101807,4.399787425994873,4.399954827893682,0.086972793589906,544.2989189187065,119,4.399979114532471,4.400091648101807,0.0001125335693359,544.2989189187065,119,1.001395471394062,400.0,0.2403349131345749
236,3.742774689645992e-09,-0.6523158801526514,4.40009069442749,4.399788856506348,4.399976405776849,0.0679537321307881,544.4772772775032,119,4.3999552726745605,4.400015354156494,6.008148193359375e-05,544.4772772775032,119,1.001203743120035,399.0,0.2402888983488083
237,7.2796443418011285e-09,0.6834633282138239,4.400167942047119,4.399862766265869,4.399978370989784,-0.1149393048159699,539.1217117118649,118,4.399988651275635,4.399939060211182,-4.9591064453125e-05,539.1217117118649,118,1.0009370744228363,398.0,0.2402248978614807
238,3.3371447808359542e-09,-0.1131390722781189,4.400089263916016,4.399866104125977,4.399982893166422,-0.7688400183328437,544.047327327542,119,4.400015354156494,4.400015354156494,0.0,544.047327327542,119,1.0007516791423163,397.0,0.2401804029941558
239,3.082491737370607e-09,-1.327931818477152,4.400089740753174,4.3997931480407715,4.39998193548507,1.698617313988088,544.0437837839127,119,4.400015354156494,4.399862766265869,-0.000152587890625,544.0437837839127,119,1.000599687298139,396.0,0.2401439249515533
240,2.367743803044779e-09,0.965079439646244,4.4001665115356445,4.399939060211182,4.399995783797833,1.0956915117660722,543.913853853941,119,4.400015354156494,4.399939060211182,-7.62939453125e-05,543.913853853941,119,1.0003768528501191,395.0,0.2400904446840286
241,1.9669799866703924e-09,-0.1201378332805266,4.400086402893066,4.399868011474609,4.399982245763143,-0.1920320040313909,548.9461661661044,120,4.400015354156494,4.400015354156494,0.0,548.9461661661044,120,1.0005434354146323,394.0,0.2401304244995117
242,1.924021241747378e-09,-0.357923124943832,4.400086879730225,4.399873733520508,4.39999808383589,0.2595112350201041,544.19261261262,119,4.400062084197998,4.400015354156494,-4.673004150390625e-05,544.19261261262,119,1.00007684280475,393.0,0.2400184422731399
243,1.956040940425156e-09,0.2788688857454224,4.400089740753174,4.399863243103027,4.39996246099472,0.069320779427016,548.893753753975,120,4.400049209594727,4.400015354156494,-3.3855438232421875e-05,548.893753753975,120,0.9998350714643796,392.0,0.2399604171514511
244,1.7648384245088175e-09,0.4773051292496215,4.400088310241699,4.399939060211182,4.399980937733369,-0.8895682701079055,543.7579379379749,119,4.399953365325928,4.399939060211182,-1.430511474609375e-05,543.7579379379749,119,0.9995831176638604,391.0,0.2398999482393264
245,1.4062967586398126e-09,-0.2101892474440503,4.40008544921875,4.3998637199401855,4.399984896683893,0.9808584107313512,543.7603003005497,119,4.399949073791504,4.399939060211182,-1.0013580322265623e-05,543.7603003005497,119,0.9994268417358398,390.0,0.2398624420166015
246,4.802703309681875e-09,-0.2826315990374161,4.400091648101807,4.399797439575195,4.3999651630719505,-0.8318168580198964,548.7234134133905,120,4.399956703186035,4.400015354156494,5.8650970458984375e-05,548.7234134133905,120,0.9992477173606557,389.0,0.2398194521665573
247,1.656227667928445e-09,0.3930400291596597,4.400086402893066,4.399867057800293,4.399976631005605,0.437060243554408,548.6007207208313,120,4.399965763092041,4.399939060211182,-2.6702880859375e-05,548.6007207208313,120,0.9989436715841292,388.0,0.239746481180191
248,2.4115000841630815e-09,0.3731132752271214,4.400087833404541,4.399872303009033,4.399984174523472,-0.6921020900323507,553.5159159158356,121,4.400015354156494,4.399939060211182,-7.62939453125e-05,553.5159159158356,121,0.9987831736604372,387.0,0.2397079616785049
249,2.147935915405362e-09,-0.0012347870191251,4.400086402893066,4.399868488311768,4.39997946023941,-0.0915070411735201,548.6162062063813,120,4.400015354156494,4.399939060211182,-7.62939453125e-05,548.6162062063813,120,0.9985394154985746,386.0,0.2396494597196579
250,2.2402460213804967e-09,0.187555393553194,4.400087833404541,4.3998703956604,4.399980253424526,-0.3737679958838571,553.4870870872401,121,4.400015354156494,4.400015354156494,0.0,553.4870870872401,121,0.9986081471045812,385.0,0.2396659553050995
251,3.485201785183728e-09,-0.233891004395408,4.400157928466797,4.399868011474609,4.400010712941488,-0.0271013618958004,548.3827327326871,120,4.400076866149902,4.400091648101807,1.4781951904296877e-05,548.3827327326871,120,0.9984873235225676,384.0,0.2396369576454162
252,2.721785225851119e-09,0.5742660508064329,4.400091648101807,4.399862766265869,4.399986625702913,-0.6431996034085885,553.2288288287818,121,4.400030136108398,4.399862766265869,-0.0001673698425292,553.2288288287818,121,0.9980353216330212,383.0,0.239528477191925
253,4.194077754576182e-09,-0.3970810035334823,4.400087356567383,4.399790287017822,4.399958196750357,-0.0971195118368775,553.5171171170659,121,4.400007724761963,4.399939060211182,-6.866455078125e-05,553.5171171170659,121,0.997914435962836,382.0,0.2394994646310806
254,2.3638788601496616e-09,0.041878453432557,4.40009069442749,4.3998637199401855,4.399965550288681,-0.4208600877196238,553.214414414484,121,4.399878978729248,4.400015354156494,0.000136375427246,553.214414414484,121,0.9976916015148164,381.0,0.2394459843635559
255,1.4031154659937344e-09,0.4999342396631429,4.400091171264648,4.399868488311768,4.3999649237010106,0.7377959011938984,553.3345345347188,121,4.399944305419922,4.400015354156494,7.104873657226562e-05,553.3345345347188,121,0.997568666934967,380.0,0.2394164800643921
256,3.410245095090867e-09,-0.0732787765074245,4.400091648101807,4.399865627288818,4.399990382741709,-0.6997262847100152,558.2605705703609,122,4.400023937225342,4.400091648101807,6.771087646484375e-05,558.2605705703609,122,0.9974665318926176,379.0,0.2393919676542282
257,2.361890311368864e-09,-0.3914995387833576,4.400088787078857,4.39986515045166,4.399990933000549,-0.0829643623449309,552.8312312313356,121,4.399953365325928,4.399939060211182,-1.430511474609375e-05,552.8312312313356,121,0.9971916054685912,378.0,0.2393259853124618
258,1.653267109809723e-09,0.1481404553733565,4.40009069442749,4.3998637199401855,4.399968264532871,0.4351438660828619,557.9844144145027,122,4.400078773498535,4.399939060211182,-0.0001397132873535,557.9844144145027,122,0.997047871351242,377.0,0.2392914891242981
259,2.342059819177149e-09,-0.016079654773572,4.400091648101807,4.399939060211182,4.400016902892058,-0.8916098541945465,552.9729729727842,121,4.400091648101807,4.400015354156494,-7.62939453125e-05,552.9729729727842,121,0.9967853625615438,376.0,0.2392284870147705
260,1.231567038861908e-09,-1.0916053049617571,4.400015354156494,4.399866580963135,4.3999818967393605,0.9075503220840292,552.528528528288,121,4.400015354156494,4.399939060211182,-7.62939453125e-05,552.528528528288,121,0.9969664737582208,375.0,0.2392719537019729
261,1.2705551186414607e-09,-1.6686793564833085,4.400015354156494,4.399869918823242,4.399992305724347,2.215411569170066,557.7833533533849,122,4.400015354156494,4.400015354156494,0.0,557.7833533533849,122,0.996506152053674,374.0,0.2391614764928817
262,2.449064859214601e-09,0.4418489120085793,4.400086402893066,4.399862766265869,4.399960006155619,0.1993006419139713,562.765605605673,123,4.400062561035156,4.399862766265869,-0.0001997947692871,562.765605605673,123,0.9964479133486748,373.0,0.2391474992036819
263,3.464645764100058e-09,0.5695801506336441,4.400156497955322,4.399863243103027,4.399978739316346,0.4832189855540645,557.8196896896698,122,4.400031566619873,4.400015354156494,-1.621246337890625e-05,557.8196896896698,122,0.9962874775131544,372.0,0.239108994603157
264,3.494843612807664e-09,-0.2712043898893683,4.400091171264648,4.39980411529541,4.399977386974897,0.0968936618213875,557.4321021023206,122,4.399874687194824,4.399939060211182,6.437301635742188e-05,557.4321021023206,122,0.9961124509572984,371.0,0.2390669882297516
265,2.089991420822121e-09,0.128599363689738,4.400091648101807,4.399862766265869,4.399995677727313,-0.4290642367354009,552.8252252251841,121,4.399949550628662,4.399862766265869,-8.678436279296875e-05,552.8252252251841,121,0.9960041691859564,370.0,0.2390410006046295
266,1.3851666688667294e-09,0.2473811356223341,4.400084972381592,4.399939060211182,4.399993228130653,-0.426066534422536,557.5108308307827,122,4.399957656860352,4.400015354156494,5.7697296142578125e-05,557.5108308307827,122,0.9958979363242786,369.0,0.2390155047178268
267,3.091760874377032e-09,-0.3619897350342845,4.400091648101807,4.3998637199401855,4.399991405896904,-0.5162645705228175,552.4960960960016,121,4.400076389312744,4.400015354156494,-6.103515625e-05,552.4960960960016,121,0.9956312055389088,368.0,0.238951489329338
268,3.33431570318659e-09,-0.1619035186570956,4.400088310241699,4.399862766265869,4.399966075772145,-0.8506034069623358,557.698568568565,122,4.39990234375,4.400015354156494,0.0001130104064941,557.698568568565,122,0.995562660197417,367.0,0.23893503844738
269,2.9305157318863446e-09,-0.5484026063705183,4.400091171264648,4.399864196777344,4.400004666698866,-0.2979605744480449,552.3687687688507,121,4.400017738342285,4.399939060211182,-7.867813110351562e-05,552.3687687688507,121,0.9959043314059576,366.0,0.2390170395374298
270,3.20710937335619e-09,-0.5722740398410318,4.400089263916016,4.399862766265869,4.399981361920716,-0.3440419082793582,557.3158258260228,122,4.3998799324035645,4.400015354156494,0.0001354217529296,557.3158258260228,122,0.995481510957082,365.0,0.2389155626296997
271,2.351653640550424e-09,-0.8544414417991738,4.400091648101807,4.399874210357666,4.400010738216463,0.7983221731443839,557.508408408612,122,4.400020122528076,4.400091648101807,7.152557373046875e-05,557.508408408612,122,0.9951335067550342,364.0,0.2388320416212082
272,4.853635572090387e-09,1.5949565699953372,4.400242805480957,4.3998637199401855,4.399965809612739,3.606142402428336,562.4676276277751,123,4.399874687194824,4.400015354156494,0.0001406669616699,562.4676276277751,123,0.9950293228030204,363.0,0.2388070374727249
273,1.581624408174601e-09,-0.8451346484948191,4.400015354156494,4.399866104125977,4.399978773380683,-0.1517954386805349,562.4493093094788,123,4.399946689605713,4.399939060211182,-7.62939453125e-06,562.4493093094788,123,0.9948605671525002,362.0,0.2387665361166
274,3.468271852074103e-09,-0.2033077604652429,4.400088787078857,4.399864673614502,4.399990730598325,-0.8813017684821838,557.0990190189332,122,4.4000020027160645,4.400015354156494,1.33514404296875e-05,557.0990190189332,122,0.9946271777153016,361.0,0.2387105226516723
275,2.3985780240421344e-09,0.7270616554867976,4.400091648101807,4.399939060211182,4.399988945906724,-0.6064994869564155,562.4151151152328,123,4.400082111358643,4.400015354156494,-6.67572021484375e-05,562.4151151152328,123,0.9945688769221306,360.0,0.2386965304613113
276,1.1561381371120402e-09,0.305912844975469,4.400091648101807,4.399939060211182,4.399993501058439,0.0649396648816718,562.1440040040761,123,4.400015354156494,4.400091648101807,7.62939453125e-05,562.1440040040761,123,0.9944021701812744,359.0,0.2386565208435058
277,1.1744548852332512e-09,0.13666013760499,4.400089263916016,4.399941444396973,4.400007278938603,-0.0074740158103536,562.3809209209867,123,4.400015354156494,4.400015354156494,0.0,562.3809209209867,123,0.9943335627516112,358.0,0.2386400550603866
278,2.1653719732546842e-09,0.1308468870095861,4.400091648101807,4.399939060211182,4.400017953309857,-1.0782858935766957,557.1595795797184,122,4.40001106262207,4.399939060211182,-7.200241088867188e-05,557.1595795797184,122,0.9945354734857876,357.0,0.238688513636589
279,1.3596496983810583e-09,-0.6247507923861126,4.400015354156494,4.39986515045166,4.399975396753327,-0.257098566949661,562.2441441440023,123,4.399941921234131,4.399939060211182,-2.86102294921875e-06,562.2441441440023,123,0.9942460184295971,356.0,0.2386190444231033
280,1.4728985683293991e-09,-0.2432558323384679,4.40009069442749,4.399875640869141,4.399993200455943,0.8370254599571916,567.2036036034115,124,4.399939060211182,4.400015354156494,7.62939453125e-05,567.2036036034115,124,0.99404181043307,355.0,0.2385700345039367
281,3.696622312273162e-09,-0.1883594525774297,4.400091648101807,4.399863243103027,4.400003271718179,-0.8812257274514188,566.9819819820113,124,4.400090217590332,4.399939060211182,-0.0001511573791503,566.9819819820113,124,0.9938689569632212,354.0,0.2385285496711731
282,2.549438836415013e-09,-0.2405628977204064,4.400091171264648,4.399868488311768,4.39999193098487,-0.3936385303748366,562.1830830830149,123,4.399939060211182,4.399939060211182,0.0,562.1830830830149,123,0.9936980903148652,353.0,0.2384875416755676
283,2.839993093217547e-09,-0.1224118414705093,4.400090217590332,4.399862766265869,4.3999790991506265,-0.4342621097026522,566.7923723724671,124,4.400014400482178,4.399862766265869,-0.0001516342163085,566.7923723724671,124,0.9935356676578522,352.0,0.2384485602378845
284,1.7299423203937031e-09,-0.3620285895061595,4.400087356567383,4.3998703956604,4.399997633647144,0.633076490681312,561.9583783783019,123,4.400001525878906,4.399939060211182,-6.246566772460938e-05,561.9583783783019,123,0.9934252748886744,351.0,0.2384220659732818
285,1.3329763388716643e-09,0.4043394991070352,4.400087356567383,4.399939060211182,4.399983363422921,-0.4797754241647016,562.075615615584,123,4.400015354156494,4.400015354156494,0.0,562.075615615584,123,0.9932522972424824,350.0,0.2383805513381958
286,3.109954700302033e-09,0.1054549675272076,4.400091648101807,4.399864673614502,4.399979652404785,-0.4099617260875505,571.8721121121198,125,4.400091648101807,4.400015354156494,-7.62939453125e-05,571.8721121121198,125,0.9931232159336408,349.0,0.2383495718240738
287,3.531473277399612e-09,-1.1328856133215923,4.400091648101807,4.399794578552246,4.39996220604066,0.8820318380249383,566.9647447448224,124,4.400015354156494,4.400091648101807,7.62939453125e-05,566.9647447448224,124,0.99338348954916,348.0,0.2384120374917984
288,2.8342218687075167e-09,0.6392013943974699,4.400158882141113,4.399871826171875,4.399999633912118,1.0746312175480537,566.7074174173176,124,4.40000057220459,4.400091648101807,9.107589721679688e-05,566.7074174173176,124,0.9930876394112904,347.0,0.2383410334587097
289,3.220302365699884e-09,0.4242527704049433,4.400160789489746,4.399866580963135,4.399985359936226,0.8179488634290175,561.8118318319321,123,4.400015354156494,4.400091648101807,7.62939453125e-05,561.8118318319321,123,0.9926669299602509,346.0,0.2382400631904602
290,3.98106737656441e-09,-0.5299825991573839,4.400091171264648,4.399787902832031,4.3999811756995415,-0.2296837983790318,566.8687087087892,124,4.400015354156494,4.400015354156494,0.0,566.8687087087892,124,0.9926211088895798,345.0,0.2382290661334991
291,3.469511255154371e-09,0.5806503080465563,4.400161266326904,4.39986515045166,4.39997074508667,0.3148145186388449,571.5320120118558,125,4.399925231933594,4.399939060211182,1.3828277587890623e-05,571.5320120118558,125,0.9925524393717448,344.0,0.2382125854492187
292,2.848187895940481e-09,0.2622042630507455,4.40009069442749,4.399864196777344,4.399971576690674,-0.5022134614036302,571.8721121121198,125,4.400015354156494,4.400015354156494,0.0,571.8721121121198,125,0.9923586000998816,343.0,0.2381660640239715
293,1.882138466528211e-09,-0.4289910663303585,4.400086879730225,4.399866580963135,4.399992794036865,0.5131783354339992,571.7293693693355,125,4.399939060211182,4.400015354156494,7.62939453125e-05,571.7293693693355,125,0.9922189638018608,342.0,0.2381325513124466
294,3.286118836483859e-09,-0.167634272107538,4.400091648101807,4.399866580963135,4.3999796447753905,-0.5170167313319389,571.6995795797557,125,4.400015354156494,4.400015354156494,0.0,571.6995795797557,125,0.9920710076888404,341.0,0.2380970418453216
295,1.6926921283987711e-09,0.4983743967471883,4.400087356567383,4.399939060211182,4.3999921989440915,-0.5532310704658903,571.6288288286887,125,4.400028705596924,4.399939060211182,-8.96453857421875e-05,571.6288288286887,125,0.9919023141264915,340.0,0.2380565553903579
296,3.844272067644559e-09,0.2233339788353041,4.400166034698486,4.399862766265869,4.3999851760864255,0.5458454092949743,571.6176576577127,125,4.400063991546631,4.400091648101807,2.765655517578125e-05,571.6176576577127,125,0.9919356554746628,339.0,0.238064557313919
297,2.513021101409608e-09,-0.2462064664369767,4.400091648101807,4.399869918823242,4.400009593655986,-0.032454808026757,566.6261561559513,124,4.400013446807861,4.399939060211182,-7.43865966796875e-05,566.6261561559513,124,0.9919941425323486,338.0,0.2380785942077636
298,2.4720465585086198e-09,0.1703540969234747,4.400085926055908,4.399862766265869,4.399985023498536,-0.582398036202818,571.6102102100849,125,4.399943828582764,4.400015354156494,7.152557373046875e-05,571.6102102100849,125,0.991585726539294,337.0,0.2379805743694305
299,4.113409568884573e-09,-0.3215367976709899,4.400091648101807,4.3997931480407715,4.399942473759727,-0.2856426785342312,576.4226726726629,126,4.399949550628662,4.400091648101807,0.0001420974731445,576.4226726726629,126,0.9914066021641096,336.0,0.2379375845193863
300,1.8962652705210662e-09,0.7813958670926058,4.400089740753174,4.399939060211182,4.399981294359479,-0.4303868470786764,576.4301801803522,126,4.399953365325928,4.400015354156494,6.198883056640625e-05,576.4301801803522,126,0.991262805958589,335.0,0.2379030734300613
301,2.161310866150804e-09,0.1500204046686098,4.400091171264648,4.399863243103027,4.399959507442656,-0.2474622915395929,576.2875375375152,126,4.399949073791504,4.400015354156494,6.628036499023438e-05,576.2875375375152,126,0.9910691529512404,334.0,0.2378565967082977
302,2.2983037943338287e-09,-0.2765305020027285,4.400089263916016,4.39986515045166,4.399989249214293,0.0821858838134019,576.1574074071832,126,4.400008678436279,4.399939060211182,-6.961822509765625e-05,576.1574074071832,126,0.9910045191645622,333.0,0.2378410845994949
303,1.3981845416222521e-09,0.1802680206084013,4.400091648101807,4.399939060211182,4.4000019836425786,-0.2370480293537675,571.4215415413491,125,4.4000115394592285,4.400091648101807,8.0108642578125e-05,571.4215415413491,125,0.9909170990188916,332.0,0.237820103764534
304,3.5899337100480423e-09,1.2260465609844773,4.400158405303955,4.399939060211182,4.399988662628901,0.6543296672535734,576.079829829745,126,4.399941444396973,4.399939060211182,-2.384185791015625e-06,576.079829829745,126,0.9906046092510224,331.0,0.2377451062202453
305,2.4158749539989044e-09,0.4274457725774512,4.400091648101807,4.399939060211182,4.399997082967607,-0.9483945120978584,576.4151651649736,126,4.400010585784912,4.400015354156494,4.76837158203125e-06,576.4151651649736,126,0.990579587717851,330.0,0.2377391010522842
306,3.9033843824009015e-09,-0.2722481363446006,4.400091648101807,4.3998637199401855,4.399991031646729,-0.8487177183909762,571.1571571570821,125,4.399939060211182,4.400015354156494,7.62939453125e-05,571.1571571570821,125,0.990914988021056,329.0,0.2378195971250534
307,2.547796510851992e-09,0.3781596317162803,4.400091648101807,4.39986515045166,4.3999860816531715,-0.0768980401380634,576.2637637639418,126,4.399939060211182,4.400015354156494,7.62939453125e-05,576.2637637639418,126,0.990444173415502,328.0,0.2377066016197204
308,4.7545442742245655e-09,0.0516769672133653,4.400166988372803,4.399868011474609,4.4000130040305,-0.3247551436794178,576.2412412413396,126,4.400015354156494,4.400015354156494,0.0,576.2412412413396,126,0.9902857864896456,327.0,0.2376685887575149
309,2.896027581300586e-09,1.0178655437012707,4.400091648101807,4.399865627288818,4.399973233540853,0.3879219106098466,576.3576076077297,126,4.400000095367432,4.400015354156494,1.52587890625e-05,576.3576076077297,126,0.9902837375799816,326.0,0.2376680970191955
310,2.8520866064369342e-09,0.23199866835501,4.400091648101807,4.399863243103027,4.399985332188644,-0.8162543435077776,581.0466666663997,127,4.400015354156494,4.400015354156494,0.0,581.0466666663997,127,0.990152545273304,325.0,0.2376366108655929
311,3.0145371830843523e-09,-0.2676600744771297,4.400091648101807,4.399862766265869,4.399978423681785,-0.0407500534599787,581.108468468301,127,4.399939060211182,4.400015354156494,7.62939453125e-05,581.108468468301,127,0.9898380065957706,324.0,0.2375611215829849
312,1.84034774613951e-09,-0.7522996332038516,4.400015354156494,4.399868965148926,4.399972083076598,-0.4286745580233702,576.0410410407931,126,4.400015354156494,4.400015354156494,0.0,576.0410410407931,126,0.9895733247200648,323.0,0.2374975979328155
313,1.891792404450594e-09,-0.2286362720655504,4.400089263916016,4.399939060211182,4.400009511009095,-0.7209950342438112,575.5880880882032,126,4.400087356567383,4.400015354156494,-7.200241088867188e-05,575.5880880882032,126,0.989409163594246,322.0,0.237458199262619
314,4.115849074660699e-09,0.0959335369957502,4.400153160095215,4.3997979164123535,4.399977935580757,0.9021200678184776,580.8297297297977,127,4.399939060211182,4.400015354156494,7.62939453125e-05,580.8297297297977,127,0.9894213949640592,321.0,0.2374611347913742
315,1.385999533726655e-09,-0.2882813373731093,4.400084495544434,4.39987325668335,4.3999896087045745,0.7096655655197219,580.8902702704072,127,4.400074481964111,4.399939060211182,-0.0001354217529296,580.8902702704072,127,0.9896171589692434,320.0,0.2375081181526184
316,2.1488231141120195e-09,-0.9009037437923438,4.400015354156494,4.399867057800293,4.399978796641032,-0.533169594321544,576.0110110109672,126,4.400015354156494,4.399939060211182,-7.62939453125e-05,576.0110110109672,126,0.9891713658968608,319.0,0.2374011278152465
317,3.261153503195065e-09,0.2016620329331543,4.400091648101807,4.3998637199401855,4.399989109339677,-0.7586775183883057,580.8940540542826,127,4.400010108947754,4.400015354156494,5.245208740234375e-06,580.8940540542826,127,0.9888942663868268,318.0,0.2373346239328384
318,2.1720752020040662e-09,0.9108165963831488,4.400091648101807,4.399868965148926,4.399970711685541,0.2206662079246686,580.776756756939,127,4.400025367736816,4.400091648101807,6.628036499023438e-05,580.776756756939,127,0.9887505322694778,317.0,0.2373001277446746
319,3.6567585483971982e-09,0.3388344103637597,4.400091648101807,4.399868011474609,4.399990990405946,-0.7531132725953826,580.8688288289122,127,4.400003910064697,4.400015354156494,1.1444091796875e-05,580.8688288289122,127,0.9886234998703004,316.0,0.237269639968872
320,3.609058547872043e-09,-0.4335675789021012,4.400091648101807,4.399868965148926,4.400008129119873,-0.367084212164591,588.6872072070837,125,4.399942398071289,4.400015354156494,7.295608520507812e-05,588.6872072070837,125,0.9942730267842612,315.0,0.2386255264282226
321,3.795384393552854e-09,0.8063613688456014,4.400163173675537,4.399939060211182,4.4000083142378195,-0.228741353659148,584.1052252249792,127,4.400028705596924,4.400015354156494,-1.33514404296875e-05,584.1052252249792,127,0.9943543002009392,314.0,0.2386450320482254
322,4.479564407949876e-09,0.0426629461067876,4.400091648101807,4.399789333343506,4.3999658189713955,-0.4027167961115903,589.0448148148134,128,4.400001049041748,4.399939060211182,-6.198883056640625e-05,589.0448148148134,128,0.993627371887366,313.0,0.2384705692529678
323,2.610755211013407e-09,-0.1194289499170703,4.40008544921875,4.399865627288818,4.3999690070865665,-0.7464409512051091,583.7117117117159,127,4.39997673034668,4.400015354156494,3.8623809814453125e-05,583.7117117117159,127,0.993085652589798,312.0,0.2383405566215515
324,2.016425339912157e-09,0.644838896639247,4.400088787078857,4.399866580963135,4.399967513978481,0.2686202654918688,588.259169169236,128,4.399999141693115,4.399939060211182,-6.008148193359375e-05,588.259169169236,128,0.9927377104759216,311.0,0.2382570505142212
325,2.242920851671886e-09,-0.2584609875799513,4.400091171264648,4.399866104125977,4.3999884352087975,-0.1520155732784758,588.486726726871,128,4.39998722076416,4.400015354156494,2.8133392333984375e-05,588.486726726871,128,0.992475263774395,310.0,0.2381940633058548
326,1.6557565327561823e-09,-0.0210778807052628,4.400088787078857,4.399864196777344,4.399980537593365,-0.1380964842052363,588.0773773770779,128,4.400015354156494,4.400015354156494,0.0,588.0773773770779,128,0.992056541144848,309.0,0.2380935698747635
327,3.787659557825306e-09,0.4896688248855478,4.400167942047119,4.399939060211182,4.4000251814723015,-0.502635406235568,588.1930630626157,128,4.400015354156494,4.400091648101807,7.62939453125e-05,588.1930630626157,128,0.992727279663086,308.0,0.2382545471191406
328,2.412384140551104e-09,-0.4869246555990554,4.400091171264648,4.3998637199401855,4.400002062790037,-0.018693153106974,583.1491891890764,127,4.400015354156494,4.399939060211182,-7.62939453125e-05,583.1491891890764,127,0.991517057021459,307.0,0.2379640936851501
329,3.0624143496706966e-09,0.2827035699979985,4.4001641273498535,4.399868965148926,4.400004645650701,0.827388889108879,592.6143743740395,129,4.399967670440674,4.400091648101807,0.0001239776611328,592.6143743740395,129,0.9912296508749326,306.0,0.2378951162099838
330,3.4092864874170535e-09,0.0877844062086118,4.400087356567383,4.39986515045166,4.399974040687084,-0.8744143944924168,587.6324324328452,128,4.399908542633057,4.399939060211182,3.0517578125e-05,587.6324324328452,128,0.991298258304596,305.0,0.237911581993103
331,3.370713681924933e-09,-0.1343883612688923,4.40009069442749,4.399864673614502,4.399989765137434,-0.9210607328752562,587.7214214215055,128,4.400033473968506,4.400015354156494,-1.811981201171875e-05,587.7214214215055,128,0.9905816987156868,304.0,0.2377396076917648
332,3.299007647595408e-09,0.0761798410414238,4.4001617431640625,4.39986515045166,4.400008131367292,-0.0165683964486231,592.4119319319725,129,4.399985313415527,4.400091648101807,0.0001063346862792,592.4119319319725,129,0.9901984284321468,303.0,0.2376476228237152
333,2.4061027955698103e-09,0.007477361756082,4.400091648101807,4.399871349334717,4.399996180087328,-0.6850088052017047,587.2332532536238,128,4.400015354156494,4.400015354156494,0.0,587.2332532536238,128,0.9898442154129348,302.0,0.2375626116991043
334,3.4037103914016823e-09,0.0899314834328872,4.400164604187012,4.399868011474609,4.399988163262606,0.3614259076072375,586.9370470475405,128,4.400070667266846,4.400015354156494,-5.53131103515625e-05,586.9370470475405,128,0.9895212948322296,301.0,0.2374851107597351
335,1.649552005755697e-09,-0.6352434091338061,4.400015354156494,4.399866104125977,4.399969381879466,-0.3772115249129029,591.8827627627179,129,4.4000139236450195,4.400015354156494,1.430511474609375e-06,591.8827627627179,129,0.9892671058575312,300.0,0.2374241054058075
336,3.664987638094598e-09,0.0766179091001861,4.400155067443848,4.399866580963135,4.399999592655389,-0.3893820540114259,591.7251651650295,129,4.400055408477783,4.400091648101807,3.62396240234375e-05,591.7251651650295,129,0.9889985124270122,299.0,0.2373596429824829
337,2.379231888163522e-09,-0.3010357713620879,4.400015354156494,4.399862766265869,4.399952304455661,-1.0298712137350292,591.6918518515304,129,4.399962902069092,4.400015354156494,5.245208740234375e-05,591.6918518515304,129,0.9886984402934712,298.0,0.237287625670433
338,2.913192691384979e-09,0.1604226161214574,4.400091648101807,4.399863243103027,4.399989080059436,-0.6880815704340537,591.6546946950257,129,4.399939060211182,4.399939060211182,0.0,591.6546946950257,129,0.9886464104056358,297.0,0.2372751384973526
339,2.322643355853856e-09,0.5390291146861256,4.400091648101807,4.399866580963135,4.399982444999754,0.0224758988207414,591.6611011009663,129,4.39997673034668,4.400091648101807,0.0001149177551269,591.6611011009663,129,0.9882338965932528,296.0,0.2371761351823806
340,3.929872516983573e-09,-0.4170013226896756,4.400087356567383,4.399862766265869,4.399975891261137,-0.8412599532663898,591.6226626625285,129,4.399862766265869,4.399939060211182,7.62939453125e-05,591.6226626625285,129,0.9878985583782196,295.0,0.2370956540107727
341,3.961613155008463e-09,-0.0624630167675826,4.400088787078857,4.399862766265869,4.399977827072144,-0.8667097056408788,596.3518918920308,130,4.400012016296387,4.399939060211182,-7.295608520507812e-05,596.3518918920308,130,0.9876485293110212,294.0,0.237035647034645
342,1.4581016889486194e-09,0.4053183709137715,4.400084972381592,4.399939060211182,4.39998091184176,-0.7528824774162519,596.2150150146335,130,4.40001106262207,4.399939060211182,-7.200241088867188e-05,596.2150150146335,130,0.9873840336998304,293.0,0.2369721680879593
343,1.1881360702024546e-09,0.3338596967462239,4.400091648101807,4.399939060211182,4.399978516652034,-0.7028180658627301,596.3415615614504,130,4.399939060211182,4.400091648101807,0.000152587890625,596.3415615614504,130,0.9871130809187888,292.0,0.2369071394205093
344,3.045172397605304e-09,0.0330341277207088,4.400091648101807,4.399864673614502,4.399986498172467,-0.4239643326987363,596.0858858861029,130,4.39997673034668,4.400091648101807,0.0001149177551269,596.0858858861029,130,0.9868568430344264,291.0,0.2368456423282623
345,1.917539906545587e-09,0.9896647506724444,4.400163650512695,4.39990234375,4.399999295748197,2.2245888973183705,596.0548948952928,130,4.39990234375,4.400015354156494,0.0001130104064941,596.0548948952928,130,0.9865923474232356,290.0,0.2367821633815765
346,2.6252423017410723e-09,-0.4266144791559017,4.400089740753174,4.399863243103027,4.399989025409405,-0.2298087366101904,596.0742642646655,130,4.399974346160889,4.400015354156494,4.100799560546875e-05,596.0742642646655,130,0.9863652909795444,289.0,0.2367276698350906
347,4.403386458218939e-09,0.0144931839123184,4.400091648101807,4.399862766265869,4.39997410774231,-1.09623297621526,595.7553153149784,130,4.4000563621521,4.400091648101807,3.528594970703125e-05,595.7553153149784,130,0.9860632941126825,288.0,0.2366551905870437
348,1.678074344476995e-09,-0.5400586461393017,4.400015354156494,4.399864196777344,4.399968836857722,-0.5310181587198453,595.8405405404046,130,4.400015354156494,4.399939060211182,-7.62939453125e-05,595.8405405404046,130,0.985838162402312,287.0,0.2366011589765548
349,1.4238368556933679e-09,0.2435325992639791,4.400087833404541,4.399939060211182,4.400000091699454,-0.3891501343406802,595.4015015009791,130,4.400015354156494,4.400015354156494,0.0,595.4015015009791,130,0.9855132550001144,286.0,0.2365231812000274
350,5.217051968725701e-09,0.3725088448823675,4.4001665115356445,4.399867534637451,4.399999618530273,-0.7843548469564983,595.3614714713767,130,4.399905681610107,4.399939060211182,3.337860107421875e-05,595.3614714713767,130,0.9852799897392592,285.0,0.2364671975374221
351,3.7311007038972345e-09,0.0207222568253547,4.400162696838379,4.399871826171875,4.400015314116732,-0.1445724290622037,600.2226226227358,131,4.399939060211182,4.400015354156494,7.62939453125e-05,600.2226226227358,131,0.9850487112998962,284.0,0.2364116907119751
352,4.791928915391964e-09,0.2717782827737633,4.400166988372803,4.399867534637451,4.400001351159948,-0.6486096389650338,600.3267267262563,131,4.400015354156494,4.400015354156494,0.0,600.3267267262563,131,0.9848279878497124,283.0,0.2363587170839309
353,1.514495010044085e-09,0.3089546316696687,4.400091648101807,4.399863243103027,4.399974975877136,0.4415343941311582,600.4802802801132,131,4.399980068206787,4.400015354156494,3.528594970703125e-05,600.4802802801132,131,0.984600807229678,282.0,0.2363041937351226
354,1.901951288575136e-09,-0.0884391150203011,4.400091171264648,4.399874210357666,4.399989237312142,-0.3947545405652528,600.4256256259978,131,4.399991035461426,4.400015354156494,2.4318695068359375e-05,600.4256256259978,131,0.984334262708823,281.0,0.2362402230501175
355,2.9120626944084758e-09,0.2404471487294558,4.40015983581543,4.399864673614502,4.39999656604998,0.2206523005671457,605.0508408406749,132,4.400015354156494,4.400015354156494,0.0,605.0508408406749,132,0.9841070820887884,280.0,0.2361856997013092
356,2.632215298220518e-09,-0.3195772024773863,4.400088787078857,4.399866104125977,4.399986321275884,-0.4930669059978738,604.9236436439678,132,4.399939060211182,4.400015354156494,7.62939453125e-05,604.9236436439678,132,0.984019599854946,279.0,0.236164703965187
357,2.416788773533023e-09,-0.2069436959289052,4.400091648101807,4.399869918823242,4.399989047417274,0.1641580383859286,594.7842642646283,130,4.399975299835205,4.400015354156494,4.00543212890625e-05,594.7842642646283,130,0.9840112179517746,278.0,0.2361626923084259
358,3.6387500885058635e-09,0.232221817996833,4.40015172958374,4.3998026847839355,4.399967331922691,0.929129001621276,599.8816816816106,131,4.400022983551025,4.400015354156494,-7.62939453125e-06,599.8816816816106,131,0.9834426765640576,277.0,0.2360262423753738
359,2.838732238351476e-09,-0.8720552717905422,4.400015354156494,4.399789810180664,4.399960499821288,0.1603740940551472,604.9774074070156,132,4.3999834060668945,4.400015354156494,3.1948089599609375e-05,604.9774074070156,132,0.9832321976621946,276.0,0.2359757274389267
360,2.615664619537561e-09,0.8654198115226501,4.4001617431640625,4.399939060211182,4.399997584747545,0.2877110755134993,604.7977577578276,132,4.3999834060668945,4.400015354156494,3.1948089599609375e-05,604.7977577578276,132,0.9829134990771612,275.0,0.2358992397785186
361,3.113718183348321e-09,-0.2900873398626783,4.400086402893066,4.399862766265869,4.39998074888273,-0.2260270745364092,599.5862862858921,131,4.400074481964111,4.400015354156494,-5.91278076171875e-05,599.5862862858921,131,0.9826530391971272,274.0,0.2358367294073104
362,1.7639257210876663e-09,0.0128160189988146,4.400091648101807,4.399863243103027,4.399967477521823,-0.0644594150214374,599.020220220089,131,4.400015354156494,4.400091648101807,7.62939453125e-05,599.020220220089,131,0.9824032584826152,273.0,0.2357767820358276
363,2.2795294731078816e-09,-0.3594640752682697,4.400089263916016,4.399865627288818,4.3999861738735575,-0.1702519908807569,609.5123123126104,133,4.399964332580566,4.400015354156494,5.1021575927734375e-05,609.5123123126104,133,0.982315776248773,272.0,0.2357557862997055
364,2.421159157519195e-09,0.4452739095983006,4.400154113769531,4.399864673614502,4.400002572769509,1.0093366390511185,609.4594594594091,133,4.399969577789307,4.399939060211182,-3.0517578125e-05,609.4594594594091,133,0.9821344166994096,271.0,0.2357122600078582
365,3.93634776939409e-09,-0.5845163389216754,4.400087833404541,4.399862766265869,4.39998131087332,-0.6219148013261004,604.3414214216173,132,4.399995803833008,4.400015354156494,1.9550323486328125e-05,604.3414214216173,132,0.9817780926823616,270.0,0.2356267422437667
366,1.949835519695898e-09,0.0270924832781454,4.400091171264648,4.3999152183532715,4.400004311611778,-0.8486539897644763,609.1951951952651,133,4.3999152183532715,4.400015354156494,0.0001001358032226,609.1951951952651,133,0.9814469143748284,269.0,0.2355472594499588
367,2.0705594664715174e-09,0.0488414311197418,4.40009069442749,4.399863243103027,4.3999787201558735,-0.0362574172977749,608.9718918921426,133,4.400043487548828,4.399939060211182,-0.0001044273376464,608.9718918921426,133,0.98120104521513,268.0,0.2354882508516311
368,3.183687420981829e-09,-0.4713678906711774,4.400084495544434,4.39979362487793,4.399951726870429,0.7313228773451641,609.1634834837168,133,4.39999532699585,4.400015354156494,2.002716064453125e-05,609.1634834837168,133,0.980984481672446,267.0,0.235436275601387
369,2.7042326228480142e-09,-0.73559831157087,4.400088310241699,4.3997979164123535,4.399976325214357,1.0691118278418703,609.1013813810423,133,4.3998918533325195,4.400015354156494,0.0001235008239746,609.1013813810423,133,0.980713590979576,266.0,0.2353712618350982
370,2.14437470610648e-09,-1.3231232744359995,4.400015354156494,4.399792194366455,4.399970721481438,2.0180828212238393,608.9309309311211,133,4.399993896484375,4.400015354156494,2.1457672119140625e-05,608.9309309311211,133,0.980430282652378,265.0,0.2353032678365707
371,4.202647342610831e-09,0.1707156950792628,4.400162696838379,4.399864196777344,4.399987235105128,-0.4096514124085728,608.5794594595209,133,4.399988651275635,4.400091648101807,0.0001029968261718,608.5794594595209,133,0.9801429385940236,264.0,0.2352343052625656
372,3.0059452084274704e-09,-0.2797049545989981,4.400089263916016,4.399867057800293,4.3999961810325505,-0.7002025809193237,613.7424124125391,134,4.399989604949951,4.400015354156494,2.574920654296875e-05,613.7424124125391,134,0.9799637521306674,263.0,0.2351913005113601
373,1.2845979342154755e-09,-0.0682273607127282,4.400089263916016,4.399939060211182,4.400007480965521,-0.0370816704622729,608.5887087089941,133,4.399988174438477,4.400015354156494,2.7179718017578125e-05,608.5887087089941,133,0.9796970834334692,262.0,0.2351273000240326
374,3.44837716256303e-09,-0.073797768494763,4.400091648101807,4.3998637199401855,4.3999902108558135,-0.8798463088451491,608.5490690693259,133,4.400075435638428,4.400015354156494,-6.008148193359375e-05,608.5490690693259,133,0.9794013574719428,261.0,0.2350563257932663
375,3.1947219154084567e-09,-0.4745859306905973,4.400091648101807,4.399791240692139,4.399975559604702,1.0347533607328492,613.4175675678998,134,4.399990081787109,4.400015354156494,2.5272369384765625e-05,613.4175675678998,134,0.9791721279422444,260.0,0.2350013107061386
376,2.2502012443037902e-09,-0.0889550532315736,4.400086879730225,4.399864196777344,4.399972702140238,-0.183436969153806,613.1339939944446,134,4.400015354156494,4.400015354156494,0.0,613.1339939944446,134,0.978899064163367,259.0,0.234935775399208
377,2.642493134219976e-09,-0.7226294855643426,4.400091648101807,4.399786472320557,4.3999950458754356,1.6600621755638922,613.3802902903408,134,4.400015354156494,4.399786472320557,-0.0002288818359375,613.3802902903408,134,0.9786741187175116,258.0,0.2348817884922027
378,2.1261790852603482e-09,0.0477090178364555,4.400087356567383,4.399866104125977,4.399971780492298,-0.0696223793033286,613.3696396397427,134,4.399988651275635,4.399939060211182,-4.9591064453125e-05,613.3696396397427,134,0.9784263248244922,257.0,0.2348223179578781
379,3.4498270141142363e-09,-0.0379426768594762,4.40009069442749,4.399862766265869,4.399970862402845,-0.6648436415089223,612.8757157158107,134,4.399969100952148,4.399939060211182,-3.0040740966796875e-05,612.8757157158107,134,0.978138732413451,256.0,0.2347532957792282
380,4.3542358492952326e-09,-0.8506359649765196,4.400084018707275,4.399720668792725,4.39994827553078,1.3163435747383925,617.8969369372353,135,4.400029182434082,4.400015354156494,-1.3828277587890623e-05,617.8969369372353,135,0.9779555102189382,255.0,0.2347093224525451
381,1.2128936017114814e-09,0.3061485570704173,4.400084018707275,4.399939060211182,4.3999899180967414,-0.2422268971427335,613.0314814811572,134,4.400052547454834,4.400015354156494,-3.719329833984375e-05,613.0314814811572,134,0.9776617710789044,254.0,0.234638825058937
382,2.756287745477975e-09,-0.30241189769059,4.400091648101807,4.39986515045166,4.399995086811207,-0.0464473947074726,617.8714514514431,135,4.3999857902526855,4.400091648101807,0.000105857849121,617.8714514514431,135,0.9774202480912207,253.0,0.234580859541893
383,2.701968287535819e-09,-0.2862568215378314,4.400091648101807,4.399864673614502,4.399986475485343,-0.4084672750854419,617.9438838837668,135,4.399991035461426,4.400091648101807,0.0001006126403808,617.9438838837668,135,0.9772409995396932,252.0,0.2345378398895263
384,3.5163305717674367e-09,-0.1131063781702907,4.400091648101807,4.399862766265869,4.3999852222554825,-0.5184837791985983,622.7013513511047,136,4.399960517883301,4.399939060211182,-2.1457672119140625e-05,622.7013513511047,136,0.9769992902874948,251.0,0.2344798296689987
385,2.754078864896307e-09,-0.3243882605687889,4.400091648101807,4.399862766265869,4.399989788620561,0.0357505864495171,617.7520720725879,135,4.4000372886657715,4.400015354156494,-2.193450927734375e-05,617.7520720725879,135,0.9767180929581324,250.0,0.2344123423099517
386,4.1298235871421354e-09,-0.9417046605469064,4.400091648101807,4.3997907638549805,4.399985165066189,1.1474261863797843,617.8164564566687,135,4.400015830993652,4.400015354156494,-4.76837158203125e-07,617.8164564566687,135,0.9764764457941056,249.0,0.2343543469905853
387,1.892450331323386e-09,0.4613474714936129,4.40008544921875,4.399866580963135,4.399973286522759,0.1741935498137947,617.7654854850844,135,4.399954319000244,4.400015354156494,6.103515625e-05,617.7654854850844,135,0.9762534871697426,248.0,0.2343008369207382
388,2.9921363157190766e-09,-0.6105139619258741,4.400091171264648,4.399787425994873,4.399989380555994,1.1211035415298505,622.2270270269364,136,4.400069236755371,4.400015354156494,-5.3882598876953125e-05,622.2270270269364,136,0.9759264687697092,247.0,0.2342223525047302
389,2.696890743647128e-09,-0.0535969726132818,4.4001617431640625,4.39986515045166,4.399998962879181,1.0633647426462465,622.1567567568272,136,4.399876594543457,4.400015354156494,0.0001387596130371,622.1567567568272,136,0.975697363416354,246.0,0.2341673672199249
390,3.341909438892832e-09,0.9361744277723094,4.400161266326904,4.399868488311768,4.399986207485199,1.0638385251484963,622.6202702699229,136,4.400015354156494,4.400015354156494,0.0,622.6202702699229,136,0.975574366748333,245.0,0.2341378480195999
391,9.311810976618691e-10,0.1117459073885921,4.400088787078857,4.399939060211182,4.39998984336853,-0.1465943411459922,622.2581081083044,136,4.400015354156494,4.400015354156494,0.0,622.2581081083044,136,0.9751577551166216,244.0,0.2340378612279892
392,1.857036388038843e-09,-0.0168264746011901,4.400091648101807,4.399939060211182,4.400008857250214,-0.7746683347771737,622.1162162162364,136,4.400087356567383,4.400091648101807,4.291534423828125e-06,622.1162162162364,136,0.9748890375097592,243.0,0.2339733690023422
393,3.0614654596456894e-09,-0.351187702218557,4.400088787078857,4.399865627288818,4.399993815842797,-0.547922986715935,622.3216216219589,136,4.400018692016602,4.400015354156494,-3.337860107421875e-06,622.3216216219589,136,0.974653661251068,242.0,0.2339168787002563
394,3.6849156798762343e-09,0.5635394059513179,4.40015983581543,4.399864673614502,4.399995487101757,0.539196962490609,627.2554154153913,137,4.400015354156494,4.399939060211182,-7.62939453125e-05,627.2554154153913,137,0.9744244317213696,241.0,0.2338618636131286
395,2.722387145034799e-09,-0.2803239409061359,4.400088787078857,4.399864196777344,4.39997218657231,-0.8581823526115477,632.0115815810859,138,4.400005340576172,4.400015354156494,1.0013580322265623e-05,632.0115815810859,138,0.9741661449273428,240.0,0.2337998747825622
396,2.8462154901907227e-09,-0.3382441029132681,4.4000244140625,4.399862766265869,4.399952101881486,-1.213723407180532,626.6931731728837,137,4.4000244140625,4.399939060211182,-8.535385131835938e-05,626.6931731728837,137,0.9738454595208168,239.0,0.233722910284996
397,1.4703936106004892e-09,0.3729025436346933,4.400087833404541,4.399939060211182,4.399993837314801,-0.3973152151007597,627.1955155152828,137,4.4000163078308105,4.400015354156494,-9.5367431640625e-07,627.1955155152828,137,0.9736475845177968,238.0,0.2336754202842712
398,2.525096863820494e-09,0.3345247779308485,4.400091648101807,4.399866104125977,4.399985118503988,-0.2324145180143864,626.65369369369,137,4.400088310241699,4.400015354156494,-7.295608520507812e-05,626.65369369369,137,0.9733494992057484,237.0,0.2336038798093795
399,2.910222190764397e-09,-0.1617310940538973,4.400091648101807,4.399863243103027,4.399989414906156,-0.4266133080857521,631.7482782779261,138,4.399939060211182,4.400091648101807,0.000152587890625,631.7482782779261,138,0.973124677936236,236.0,0.2335499227046966
400,3.19044267498018e-09,-0.0021757142014883,4.400091648101807,4.399862766265869,4.399979587914287,-0.3945135117533236,631.5604004003108,138,4.399862766265869,4.399939060211182,7.62939453125e-05,631.5604004003108,138,0.9728288277983664,235.0,0.2334789186716079
401,3.171500304687177e-09,-0.1312706564142137,4.400091648101807,4.399868011474609,4.399997403656227,-0.5578153193901692,631.5823423424736,138,4.400008201599121,4.400015354156494,7.152557373046875e-06,631.5823423424736,138,0.9725641459226608,234.0,0.2334153950214386
402,3.208508070322727e-09,0.5633781261644957,4.40016508102417,4.39986515045166,4.399984494499538,0.292306322462232,631.6495395395905,138,4.4000043869018555,4.400015354156494,1.0967254638671877e-05,631.6495395395905,138,0.9722871705889702,233.0,0.2333489209413528
403,1.3539795604282432e-09,0.4515694926715644,4.400091648101807,4.399877548217773,4.399976678889432,0.1792732887587695,636.3899699700996,139,4.400015354156494,4.400091648101807,7.62939453125e-05,636.3899699700996,139,0.9720517322421074,232.0,0.2332924157381057
404,2.027337395262487e-09,-0.0467097688850445,4.400087356567383,4.399862766265869,4.3999850698512235,-0.1891987930875061,636.2490690685809,139,4.399954795837402,4.399862766265869,-9.202957153320312e-05,636.2490690685809,139,0.9716704487800598,231.0,0.2332009077072143
405,1.805961871041363e-09,0.3166322893520296,4.400091648101807,4.399939060211182,4.399997313245595,-0.5847435288635285,636.7960960958153,139,4.400015354156494,4.400091648101807,7.62939453125e-05,636.7960960958153,139,0.9714705248673756,230.0,0.2331529259681701
406,1.6142970049248023e-09,-0.4611706773022951,4.400089263916016,4.399863243103027,4.39998272683123,0.0489978964741557,636.0446246247739,139,4.399953365325928,4.400015354156494,6.198883056640625e-05,636.0446246247739,139,0.9710810457666716,229.0,0.2330594509840011
407,2.0509476613773572e-09,0.3349412284145792,4.400089740753174,4.399867057800293,4.399960694994245,0.0767915848297922,641.2143743745983,140,4.399939060211182,4.400015354156494,7.62939453125e-05,641.2143743745983,140,0.9708705668648084,228.0,0.233008936047554
408,3.183148311751269e-09,0.4488053342602465,4.400167942047119,4.399869918823242,4.399979502814157,-0.1059331199135802,640.9945345344022,140,4.400020122528076,4.400167942047119,0.0001478195190429,640.9945345344022,140,0.9705580770969392,227.0,0.2329339385032653
409,2.965935785927592e-09,0.2784197048739494,4.400091648101807,4.399862766265869,4.399972397940499,-0.1158365017369473,640.852612612769,140,4.400015354156494,4.399862766265869,-0.000152587890625,640.852612612769,140,0.9702291960517566,226.0,0.2328550070524215
410,4.0640151371614595e-09,0.3945122876089033,4.40016508102417,4.399869918823242,4.400005684580122,-0.075643030554819,640.6522522522137,140,4.399877071380615,4.400091648101807,0.0002145767211914,640.6522522522137,140,0.969937319556872,225.0,0.2327849566936493
411,2.382004714291806e-09,0.0733150488552065,4.400089263916016,4.399865627288818,4.399973903383527,-0.2300263787299412,640.9500100100413,140,4.399939060211182,4.400015354156494,7.62939453125e-05,640.9500100100413,140,0.9696833168466886,224.0,0.2327239960432052
412,4.493020434634983e-09,-0.1562642197409029,4.400165557861328,4.399792194366455,4.399991546358381,0.449634025656572,640.4797197198495,140,4.400024890899658,4.400091648101807,6.67572021484375e-05,640.4797197198495,140,0.969364494085312,223.0,0.2326474785804748
413,2.598891147006132e-09,-0.0379717770289302,4.400091648101807,4.399871826171875,4.4000018017632625,-0.5905797987219286,640.7287787785754,140,4.400084018707275,4.399939060211182,-0.0001449584960937,640.7287787785754,140,0.9690810615817708,222.0,0.2325794547796249
414,2.5275334943200052e-09,0.0068952037667731,4.400086879730225,4.399864673614502,4.399978726250785,-0.4131119119535706,640.6146846851334,140,4.400015354156494,4.399939060211182,-7.62939453125e-05,640.6146846851334,140,0.9687457854549092,221.0,0.2324989885091781
415,2.9620883262797852e-09,-0.0517143818176466,4.4001641273498535,4.399866104125977,4.39999409601198,0.7446809700941892,645.5611611614004,141,4.400086879730225,4.399939060211182,-0.0001478195190429,645.5611611614004,141,0.968520777920882,220.0,0.2324449867010116
416,2.68405199486812e-09,-0.0157546134187318,4.400087833404541,4.399862766265869,4.399961001484106,-0.5301347990668126,645.6550550553948,141,4.399939060211182,4.400015354156494,7.62939453125e-05,645.6550550553948,141,0.9682457894086838,219.0,0.2323789894580841
417,1.0642866224928412e-09,-0.2083882830300934,4.400015354156494,4.399869441986084,4.399969912589865,-0.451713815794359,645.7447447450832,141,4.39998197555542,4.400015354156494,3.337860107421875e-05,645.7447447450832,141,0.9679145490129788,218.0,0.2322994917631149
418,2.4228911441383422e-09,0.1410698689791664,4.40015172958374,4.399864196777344,4.400000213731265,1.0398373511766184,645.4280280284584,141,4.399964809417725,4.400015354156494,5.054473876953125e-05,645.4280280284584,141,0.9676000103354454,217.0,0.2322240024805069
419,1.279264258737178e-09,0.4964598311968035,4.400085926055908,4.399939060211182,4.3999804778837825,-0.3805248094953946,650.0622222218663,142,4.400015354156494,4.400015354156494,0.0,650.0622222218663,142,0.967281311750412,216.0,0.2321475148200988
420,3.270504506877851e-09,-0.0803793784635155,4.400091648101807,4.3998637199401855,4.399999966586593,-0.6243161204054668,644.7448248248547,137,4.400008201599121,4.399939060211182,-6.914138793945312e-05,644.7448248248547,137,0.9762451673547428,215.0,0.2342988401651382
421,2.0589484456079916e-09,-0.3327147140996445,4.400015354156494,4.399862766265869,4.39996246950967,-0.6692144766840715,644.5008408408612,140,4.400015354156494,4.400015354156494,0.0,644.5008408408612,140,0.975632667541504,214.0,0.2341518402099609
422,2.1977035521075092e-09,0.1198265239140906,4.400089740753174,4.399869441986084,4.399990647816829,-0.4674138351991006,639.395855856128,139,4.399974346160889,4.400015354156494,4.100799560546875e-05,639.395855856128,139,0.9748286878069242,213.0,0.2339588850736618
423,2.7206313710286215e-09,0.1474751208607754,4.400091648101807,4.399864196777344,4.399990224838257,-0.4513080681256265,643.9762862864882,140,4.400066375732422,4.399939060211182,-0.0001273155212402,643.9762862864882,140,0.9739537412921588,212.0,0.2337488979101181
424,5.173264561569424e-09,-0.2008193161960356,4.400091648101807,4.399798393249512,4.399980031006725,-0.657678915728964,648.7031031027436,141,4.400061130523682,4.399939060211182,-0.0001220703125,648.7031031027436,141,0.9730996564030648,211.0,0.2335439175367355
425,1.8241386303105422e-09,-0.2712532264671534,4.400089740753174,4.399862766265869,4.400006633409312,-0.0771637178664677,653.6824924927205,142,4.400068759918213,4.399862766265869,-0.0002059936523437,653.6824924927205,142,0.9723747769991558,210.0,0.2333699464797973
426,2.2378831279365932e-09,0.1501985643846936,4.400089740753174,4.399862766265869,4.399981015117456,-0.1324860178918316,648.3905905904248,141,4.400069713592529,4.399862766265869,-0.0002069473266601,648.3905905904248,141,0.9715060393015544,209.0,0.233161449432373
427,4.573901056710337e-09,0.0522799361686665,4.400087833404541,4.399862766265869,4.399959527008923,-1.1669487666724807,648.0668668672442,141,4.3999786376953125,4.400015354156494,3.6716461181640625e-05,648.0668668672442,141,0.9706497192382812,208.0,0.2329559326171875
428,4.204947967443481e-09,-0.6058663058739746,4.400091648101807,4.39986515045166,4.400006532669067,-0.6613982444050683,653.0021921917796,142,4.400091648101807,4.400015354156494,-7.62939453125e-05,653.0021921917796,142,0.9698559840520224,207.0,0.2327654361724853
429,3.236806969142517e-09,0.3988087567441821,4.400165557861328,4.399862766265869,4.399966446669786,0.4121630849635203,657.2610010011122,143,4.400015354156494,4.400015354156494,0.0,657.2610010011122,143,0.9693519522746404,206.0,0.2326444685459137
430,2.4536841957765844e-09,1.657584988695816,4.4001665115356445,4.399939060211182,4.399975639956814,2.7801845523624236,657.2965365368873,143,4.4000563621521,4.400015354156494,-4.100799560546875e-05,657.2965365368873,143,0.9684123719731969,205.0,0.2324189692735672
431,3.1226726662446534e-09,-0.1254336575378564,4.400091648101807,4.399867057800293,4.399999754296409,-1.038685272207387,661.9668968971819,144,4.399939060211182,4.399939060211182,0.0,661.9668968971819,144,0.9677916765213012,204.0,0.2322700023651123
432,2.231285144045124e-09,-0.0074808328097275,4.400091648101807,4.399867057800293,4.399986777040693,0.4489600017155006,661.6018818821758,144,4.400015354156494,4.399939060211182,-7.62939453125e-05,661.6018818821758,144,0.9671312446395556,203.0,0.2321114987134933
433,1.561814574816356e-09,0.4860636715528262,4.400091648101807,4.399939060211182,4.4000009470972525,-0.0538632390791558,666.6219819821417,145,4.399969100952148,4.400015354156494,4.6253204345703125e-05,666.6219819821417,145,0.9665937473376592,202.0,0.2319824993610382
434,3.094849303361384e-09,-0.3755362877948476,4.40009069442749,4.399862766265869,4.399977280033959,-0.4179450543192571,661.5202902900055,144,4.400015354156494,4.400015354156494,0.0,661.5202902900055,144,0.9659417594472568,201.0,0.2318260222673416
435,2.073620889605335e-09,-1.4273510045024052,4.400015354156494,4.399804592132568,4.399978200594584,2.216102316758791,660.6614314317703,144,4.399978160858154,4.399939060211182,-3.910064697265625e-05,660.6614314317703,144,0.9652856116493544,200.0,0.231668546795845
436,2.892631237986718e-09,-0.3603873544962827,4.400091171264648,4.399786949157715,4.3999661906012175,0.3650484239525164,665.6172972973436,145,4.400015354156494,4.399939060211182,-7.62939453125e-05,665.6172972973436,145,0.9648085882266364,199.0,0.2315540611743927
437,2.142249149634933e-09,0.2430038991159653,4.400091171264648,4.399867534637451,4.399980515447156,-0.3361211999658295,665.5481081083417,145,4.399923324584961,4.399939060211182,1.5735626220703125e-05,665.5481081083417,145,0.9642980992794036,198.0,0.2314315438270568
438,4.972113165805655e-09,-0.2333233251526248,4.400091648101807,4.399796962738037,4.399977927372373,-0.770289199881462,665.264144144021,145,4.400063514709473,4.400015354156494,-4.8160552978515625e-05,665.264144144021,145,0.9637169539928436,197.0,0.2312920689582824
439,1.6247386060636943e-09,0.5851583179591084,4.400091648101807,4.399939060211182,4.399998464255497,-0.0777849798109056,665.1416216213256,145,4.400015354156494,4.400015354156494,0.0,665.1416216213256,145,0.963204416135947,196.0,0.2311690598726272
440,3.010710198984734e-09,-0.2245129001110768,4.400091648101807,4.399862766265869,4.399979709756785,-0.4019221843991198,664.8518918920308,145,4.400015354156494,4.400091648101807,7.62939453125e-05,664.8518918920308,145,0.9625983114043872,195.0,0.2310235947370529
441,2.806931696553927e-09,0.0437398690360138,4.400161266326904,4.399866104125977,4.399992746849582,0.8140171754502687,669.4819819815457,146,4.399977207183838,4.399939060211182,-3.814697265625e-05,669.4819819815457,146,0.962273341914018,194.0,0.2309456020593643
442,2.939396195169226e-09,-0.5230125874201911,4.400091648101807,4.399794101715088,4.39998391883014,1.4289425759009409,669.1002502506599,146,4.400053977966309,4.400091648101807,3.7670135498046875e-05,669.1002502506599,146,0.9617795546849568,193.0,0.2308270931243896
443,2.013384895618076e-09,-0.1366114627708897,4.400084495544434,4.399863243103027,4.39997107362094,-0.102900577774541,669.5182682685554,146,4.399984836578369,4.400015354156494,3.0517578125e-05,669.5182682685554,146,0.961394173403581,192.0,0.2307346016168594
444,4.803883608189874e-09,0.040091561073671,4.400167465209961,4.399803638458252,4.3999905978163625,0.0316420340743639,669.0334834838286,146,4.399939060211182,4.400091648101807,0.000152587890625,669.0334834838286,146,0.960690031449,191.0,0.23056560754776
445,2.0332823441173563e-09,-0.3662512923867515,4.400091648101807,4.399868011474609,4.399977865673247,-0.2131892442145027,673.7045045047998,147,4.399975299835205,4.400091648101807,0.0001163482666015,673.7045045047998,147,0.9602318207422892,190.0,0.2304556369781494
446,1.6813697225421315e-09,-0.9564216655560032,4.400084495544434,4.399867057800293,4.399991726388737,0.8982435219040559,673.621201201342,147,4.400015354156494,4.400015354156494,0.0,673.621201201342,147,0.9597880144913992,189.0,0.2303491234779358
447,4.2862222999587725e-09,-0.963255360329064,4.400091171264648,4.399787902832031,4.399988417722741,0.8332950180970102,673.6036636633798,147,4.400015354156494,4.400015354156494,0.0,673.6036636633798,147,0.959300622344017,188.0,0.2302321493625641
448,3.574700168671693e-09,0.2613025395613352,4.400134563446045,4.399864673614502,4.399968666284263,-0.3713651485547156,673.2178378375247,147,4.400015354156494,4.400015354156494,0.0,673.2178378375247,147,0.958927720785141,187.0,0.2301426529884338
449,4.377685728289963e-09,-0.224383420492794,4.400090217590332,4.399794101715088,4.399972744890161,-0.3604074669119845,677.9289789786562,148,4.399996280670166,4.400015354156494,1.9073486328125e-05,677.9289789786562,148,0.9585756808519365,186.0,0.2300581634044647
450,2.701129617702259e-09,0.8308144112675278,4.400158882141113,4.399939060211182,4.399992083205658,0.0223638698667154,672.7691691694781,147,4.399952411651611,4.400091648101807,0.0001392364501953,672.7691691694781,147,0.9581424295902252,185.0,0.229954183101654
451,1.7200076102625995e-09,1.0992455227963174,4.4001641273498535,4.399939060211182,4.399988495573705,2.7618201298119467,672.5645645642653,147,4.399939060211182,4.399939060211182,0.0,672.5645645642653,147,0.957732026775678,184.0,0.2298556864261627
452,3.082540345137503e-09,-0.458199739893969,4.400091648101807,4.399862766265869,4.399982056650175,-0.3230455073943821,672.1889689685777,147,4.400015354156494,4.400091648101807,7.62939453125e-05,672.1889689685777,147,0.9573194508751234,183.0,0.2297566682100296
453,2.4871315785206403e-09,0.1580319499661622,4.400091648101807,4.399867534637451,4.399999466072134,-0.5931085641697496,672.4958758754656,147,4.399943828582764,4.400091648101807,0.0001478195190429,672.4958758754656,147,0.956950771311919,182.0,0.2296681851148605
454,2.2962885421662535e-09,-0.0358383847189689,4.400091648101807,4.399869918823242,4.3999909678021,-0.3336972292268112,677.5419819820672,148,4.400091648101807,4.400015354156494,-7.62939453125e-05,677.5419819820672,148,0.956644614537557,181.0,0.2295947074890136
455,2.758941710714612e-09,0.8401985639232189,4.40015983581543,4.3998637199401855,4.399977619145193,1.0786724427223553,671.69061061088,147,4.399939060211182,4.399939060211182,0.0,671.69061061088,147,0.9564091761906942,180.0,0.2295382022857666
456,2.413978659269036e-09,0.6577774585417667,4.400091648101807,4.399939060211182,4.399990166125654,-0.6871599129307393,671.6379979979247,147,4.400091648101807,4.399939060211182,-0.000152587890625,671.6379979979247,147,0.9559321527679762,179.0,0.2294237166643142
457,2.105694105485661e-09,0.5747596453055682,4.400091648101807,4.399939060211182,4.399991563848547,-0.54640986373047,676.391291291453,148,4.399993896484375,4.400015354156494,2.1457672119140625e-05,676.391291291453,148,0.9554466232657431,178.0,0.2293071895837783
458,2.5301555148170416e-09,-0.3294663862920065,4.400091648101807,4.399788856506348,4.399968453355737,1.759422470235485,676.391291291453,148,4.400091648101807,4.400015354156494,-7.62939453125e-05,676.391291291453,148,0.9551259378592174,177.0,0.2292302250862121
459,2.2148067567404044e-09,-0.4890559689147596,4.40009069442749,4.399862766265869,4.399994019748402,0.2801875635712387,670.7348148142919,147,4.400015354156494,4.399862766265869,-0.000152587890625,670.7348148142919,147,0.9546843046943349,176.0,0.2291242331266403
460,2.179542307823895e-09,0.1698865158007257,4.400091648101807,4.399862766265869,4.3999806803625985,0.0497427507997323,675.6261261263862,148,4.399955749511719,4.399939060211182,-1.6689300537109375e-05,675.6261261263862,148,0.9544009963671368,175.0,0.2290562391281128
461,4.290226945567985e-09,-0.2306948042058905,4.400091648101807,4.399862766265869,4.399989569268259,-0.6960568519108143,670.2598398402333,147,4.399956226348877,4.400091648101807,0.0001354217529296,670.2598398402333,147,0.953969731926918,174.0,0.2289527356624603
462,3.2442458066484395e-09,0.0058953217146307,4.400165557861328,4.399864196777344,4.400013984860601,0.1165746910520009,675.498108108528,148,4.400015354156494,4.400091648101807,7.62939453125e-05,675.498108108528,148,0.953605150183042,173.0,0.22886523604393
463,3.804596221488475e-09,0.0755099360562791,4.4001593589782715,4.3998003005981445,4.399978463714187,1.0277001513465205,675.3700900897384,148,4.399951934814453,4.399939060211182,-1.2874603271484377e-05,675.3700900897384,148,0.9531823297341664,172.0,0.2287637591361999
464,2.2486909439939155e-09,-0.5929492781025889,4.400085926055908,4.399864196777344,4.399975920683586,-0.3687221140794672,679.9762962963432,149,4.399991989135742,4.400015354156494,2.3365020751953125e-05,679.9762962963432,149,0.952959309021632,171.0,0.2287102341651916
465,2.5489514146702326e-09,-0.9354908945300032,4.400088787078857,4.399862766265869,4.399985255421819,0.4473929122417162,674.830060060136,148,4.400038242340088,4.400015354156494,-2.288818359375e-05,674.830060060136,148,0.9525157511234283,170.0,0.2286037802696228
466,2.3871899373799944e-09,0.470003812762409,4.400091648101807,4.3998637199401855,4.399981489052644,-0.0446507444450294,674.5122222220525,148,4.399999141693115,4.400015354156494,1.621246337890625e-05,674.5122222220525,148,0.951784538726012,169.0,0.2284282892942428
467,2.268628146778482e-09,0.6947578023692381,4.400160312652588,4.399870872497559,4.399991918730255,1.6201632253285123,679.2400000002235,149,4.400015354156494,4.400015354156494,0.0,679.2400000002235,149,0.9512887025872868,168.0,0.2283092886209488
468,2.947317900191977e-09,0.0509394198033892,4.400091648101807,4.399862766265869,4.399972810745239,-0.3711777067996804,684.1620620619506,150,4.399956226348877,4.400015354156494,5.91278076171875e-05,684.1620620619506,150,0.9509533022840818,167.0,0.2282287925481796
469,1.5634577721357343e-09,-0.5036714235388964,4.400085926055908,4.399862766265869,4.399987277984619,0.4923180265499374,683.8682382386178,150,4.400045871734619,4.399862766265869,-0.00018310546875,683.8682382386178,150,0.9504242489735286,166.0,0.2281018197536468
470,4.285486133496216e-09,-0.0510085995054792,4.400091648101807,4.3998637199401855,4.399983723958333,-1.230757759821146,683.6310910908505,150,4.400091648101807,4.400015354156494,-7.62939453125e-05,683.6310910908505,150,0.949876382946968,165.0,0.2279703319072723
471,3.458106721789909e-09,0.54003624155196,4.400167465209961,4.399871349334717,4.399999503321296,0.0399286555414684,678.4266666667536,149,4.399946689605713,4.399939060211182,-7.62939453125e-06,678.4266666667536,149,0.949809638162454,164.0,0.2279543131589889
472,4.225256202397296e-09,-1.2036089723429024,4.400091648101807,4.399786472320557,4.399975539853909,1.9665159707697044,678.0518518518656,149,4.400036334991455,4.400015354156494,-2.09808349609375e-05,678.0518518518656,149,0.9489264339208604,163.0,0.2277423441410064
473,2.5264458697513463e-09,0.3823637339873772,4.400091648101807,4.399866104125977,4.399972715377808,-0.2561725385883671,682.8122622622177,150,4.399923324584961,4.400015354156494,9.202957153320312e-05,682.8122622622177,150,0.949199249347051,162.0,0.2278078198432922
474,3.0064231827193e-09,0.9793109856240576,4.400167942047119,4.399869918823242,4.399982477994573,0.6579257328605657,678.2029629629105,149,4.400014400482178,4.400015354156494,9.5367431640625e-07,678.2029629629105,149,0.9485014403859776,161.0,0.2276403456926345
475,3.123958257001937e-09,0.0581691092917945,4.400086402893066,4.399863243103027,4.399968451301524,-0.7737826018126852,677.5762962959707,149,4.399942874908447,4.399939060211182,-3.814697265625e-06,677.5762962959707,149,0.9483659019072852,160.0,0.2276078164577484
476,2.324143931586988e-09,0.2503059173429343,4.400089740753174,4.399867057800293,4.399979283014933,-0.362723545435895,682.848058057949,150,4.400015354156494,4.400015354156494,0.0,682.848058057949,150,0.9461807707945508,159.0,0.2270833849906921
477,2.876559975392954e-09,0.5469866526687401,4.400154113769531,4.39986515045166,4.399990329742431,0.2993490013841531,681.3595495494083,150,4.400015354156494,4.400015354156494,0.0,681.3595495494083,150,0.9467098241051038,158.0,0.2272103577852249
478,1.91949450930995e-09,-0.1399772913071934,4.400086879730225,4.399873733520508,4.399993565877279,-0.4256214188868452,681.9964164160192,150,4.400015354156494,4.400015354156494,0.0,681.9964164160192,150,0.9456266338626544,157.0,0.226950392127037
479,2.327706465061772e-09,-0.5459777534925274,4.400090217590332,4.399867057800293,4.399979384740194,-0.381580497875666,681.061251251027,150,4.399998188018799,4.400015354156494,1.71661376953125e-05,681.061251251027,150,0.9451682989796004,156.0,0.226840391755104
480,3.646147534471543e-09,-0.2016874699219207,4.400091648101807,4.399864673614502,4.399989643096924,-0.735283489813519,680.8076976975426,150,4.39990758895874,4.400091648101807,0.0001840591430664,680.8076976975426,150,0.9448245788613956,155.0,0.2267578989267349
481,2.773239546074163e-09,-0.5801287713946998,4.400015354156494,4.399797439575195,4.399938430786133,-0.0772203659216268,680.3095395397395,150,4.400015354156494,4.400015354156494,0.0,680.3095395397395,150,0.9444852670033772,154.0,0.2266764640808105
482,2.184367902625494e-09,0.0267184539451658,4.400091648101807,4.399862766265869,4.3999689706166585,-0.0080188750857925,680.012732733041,150,4.399989128112793,4.400091648101807,0.0001025199890136,680.012732733041,150,0.9441082055370014,153.0,0.2265859693288803
483,1.95562769613287e-09,-0.6692957457528433,4.400015354156494,4.399867057800293,4.399973023732503,-0.6813320035063524,680.100730731152,150,4.400015354156494,4.399939060211182,-7.62939453125e-05,680.100730731152,150,0.943870780368646,152.0,0.226528987288475
484,3.598826204577694e-09,-0.2892512690712518,4.400089740753174,4.399862766265869,4.39998565446462,-0.8515741931139158,685.4564564563334,151,4.39990234375,4.399939060211182,3.6716461181640625e-05,685.4564564563334,151,0.9436290090282758,151.0,0.2264709621667862
485,4.099102739772039e-09,-0.1796758928901434,4.400091648101807,4.399862766265869,4.399990059682075,-0.8257857492508633,685.2162162158638,151,4.400015354156494,4.400091648101807,7.62939453125e-05,685.2162162158638,151,0.943310372531414,150.0,0.2263944894075393
486,2.269315626401563e-09,0.0255438212988852,4.400088310241699,4.399865627288818,4.399987157606921,-0.2066381550517242,684.629129129462,151,4.400015354156494,4.399939060211182,-7.62939453125e-05,684.629129129462,151,0.9428601711988448,149.0,0.2262864410877227
487,3.259282499695942e-09,-0.6179454201628906,4.400087356567383,4.399792671203613,4.399965412569362,0.1340008336628253,684.5555555559695,151,4.40003776550293,4.399939060211182,-9.870529174804688e-05,684.5555555559695,151,0.9425913915038108,148.0,0.2262219339609146
488,2.7430272066801747e-09,0.8027980558978737,4.4001593589782715,4.399871826171875,4.399994297532846,1.273098462054017,684.2837837841362,151,4.400012969970703,4.399939060211182,-7.390975952148438e-05,684.2837837841362,151,0.9422165031234424,147.0,0.2261319607496261
489,2.5714639006411276e-09,-0.2277148073599911,4.400091648101807,4.399865627288818,4.400003411122505,-0.2644961293778509,684.2612612610683,151,4.4000067710876465,4.399939060211182,-6.771087646484375e-05,684.2612612610683,151,0.9418935825427374,146.0,0.2260544598102569
490,2.678256624416948e-09,0.2720057943820886,4.400091648101807,4.399939060211182,4.399997971559825,-1.1998062606236246,689.4291191194206,152,4.400084018707275,4.400015354156494,-6.866455078125e-05,689.4291191194206,152,0.9416894366343816,145.0,0.2260054647922516
491,2.382811359943592e-09,-0.204039738068903,4.400155067443848,4.399939060211182,4.400034901342894,-0.5009066903898711,689.1510010007769,152,4.400025844573975,4.400015354156494,-1.049041748046875e-05,689.1510010007769,152,0.9414248789350192,144.0,0.2259419709444046
492,3.3317891160855662e-09,0.3132441189554794,4.4001569747924805,4.399868011474609,4.399994690167277,0.1673774701471662,688.952992993407,152,4.400076389312744,4.400015354156494,-6.103515625e-05,688.952992993407,152,0.9410874297221502,143.0,0.225860983133316
493,2.6479436478583547e-09,-0.1567014687799351,4.400091648101807,4.399868488311768,4.399988629316029,-0.0884630758893916,688.9182282285765,152,4.400015354156494,4.400015354156494,0.0,688.9182282285765,152,0.940751905242602,142.0,0.2257804572582245
494,4.000453815235357e-09,-0.0842912479852763,4.400090217590332,4.399787902832031,4.399951570912411,-0.7762142158165046,688.9121821820736,152,4.399885177612305,4.400015354156494,0.0001301765441894,688.9121821820736,152,0.9405269597967466,141.0,0.2257264703512191
495,4.2554851326273094e-09,-0.2734638225801551,4.400091648101807,4.399862766265869,4.399978123213115,-0.7304818315225412,688.6098798802122,152,4.399883270263672,4.400015354156494,0.0001320838928222,688.6098798802122,152,0.9403333067893982,140.0,0.2256799936294555
496,1.3796876122113207e-09,-0.0292291940079998,4.400015354156494,4.399863243103027,4.399941093043277,-0.3955655289231448,688.4783783787861,152,4.400015354156494,4.399939060211182,-7.62939453125e-05,688.4783783787861,152,0.9397603571414948,139.0,0.2255424857139587
497,3.245101284198643e-09,0.3490529651639608,4.40008544921875,4.399862766265869,4.399946356131361,-0.5476192285475481,693.387787788175,153,4.399895668029785,4.399939060211182,4.3392181396484375e-05,693.387787788175,153,0.9394041573007902,138.0,0.2254569977521896
498,4.029618954152134e-09,0.0282523174351604,4.400091648101807,4.3997955322265625,4.399965822307113,-0.2782496111204144,692.9009009012952,153,4.399941444396973,4.400015354156494,7.390975952148438e-05,692.9009009012952,153,0.9392250950137776,137.0,0.2254140228033065
499,2.5972594010133484e-09,0.701427364557206,4.4001617431640625,4.399866580963135,4.399988277285707,1.4055177423281742,693.1991191189736,153,4.399944305419922,4.399939060211182,-5.245208740234375e-06,693.1991191189736,153,0.9388562912742298,136.0,0.2253255099058151
500,3.211733258736324e-09,0.1342217149905586,4.400086879730225,4.399862766265869,4.399959635890387,-0.5860614936939879,693.2554154153913,153,4.400008201599121,4.399862766265869,-0.0001454353332519,693.2554154153913,153,0.9385271618763606,135.0,0.2252465188503265
501,2.7731417542582447e-09,0.0506238571791455,4.400088787078857,4.399863243103027,4.399982669136741,-0.6820886460511679,697.5911711715162,154,4.400015354156494,4.400015354156494,0.0,697.5911711715162,154,0.9381625180443128,134.0,0.225159004330635
502,2.140520291663059e-09,0.6715143436593876,4.400091648101807,4.399865627288818,4.3999758819481,0.0804370640774649,697.8775675678626,154,4.400091648101807,4.400015354156494,-7.62939453125e-05,697.8775675678626,154,0.9379397456844648,133.0,0.2251055389642715
503,2.196319723363244e-09,0.664943002504625,4.400091648101807,4.3998637199401855,4.399978788437382,0.1093979243603504,702.7918718717992,155,4.400015354156494,4.399939060211182,-7.62939453125e-05,702.7918718717992,155,0.9377231200536092,132.0,0.2250535488128662
504,2.105567640588655e-09,-0.2772987357119354,4.400088787078857,4.399865627288818,4.399978828430176,-0.2429543882761486,703.0924724722281,155,4.400015354156494,4.399939060211182,-7.62939453125e-05,703.0924724722281,155,0.9374730909864109,131.0,0.2249935418367386
505,1.958896379128411e-09,0.1238576667240874,4.400090217590332,4.3998637199401855,4.39998324301935,-0.030188372706037,703.0030630631372,155,4.399939060211182,4.399939060211182,0.0,703.0030630631372,155,0.9372543543577194,130.0,0.2249410450458526
506,3.2082376643972102e-09,-0.0317245099027064,4.400087356567383,4.399862766265869,4.399978616160731,-0.7215143808172408,702.7918718717992,155,4.400012016296387,4.399862766265869,-0.0001492500305175,702.7918718717992,155,0.9368125970164936,129.0,0.2248350232839584
507,3.141649907597455e-09,-1.0771592777447536,4.400087356567383,4.39979362487793,4.3999819816687165,0.9837805325919944,707.5447447448969,156,4.3999457359313965,4.400015354156494,6.961822509765625e-05,707.5447447448969,156,0.9362896904349328,128.0,0.2247095257043838
508,2.3608736438833483e-09,0.8534734749482764,4.400155544281006,4.399868488311768,4.3999756910862065,2.559564297144634,707.512162161991,156,4.399868488311768,4.399939060211182,7.05718994140625e-05,707.512162161991,156,0.936016875008742,127.0,0.224644050002098
509,2.68639548896597e-09,0.0391879590200469,4.40015983581543,4.399866104125977,4.400006697728084,0.6598583968482967,706.8139639636502,156,4.399939060211182,4.400015354156494,7.62939453125e-05,706.8139639636502,156,0.9359690050284069,126.0,0.2246325612068176
510,2.734605356348047e-09,0.5092064533037359,4.400163650512695,4.399939060211182,4.40000376640222,-0.4366267750432153,707.0730730732903,156,4.4000067710876465,4.399939060211182,-6.771087646484375e-05,707.0730730732903,156,0.9354961415131888,125.0,0.2245190739631652
511,4.146492443694609e-09,-0.1971145759718345,4.400091648101807,4.399862766265869,4.399987541712248,-0.8174176175492684,707.0404904903844,156,4.400015354156494,4.400091648101807,7.62939453125e-05,707.0404904903844,156,0.9353314836819968,124.0,0.2244795560836792
512,2.718881629790522e-09,0.1064170745893166,4.40009069442749,4.399862766265869,4.399957079153794,-0.42712939723231,706.5827827826142,156,4.399939060211182,4.400015354156494,7.62939453125e-05,706.5827827826142,156,0.9351273998618126,123.0,0.224430575966835
513,2.3879412669091263e-09,0.5157093721060672,4.400091648101807,4.399939060211182,4.399991261653411,-0.8516827723516922,707.1072072070092,156,4.400015354156494,4.399939060211182,-7.62939453125e-05,707.1072072070092,156,0.934991923471292,122.0,0.22439806163311
514,2.982075844539147e-09,-0.4487857547126006,4.400091648101807,4.399862766265869,4.399989802366609,-0.0865902330145154,712.4171771770343,157,4.399862766265869,4.400015354156494,0.000152587890625,712.4171771770343,157,0.934956595301628,121.0,0.2243895828723907
515,2.381174362410459e-09,0.5026984578082585,4.400091648101807,4.399863243103027,4.399991190357572,0.0096991889727631,712.0439639640972,157,4.399997234344482,4.399939060211182,-5.817413330078125e-05,712.0439639640972,157,0.9346398835380872,120.0,0.2243135720491409
516,2.8420950404121772e-09,-0.4111397546020268,4.400091648101807,4.399864673614502,4.399994333838202,-0.1336976111816201,712.1735735740513,157,4.400015354156494,4.399939060211182,-7.62939453125e-05,712.1735735740513,157,0.9345232819517454,119.0,0.2242855876684188
517,3.2388973074322203e-09,0.0584147609867915,4.400091648101807,4.3998637199401855,4.399996909366291,-0.6973040150062322,711.7129129124805,157,4.399957656860352,4.400091648101807,0.000133991241455,711.7129129124805,157,0.93428585678339,118.0,0.2242286056280136
518,3.028329212146081e-09,-0.1271820665810269,4.400091171264648,4.399865627288818,4.399983490569682,-0.7690732594944092,716.7733633629978,158,4.400015830993652,4.400015354156494,-4.76837158203125e-07,716.7733633629978,158,0.9341754019260406,117.0,0.2242020964622497
519,1.3422005458539439e-09,0.2347541220375054,4.40008544921875,4.399866580963135,4.399975940680048,0.2097742637753246,711.7488288283348,157,4.399959564208984,4.400015354156494,5.5789947509765625e-05,711.7488288283348,157,0.9339733670155208,116.0,0.2241536080837249
520,2.348573757054436e-09,-0.2386966049783738,4.400091648101807,4.399867057800293,4.400012929718216,-0.0778479210428129,730.5068468470126,154,4.400039196014404,4.400091648101807,5.245208740234375e-05,730.5068468470126,154,0.9440018484989804,115.0,0.2265604436397552
521,2.529477848874224e-09,0.3427071211711051,4.400157928466797,4.399939060211182,4.400019603170407,-0.2559124979463147,719.199039039202,157,4.400091648101807,4.400015354156494,-7.62939453125e-05,719.199039039202,157,0.9429726749658583,114.0,0.226313441991806
522,3.242831915492854e-09,-0.0277271421879262,4.4001593589782715,4.399863243103027,4.4000048394415785,0.0258973766720869,718.0309909908101,157,4.400015354156494,4.399939060211182,-7.62939453125e-05,718.0309909908101,157,0.9419747938712438,113.0,0.2260739505290985
523,2.1077827319192107e-09,-0.0121941795868254,4.40009069442749,4.399862766265869,4.399983715859189,-0.0590033438941253,717.3938738740981,157,4.4000725746154785,4.399862766265869,-0.0002098083496093,717.3938738740981,157,0.9406998753547668,112.0,0.225767970085144
524,2.828645168956331e-09,-0.3600553715258098,4.400091648101807,4.39986515045166,4.400000365275257,-0.281908480688755,727.136876876466,159,4.400091648101807,4.400015354156494,-7.62939453125e-05,727.136876876466,159,0.9400333588322004,111.0,0.2256080061197281
525,4.374645567165981e-09,-0.8908734948295446,4.400091648101807,4.399787425994873,4.399989901848559,0.6268263458039036,727.350390390493,159,4.40006160736084,4.400015354156494,-4.6253204345703125e-05,727.350390390493,159,0.9392104422052702,110.0,0.2254105061292648
526,2.6502318465915304e-09,-0.236512881351998,4.400091648101807,4.399866104125977,4.399990291715418,-0.1627593419815847,726.9423423418775,159,4.400015354156494,4.400015354156494,0.0,726.9423423418775,159,0.9373876576622328,109.0,0.2249730378389358
527,1.4707327787410602e-09,0.0434852790577658,4.400089263916016,4.399939060211182,4.399996022758244,-0.5361900326752047,725.1946946950629,159,4.400015354156494,4.399939060211182,-7.62939453125e-05,725.1946946950629,159,0.9373459964990616,108.0,0.2249630391597747
528,2.577249856714396e-09,-0.3805700106388431,4.400089263916016,4.399862766265869,4.399972322583198,-0.0581040022040197,730.981411411427,160,4.399972438812256,4.400015354156494,4.291534423828125e-05,730.981411411427,160,0.9350877876083056,107.0,0.2244210690259933
529,3.838410847029596e-09,-0.3397594273392618,4.400091648101807,4.399791717529297,4.399983763694763,0.6161899067189642,729.7511111106724,160,4.399901866912842,4.400015354156494,0.0001134872436523,729.7511111106724,160,0.9333796178301176,106.0,0.2240111082792282
530,2.0301430565624563e-09,0.1796955284573238,4.400091648101807,4.399873733520508,4.3999960318855615,-0.0411330812905994,733.4982982985675,161,4.39996862411499,4.400015354156494,4.673004150390625e-05,733.4982982985675,161,0.9327795977393788,105.0,0.2238671034574508
531,4.194908379292811e-09,-0.1480966007865682,4.400091648101807,4.399862766265869,4.399989804625511,-0.7135375639842878,727.6518018012866,160,4.399988174438477,4.400015354156494,2.7179718017578125e-05,727.6518018012866,160,0.9325483193000158,104.0,0.2238115966320037
532,1.7591314155177302e-09,-0.5527637942776399,4.400015354156494,4.39984655380249,4.3999633401632305,-0.4018459565171897,727.551531531848,160,4.39984655380249,4.400015354156494,0.0001688003540039,727.551531531848,160,0.9336108341813087,103.0,0.2240666002035141
533,2.2917178989559692e-09,0.65858118448394,4.400091648101807,4.3998637199401855,4.3999657986326985,0.5714597915562347,733.6200200198218,161,4.400015354156494,4.400015354156494,0.0,733.6200200198218,161,0.9321901326378188,102.0,0.2237256318330764
534,1.964886246806707e-09,-0.4649708669957021,4.400091648101807,4.399863243103027,4.399967652670345,-0.3934294266262359,732.8560560559854,161,4.400015354156494,4.400091648101807,7.62939453125e-05,732.8560560559854,161,0.9321337565779686,101.0,0.2237121015787124
535,2.032921826890319e-09,0.4057297516093144,4.400091648101807,4.399868488311768,4.399976959934941,-0.1881699793673878,738.4646146148443,162,4.399993896484375,4.400091648101807,9.775161743164062e-05,738.4646146148443,162,0.9318839137752852,100.0,0.2236521393060684
536,3.159682996835883e-09,-0.1288077659304297,4.400091648101807,4.399863243103027,4.399990877490834,-0.568533378730737,743.2637837836519,163,4.400043964385986,4.400015354156494,-2.86102294921875e-05,743.2637837836519,163,0.929350716372331,99.0,0.2230441719293594
537,1.8399755524583747e-09,-0.3116820729245533,4.400091648101807,4.399867057800293,4.399991654461215,0.2185638343152161,731.4626626623794,161,4.39996862411499,4.400015354156494,4.673004150390625e-05,731.4626626623794,161,0.9303007274866104,98.0,0.2232721745967865
538,4.649434378759408e-09,-1.0175899609354055,4.400091171264648,4.399787902832031,4.39998381814839,0.6116461050108186,737.610460460186,162,4.400015354156494,4.399939060211182,-7.62939453125e-05,737.610460460186,162,0.9298736229538918,97.0,0.223169669508934
539,1.0851254443209187e-09,0.001340642760873,4.400091648101807,4.399939060211182,4.400002532210086,0.4622527180120652,742.835675675422,163,4.400091648101807,4.400015354156494,-7.62939453125e-05,742.835675675422,163,0.9264634922146796,96.0,0.2223512381315231
540,1.9218603632956387e-09,-1.1379835622808616,4.400081634521484,4.3997955322265625,4.399978301276459,2.902860369096252,740.5086486488581,163,4.399999141693115,4.400015354156494,1.621246337890625e-05,740.5086486488581,163,0.927198864519596,95.0,0.222527727484703
541,1.8335784210808974e-09,-0.2247167878704283,4.400089740753174,4.3998637199401855,4.399971779481865,-0.2167058057350135,735.3542042039335,162,4.399909973144531,4.400015354156494,0.0001053810119628,735.3542042039335,162,0.9285529454549154,94.0,0.2228527069091797
542,3.8372627580636255e-09,0.0239338064059062,4.400166988372803,4.399862766265869,4.399980547951489,0.0648579382442537,746.3409409411252,164,4.3999176025390625,4.400015354156494,9.775161743164062e-05,746.3409409411252,164,0.927390530705452,93.0,0.2225737273693084
543,2.6288015194926595e-09,0.0894322700889324,4.400088787078857,4.399863243103027,4.399974317085452,-0.3548170033286251,745.6164964968339,164,4.400053977966309,4.400015354156494,-3.8623809814453125e-05,745.6164964968339,164,0.9264967093865076,92.0,0.2223592102527618
544,3.297449277633168e-09,-0.1695017121526555,4.400090217590332,4.399791240692139,4.39996446342003,0.4418080390507155,745.1645345343277,164,4.399902820587158,4.400015354156494,0.0001125335693359,745.1645345343277,164,0.9252822647492092,91.0,0.2220677435398101
545,3.6671636719803006e-09,-0.512707700610964,4.4001641273498535,4.399786472320557,4.400000872756496,1.5313149326344488,750.2761961966753,165,4.400103569030762,4.399939060211182,-0.00016450881958,750.2761961966753,165,0.9254176790515584,90.0,0.2221002429723739
546,2.601101625161474e-09,-0.0965099001727328,4.40009069442749,4.399867534637451,4.3999891512321705,-0.5857568795900212,750.6176576577127,165,4.399948596954346,4.400015354156494,6.67572021484375e-05,750.6176576577127,165,0.923544851442178,89.0,0.2216507643461227
547,3.529785791274027e-09,-0.2595712127100112,4.400091648101807,4.399862766265869,4.399997979944403,-0.4093527629427842,748.9595996001735,165,4.400091648101807,4.399862766265869,-0.0002288818359375,748.9595996001735,165,0.9235844016075134,88.0,0.2216602563858032
548,3.885377503776982e-09,0.1007969837860035,4.400160789489746,4.399869441986084,4.399995953203684,-0.5388229303849692,754.9683183180168,166,4.399892807006836,4.400015354156494,0.0001225471496582,754.9683183180168,166,0.9215304007132848,87.0,0.2211672961711883
549,1.4360966378795735e-09,-0.3590122509567505,4.400091648101807,4.399862766265869,4.399992546890721,0.8404040459791715,748.3242842843756,165,4.4000091552734375,4.400091648101807,8.249282836914062e-05,748.3242842843756,165,0.9218429525693258,86.0,0.2212423086166381
550,1.9946128472633582e-09,-0.8916264294564409,4.400015354156494,4.399864673614502,4.399976707227302,-0.382435375500894,748.0599799798802,165,4.399920463562012,4.400015354156494,9.489059448242188e-05,748.0599799798802,165,0.9232448413968086,85.0,0.221578761935234
551,3.3613862092066374e-09,-0.2446259121102947,4.400088787078857,4.399796962738037,4.399970025727243,0.1403243631246553,749.1434634635225,165,4.399996280670166,4.399862766265869,-0.0001335144042968,749.1434634635225,165,0.922032507757346,84.0,0.221287801861763
552,3.320593156589436e-09,0.246495558015274,4.400091648101807,4.3998637199401855,4.39997072966702,-0.5612385227109837,753.6403903905302,166,4.399939060211182,4.400015354156494,7.62939453125e-05,753.6403903905302,166,0.9215597063302994,83.0,0.2211743295192718
553,2.4686871014827887e-09,-0.0460325312082288,4.400091648101807,4.399864673614502,4.399990820022951,-0.392382017800478,753.5,166,4.400091648101807,4.400015354156494,-7.62939453125e-05,753.5,166,0.9197243799765904,82.0,0.2207338511943817
554,3.743516412183931e-09,-0.942472444828162,4.400087356567383,4.399716377258301,4.399949721947402,1.5319983199371865,758.0417417418212,167,4.4000139236450195,4.399939060211182,-7.486343383789062e-05,758.0417417418212,167,0.9182828168074292,81.0,0.2203878760337829
555,2.097604290008469e-09,-0.4332344403578835,4.400091171264648,4.399864673614502,4.39999731714854,0.2450144802344804,757.2275275280699,167,4.3999409675598145,4.400015354156494,7.43865966796875e-05,757.2275275280699,167,0.9177037204305332,80.0,0.2202488929033279
556,3.900049400686659e-09,-0.1721291208238826,4.400090217590332,4.399862766265869,4.399979517573402,-0.896464364252199,762.1284884884953,168,4.399994850158691,4.400015354156494,2.0503997802734375e-05,762.1284884884953,168,0.917224461833636,79.0,0.2201338708400726
557,1.547586723600519e-09,0.3364496879024568,4.400091171264648,4.399939060211182,4.399984544231778,-0.7518940358370427,761.580180180259,168,4.400021553039551,4.399939060211182,-8.249282836914062e-05,761.580180180259,168,0.9170557682712872,78.0,0.2200933843851089
558,3.354362452745748e-09,-0.3159394161460609,4.400091648101807,4.399867534637451,4.399984424636209,-0.7131713521756877,766.752672673203,169,4.400008678436279,4.400091648101807,8.296966552734375e-05,766.752672673203,169,0.9156101693709692,77.0,0.2197464406490326
559,4.4013687170192205e-09,0.4149177960496703,4.400163650512695,4.399862766265869,4.399980048572316,-0.3292306283575379,771.3488188190386,170,4.400008201599121,4.399862766265869,-0.0001454353332519,771.3488188190386,170,0.9142143651843072,76.0,0.2194114476442337
560,2.180488225030824e-09,-0.066675315442701,4.400091171264648,4.399867057800293,4.399990129752977,-0.3934583232457656,765.2425225228071,169,4.400015354156494,4.399939060211182,-7.62939453125e-05,765.2425225228071,169,0.9147892395655316,75.0,0.2195494174957275
561,2.1440358217605662e-09,0.5355813917389722,4.400084018707275,4.399867057800293,4.399968469844145,0.0702430006739689,771.0612312313169,170,4.400015354156494,4.400015354156494,0.0,771.0612312313169,170,0.9139476343989372,74.0,0.2193474322557449
562,1.680506023433457e-09,-0.4465909292930241,4.400091648101807,4.3998637199401855,4.4000019023292944,0.6254785258123974,775.5726726725698,171,4.400078296661377,4.400015354156494,-6.29425048828125e-05,775.5726726725698,171,0.9095709150036176,73.0,0.2182970196008682
563,1.557691108791344e-09,0.2472689408521979,4.400091648101807,4.399939060211182,4.399999127668493,-0.5374581337316977,768.0314114112407,170,4.399989604949951,4.399939060211182,-5.054473876953125e-05,768.0314114112407,170,0.9091855958104134,72.0,0.2182045429944992
564,1.655356140721234e-09,-0.7045647588787882,4.400087356567383,4.39986515045166,4.399990799815156,0.5688132300136988,778.145855856128,172,4.400015354156494,4.400015354156494,0.0,778.145855856128,172,0.9079876666267712,71.0,0.2179170399904251
565,2.384542256620265e-09,-0.5951380725547326,4.400089740753174,4.399862766265869,4.399971539946808,-0.3034343059927971,787.7647647643462,174,4.400063514709473,4.399939060211182,-0.000124454498291,787.7647647643462,174,0.9049629171689352,70.0,0.2171911001205444
566,4.008541217044297e-09,0.2105467481711514,4.400166988372803,4.399866104125977,4.400001564245114,-0.0960245389978573,786.5664064064622,174,4.400094509124756,4.399939060211182,-0.0001554489135742,786.5664064064622,174,0.9026776999235152,69.0,0.2166426479816436
567,3.2425372759677395e-09,0.8127418706859294,4.400161266326904,4.399867057800293,4.399975648607526,0.4379898613214124,789.5924924928695,175,4.400033473968506,4.400015354156494,-1.811981201171875e-05,789.5924924928695,175,0.9034402047594388,68.0,0.2168256491422653
568,3.8938771228470616e-09,-0.5394866354629098,4.400089740753174,4.399800777435303,4.399983267892491,-0.1003880240480969,795.6666666669771,176,4.40006685256958,4.399939060211182,-0.0001277923583984,795.6666666669771,176,0.9019860376914344,67.0,0.2164766490459442
569,2.497820649853794e-09,-0.0113495495422387,4.400091648101807,4.3998637199401855,4.399978015382411,-0.414939104733202,800.0582982981578,177,4.400064945220947,4.400091648101807,2.6702880859375e-05,800.0582982981578,177,0.8972217639287313,66.0,0.2153332233428955
570,4.91440264252194e-09,-0.2042556250060339,4.400158882141113,4.399862766265869,4.399996218356219,-0.3132967217771987,792.1911911908537,176,4.3999857902526855,4.400015354156494,2.956390380859375e-05,792.1911911908537,176,0.8964427436391513,65.0,0.2151462584733963
571,2.136384463891767e-09,0.234736433146207,4.400089263916016,4.3998637199401855,4.3999821523602085,-0.1970226986807799,801.9517417419702,178,4.400071144104004,4.400015354156494,-5.5789947509765625e-05,801.9517417419702,178,0.8967572823166847,64.0,0.2152217477560043
572,2.012291766705058e-09,-0.0590533578874231,4.400091648101807,4.39986515045166,4.399987188797423,-0.3446867728343168,808.0665465462953,179,4.400015354156494,4.400015354156494,0.0,808.0665465462953,179,0.8957365527749062,63.0,0.2149767726659774
573,1.313602580752215e-09,-0.2557254712612625,4.400091648101807,4.399939060211182,4.400019101882249,0.1263905101832021,802.0208408404142,178,4.400068283081055,4.399939060211182,-0.000129222869873,802.0208408404142,178,0.8949678391218185,62.0,0.2147922813892364
574,2.576016182046887e-09,-0.7031982089308798,4.40009069442749,4.399791717529297,4.399977403216892,1.449578843935476,812.477237236686,180,4.400025844573975,4.399939060211182,-8.678436279296875e-05,812.477237236686,180,0.8905223260323207,61.0,0.2137253582477569
575,2.3021199424468222e-09,0.4291506151759941,4.400083541870117,4.3998637199401855,4.39995401770204,-0.0313698891140652,819.7089589592069,182,4.400060653686523,4.400015354156494,-4.5299530029296875e-05,819.7089589592069,182,0.8886725331346195,60.0,0.2132814079523086
576,3.815637249336085e-09,-0.3306001213331235,4.400091648101807,4.399862766265869,4.3999889068182005,-0.6037658518121591,812.4900900898501,181,4.400015354156494,4.399939060211182,-7.62939453125e-05,812.4900900898501,181,0.8867663020888965,59.0,0.2128239125013351
577,2.815399207185675e-09,0.4594042294184591,4.400089263916016,4.399862766265869,4.399963555415033,-0.2353423542103643,811.133333333768,181,4.399885177612305,4.399862766265869,-2.2411346435546875e-05,811.133333333768,181,0.8853185301025709,58.0,0.212476447224617
578,4.73127757262837e-09,-0.687094098967832,4.400164604187012,4.399721145629883,4.399974691275075,2.0003735712985047,810.5567567562684,181,4.400015354156494,4.399939060211182,-7.62939453125e-05,810.5567567562684,181,0.8837414905428886,57.0,0.2120979577302932
579,3.018929369202675e-09,0.5253668701973672,4.4001641273498535,4.399865627288818,4.400004193023011,1.0833452137328634,814.9656356358901,182,4.400021553039551,4.400015354156494,-6.198883056640625e-06,814.9656356358901,182,0.8829707900683086,56.0,0.211912989616394
580,2.393924747993042e-09,-0.1837928172088833,4.400146007537842,4.399862766265869,4.3999935264795855,0.3828873757816722,819.2896696692333,183,4.399939060211182,4.399862766265869,-7.62939453125e-05,819.2896696692333,183,0.8810896426439285,55.0,0.2114615142345428
581,4.6701965147849894e-09,-0.0754151528296543,4.400164604187012,4.399791717529297,4.3999719541580955,-0.1016476797935195,818.5281481482089,183,4.399989604949951,4.400015354156494,2.574920654296875e-05,818.5281481482089,183,0.8796586344639461,54.0,0.211118072271347
582,3.9744841757897695e-09,0.3735673718392769,4.400163173675537,4.3998637199401855,4.399979166362597,-0.1813598297400891,822.7159759756178,184,4.400015354156494,4.399939060211182,-7.62939453125e-05,822.7159759756178,184,0.877825419108073,53.0,0.2106781005859375
583,1.8461697261647974e-09,-0.8917164504324803,4.400015354156494,4.399862766265869,4.399974374823231,0.0986082708390734,815.6460260264575,183,4.400015354156494,4.399939060211182,-7.62939453125e-05,815.6460260264575,183,0.8755212649703026,52.0,0.2101251035928726
584,2.6422875409640966e-09,-0.1032283434363868,4.400155067443848,4.399864673614502,4.400008081738415,0.448274142792175,814.4600200196728,183,4.4000773429870605,4.400015354156494,-6.198883056640625e-05,814.4600200196728,183,0.873309001326561,51.0,0.2095941603183746
585,3.0911700058503492e-09,0.253566196551352,4.400091648101807,4.399862766265869,4.399962842786635,-0.2571073623316722,823.577737737447,185,4.400012969970703,4.400015354156494,2.384185791015625e-06,823.577737737447,185,0.8715340867638588,50.0,0.2091681808233261
586,2.160622152615257e-09,0.5949295742928317,4.400091648101807,4.399939060211182,4.39999089292858,-0.6357970432973561,816.0700900899246,184,4.399940490722656,4.399939060211182,-1.430511474609375e-06,816.0700900899246,184,0.8696446816126506,49.0,0.2087147235870361
587,2.134284607124491e-09,0.0717005886380842,4.400089263916016,4.3998637199401855,4.399973841123684,-0.2706151024599328,826.4870370374992,186,4.400015354156494,4.400015354156494,0.0,826.4870370374992,186,0.8681571731964748,48.0,0.2083577215671539
588,2.330580957746037e-09,-0.1114111106271868,4.400089263916016,4.399863243103027,4.399966466873088,-0.5280366456365266,830.1967567568645,187,4.399941444396973,4.399939060211182,-2.384185791015625e-06,830.1967567568645,187,0.8671677360932033,47.0,0.2081202566623687
589,3.157578656353366e-09,-0.2168165216445299,4.400087833404541,4.399862766265869,4.399979022734943,-0.4825658569233106,829.8951351353899,187,4.399939060211182,4.400015354156494,7.62939453125e-05,829.8951351353899,187,0.8667636041839918,46.0,0.208023265004158
590,2.101637104082575e-09,0.0620212395109207,4.400091171264648,4.399864196777344,4.399977753239293,-0.0222800182801368,824.155555555597,186,4.399939060211182,4.399939060211182,0.0,824.155555555597,186,0.8689322198430698,45.0,0.2085437327623367
591,2.5044889114045124e-09,0.0973845942723455,4.40009069442749,4.39986515045166,4.399980489539091,-0.5369781374896894,842.5015815813094,189,4.399975299835205,4.400015354156494,4.00543212890625e-05,842.5015815813094,189,0.8676885937650999,44.0,0.2082452625036239
592,4.1919248096845525e-09,0.3355755797731689,4.400153160095215,4.399864196777344,4.39998271590785,-0.2736771774039468,847.2781081078574,190,4.400084972381592,4.400015354156494,-6.961822509765625e-05,847.2781081078574,190,0.8665928617119789,43.0,0.2079822868108749
593,1.927565468631286e-09,0.0688753352407698,4.400084018707275,4.399862766265869,4.399976097910028,-0.2530139266501483,846.4570270273834,190,4.3999810218811035,4.399862766265869,-0.0001182556152343,846.4570270273834,190,0.8657991886138916,42.0,0.2077918052673339
594,2.463989713136594e-09,-0.0476136942135758,4.400091648101807,4.3998703956604,4.400000392454457,-0.872978718255752,851.3844844847918,191,4.399975776672363,4.400091648101807,0.0001158714294433,851.3844844847918,191,0.8651992306113243,41.0,0.2076478153467178
595,1.8080670338105243e-09,-0.4069294063911527,4.400087833404541,4.399863243103027,4.399981014391515,-0.1175509103101211,850.8823823826388,191,4.399983882904053,4.400015354156494,3.147125244140625e-05,850.8823823826388,191,0.8644741649429004,40.0,0.207473799586296
596,3.578237111519609e-09,-0.3187852616316209,4.400090217590332,4.399787425994873,4.399963112881309,0.0390630919657599,844.8697297293693,190,4.399972915649414,4.400015354156494,4.2438507080078125e-05,844.8697297293693,190,0.859330842892329,39.0,0.2062394022941589
597,2.680411884438574e-09,-0.3516868254329817,4.400089740753174,4.399863243103027,4.3999747680743955,-0.5616959054613773,845.2166166165844,191,4.3999528884887695,4.399939060211182,-1.3828277587890623e-05,845.2166166165844,191,0.862166037162145,38.0,0.2069198489189148
598,2.829870121441938e-09,-0.2393878307399217,4.400091171264648,4.399864196777344,4.399986619750659,-0.4457994829074327,854.8215515520424,192,4.399959087371826,4.400015354156494,5.626678466796875e-05,854.8215515520424,192,0.8614557484785716,37.0,0.2067493796348571
599,1.657702384974559e-09,-0.0354394229043161,4.400080680847168,4.399865627288818,4.399963368920131,-0.0265177112459351,848.5867867870256,191,4.400035858154297,4.400015354156494,-2.0503997802734375e-05,848.5867867870256,191,0.8604994664589565,36.0,0.2065198719501495
600,4.297211141136592e-09,0.1819577047418584,4.400163173675537,4.399862766265869,4.399980312802013,-0.3986318572508827,858.77045045048,193,4.400015354156494,4.399939060211182,-7.62939453125e-05,858.77045045048,193,0.8564248060186704,35.0,0.2055419534444809
601,3.037661571906561e-09,-0.4619679947675196,4.400091171264648,4.399791717529297,4.399970328869597,0.3287143379953963,854.3173573575914,193,4.399862766265869,4.400015354156494,0.000152587890625,854.3173573575914,193,0.858553871512413,34.0,0.2060529291629791
602,2.888400246352323e-09,-0.0154676058778923,4.400089740753174,4.399862766265869,4.399962666108436,-0.7283092907358539,861.6435735737905,194,4.399920463562012,4.399939060211182,1.8596649169921875e-05,861.6435735737905,194,0.8575518925984701,33.0,0.2058124542236328
603,3.297274747090909e-09,0.1239269573358997,4.400091648101807,4.399862766265869,4.399972407023112,-0.5157707210219691,867.0479479478672,195,4.400068759918213,4.399939060211182,-0.0001296997070312,867.0479479478672,195,0.8563226088881493,32.0,0.2055174261331558
604,3.077681877336879e-09,-0.2488939139554681,4.400091171264648,4.399864673614502,4.399985203937608,-0.703113230213396,870.7286786781624,196,4.400043964385986,4.400015354156494,-2.86102294921875e-05,870.7286786781624,196,0.8512126902739208,31.0,0.2042910456657409
605,3.1385158114077412e-09,-0.1552209435933891,4.400091648101807,4.399796009063721,4.399986382019826,0.2522583659715427,860.8958758758381,195,4.399956703186035,4.400015354156494,5.8650970458984375e-05,860.8958758758381,195,0.8491544673840206,30.0,0.2037970721721649
606,2.702751637836516e-09,-0.0083773459410296,4.400091648101807,4.3998637199401855,4.3999882809401765,-0.3913258654279752,870.6853653658181,197,4.400055885314941,4.400015354156494,-4.0531158447265625e-05,870.6853653658181,197,0.8500522623459499,29.0,0.2040125429630279
607,2.754923659025434e-09,-0.4668981920482464,4.400091171264648,4.399786949157715,4.399987981319428,0.677781683528563,888.2710610609502,200,4.399832248687744,4.399939060211182,0.0001068115234375,888.2710610609502,200,0.8479442447423935,28.0,0.2035066187381744
608,1.7776020741104227e-09,0.4532105848335738,4.400089263916016,4.39986515045166,4.399978271081819,-0.1666828457157554,881.9205405404791,199,4.400000095367432,4.399939060211182,-6.103515625e-05,881.9205405404791,199,0.8457089463869731,27.0,0.2029701471328735
609,2.760753384574122e-09,-0.4582587620973002,4.400091648101807,4.399863243103027,4.40000085688349,-0.0812782367733326,890.2162162158638,201,4.400091648101807,4.399939060211182,-0.000152587890625,890.2162162158638,201,0.8423903957009315,26.0,0.2021736949682235
610,2.977152286997743e-09,0.1745948029989555,4.400163650512695,4.399866104125977,4.399986982345581,0.4037043169159431,892.8967267265543,202,4.400015354156494,4.399939060211182,-7.62939453125e-05,892.8967267265543,202,0.84167184929053,25.0,0.2020012438297271
611,3.971736286347594e-09,-0.4241464292536555,4.400083065032959,4.399714946746826,4.39994203218139,0.6058807711860332,892.0738138137385,202,4.399877071380615,4.399939060211182,6.198883056640625e-05,892.0738138137385,202,0.8400114253163338,24.0,0.2016027420759201
612,3.535540850293122e-09,0.4199936929176374,4.40016508102417,4.399786949157715,4.399968553646445,1.406011610653009,897.0134534537792,203,4.400008201599121,4.400091648101807,8.344650268554688e-05,897.0134534537792,203,0.839369868238767,23.0,0.201448768377304
613,2.530093418454946e-09,-0.1298934471670434,4.400091648101807,4.399863243103027,4.399983019945098,-0.1627066557054561,908.104264263995,205,4.400091648101807,4.400015354156494,-7.62939453125e-05,908.104264263995,205,0.8384844288229942,22.0,0.2012362629175186
614,3.000480729044423e-09,0.4129161573274352,4.400166034698486,4.399862766265869,4.39998353167278,0.9737393870746957,906.5380180180072,205,4.399939060211182,4.399862766265869,-7.62939453125e-05,906.5380180180072,205,0.8369304239749908,21.0,0.2008633017539978
615,3.8656575121545254e-09,-0.8928847353873219,4.4001617431640625,4.399787425994873,4.400002741119237,1.7234029223562657,911.1152152149008,206,4.399903774261475,4.399939060211182,3.528594970703125e-05,911.1152152149008,206,0.835745098690192,20.0,0.200578823685646
616,3.442349252397113e-09,0.647301331422556,4.400156497955322,4.3998589515686035,4.399969858823767,0.0849760533884458,915.7411411413924,207,4.3998589515686035,4.400091648101807,0.0002326965332031,915.7411411413924,207,0.8335514614979427,19.0,0.2000523507595062
617,3.908892669796561e-09,-0.0497475824760061,4.4001264572143555,4.399864673614502,4.39999943194182,-0.8079830519326814,913.928588588722,207,4.4001264572143555,4.400015354156494,-0.0001111030578613,913.928588588722,207,0.8324703201651573,18.0,0.1997928768396377
618,2.4839485606815642e-09,0.2234655438170979,4.400165557861328,4.399867534637451,4.39999066585559,1.0918819561179598,924.3840640643612,209,4.399996757507324,4.399939060211182,-5.7697296142578125e-05,924.3840640643612,209,0.8304329589009285,17.0,0.1993039101362228
619,4.399587253824547e-09,0.0600803922754637,4.400163650512695,4.399797439575195,4.399984240531921,0.292046607939648,918.1040540542454,208,4.400028705596924,4.399939060211182,-8.96453857421875e-05,918.1040540542454,208,0.8292309939861298,16.0,0.1990154385566711
620,2.737360862601767e-09,0.1068838185231501,4.400091648101807,4.399866580963135,4.399984278577439,-0.4919721216602712,922.3536336338148,188,4.39994478225708,4.400015354156494,7.05718994140625e-05,922.3536336338148,188,0.8305477599302928,15.0,0.1993314623832702
621,2.498015410280055e-09,-0.3900312792349202,4.400091648101807,4.399863243103027,4.3999749146975,-0.5869652387406177,918.329909910448,208,4.399939060211182,4.400091648101807,0.000152587890625,918.329909910448,208,0.8270584046840668,14.0,0.198494017124176
622,2.580503723829622e-09,0.443737834619535,4.4001593589782715,4.399867057800293,4.39998629459968,1.15650861433301,916.1687387386336,208,4.399939060211182,4.399939060211182,0.0,916.1687387386336,208,0.82453986008962,13.0,0.1978895664215088
623,3.524046111645863e-09,0.3940701186259949,4.40015983581543,4.399786949157715,4.399977120486173,1.2437135111258586,917.4215815812348,209,4.399820804595947,4.399939060211182,0.0001182556152343,917.4215815812348,209,0.8226667841275533,12.0,0.1974400281906128
624,3.823959340068459e-09,0.0374812063499808,4.4001665115356445,4.399796962738037,4.39998257678488,0.3504029193092779,905.4205205207692,207,4.400079250335693,4.399862766265869,-0.0002164840698242,905.4205205207692,207,0.8209024245540302,11.0,0.1970165818929672
625,4.894793287334586e-09,0.0631745556339911,4.4001641273498535,4.39979887008667,4.3999914178525765,0.0714028954353178,904.7957157157362,207,4.399946212768555,4.400091648101807,0.0001454353332519,904.7957157157362,207,0.8194337288538616,10.0,0.1966640949249267
626,2.4822978511459166e-09,0.0591051435754127,4.400091648101807,4.399864196777344,4.399969914784799,-0.3403016514103556,909.9069369370118,208,4.399969577789307,4.400015354156494,4.57763671875e-05,909.9069369370118,208,0.817004901667436,9.0,0.1960811764001846
627,4.227285741735184e-09,-0.2343697160786876,4.400091648101807,4.3997931480407715,4.399961345470869,-0.5852392755847844,907.8659459464252,208,4.399869441986084,4.400091648101807,0.0002222061157226,907.8659459464252,208,0.8158652732769649,8.0,0.1958076655864715
628,1.8765809333402855e-09,-0.2972291490594888,4.400090217590332,4.399864673614502,4.39999349300678,0.3457409152389736,906.5045945942402,208,4.399942874908447,4.399939060211182,-3.814697265625e-06,906.5045945942402,208,0.8120135093728702,7.0,0.1948832422494888
629,2.9440843728836735e-09,0.2900603921007798,4.400155544281006,4.399862766265869,4.400002770196824,-0.57779414555102,915.2296196194366,210,4.399978160858154,4.399862766265869,-0.0001153945922851,915.2296196194366,210,0.8096906666954359,6.0,0.1943257600069046
630,2.925523833915994e-09,-1.8026034642515685,4.400082588195801,4.39972448348999,4.399968792807381,5.420750693901587,923.5886086085812,212,4.399768829345703,4.399862766265869,9.393692016601562e-05,923.5886086085812,212,0.8080137272675832,5.0,0.1939232945442199
631,2.8771547870824254e-09,0.0035205375489586,4.40015983581543,4.39979887008667,4.399972206043406,1.9860528359224117,915.9195195194334,211,4.400014877319336,4.399939060211182,-7.581710815429688e-05,915.9195195194334,211,0.8060430486996969,4.0,0.1934503316879272
632,2.6618720544852883e-09,-0.7885445470650737,4.400089263916016,4.399862766265869,4.399987132628382,0.2830490779406802,914.4123123120517,211,4.399890899658203,4.400015354156494,0.000124454498291,914.4123123120517,211,0.8049389347434044,3.0,0.193185344338417
633,4.692431820992411e-09,-0.344494666148595,4.4001641273498535,4.399791240692139,4.399986581982307,0.3406462839467883,919.3284784788266,212,4.400142192840576,4.400015354156494,-0.000126838684082,919.3284784788266,212,0.801880843937397,2.0,0.1924514025449752
634,3.252149964025407e-09,-0.0367169602850295,4.40009069442749,4.399866104125977,4.3999814410542335,-0.81225988640572,932.9157557561994,215,4.400082588195801,4.399939060211182,-0.0001435279846191,932.9157557561994,215,0.8006309469540914,1.0,0.1921514272689819
635,3.5375838766803774e-09,-0.2286783762627734,4.400163650512695,4.399863243103027,4.400005670351403,-0.1369146148759079,927.9827927928418,214,4.399966239929199,4.400015354156494,4.9114227294921875e-05,927.9827927928418,214,0.7995123043656349,0.0,0.1918829530477523
636,1.9606219238197903e-09,-0.155471459801955,4.40009069442749,4.399864673614502,4.39997378948123,-0.0401144091619656,931.6990190185606,215,4.400005340576172,4.400015354156494,1.0013580322265623e-05,931.6990190185606,215,0.7965562865138054,-1.0,0.1911735087633133
637,2.780784387419018e-09,-0.9005095709141561,4.400091648101807,4.39979887008667,4.399995518170194,1.541701624506115,940.03891891893,217,4.399947166442871,4.400015354156494,6.818771362304688e-05,940.03891891893,217,0.7963937396804492,-2.0,0.1911344975233078
638,2.264699167570157e-09,0.9469310820096832,4.4001665115356445,4.399866580963135,4.39997704606078,1.2905321653968995,951.5885485485196,219,4.400015354156494,4.400015354156494,0.0,951.5885485485196,219,0.7933877408504486,-3.0,0.1904130578041076
639,2.775794498736955e-09,0.051446475410621,4.400089740753174,4.399862766265869,4.399969732380349,-0.3740319473721767,948.4069269271567,219,4.400015354156494,4.399862766265869,-0.000152587890625,948.4069269271567,219,0.7925128564238548,-4.0,0.1902030855417251
640,1.899209914754729e-09,0.038981046909113,4.400091648101807,4.399871826171875,4.399996957822477,0.042893259203419,948.3545545544476,219,4.39996862411499,4.400091648101807,0.0001230239868164,948.3545545544476,219,0.7904984056949615,-5.0,0.1897196173667907
641,4.669643395082651e-09,0.3875198141040969,4.400161266326904,4.399862766265869,4.399977792393077,-0.3752087587805697,951.3456456456332,220,4.399903774261475,4.400015354156494,0.0001115798950195,951.3456456456332,220,0.7907879228393238,-6.0,0.1897891014814376
642,1.8353096186666038e-09,0.0579074534124339,4.400091171264648,4.3998637199401855,4.399975362691012,-0.0336443023510675,952.0339939938858,220,4.400015354156494,4.399939060211182,-7.62939453125e-05,952.0339939938858,220,0.7899108653267225,-7.0,0.1895786076784134
643,3.0542984232088587e-09,-0.6169461114063979,4.400089740753174,4.399801731109619,4.399984331691966,0.4463840284301241,954.9431431433186,221,4.4000067710876465,4.400015354156494,8.58306884765625e-06,954.9431431433186,221,0.7879757632811865,-8.0,0.1891141831874847
644,3.095655395343716e-09,-0.7853721943571644,4.400091171264648,4.399862766265869,4.399989003533715,0.1300928479170879,960.3390190191568,222,4.400071144104004,4.399862766265869,-0.0002083778381347,960.3390190191568,222,0.7860423997044563,-9.0,0.1886501759290695
645,2.302318350187404e-09,0.6005809462420936,4.4001641273498535,4.399862766265869,4.39997178449759,1.7965119024667962,964.339999999851,223,4.399939060211182,4.399862766265869,-7.62939453125e-05,964.339999999851,223,0.7860361908872923,-10.0,0.1886486858129501
646,2.095954762931231e-09,0.0133948780151133,4.400091648101807,4.3998637199401855,4.39998021574833,0.4376131751735452,964.3511111112311,223,4.399988174438477,4.400015354156494,2.7179718017578125e-05,964.3511111112311,223,0.7840238511562347,-11.0,0.1881657242774963
647,3.674429312599802e-09,-0.1864511136953832,4.400091648101807,4.3998003005981445,4.399979020868029,0.1203510231247162,967.393643643707,224,4.400015354156494,4.400091648101807,7.62939453125e-05,967.393643643707,224,0.7829407230019569,-12.0,0.1879057735204696
648,2.5585232934746375e-09,0.7041142498304682,4.400091648101807,4.399864196777344,4.399978105756972,-0.2224342078631509,973.0412012012677,225,4.399948596954346,4.399939060211182,-9.5367431640625e-06,973.0412012012677,225,0.7808615763982137,-13.0,0.1874067783355713
649,1.7895541529699463e-09,0.1007595561219443,4.400091648101807,4.399939060211182,4.4000016905267145,-0.5283093350983763,959.9511111108586,223,4.399956703186035,4.400015354156494,5.8650970458984375e-05,959.9511111108586,223,0.7804241652290027,-14.0,0.1873017996549606
650,1.6004252932110555e-09,-0.2648762170638331,4.400089740753174,4.399866580963135,4.399988049954439,0.0884147244326292,975.5945945950224,226,4.399999141693115,4.400015354156494,1.621246337890625e-05,975.5945945950224,226,0.7781639074285825,-15.0,0.1867593377828598
651,2.805018223088197e-09,-0.3361896345522422,4.400091648101807,4.399862766265869,4.3999894635867225,-0.1537305798795905,973.6463963966816,226,4.400023460388184,4.400091648101807,6.818771362304688e-05,973.6463963966816,226,0.7751369848847389,-16.0,0.1860328763723373
652,3.168341328513663e-09,-0.1627732906332493,4.400157928466797,4.399808406829834,4.399997929818766,1.4741295661647165,987.1578378379344,229,4.3999433517456055,4.400015354156494,7.200241088867188e-05,987.1578378379344,229,0.7738205293814342,-17.0,0.1857169270515442
653,3.207554124993851e-09,-0.1337986236537685,4.400091648101807,4.399864673614502,4.399996626325049,-0.6527139449258819,986.541621621698,229,4.399943828582764,4.399939060211182,-4.76837158203125e-06,986.541621621698,229,0.7722226281960806,-18.0,0.1853334307670593
654,3.602675011035451e-09,0.5531467493320562,4.400160312652588,4.3998637199401855,4.399979660385533,0.2650963024598782,980.3695995993912,228,4.40006160736084,4.399939060211182,-0.0001225471496582,980.3695995993912,228,0.7712226361036301,-19.0,0.1850934326648712
655,1.861095554679174e-09,-0.1383385752181145,4.400091648101807,4.399867057800293,4.399976556197457,-0.0340900685717779,990.0800100099297,230,4.3999481201171875,4.400091648101807,0.0001435279846191,990.0800100099297,230,0.7698249071836472,-20.0,0.1847579777240753
656,4.184119157861973e-09,-0.2153073214865733,4.400155067443848,4.399800777435303,4.39998105887709,0.0180425982809389,999.6634834837168,232,4.400015354156494,4.400091648101807,7.62939453125e-05,999.6634834837168,232,0.7680730894207954,-21.0,0.1843375414609909
657,2.547093676750476e-09,0.105377517571024,4.4001665115356445,4.399867057800293,4.399988974624438,0.5525998840350823,1003.1201601596548,233,4.399961471557617,4.399939060211182,-2.2411346435546875e-05,1003.1201601596548,233,0.7665063564976057,-22.0,0.1839615255594253
658,3.499146047269725e-09,0.1305230684261956,4.400166988372803,4.39986515045166,4.399998652629363,-0.0448507976574168,1012.2672172170132,234,4.400015354156494,4.400091648101807,7.62939453125e-05,1012.2672172170132,234,0.7648168752590816,-23.0,0.1835560500621795
659,1.761877860747512e-09,0.5733245356668835,4.400091648101807,4.399869918823242,4.3999689699754185,0.2559766120974371,1000.8024824829772,233,4.399939060211182,4.400091648101807,0.000152587890625,1000.8024824829772,233,0.7648024087150892,-24.0,0.1835525780916214
660,2.099930522855887e-09,0.2206695777999457,4.400091648101807,4.399865627288818,4.399995492054866,-0.3097938908137556,1006.6579579580576,234,4.400059223175049,4.400015354156494,-4.38690185546875e-05,1006.6579579580576,234,0.7620337108771007,-25.0,0.1828880906105041
661,2.828827712023781e-09,0.2511382520953997,4.400091648101807,4.3998637199401855,4.399976617303388,-0.2462950933865646,992.6571771772578,232,4.400015354156494,4.400015354156494,0.0,992.6571771772578,232,0.7614254951477051,-26.0,0.1827421188354492
662,2.697380348910797e-09,-0.2544852668876435,4.400091648101807,4.399866580963135,4.400005365134309,-0.3123525904673183,998.4430030034856,233,4.399956226348877,4.399939060211182,-1.71661376953125e-05,998.4430030034856,233,0.7596046974261602,-27.0,0.1823051273822784
663,2.1586369529191102e-09,0.261589099022629,4.400091648101807,4.399862766265869,4.3999903405833445,-0.1806913659358913,1007.667857857421,234,4.399913787841797,4.399862766265869,-5.1021575927734375e-05,1007.667857857421,234,0.7571966076890628,-28.0,0.181727185845375
664,2.260733349163484e-09,-0.061263233761497,4.400091648101807,4.399862766265869,4.399983293508767,-0.1881099855415304,995.3543143142016,233,4.399993896484375,4.400015354156494,2.1457672119140625e-05,995.3543143142016,233,0.757736215988795,-29.0,0.1818566918373108
665,4.0078747870548e-09,-0.8333668517188052,4.400091648101807,4.399712085723877,4.399985792290451,2.258042768704459,1001.8207007003948,234,4.400015354156494,4.400015354156494,0.0,1001.8207007003948,234,0.7587737714250883,-30.0,0.1821057051420211
666,2.601425215115553e-09,-0.1599537402718361,4.400091648101807,4.399866104125977,4.3999906172186645,-0.3767907079196111,1012.9088088087738,236,4.400015354156494,4.400015354156494,0.0,1012.9088088087738,236,0.7561216751734416,-31.0,0.1814692020416259
667,1.4919768360822795e-09,0.3858830715044024,4.400088310241699,4.399867057800293,4.399980714178493,0.2701357839100575,1000.3023523520678,234,4.39994478225708,4.400015354156494,7.05718994140625e-05,1000.3023523520678,234,0.7546156023939451,-32.0,0.1811077445745468
668,2.8024141688805295e-09,-0.4983819783528772,4.400089263916016,4.399786472320557,4.399970382577759,0.0464602814574499,1013.4865265265108,237,4.400015354156494,4.400015354156494,0.0,1013.4865265265108,237,0.7537947967648506,-33.0,0.1809107512235641
669,3.222466131103795e-09,0.7862964975349465,4.4001617431640625,4.399863243103027,4.399969346412626,1.1249821923842354,1013.836156155914,237,4.400008201599121,4.399939060211182,-6.914138793945312e-05,1013.836156155914,237,0.7548239082098007,-34.0,0.1811577379703521
670,2.775163646081079e-09,-0.0150525923793534,4.400091648101807,4.399863243103027,4.399983259193002,-0.2688164419258707,1015.7425825828686,237,4.399961948394775,4.400015354156494,5.340576171875e-05,1015.7425825828686,237,0.7529947285850843,-35.0,0.1807187348604202
671,2.8261386679437167e-09,-0.6738062492630544,4.40009069442749,4.399862766265869,4.399985828480137,0.2045157503935892,1014.9299299297854,237,4.399964809417725,4.399939060211182,-2.574920654296875e-05,1014.9299299297854,237,0.752549059689045,-36.0,0.1806117743253708
672,2.583726572852295e-09,0.1477451401626803,4.400091648101807,4.39986515045166,4.399986592389769,-0.3572656205887932,1006.9996996996924,236,4.399939060211182,4.399939060211182,0.0,1006.9996996996924,236,0.7456683243314426,-37.0,0.1789603978395462
673,3.479799807382972e-09,0.2313454467614809,4.400091648101807,4.399862766265869,4.399965741145561,-0.5953401462119237,1014.301681681536,239,4.400078296661377,4.400091648101807,1.33514404296875e-05,1014.301681681536,239,0.744360126554966,-38.0,0.1786464303731918
674,3.255237876867059e-09,-0.058870598310561,4.400091648101807,4.399864196777344,4.399986306826274,-0.6787153232046204,1020.204634634778,240,4.400021553039551,4.400015354156494,-6.198883056640625e-06,1020.204634634778,240,0.7416106760501862,-39.0,0.1779865622520446
675,3.108324057847439e-09,-0.3571460495551665,4.40009069442749,4.399794101715088,4.399960410146035,-0.0116556007905974,1012.145625625737,239,4.399939060211182,4.399862766265869,-7.62939453125e-05,1012.145625625737,239,0.7386709252993267,-40.0,0.1772810220718383
676,2.763101250334552e-09,0.1477989392716107,4.400091648101807,4.3998637199401855,4.399966411354128,-0.4192635487585612,1025.3886586586011,242,4.400091648101807,4.399939060211182,-0.000152587890625,1025.3886586586011,242,0.7362586135665576,-41.0,0.1767020672559738
677,2.284884683985087e-09,0.5375598224411419,4.400091648101807,4.399939060211182,4.399990020956031,-0.8199371270485751,1028.2722922926769,243,4.400015354156494,4.400091648101807,7.62939453125e-05,1028.2722922926769,243,0.7325025896231334,-42.0,0.175800621509552
678,2.6526177826417302e-09,-0.0423721831337242,4.40009069442749,4.399863243103027,4.399984250466029,-0.5282166161644986,1006.7569969967008,240,4.399864196777344,4.399939060211182,7.486343383789062e-05,1006.7569969967008,240,0.7295632114013036,-43.0,0.1750951707363128
679,3.084474759501527e-09,-0.3006070993734616,4.400090217590332,4.399862766265869,4.399980411056645,-0.5186154239816134,1013.9875975977628,242,4.400015354156494,4.399939060211182,-7.62939453125e-05,1013.9875975977628,242,0.7286132623751959,-44.0,0.174867182970047
680,2.7456733271796452e-09,-0.4428153994603029,4.40009069442749,4.399792194366455,4.399980734987378,0.992752570073714,1008.0672672670336,241,4.4000043869018555,4.399939060211182,-6.532669067382812e-05,1008.0672672670336,241,0.7250199094414711,-45.0,0.174004778265953
681,2.695631030762605e-09,-0.0934701502926567,4.400091648101807,4.399864196777344,4.399996163934098,-0.4721953312519229,1004.0648648655042,241,4.399956703186035,4.400015354156494,5.8650970458984375e-05,1004.0648648655042,241,0.7255634913841884,-46.0,0.1741352379322052
682,3.1552760573492382e-09,-0.1923173778792022,4.400162696838379,4.3997883796691895,4.399985222777059,1.0182260000019188,1010.489599599503,242,4.399939060211182,4.400015354156494,7.62939453125e-05,1010.489599599503,242,0.7217054565747579,-47.0,0.1732093095779419
683,3.703013269424429e-09,-0.4508212545343377,4.40009069442749,4.399791240692139,4.399976866585868,0.3072091608963978,1023.0170170171186,245,4.399939060211182,4.400015354156494,7.62939453125e-05,1023.0170170171186,245,0.719211995601654,-48.0,0.1726108789443969
684,3.458830434006708e-09,0.2928840585416119,4.400163650512695,4.399867057800293,4.3999926469763935,0.1167552571590104,1020.7308908905834,245,4.400064945220947,4.400015354156494,-4.9591064453125e-05,1020.7308908905834,245,0.7169537246227264,-49.0,0.1720688939094543
685,2.882173502429375e-09,0.007419306065787,4.400090217590332,4.3998637199401855,4.399973202136255,-0.6120996770316429,1034.1091391388327,248,4.400058269500732,4.400015354156494,-4.291534423828125e-05,1034.1091391388327,248,0.7151162872711818,-50.0,0.1716279089450836
686,2.550658193037395e-09,0.0551592337377156,4.400167465209961,4.3998637199401855,4.399995292246583,0.3487272372699936,1028.6641441443935,247,4.399993896484375,4.400015354156494,2.1457672119140625e-05,1028.6641441443935,247,0.710741678873698,-51.0,0.1705780029296875
687,2.2750071706008363e-09,0.6822768449882827,4.400163173675537,4.399939060211182,4.400001841855336,0.0088507153463281,1033.6361961960793,249,4.400077819824219,4.399939060211182,-0.0001387596130371,1033.6361961960793,249,0.7096167653799057,-52.0,0.1703080236911773
688,3.931814187219061e-09,-0.1571977095629056,4.400091648101807,4.399862766265869,4.399993798425121,-0.8474447043099431,1027.8265865864232,248,4.400048732757568,4.400091648101807,4.291534423828125e-05,1027.8265865864232,248,0.7088522116343181,-53.0,0.1701245307922363
689,3.560870863766069e-09,-0.3304410706778038,4.400164604187012,4.399786949157715,4.399990682177216,0.5118952891504112,1021.3727927925064,247,4.399996757507324,4.400015354156494,1.8596649169921875e-05,1021.3727927925064,247,0.7060295591751735,-54.0,0.1694470942020416
690,4.444192396912348e-09,-0.2257655050849308,4.400091171264648,4.399790287017822,4.399960948760251,-0.2283854343449838,1029.602162161842,249,4.399940490722656,4.400015354156494,7.486343383789062e-05,1029.602162161842,249,0.7027880599101385,-55.0,0.1686691343784332
691,2.198162306798856e-09,0.2213835497867188,4.400091648101807,4.399864673614502,4.3999766368865965,-0.1521477303064409,1031.5454354351386,250,4.3999505043029785,4.399939060211182,-1.1444091796875e-05,1031.5454354351386,250,0.7006215552488964,-56.0,0.1681491732597351
692,3.2420529059785294e-09,0.3667900742454431,4.400156021118164,4.399862766265869,4.399983574473668,-0.1265632048319429,1039.7806906905023,252,4.3999457359313965,4.400015354156494,6.961822509765625e-05,1039.7806906905023,252,0.6978385150432587,-57.0,0.167481243610382
693,5.119936030333068e-09,-0.4190710577735712,4.400091648101807,4.399791240692139,4.399980330184515,-0.2932207929218391,1043.905585585162,253,4.40006685256958,4.400091648101807,2.47955322265625e-05,1043.905585585162,253,0.6942242383956909,-58.0,0.1666138172149658
694,3.497800545545281e-09,-0.2950407325581344,4.400091648101807,4.399862766265869,4.399985947328456,-0.5722659942455617,1050.1666866866872,255,4.399980068206787,4.399862766265869,-0.0001173019409179,1050.1666866866872,255,0.6919180353482565,-59.0,0.1660603284835815
695,2.5621626889571916e-09,-0.1253830151396843,4.400091648101807,4.399864196777344,4.399990395298154,-0.4419820849800779,1041.422962963581,254,4.399939060211182,4.399939060211182,0.0,1041.422962963581,254,0.6903432309627533,-60.0,0.1656823754310608
696,2.048734210451742e-09,-0.5143553666064666,4.400088310241699,4.39986515045166,4.399977779388427,0.0326020257351071,1045.7172372369096,255,4.399898052215576,4.400015354156494,0.0001173019409179,1045.7172372369096,255,0.6886599585413933,-61.0,0.1652783900499344
697,3.4672406269044534e-09,-0.1111776629445676,4.400091648101807,4.399862766265869,4.399985057370672,-0.4204233081652324,1055.522082081996,257,4.399975776672363,4.400015354156494,3.9577484130859375e-05,1055.522082081996,257,0.6854018196463585,-62.0,0.164496436715126
698,2.919293147419161e-09,0.1697755728223368,4.400163650512695,4.3998637199401855,4.399994284607644,0.3429435320485541,1056.8128128126264,258,4.399939060211182,4.400091648101807,0.000152587890625,1056.8128128126264,258,0.682729110121727,-63.0,0.1638549864292144
699,3.434746777141804e-09,0.2044565101821065,4.400156497955322,4.3998637199401855,4.399983201708112,-0.2288462460550562,1059.5303303301334,259,4.399939060211182,4.400015354156494,7.62939453125e-05,1059.5303303301334,259,0.6760234013199806,-64.0,0.1622456163167953
700,3.955179973915886e-09,0.0489084656927029,4.400163650512695,4.399789333343506,4.399980603283598,0.632116655758638,1067.5579279279336,262,4.3999834060668945,4.400015354156494,3.1948089599609375e-05,1067.5579279279336,262,0.6767608846227329,-65.0,0.1624226123094558
701,3.942061342110669e-09,-0.2346415542856738,4.400160312652588,4.399862766265869,4.399988829634572,-0.3453582046219079,1069.749909909442,262,4.400079250335693,4.399862766265869,-0.0002164840698242,1069.749909909442,262,0.6734319652120273,-66.0,0.1616236716508865
702,1.7577333759370403e-09,0.2996068055682109,4.400088310241699,4.399866104125977,4.399969933610974,0.3187814687529151,1075.838488488458,264,4.400015354156494,4.399939060211182,-7.62939453125e-05,1075.838488488458,264,0.6701530267794927,-67.0,0.1608367264270782
703,2.2656720545683e-09,-0.249646537053109,4.400091171264648,4.399864673614502,4.399987834354617,-0.2991471363854669,1077.20456456393,265,4.400015354156494,4.400015354156494,0.0,1077.20456456393,265,0.6672928109765053,-68.0,0.1601502746343612
704,2.513203135426548e-09,0.0287159367375926,4.400091171264648,4.3998637199401855,4.399987127547874,-0.6130694890425232,1078.6561061060056,266,4.4000468254089355,4.400015354156494,-3.147125244140625e-05,1078.6561061060056,266,0.6604578346014023,-69.0,0.1585098803043365
705,2.34175466496845e-09,0.5048352324896629,4.400091648101807,4.399865627288818,4.399977594284114,-0.0264391884089625,1096.0567567571998,271,4.399972915649414,4.400091648101807,0.0001187324523925,1096.0567567571998,271,0.6576705724000931,-70.0,0.1578409373760223
706,3.915396242012007e-09,0.3005472766633797,4.40015983581543,4.3997931480407715,4.3999648553353765,0.114510157109485,1088.4806306306273,270,4.399954795837402,4.400091648101807,0.0001368522644042,1088.4806306306273,270,0.6531688695152601,-71.0,0.1567605286836624
707,4.418891579213535e-09,0.2214040955605214,4.4001665115356445,4.399864673614502,4.399998870722922,-0.4533807524685898,1086.978378378786,271,4.400047779083252,4.399939060211182,-0.0001087188720703,1086.978378378786,271,0.6505294392506282,-72.0,0.1561270654201507
708,5.1334049126221115e-09,-0.0696743368158949,4.400163650512695,4.399789333343506,4.399971628363753,0.1592524202645222,1095.3731331331655,273,4.399962902069092,4.400015354156494,5.245208740234375e-05,1095.3731331331655,273,0.6459714223941168,-73.0,0.155033141374588
709,4.912605722551693e-09,0.0019263869733129,4.400091648101807,4.3997883796691895,4.399958341018014,-0.4858319504008124,1104.448448448442,276,4.400004863739014,4.399939060211182,-6.580352783203125e-05,1104.448448448442,276,0.6411738693714142,-74.0,0.1538817286491394
710,2.704321502752419e-09,-0.2129307463380563,4.400091648101807,4.399787425994873,4.399966494584169,0.3081777330802908,1114.4377177180722,279,4.400090217590332,4.400091648101807,1.430511474609375e-06,1114.4377177180722,279,0.6363763163487117,-75.0,0.1527303159236908
711,2.2024340162247902e-09,0.0992348119426637,4.400084972381592,4.3998637199401855,4.399962490411114,-0.3118063476478068,1103.973933934234,278,4.400010108947754,4.399939060211182,-7.104873657226562e-05,1103.973933934234,278,0.634093148012956,-76.0,0.1521823555231094
712,2.645108261573074e-09,-0.3753705453259405,4.400091648101807,4.399867534637451,4.39999549569636,-0.2150662419281825,1096.233873873949,277,4.400073528289795,4.400015354156494,-5.817413330078125e-05,1096.233873873949,277,0.6313371161619823,-77.0,0.1515209078788757
713,2.3397312244451112e-09,0.0340915602546075,4.40009069442749,4.399862766265869,4.399970085280282,-0.2239803451821789,1109.4229729725048,280,4.399993419647217,4.399862766265869,-0.0001306533813476,1109.4229729725048,280,0.6242626036206882,-78.0,0.1498230248689651
714,2.3896193040045303e-09,0.586454124245945,4.400167465209961,4.399868965148926,4.399995756654773,0.8141059458312783,1115.1279279282317,283,4.399965763092041,4.399939060211182,-2.6702880859375e-05,1115.1279279282317,283,0.6182026118040085,-79.0,0.148368626832962
715,3.391890421193388e-09,-0.7338047503397375,4.400091648101807,4.3997883796691895,4.399991203361834,1.0699885326768617,1112.1673373375088,284,4.399838447570801,4.400015354156494,0.0001769065856933,1112.1673373375088,284,0.6087888032197952,-80.0,0.1461093127727508
716,3.467145088286819e-09,0.2415243812247939,4.400164604187012,4.39986515045166,4.399999327775909,-0.119911354396347,1115.0421421416104,287,4.400031566619873,4.399939060211182,-9.250640869140624e-05,1115.0421421416104,287,0.6058619047204654,-81.0,0.1454068571329116
717,3.310212360018324e-09,-0.5713174163957074,4.400167942047119,4.399786949157715,4.399999560781828,1.264920069851383,1121.9459459455684,289,4.400063991546631,4.400015354156494,-4.863739013671875e-05,1121.9459459455684,289,0.6019747505585353,-82.0,0.1444739401340484
718,3.479681663905992e-09,-0.3542517694516969,4.400091648101807,4.399802207946777,4.399974837796441,-0.2613729679380268,1122.0316516514868,290,4.399969100952148,4.400015354156494,4.6253204345703125e-05,1122.0316516514868,290,0.5981395021080971,-83.0,0.1435534805059433
719,2.924945684295839e-09,0.092671578113031,4.400091648101807,4.399864673614502,4.399987263368168,-0.469405368135356,1121.90230230242,291,4.3999924659729,4.400015354156494,2.288818359375e-05,1121.90230230242,291,0.5941085517406464,-84.0,0.1425860524177551
720,3.010820484518644e-09,-0.4236265731007222,4.400091648101807,4.399794101715088,4.3999697447829105,0.074824578506,1129.967527527362,237,4.400014400482178,4.400091648101807,7.724761962890625e-05,1129.967527527362,237,0.5982541168729465,-85.0,0.1435809880495071
721,3.148223282371007e-09,0.2262061921808442,4.400167465209961,4.399863243103027,4.3999918188367575,0.2602909253573497,1149.2785685695708,294,4.4000725746154785,4.399939060211182,-0.0001335144042968,1149.2785685695708,294,0.5726268514990807,-86.0,0.1374304443597793
722,3.443167215687196e-09,0.0677854097726067,4.400091648101807,4.399862766265869,4.399981857914674,-0.6131305225163883,1151.955045044422,304,4.400015354156494,4.399862766265869,-0.000152587890625,1151.955045044422,304,0.5671901628375053,-87.0,0.1361256390810012
723,3.300610308604112e-09,-0.0594989142417119,4.40016508102417,4.399799346923828,4.399979884442301,0.6678929333654824,1129.168168168515,301,4.399967670440674,4.400091648101807,0.0001239776611328,1129.168168168515,301,0.5635632202029228,-88.0,0.1352551728487014
724,2.18548626069982e-09,-0.1431124855292113,4.400087833404541,4.399862766265869,4.399972473094666,-0.0211112709247767,1146.0825325325131,306,4.4000067710876465,4.399939060211182,-6.771087646484375e-05,1146.0825325325131,306,0.5589073523879051,-89.0,0.1341377645730972
725,3.2355674142567038e-09,0.0271072973289912,4.400091648101807,4.399862766265869,4.399972507377076,-0.5455241419860664,1139.3383383378386,306,4.400015354156494,4.399939060211182,-7.62939453125e-05,1139.3383383378386,306,0.5541472385327022,-90.0,0.1329953372478485
726,2.118140472800005e-09,0.3782549557903136,4.400091648101807,4.399866580963135,4.399981600897653,-0.1670701006965216,1142.8543643634766,308,4.400091648101807,4.399939060211182,-0.000152587890625,1142.8543643634766,308,0.5467353388667107,-91.0,0.1312164813280105
727,3.6641230432440393e-09,-0.1867093099949047,4.400091648101807,4.3997955322265625,4.3999773429821225,0.0383154315184026,1137.713153153658,309,4.399988651275635,4.400015354156494,2.6702880859375e-05,1137.713153153658,309,0.5422335738937061,-92.0,0.1301360577344894
728,3.755514509796651e-09,0.3018379479103912,4.40016508102417,4.39986515045166,4.399987780663275,-0.2482558803098169,1137.2560960967094,310,4.400064468383789,4.400015354156494,-4.9114227294921875e-05,1137.2560960967094,310,0.5385963867108028,-93.0,0.1292631328105926
729,4.43550902614109e-09,-0.362212051562442,4.400091648101807,4.399788856506348,4.3999659307541386,0.1434724497563215,1131.2276576571169,310,4.400040626525879,4.400015354156494,-2.5272369384765625e-05,1131.2276576571169,310,0.5360757311185201,-94.0,0.1286581754684448
730,3.3716834178313686e-09,0.3652263961233246,4.400235652923584,4.399862766265869,4.3999945561345015,1.4305925094618006,1142.922522522509,313,4.399990558624268,4.399939060211182,-5.14984130859375e-05,1142.922522522509,313,0.5309427157044411,-95.0,0.1274262517690658
731,3.1921526910141158e-09,0.1146728987645766,4.400091648101807,4.399866104125977,4.399988361551792,-0.6781616826965204,1150.0999999996277,316,4.399927616119385,4.399939060211182,1.1444091796875e-05,1150.0999999996277,316,0.526668131351471,-96.0,0.126400351524353
732,3.997227675345488e-09,-0.114839528340156,4.400090217590332,4.399862766265869,4.39997527125506,-0.862012303460097,1149.3290090095252,317,4.400062561035156,4.400015354156494,-4.7206878662109375e-05,1149.3290090095252,317,0.5215576539436977,-97.0,0.1251738369464874
733,2.4719648934558583e-09,0.5228045421845657,4.400167465209961,4.399939060211182,4.39999922811985,-0.2508750220897346,1157.4111911915245,320,4.399939060211182,4.400015354156494,7.62939453125e-05,1157.4111911915245,320,0.5176037239531677,-98.0,0.1242248937487602
734,3.581771693638715e-09,0.0593297613644108,4.400091648101807,4.399792194366455,4.399971875817605,-0.0553233773088224,1155.7029029037803,321,4.399961948394775,4.400015354156494,5.340576171875e-05,1155.7029029037803,321,0.5130811594426632,-99.0,0.1231394782662391
735,3.0928790581061027e-09,-0.2435800139173875,4.400089263916016,4.399862766265869,4.399969747037064,-0.5959441994595807,1163.844334334135,324,4.399939060211182,4.399862766265869,-7.62939453125e-05,1163.844334334135,324,0.508941865215699,-100.0,0.1221460476517677
736,2.999777224113409e-09,-0.0378650700226548,4.400158405303955,4.39986515045166,4.399984078904603,0.1843647692445134,1168.327827828005,326,4.400002479553223,4.400015354156494,1.2874603271484377e-05,1168.327827828005,326,0.5048838754494985,-101.0,0.1211721301078796
737,3.2163047110503815e-09,0.0617959506480204,4.400091648101807,4.399862766265869,4.399971650806439,-0.5223304831315216,1184.5051051042974,331,4.399939060211182,4.400091648101807,0.000152587890625,1184.5051051042974,331,0.4987592808902263,-102.0,0.1197022274136543
738,2.2382099265474848e-09,0.0741916115402114,4.400091648101807,4.399864673614502,4.399997964049831,-0.4664601188570758,1171.3947847839445,330,4.400053977966309,4.400015354156494,-3.8623809814453125e-05,1171.3947847839445,330,0.4951678526898225,-103.0,0.1188402846455574
739,2.232422345936788e-09,-0.2928576894540807,4.400091171264648,4.39986515045166,4.399983038831113,-0.2318638441093337,1188.6622022017837,335,4.400015354156494,4.399939060211182,-7.62939453125e-05,1188.6622022017837,335,0.4804126918315887,-104.0,0.1152990460395813
740,3.0334824481700235e-09,-0.27828650660979,4.400163650512695,4.399786949157715,4.399992127167551,1.3862741585510916,1200.524804804474,342,4.399961471557617,4.399939060211182,-2.2411346435546875e-05,1200.524804804474,342,0.47402565057079,-105.0,0.1137661561369896
741,3.2163187716316833e-09,0.682182751614438,4.400160789489746,4.3998637199401855,4.399986104909764,0.2017468046781636,1199.7721121124923,344,4.399970531463623,4.399939060211182,-3.147125244140625e-05,1199.7721121124923,344,0.4697405733168125,-106.0,0.112737737596035
742,3.554008356156873e-09,0.3236097034946151,4.400091648101807,4.399864196777344,4.3999756868334785,-0.5404184037377875,1197.3748148139566,345,4.400089740753174,4.399939060211182,-0.0001506805419921,1197.3748148139566,345,0.4650054809947809,-107.0,0.1116013154387474
743,4.948872709918063e-09,0.2804938105005334,4.400231838226318,4.399713039398193,4.399952024914498,1.9939846486835413,1184.2152252253145,344,4.399864673614502,4.400091648101807,0.0002269744873046,1184.2152252253145,344,0.4626327815155188,-108.0,0.1110318675637245
744,4.268999149942614e-09,0.2052723510508234,4.400160312652588,4.399862766265869,4.399973859704537,-0.380650174333184,1196.0620820820332,347,4.399939060211182,4.400015354156494,7.62939453125e-05,1196.0620820820332,347,0.4565832205116749,-109.0,0.1095799729228019
745,4.585473865346002e-09,-0.0399214240012546,4.4001665115356445,4.399787425994873,4.399978141784668,-0.0291262156652707,1200.1128328330817,350,4.400025844573975,4.400015354156494,-1.049041748046875e-05,1200.1128328330817,350,0.4516274047394594,-110.0,0.1083905771374702
746,2.042618578702815e-09,-0.1901091400919754,4.40009069442749,4.399863243103027,4.399972795766626,-0.4448590050162506,1209.450790790841,354,4.400015354156494,4.400015354156494,0.0,1209.450790790841,354,0.4472651518881321,-111.0,0.1073436364531517
747,2.1514802721791174e-09,-0.1708270541015257,4.400090217590332,4.399863243103027,4.399976176946936,-0.2374049344515234,1207.565225224942,355,4.399939060211182,4.399939060211182,0.0,1207.565225224942,355,0.4428904503583908,-112.0,0.1062937080860138
748,3.242253971186689e-09,-1.4046108509666184,4.400089740753174,4.399718761444092,4.39996665933219,2.706394001984789,1209.8690290283412,357,4.399939060211182,4.399939060211182,0.0,1209.8690290283412,357,0.4359450812141101,-113.0,0.1046268194913864
749,2.084555463547192e-09,-0.0575555994954901,4.400091648101807,4.3998637199401855,4.399982872431958,-0.2098168774392825,1216.623423423618,361,4.399942398071289,4.400015354156494,7.295608520507812e-05,1216.623423423618,361,0.4322391313811143,-114.0,0.1037373915314674
750,2.281774607966273e-09,0.7828086944517956,4.400163173675537,4.399862766265869,4.399983548856044,0.8475980295985193,1224.4763963967562,364,4.399939060211182,4.399939060211182,0.0,1224.4763963967562,364,0.4271104000508785,-115.0,0.1025064960122108
751,3.749644879512217e-09,-0.2462476098691752,4.400160789489746,4.399796962738037,4.3999975799539754,0.383710812712291,1231.705405406654,367,4.4000244140625,4.400015354156494,-9.059906005859377e-06,1231.705405406654,367,0.420954575141271,-116.0,0.101029098033905
752,2.147569229789619e-09,-0.7306871981572348,4.400091648101807,4.399786949157715,4.399990640035489,2.207664610851233,1230.729769770056,369,4.399993896484375,4.400015354156494,2.1457672119140625e-05,1230.729769770056,369,0.4161653108894825,-117.0,0.0998796746134758
753,3.6458060965910223e-09,-0.2647228941721431,4.4001593589782715,4.3997883796691895,4.3999908555228755,0.7123753786586886,1231.544444443658,371,4.399969100952148,4.399939060211182,-3.0040740966796875e-05,1231.544444443658,371,0.4093387474616369,-118.0,0.0982412993907928
754,2.1196244221439727e-09,-0.0079090537730241,4.40009069442749,4.399864196777344,4.3999882000061525,-0.3276887295742723,1228.11759759672,373,4.39998197555542,4.400015354156494,3.337860107421875e-05,1228.11759759672,373,0.4089887874821822,-119.0,0.0981573089957237
755,2.929473584575631e-09,0.1663384185410798,4.400162696838379,4.399863243103027,4.4000018911158785,-0.2700639950874279,1241.8468468468636,376,4.400062561035156,4.399939060211182,-0.0001235008239746,1241.8468468468636,376,0.4109511462350687,-120.0,0.0986282750964164
756,2.487368960350207e-09,-0.1926242268622546,4.400091648101807,4.399863243103027,4.4000004908243815,-0.4413087383354921,1243.712852852419,375,4.399939060211182,4.400015354156494,7.62939453125e-05,1243.712852852419,375,0.4098220107456048,-121.0,0.0983572825789451
757,2.170693767493179e-09,-0.6258358116168171,4.400091171264648,4.399787902832031,4.399977143942835,1.4323038402778678,1251.7563163153827,377,4.399835109710693,4.400015354156494,0.0001802444458007,1251.7563163153827,377,0.4075305536389351,-122.0,0.0978073328733444
758,3.0329318433488743e-09,-0.5476835088168874,4.40009069442749,4.399791717529297,4.399973913710168,0.1630406428289283,1243.265765765682,376,4.400008678436279,4.399939060211182,-6.961822509765625e-05,1243.265765765682,376,0.4038746158281962,-123.0,0.096929907798767
759,2.4904375013406724e-09,0.4566508968540027,4.400155544281006,4.3998637199401855,4.399985524227745,0.0975574569714705,1256.5689989998937,380,4.399939060211182,4.399939060211182,0.0,1256.5689989998937,380,0.4001644129554431,-124.0,0.0960394591093063
760,3.399927483201463e-09,-0.3972739729612632,4.400091648101807,4.399789333343506,4.399983409801911,0.4788308446988938,1262.7986986991018,383,4.399827003479004,4.399939060211182,0.0001120567321777,1262.7986986991018,383,0.3966313786804676,-125.0,0.0951915308833122
761,3.188226550106043e-09,0.5133110865459669,4.400163650512695,4.399863243103027,4.3999884258617055,0.2348893739825661,1264.2287087086588,385,4.400038719177246,4.400091648101807,5.2928924560546875e-05,1264.2287087086588,385,0.3915442774693171,-126.0,0.0939706265926361
762,3.830340862362752e-09,-0.2082257569887361,4.400091648101807,4.399789333343506,4.399981775749619,-0.1536326049439833,1275.6034034024924,389,4.400032997131348,4.400091648101807,5.8650970458984375e-05,1275.6034034024924,389,0.3862091650565465,-127.0,0.0926901996135711
763,3.623242206381993e-09,0.481967359144105,4.400162220001221,4.3998637199401855,4.399983770993291,-0.3843943623140302,1278.5426026023924,392,4.399950981140137,4.400015354156494,6.437301635742188e-05,1278.5426026023924,392,0.377568198988835,-128.0,0.0906163677573204
764,4.121810364699976e-09,-0.0432375644671599,4.400167465209961,4.399787902832031,4.399999611305468,0.246181645645664,1279.3927427437156,396,4.400015354156494,4.399939060211182,-7.62939453125e-05,1279.3927427437156,396,0.3726456314325332,-129.0,0.0894349515438079
765,3.293559347275099e-09,-0.0844598507510237,4.400091648101807,4.399862766265869,4.399996328714212,-0.4677337747901116,1273.5225225221366,397,4.400091648101807,4.400015354156494,-7.62939453125e-05,1273.5225225221366,397,0.3670418324569861,-130.0,0.0880900397896766
766,3.703185497019568e-09,0.0946596958127439,4.4001665115356445,4.399864196777344,4.399990525245666,-0.3365126428046068,1276.4485285282135,400,4.4000468254089355,4.400015354156494,-3.147125244140625e-05,1276.4485285282135,400,0.3617297237118085,-131.0,0.086815133690834
767,3.0589314484360942e-09,-0.0591217141858353,4.400091648101807,4.399862766265869,4.3999809524159375,-0.591674339032747,1286.7460660655051,405,4.399979591369629,4.399862766265869,-0.0001168251037597,1286.7460660655051,405,0.3564801067113876,-132.0,0.085555225610733
768,2.3517021174552094e-09,0.1622022688361632,4.400091648101807,4.399864196777344,4.399993343306292,-0.2024529063153042,1277.8054054062814,406,4.3999810218811035,4.400091648101807,0.0001106262207031,1277.8054054062814,406,0.3514283957580725,-133.0,0.0843428149819374
769,4.041231828603742e-09,-1.141485946786848,4.400091648101807,4.399722576141357,4.399995785087567,2.3255978948536806,1275.1082282289865,407,4.399960994720459,4.399939060211182,-2.193450927734375e-05,1275.1082282289865,407,0.3467267068723837,-134.0,0.0832144096493721
770,2.940683782407469e-09,0.0881520763740239,4.400091648101807,4.399864196777344,4.399989218104119,-0.5202135148776064,1267.2611111104488,408,4.399909973144531,4.399939060211182,2.9087066650390625e-05,1267.2611111104488,408,0.3409979244073232,-135.0,0.0818395018577575
771,3.5719729504582404e-09,-0.0441100242606515,4.400091648101807,4.399862766265869,4.399985982150566,-0.7089027741449279,1262.8396997004747,410,4.400029182434082,4.400091648101807,6.246566772460938e-05,1262.8396997004747,410,0.3365982013444106,-136.0,0.0807835683226585
772,2.620477631223581e-09,-0.1614398472424316,4.400091648101807,4.399862766265869,4.39997672104254,-0.4345175798235696,1254.5450650639832,410,4.400070667266846,4.400015354156494,-5.53131103515625e-05,1254.5450650639832,410,0.3317048462728659,-137.0,0.0796091631054878
773,2.6590371416936643e-09,-0.1338361970704061,4.400091648101807,4.399862766265869,4.3999978444662435,-0.2606746628752234,1265.1326126120985,415,4.400015354156494,4.400091648101807,7.62939453125e-05,1265.1326126120985,415,0.3267427595953147,-138.0,0.0784182623028755
774,3.165779782083099e-09,-0.2850503555021842,4.400091648101807,4.399789333343506,4.399965460374418,0.071877491327259,1270.4815015010536,419,4.400005340576172,4.399939060211182,-6.628036499023438e-05,1270.4815015010536,419,0.3205098522206148,-139.0,0.0769223645329475
775,2.781676031146954e-09,-0.0633577227961,4.40009069442749,4.399862766265869,4.3999762782510725,-0.5053696841883633,1280.4578378386796,424,4.400015354156494,4.400015354156494,0.0,1280.4578378386796,424,0.3148019003371398,-140.0,0.0755524560809135
776,4.205126169844948e-09,-0.299383025025311,4.400157928466797,4.399862766265869,4.399995174005942,-0.441157722722564,1280.724864864722,427,4.39995813369751,4.400015354156494,5.7220458984375e-05,1280.724864864722,427,0.3101210109889507,-141.0,0.0744290426373481
777,3.816202806760926e-09,0.044410648493502,4.400091648101807,4.399791240692139,4.399964297962412,-0.0190532925631607,1266.8745345342904,427,4.399939060211182,4.399939060211182,0.0,1266.8745345342904,427,0.3062567363182704,-142.0,0.0735016167163848
778,3.46142180969836e-09,0.475881495400665,4.40016508102417,4.3998637199401855,4.399988885279055,-0.0228263944224011,1282.5421021021905,432,4.400010585784912,4.400015354156494,4.76837158203125e-06,1282.5421021021905,432,0.301588357736667,-143.0,0.0723812058568
779,4.502507457128677e-09,0.3655439997703362,4.400166034698486,4.399862766265869,4.399979308315608,-0.2314758583536962,1295.6853153146803,438,4.399927616119385,4.400015354156494,8.7738037109375e-05,1295.6853153146803,438,0.2960512414574623,-144.0,0.0710522979497909
780,3.0760102601278382e-09,-0.0919504258411972,4.400091648101807,4.399863243103027,4.399984579151475,-0.6041172372835488,1287.2859459463507,439,4.399872779846191,4.400015354156494,0.0001425743103027,1287.2859459463507,439,0.2917931725581487,-145.0,0.0700303614139556
781,2.923786696319855e-09,0.3239334298153138,4.4001665115356445,4.399867534637451,4.400000885431707,-0.6450285244559195,1293.029189189896,443,4.399939060211182,4.399939060211182,0.0,1293.029189189896,443,0.2869268568853537,-146.0,0.0688624456524849
782,4.2179591687788606e-09,0.4315761601621714,4.400167942047119,4.399787902832031,4.399986957644557,0.9757424987737764,1286.0879779774696,444,4.400015354156494,4.400015354156494,0.0,1286.0879779774696,444,0.2824042302866777,-147.0,0.0677770152688026
783,3.975943544463069e-09,-0.0950304925752657,4.400163173675537,4.399787902832031,4.399984677989831,0.538894467768277,1280.4222222212702,445,4.399957180023193,4.400091648101807,0.0001344680786132,1280.4222222212702,445,0.2768275948862235,-148.0,0.0664386227726936
784,2.0646727421839304e-09,0.0616196846486943,4.400091648101807,4.39986515045166,4.399990918118949,0.0569647085095144,1274.2563763763756,447,4.400027275085449,4.400015354156494,-1.1920928955078123e-05,1274.2563763763756,447,0.2715550983945529,-149.0,0.0651732236146926
785,3.141811605165595e-09,0.0306786513655069,4.400166034698486,4.399862766265869,4.399980610887829,0.0540355219988302,1267.781701700762,449,4.399960994720459,4.399939060211182,-2.193450927734375e-05,1267.781701700762,449,0.2677115611732006,-150.0,0.0642507746815681
786,2.808671243636492e-09,0.1493832439811106,4.400165557861328,4.399796485900879,4.39997678496239,0.9937474960907116,1271.8099699690938,454,4.400008201599121,4.400015354156494,7.152557373046875e-06,1271.8099699690938,454,0.2617557843526205,-151.0,0.0628213882446289
787,3.0942445436939783e-09,0.3822354575958558,4.400160789489746,4.399787425994873,4.399957961157749,1.6642493249658237,1270.9939939938486,456,4.400051116943359,4.400091648101807,4.0531158447265625e-05,1270.9939939938486,456,0.2560249840219816,-152.0,0.0614459961652755
788,2.972005868022459e-09,0.0055140150032084,4.400091648101807,4.399866580963135,4.399991940415424,-0.5782585263685704,1266.201351352036,460,4.400087356567383,4.399939060211182,-0.0001482963562011,1266.201351352036,460,0.2520544609675805,-153.0,0.0604930706322193
789,3.028309376026057e-09,0.229075372142143,4.40015983581543,4.399863243103027,4.399982237610324,-0.0316446900651312,1272.4621121119708,464,4.39990758895874,4.400091648101807,0.0001840591430664,1272.4621121119708,464,0.2484364590297142,-154.0,0.0596247501671314
790,2.4917929979619228e-09,0.0697172854277062,4.40015983581543,4.3998637199401855,4.400004363008055,0.1944166781443645,1246.2643043044957,459,4.400015354156494,4.400015354156494,0.0,1246.2643043044957,459,0.244096682096521,-155.0,0.058583203703165
791,2.824674983095272e-09,-0.1946817507356744,4.400091648101807,4.399862766265869,4.399979804206815,-0.520925972551749,1251.9903903920203,466,4.400015354156494,4.400015354156494,0.0,1251.9903903920203,466,0.2417239360511303,-156.0,0.0580137446522712
792,2.796197346626524e-09,-0.5268726415833774,4.400091648101807,4.399790287017822,4.400000974504033,0.6806643137024273,1254.193053051829,467,4.399939060211182,4.399939060211182,0.0,1254.193053051829,467,0.2384866743038098,-157.0,0.0572368018329143
793,5.054737271339187e-09,-0.1662010629443208,4.4001641273498535,4.399787902832031,4.399982030457779,-0.3836750131883004,1254.3430630639195,469,4.399970054626465,4.400015354156494,4.5299530029296875e-05,1254.3430630639195,469,0.2346140487740437,-158.0,0.0563073717057704
794,3.741709505843491e-09,-0.0789484844239741,4.400162696838379,4.39979362487793,4.399984228686601,-0.0224277919232385,1258.246166165918,473,4.399958610534668,4.400015354156494,5.6743621826171875e-05,1258.246166165918,473,0.2343098788211743,-159.0,0.0562343709170818
795,3.8804797622301984e-09,-0.1441496374551045,4.400091648101807,4.399790287017822,4.399959263155016,-0.4387924126207583,1253.3927627634257,472,4.399975299835205,4.400015354156494,4.00543212890625e-05,1253.3927627634257,472,0.2280561719089746,-160.0,0.0547334812581539
796,3.0836183920294614e-09,-0.2368237071470264,4.400160789489746,4.399862766265869,4.399997075398763,-0.0685661460145428,1243.6538338344544,474,4.399970531463623,4.400015354156494,4.482269287109375e-05,1243.6538338344544,474,0.2264833853890498,-161.0,0.0543560124933719
797,2.7534648769694587e-09,-0.3097123330601403,4.400090217590332,4.399862766265869,4.399976925097014,-0.2590737343343421,1240.366426426917,475,4.399872303009033,4.399862766265869,-9.5367431640625e-06,1240.366426426917,475,0.2240335568785667,-162.0,0.053768053650856
798,3.792427848879055e-09,0.2583719769049662,4.400166988372803,4.399862766265869,4.399998939762075,-0.0037327226678867,1243.6178978979588,477,4.399956226348877,4.399862766265869,-9.34600830078125e-05,1243.6178978979588,477,0.221129631002744,-163.0,0.0530711114406585
799,2.7824420305481092e-09,-0.2608648594741634,4.40009069442749,4.3998637199401855,4.399987339220549,-0.5282063262486814,1222.763423424214,475,4.400015830993652,4.400015354156494,-4.76837158203125e-07,1222.763423424214,475,0.2168320429821809,-164.0,0.0520396903157234
800,4.277070218471237e-09,-0.4563697803121951,4.400091648101807,4.399786949157715,4.399976560760242,-0.0891726235696683,1224.0135135129094,478,4.400091648101807,4.399939060211182,-0.000152587890625,1224.0135135129094,478,0.2156821079552173,-165.0,0.0517637059092521
801,2.615716819863336e-09,-0.1685859723431317,4.400091648101807,4.399862766265869,4.39998183280799,0.0919012106707111,1195.0702702701092,471,4.399939060211182,4.399862766265869,-7.62939453125e-05,1195.0702702701092,471,0.2121531559775273,-166.0,0.0509167574346065
802,4.145077256279505e-09,0.1709025469138525,4.400166034698486,4.399862766265869,4.399971563275121,-0.1765369674782553,1198.9637137129905,476,4.400023937225342,4.400015354156494,-8.58306884765625e-06,1198.9637137129905,476,0.209420034661889,-167.0,0.0502608083188533
803,2.5473040936287515e-09,-0.2926445608441553,4.400091648101807,4.399863243103027,4.399991809573632,-0.2243949079621314,1197.3654954954982,478,4.400032997131348,4.399939060211182,-9.393692016601562e-05,1197.3654954954982,478,0.2060411653170983,-168.0,0.0494498796761035
804,2.8817910246149182e-09,0.2789676411748218,4.400166988372803,4.3998637199401855,4.399981351999136,0.4684931174404676,1198.1165165174752,481,4.399982452392578,4.399939060211182,-4.3392181396484375e-05,1198.1165165174752,481,0.2029767259955406,-169.0,0.0487144142389297
805,4.387708836113637e-09,0.0282678432341241,4.400161266326904,4.399862766265869,4.39998803395948,-0.2848445544721469,1192.1770370360464,482,4.400091648101807,4.400015354156494,-7.62939453125e-05,1192.1770370360464,482,0.2001415472477674,-170.0,0.0480339713394641
806,4.191548062970844e-09,0.3332370180572396,4.400167942047119,4.399863243103027,4.399995079599165,-0.0724843181013459,1171.2045045047998,478,4.399991035461426,4.400167942047119,0.0001769065856933,1171.2045045047998,478,0.2049182852109273,-171.0,0.0491803884506225
807,2.46446140290063e-09,0.5387532584353801,4.400091648101807,4.399863243103027,4.399968175268273,0.0326557262627438,1176.7396596595645,477,4.399939060211182,4.399939060211182,0.0,1176.7396596595645,477,0.1982188317924738,-172.0,0.0475725196301937
808,4.338514211319173e-09,0.5297733703186334,4.400167942047119,4.399862766265869,4.399990564597176,0.2148562568215144,1168.4635835830122,479,4.399895668029785,4.399862766265869,-3.2901763916015625e-05,1168.4635835830122,479,0.2004920815428098,-173.0,0.0481180995702743
809,2.176867891089667e-09,0.1489717484065527,4.400090217590332,4.3998637199401855,4.399971108426671,-0.4339741582281795,1182.0588588584214,481,4.400057792663574,4.400015354156494,-4.2438507080078125e-05,1182.0588588584214,481,0.1965923390040795,-174.0,0.047182161360979
810,4.22087267552893e-09,-0.1935731835694873,4.400091648101807,4.399862766265869,4.399983311095179,-0.8480759669085747,1173.1874074079096,482,4.40006685256958,4.400015354156494,-5.14984130859375e-05,1173.1874074079096,482,0.1938774095227321,-175.0,0.0465305782854557
811,4.246817307241032e-09,-0.8542633237079075,4.400164604187012,4.399715423583984,4.399989795882672,2.508020042031484,1163.4662962965667,482,4.4000325202941895,4.400015354156494,-1.71661376953125e-05,1163.4662962965667,482,0.1904360484331846,-176.0,0.0457046516239643
812,3.375862692661878e-09,-0.5704805372328046,4.40009069442749,4.399787425994873,4.399962420295731,0.246342911078182,1152.3466866873205,483,4.400014400482178,4.400015354156494,9.5367431640625e-07,1152.3466866873205,483,0.1874779506276051,-177.0,0.0449947081506252
813,3.927358306559299e-09,-0.8329902990804725,4.400091171264648,4.399714946746826,4.399975453558889,2.0078709873150355,1158.348648648709,487,4.399939060211182,4.399862766265869,-7.62939453125e-05,1158.348648648709,487,0.1805200551946958,-178.0,0.0433248132467269
814,3.228452427566857e-09,-0.4488232184981355,4.400088787078857,4.399788856506348,4.399959628305221,0.1392889680046143,1147.4534534532577,491,4.400015354156494,4.400015354156494,0.0,1147.4534534532577,491,0.1851635364194711,-179.0,0.044439248740673
815,3.792465665439796e-09,-0.4743300500999444,4.400158882141113,4.399786949157715,4.399981822810868,0.5789038092400669,1149.839999999851,487,4.399939060211182,4.400015354156494,7.62939453125e-05,1149.839999999851,487,0.1846676847587029,-180.0,0.0443202443420887
816,5.264041459504041e-09,-0.2755741875854447,4.400163173675537,4.399786472320557,4.399985657363642,-0.0811610647476306,1149.758738739416,488,4.399939060211182,4.400015354156494,7.62939453125e-05,1149.758738739416,488,0.1812574919313192,-181.0,0.0435017980635166
817,3.650446439611728e-09,-0.0786092006127568,4.400091648101807,4.399862766265869,4.399986748822661,-0.7548329972275218,1139.195675674826,487,4.399955749511719,4.399939060211182,-1.6689300537109375e-05,1139.195675674826,487,0.177716106797258,-182.0,0.0426518656313419
818,3.6260759525359173e-09,0.2704278999848161,4.4001665115356445,4.399866104125977,4.400007301338336,-0.4249401760483806,1134.004204204306,491,4.4000091552734375,4.400015354156494,6.198883056640625e-06,1134.004204204306,491,0.1745642783741156,-183.0,0.0418954268097877
819,4.914350849586206e-09,-0.3850162645518673,4.400091648101807,4.399787425994873,4.399968600759701,-0.33743115511465,1124.1517717707902,490,4.399939060211182,4.400015354156494,7.62939453125e-05,1124.1517717707902,490,0.1720998125771681,-184.0,0.0413039550185203
820,3.780435096911624e-09,0.1028430227216923,4.400163173675537,4.399867534637451,4.399980452542748,-0.2791683282637489,1563.738188188523,366,4.399958610534668,4.400015354156494,5.6743621826171875e-05,1563.738188188523,366,0.242682204892238,-185.0,0.0582437291741371
821,3.278726196533195e-09,-0.4666161506017175,4.400091648101807,4.399786472320557,4.39998962272028,0.7042800155869862,1372.83635635674,483,4.399975299835205,4.400015354156494,4.00543212890625e-05,1372.83635635674,483,0.224254373461008,-186.0,0.0538210496306419
822,3.76008953306114e-09,0.1304698691705033,4.4001641273498535,4.399791717529297,4.399978813218193,0.4493928258991482,1320.8142542541027,489,4.399911403656006,4.400015354156494,0.0001039505004882,1320.8142542541027,489,0.2155508380383253,-187.0,0.051732201129198
823,3.444024430199935e-09,-0.534120823041562,4.400091648101807,4.399792194366455,4.399983531601575,0.5168407612571966,1291.562072072178,490,4.400015354156494,4.400015354156494,0.0,1291.562072072178,490,0.2066327258944511,-188.0,0.0495918542146682
824,3.371695410300449e-09,0.3788704560637335,4.400239944458008,4.399862766265869,4.399985411903366,2.442271708958296,1253.8913313318044,489,4.400015354156494,4.399862766265869,-0.000152587890625,1253.8913313318044,489,0.2021684776991605,-189.0,0.0485204346477985
825,4.820200160590492e-09,0.0037673417935944,4.400166988372803,4.399791717529297,4.39998165994394,0.5416740516425929,1233.3433433435855,488,4.399971961975098,4.400015354156494,4.3392181396484375e-05,1233.3433433435855,488,0.1960439917941888,-190.0,0.0470505580306053
826,4.188850326955409e-09,0.2272803352434114,4.4001641273498535,4.399787902832031,4.3999768081976445,-0.2571715043990004,1212.6172072067857,490,4.399982929229736,4.400015354156494,3.24249267578125e-05,1212.6172072067857,490,0.1926546450704336,-191.0,0.046237114816904
827,3.976410429081491e-09,-0.3802444742211362,4.400091648101807,4.399790287017822,4.399971204075387,-0.1532744976945443,1207.3783383388072,492,4.400049686431885,4.400091648101807,4.1961669921875e-05,1207.3783383388072,492,0.1879444656272729,-192.0,0.0451066717505455
828,5.091599600930677e-09,0.0065362255161823,4.400167942047119,4.399789810180664,4.3999841416754375,0.3629854912865697,1184.3224724717438,492,4.400015354156494,4.399939060211182,-7.62939453125e-05,1184.3224724717438,492,0.1832115153471629,-193.0,0.043970763683319
829,3.479762737926994e-09,0.5883137058141295,4.4001617431640625,4.399863243103027,4.399977193587667,0.3991718771019585,1169.868868868798,491,4.400015354156494,4.399939060211182,-7.62939453125e-05,1169.868868868798,491,0.1798763560752074,-194.0,0.0431703254580497
830,4.716842572934771e-09,-0.266790705705912,4.4001665115356445,4.399862766265869,4.399999492280109,-0.7115115497641198,1154.168268268928,491,4.400015354156494,4.399939060211182,-7.62939453125e-05,1154.168268268928,491,0.175074627622962,-195.0,0.0420179106295108
831,3.146608914138742e-09,0.0149084191046739,4.400166034698486,4.399864673614502,4.3999964100146585,-0.1298334382946473,1146.8344644643366,494,4.400015354156494,4.399939060211182,-7.62939453125e-05,1146.8344644643366,494,0.1719165438165267,-196.0,0.0412599705159664
832,3.095203616413334e-09,0.1570823455277038,4.400091648101807,4.399862766265869,4.399968392921217,-0.7953213690695815,1136.709329329431,495,4.400065898895264,4.400015354156494,-5.054473876953125e-05,1136.709329329431,495,0.167752243578434,-197.0,0.0402605384588241
833,4.7229579472278565e-09,0.8882265934671901,4.400242328643799,4.399863243103027,4.399988011967752,1.239268401690024,1124.4725225213915,496,4.400015354156494,4.400091648101807,7.62939453125e-05,1124.4725225213915,496,0.1647899548212687,-198.0,0.0395495891571044
834,3.1918566606189447e-09,0.3130735645039131,4.400090217590332,4.399862766265869,4.399963425051782,-0.7261294194121972,1112.1891891881824,496,4.399875164031982,4.399862766265869,-1.239776611328125e-05,1112.1891891881824,496,0.1609694678336382,-199.0,0.0386326722800731
835,3.3887002726204998e-09,0.102696553960079,4.400091648101807,4.399862766265869,4.399979637237732,-0.6394764440809206,1107.9976576585325,499,4.399939060211182,4.400091648101807,0.000152587890625,1107.9976576585325,499,0.1571613984803359,-200.0,0.0377187356352806
836,3.212617134331212e-09,-0.5582473525093112,4.400091648101807,4.399789333343506,4.399976124763489,0.2521987491292683,1093.6941141132263,500,4.399957180023193,4.400091648101807,0.0001344680786132,1093.6941141132263,500,0.1530867380400498,-201.0,0.0367408171296119
837,3.8108899002626115e-09,0.1461281185236655,4.400162696838379,4.399792671203613,4.399981300194425,0.2236594247693113,1086.0065165162086,502,4.400091171264648,4.399939060211182,-0.0001521110534667,1086.0065165162086,502,0.1522721257060766,-202.0,0.0365453101694583
838,3.366473787402624e-09,-0.593019013165287,4.400089263916016,4.399789810180664,4.399959189211299,0.1536626722863632,1079.8598598595709,501,4.3999409675598145,4.400015354156494,7.43865966796875e-05,1079.8598598595709,501,0.1465683802962303,-203.0,0.0351764112710952
839,4.169149973119295e-09,0.0211431786354925,4.40016508102417,4.399862766265869,4.399985104326218,-0.4156010658038789,1065.4033433422446,504,4.399982452392578,4.400015354156494,3.2901763916015625e-05,1065.4033433422446,504,0.1453622399518887,-204.0,0.0348869375884532
840,2.842109424839807e-09,-0.2233273267036641,4.400091171264648,4.399863243103027,4.399992143657525,-0.5575975720708133,1058.4963963963091,503,4.400040626525879,4.399939060211182,-0.0001015663146972,1058.4963963963091,503,0.154761519903938,-205.0,0.0371427647769451
841,3.136376290422778e-09,-0.1952022526480594,4.400091648101807,4.3997907638549805,4.399978120803833,0.7340796788909354,1083.958868868649,500,4.3999152183532715,4.400015354156494,0.0001001358032226,1083.958868868649,500,0.1386669153968493,-206.0,0.0332800596952438
842,2.2391620364349094e-09,-0.0732951604061273,4.4001617431640625,4.399866104125977,4.400009031823501,0.7171170178050565,1040.40110110119,506,4.400015354156494,4.400015354156494,0.0,1040.40110110119,506,0.1508055565257867,-207.0,0.0361933335661888
843,2.6524305735483992e-09,0.1027055106805387,4.400090217590332,4.399862766265869,4.399974877248981,-0.4846191798285759,1074.8498498499391,501,4.400015354156494,4.399862766265869,-0.000152587890625,1074.8498498499391,501,0.1340401358902454,-208.0,0.0321696326136589
844,2.6432116188242908e-09,0.0808126175969127,4.400091648101807,4.399866104125977,4.399992296802602,-0.6841741056455204,1041.4818018022925,513,4.3999786376953125,4.399939060211182,-3.9577484130859375e-05,1041.4818018022925,513,0.1345692668110132,-209.0,0.0322966240346431
845,3.835559916628098e-09,-0.3662921325488318,4.400091648101807,4.399787902832031,4.399975140577215,0.0666655976762795,1035.343663662672,509,4.399886131286621,4.399939060211182,5.2928924560546875e-05,1035.343663662672,509,0.1415524166077375,-210.0,0.033972579985857
846,3.587666953447469e-09,-0.0238233526803087,4.400091648101807,4.399862766265869,4.39998789211311,-0.5378116788257583,1048.2796396389604,505,4.400015354156494,4.400015354156494,0.0,1048.2796396389604,505,0.1382502106328805,-211.0,0.0331800505518913
847,3.328711280071535e-09,-0.8010729579893423,4.400091171264648,4.399786472320557,4.399980102937053,0.5122635869012906,1043.2527327332646,508,4.400023460388184,4.399786472320557,-0.0002369880676269,1043.2527327332646,508,0.1267073443159461,-212.0,0.030409762635827
848,2.978237387953143e-09,0.0188786434127675,4.400091648101807,4.3998637199401855,4.399980429559946,-0.5146770295943743,1011.6163163166492,512,4.400015354156494,4.400091648101807,7.62939453125e-05,1011.6163163166492,512,0.1352838240563869,-213.0,0.0324681177735328
849,2.998780259648937e-09,0.533305065934755,4.400166988372803,4.399863243103027,4.399988427320805,0.0075464898185653,1038.291591592133,511,4.399989604949951,4.399939060211182,-5.054473876953125e-05,1038.291591592133,511,0.127980182878673,-214.0,0.0307152438908815
850,2.122343762132956e-09,-0.3412824183314836,4.400090217590332,4.399864196777344,4.3999785817066055,-0.1694870527062701,1010.9945945944636,511,4.399961471557617,4.400015354156494,5.3882598876953125e-05,1010.9945945944636,511,0.1306528691202402,-215.0,0.0313566885888576
851,3.113762510123383e-09,-0.3542599509798209,4.400091648101807,4.3998637199401855,4.400000470888313,-0.5604827860796506,1026.7573173176495,513,4.399939060211182,4.400091648101807,0.000152587890625,1026.7573173176495,513,0.1191849665095408,-216.0,0.0286043919622898
852,2.1563281522038606e-09,-0.3493705952217893,4.400091171264648,4.3998637199401855,4.3999776170803955,-0.2938263575819904,999.7997297290711,520,4.399913787841797,4.399939060211182,2.5272369384765625e-05,999.7997297290711,520,0.1224389144529899,-217.0,0.0293853394687175
853,1.9366499560359774e-09,-0.6189785505733302,4.400015354156494,4.399862766265869,4.3999638400336565,-0.4537135779875649,1002.0796796791255,516,4.399991512298584,4.400015354156494,2.384185791015625e-05,1002.0796796791255,516,0.1197849322731296,-218.0,0.0287483837455511
854,3.182841773114171e-09,0.2552829087061954,4.400162220001221,4.399862766265869,4.399984863377357,-0.0428151364616238,990.6197697687894,516,4.399939060211182,4.400015354156494,7.62939453125e-05,990.6197697687894,516,0.1213952200487256,-219.0,0.0291348528116941
855,4.171182539727942e-09,0.2962806873118869,4.4001641273498535,4.3997907638549805,4.399965883692879,0.1123453145100059,992.3391891885548,514,4.399997234344482,4.399939060211182,-5.817413330078125e-05,992.3391891885548,514,0.1197057620932658,-220.0,0.0287293829023838
856,2.7779838926506363e-09,-0.231036411772438,4.400089740753174,4.399786949157715,4.399951096653014,0.054019988255733,988.418518519029,516,4.399864196777344,4.399939060211182,7.486343383789062e-05,988.418518519029,516,0.1138999592512846,-221.0,0.0273359902203083
857,4.108715428833328e-09,-0.0251813640539088,4.400167465209961,4.399787902832031,4.39998720698274,0.6618054695113638,973.74148148112,519,4.400015354156494,4.400015354156494,0.0,973.74148148112,519,0.1139124079296986,-222.0,0.0273389779031276
858,4.008219280239267e-09,-0.09123301574569,4.400165557861328,4.3997883796691895,4.399987260270899,0.8596784863085953,971.086666667834,519,4.400004863739014,4.399862766265869,-0.0001420974731445,971.086666667834,519,0.1100773069386681,-223.0,0.0264185536652803
859,3.380775784094254e-09,-0.1547736840830254,4.400167942047119,4.399862766265869,4.39998400757331,-0.0348236264546875,972.8428228218108,524,4.3999738693237305,4.400091648101807,0.0001177787780761,972.8428228218108,524,0.1062696566805243,-224.0,0.0255047176033258
860,2.547197638829356e-09,-0.1417727215476969,4.400091648101807,4.399862766265869,4.399995015426115,-0.0272425503104103,967.5962662659584,528,4.400091648101807,4.399862766265869,-0.0002288818359375,967.5962662659584,528,0.1021091360598802,-225.0,0.0245061926543712
861,2.4744392109335155e-09,-0.2293852891429991,4.400091648101807,4.399862766265869,4.3999713782761285,-0.2376376744211445,956.164564564824,531,4.400091648101807,4.400015354156494,-7.62939453125e-05,956.164564564824,531,0.1034298523639639,-226.0,0.0248231645673513
862,2.954983389484488e-09,-0.927433296540266,4.400091171264648,4.399790287017822,4.399965748669745,0.8546378441051337,957.0066066067666,529,4.400015354156494,4.400015354156494,0.0,957.0066066067666,529,0.1035048548753062,-227.0,0.0248411651700735
863,2.043527593811917e-09,-0.3802916428208339,4.400091171264648,4.399862766265869,4.399997378483471,0.2219939433709314,948.5945945940912,526,4.4000139236450195,4.399862766265869,-0.0001511573791503,948.5945945940912,526,0.1054844974229733,-228.0,0.0253162793815135
864,2.4676557371005535e-09,0.5628690222994269,4.4001617431640625,4.399866580963135,4.399985738678268,0.4588353926457253,956.7618818823248,527,4.400091171264648,4.400015354156494,-7.581710815429688e-05,956.7618818823248,527,0.0996738827476898,-229.0,0.0239217318594455
865,2.501347358345117e-09,0.4250224494027387,4.400163650512695,4.399862766265869,4.39999690898379,0.830951148004031,947.5772072058172,532,4.399939060211182,4.399862766265869,-7.62939453125e-05,947.5772072058172,532,0.096003315411508,-230.0,0.0230407956987619
866,4.409275809623007e-09,-0.4587650119722756,4.400091648101807,4.399788856506348,4.399979217921462,-0.1859165329073717,939.818618617952,535,4.400069713592529,4.399939060211182,-0.0001306533813476,939.818618617952,535,0.0944472306097547,-231.0,0.0226673353463411
867,1.9564598556195462e-09,-0.1963718214354384,4.40009069442749,4.399862766265869,4.399976161707228,0.0017414577169581,932.7574174162,535,4.400015354156494,4.400015354156494,0.0,932.7574174162,535,0.0931285709763566,-232.0,0.0223508570343256
868,2.2720014253156687e-09,-0.5760564096834506,4.40009069442749,4.3998637199401855,4.3999928155941745,0.2394703257849477,926.610360359773,536,4.400015354156494,4.399939060211182,-7.62939453125e-05,926.610360359773,536,0.09489506483078,-233.0,0.0227748155593872
869,2.655095567729001e-09,0.5555835247234565,4.400166988372803,4.399874210357666,4.399996431905832,-0.2159517751121944,937.4495995994656,536,4.399874210357666,4.399939060211182,6.4849853515625e-05,937.4495995994656,536,0.0896559096872806,-234.0,0.0215174183249473
870,2.7331265913471806e-09,-0.1205055475482658,4.400091648101807,4.399864196777344,4.399991181703305,-0.500475363123762,917.1035435423256,538,4.3999714851379395,4.399939060211182,-3.24249267578125e-05,917.1035435423256,538,0.0943638694783051,-235.0,0.0226473286747932
871,3.162104063833516e-09,0.7576217253898484,4.400166034698486,4.399866104125977,4.3999929017341985,0.2202742199183269,929.7942242249846,534,4.400015354156494,4.399939060211182,-7.62939453125e-05,929.7942242249846,534,0.0857270167519649,-236.0,0.0205744840204715
872,4.3329620214998255e-09,0.2866522451474466,4.400166988372803,4.399863243103027,4.399997538427328,-0.2952704582691625,905.9189189188182,541,4.39993953704834,4.399939060211182,-4.76837158203125e-07,905.9189189188182,541,0.0869248605643709,-237.0,0.020861966535449
873,3.6713688016303564e-09,-0.3157418297351326,4.400091171264648,4.399786472320557,4.399965949411746,-0.3269354533361848,908.0936036054044,540,4.400079250335693,4.399786472320557,-0.0002927780151367,908.0936036054044,540,0.0897996438046296,-238.0,0.0215519145131111
874,5.966077676789334e-09,0.1312642299938619,4.400167465209961,4.399790287017822,4.399970578438287,-0.5515193037204131,917.7969669662416,538,4.400054931640625,4.399939060211182,-0.0001158714294433,917.7969669662416,538,0.0841083936393261,-239.0,0.0201860144734382
875,4.353904247992115e-09,-0.1081853701149685,4.400166988372803,4.3998637199401855,4.399999838946713,-0.9183347310215076,904.6625625640154,543,4.399949550628662,4.400015354156494,6.580352783203125e-05,904.6625625640154,543,0.0864040261755387,-240.0,0.0207369662821292
876,4.867656377196982e-09,-0.0319710861502746,4.400167465209961,4.399862766265869,4.400010145966535,-0.5907910958036227,909.475675676018,541,4.399862766265869,4.399939060211182,7.62939453125e-05,909.475675676018,541,0.0810648702705899,-241.0,0.0194555688649415
877,1.7545330956047472e-09,-0.31730264981812,4.400091171264648,4.399862766265869,4.3999964416573905,0.247707793051688,892.5901901908219,545,4.39997673034668,4.400015354156494,3.8623809814453125e-05,892.5901901908219,545,0.0830021919682622,-242.0,0.0199205260723829
878,3.543319223895005e-09,0.7778248931521006,4.400167465209961,4.399862766265869,4.399960187428138,0.6294868427108704,900.3092192206532,544,4.400125503540039,4.399939060211182,-0.0001864433288574,900.3092192206532,544,0.0809773647536834,-243.0,0.019434567540884
879,1.953021280058996e-09,-0.3133996470467613,4.400091648101807,4.399864673614502,4.399985659888031,0.1533475112790472,893.0802802816033,545,4.399977684020996,4.400091648101807,0.0001139640808105,893.0802802816033,545,0.079914911960562,-244.0,0.0191795788705348
880,2.886690394258811e-09,-0.3386048800856073,4.400091171264648,4.399862766265869,4.399979153029416,-0.6648861477857784,886.7363363374025,545,4.400041580200195,4.400015354156494,-2.6226043701171875e-05,886.7363363374025,545,0.0782462613036235,-245.0,0.0187791027128696
881,2.490405814135033e-09,0.0132255938927694,4.400089263916016,4.3997907638549805,4.399954581782765,1.3086669005689069,887.0598798803985,548,4.399805068969727,4.399939060211182,0.000133991241455,887.0598798803985,548,0.0770067951331536,-246.0,0.0184816308319568
882,4.1538118289560925e-09,-1.12628977631006,4.400089263916016,4.399712085723877,4.399962764219804,1.9299527512728416,885.0935135129839,550,4.399867534637451,4.399862766265869,-4.76837158203125e-06,885.0935135129839,550,0.0762756137798229,-247.0,0.0183061473071575
883,3.3623425565923104e-09,-0.5441933232922107,4.40009069442749,4.3997883796691895,4.3999904129721905,0.5655238848467254,881.6258558556437,550,4.40007209777832,4.400015354156494,-5.6743621826171875e-05,881.6258558556437,550,0.0752818848316868,-248.0,0.0180676523596048
884,5.316140460500707e-09,-0.568370507231058,4.400166034698486,4.399787902832031,4.399993136851457,0.1955492380299923,871.1152952946723,548,4.400015354156494,4.399939060211182,-7.62939453125e-05,871.1152952946723,548,0.0756006532659133,-249.0,0.0181441567838192
885,3.2137584300839846e-09,-0.783859123376693,4.400091171264648,4.399789810180664,4.399979686910772,0.3958213908083885,873.9256056062877,549,4.399964332580566,4.400015354156494,5.1021575927734375e-05,873.9256056062877,549,0.073348730802536,-250.0,0.0176036953926086
886,3.803846721309721e-09,-0.2156862348384531,4.400166988372803,4.399862766265869,4.400020908571115,-0.4174872251478758,861.8904504496604,549,4.399862766265869,4.399862766265869,0.0,861.8904504496604,549,0.0724071248744925,-251.0,0.0173777099698781
887,4.560501880164363e-09,-0.3926751983299593,4.400163650512695,4.399786949157715,4.399978822026192,0.2136041625547768,861.8923923932016,551,4.399939060211182,4.399939060211182,0.0,861.8923923932016,551,0.0731883182500799,-252.0,0.0175651963800191
888,2.7848890197489222e-09,-0.3338268926376426,4.40009069442749,4.399862766265869,4.399967597481983,-0.493907062464793,861.106026025489,549,4.400015354156494,4.400015354156494,0.0,861.106026025489,549,0.0728154399742682,-253.0,0.0174757055938243
889,4.676773642784574e-09,0.0622223660805306,4.400165557861328,4.399862766265869,4.399996064399761,-0.6722066488655538,858.7198398411274,549,4.400014400482178,4.400015354156494,9.5367431640625e-07,858.7198398411274,549,0.0697260722517967,-254.0,0.0167342573404312
890,3.89199748788157e-09,0.3236665506363707,4.400167465209961,4.399862766265869,4.39998407813086,0.2460924650777833,850.2994494494051,552,4.39995002746582,4.400015354156494,6.532669067382812e-05,850.2994494494051,552,0.0682157697156071,-255.0,0.0163717847317457
891,3.9760477656966304e-09,0.0744617081107546,4.400091648101807,4.3998637199401855,4.399978472138831,-1.0037591726983632,842.1840240247548,553,4.399951934814453,4.400015354156494,6.341934204101562e-05,842.1840240247548,553,0.0682074576616287,-256.0,0.0163697898387908
892,4.091750696774862e-09,0.1140348513822821,4.400166034698486,4.399862766265869,4.399984000598887,-0.5654406728260617,837.4809809811413,551,4.399942874908447,4.400015354156494,7.2479248046875e-05,837.4809809811413,551,0.0637119441914061,-257.0,0.0152908666059374
893,2.891349019195513e-09,-0.9103477155577876,4.400091648101807,4.399787902832031,4.399989759044544,1.1251747612178915,828.7906306292862,557,4.399990558624268,4.400015354156494,2.47955322265625e-05,828.7906306292862,557,0.0665242318063974,-258.0,0.0159658156335353
894,3.578416480634179e-09,0.0526806507949316,4.400167465209961,4.399863243103027,4.3999888102213545,-0.0602343989454774,837.2276476472616,555,4.400040149688721,4.400015354156494,-2.47955322265625e-05,837.2276476472616,555,0.0620579075378676,-259.0,0.0148938978090882
895,2.419641320494287e-09,0.0731742599241419,4.400091171264648,4.3998637199401855,4.399978481020246,-0.333740330944833,826.8219919931144,560,4.400015354156494,4.399939060211182,-7.62939453125e-05,826.8219919931144,560,0.062591202246646,-260.0,0.015021888539195
896,2.3783991865065502e-09,0.0542244855177136,4.400091171264648,4.399862766265869,4.399970464928206,-0.3918664992952099,825.1976576577872,559,4.399939060211182,4.400015354156494,7.62939453125e-05,825.1976576577872,559,0.062855752184987,-261.0,0.0150853805243968
897,2.6558051533269062e-09,0.0165853046734623,4.400091171264648,4.399862766265869,4.399982183957271,-0.5067365795586696,819.9111111108214,556,4.399939060211182,4.399862766265869,-7.62939453125e-05,819.9111111108214,556,0.0615600186089674,-262.0,0.0147744044661521
898,6.8019375725872455e-09,-0.5663776608634195,4.400166034698486,4.399633884429932,4.399961943285806,2.0129570123580005,822.7148248236626,560,4.400012969970703,4.399862766265869,-0.0001502037048339,822.7148248236626,560,0.06065172686552,-263.0,0.0145564144477248
899,1.642051436022912e-09,-0.3430047494031878,4.400015354156494,4.399863243103027,4.399967622841956,-0.7579159685270653,820.1449449453503,561,4.400015354156494,4.399939060211182,-7.62939453125e-05,820.1449449453503,561,0.0598268117755651,-264.0,0.0143584348261356
900,2.904953348851338e-09,0.1579690551460894,4.400090217590332,4.399862766265869,4.399970316336379,-0.6472376743891357,821.3413413409144,563,4.399999141693115,4.400015354156494,1.621246337890625e-05,821.3413413409144,563,0.0608350538338224,-265.0,0.0146004129201173
901,2.1862151175601238e-09,0.5966149150246476,4.400091648101807,4.399865627288818,4.399984425189448,-0.1682831857993632,819.8030030038208,561,4.4000349044799805,4.399939060211182,-9.584426879882812e-05,819.8030030038208,561,0.0598663891044755,-266.0,0.0143679333850741
902,4.112125619660935e-09,-0.0399294640404591,4.400091648101807,4.399862766265869,4.399982249122742,-0.8904760949855373,821.065685685724,563,4.399895668029785,4.400091648101807,0.0001959800720214,821.065685685724,563,0.0591248157434165,-267.0,0.0141899557784199
903,4.040241306340305e-09,-0.1446923706080687,4.400166988372803,4.399862766265869,4.399997520616169,-0.1421511960822208,815.991371370852,563,4.399862766265869,4.400091648101807,0.0002288818359375,815.991371370852,563,0.0566937068166832,-268.0,0.0136064896360039
904,3.7108629542677315e-09,0.0806863815818374,4.400091648101807,4.399862766265869,4.3999804488325545,-0.7190711655562163,807.0958558563143,565,4.399939060211182,4.399939060211182,0.0,807.0958558563143,565,0.0576165504753589,-269.0,0.0138279721140861
905,2.5817528127508934e-09,-0.0602711170485636,4.40009069442749,4.399862766265869,4.399977153825506,-0.4482038443853953,806.5234434437007,563,4.399946212768555,4.400015354156494,6.914138793945312e-05,806.5234434437007,563,0.0569103673721353,-270.0,0.0136584881693124
906,3.595704844896656e-09,0.4049541820654839,4.400165557861328,4.399864673614502,4.399993967376979,0.0515215052969795,805.9893093090504,565,4.399991989135742,4.400015354156494,2.3365020751953125e-05,805.9893093090504,565,0.0568187097087502,-271.0,0.0136364903301
907,2.4539209136799895e-09,-0.0879329332950214,4.400090217590332,4.399864196777344,4.39997747893882,-0.4958325748994086,805.9893093090504,565,4.400071620941162,4.399939060211182,-0.0001325607299804,805.9893093090504,565,0.0561583205126225,-272.0,0.0134779969230294
908,3.3380391463601562e-09,0.1045785189086556,4.400091648101807,4.39986515045166,4.399995028234161,-0.9310763483819152,802.0994594600052,565,4.400042533874512,4.400091648101807,4.9114227294921875e-05,802.0994594600052,565,0.0553441272738079,-273.0,0.0132825905457139
909,2.56601585916651e-09,0.007026046202679,4.400091648101807,4.399863243103027,4.3999971863237795,-0.5258004649623156,798.516366366297,566,4.400015354156494,4.399939060211182,-7.62939453125e-05,798.516366366297,566,0.0550375940899054,-274.0,0.0132090225815773
910,4.330724973589294e-09,-0.0689031232691711,4.400091648101807,4.3998637199401855,4.3999943095193785,-1.062012033058643,802.1091891899705,568,4.400015830993652,4.399939060211182,-7.677078247070312e-05,802.1091891899705,568,0.0563541155618925,-275.0,0.0135249877348542
911,4.475343224146905e-09,-0.6375085728867568,4.400091648101807,4.3997883796691895,4.399984012488574,0.0126262009069919,798.6869469471276,563,4.400015354156494,4.400015354156494,0.0,798.6869469471276,563,0.0540584869061907,-276.0,0.0129740368574857
912,2.985631433609358e-09,0.0032678342991069,4.400164604187012,4.3998637199401855,4.400002900983246,0.2860245674773849,796.2632432430983,568,4.399874687194824,4.400015354156494,0.0001406669616699,796.2632432430983,568,0.059874743844072,-277.0,0.0143699385225772
913,6.778057502623658e-09,0.1818346456935489,4.400167942047119,4.399786472320557,4.39996771871726,-0.6366668211508677,819.507387386635,563,4.399862766265869,4.400015354156494,0.000152587890625,819.507387386635,563,0.0527127451884249,-278.0,0.0126510588452219
914,2.777479634481471e-09,-0.0463175979183389,4.400091171264648,4.3998637199401855,4.399980371344945,-0.6197011692959462,797.05285285227,571,4.400015354156494,4.400015354156494,0.0,797.05285285227,571,0.0588959315791726,-279.0,0.0141350235790014
915,2.356619290371051e-09,-1.2244233814849883,4.40009069442749,4.399789810180664,4.39998730376601,2.0847413551209537,814.5005805809051,563,4.400015354156494,4.400015354156494,0.0,814.5005805809051,563,0.0526630436070263,-280.0,0.0126391304656863
916,2.405314065631913e-09,-0.6093484389545829,4.400091171264648,4.399790287017822,4.399983776661387,1.634220597498023,792.8294494505972,570,4.399939060211182,4.399939060211182,0.0,792.8294494505972,570,0.0566650492449601,-281.0,0.0135996118187904
917,2.187312105623929e-09,-0.1221234652997745,4.400091648101807,4.399863243103027,4.3999900368983536,0.2030038520555614,800.6390390377492,563,4.39988899230957,4.400091648101807,0.0002026557922363,800.6390390377492,563,0.0550857589890559,-282.0,0.0132205821573734
918,3.372262138728452e-09,0.0040349911099534,4.400091648101807,4.3998637199401855,4.399994799610583,-0.7661586456491052,798.0186686683446,566,4.400019645690918,4.399939060211182,-8.058547973632812e-05,798.0186686683446,566,0.0545775944677492,-283.0,0.0130986226722598
919,2.727827232400281e-09,0.2782082895264957,4.400091648101807,4.399864673614502,4.399979983566096,-0.6121738605487388,802.9041041042656,569,4.399949550628662,4.400015354156494,6.580352783203125e-05,802.9041041042656,569,0.0541043079768618,-284.0,0.0129850339144468
