cycle_number,relax_var,relax_ske,relax_max,relax_min,relax_mean,relax_kur,relax_duration_s,relax_points,relax_start_voltage,relax_end_voltage,relax_voltage_delta,window_s,window_points,SOH,RUL,discharge_capacity_in_Ah
1,2.319753521740736e-09,0.0471480088865048,4.400091648101807,4.399939060211182,4.400010835344546,-1.0317704809429489,498.5066466466524,107,4.400015354156494,4.400015354156494,0.0,498.5066466466524,107,1.0393582905332248,945.0,0.2494459897279739
2,2.4303923253317683e-09,0.0402045062597185,4.400154113769531,4.399939060211182,4.400026129784985,-0.4094751116689101,497.6567367367679,107,4.40009069442749,4.400015354156494,-7.534027099609375e-05,497.6567367367679,107,1.039058156311512,944.0,0.2493739575147628
3,1.7783741943935082e-09,0.1000290985171336,4.400090217590332,4.399939060211182,4.400002381511938,-0.7576219207243091,497.7055455455557,107,4.399939060211182,4.399939060211182,0.0,497.7055455455557,107,1.038836811979612,943.0,0.2493208348751068
4,2.5482537363648442e-09,0.0890332644881756,4.400082588195801,4.399864196777344,4.399971930485852,-0.4230789311914478,492.1126126126619,106,4.399999141693115,4.399939060211182,-6.008148193359375e-05,492.1126126126619,106,1.0387390851974487,942.0,0.2492973804473877
5,2.341372720157528e-09,0.3580576318911001,4.400091648101807,4.399939060211182,4.400004929187251,-0.8296605466112532,500.8386786787305,102,4.400091648101807,4.400015354156494,-7.62939453125e-05,500.8386786787305,102,1.039745844900608,941.0,0.2495390027761459
6,1.4611637283760151e-09,0.2324085422313247,4.40009069442749,4.399939060211182,4.399994710706315,-0.4136923524174021,492.7768768768292,106,4.399949550628662,4.400015354156494,6.580352783203125e-05,492.7768768768292,106,1.0394770031174023,940.0,0.2494744807481765
7,2.3288380782754204e-09,0.9517241597692312,4.400090217590332,4.399863243103027,4.399964674463812,0.3682573700153937,492.5288288288284,106,4.399939060211182,4.399939060211182,0.0,492.5288288288284,106,1.0391414786378543,939.0,0.249393954873085
8,3.251880104037728e-09,-0.2396113275990168,4.400091648101807,4.39986515045166,4.3999966720365125,-0.4145182074356235,492.0579579579644,106,4.4000773429870605,4.399939060211182,-0.0001382827758789,492.0579579579644,106,1.0386642689506214,938.0,0.2492794245481491
9,2.054432413428026e-09,0.5060889065813986,4.400091648101807,4.399939060211182,4.399992295031278,-0.8033160514687916,491.8740240240004,106,4.399940013885498,4.400091648101807,0.0001516342163085,491.8740240240004,106,1.038664331038793,937.0,0.2492794394493103
10,2.299621748214442e-09,-0.5487726763124948,4.40009069442749,4.3998637199401855,4.39998551777431,0.133250894909279,487.06042042037006,105,4.399952411651611,4.400015354156494,6.29425048828125e-05,487.06042042037006,105,1.0381853207945824,936.0,0.2491644769906997
11,1.435619102881584e-09,0.7315151824384423,4.40008544921875,4.399939060211182,4.399977490587054,-0.1861173166853191,491.698498498532,106,4.3999481201171875,4.400015354156494,6.723403930664062e-05,491.698498498532,106,1.0377729311585426,935.0,0.2490655034780502
12,3.601828885022243e-09,-0.1406306139048608,4.400091648101807,4.399862766265869,4.399987634622826,-0.3565890828405162,491.6133633633144,106,4.400005340576172,4.400015354156494,1.0013580322265623e-05,491.6133633633144,106,1.037720963358879,934.0,0.2490530312061309
13,3.176995212612089e-09,0.3122900227904432,4.400160789489746,4.399868488311768,4.399989246186756,0.7430416681087721,486.2785985985538,105,4.3999433517456055,4.400015354156494,7.200241088867188e-05,486.2785985985538,105,1.0374896228313446,933.0,0.2489975094795227
14,1.909359486881766e-09,-1.1621956433149798,4.400091648101807,4.3998703956604,4.399993823124812,1.1774960641112466,481.1533133132616,104,4.400091648101807,4.399939060211182,-0.000152587890625,481.1533133132616,104,1.0371686269839606,932.0,0.2489204704761505
15,1.4981274601005332e-09,1.238064335668719,4.400091171264648,4.399939060211182,4.3999681245713,0.702395380045505,486.1536736736307,105,4.399939060211182,4.400015354156494,7.62939453125e-05,486.1536736736307,105,1.0370852425694466,931.0,0.2489004582166671
16,2.031055125468108e-09,-0.3150900493708147,4.400091648101807,4.399868011474609,4.400003206162226,0.8345714862130342,485.9860660659615,105,4.400010585784912,4.400015354156494,4.76837158203125e-06,485.9860660659615,105,1.037062332034111,930.0,0.2488949596881866
17,1.9835682582823803e-09,0.313633603956459,4.400091648101807,4.399874687194824,4.39999273390997,0.4728206909146308,486.2078078077175,105,4.39987850189209,4.400015354156494,0.0001368522644042,486.2078078077175,105,1.0369852185249329,929.0,0.2488764524459839
18,1.314871482024031e-09,-0.5004346328292871,4.400091648101807,4.399866104125977,4.399981621333531,0.5818041451479097,486.146386386361,105,4.399883270263672,4.400091648101807,0.0002083778381347,486.146386386361,105,1.0369334369897842,928.0,0.2488640248775482
19,1.038108538000332e-09,0.4995294366294446,4.400028705596924,4.399939060211182,4.399968060993013,-1.4830155266955054,485.7382982983254,105,4.400028705596924,4.399939060211182,-8.96453857421875e-05,485.7382982983254,105,1.0363646472493808,927.0,0.2487275153398513
20,2.5336741054823708e-09,-0.4592794962459554,4.400085926055908,4.399864196777344,4.399990441752415,-0.2850125546703328,491.85180180170573,102,4.399939060211182,4.400015354156494,7.62939453125e-05,491.85180180170573,102,1.0393664240837095,926.0,0.2494479417800903
21,4.6036440932063765e-09,-0.1982589854377821,4.400091648101807,4.399862766265869,4.399986821129208,-0.9358500034607032,487.2967367367819,105,4.399965286254883,4.400091648101807,0.0001263618469238,487.2967367367819,105,1.038789190351963,925.0,0.2493094056844711
22,4.193221241458117e-09,0.4692704373490765,4.400160789489746,4.399866580963135,4.399994786580404,-0.0789895321043685,486.790790790692,105,4.400007247924805,4.400091648101807,8.440017700195312e-05,486.790790790692,105,1.038366431991259,924.0,0.2492079436779022
23,2.3790450462676383e-09,-0.276655743685551,4.40009069442749,4.399864673614502,4.399970086721273,-0.5773423564042526,481.7966766767204,104,4.399956226348877,4.400015354156494,5.91278076171875e-05,481.7966766767204,104,1.0382432490587234,923.0,0.2491783797740936
24,7.849288249084292e-10,-0.4153507327615648,4.400015354156494,4.399939060211182,4.399986435118175,-1.3438794049807534,486.4743143143132,105,4.399939060211182,4.400015354156494,7.62939453125e-05,486.4743143143132,105,1.037841228147348,922.0,0.2490818947553634
25,2.925681439376157e-09,-0.1484159732362029,4.400089740753174,4.399868965148926,4.399984213022085,-0.6542357327915389,481.5038638638798,104,4.399943828582764,4.400015354156494,7.152557373046875e-05,481.5038638638798,104,1.0374244923392932,921.0,0.2489818781614303
26,1.2560334941239684e-09,0.2598515991063337,4.400087356567383,4.399939060211182,4.399989394041208,-0.3417970664294421,481.1873373372946,104,4.399944305419922,4.400015354156494,7.104873657226562e-05,481.1873373372946,104,1.0373100638389587,920.0,0.2489544153213501
27,3.726134395638104e-09,0.2486141498506067,4.400166988372803,4.399868011474609,4.400014221668243,-0.1742680119529907,481.13475475483574,104,4.400015354156494,4.400091648101807,7.62939453125e-05,481.13475475483574,104,1.0372726246714592,919.0,0.2489454299211502
28,3.0584309239218334e-09,-0.4509928957182353,4.400084018707275,4.39986515045166,4.39998353569253,-0.5972574260931336,475.892792792758,103,4.399896144866943,4.399939060211182,4.291534423828125e-05,475.892792792758,103,1.0376830274860065,918.0,0.2490439265966415
29,2.1190101569531923e-09,-0.0292848765430037,4.400091648101807,4.399868488311768,4.399980590893672,-0.1808589973606755,481.0873273273464,104,4.399939060211182,4.400091648101807,0.000152587890625,481.0873273273464,104,1.0370184977849326,917.0,0.2488844394683838
30,2.1851734130568347e-09,0.3277368690062514,4.400090217590332,4.399939060211182,4.399996413634374,-1.063403921373038,480.78214214206673,104,4.400015354156494,4.400015354156494,0.0,480.78214214206673,104,1.0364830493927002,916.0,0.248755931854248
31,3.332412115890629e-09,-0.2313383476095235,4.400091648101807,4.399863243103027,4.399993873777843,-0.7847255937136675,485.6706306305714,105,4.399941921234131,4.400091648101807,0.0001497268676757,485.6706306305714,105,1.0363706077138584,915.0,0.248728945851326
32,3.19244558761316e-09,0.9416696563588962,4.400091648101807,4.399872303009033,4.399976854140942,-0.0679095644185041,480.709969969932,104,4.400002956390381,4.400015354156494,1.239776611328125e-05,480.709969969932,104,1.0362040872375171,914.0,0.2486889809370041
33,2.717366886812957e-09,-0.4043341317122892,4.400089263916016,4.3998637199401855,4.399989233567164,-0.3155753247372224,480.5367567567155,104,4.399999618530273,4.399939060211182,-6.0558319091796875e-05,480.5367567567155,104,1.0356750960151355,913.0,0.2485620230436325
34,3.744199043117427e-09,0.3982662102564444,4.400167942047119,4.399863243103027,4.399992370605469,0.5721108917101758,485.2937737738248,105,4.400015354156494,4.400167942047119,0.000152587890625,485.2937737738248,105,1.0355144118269286,912.0,0.2485234588384628
35,1.809062988864342e-09,0.2430422243430612,4.400088310241699,4.399939060211182,4.3999980871494,-0.797295497925953,480.434684684733,104,4.399939060211182,4.400015354156494,7.62939453125e-05,480.434684684733,104,1.035395512978236,911.0,0.2484949231147766
36,1.493256749509473e-09,0.3900718741069887,4.40009069442749,4.399939060211182,4.399992070879255,-0.3772599408341341,485.1750950950663,105,4.400015354156494,4.400015354156494,0.0,485.1750950950663,105,1.0352622096737227,910.0,0.2484629303216934
37,2.461519880133993e-09,-0.5303563114620966,4.400015354156494,4.399862766265869,4.399960604997782,-0.8327483249669432,480.1985785786528,104,4.399938106536865,4.400015354156494,7.724761962890625e-05,480.1985785786528,104,1.0371266553799312,909.0,0.2489103972911834
38,4.2629952789459125e-09,0.1659602305322153,4.400161266326904,4.399866104125977,4.399998271349564,-0.476926949480553,475.91219219216146,103,4.399939060211182,4.400015354156494,7.62939453125e-05,475.91219219216146,103,1.036018319427967,908.0,0.2486443966627121
39,1.9863118913336876e-09,-0.0173904814336655,4.400088787078857,4.399865627288818,4.3999892840018635,0.07765226692677,480.46458458458073,104,4.400008201599121,4.399939060211182,-6.914138793945312e-05,480.46458458458073,104,1.0350539659460387,907.0,0.2484129518270492
40,5.916006942483027e-09,0.2251129708681478,4.400166988372803,4.399862766265869,4.400000219161694,-0.4389717380303946,480.17486486490816,104,4.399939060211182,4.399939060211182,0.0,480.17486486490816,104,1.0347288722793262,906.0,0.2483349293470382
41,4.582493385001438e-09,0.3849941380745736,4.400160312652588,4.399867534637451,4.399998435607324,-0.1485540600400319,480.1387787787244,104,4.400015354156494,4.400015354156494,0.0,480.1387787787244,104,1.034295621017615,905.0,0.2482309490442276
42,1.478226989325923e-09,-0.4544817851856847,4.400015354156494,4.399866580963135,4.399968578265264,-0.479968414942117,480.006806806894,104,4.400013446807861,4.400015354156494,1.9073486328125e-06,480.006806806894,104,1.034181130429109,904.0,0.2482034713029861
43,5.117795190483613e-09,0.421881273483007,4.4001665115356445,4.3998637199401855,4.400005181630452,-0.717772705277731,484.8513313313015,105,4.399946212768555,4.400015354156494,6.914138793945312e-05,484.8513313313015,105,1.034264328579108,903.0,0.2482234388589859
44,8.878476538315263e-10,-0.0204273197646034,4.400088310241699,4.3999409675598145,4.40001700933163,1.0868599134562065,479.6387287287507,104,4.399953842163086,4.400015354156494,6.151199340820312e-05,479.6387287287507,104,1.0341040790081024,902.0,0.2481849789619445
45,2.9123960939281183e-09,-0.5635753690856893,4.400089740753174,4.399862766265869,4.399977979205904,-0.155540215326956,484.7545145144686,105,4.400015354156494,4.400015354156494,0.0,484.7545145144686,105,1.033995859324932,901.0,0.2481590062379837
46,3.916219138639899e-09,-0.0844329852794994,4.400091648101807,4.399862766265869,4.399975154513404,-0.6059032672671996,484.7680480480194,105,4.40001106262207,4.400015354156494,4.291534423828125e-06,484.7680480480194,105,1.0340601826707525,900.0,0.2481744438409805
47,2.666590388546799e-09,-0.6190386870823107,4.40009069442749,4.399862766265869,4.399981539983016,0.2583985409946003,479.722242242191,104,4.400019645690918,4.399939060211182,-8.058547973632812e-05,479.722242242191,104,1.0339976598819098,899.0,0.2481594383716583
48,2.222697485894269e-09,-0.553607037039751,4.400088787078857,4.399867057800293,4.399998760223388,0.3664581802153068,484.59419419406913,105,4.400015354156494,4.400015354156494,0.0,484.59419419406913,105,1.0348873833815255,898.0,0.2483729720115661
49,2.153582247890479e-09,0.1742433575047103,4.400085926055908,4.399867534637451,4.399969192651602,-0.1383605555716114,479.8490590590518,104,4.399867534637451,4.399939060211182,7.152557373046875e-05,479.8490590590518,104,1.0348268474141755,897.0,0.2483584433794021
50,1.0787515705468878e-09,-0.2430502895133545,4.400015354156494,4.399939060211182,4.399981952407985,-1.7144584452345115,474.7870270269923,103,4.400015354156494,4.400015354156494,0.0,474.7870270269923,103,1.0346103459596634,896.0,0.2483064830303192
51,2.3459992796632284e-09,0.0052258822353605,4.400091648101807,4.399870872497559,4.399989316096673,-0.5469348590104337,479.6315115115139,104,4.399918556213379,4.400015354156494,9.679794311523438e-05,479.6315115115139,104,1.0344666118423145,895.0,0.2482719868421554
52,1.539663202271139e-09,1.633105066170783,4.400091648101807,4.399939060211182,4.399969725932889,2.5300646096796733,474.6226426425856,103,4.3999552726745605,4.400091648101807,0.000136375427246,474.6226426425856,103,1.0342705994844437,894.0,0.2482249438762664
53,1.2315783430839147e-09,0.4584612209006749,4.400089740753174,4.399939060211182,4.399982810020447,-0.196224553550846,479.5315015015658,104,4.400089740753174,4.400015354156494,-7.43865966796875e-05,479.5315015015658,104,1.0341225812832515,893.0,0.2481894195079803
54,3.02560051662033e-09,-0.6205750006097208,4.40009069442749,4.399862766265869,4.4000044465065,-0.1653748915764326,479.8119419419672,104,4.400089740753174,4.399862766265869,-0.0002269744873046,479.8119419419672,104,1.0338643565773964,892.0,0.2481274455785751
55,1.8867861331901455e-09,0.4701544245453635,4.400091648101807,4.399939060211182,4.3999881240037775,-0.7496198966838508,479.1840440439992,104,4.399957180023193,4.400015354156494,5.817413330078125e-05,479.1840440439992,104,1.034222977856795,891.0,0.2482135146856308
56,3.0437194618882734e-09,0.1751222675990481,4.400091648101807,4.39986515045166,4.399987151321856,-0.816504814732824,474.74618618609384,103,4.400091648101807,4.399939060211182,-0.000152587890625,474.74618618609384,103,1.0341481616099677,890.0,0.2481955587863922
57,1.820119904101691e-09,-0.234052945582045,4.400015354156494,4.399862766265869,4.39995067853194,-0.2904205680436957,479.4871671672445,104,4.399939060211182,4.399862766265869,-7.62939453125e-05,479.4871671672445,104,1.0335624838868778,889.0,0.2480549961328506
58,2.531857476639646e-09,-0.4969256819750661,4.400091648101807,4.399862766265869,4.399965941905975,-0.2673450621110147,479.33045045053586,104,4.399999141693115,4.400091648101807,9.250640869140624e-05,479.33045045053586,104,1.0333831732471783,888.0,0.2480119615793228
59,2.2223146439824163e-09,-0.7746950559370325,4.400084972381592,4.399867057800293,4.3999870006854715,0.2394879888815673,479.2314714714885,104,4.400018692016602,4.400015354156494,-3.337860107421875e-06,479.2314714714885,104,1.0333687687913578,887.0,0.2480085045099258
60,1.043772102190629e-09,0.3064103604401406,4.400091648101807,4.399944305419922,4.400030255317688,0.1764608700500445,479.16754754749127,104,4.400089263916016,4.400091648101807,2.384185791015625e-06,479.16754754749127,104,1.0332215577363968,886.0,0.2479731738567352
61,2.221044475877626e-09,0.4752736641965258,4.400090217590332,4.399939060211182,4.399990448584924,-1.005551866577091,479.47376376367174,104,4.400080680847168,4.399939060211182,-0.0001416206359863,479.47376376367174,104,1.0329269493619602,885.0,0.2479024678468704
62,3.2028428521475294e-09,0.1742535417360685,4.400091648101807,4.399867057800293,4.399966489701044,-0.781557573759049,484.1413413414266,105,4.399867057800293,4.400091648101807,0.0002245903015136,484.1413413414266,105,1.0328686485687892,884.0,0.2478884756565094
63,4.301872974390934e-09,-0.6896359335222579,4.400091648101807,4.399787425994873,4.399979424708098,0.1654290777630929,473.67717717727646,103,4.39996337890625,4.400091648101807,0.0001282691955566,473.67717717727646,103,1.032879079381625,883.0,0.2478909790515899
64,2.209656922128105e-09,0.0198876391784847,4.400087833404541,4.3998637199401855,4.399984465195582,-0.0048113986391733,479.1180580579676,104,4.400001049041748,4.399939060211182,-6.198883056640625e-05,479.1180580579676,104,1.0329955567916236,882.0,0.2479189336299896
65,1.7246770710817683e-09,0.3281082439458274,4.400091648101807,4.399939060211182,4.400010275609285,-0.4847835568530643,474.09681681683287,103,4.3999409675598145,4.399939060211182,-1.9073486328125e-06,474.09681681683287,103,1.032022945582867,881.0,0.247685506939888
66,1.96561910549559e-09,0.5686832976463901,4.400163650512695,4.399939060211182,4.40001727058774,1.266624884863652,483.95499499491416,105,4.400022506713867,4.399939060211182,-8.344650268554688e-05,483.95499499491416,105,1.0316792875528336,880.0,0.24760302901268
67,2.805264988964132e-09,-0.2304245151264758,4.400153636932373,4.399866104125977,4.400001207987468,0.8834831206137874,483.7853053053841,105,4.400015354156494,4.400015354156494,0.0,483.7853053053841,105,1.0311625277002654,879.0,0.2474790066480636
68,1.870512778123655e-09,0.7341013170686009,4.400089740753174,4.399939060211182,4.399979645865304,-0.5289134829947839,483.7124324324541,105,4.400015354156494,4.400015354156494,0.0,483.7124324324541,105,1.0310708855589232,878.0,0.2474570125341415
69,2.575655180874327e-09,-0.3966091609145022,4.400087356567383,4.39986515045166,4.399987188975016,-0.1033514283229206,483.7582382382825,105,4.400015354156494,4.400015354156494,0.0,483.7582382382825,105,1.0311479369799297,877.0,0.2474755048751831
70,2.09669569765285e-09,0.0458880706515421,4.400088787078857,4.399868488311768,4.399985973651592,0.1342249635202366,478.7510110109579,104,4.399874687194824,4.400015354156494,0.0001406669616699,478.7510110109579,104,1.0308356955647469,876.0,0.2474005669355392
71,1.7536462070023799e-09,-0.3874359265712234,4.400091648101807,4.399939060211182,4.400016539437431,-0.3245089213249574,483.6447647647001,105,4.400015354156494,4.400091648101807,7.62939453125e-05,483.6447647647001,105,1.030581258237362,875.0,0.2473395019769668
72,2.301912888035905e-09,-0.0259079156179573,4.400089263916016,4.399863243103027,4.39998665845619,-0.1007546244964663,488.52432432444766,106,4.400087356567383,4.399939060211182,-0.0001482963562011,488.52432432444766,106,1.0306126748522124,874.0,0.2473470419645309
73,3.166794005211915e-09,-0.4554422150209272,4.400091648101807,4.399870872497559,4.400007365998768,-0.6740605336970682,483.62290290300734,105,4.400084018707275,4.400091648101807,7.62939453125e-06,483.62290290300734,105,1.0303918272256851,873.0,0.2472940385341644
74,2.445979726128963e-09,1.0448925920863716,4.400161266326904,4.399939060211182,4.400002420516241,1.1763497944188035,483.2502102102153,105,4.399942398071289,4.399939060211182,-3.337860107421875e-06,483.2502102102153,105,1.0307238126794498,872.0,0.2473737150430679
75,1.8181602808575647e-09,0.5549147691264784,4.400152683258057,4.399939060211182,4.4000038873581655,1.1977963886776957,483.4271871871315,105,4.400152683258057,4.400091648101807,-6.103515625e-05,483.4271871871315,105,1.0305566092332206,871.0,0.2473335862159729
76,1.765005879397599e-09,0.3837551563598773,4.400084972381592,4.399939060211182,4.399990829137655,-0.7098932452213145,478.4035535536241,104,4.400005340576172,4.399939060211182,-6.628036499023438e-05,478.4035535536241,104,1.0304294526576996,870.0,0.2473030686378479
77,1.4142184533735722e-09,0.268114115427626,4.400089263916016,4.39987325668335,4.399986221676781,0.823370829549555,483.3480680680368,105,4.400015354156494,4.400015354156494,0.0,483.3480680680368,105,1.030396359662215,869.0,0.2472951263189315
78,2.196167267253665e-09,-0.3450912834279044,4.40009069442749,4.399866580963135,4.399984146299817,-0.0260932365245447,483.1783783782739,105,4.39996337890625,4.400015354156494,5.1975250244140625e-05,483.1783783782739,105,1.0301773746808371,868.0,0.2472425699234008
79,2.053745644040841e-09,1.168813279915779,4.4001641273498535,4.399939060211182,4.400007543109712,2.015100775733976,483.4136536535807,105,4.400015354156494,4.399939060211182,-7.62939453125e-05,483.4136536535807,105,1.0299128169814746,867.0,0.2471790760755539
80,3.090176155987696e-09,-0.4263589781719704,4.400088787078857,4.399862766265869,4.399975681304932,-0.2594430878015243,483.170050050132,105,4.400007724761963,4.400015354156494,7.62939453125e-06,483.170050050132,105,1.029869168996811,866.0,0.2471686005592346
81,2.101522100336283e-09,0.1211890484088661,4.400091648101807,4.399873733520508,4.399991439637684,0.1991935686882793,483.2804004002828,105,4.39994478225708,4.400015354156494,7.05718994140625e-05,483.2804004002828,105,1.0298502941926322,865.0,0.2471640706062317
82,2.056305555135503e-09,0.4538429452205511,4.400160789489746,4.399939060211182,4.40003411429269,0.0525265341606919,483.19711711700074,105,4.399998188018799,4.400015354156494,1.71661376953125e-05,483.19711711700074,105,1.0296733429034552,864.0,0.2471216022968292
83,2.512050535719851e-09,-0.2876572551607311,4.400091648101807,4.399867057800293,4.4000074143679635,-0.19356218766909,488.16591591597535,106,4.399939060211182,4.400015354156494,7.62939453125e-05,488.16591591597535,106,1.0299441715081534,863.0,0.2471866011619568
84,2.005623504800373e-09,0.5037755288256153,4.400087833404541,4.399939060211182,4.3999948319934665,-0.8485682445613314,483.4230230229441,105,4.4000043869018555,4.400015354156494,1.0967254638671877e-05,483.4230230229441,105,1.0295230895280838,862.0,0.2470855414867401
85,1.045175376734157e-09,0.2304796679298791,4.400088787078857,4.399942874908447,4.39999908771155,0.1272499788090777,488.1743243243546,106,4.3999433517456055,4.400015354156494,7.200241088867188e-05,488.1743243243546,106,1.0293458277980487,861.0,0.2470429986715316
86,8.437652614859107e-10,0.001812846960231,4.40008544921875,4.399939060211182,4.399996366954985,0.1683239421758093,483.1367367366329,105,4.39995002746582,4.400015354156494,6.532669067382812e-05,483.1367367366329,105,1.0292585318287215,860.0,0.2470220476388931
87,2.5609184909448355e-09,-0.2680791030864845,4.400086402893066,4.399866580963135,4.399985358400165,-0.5396846182009511,487.9304804804269,106,4.400086402893066,4.400015354156494,-7.104873657226562e-05,487.9304804804269,106,1.029183529317379,859.0,0.2470040470361709
88,1.5209999609006835e-09,-0.6314583260483149,4.400090217590332,4.399869918823242,4.399990081787109,0.7409242329334562,487.9966966966167,106,4.400090217590332,4.400015354156494,-7.486343383789062e-05,487.9966966966167,106,1.0292334482073784,858.0,0.2470160275697708
89,1.2437734733124802e-09,-0.8816702402881766,4.400083065032959,4.399867057800293,4.399992079105017,1.568154848063997,487.960960960947,106,4.400003433227539,4.400015354156494,1.1920928955078123e-05,487.960960960947,106,1.029277220368385,857.0,0.2470265328884124
90,2.0159277799380422e-09,-1.2811571891092024,4.400015354156494,4.399863243103027,4.399984968276251,0.3194911742845727,482.98370370361954,105,4.399873733520508,4.400015354156494,0.0001416206359863,482.98370370361954,105,1.029148201147715,856.0,0.2469955682754516
91,1.6770924055277651e-09,0.5324717194400244,4.400088310241699,4.399939060211182,4.399988628569103,-0.4808036188173923,482.8348348347936,105,4.399939060211182,4.400015354156494,7.62939453125e-05,482.8348348347936,105,1.028750278055668,855.0,0.2469000667333603
92,1.274712799725299e-09,0.1571109709807046,4.400091648101807,4.399939060211182,4.399991053455281,-0.3837179296172928,487.8726726726163,106,4.399939060211182,4.400015354156494,7.62939453125e-05,487.8726726726163,106,1.0288959989945097,854.0,0.2469350397586822
93,9.188973944795815e-10,-0.134845837175385,4.400015354156494,4.399939060211182,4.399980045500255,-1.5964642373860167,482.9129129128996,105,4.400015354156494,4.400015354156494,0.0,482.9129129128996,105,1.0286960750818253,853.0,0.246887058019638
94,2.689142629372864e-09,0.0940765869440245,4.40015172958374,4.399862766265869,4.400011380513509,0.0067750404511444,482.4173773773946,105,4.399939060211182,4.399862766265869,-7.62939453125e-05,482.4173773773946,105,1.0284148156642914,852.0,0.2468195557594299
95,1.913046518243223e-09,-0.3083262512623576,4.400086402893066,4.399864196777344,4.399982776281969,-0.2424072015430423,487.8022522521205,106,4.400015354156494,4.400015354156494,0.0,487.8022522521205,106,1.0283938919504485,851.0,0.2468145340681076
96,2.077550269265712e-09,0.5206156600557704,4.400089263916016,4.399939060211182,4.399992155578901,-0.8536579229249641,487.8957957958337,106,4.4000163078308105,4.400015354156494,-9.5367431640625e-07,487.8957957958337,106,1.0282938679059348,850.0,0.2467905282974243
97,1.6892940699077235e-09,0.91847858500608,4.4001665115356445,4.399939060211182,4.400018404114921,2.045491886887166,487.6498498497531,106,4.400075912475586,4.400015354156494,-6.0558319091796875e-05,487.6498498497531,106,1.0279897600412369,849.0,0.2467175424098968
98,3.116315526524617e-09,-0.3762750151400625,4.400091648101807,4.399862766265869,4.399996172707036,-0.2114470329687874,487.8831831831485,106,4.400091648101807,4.400091648101807,0.0,487.8831831831485,106,1.027902401983738,848.0,0.2466965764760971
99,1.523544523604383e-09,0.1388157002199233,4.400088310241699,4.399939060211182,4.399994719703242,-0.5689903268696055,487.5058558557648,106,4.3999786376953125,4.399939060211182,-3.9577484130859375e-05,487.5058558557648,106,1.0278647765517237,847.0,0.2466875463724136
100,2.632752964704029e-09,0.2855564320244921,4.400088787078857,4.399862766265869,4.399957638866496,0.1472054015974029,487.67717717727646,106,4.399946689605713,4.399939060211182,-7.62939453125e-06,487.67717717727646,106,1.0279877732197444,846.0,0.2467170655727386
101,2.3929399880394942e-09,-0.4885067924128539,4.400088787078857,4.399866580963135,4.399992785363827,0.1422717006629823,487.5531531530432,106,4.399944305419922,4.400015354156494,7.104873657226562e-05,487.5531531530432,106,1.0283940782149634,845.0,0.2468145787715912
102,2.956403498011982e-09,-0.1379680065807938,4.400091648101807,4.399866104125977,4.3999976077169745,-0.765481181774148,487.5573573573493,106,4.399951457977295,4.400091648101807,0.0001401901245117,487.5573573573493,106,1.0281816124916077,844.0,0.2467635869979858
103,1.472102731059624e-09,0.3755619605176489,4.400091648101807,4.399939060211182,4.3999883093923895,-0.3440303832783455,487.61726726731285,106,4.399970054626465,4.400091648101807,0.0001215934753417,487.61726726731285,106,1.027906748155753,843.0,0.2466976195573806
104,2.400185608734717e-09,0.0382297138849417,4.400091171264648,4.3998703956604,4.399996658541122,-0.5131731338799947,487.5783783784136,106,4.400035381317139,4.400015354156494,-2.002716064453125e-05,487.5783783784136,106,1.0277502859632175,842.0,0.2466600686311721
105,3.040987383719635e-09,-0.6909263211918312,4.400091648101807,4.399786472320557,4.400010837698883,1.4171973064187615,487.6298798797652,106,4.400032997131348,4.399786472320557,-0.000246524810791,487.6298798797652,106,1.0276210183898609,841.0,0.2466290444135666
106,4.31885875721684e-09,0.6498616702051591,4.400163650512695,4.399865627288818,4.399983950381009,0.5816543176177249,487.75495495507494,106,4.399990081787109,4.400015354156494,2.5272369384765625e-05,487.75495495507494,106,1.0279626275102298,840.0,0.2467110306024551
107,1.1457557870219555e-09,0.0588695563885127,4.400087833404541,4.399939060211182,4.399989870359313,-0.3972290899942621,487.67822822835296,106,4.400087833404541,4.400015354156494,-7.2479248046875e-05,487.67822822835296,106,1.0276960209012032,839.0,0.2466470450162887
108,1.484311510983176e-09,0.1392822264858675,4.40009069442749,4.399939060211182,4.399995840163458,-0.4726502446699929,482.33097097091377,105,4.4000139236450195,4.399939060211182,-7.486343383789062e-05,482.33097097091377,105,1.0280668114622435,838.0,0.2467360347509384
109,3.0330953154455047e-09,-0.1909625751388218,4.400091648101807,4.399871349334717,4.399998595413653,-0.4559162938604264,471.96288288291544,103,4.399939060211182,4.400015354156494,7.62939453125e-05,471.96288288291544,103,1.0295230274399123,837.0,0.2470855265855789
110,2.1233498238907054e-09,0.2029781659152786,4.400088310241699,4.399939060211182,4.400002789947222,-1.0988519301493642,488.29624624643475,106,4.399939060211182,4.400015354156494,7.62939453125e-05,488.29624624643475,106,1.0286086549361548,836.0,0.2468660771846771
111,7.65123429044469e-10,-0.0062085777101889,4.400091648101807,4.399942874908447,4.400011229065229,1.8115436328737595,487.7717717718333,106,4.399946689605713,4.400091648101807,0.0001449584960937,487.7717717718333,106,1.0277213528752327,835.0,0.2466531246900558
112,2.211003867083893e-09,0.0282106570541144,4.40008020401001,4.399862766265869,4.3999548723112865,0.3273939879452676,487.514264264144,106,4.399961471557617,4.399862766265869,-9.870529174804688e-05,487.514264264144,106,1.0272296766440074,834.0,0.2465351223945617
113,2.614623295070657e-09,0.1960856468205082,4.40009069442749,4.399863243103027,4.3999624522227165,-0.6012783677335456,487.62147147161886,106,4.400015354156494,4.400015354156494,0.0,487.62147147161886,106,1.0269985844691596,833.0,0.2464796602725982
114,2.23088296571067e-09,0.7914406824243438,4.400156021118164,4.3999409675598145,4.400015498107335,0.6701841415452154,487.2977477479726,106,4.3999409675598145,4.400091648101807,0.0001506805419921,487.2977477479726,106,1.0268129408359528,832.0,0.2464351058006286
115,1.5333783227083447e-09,-0.8497477077428698,4.400091648101807,4.399872303009033,4.400007031998545,2.080869182322338,487.3303303304128,106,4.399970531463623,4.400091648101807,0.0001211166381835,487.3303303304128,106,1.0267424707611403,831.0,0.2464181929826736
116,2.7623069318700903e-09,-0.2615449001507345,4.400091648101807,4.3998703956604,4.400002947477537,-0.6908790108933585,492.1307307309471,107,4.400012016296387,4.400091648101807,7.963180541992188e-05,492.1307307309471,107,1.0267545158664386,830.0,0.2464210838079452
117,1.8226354721980039e-09,0.1424478109303005,4.400089740753174,4.399939060211182,4.400006096318083,-0.8735857972151617,487.3597597596235,106,4.40000057220459,4.400015354156494,1.4781951904296877e-05,487.3597597596235,106,1.0265919690330825,829.0,0.2463820725679397
118,4.512311058614568e-09,0.3555184667675079,4.400166988372803,4.399862766265869,4.399985578824889,0.3267288381179192,487.3250750750303,106,4.399954795837402,4.399939060211182,-1.5735626220703125e-05,487.3250750750303,106,1.026610719660918,828.0,0.2463865727186203
119,2.5171176809655382e-09,-0.7550810157188801,4.400091648101807,4.3997883796691895,4.39996888704389,2.345027726605031,492.22092092083767,107,4.3999505043029785,4.400091648101807,0.0001411437988281,492.22092092083767,107,1.026521436870098,827.0,0.2463651448488235
120,2.3780268544721166e-09,-0.7002174166404848,4.400086879730225,4.3998637199401855,4.399984050932384,-0.1514941330302281,501.0874074073509,105,4.39995813369751,4.400015354156494,5.7220458984375e-05,501.0874074073509,105,1.0301257794102034,826.0,0.2472301870584488
121,2.628962966325425e-09,-0.2934173044048404,4.400084018707275,4.399862766265869,4.39996874332428,-0.1357701436293674,499.4565065065399,108,4.39996337890625,4.400015354156494,5.1975250244140625e-05,499.4565065065399,108,1.0300147657593093,825.0,0.2472035437822342
122,2.254929130504858e-09,0.417455520526185,4.400091648101807,4.399889945983887,4.3999968956564075,-0.5025057148654946,494.08096096105874,107,4.399889945983887,4.399939060211182,4.9114227294921875e-05,494.08096096105874,107,1.029575305680434,824.0,0.2470980733633041
123,2.615256866334887e-09,-1.0680211292696848,4.400086402893066,4.399789333343506,4.399980157335228,2.3563393400233204,493.9260460459627,107,4.40005350112915,4.400015354156494,-3.814697265625e-05,493.9260460459627,107,1.0292294124762218,823.0,0.2470150589942932
124,2.1193131956876022e-09,-0.7002937051893385,4.400087356567383,4.399864673614502,4.399997366799249,0.4576154771246585,498.87812812812626,108,4.399988651275635,4.400015354156494,2.6702880859375e-05,498.87812812812626,108,1.029233696560065,822.0,0.2470160871744156
125,2.6943054836703382e-09,0.2520448226954345,4.400091648101807,4.399863243103027,4.399980959491195,0.0831831981970339,493.88572572590783,107,4.399939060211182,4.400091648101807,0.000152587890625,493.88572572590783,107,1.029162791868051,821.0,0.2469990700483322
126,1.8385894874795147e-09,0.4837805792257029,4.400088310241699,4.399939060211182,4.399990616557754,-0.6901138981775339,493.63001001020893,107,4.400001525878906,4.399939060211182,-6.246566772460938e-05,493.63001001020893,107,1.02897547185421,820.0,0.2469541132450103
127,2.8446285896031023e-09,0.0794906267731706,4.400088787078857,4.399862766265869,4.39996811637172,-0.1509249314890666,498.4089989988134,108,4.400015354156494,4.399939060211182,-7.62939453125e-05,498.4089989988134,108,1.0285086929798126,819.0,0.246842086315155
128,2.3780507243015207e-09,1.1711407672970655,4.400167942047119,4.399905204772949,4.399998554476985,1.8363036979395295,498.26119119115174,108,4.399905204772949,4.400015354156494,0.0001101493835449,498.26119119115174,108,1.0283128047982852,818.0,0.2467950731515884
129,1.156654117279152e-09,-0.0703119958447349,4.400087833404541,4.399939060211182,4.400003190393801,0.1495385760407268,498.50432432442904,108,4.3999738693237305,4.400015354156494,4.1484832763671875e-05,498.50432432442904,108,1.0281087209781012,817.0,0.2467460930347442
130,1.7124299907388807e-09,-0.1213098335266376,4.400084972381592,4.399867534637451,4.399979454499704,0.4868660008216627,498.2504804804921,108,4.400015354156494,4.400015354156494,0.0,498.2504804804921,108,1.0279212146997452,816.0,0.2467010915279388
131,2.823346071511319e-09,-0.067326510561097,4.400091648101807,4.399862766265869,4.3999944686889645,-0.4354799916822292,508.75395395373926,110,4.400091648101807,4.400015354156494,-7.62939453125e-05,508.75395395373926,110,1.028577300409476,815.0,0.2468585520982742
132,2.790222894246703e-09,0.8327732234472193,4.400156497955322,4.399939060211182,4.39999902136972,0.2647620724798485,493.51753753749654,107,4.400080680847168,4.400091648101807,1.0967254638671877e-05,493.51753753749654,107,1.027717006703218,814.0,0.2466520816087722
133,4.0003988939403784e-09,-0.9576162886990828,4.400091648101807,4.399798393249512,4.399997350211455,1.187770689721042,493.2268068068661,107,4.400091648101807,4.400015354156494,-7.62939453125e-05,493.2268068068661,107,1.0271941622098288,813.0,0.2465265989303589
134,1.3563971296096955e-09,-0.915174378003486,4.400015354156494,4.399864673614502,4.399979074796041,0.339543525111285,498.2494094092399,108,4.3999924659729,4.400015354156494,2.288818359375e-05,498.2494094092399,108,1.026894027988116,812.0,0.2464545667171478
135,3.3298756517035383e-09,-0.8286692034723906,4.400115013122559,4.39986515045166,4.400017795739351,0.1726521002363181,498.0448348349891,108,4.400115013122559,4.400015354156494,-9.965896606445312e-05,498.0448348349891,108,1.027019259830316,811.0,0.2464846223592758
136,2.6662140976999942e-09,-0.1722220110272804,4.4001359939575195,4.399865627288818,4.400001137344925,-0.1018608783139045,497.972002001945,108,4.400049686431885,4.400015354156494,-3.4332275390625e-05,497.972002001945,108,1.0267319157719612,810.0,0.2464156597852707
137,1.7707764841769172e-09,-0.6799195872253083,4.400087356567383,4.399866104125977,4.4000027753688675,0.8509455668428463,497.98485485464334,108,4.400012969970703,4.400015354156494,2.384185791015625e-06,497.98485485464334,108,1.0262754435340564,809.0,0.2463061064481735
138,1.7195221959512842e-09,0.1192976314643136,4.400084495544434,4.399872303009033,4.399978708337854,-0.0560818457412559,497.89381381403655,108,4.399971008300781,4.399939060211182,-3.1948089599609375e-05,497.89381381403655,108,1.0258421301841736,808.0,0.2462021112442016
139,5.529161322699094e-09,-0.3074771745271935,4.400087833404541,4.399794101715088,4.399964398200359,-0.6938280709721476,502.47783783776686,109,4.400052547454834,4.399939060211182,-0.0001134872436523,502.47783783776686,109,1.0258881375193596,807.0,0.2462131530046463
140,2.1969257516604374e-09,0.1818185275053297,4.400091648101807,4.399939060211182,4.400010404763399,-1.0059280907263233,497.41504504485056,108,4.400050163269043,4.400015354156494,-3.4809112548828125e-05,497.41504504485056,108,1.026283825437228,806.0,0.2463081181049347
141,3.1005229232408127e-09,-0.0641046366950219,4.400091648101807,4.399864673614502,4.3999921060958,-0.4929015483605687,487.07177177164704,106,4.400001049041748,4.399939060211182,-6.198883056640625e-05,487.07177177164704,106,1.0269503419597945,805.0,0.2464680820703506
142,1.759688602933494e-09,-1.1786816273803056,4.400085926055908,4.3998637199401855,4.3999972562177465,1.3973189605141756,502.67675675684586,109,4.400015354156494,4.400015354156494,0.0,502.67675675684586,109,1.025902604063352,804.0,0.2462166249752044
143,2.895314459886209e-09,-0.9901060733882212,4.400091648101807,4.3998703956604,4.40002461529653,0.484055475518073,502.5654054055922,109,4.400061130523682,4.399939060211182,-0.0001220703125,502.5654054055922,109,1.0255316272377968,803.0,0.2461275905370712
144,3.093471467885627e-09,0.8513597076549072,4.400163650512695,4.399939060211182,4.400002007090717,0.1474051430521763,502.4940540539101,109,4.400015354156494,4.400015354156494,0.0,502.4940540539101,109,1.0256212825576465,802.0,0.2461491078138351
145,1.5655041444858212e-09,0.0886268324698542,4.400087356567383,4.399939060211182,4.4000002222323635,-0.5563940184091529,502.3243243242614,109,4.399939060211182,4.399939060211182,0.0,502.3243243242614,109,1.0252011319001515,801.0,0.2460482716560363
146,2.2878517879464646e-09,1.5014935855166112,4.400160789489746,4.399939060211182,4.399991238558734,2.706777933991084,497.4503903905861,108,4.399980545043945,4.399939060211182,-4.1484832763671875e-05,497.4503903905861,108,1.0250627994537354,800.0,0.2460150718688964
147,2.3285173926449815e-09,0.2837061544764033,4.400091648101807,4.399939060211182,4.4000057561681905,-0.7197449546055257,502.2356756757945,109,4.399939060211182,4.400015354156494,7.62939453125e-05,502.2356756757945,109,1.024871381620566,799.0,0.2459691315889358
148,1.168922271017483e-09,-0.2111005094302206,4.400091648101807,4.399900913238525,4.399998901087209,0.7625291410121418,502.17621621629223,109,4.399900913238525,4.400091648101807,0.0001907348632812,502.17621621629223,109,1.0248735547065737,798.0,0.2459696531295776
149,2.837732443561171e-09,0.0058611890012745,4.400091648101807,4.399868965148926,4.399995173883001,-0.4034615880008196,502.2745945947245,109,4.400025367736816,4.399939060211182,-8.630752563476562e-05,502.2745945947245,109,1.0246506581703825,797.0,0.2459161579608917
150,1.7176814902284427e-09,0.2911971132001661,4.400085926055908,4.399939060211182,4.399990064288498,-0.7738542168264733,502.0962162162177,109,4.399975299835205,4.400015354156494,4.00543212890625e-05,502.0962162162177,109,1.0245985041062038,796.0,0.2459036409854889
151,1.7029256881059223e-09,-0.5765093460010481,4.400090217590332,4.399876594543457,4.399999951003888,0.7338093065586069,502.21945945965126,109,4.399939060211182,4.399939060211182,0.0,502.21945945965126,109,1.0245506962140405,795.0,0.2458921670913696
152,2.616499595685756e-09,0.3322366481914218,4.400091648101807,4.399874210357666,4.3999908342273955,-0.3700123594429905,501.9502702699974,109,4.399991989135742,4.400015354156494,2.3365020751953125e-05,501.9502702699974,109,1.024581864476204,794.0,0.2458996474742889
153,1.7356110595614184e-09,-0.9603132331332458,4.400091648101807,4.399868965148926,4.399996995925903,1.4813528033639811,507.2733433432877,110,4.400036811828613,4.400091648101807,5.4836273193359375e-05,507.2733433432877,110,1.0243088006973269,793.0,0.2458341121673584
154,2.346210662763738e-09,0.5703247344244207,4.400146484375,4.399939060211182,4.400005418604071,0.0956996403163001,507.00711711728945,110,4.400146484375,4.400091648101807,-5.4836273193359375e-05,507.00711711728945,110,1.0240402693549793,792.0,0.245769664645195
155,1.967787439731013e-09,-0.2286879294667315,4.400087356567383,4.399864196777344,4.399981516057795,-0.2519391178899215,506.9405605606735,110,4.399994850158691,4.400015354156494,2.0503997802734375e-05,506.9405605606735,110,1.0238025337457657,791.0,0.2457126080989837
156,2.435231230458016e-09,0.7135665166158776,4.40016508102417,4.399939060211182,4.400026234713468,0.2825907841818877,506.8761861859821,110,4.400015354156494,4.400015354156494,0.0,506.8761861859821,110,1.0236860563357673,790.0,0.2456846535205841
157,2.204842265282491e-09,-0.6867508079688142,4.400091648101807,4.399868011474609,4.40000693581321,0.680525010741285,507.2504304302856,110,4.399977207183838,4.400091648101807,0.0001144409179687,507.2504304302856,110,1.0235361754894257,789.0,0.2456486821174621
158,2.0203371181753182e-09,-0.0185083493932141,4.400091648101807,4.399939060211182,4.400016455216841,-0.8138136611012943,506.787807807792,110,4.400015354156494,4.400091648101807,7.62939453125e-05,506.787807807792,110,1.0233381763100624,788.0,0.2456011623144149
159,2.3385734294288846e-09,0.5600490712040881,4.40016508102417,4.399939060211182,4.400013598528775,0.3419729369074322,506.8958258256316,110,4.40005350112915,4.400015354156494,-3.814697265625e-05,506.8958258256316,110,1.0231402392188709,787.0,0.245553657412529
160,2.460857305642587e-09,-0.0224174439240183,4.400091171264648,4.399867057800293,4.399975989081643,-0.2248810631681395,506.6492392392829,110,4.399984359741211,4.399939060211182,-4.5299530029296875e-05,506.6492392392829,110,1.0229047387838364,786.0,0.2454971373081207
161,1.923901324120201e-09,0.1924235837324166,4.400091648101807,4.399939060211182,4.400005089152943,-0.5167057888630122,506.5957757756114,110,4.400015354156494,4.399939060211182,-7.62939453125e-05,506.5957757756114,110,1.022929884493351,785.0,0.2455031722784042
162,2.562679599136205e-09,-0.2518807185624971,4.400089740753174,4.399867534637451,4.399981078234586,-0.7218862955488445,506.6132332333363,110,4.399982929229736,4.400015354156494,3.24249267578125e-05,506.6132332333363,110,1.0233297944068909,784.0,0.2455991506576538
163,2.974117385025242e-09,0.2192911527724085,4.400091648101807,4.399939060211182,4.400008166920055,-1.3604218199413298,506.9001901904121,110,4.399939060211182,4.399939060211182,0.0,506.9001901904121,110,1.0230693345268569,783.0,0.2455366402864456
164,2.533924755981322e-09,-0.1365520507848676,4.400091648101807,4.399867057800293,4.3999777880581945,-0.238003303703731,506.7768968967721,110,4.400015354156494,4.400091648101807,7.62939453125e-05,506.7768968967721,110,1.0228174428145091,782.0,0.2454761862754821
165,3.38842157735e-09,-0.1688398966091344,4.400091648101807,4.399867057800293,4.399996610121294,-0.5558861010049254,506.87182182166725,110,4.399977207183838,4.400091648101807,0.0001144409179687,506.87182182166725,110,1.022580017646154,781.0,0.2454192042350769
166,2.9090037085877123e-09,0.7226806980590816,4.400166988372803,4.399862766265869,4.399990836056796,0.8160090893208487,506.4321121121757,110,4.400096416473389,4.399862766265869,-0.0002336502075195,506.4321121121757,110,1.0225235794981322,780.0,0.2454056590795517
167,2.566238841037506e-09,-0.3294832366378077,4.400090217590332,4.3998637199401855,4.3999750007282605,-0.5073060657132835,506.8958258256316,110,4.400015354156494,4.399939060211182,-7.62939453125e-05,506.8958258256316,110,1.0225317751367888,779.0,0.2454076260328292
168,1.7153453329981279e-09,0.2790758406719283,4.400091648101807,4.399939060211182,4.399994256279685,-0.6215546468540207,506.9154654652811,110,4.399989128112793,4.400091648101807,0.0001025199890136,506.9154654652811,110,1.0222839812437694,778.0,0.2453481554985046
169,1.0101600483564827e-09,0.4198298821400614,4.400091648101807,4.399939060211182,4.399977134154724,-0.2309535420463864,511.5968968970701,111,4.399939060211182,4.400091648101807,0.000152587890625,511.5968968970701,111,1.0225089887777965,777.0,0.2454021573066711
170,2.353436651267433e-09,-0.125170522567354,4.400088787078857,4.399869918823242,4.399995183944702,-0.6078905181516121,506.6034134132787,110,4.40000057220459,4.399939060211182,-6.151199340820312e-05,506.6034134132787,110,1.0231320435802145,776.0,0.2455516904592514
171,3.152300524134327e-09,-0.3830053823481191,4.400091648101807,4.3998637199401855,4.400009054656422,-0.4773373374361709,501.87459459435195,109,4.400061130523682,4.399939060211182,-0.0001220703125,501.87459459435195,109,1.0233319054047267,775.0,0.2455996572971344
172,2.991266189552829e-09,-0.1546216073870892,4.40009069442749,4.399868011474609,4.399982789240846,-0.5624713135456223,501.6789189190604,109,4.3999152183532715,4.400015354156494,0.0001001358032226,501.6789189190604,109,1.0232359791795411,774.0,0.2455766350030899
173,1.9694915096622327e-09,-0.0316001901947614,4.40009069442749,4.399864673614502,4.399978837099942,-0.1890085546821467,506.69070070050657,110,4.400049209594727,4.399939060211182,-0.0001101493835449,506.69070070050657,110,1.0230799516042075,773.0,0.2455391883850097
174,1.348569786357505e-09,-0.8009340958639237,4.400064468383789,4.399872779846191,4.3999860633503305,0.3273231511341965,506.8183583584614,110,4.400064468383789,4.399939060211182,-0.0001254081726074,506.8183583584614,110,1.02294875929753,772.0,0.2455077022314071
175,1.7790559109475522e-09,0.1606428326870905,4.400091648101807,4.399939060211182,4.400007534027099,-0.3555227356271695,506.4637537538074,110,4.399939060211182,4.400015354156494,7.62939453125e-05,506.4637537538074,110,1.0230318953593571,771.0,0.2455276548862457
176,4.767253946546578e-09,-0.1596147283152073,4.400091648101807,4.399862766265869,4.399990034103394,-0.943383590178814,506.3655555555597,110,4.399903297424316,4.400015354156494,0.0001120567321777,506.3655555555597,110,1.0228338340918224,770.0,0.2454801201820373
177,1.5930068226260455e-09,0.4886070382825486,4.400090217590332,4.399939060211182,4.399991824410178,-0.4530452364496735,506.4943043044768,110,4.400043487548828,4.400015354156494,-2.8133392333984375e-05,506.4943043044768,110,1.022721454501152,769.0,0.2454531490802765
178,4.2415948806658e-09,0.8102686942450732,4.40016508102417,4.399866580963135,4.39998307359328,0.545962363750184,501.6389189190231,109,4.400023460388184,4.400015354156494,-8.106231689453125e-06,501.6389189190231,109,1.0225650543967884,768.0,0.2454156130552292
179,2.26159854635859e-09,0.722406021429637,4.400166034698486,4.39993953704834,4.400013589859009,0.4049574158108751,506.69615615624934,110,4.400015354156494,4.400091648101807,7.62939453125e-05,506.69615615624934,110,1.022615283727646,767.0,0.245427668094635
180,1.826786177725709e-09,0.1025975158660396,4.400091648101807,4.399869441986084,4.399988105080345,0.1660029722182359,506.68524524522945,110,4.399969100952148,4.399939060211182,-3.0040740966796875e-05,506.68524524522945,110,1.0225444411238036,766.0,0.2454106658697128
181,3.074641676353466e-09,0.4755840041604494,4.400091648101807,4.399862766265869,4.399992218884555,-0.6158645946875105,506.66996996989474,110,4.400091648101807,4.399862766265869,-0.0002288818359375,506.66996996989474,110,1.0222027078270912,765.0,0.2453286498785019
182,1.744677690151918e-09,0.239509729398344,4.400091648101807,4.399939060211182,4.400012218200408,-0.6922159008010547,511.3216216214933,111,4.400091648101807,4.400015354156494,-7.62939453125e-05,511.3216216214933,111,1.0220735023419063,764.0,0.2452976405620575
183,3.6776280920775173e-09,0.3483000434992436,4.400166034698486,4.399862766265869,4.40000187700445,0.2613870490435155,506.589229229372,110,4.400130748748779,4.399939060211182,-0.0001916885375976,506.589229229372,110,1.0219278434912364,763.0,0.2452626824378967
184,1.508763794948598e-09,1.09552193649796,4.400091648101807,4.399939060211182,4.399973409826106,0.6210262434875289,506.26953953970224,110,4.399985313415527,4.400091648101807,0.0001063346862792,506.26953953970224,110,1.022052640716235,762.0,0.2452926337718963
185,2.156891413801019e-09,-0.6490127599854599,4.400083541870117,4.399862766265869,4.399976617639715,-0.0523779204829089,506.5128528526984,110,4.400015354156494,4.399862766265869,-0.000152587890625,506.5128528526984,110,1.021946407854557,761.0,0.2452671378850937
186,2.046008080223092e-09,0.2335136335111698,4.400091648101807,4.399939060211182,4.399998318065297,-0.9561250712838052,506.6230530529283,110,4.4000563621521,4.400015354156494,-4.100799560546875e-05,506.6230530529283,110,1.0218778004248938,760.0,0.2452506721019745
187,2.113189412626826e-09,0.3121580244350546,4.400091648101807,4.399939060211182,4.400003579285768,-0.7276225565914052,511.1993993995711,111,4.400015354156494,4.400091648101807,7.62939453125e-05,511.1993993995711,111,1.0217256844043732,759.0,0.2452141642570495
188,2.304966165626956e-09,1.1178483270065085,4.4001617431640625,4.399939060211182,4.399998987043226,1.7680576631378826,511.1663663662039,111,4.400079727172852,4.399939060211182,-0.0001406669616699,511.1663663662039,111,1.02157574146986,758.0,0.2451781779527664
189,1.968270258690641e-09,-0.2055899489573149,4.400015354156494,4.3998637199401855,4.399956402477917,-0.9242162904399264,511.1223223223351,111,4.399975299835205,4.399939060211182,-3.62396240234375e-05,511.1223223223351,111,1.0217530031998954,757.0,0.2452207207679748
190,3.1645250272795804e-09,0.0905072254022788,4.400167942047119,4.399868488311768,4.399993600072087,-0.0027667479442179,511.4746746746823,111,4.400047779083252,4.400167942047119,0.0001201629638671,511.4746746746823,111,1.0216342906157176,756.0,0.2451922297477722
191,2.7174584746055103e-09,-0.5851589775175476,4.400091648101807,4.399869918823242,4.4000116898132875,0.1077970383688744,511.30290290294215,111,4.399975776672363,4.400091648101807,0.0001158714294433,511.30290290294215,111,1.0215177511175475,755.0,0.2451642602682113
192,2.4525702656133252e-09,-0.0892454763970112,4.400091648101807,4.399863243103027,4.3999738650279,-0.2525971464580223,511.1135135134682,111,4.399939060211182,4.400091648101807,0.000152587890625,511.1135135134682,111,1.021203088263671,754.0,0.2450887411832809
193,2.402415766877375e-09,0.226110397879837,4.400083065032959,4.399866104125977,4.399972443108086,-0.3399466919521825,511.2852852852084,111,4.400032043457031,4.399939060211182,-9.298324584960938e-05,511.2852852852084,111,1.0211694985628128,753.0,0.245080679655075
194,2.456420422606985e-09,-0.1678359390289037,4.400088310241699,4.399862766265869,4.399971261754766,-0.3975834197221606,511.0936936936341,111,4.39998722076416,4.399862766265869,-0.000124454498291,511.0936936936341,111,1.020315413673719,752.0,0.2448756992816925
195,3.171824072087427e-09,0.4054191425633914,4.400091648101807,4.399871349334717,4.399990396840232,-0.9524764351364144,515.8799999998882,112,4.399939060211182,4.400091648101807,0.000152587890625,515.8799999998882,112,1.0199007267753284,751.0,0.2447761744260788
196,2.5869593554415515e-09,0.2791921704753592,4.400091648101807,4.399939060211182,4.399996042251587,-1.3129610706373316,516.0344444443472,112,4.400031566619873,4.400091648101807,6.008148193359375e-05,516.0344444443472,112,1.0198341682553291,750.0,0.244760200381279
197,4.5483551854067964e-09,-0.3219274348571361,4.400163173675537,4.399862766265869,4.40000165786062,-0.0551599761965708,516.0855555557646,112,4.400057315826416,4.400015354156494,-4.1961669921875e-05,516.0855555557646,112,1.0197424019376438,749.0,0.2447381764650344
198,1.3899225778332362e-09,-0.0372422338540177,4.400088787078857,4.399939060211182,4.400006788270968,-0.2360560897348174,510.9505505505949,111,4.400015354156494,4.400015354156494,0.0,510.9505505505949,111,1.019925872484843,748.0,0.2447822093963623
199,1.625989536063936e-09,0.6389864954097658,4.400091648101807,4.399939060211182,4.399979165622166,-0.4964073647059281,515.9611111111008,112,4.400054931640625,4.400091648101807,3.6716461181640625e-05,515.9611111111008,112,1.019684225320816,747.0,0.2447242140769958
200,5.1816131114123806e-09,1.4074203733818955,4.400233268737793,4.399869918823242,4.4000043485845834,2.102718575432659,516.183333333116,112,4.39998722076416,4.400091648101807,0.0001044273376464,516.183333333116,112,1.0195781166354816,746.0,0.2446987479925155
201,2.4834018942509687e-09,0.2406867098815072,4.400091648101807,4.399939060211182,4.399998728718076,-0.9982299608144564,516.065555555746,112,4.400024890899658,4.400091648101807,6.67572021484375e-05,516.065555555746,112,1.01949746410052,745.0,0.2446793913841247
202,3.6272098506515527e-09,0.8992855358122445,4.400164604187012,4.399939060211182,4.399998166731426,0.0046764390724978,516.1455555553548,112,4.400015354156494,4.400015354156494,0.0,516.1455555553548,112,1.0193675756454468,744.0,0.2446482181549072
203,3.470979353500897e-09,0.1512690193807008,4.400091648101807,4.399865627288818,4.399992372308459,-0.955044334822774,516.0188888888806,112,4.399969577789307,4.399939060211182,-3.0517578125e-05,516.0188888888806,112,1.0192802175879478,743.0,0.2446272522211074
204,3.4527465499708206e-09,0.5089490136551251,4.400151252746582,4.3998637199401855,4.399989862357621,-0.3240971831387953,520.7641241243109,113,4.400044918060303,4.400091648101807,4.673004150390625e-05,520.7641241243109,113,1.019257182876269,742.0,0.2446217238903045
205,2.451066548352895e-09,0.1683657912634182,4.400088787078857,4.399868965148926,4.399981605155127,-0.5093831679991556,515.8722222223878,112,4.400064945220947,4.399939060211182,-0.0001258850097656,515.8722222223878,112,1.0191259905695915,741.0,0.2445902377367019
206,2.16145688277445e-09,0.2172748722510451,4.400091648101807,4.399939060211182,4.400005953652518,-0.8543112526768342,516.091111110989,112,4.399991989135742,4.400015354156494,2.3365020751953125e-05,516.091111110989,112,1.019532047212124,740.0,0.2446876913309097
207,2.190997829611742e-09,0.2032974673670095,4.400090217590332,4.399862766265869,4.3999804854393005,-0.4607846294562869,515.838888888713,112,4.400038242340088,4.399862766265869,-0.0001754760742187,515.838888888713,112,1.0191344345609348,739.0,0.2445922642946243
208,2.2514660634519443e-09,0.3644605370034161,4.400091648101807,4.399862766265869,4.399971696127833,0.0538850402505395,520.8269069069065,113,4.400091648101807,4.400015354156494,-7.62939453125e-05,520.8269069069065,113,1.0189759234587352,738.0,0.2445542216300964
209,1.961388994751462e-09,-0.2860038590871493,4.400084018707275,4.399867534637451,4.39998708151083,0.1512133734935772,521.0769169167615,113,4.400041580200195,4.399939060211182,-0.0001025199890136,521.0769169167615,113,1.018915760020415,737.0,0.2445397824048996
210,3.952262800218939e-09,-0.5271556255422274,4.400091648101807,4.399868011474609,4.400006948319157,-0.5478960818404208,520.8852052050643,113,4.400036334991455,4.400015354156494,-2.09808349609375e-05,520.8852052050643,113,1.0187678039073944,736.0,0.2445042729377746
211,2.023000038592285e-09,-0.3708046168775829,4.400086879730225,4.399867057800293,4.399976173333362,-0.2205404766238237,520.6430430430919,113,4.400015354156494,4.400015354156494,0.0,520.6430430430919,113,1.0185739646355312,735.0,0.2444577515125274
212,5.356183930713241e-09,0.8513637816915962,4.400227069854736,4.39986515045166,4.4000028340162425,0.5459010074111572,520.7517917919904,113,4.400015354156494,4.400091648101807,7.62939453125e-05,520.7517917919904,113,1.018723783393701,734.0,0.2444937080144882
213,2.303530359296052e-09,-0.3393200138958778,4.400090217590332,4.399862766265869,4.399998998219988,0.1386513293695404,520.6990990992635,113,4.399862766265869,4.399939060211182,7.62939453125e-05,520.6990990992635,113,1.0205903400977454,733.0,0.2449416816234588
214,3.332280588458051e-09,0.3307275429238573,4.4001617431640625,4.399939060211182,4.400012216397694,-0.8664120200108183,516.6355555555783,112,4.400043487548828,4.400091648101807,4.8160552978515625e-05,516.6355555555783,112,1.0191591456532478,732.0,0.2445981949567794
215,2.423313352643921e-09,0.9287374034523166,4.400164604187012,4.399939060211182,4.400000729731151,0.8959038698854758,515.6922222222202,112,4.400003433227539,4.400091648101807,8.821487426757812e-05,515.6922222222202,112,1.019005166987578,731.0,0.2445612400770187
216,3.912689791772446e-09,0.0667278988114766,4.400156021118164,4.399864673614502,4.400004281406909,-0.6934091443275268,520.7786986986175,113,4.399964809417725,4.399939060211182,-2.574920654296875e-05,520.7786986986175,113,1.018471953769525,730.0,0.2444332689046859
217,3.335335210716057e-09,0.4376864167377334,4.400091648101807,4.399867057800293,4.399980823550604,-0.6806419263759382,520.991711711511,113,4.400071144104004,4.400015354156494,-5.5789947509765625e-05,520.991711711511,113,1.0183595741788547,729.0,0.2444062978029251
218,4.353244756665132e-09,0.2119115763702192,4.400091648101807,4.399862766265869,4.39998057458253,-0.7259600097454433,521.0051651652902,113,4.400091648101807,4.400015354156494,-7.62939453125e-05,521.0051651652902,113,1.0182843233148258,728.0,0.2443882375955581
219,3.3660520719942203e-09,0.2898451289496956,4.400091648101807,4.399867534637451,4.399991512298584,-0.824879546452149,520.7753353351727,113,4.400043487548828,4.399939060211182,-0.0001044273376464,520.7753353351727,113,1.0181863481799762,727.0,0.2443647235631942
220,2.730361087944859e-09,0.1445498084067909,4.400091648101807,4.399939060211182,4.400011986757802,-1.2729822395972898,539.0810010009445,113,4.399939060211182,4.400091648101807,0.000152587890625,539.0810010009445,113,1.0211456567049026,726.0,0.2450749576091766
221,2.533139246630036e-09,-0.037724824648255,4.400091648101807,4.399871349334717,4.399986350018045,-0.2816121988365401,532.9996396396309,115,4.400015354156494,4.400091648101807,7.62939453125e-05,532.9996396396309,115,1.021178625524044,725.0,0.2450828701257705
222,2.5879699488596324e-09,0.0256453436827566,4.400091648101807,4.399939060211182,4.400014690730883,-1.1786040265924187,532.8490090090781,115,4.400015354156494,4.400015354156494,0.0,532.8490090090781,115,1.020985096693039,724.0,0.2450364232063293
223,3.188914133112468e-09,0.5155423433391516,4.400164604187012,4.399862766265869,4.400017555900242,0.635981471682785,532.6173573574051,115,4.399939060211182,4.399862766265869,-7.62939453125e-05,532.6173573574051,115,1.0208329806725185,723.0,0.2449999153614044
224,1.8450613075002046e-09,0.4812728786050014,4.400091648101807,4.399939060211182,4.399999158278756,-0.6762184377369409,532.2453453452326,115,4.400089740753174,4.400091648101807,1.9073486328125e-06,532.2453453452326,115,1.0205303629239402,722.0,0.2449272871017456
225,1.6702432642290983e-09,0.1851441604793834,4.400091648101807,4.399939060211182,4.400007076430739,-0.4239263429869115,527.2937437435612,114,4.400015354156494,4.400091648101807,7.62939453125e-05,527.2937437435612,114,1.020161621272564,721.0,0.2448387891054153
226,2.458337491343919e-09,0.8784593764132813,4.400155544281006,4.399939060211182,4.399998238212184,0.7862972589410568,527.2846946944483,114,4.400023460388184,4.400015354156494,-8.106231689453125e-06,527.2846946944483,114,1.0200738285978637,720.0,0.2448177188634872
227,2.5162496123705975e-09,-0.3981511908627163,4.400084495544434,4.3998637199401855,4.399978654426441,-0.3807957386475951,527.250760760624,114,4.400079250335693,4.400015354156494,-6.389617919921875e-05,527.250760760624,114,1.0198114439845083,719.0,0.244754746556282
228,1.2972505182783676e-09,-0.0348371477117093,4.400091171264648,4.399939060211182,4.399988166145657,-0.8019461499387197,532.1483483482152,115,4.400015354156494,4.399939060211182,-7.62939453125e-05,532.1483483482152,115,1.0197071358561516,718.0,0.2447297126054763
229,3.344268835822623e-09,0.0573195766792142,4.400091648101807,4.3998637199401855,4.399998594366986,-0.745299467429362,532.0045645646751,115,4.400091648101807,4.399939060211182,-0.000152587890625,532.0045645646751,115,1.0199867809812229,717.0,0.2447968274354934
230,2.855956031442982e-09,0.4706098109310049,4.400160312652588,4.399871349334717,4.39999355647875,0.7308762002332121,531.9646246246994,115,4.399939060211182,4.400091648101807,0.000152587890625,531.9646246246994,115,1.0195656990011537,716.0,0.2446957677602768
231,6.269840130832066e-09,-0.3695245217976068,4.400091648101807,4.399791717529297,4.399972015878428,-0.56338754650139,532.110690690577,115,4.400015354156494,4.400015354156494,0.0,532.110690690577,115,1.0194489732384682,715.0,0.2446677535772323
232,2.607573860878225e-09,0.4497065255702268,4.400160312652588,4.399871349334717,4.399994995283044,1.2271738439757902,531.6051651653834,115,4.400024890899658,4.400015354156494,-9.5367431640625e-06,531.6051651653834,115,1.0197073842088382,714.0,0.2447297722101211
233,3.3384484434613214e-09,1.1827960951138188,4.400165557861328,4.399872303009033,4.399985434716208,1.3159287747772974,526.8480780781247,114,4.399998188018799,4.399939060211182,-5.91278076171875e-05,526.8480780781247,114,1.0193676998217902,713.0,0.2446482479572296
234,1.274171136326741e-09,0.6672098569542072,4.40009069442749,4.399939060211182,4.399979185021442,-0.0491342091065178,532.1198198199272,115,4.400070667266846,4.400015354156494,-5.53131103515625e-05,532.1198198199272,115,1.0190184538563094,712.0,0.2445644289255142
235,2.2811418172822022e-09,-0.4427932842860208,4.400015354156494,4.399862766265869,4.399953514596691,-0.8917182648330972,531.6781981983222,115,4.4000020027160645,4.399939060211182,-6.29425048828125e-05,531.6781981983222,115,1.0186883931358657,711.0,0.2444852143526077
236,2.318547683262087e-09,-0.1505390712417973,4.400087833404541,4.399864196777344,4.399973317851191,-0.58381162085016,531.5663663665764,115,4.399953365325928,4.399939060211182,-1.430511474609375e-05,531.5663663665764,115,1.0192049046357474,710.0,0.2446091771125793
237,3.752583880654112e-09,0.4411812244474077,4.400167465209961,4.399939060211182,4.400010755787725,-0.6960870524496667,532.0022822823375,115,4.399950981140137,4.399939060211182,-1.1920928955078123e-05,532.0022822823375,115,1.018711489935716,709.0,0.2444907575845718
238,3.889521724721445e-09,0.6536091109872099,4.400164604187012,4.399865627288818,4.399994208894927,0.2118764404801854,536.5066566565074,116,4.400015354156494,4.400015354156494,0.0,536.5066566565074,116,1.0186802595853806,708.0,0.2444832623004913
239,9.908858751908335e-10,0.6129384360175901,4.400091648101807,4.399939060211182,4.399980424798053,0.5039989239867024,531.7215615613386,115,4.399939060211182,4.400091648101807,0.000152587890625,531.7215615613386,115,1.018482322494189,707.0,0.2444357573986053
240,1.424684531446461e-09,-0.8634803675761861,4.400081634521484,4.399867057800293,4.399992059624713,0.9470100940468188,531.4670870872214,115,4.399942398071289,4.400015354156494,7.295608520507812e-05,531.4670870872214,115,1.0182781144976616,706.0,0.2443867474794387
241,1.6408523441751251e-09,0.2239270173853678,4.400090217590332,4.399881839752197,4.399987805407981,-0.2978860869619488,531.630270270165,115,4.399881839752197,4.399939060211182,5.7220458984375e-05,531.630270270165,115,1.0181717574596405,705.0,0.2443612217903137
242,2.1125015302931142e-09,-0.3168625718805441,4.400091648101807,4.399866104125977,4.400002870066412,0.1331726642620494,536.6275275275111,116,4.400016784667969,4.400015354156494,-1.430511474609375e-06,536.6275275275111,116,1.0179301102956138,704.0,0.2443032264709472
243,3.373716650373395e-09,-0.526420532554907,4.400091171264648,4.39986515045166,4.400000206355391,-0.4932049023345772,536.3086586585268,116,4.400015354156494,4.399939060211182,-7.62939453125e-05,536.3086586585268,116,1.017644504706065,703.0,0.2442346811294555
244,3.316322339108247e-09,-0.1506417746529367,4.400091648101807,4.399862766265869,4.399983165575111,-0.174763457883126,531.4214414414018,115,4.400071620941162,4.400015354156494,-5.626678466796875e-05,531.4214414414018,115,1.0175364712874095,702.0,0.2442087531089782
245,1.6761747878402207e-09,-0.1459297657274844,4.400091648101807,4.39987325668335,4.399986188987206,-0.0148722373035514,536.1866366364993,116,4.400090217590332,4.400091648101807,1.430511474609375e-06,536.1866366364993,116,1.0174072658022246,701.0,0.2441777437925338
246,3.417180270416098e-09,0.3438549230539692,4.40015983581543,4.399867057800293,4.399992650952832,0.1741768963875447,536.3869369369932,116,4.400002479553223,4.400091648101807,8.916854858398438e-05,536.3869369369932,116,1.0171322152018547,700.0,0.2441117316484451
247,2.657325553470933e-09,0.0283937481759843,4.400089263916016,4.399871826171875,4.399996469760763,-0.9026566699701296,536.2764264266007,116,4.3999481201171875,4.400015354156494,6.723403930664062e-05,536.2764264266007,116,1.0171052068471909,699.0,0.2441052496433258
248,1.688152727386649e-09,0.1654135653949269,4.400084972381592,4.3998637199401855,4.399977067421222,-0.0149426435507136,536.0577077078633,116,4.399939060211182,4.399939060211182,0.0,536.0577077078633,116,1.017220069964727,698.0,0.2441328167915344
249,6.248048406690001e-09,-0.3617285121809377,4.400091648101807,4.399796962738037,4.3999960586942475,-0.86134240608009,535.9863363364711,116,4.400084495544434,4.399939060211182,-0.0001454353332519,535.9863363364711,116,1.0168074940641725,697.0,0.2440337985754013
250,3.479040380920049e-09,-0.2065175367781883,4.40009069442749,4.399862766265869,4.399975044973965,-0.5494152598626889,536.0197197198868,116,4.399942398071289,4.400015354156494,7.295608520507812e-05,536.0197197198868,116,1.0167324915528295,696.0,0.2440157979726791
251,2.739887900767964e-09,0.7900210573803975,4.400158882141113,4.399939060211182,4.4000131590613005,0.4366819619485311,536.0669169169851,116,4.400158882141113,4.399939060211182,-0.0002198219299316,536.0669169169851,116,1.016378402709961,695.0,0.2439308166503906
252,2.090689788106365e-09,-0.0019863478099822,4.400091648101807,4.399864673614502,4.399959124051607,-0.3342454354001409,540.896736736875,117,4.400015354156494,4.400091648101807,7.62939453125e-05,540.896736736875,117,1.0162616148591042,694.0,0.243902787566185
253,2.1086299736113407e-09,0.5628673462104066,4.400091648101807,4.39986515045166,4.39998132195966,0.5059604182491539,536.0531031033024,116,4.399957656860352,4.399939060211182,-1.8596649169921875e-05,536.0531031033024,116,1.0172843933105469,693.0,0.2441482543945312
254,2.342850920363578e-09,0.658030538858762,4.400087356567383,4.399866104125977,4.399970654783578,-0.1695122791300911,536.3570070071146,116,4.399952411651611,4.399939060211182,-1.33514404296875e-05,536.3570070071146,116,1.0164322331547735,692.0,0.2439437359571457
255,3.240529537194426e-09,-0.261888859397569,4.400091648101807,4.3997883796691895,4.399979159749788,1.114940282164747,536.2752752751112,116,4.400015354156494,4.400091648101807,7.62939453125e-05,536.2752752751112,116,1.016038718322913,691.0,0.243849292397499
256,2.247279509242037e-09,-0.0009113019690329,4.400091171264648,4.3998703956604,4.399979381725706,0.0048873120925394,536.0979979978874,116,4.400063991546631,4.400015354156494,-4.863739013671875e-05,536.0979979978874,116,1.0161325956384342,690.0,0.2438718229532241
257,3.076632237248765e-09,-0.2429966551671951,4.4001617431640625,4.399939060211182,4.400035670679858,-0.5542691154901638,540.8386786784977,117,4.400009632110596,4.399939060211182,-7.05718994140625e-05,540.8386786784977,117,1.0160158077875774,689.0,0.2438437938690185
258,3.2055038569806166e-09,-0.211159910145378,4.400089740753174,4.399864196777344,4.3999833856892385,-0.7890629335687747,540.7910710712895,117,4.400015354156494,4.399939060211182,-7.62939453125e-05,540.7910710712895,117,1.0157324373722076,688.0,0.2437757849693298
259,1.24424961794703e-09,-0.0553410655382099,4.400086402893066,4.399939060211182,4.399996736953998,-0.2837062735042885,535.8896396397613,116,4.3999528884887695,4.400015354156494,6.246566772460938e-05,535.8896396397613,116,1.0155428821841876,687.0,0.243730291724205
260,2.0388627967717376e-09,0.43088444178803,4.400091648101807,4.399939060211182,4.400007671780056,-0.4963903776215521,540.7701701703481,117,4.400015354156494,4.400091648101807,7.62939453125e-05,540.7701701703481,117,1.0153823842604957,686.0,0.2436917722225189
261,2.1579177440262315e-09,-0.0602250603907353,4.400088787078857,4.399867057800293,4.399986161126031,-0.1438627505294798,540.8026826828718,117,4.3999457359313965,4.400015354156494,6.961822509765625e-05,540.8026826828718,117,1.0152139390508337,685.0,0.2436513453722
262,2.269868520408953e-09,0.1343440560952186,4.400091171264648,4.399870872497559,4.3999942306779385,-0.6825871678662914,540.7759759761393,117,4.400015354156494,4.400015354156494,0.0,540.7759759761393,117,1.0151555761694908,684.0,0.2436373382806778
263,1.603829708527317e-09,1.0593357925082465,4.40009069442749,4.399939060211182,4.399969924209464,0.0827713775467948,540.8816416417249,117,4.400059223175049,4.399939060211182,-0.0001201629638671,540.8816416417249,117,1.015285092095534,683.0,0.2436684221029281
264,2.932977972302725e-09,0.0836804909909233,4.400086879730225,4.399864196777344,4.399975254617888,-0.5505896492007927,535.3520520520397,116,4.399947643280029,4.400015354156494,6.771087646484375e-05,535.3520520520397,116,1.015476261576017,682.0,0.243714302778244
265,3.159070976058936e-09,0.2964489680703235,4.400091648101807,4.399865627288818,4.3999724836431,-0.7571161141172964,540.8746746745892,117,4.400015354156494,4.399939060211182,-7.62939453125e-05,540.8746746745892,117,1.014657442768415,681.0,0.2435177862644195
266,2.891356767658186e-09,-0.0007768726006651,4.400091648101807,4.399939060211182,4.400017624227409,-1.345126756073684,540.6041241241619,117,4.399947643280029,4.400015354156494,6.771087646484375e-05,540.6041241241619,117,1.0148554419477782,680.0,0.2435653060674667
267,3.6030015519466556e-09,0.4036084952050043,4.400167465209961,4.399873733520508,4.400005441600993,-0.3977049778828587,545.5619819820859,118,4.400048732757568,4.400091648101807,4.291534423828125e-05,545.5619819820859,118,1.0144762073953948,679.0,0.2434742897748947
268,1.031822134422014e-09,-0.1580079696914699,4.400088787078857,4.399939060211182,4.399997573787883,0.0195097675397506,545.7282882882282,118,4.40000057220459,4.399939060211182,-6.151199340820312e-05,545.7282882882282,118,1.0142639900247257,678.0,0.2434233576059341
269,4.307622855321495e-09,0.0023870258028336,4.400167465209961,4.399866104125977,4.400007146899983,-0.0727454338386111,545.687297297176,118,4.400015354156494,4.400015354156494,0.0,545.687297297176,118,1.0140952343742051,677.0,0.2433828562498092
270,2.548439019648849e-09,-0.1205294545188984,4.400091648101807,4.3998703956604,4.399992866031194,-0.4530583426829735,545.7271171170287,118,4.399999141693115,4.400091648101807,9.250640869140624e-05,545.7271171170287,118,1.0139763976136844,676.0,0.2433543354272842
271,1.2222444090515155e-09,0.3793483187361428,4.400080680847168,4.399939060211182,4.399980835995431,-0.5655982072144972,545.574864864815,118,4.399994373321533,4.399939060211182,-5.53131103515625e-05,545.574864864815,118,1.0139407590031624,675.0,0.2433457821607589
272,2.1590448620734235e-09,0.0110060654537043,4.400091648101807,4.399871826171875,4.3999935500642176,0.1066380201375793,540.4671071069315,117,4.39999532699585,4.399939060211182,-5.626678466796875e-05,540.4671071069315,117,1.0140180587768557,674.0,0.2433643341064453
273,2.0318625476421784e-09,-0.2118405190639123,4.400091648101807,4.399939060211182,4.400020914562678,-0.8370112123445317,545.7411711709574,118,4.400001525878906,4.399939060211182,-6.246566772460938e-05,545.7411711709574,118,1.0138344019651413,673.0,0.2433202564716339
274,3.9875221297991135e-09,0.490412028023334,4.400163173675537,4.399939060211182,4.400008782619188,-0.8393705758154391,550.6276876875199,119,4.399939060211182,4.400015354156494,7.62939453125e-05,550.6276876875199,119,1.0136742144823074,672.0,0.2432818114757537
275,1.3807256065698815e-09,-0.9634424089750656,4.400015354156494,4.399866580963135,4.399976722264694,0.4658225967282869,545.6545045045204,118,4.399914741516113,4.400015354156494,0.0001006126403808,545.6545045045204,118,1.013886866470178,671.0,0.2433328479528427
276,2.655568994120388e-09,0.0753829503120305,4.400091648101807,4.399866580963135,4.399985305333542,-0.1965308825464582,545.5783783784136,118,4.399957180023193,4.400091648101807,0.0001344680786132,545.5783783784136,118,1.0136662671963377,670.0,0.2432799041271209
277,2.0782047645218294e-09,-0.0447073760503041,4.400083065032959,4.399862766265869,4.39996539536169,-0.4238934674722765,545.5572972972877,118,4.400015354156494,4.400015354156494,0.0,545.5572972972877,118,1.0134369755784671,669.0,0.2432248741388321
278,1.6157445448060703e-09,0.1277323418454923,4.400089740753174,4.399939060211182,4.400000095367432,-0.6035775713963187,545.4518918916583,118,4.400002956390381,4.400015354156494,1.239776611328125e-05,545.4518918916583,118,1.0133370136221251,668.0,0.24320088326931
279,2.356723709251606e-09,-0.2771601894537371,4.400090217590332,4.399866580963135,4.399989152155003,-0.118546250547368,550.3831831831485,119,4.399993419647217,4.399939060211182,-5.435943603515625e-05,550.3831831831485,119,1.0131101434429488,667.0,0.2431464344263076
280,3.280834091922598e-09,0.09194970730331,4.400091648101807,4.399866580963135,4.399985265331108,-0.5319902309860192,550.2721521519125,119,4.399868965148926,4.399939060211182,7.009506225585938e-05,550.2721521519125,119,1.012988698979219,666.0,0.2431172877550125
281,2.8324434561239742e-09,0.0480669880728473,4.400084018707275,4.399863243103027,4.399968856523017,-0.4091589601336713,550.5013013016433,119,4.400083541870117,4.400015354156494,-6.818771362304688e-05,550.5013013016433,119,1.0128181427717209,665.0,0.243076354265213
282,3.271908031632889e-09,-0.3713811377501004,4.400091648101807,4.399864673614502,4.400001237372391,-0.4579602783381222,550.4800400398672,119,4.40000581741333,4.400091648101807,8.58306884765625e-05,550.4800400398672,119,1.0126659025748572,664.0,0.2430398166179657
283,1.752638196246646e-09,-0.7516947738005794,4.400015354156494,4.399864196777344,4.399967906855736,-0.3039439041999285,550.3843643646687,119,4.400001525878906,4.400015354156494,1.3828277587890623e-05,550.3843643646687,119,1.012616107861201,663.0,0.2430278658866882
284,2.232388296153661e-09,-0.2507633143441422,4.400088310241699,4.399863243103027,4.399986379286823,0.0098334756212197,550.3300300296396,119,4.400015354156494,4.400015354156494,0.0,550.3300300296396,119,1.0125909621516864,662.0,0.2430218309164047
285,3.644170683551435e-09,0.4507668536353433,4.400166034698486,4.399865627288818,4.399997975645947,0.1994790905993375,550.1528528528288,119,4.399970531463623,4.400015354156494,4.482269287109375e-05,550.1528528528288,119,1.012918104728063,661.0,0.2431003451347351
286,1.6588083572556123e-09,-0.7620448744876138,4.400091648101807,4.399862766265869,4.400027287106554,1.9122519832784888,550.2875075079501,119,4.399960994720459,4.399862766265869,-9.822845458984376e-05,550.2875075079501,119,1.0125889132420225,660.0,0.2430213391780853
287,2.8884893993035702e-09,0.4486802934272441,4.400091648101807,4.399939060211182,4.400000079339292,-1.1197950805880394,550.4020820818841,119,4.399996757507324,4.400091648101807,9.489059448242188e-05,550.4020820818841,119,1.0122762992978096,659.0,0.2429463118314743
288,2.3775123927483974e-09,-0.4823620690400899,4.400087356567383,4.399866580963135,4.399982643127442,-0.1997197234476799,555.1725225225091,120,4.400015354156494,4.400015354156494,0.0,555.1725225225091,120,1.0120243454972904,658.0,0.2428858429193496
289,5.196585928079971e-09,-0.0823918110900677,4.400091648101807,4.399862766265869,4.399990423520406,-1.0840243053354426,555.258288288489,120,4.399957180023193,4.400015354156494,5.817413330078125e-05,555.258288288489,120,1.0119411473472917,657.0,0.2428658753633499
290,2.087473752149222e-09,-0.5084370209814869,4.400087356567383,4.3998637199401855,4.3999955693880715,0.2844090336548217,554.9950350346044,120,4.400015354156494,4.400015354156494,0.0,554.9950350346044,120,1.0117554416259131,656.0,0.2428213059902191
291,2.968498895681003e-09,-0.0980824069319601,4.400091648101807,4.399867534637451,4.399991933037253,-0.4231917458891314,550.1493093091995,119,4.399939060211182,4.399939060211182,0.0,550.1493093091995,119,1.0116577769319215,655.0,0.2427978664636612
292,1.357043796973512e-09,-0.2050372494858118,4.400088310241699,4.399939060211182,4.400013287862142,-0.0250035281665614,554.7877677679062,120,4.399945259094238,4.400015354156494,7.009506225585938e-05,554.7877677679062,120,1.011672429740429,654.0,0.2428013831377029
293,2.1914095073896886e-09,0.5248244797798909,4.40009069442749,4.399862766265869,4.399958678086599,0.0914324384583413,554.9461961966008,120,4.400031566619873,4.400015354156494,-1.621246337890625e-05,554.9461961966008,120,1.0118101413051288,653.0,0.2428344339132309
294,2.594068955843113e-09,0.026856089596939,4.400091648101807,4.3998703956604,4.399990161927808,-0.385535798596297,549.96504504513,119,4.399960517883301,4.400091648101807,0.0001311302185058,549.96504504513,119,1.01186806956927,652.0,0.2428483366966247
295,3.128398097063484e-09,-0.6093157712454803,4.400091648101807,4.399801731109619,4.399974726829209,0.6831164819047482,550.2650650655851,119,4.39989709854126,4.400091648101807,0.0001945495605468,550.2650650655851,119,1.0116680214802425,651.0,0.2428003251552581
296,1.800619514796238e-09,0.7076982111738498,4.400091648101807,4.399939060211182,4.399990053737865,-0.0264397027503857,550.2296296292916,119,4.399960517883301,4.400091648101807,0.0001311302185058,550.2296296292916,119,1.0114995141824088,650.0,0.242759883403778
297,3.759839378149936e-09,-0.9011976619113082,4.400088787078857,4.399789810180664,4.399978415171305,1.192715057502724,554.9747847849503,120,4.400039196014404,4.400015354156494,-2.384185791015625e-05,554.9747847849503,120,1.0111807535092037,649.0,0.2426833808422088
298,2.538838155332207e-09,-0.4089544603430574,4.40009069442749,4.399867057800293,4.399992593129476,-0.1710561928095075,555.0915215210989,120,4.400015354156494,4.399939060211182,-7.62939453125e-05,555.0915215210989,120,1.0110975553592048,648.0,0.2426634132862091
299,5.288035238465789e-09,-0.1047640919936516,4.400162696838379,4.399862766265869,4.399995807773811,-0.6624142638249197,559.9699699701741,121,4.399964332580566,4.399862766265869,-0.0001015663146972,559.9699699701741,121,1.011126550535361,647.0,0.2426703721284866
300,3.3282920238091942e-09,0.5858233481129969,4.400157451629639,4.399863243103027,4.39999432961146,0.0784662156600468,555.0200500497594,120,4.399939060211182,4.400015354156494,7.62939453125e-05,555.0200500497594,120,1.0111288477977118,646.0,0.2426709234714508
301,4.416809293407194e-09,0.3077341487844953,4.400166988372803,4.399864673614502,4.3999894181887305,-0.0958284968732168,555.1129629630595,120,4.3998942375183105,4.400015354156494,0.0001211166381835,555.1129629630595,120,1.0111828024188678,645.0,0.2426838725805282
302,2.3272807073949956e-09,-0.0461645479496442,4.400091648101807,4.399872303009033,4.399998227755229,-0.1273499919821246,555.0307707712054,120,4.399939060211182,4.400015354156494,7.62939453125e-05,555.0307707712054,120,1.0110181445876758,644.0,0.2426443547010421
303,4.411258461904068e-09,0.0564762011050399,4.400158405303955,4.399794101715088,4.399978907903035,0.859236388259836,555.0653153154999,120,4.399979591369629,4.400015354156494,3.5762786865234375e-05,555.0653153154999,120,1.0108640417456627,643.0,0.242607370018959
304,2.9660297911482107e-09,0.0016266472197799,4.400089740753174,4.399862766265869,4.399965977668762,-0.4307153071850291,555.0879479479045,120,4.399939060211182,4.400015354156494,7.62939453125e-05,555.0879479479045,120,1.0112244014938674,642.0,0.2426938563585281
305,3.1353045087649686e-09,0.580660659338172,4.400091648101807,4.399864673614502,4.399985341231028,-0.894239834647109,554.9545345343649,120,4.39999532699585,4.399939060211182,-5.626678466796875e-05,554.9545345343649,120,1.011139030257861,641.0,0.2426733672618866
306,2.959659060998755e-09,0.0326708232310264,4.400091648101807,4.399867057800293,4.39999082883199,-0.4839617893120937,554.6674574576318,120,4.400015354156494,4.400015354156494,0.0,554.6674574576318,120,1.010907875994841,640.0,0.2426178902387619
307,1.8945302671011086e-09,-0.3621604680076849,4.400088310241699,4.399872779846191,4.399981991318632,-0.0013489134870496,559.8534534536302,121,4.399954319000244,4.400015354156494,6.103515625e-05,559.8534534536302,121,1.0106931750973067,639.0,0.2425663620233535
308,9.270081432014167e-10,-0.6976390544325005,4.400015354156494,4.399939060211182,4.399990312258402,-1.211034510671101,554.8330330327153,120,4.399939060211182,4.400015354156494,7.62939453125e-05,554.8330330327153,120,1.0110099489490192,638.0,0.2426423877477646
309,3.1850561617957343e-09,0.7631246898038335,4.400163650512695,4.399865627288818,4.399981494744619,0.850258530678186,555.0772272273898,120,4.399939060211182,4.400015354156494,7.62939453125e-05,555.0772272273898,120,1.0105893015861511,637.0,0.2425414323806762
310,2.022379152783926e-09,0.0185686344882531,4.400091171264648,4.399939060211182,4.400004120667775,-0.9546032590897702,554.6138538541272,120,4.400020599365234,4.400015354156494,-5.245208740234375e-06,554.6138538541272,120,1.0103433703382811,636.0,0.2424824088811874
311,3.427028755764946e-09,-0.7876198399212441,4.400144100189209,4.3998003005981445,4.3999931136767065,2.252792279864633,554.7139139138162,120,4.400144100189209,4.400015354156494,-0.0001287460327148,554.7139139138162,120,1.010201871395111,635.0,0.2424484491348266
312,1.5128603495379206e-09,-0.6245493061713755,4.400088310241699,4.399872303009033,4.399997945626577,1.2842783142818297,554.8211211208254,120,4.399965286254883,4.400015354156494,5.0067901611328125e-05,554.8211211208254,120,1.010064221918583,634.0,0.2424154132604599
313,3.025014674258223e-09,0.1169186052716377,4.400091648101807,4.399862766265869,4.3999885606371665,-0.6362499484958941,559.744144144468,121,4.399939060211182,4.399939060211182,0.0,559.744144144468,121,1.0102329154809315,633.0,0.2424558997154235
314,3.306183802519863e-09,-0.3465622239081811,4.400091648101807,4.399862766265869,4.399988726150891,-0.0960315184327176,559.7213213210925,121,4.399911880493164,4.400015354156494,0.00010347366333,559.7213213210925,121,1.0102014988660812,632.0,0.2424483597278595
315,2.9110951010491286e-09,0.4262195762378167,4.4001569747924805,4.399866580963135,4.399994770685832,1.1806522141558975,554.6984284287319,120,4.399985313415527,4.400015354156494,3.0040740966796875e-05,554.6984284287319,120,1.0098517561952274,631.0,0.2423644214868545
316,1.1410478561401131e-09,0.1710576117069232,4.400085926055908,4.399939060211182,4.399995059021248,-0.1102048221873923,559.8174174176529,121,4.400015354156494,4.400015354156494,0.0,559.8174174176529,121,1.0098247478405635,630.0,0.2423579394817352
317,4.512045683636531e-09,-1.157345394158127,4.400091648101807,4.399791717529297,4.399991137922303,1.2018382941615675,559.9891891889274,121,4.399965286254883,4.400091648101807,0.0001263618469238,559.9891891889274,121,1.0097956284880638,629.0,0.2423509508371353
318,2.4393859934778547e-09,0.0574255426180062,4.4001641273498535,4.399873733520508,4.400016792549574,1.200979190267775,559.6516516515985,121,4.4000444412231445,4.400015354156494,-2.9087066650390625e-05,559.6516516515985,121,1.0099184388915698,628.0,0.2423804253339767
319,1.911735407627344e-09,-0.0875770512780171,4.400081157684326,4.399863243103027,4.399965061629114,0.0761490130753856,559.8798798797652,121,4.399954319000244,4.400015354156494,6.103515625e-05,559.8798798797652,121,1.0097349062561989,627.0,0.2423363775014877
320,3.310095776685746e-09,-0.0487351182099117,4.400090217590332,4.399868011474609,4.399990399678548,-0.9680212845487834,573.3536736741662,120,4.399966716766357,4.399939060211182,-2.765655517578125e-05,573.3536736741662,120,1.0121483355760574,626.0,0.2429156005382537
321,1.5465104941768032e-09,-0.2351643741936204,4.400084972381592,4.399863243103027,4.3999846892628245,0.3056694447192045,572.0749749746174,123,4.400015354156494,4.400015354156494,0.0,572.0749749746174,123,1.0120355834563577,625.0,0.2428885400295257
322,2.7841657456116243e-09,-0.1487223628714383,4.400091648101807,4.399867534637451,4.399991837943473,-0.2066617513406186,571.8710310310125,123,4.400015354156494,4.400015354156494,0.0,571.8710310310125,123,1.0118016973137856,624.0,0.2428324073553085
323,4.568445380351499e-09,0.2523784769540892,4.400166988372803,4.399864673614502,4.399986974528579,-0.3765051100806276,566.4205005001277,122,4.400091648101807,4.400015354156494,-7.62939453125e-05,566.4205005001277,122,1.0117377464969954,623.0,0.2428170591592788
324,3.531427039095832e-09,-0.1504621745343017,4.400161266326904,4.399867534637451,4.400018109649908,-0.5141547574283436,566.6155055053532,122,4.400063991546631,4.400015354156494,-4.863739013671875e-05,566.6155055053532,122,1.011558249592781,622.0,0.2427739799022674
325,3.0138134608529718e-09,-0.4142590011888052,4.400091171264648,4.399866104125977,4.399992764480715,-0.4557981431012559,571.2982782786712,123,4.399904251098633,4.400015354156494,0.0001111030578613,571.2982782786712,123,1.011402470370134,621.0,0.2427365928888321
326,1.737369631923173e-09,-0.1754331810609288,4.40008544921875,4.399869918823242,4.399980533318441,0.0696143157320756,566.4168668668717,122,4.399939060211182,4.400015354156494,7.62939453125e-05,566.4168668668717,122,1.0116313273708026,620.0,0.2427915185689926
327,2.1550815816446112e-09,-0.3544281444516484,4.400091648101807,4.399874210357666,4.4000071619377765,0.3777831694365106,565.9856756757945,122,4.400015354156494,4.399939060211182,-7.62939453125e-05,565.9856756757945,122,1.0113149881362915,619.0,0.2427155971527099
328,2.023247484377011e-09,-0.3984933286462845,4.400089740753174,4.3998703956604,4.399994295151507,0.3194911261293822,565.8718218216673,122,4.399939060211182,4.399939060211182,0.0,565.8718218216673,122,1.0111598918835325,618.0,0.2426783740520477
329,3.092819106662697e-09,0.0471284633791205,4.400091648101807,4.399868011474609,4.399991309056516,-0.7035379992414872,566.0147447446361,122,4.399922847747803,4.400015354156494,9.250640869140624e-05,566.0147447446361,122,1.0109975934028623,617.0,0.242639422416687
330,2.524334303748753e-09,0.4132441337185295,4.400085926055908,4.399862766265869,4.3999477789654,0.1520126573106748,571.1688288291916,123,4.399939060211182,4.399939060211182,0.0,571.1688288291916,123,1.0108953341841698,616.0,0.2426148802042007
331,4.043070450411027e-09,0.296139083957656,4.400166988372803,4.39986515045166,4.399997645277318,0.0362485636114504,570.9062662664801,123,4.3999714851379395,4.399939060211182,-3.24249267578125e-05,570.9062662664801,123,1.0107786084214847,615.0,0.2425868660211563
332,2.595644277695424e-09,-0.5040188240785083,4.40009069442749,4.399866580963135,4.400009600842585,-0.3859277150306779,565.5629629632458,122,4.399982929229736,4.400015354156494,3.24249267578125e-05,565.5629629632458,122,1.010459971924623,614.0,0.2425103932619094
333,4.855558656999086e-09,0.0106920171588968,4.4001593589782715,4.399869441986084,4.400008085297375,-0.9719938781173708,571.0454854853451,123,4.400065898895264,4.400015354156494,-5.054473876953125e-05,571.0454854853451,123,1.0102723414699235,613.0,0.2424653619527816
334,2.7964106801935206e-09,0.4825306129458867,4.400156021118164,4.399862766265869,4.3999914929149595,0.9592467814565836,571.0112912915647,123,4.400028228759766,4.400015354156494,-1.2874603271484377e-05,571.0112912915647,123,1.010451652109623,612.0,0.2425083965063095
335,3.380831635260795e-09,0.1764648589196596,4.400163650512695,4.399864673614502,4.399995443297596,0.2256129607785628,570.7743743741885,123,4.400015354156494,4.400015354156494,0.0,570.7743743741885,123,1.0105139886339507,611.0,0.2425233572721481
336,2.739153333965942e-09,0.5643430311010371,4.400091648101807,4.399864196777344,4.39997076019039,0.1421842418611572,570.9917517518625,123,4.399935722351074,4.400091648101807,0.0001559257507324,570.9917517518625,123,1.01024117320776,610.0,0.2424578815698623
337,4.668129654297494e-09,0.1557626366950897,4.400091648101807,4.399862766265869,4.399974962560142,-1.0203228438048255,570.7926926929504,123,4.399988174438477,4.400015354156494,2.7179718017578125e-05,570.7926926929504,123,1.0100180904070537,609.0,0.2424043416976928
338,2.85181876295361e-09,0.7271353307592343,4.400150775909424,4.399864196777344,4.399985565402644,0.5317651995867956,570.5972972968593,123,4.4000563621521,4.399939060211182,-0.0001173019409179,570.5972972968593,123,1.0097972427805266,608.0,0.2423513382673263
339,2.158588043514557e-09,-0.0922732217068115,4.400091648101807,4.399939060211182,4.400024233325835,-0.8306948769033777,575.6633933931589,124,4.399977207183838,4.399939060211182,-3.814697265625e-05,575.6633933931589,124,1.0096995780865352,607.0,0.2423278987407684
340,3.762058497621482e-09,0.0365828170440272,4.400161266326904,4.399868011474609,4.400001103315896,-0.4529151173371026,570.8647447451949,123,4.400015354156494,4.400091648101807,7.62939453125e-05,570.8647447451949,123,1.0096183667580287,606.0,0.2423084080219268
341,2.844077148415948e-09,-0.3907484217439957,4.400091648101807,4.399871349334717,4.400018393508787,-0.4848351236241006,570.5130330333486,123,4.400091648101807,4.400015354156494,-7.62939453125e-05,570.5130330333486,123,1.0094559441010158,605.0,0.2422694265842437
342,2.8554172551687915e-09,0.1836345876883041,4.400091648101807,4.399868488311768,4.399986406651939,-0.4214248455969724,570.3042042041197,123,4.400015354156494,4.399939060211182,-7.62939453125e-05,570.3042042041197,123,1.0094162076711657,604.0,0.2422598898410797
343,3.430120750884475e-09,-0.79826242970363,4.400089263916016,4.399790287017822,4.399981657663981,0.9036851776222244,570.7951351348311,123,4.400002479553223,4.399939060211182,-6.341934204101562e-05,570.7951351348311,123,1.0093515117963157,603.0,0.2422443628311157
344,4.016456974044151e-09,0.2840375248218427,4.4001665115356445,4.399875640869141,4.4000202032827564,-0.3616933800431665,575.6264564562589,124,4.399939060211182,4.400015354156494,7.62939453125e-05,575.6264564562589,124,1.0093765333294868,602.0,0.2422503679990768
345,2.293998861172938e-09,-0.4704218869027283,4.400091171264648,4.399862766265869,4.399975920111183,0.2396930553728928,570.5667667668313,123,4.400015354156494,4.400015354156494,0.0,570.5667667668313,123,1.0092392563819883,601.0,0.2422174215316772
346,2.8586695805847482e-09,0.0086847017252928,4.400084495544434,4.399862766265869,4.399970229079083,-0.5476925198940781,570.6522522522137,123,4.39987325668335,4.400015354156494,0.0001420974731445,570.6522522522137,123,1.0090266664822898,600.0,0.2421663999557495
347,2.553620853661053e-09,-0.1357256619491894,4.400091648101807,4.399862766265869,4.39999790730015,-0.193541935765297,575.3986786790192,124,4.400015354156494,4.400091648101807,7.62939453125e-05,575.3986786790192,124,1.0087390740712483,599.0,0.2420973777770996
348,2.6407680015092175e-09,0.0042089904264284,4.400090217590332,4.399867057800293,4.399995669241874,-0.9070023334860258,575.356816817075,124,4.400015354156494,4.400015354156494,0.0,575.356816817075,124,1.0086579869190853,598.0,0.2420779168605804
349,3.2094288856103063e-09,-0.1607099546310485,4.400091648101807,4.399864673614502,4.399993245194598,-0.8019307934281508,570.4837237233296,123,4.400010585784912,4.399939060211182,-7.152557373046875e-05,570.4837237233296,123,1.008622720837593,597.0,0.2420694530010223
350,1.270003052240372e-09,-0.0039162574714366,4.400089740753174,4.399939060211182,4.39999717871348,-0.2280598629568322,553.7812112113461,120,4.399960994720459,4.400015354156494,5.435943603515625e-05,553.7812112113461,120,1.0099058349927268,596.0,0.2423774003982544
351,3.087533533948448e-09,-0.0932493438812821,4.40009069442749,4.399862766265869,4.3999716906043576,-0.5737436384039802,570.6058458462358,123,4.399939060211182,4.399939060211182,0.0,570.6058458462358,123,1.0086330895622573,595.0,0.2420719414949417
352,2.944115015712783e-09,0.346741788398669,4.400091648101807,4.399864196777344,4.399985501843114,-0.6365042096139275,575.3740540537983,124,4.399998188018799,4.399939060211182,-5.91278076171875e-05,575.3740540537983,124,1.0082141806681952,594.0,0.2419714033603668
353,2.223531165059723e-09,-0.0902221756892755,4.400091648101807,4.399868011474609,4.399981956328115,-0.2672732115842273,575.4208408407867,124,4.400015354156494,4.400091648101807,7.62939453125e-05,575.4208408407867,124,1.0081393023331962,593.0,0.241953432559967
354,2.1780957865474708e-09,-0.0226410047551375,4.400088310241699,4.399867534637451,4.399984432804969,-0.3627336834022459,575.2780180182308,124,4.399939060211182,4.400015354156494,7.62939453125e-05,575.2780180182308,124,1.0081269467870395,592.0,0.2419504672288894
355,3.056348880191322e-09,0.043307450068704,4.400156021118164,4.399863243103027,4.400002052707057,0.4794798728929774,575.5316516514868,124,4.3999552726745605,4.399939060211182,-1.621246337890625e-05,575.5316516514868,124,1.0078206037481627,591.0,0.241876944899559
356,2.635163147981218e-09,-0.2013748785352102,4.400089740753174,4.3998637199401855,4.399996176842721,-0.5223071878705303,575.5341141140088,124,4.400048732757568,4.399939060211182,-0.0001096725463867,575.5341141140088,124,1.0076101869344711,590.0,0.241826444864273
357,3.6828628693793635e-09,-0.9972327104186454,4.400091648101807,4.399796009063721,4.399986251831055,0.513382983329318,580.2045645648614,125,4.400015354156494,4.400091648101807,7.62939453125e-05,580.2045645648614,125,1.0075852274894714,589.0,0.2418204545974731
358,1.6306270399861059e-09,0.2910625842240746,4.400088787078857,4.399939060211182,4.39999661907073,-0.6058577429022889,575.3051051050425,124,4.3999552726745605,4.400015354156494,6.008148193359375e-05,575.3051051050425,124,1.0086433961987495,588.0,0.2420744150876999
359,3.030637243740538e-09,-0.3925376873983963,4.400091648101807,4.399864673614502,4.399991166207098,-0.1720106725216821,575.6793993990868,124,4.400091648101807,4.400015354156494,-7.62939453125e-05,575.6793993990868,124,1.0075893873969717,587.0,0.2418214529752731
360,2.450835140607319e-09,-0.6827421518071425,4.400091648101807,4.3998637199401855,4.400011824779823,0.5101744683494349,564.3989889891818,122,4.399970054626465,4.400015354156494,4.5299530029296875e-05,564.3989889891818,122,1.008537163337072,586.0,0.2420489192008972
361,2.075461304115244e-09,0.379836988162253,4.400157451629639,4.399868965148926,4.399986497817501,2.4865232307258633,575.3186486484483,124,4.399951457977295,4.399939060211182,-1.239776611328125e-05,575.3186486484483,124,1.0072877630591393,585.0,0.2417490631341934
362,2.6453207225616014e-09,-0.074842683459648,4.400091648101807,4.399862766265869,4.399966812902881,-0.1742042097876952,575.1351951947436,124,4.400091648101807,4.400015354156494,-7.62939453125e-05,575.1351951947436,124,1.007301857074102,584.0,0.2417524456977844
363,1.9990103792634806e-09,0.0190012806192336,4.400091648101807,4.399939060211182,4.400012100896528,-1.025033662862556,575.2583183180541,124,4.400091648101807,4.400091648101807,0.0,575.2583183180541,124,1.007183206578096,583.0,0.2417239695787429
364,2.8595532351192238e-09,0.0938734393142257,4.400091648101807,4.399871349334717,4.4000008659362795,-0.8833739623110728,580.1685685683042,125,4.400015354156494,4.399939060211182,-7.62939453125e-05,580.1685685683042,125,1.0068435221910477,582.0,0.2416424453258514
365,5.849870567251326e-09,-0.8459915697913372,4.400091648101807,4.3997931480407715,4.3999919548034665,0.2429934008128214,580.2467667665333,125,4.400015354156494,4.400015354156494,0.0,580.2467667665333,125,1.0065811375776927,581.0,0.2415794730186462
366,1.965951278473386e-09,-0.0502489463397365,4.40009069442749,4.399869441986084,4.399978809356689,0.0519646910985684,579.8694294290617,125,4.399871349334717,4.400015354156494,0.0001440048217773,579.8694294290617,125,1.0064790646235149,580.0,0.2415549755096435
367,3.8118381956836295e-09,-1.1298080626040394,4.400091648101807,4.399786949157715,4.400019351959228,1.7420579402865155,579.852052051574,125,4.40008544921875,4.399939060211182,-0.0001463890075683,579.852052051574,125,1.006451870004336,579.0,0.2415484488010406
368,4.169120867088841e-09,0.3217613270344567,4.400162220001221,4.399868488311768,4.399991180419922,-0.5898330890209795,579.621181181632,125,4.400015354156494,4.399939060211182,-7.62939453125e-05,579.621181181632,125,1.0064747184515,578.0,0.2415539324283599
369,3.1554496789824278e-09,-0.0054610639542937,4.400091648101807,4.399862766265869,4.399972911834717,-0.6433119901496069,580.1201601605862,125,4.400015354156494,4.400091648101807,7.62939453125e-05,580.1201601605862,125,1.0063081979751587,577.0,0.241513967514038
370,3.1745759124826323e-09,-0.8126093068717309,4.400091648101807,4.399862766265869,4.400001663208008,0.2897786860405467,579.8594994992018,125,4.399939060211182,4.399939060211182,0.0,579.8594994992018,125,1.0061415533224742,576.0,0.2414739727973938
371,1.8856738438083246e-09,-0.5628343304781662,4.400087833404541,4.399866104125977,4.399998854077052,0.722648828048718,584.6909409407526,126,4.400026798248291,4.399939060211182,-8.7738037109375e-05,584.6909409407526,126,1.0059206436077754,575.0,0.2414209544658661
372,1.2188031999563283e-09,-1.18516408084311,4.400015354156494,4.399869918823242,4.399984069824219,1.1170979992340828,579.725445445627,125,4.4000139236450195,4.400015354156494,1.430511474609375e-06,579.725445445627,125,1.006066364546617,574.0,0.241455927491188
373,2.267389009507642e-09,-0.5016339548797722,4.400089263916016,4.399864196777344,4.399992778778076,0.0791820366165128,579.8210210213438,125,4.4000020027160645,4.399939060211182,-6.29425048828125e-05,579.8210210213438,125,1.005966340502103,573.0,0.2414319217205047
374,3.539220796806002e-09,-0.3743966061829009,4.400091648101807,4.3997979164123535,4.399991668701172,0.9121562588375594,579.7726126126945,125,4.39994478225708,4.400091648101807,0.0001468658447265,579.7726126126945,125,1.0056497529149055,572.0,0.2413559406995773
375,2.121909728298159e-09,-0.0972744903531454,4.400091648101807,4.399876117706299,4.400002895355224,0.1392705882954041,579.8743943944573,125,4.400091648101807,4.400091648101807,0.0,579.8743943944573,125,1.0053977991143863,571.0,0.2412954717874527
376,3.464802426201963e-09,-0.1417679579669435,4.400091648101807,4.399862766265869,4.399994982613458,-0.7302540344787611,584.5908408407122,126,4.40004825592041,4.399862766265869,-0.000185489654541,584.5908408407122,126,1.0053645198543868,570.0,0.2412874847650528
377,1.5976547729223963e-09,-0.2038969139458269,4.400087356567383,4.399867534637451,4.399977842966716,-0.2491150622329394,584.5633133137599,126,4.400015354156494,4.400015354156494,0.0,584.5633133137599,126,1.0051770135760307,569.0,0.2412424832582473
378,2.2778036105187803e-09,-0.2811584712049875,4.400090217590332,4.399863243103027,4.399995221032037,-0.0916134901170839,584.3968968968838,126,4.39995813369751,4.400015354156494,5.7220458984375e-05,584.3968968968838,126,1.005076803267002,568.0,0.2412184327840805
379,2.1848476651015623e-09,0.4986839093950908,4.400088310241699,4.399862766265869,4.399980957545932,-0.3067179320259354,584.6408908907324,126,4.400064468383789,4.399939060211182,-0.0001254081726074,584.6408908907324,126,1.004935366412004,567.0,0.2411844879388809
380,2.435784702515415e-09,-0.1199791830794805,4.400091648101807,4.399871826171875,4.400006207208785,-0.2483212865479425,584.813563563861,126,4.400086879730225,4.400015354156494,-7.152557373046875e-05,584.813563563861,126,1.0048247873783112,566.0,0.2411579489707946
381,2.5411515837601787e-09,-0.2833287446171355,4.40009069442749,4.399870872497559,4.399992352440243,-0.2203263453131048,584.4769769767299,126,4.400078773498535,4.400015354156494,-6.341934204101562e-05,584.4769769767299,126,1.0045394922296207,565.0,0.2410894781351089
382,2.285687283830835e-09,-0.0531942014078741,4.400091648101807,4.399866104125977,4.399995924934508,0.1457710906433638,584.6771771768108,126,4.400083065032959,4.400015354156494,-6.771087646484375e-05,584.6771771768108,126,1.0044435660044353,564.0,0.2410664558410644
383,3.240195910043511e-09,-0.0425361982456057,4.400088310241699,4.399866580963135,4.3999907024323,-0.9135574999670588,584.3255755752325,126,4.3998894691467285,4.400015354156494,0.0001258850097656,584.3255755752325,126,1.004593757291635,563.0,0.2411025017499923
384,1.7386925932529031e-09,0.1016003150978083,4.400089740753174,4.399873733520508,4.3999815362644945,-0.1423269667826323,589.9789189193398,127,4.399946689605713,4.399939060211182,-7.62939453125e-06,589.9789189193398,127,1.0044250016411147,562.0,0.2410620003938675
385,1.933479992006451e-09,0.0291919765534288,4.400088310241699,4.399939060211182,4.3999999451825,-0.9175520947839656,589.4290090091527,127,4.400015354156494,4.400015354156494,0.0,589.4290090091527,127,1.0042815158764522,561.0,0.2410275638103485
386,3.669348578634006e-09,-0.6355545368117999,4.400089740753174,4.399797439575195,4.399982951936268,0.4037325926737805,584.4494494497776,126,4.400015354156494,4.400015354156494,0.0,584.4494494497776,126,1.0041667769352596,560.0,0.2410000264644622
387,5.8876137209442715e-09,-0.7620063348522319,4.400151252746582,4.399789810180664,4.399999633667961,0.375136983379341,584.2630130127072,126,4.399872303009033,4.400015354156494,0.0001430511474609,584.2630130127072,126,1.0040396824479103,559.0,0.2409695237874984
388,1.777386244516163e-09,-0.9029199346112448,4.400015354156494,4.399862766265869,4.3999738017405114,-0.0794917538437527,589.6749549545348,127,4.400015354156494,4.400015354156494,0.0,589.6749549545348,127,1.0039728755752246,558.0,0.2409534901380539
389,2.3147125826426903e-09,0.4505639376603743,4.400153160095215,4.399872779846191,4.399993783845677,1.246371513893063,589.5929729733616,127,4.3999409675598145,4.400015354156494,7.43865966796875e-05,589.5929729733616,127,1.0037312904993694,557.0,0.2408955097198486
390,1.9979918516499902e-09,-0.7687149288931642,4.400015354156494,4.399862766265869,4.399962774411899,-0.2250410288701383,589.4063063059002,127,4.399944305419922,4.400015354156494,7.104873657226562e-05,589.4063063059002,127,1.0036397725343704,556.0,0.2408735454082489
391,5.904208274654276e-09,-0.5080328657023728,4.400091648101807,4.399794578552246,4.399987568930974,-0.5437629667764257,584.3343343343586,126,4.400091648101807,4.399862766265869,-0.0002288818359375,584.3343343343586,126,1.0038146749138832,555.0,0.2409155219793319
392,1.9427008598785575e-09,1.3334789192793344,4.40016508102417,4.399939060211182,4.399990352119986,2.983309514315198,589.4971171170473,127,4.3999457359313965,4.400015354156494,6.961822509765625e-05,589.4971171170473,127,1.0036207735538485,554.0,0.2408689856529235
393,1.5991582196128179e-09,-0.4510564214352196,4.400091648101807,4.399878025054932,4.400002250521202,0.6478853629433781,589.5135135138407,127,4.400015354156494,4.399939060211182,-7.62939453125e-05,589.5135135138407,127,1.0034584750731788,553.0,0.2408300340175628
394,3.12101447642507e-09,-1.0717978530650636,4.400088310241699,4.399787425994873,4.399967531519612,1.7933029097642654,589.4063063059002,127,4.400015354156494,4.399939060211182,-7.62939453125e-05,589.4063063059002,127,1.0033167898654938,552.0,0.2407960295677185
395,1.796375779536637e-09,-0.2755632545542072,4.400091648101807,4.399869918823242,4.400006148964167,0.9643339244903996,594.3714414415881,128,4.400087833404541,4.400015354156494,-7.2479248046875e-05,594.3714414415881,128,1.00309227903684,551.0,0.2407421469688415
396,5.603809517905159e-09,-0.1984080463540808,4.400165557861328,4.399862766265869,4.400006171315908,-0.773718994915181,594.475685685873,128,4.400015354156494,4.400091648101807,7.62939453125e-05,594.475685685873,128,1.0030395661791167,550.0,0.2407294958829879
397,3.3850692327937072e-09,-0.2902271458429142,4.400091648101807,4.399865627288818,4.400006368756294,-0.5961894813596951,594.1502402406186,128,4.400086402893066,4.400015354156494,-7.104873657226562e-05,594.1502402406186,128,1.002766750752926,549.0,0.2406640201807022
398,1.5339358207857887e-09,0.0137623697443335,4.400090217590332,4.399939060211182,4.400008254163847,-0.4574007882182767,589.30540540535,127,4.400088787078857,4.399939060211182,-0.0001497268676757,589.30540540535,127,1.0029229645927749,548.0,0.2407015115022659
399,2.5111492797669047e-09,-0.44972063209346,4.400091648101807,4.399862766265869,4.3999879732728,-0.0281073014341752,594.2112612612545,128,4.399939060211182,4.400091648101807,0.000152587890625,594.2112612612545,128,1.0027648260196051,547.0,0.2406635582447052
400,1.564893446672119e-09,-0.5932727533896144,4.400014877319336,4.399863243103027,4.3999563828110695,-0.4222825491998265,594.0892192190513,128,4.399863243103027,4.399939060211182,7.581710815429688e-05,594.0892192190513,128,1.0026063149174056,546.0,0.2406255155801773
401,2.4741118200535576e-09,-0.6268269010440262,4.40009069442749,4.399863243103027,4.399996265769005,0.1021943637466051,594.0701501499861,128,4.400018215179443,4.400015354156494,-2.86102294921875e-06,594.0701501499861,128,1.002431350449721,545.0,0.240583524107933
402,2.447926459961588e-09,0.7563121138338998,4.400162696838379,4.399877548217773,4.400006052106619,1.4896021269752715,594.000230230391,128,4.399877548217773,4.400091648101807,0.0002140998840332,594.000230230391,128,1.002300096054872,544.0,0.2405520230531692
403,3.3410094057796694e-09,-0.8620915097653649,4.40009069442749,4.399796009063721,4.399976831721508,0.5834062423597337,589.1565765766427,127,4.400008201599121,4.400015354156494,7.152557373046875e-06,589.1565765766427,127,1.0023189708590508,543.0,0.2405565530061721
404,3.2045306632200602e-09,-0.1781382686675311,4.400089263916016,4.399863243103027,4.399977026059646,-0.7811206661938277,599.0540940938517,129,4.399939060211182,4.399939060211182,0.0,599.0540940938517,129,1.002383418381214,542.0,0.2405720204114914
405,2.833669495025895e-09,0.5756817623100631,4.400156497955322,4.399939060211182,4.400002270936966,-0.289727729359718,594.3955955952406,128,4.399970531463623,4.400015354156494,4.482269287109375e-05,594.3955955952406,128,1.0022586211562157,541.0,0.2405420690774917
406,2.7931924489890003e-09,0.8164898069076533,4.40015983581543,4.399939060211182,4.4000090435147285,0.2410417582726705,594.0027727726847,128,4.400008678436279,4.399939060211182,-6.961822509765625e-05,594.0027727726847,128,1.0020211338996887,540.0,0.2404850721359253
407,2.3359847599575964e-09,-0.1380986845022766,4.400091648101807,4.3998703956604,4.3999881111085415,-0.5234687416473625,594.3205905901268,128,4.400000095367432,4.399939060211182,-6.103515625e-05,594.3205905901268,128,1.002368765572707,539.0,0.2405685037374496
408,3.193698575939637e-09,0.3385576688627105,4.400166034698486,4.399865627288818,4.399997603148222,0.0745273191857727,593.8756456458941,128,4.40008544921875,4.399939060211182,-0.0001463890075683,593.8756456458941,128,1.0020649060606956,538.0,0.2404955774545669
409,1.5305415028104634e-09,0.481847357708828,4.400089740753174,4.399939060211182,4.399989083409309,-0.3952121959043611,594.0167567571625,128,4.4000091552734375,4.400015354156494,6.198883056640625e-06,594.0167567571625,128,1.002352312207222,537.0,0.2405645549297332
410,3.85727812945029e-09,0.0973743214089563,4.400091648101807,4.3998637199401855,4.399993937462568,-1.0078507727453578,594.1184584582224,128,4.400015354156494,4.399939060211182,-7.62939453125e-05,594.1184584582224,128,1.0020793726046882,536.0,0.2404990494251251
411,2.4853168552035067e-09,0.2838340684956393,4.400091648101807,4.399864673614502,4.39997511357069,-0.2514389922609652,594.1502402406186,128,4.400070667266846,4.400091648101807,2.09808349609375e-05,594.1502402406186,128,1.0017003243168197,535.0,0.2404080778360366
412,1.6705154950980701e-09,0.3817429459834621,4.400089263916016,4.399901390075684,4.399986769801886,-0.5576173989649322,599.0476876879111,129,4.399901390075684,4.399939060211182,3.7670135498046875e-05,599.0476876879111,129,1.0016356905301411,534.0,0.2403925657272339
413,1.6219308136005e-09,0.732546390431835,4.400086402893066,4.399864673614502,4.3999638705290565,0.7438293500032684,599.0015615615994,129,4.399997711181641,4.400015354156494,1.7642974853515625e-05,599.0015615615994,129,1.001496178408464,533.0,0.2403590828180313
414,2.3931050698367414e-09,0.2077946876268348,4.400091171264648,4.399939060211182,4.400000232134679,-1.2405120333953372,598.7606806810945,129,4.400005340576172,4.400015354156494,1.0013580322265623e-05,598.7606806810945,129,1.0013647998372714,532.0,0.2403275519609451
415,3.8186654468451855e-09,-0.6364117714299035,4.400091648101807,4.399862766265869,4.400010023266077,-0.3614103065606944,593.9061561562121,128,4.4000749588012695,4.399862766265869,-0.0002121925354003,593.9061561562121,128,1.001262664794922,531.0,0.2403030395507812
416,1.7711761015632432e-09,-0.7978663719161188,4.400087833404541,4.399866580963135,4.399996410044589,1.1178125849499367,599.0707507506013,129,4.400015354156494,4.400015354156494,0.0,599.0707507506013,129,1.001352382202943,530.0,0.2403245717287063
417,2.703337326521272e-09,0.5348203060033296,4.400161266326904,4.399875164031982,4.40000144392252,0.6197490512299506,593.8502202201635,128,4.400091648101807,4.400015354156494,-7.62939453125e-05,593.8502202201635,128,1.001419002811114,529.0,0.2403405606746673
418,2.611899850579402e-09,1.0708645392261469,4.4001641273498535,4.399939060211182,4.399988259455954,0.918716694340294,598.7401801804081,129,4.400002956390381,4.399939060211182,-6.389617919921875e-05,598.7401801804081,129,1.0011959820985794,528.0,0.240287035703659
419,3.084811730778084e-09,-0.0883446344384938,4.4001617431640625,4.399872779846191,4.4000184000000475,-0.1647448541369591,598.8695895895362,129,4.400035381317139,4.400091648101807,5.626678466796875e-05,598.8695895895362,129,1.000896158317725,527.0,0.2402150779962539
420,2.349129702659726e-09,0.0155068075657561,4.400091648101807,4.399867057800293,4.39999358355999,-0.1120984497716532,612.7819919921458,128,4.399979591369629,4.400015354156494,3.5762786865234375e-05,612.7819919921458,128,1.0036657253901164,526.0,0.2408797740936279
421,2.585905611895773e-09,0.1189890425884361,4.400091648101807,4.399864673614502,4.399995580086341,-0.4420643579221699,606.5337237240747,130,4.3999714851379395,4.399939060211182,-3.24249267578125e-05,606.5337237240747,130,1.0035792365670204,525.0,0.2408590167760849
422,2.66945529596885e-09,-0.090219759297309,4.400091648101807,4.399862766265869,4.400001885340764,-0.491520270396756,605.7008408410475,130,4.399998664855957,4.399862766265869,-0.0001358985900878,605.7008408410475,130,1.0039500892162323,524.0,0.2409480214118957
423,1.948971164857215e-09,0.2785216409126851,4.400091648101807,4.399939060211182,4.399996141286997,-0.9236577871129524,605.9784684684128,130,4.4000749588012695,4.399939060211182,-0.0001358985900878,605.9784684684128,130,1.0036798194050789,523.0,0.2408831566572189
424,3.6391808911742886e-09,-0.1222199432599306,4.400161266326904,4.399869441986084,4.400001049041748,-0.1284299536710675,606.2857957957312,130,4.400048732757568,4.400091648101807,4.291534423828125e-05,606.2857957957312,130,1.0035587474703789,522.0,0.2408540993928909
425,4.019695970554997e-09,-0.781937649137941,4.400091171264648,4.399789810180664,4.3999740050389216,0.6544060846562267,605.8067267267033,130,4.399965763092041,4.399939060211182,-2.6702880859375e-05,605.8067267267033,130,1.003415323793888,521.0,0.2408196777105331
426,1.637661880218793e-09,-0.9204889104843184,4.400090217590332,4.399867057800293,4.399999049993662,1.3427874875479198,605.9952552551404,130,4.399974346160889,4.400015354156494,4.100799560546875e-05,605.9952552551404,130,1.0032172004381816,520.0,0.2407721281051635
427,1.665694112237105e-09,0.3415434075896579,4.40009069442749,4.399939060211182,4.399989058421208,-0.6891365389208204,605.8557957960293,130,4.399995803833008,4.399939060211182,-5.6743621826171875e-05,605.8557957960293,130,1.0030252238114676,519.0,0.2407260537147522
428,2.193517925225002e-09,0.1430312666487639,4.400091648101807,4.399939060211182,4.400006085175734,-0.9218666204538746,606.0159159163013,130,4.399939060211182,4.400015354156494,7.62939453125e-05,606.0159159163013,130,1.002963011463483,518.0,0.2407111227512359
429,1.691998616164299e-09,-0.3674748166945928,4.400087356567383,4.39986515045166,4.399986802614652,0.5062662580016855,605.7770270267501,130,4.399965286254883,4.399939060211182,-2.6226043701171875e-05,605.7770270267501,130,1.0027109334866209,517.0,0.2406506240367889
430,3.7823059762700414e-09,-0.0915520127060871,4.400091171264648,4.399864673614502,4.399989329851591,-1.0744806854933338,605.28891891893,130,4.3999128341674805,4.400015354156494,0.0001025199890136,605.28891891893,130,1.002283518513044,516.0,0.2405480444431305
431,1.9515231869240204e-09,0.0125519264981321,4.400091171264648,4.399869441986084,4.3999862047342155,-0.3172959957265115,605.4064264260232,130,4.399973392486572,4.399939060211182,-3.4332275390625e-05,605.4064264260232,130,1.002323254942894,515.0,0.2405575811862945
432,3.337509904778603e-09,0.3208733896899947,4.400091648101807,4.399863243103027,4.3999801562382626,-0.6726219203152723,605.5717117115855,130,4.399937629699707,4.400091648101807,0.0001540184020996,605.5717117115855,130,1.001936507721742,514.0,0.240464761853218
433,3.824405460941091e-09,0.0199001841494761,4.400091648101807,4.399867534637451,4.399993667165742,-0.8743394279553307,610.1905905902386,131,4.399939060211182,4.400091648101807,0.000152587890625,610.1905905902386,131,1.0017878686388335,513.0,0.24042908847332
434,1.734747578819367e-09,-0.3047553141571286,4.400084972381592,4.399868488311768,4.39999790925246,0.5388764905142556,605.1068468466401,130,4.399960041046143,4.399939060211182,-2.09808349609375e-05,605.1068468466401,130,1.0016233349839847,512.0,0.2403896003961563
435,2.556715643530217e-09,-0.0877463690919085,4.400091171264648,4.3998637199401855,4.39998074888273,-0.6414985311942698,610.155455455184,131,4.399939060211182,4.400015354156494,7.62939453125e-05,610.155455455184,131,1.0014626507957778,511.0,0.2403510361909866
436,2.835604503445031e-09,-0.1102247258646026,4.40009069442749,4.399868011474609,4.399993055649386,-0.6380165165137948,609.9758758759126,131,4.40000057220459,4.400015354156494,1.4781951904296877e-05,609.9758758759126,131,1.0012231767177582,510.0,0.2402935624122619
437,2.417663783636174e-09,-0.209186405318145,4.400091171264648,4.399864196777344,4.399988698595353,-0.2216525515667093,610.0292292293161,131,4.399909973144531,4.400015354156494,0.0001053810119628,610.0292292293161,131,1.00109800696373,509.0,0.2402635216712951
438,1.851229567096043e-09,0.1927876537163951,4.400086879730225,4.399867534637451,4.399983600469736,-0.2444779279899718,604.9583483487368,130,4.40004825592041,4.399939060211182,-0.0001091957092285,604.9583483487368,130,1.0009189446767173,508.0,0.2402205467224121
439,2.345090191951117e-09,-0.1660011771717476,4.40009069442749,4.399870872497559,4.39999872309561,-0.4989950410991732,609.8717717714608,131,4.399939060211182,4.399939060211182,0.0,609.8717717714608,131,1.0008003562688828,507.0,0.2401920855045318
440,1.9395895759207023e-09,0.1996279860720194,4.400091648101807,4.399939060211182,4.400004685380076,-0.7700506945629777,610.0721721723676,131,4.400091648101807,4.400015354156494,-7.62939453125e-05,610.0721721723676,131,1.0008858516812325,506.0,0.2402126044034958
441,1.8192030253196141e-09,0.6611462423683416,4.400089740753174,4.399939060211182,4.399983577145875,-0.5094351617738009,609.65965965949,131,4.399970531463623,4.399939060211182,-3.147125244140625e-05,609.65965965949,131,1.0005233188470206,505.0,0.2401255965232849
442,2.267669281895006e-09,0.4377846311497695,4.400091171264648,4.399939060211182,4.399992393173334,-1.0475303346096796,609.6388388387859,131,4.400013446807861,4.400015354156494,1.9073486328125e-06,609.6388388387859,131,1.0002148027221365,504.0,0.2400515526533126
443,1.7015857071771883e-09,-0.3476770328480481,4.400091648101807,4.399869441986084,4.400001092721488,1.1062594030649109,609.5321321319789,131,4.39999532699585,4.400091648101807,9.632110595703124e-05,609.5321321319789,131,0.9999753907322884,503.0,0.2399940937757492
444,3.041101870545207e-09,0.2146083136372128,4.400091648101807,4.399865627288818,4.3999918952132715,-0.6690945391208323,614.6496396400034,132,4.400091648101807,4.400091648101807,0.0,614.6496396400034,132,0.9998648116985958,502.0,0.2399675548076629
445,1.469828473084661e-09,-1.129729245509549,4.400015354156494,4.399867534637451,4.399983727570736,0.5199396490906514,614.5185085088015,132,4.400015354156494,4.399939060211182,-7.62939453125e-05,614.5185085088015,132,0.9998047103484472,501.0,0.2399531304836273
446,1.9353312661853402e-09,-0.2189327223104335,4.400091648101807,4.399865627288818,4.399993896484375,0.5675886354611004,609.6193193187937,131,4.400015354156494,4.400091648101807,7.62939453125e-05,609.6193193187937,131,0.9997339298327764,500.0,0.2399361431598663
447,3.303465854697978e-09,-0.2383872981933225,4.400091648101807,4.3998637199401855,4.400000408405566,-0.7653616095696711,609.6232232227921,131,4.400031566619873,4.399939060211182,-9.250640869140624e-05,609.6232232227921,131,0.9995315844813984,499.0,0.2398875802755355
448,1.6826606872127862e-09,0.3150645737043079,4.400088310241699,4.399939060211182,4.399991767097066,-0.6791338592619156,609.2627627626061,131,4.399939060211182,4.400015354156494,7.62939453125e-05,609.2627627626061,131,0.9991982330878576,498.0,0.2398075759410858
449,3.3402860224371503e-09,0.3767139341896884,4.400091648101807,4.399868011474609,4.399993997631651,-0.906969629425733,614.4057357357815,132,4.400091648101807,4.400015354156494,-7.62939453125e-05,614.4057357357815,132,0.9993920723597208,497.0,0.239854097366333
450,3.3916323947295395e-09,-0.8716675340125456,4.400091648101807,4.3997931480407715,4.399988882469408,1.3731211157171814,614.4975275276229,132,4.400091648101807,4.400091648101807,0.0,614.4975275276229,132,0.999138131737709,496.0,0.2397931516170501
451,2.194633384370469e-09,0.0369925056018293,4.400091648101807,4.399939060211182,4.400014740048033,-0.8450769100317252,614.4004904907197,132,4.399968147277832,4.400015354156494,4.7206878662109375e-05,614.4004904907197,132,0.9987611944476764,495.0,0.2397026866674423
452,2.918585368242946e-09,0.0622897877168496,4.400091648101807,4.399866104125977,4.399987571167223,-0.4068979828065475,614.1264264266938,132,4.400040626525879,4.399939060211182,-0.0001015663146972,614.1264264266938,132,0.9985841810703278,494.0,0.2396602034568786
453,2.297837522488982e-09,-0.0827795152923654,4.400091648101807,4.399870872497559,4.400002291708281,-0.1018897141948329,613.9008808806539,132,4.40004825592041,4.400091648101807,4.3392181396484375e-05,613.9008808806539,132,0.9985318407416344,493.0,0.2396476417779922
454,3.905570996226682e-09,-0.0958633806796342,4.400091648101807,4.399862766265869,4.399979038672014,-0.757186591478554,614.1670770766214,132,4.400054454803467,4.400015354156494,-3.910064697265625e-05,614.1670770766214,132,0.998454789320628,492.0,0.2396291494369506
455,2.738727478744074e-09,-0.2233892216298994,4.40009069442749,4.399862766265869,4.399974183602766,-0.3554194813166806,614.0962662659585,132,4.399939060211182,4.400015354156494,7.62939453125e-05,614.0962662659585,132,0.998306709031264,491.0,0.2395936101675033
456,1.5792366699827267e-09,0.1769701673773533,4.400089263916016,4.399874687194824,4.399984027400161,0.521785682005337,613.9389089085162,132,4.399975776672363,4.399939060211182,-3.6716461181640625e-05,613.9389089085162,132,0.9981149807572364,490.0,0.2395475953817367
457,2.026664868568225e-09,0.0947701660979827,4.400090217590332,4.399868965148926,4.39998253547784,-0.1395571274246223,614.0962662659585,132,4.3999714851379395,4.400015354156494,4.38690185546875e-05,614.0962662659585,132,0.99798987309138,489.0,0.2395175695419311
458,2.2533406046569083e-09,-0.5368591597177191,4.400090217590332,4.39986515045166,4.399993166779026,0.0212005705008277,614.0844644643366,132,4.400015354156494,4.400015354156494,0.0,614.0844644643366,132,0.9979297717412312,488.0,0.2395031452178955
459,2.172786103504269e-09,0.0096523126791781,4.400091648101807,4.399862766265869,4.399991367802476,-0.368075429857063,614.0188988987356,132,4.400015354156494,4.400015354156494,0.0,614.0188988987356,132,0.9977276747425398,487.0,0.2394546419382095
460,3.421418346212603e-09,0.0807323209732334,4.400091648101807,4.399862766265869,4.399974179990364,-0.4734717884470947,613.8641641642898,132,4.399981498718262,4.400015354156494,3.3855438232421875e-05,613.8641641642898,132,0.9972838684916496,486.0,0.2393481284379959
461,2.613165244784597e-09,-0.3975567263902727,4.40009069442749,4.399864673614502,4.399983770919569,-0.3173121826940686,613.9638238241896,132,4.400015354156494,4.400015354156494,0.0,613.9638238241896,132,0.9971920400857924,485.0,0.2393260896205902
462,1.462300926254799e-09,-0.0116721518189078,4.400091648101807,4.399939060211182,4.399998786754178,-0.3211203125316442,618.8857657657936,133,4.400056838989258,4.400091648101807,3.4809112548828125e-05,618.8857657657936,133,0.9970733895897864,484.0,0.2392976135015487
463,3.1940296150870686e-09,-0.3343018995517832,4.400091648101807,4.399868011474609,4.399997418577021,-0.3990327887735176,613.6766466470435,132,4.400051116943359,4.400015354156494,-3.5762786865234375e-05,613.6766466470435,132,0.9968174621462822,483.0,0.2392361909151077
464,1.2135841465194743e-09,0.2557076773082247,4.400086879730225,4.399939060211182,4.39999088488127,-0.2647488605416881,619.1421021018177,133,4.400015354156494,4.400015354156494,0.0,619.1421021018177,133,0.9969088559349378,482.0,0.239258125424385
465,4.20088090973354e-09,-0.5337105435045641,4.400091648101807,4.399788856506348,4.399987665334142,0.13924974265676,618.7377777779475,133,4.399981498718262,4.400091648101807,0.0001101493835449,618.7377777779475,133,0.996727558473746,481.0,0.239214614033699
466,3.229135010067757e-09,-0.1550393897007049,4.400160312652588,4.39986515045166,4.400018516339753,0.5968930116020457,618.9505105102435,133,4.399989604949951,4.400091648101807,0.0001020431518554,618.9505105102435,133,0.9966549774010977,480.0,0.2391971945762634
467,4.640153381299203e-09,-0.0051775724763413,4.400158882141113,4.3997883796691895,4.399979318891253,0.236249003762766,618.7655255254358,133,4.400065898895264,4.400015354156494,-5.054473876953125e-05,618.7655255254358,133,0.9964485342303911,479.0,0.2391476482152938
468,1.391046476811413e-09,0.3632884769133372,4.400152206420898,4.39993953704834,4.400021775324542,0.8779941638236699,618.5818618619815,133,4.399977207183838,4.400015354156494,3.814697265625e-05,618.5818618619815,133,0.996496652563413,478.0,0.2391591966152191
469,3.8230660299240015e-09,0.0287694175635192,4.400150775909424,4.399866104125977,4.399997972904291,-0.4482719550716236,618.6756756752729,133,4.399961948394775,4.399939060211182,-2.288818359375e-05,618.6756756752729,133,0.9961316362023354,477.0,0.2390715926885604
470,2.020705512368013e-09,0.0086303877504092,4.400091648101807,4.399939060211182,4.400012368586526,-0.7685112092581723,623.541011011228,134,4.399985313415527,4.400091648101807,0.0001063346862792,623.541011011228,134,0.99601528296868,476.0,0.2390436679124832
471,3.137509483182789e-09,0.2713634550452366,4.400091648101807,4.399864673614502,4.399971260953305,-0.4651221882434351,623.4651251249015,134,4.399987697601318,4.399939060211182,-4.863739013671875e-05,623.4651251249015,134,0.995850625137488,475.0,0.2390041500329971
472,1.901095770289375e-09,0.3040537658700313,4.400091648101807,4.399939060211182,4.400006038039478,-0.6759023093734928,623.6528428429738,134,4.399961471557617,4.400015354156494,5.3882598876953125e-05,623.6528428429738,134,0.9955944493412971,474.0,0.2389426678419113
473,3.422419807667598e-09,-0.304680445800892,4.400161266326904,4.399867057800293,4.400008635413378,-0.2464037666997507,618.4100900897756,133,4.399961948394775,4.400015354156494,5.340576171875e-05,618.4100900897756,133,0.9954027210672696,473.0,0.2388966530561447
474,3.3348156756147343e-09,-0.3352554544912932,4.400088787078857,4.399862766265869,4.399986829330672,-0.4226879660910376,623.6381981978193,134,4.399990558624268,4.400015354156494,2.47955322265625e-05,623.6381981978193,134,0.9954987093806268,472.0,0.2389196902513504
475,1.7909544469461702e-09,-0.8267237877151242,4.400091648101807,4.399863243103027,4.399985363608913,0.8907250144062386,618.1101501500234,133,4.399992942810059,4.400091648101807,9.870529174804688e-05,618.1101501500234,133,0.9952150285243988,471.0,0.2388516068458557
476,1.9625545991881543e-09,-0.3121859068888656,4.400091648101807,4.399869918823242,4.399992384127716,0.2111491669851752,623.4864264260978,134,4.400015354156494,4.399939060211182,-7.62939453125e-05,623.4864264260978,134,0.9950775653123856,470.0,0.2388186156749725
477,2.15711001923002e-09,-1.3104049577549175,4.400091648101807,4.399794578552246,4.399973780361574,2.949362376262915,623.545005004853,134,4.400015354156494,4.400091648101807,7.62939453125e-05,623.545005004853,134,0.9948715567588806,469.0,0.2387691736221313
478,2.248680040163319e-09,-0.5573945092814621,4.400087356567383,4.399867057800293,4.399990028409816,-0.0494975065228975,623.2574374377728,134,4.400033950805664,4.400015354156494,-1.8596649169921875e-05,623.2574374377728,134,0.9948881343007088,468.0,0.2387731522321701
479,1.767552545904794e-09,-0.2219151109308883,4.40009069442749,4.399865627288818,4.399987053515306,0.4210134656450628,623.2973773777485,134,4.400015354156494,4.400015354156494,0.0,623.2973773777485,134,0.9944568077723186,467.0,0.2386696338653564
480,2.697769227420171e-09,-0.0116687385415845,4.400091171264648,4.3998637199401855,4.399983833454273,-0.5583897254139711,628.4050050051883,135,4.399939060211182,4.400015354156494,7.62939453125e-05,628.4050050051883,135,0.994275820751985,466.0,0.2386261969804763
481,3.209567571603235e-09,-0.098460276916369,4.400091648101807,4.399867534637451,4.399989523104767,-0.7498458298962793,622.9871771773323,134,4.399990081787109,4.400091648101807,0.0001015663146972,622.9871771773323,134,0.9941778456171354,465.0,0.2386026829481125
482,2.1123620778477436e-09,-0.6531602626287664,4.400087356567383,4.399870872497559,4.399993504418267,0.5084233250702317,628.2601401405409,135,4.399998188018799,4.400015354156494,1.71661376953125e-05,628.2601401405409,135,0.9940050542354584,464.0,0.23856121301651
483,1.4699579159200962e-09,0.361849156888117,4.400088310241699,4.399939060211182,4.399996407826742,-0.4132575058630565,628.4304904909804,135,4.399939060211182,4.399939060211182,0.0,628.4304904909804,135,0.9939966102441152,463.0,0.2385591864585876
484,2.0784664320219683e-09,0.5494098013471452,4.400091648101807,4.399939060211182,4.399990314907498,-0.5178125076374762,627.9744344344363,135,4.399939060211182,4.400015354156494,7.62939453125e-05,627.9744344344363,135,0.993809166053931,462.0,0.2385141998529434
485,2.127985200862917e-09,0.1876856658587683,4.400089740753174,4.399864196777344,4.399982858587195,-0.1439668502846838,628.3285485487431,135,4.399961471557617,4.400015354156494,5.3882598876953125e-05,628.3285485487431,135,0.9936736275752386,461.0,0.2384816706180572
486,1.4742467440175032e-09,-0.1697522588746655,4.400088787078857,4.399939060211182,4.40001373997441,-0.2943281079428828,628.1528328331187,135,4.400015354156494,4.399939060211182,-7.62939453125e-05,628.1528328331187,135,0.9933884566028912,460.0,0.2384132295846939
487,3.620767864194207e-09,-0.4883264684672069,4.400087833404541,4.399862766265869,4.399985938602024,-0.2707251041821665,627.9046846842393,135,4.399923324584961,4.399939060211182,1.5735626220703125e-05,627.9046846842393,135,0.9931739419698716,459.0,0.2383617460727691
488,1.1101366989853195e-09,-0.034749261545659,4.400091648101807,4.399939060211182,4.399999777475993,0.1106666042738222,628.0254054050893,135,4.399954795837402,4.400091648101807,0.0001368522644042,628.0254054050893,135,0.9933615724245708,458.0,0.2384067773818969
489,1.707487615533127e-09,0.1263943997407938,4.400087356567383,4.399939060211182,4.399996047549777,-0.7520740215743875,627.9838238237426,135,4.400015354156494,4.399939060211182,-7.62939453125e-05,627.9838238237426,135,0.9931363165378572,457.0,0.2383527159690857
490,1.7363118103054343e-09,-0.6201130788091814,4.400090217590332,4.399865627288818,4.40000188615587,0.7841724186766998,628.0441841846332,135,4.399939060211182,4.400015354156494,7.62939453125e-05,628.0441841846332,135,0.9929530943433444,456.0,0.2383087426424026
491,5.161442336537991e-09,-1.240401001315472,4.400091648101807,4.399722099304199,4.399993571528682,2.7039108555563955,628.0106506505981,135,4.4000043869018555,4.400015354156494,1.0967254638671877e-05,628.0106506505981,135,0.992644764482975,455.0,0.238234743475914
492,2.459481876547786e-09,0.073531042182036,4.400091648101807,4.399871349334717,4.399998966385336,-0.3517496031296696,632.5175675675273,136,4.399939060211182,4.400091648101807,0.000152587890625,632.5175675675273,136,0.9925613179802896,454.0,0.2382147163152694
493,2.632057481075532e-09,-0.2387690456001889,4.400088787078857,4.399866104125977,4.399997195491085,-0.6073129230180854,627.7960360357538,135,4.400015354156494,4.400015354156494,0.0,627.7960360357538,135,0.9924153486887616,453.0,0.2381796836853027
494,4.375998262651784e-09,0.3144108712597408,4.400160789489746,4.399862766265869,4.399984087767424,-0.3909789776154588,627.455335335806,135,4.400033950805664,4.399862766265869,-0.0001711845397949,627.455335335806,135,0.9922510633865992,452.0,0.2381402552127838
495,2.220333424108049e-09,-0.0122841876710186,4.400091648101807,4.399868011474609,4.400002416903085,-0.1387900824047396,637.8331931931898,137,4.399958610534668,4.400091648101807,0.0001330375671386,637.8331931931898,137,0.992117760082086,451.0,0.2381082624197006
496,3.459448551395389e-09,0.3903925290027189,4.400091648101807,4.399863243103027,4.3999711660777825,-0.588449599189576,632.6648648651317,136,4.400015354156494,4.399939060211182,-7.62939453125e-05,632.6648648651317,136,0.9919197609027228,450.0,0.2380607426166534
497,2.517139530943073e-09,0.735037445275642,4.400162696838379,4.399939060211182,4.40000264784869,0.429295178534173,632.6108108107001,136,4.400015354156494,4.399939060211182,-7.62939453125e-05,632.6108108107001,136,0.9916177019476892,449.0,0.2379882484674453
498,2.2075371193582046e-09,0.2371264727787865,4.400091648101807,4.399862766265869,4.4000044465065,-0.0720042016883724,632.2162162158638,136,4.399995803833008,4.399862766265869,-0.0001330375671386,632.2162162158638,136,0.9914593150218328,448.0,0.2379502356052398
499,3.353112174557645e-09,-0.0859200901949859,4.400091648101807,4.399862766265869,4.399969391963062,-0.6087417654729381,632.5216216212139,136,4.400049209594727,4.400091648101807,4.2438507080078125e-05,632.5216216212139,136,0.9913134078184764,447.0,0.2379152178764343
500,2.450445883322877e-09,0.3105151514778741,4.400158405303955,4.399939060211182,4.4000116229927455,-0.0984298379879828,637.430230230093,137,4.399993896484375,4.400015354156494,2.1457672119140625e-05,637.430230230093,137,0.9911987309654554,446.0,0.2378876954317093
501,4.292254186838877e-09,-0.8393560758441565,4.400164604187012,4.399862766265869,4.400018839275136,0.2913338834734058,632.3554054051638,136,4.399877071380615,4.400091648101807,0.0002145767211914,632.3554054051638,136,0.9911531582474707,445.0,0.237876757979393
502,3.027305227510574e-09,-0.4412526561084031,4.400091648101807,4.399862766265869,4.399994569666245,0.241029296150427,632.5391891887411,136,4.400064468383789,4.400091648101807,2.7179718017578125e-05,632.5391891887411,136,0.9910302236676216,444.0,0.2378472536802292
503,1.757184254693434e-09,-0.1326484524521326,4.400091648101807,4.399939060211182,4.400002799765037,-0.6204342298428736,637.4356756759807,137,4.399949550628662,4.400091648101807,0.0001420974731445,637.4356756759807,137,0.9908538932601612,443.0,0.2378049343824386
504,2.1032463130114735e-09,-0.2741884698573728,4.400089740753174,4.399864196777344,4.399984573616701,0.0958905721927094,632.4594594594091,136,4.400015354156494,4.399939060211182,-7.62939453125e-05,632.4594594594091,136,0.9906645864248276,442.0,0.2377595007419586
505,2.172042950632235e-09,0.1043138677220719,4.400091648101807,4.399866104125977,4.399992740937393,-0.4368989232439064,637.3145145149902,137,4.400015354156494,4.400091648101807,7.62939453125e-05,637.3145145149902,137,0.990492602189382,441.0,0.2377182245254516
506,3.25579799902816e-09,-0.2464510925227704,4.400091648101807,4.399862766265869,4.3999787629955875,-0.2338616143550855,637.1933533530682,137,4.399862766265869,4.399939060211182,7.62939453125e-05,637.1933533530682,137,0.9903408586978912,440.0,0.2376818060874939
507,2.3203373748417267e-09,-0.408288430365472,4.400091648101807,4.399866580963135,4.400001630295802,0.0220051252060939,637.5282482486218,137,4.400015354156494,4.400091648101807,7.62939453125e-05,637.5282482486218,137,0.990494837363561,439.0,0.2377187609672546
508,2.575867897207214e-09,-0.242785839298257,4.400087356567383,4.399868488311768,4.399985442196366,-0.5455750091889571,636.8652652651072,137,4.399939060211182,4.399939060211182,0.0,636.8652652651072,137,0.9901138022542,438.0,0.237627312541008
509,4.5082467417126344e-09,0.5056810969625654,4.400167942047119,4.39986515045166,4.400006148066834,0.2350683616131292,637.3621621625498,137,4.400008678436279,4.400015354156494,6.67572021484375e-06,637.3621621625498,137,0.9898783018191656,437.0,0.2375707924365997
510,2.111378990159234e-09,-0.2437080476902043,4.400091648101807,4.399939060211182,4.400027992081468,-0.8247805131765191,636.8298698700964,137,4.400015354156494,4.400015354156494,0.0,636.8298698700964,137,0.9896991153558096,436.0,0.2375277876853943
511,1.644931145161659e-09,0.161260125732622,4.400090217590332,4.399939060211182,4.400000499112763,-0.6396115099427027,637.251891891472,137,4.400015354156494,4.399939060211182,-7.62939453125e-05,637.251891891472,137,0.9903073310852052,435.0,0.2376737594604492
512,3.891874544351119e-09,-0.1621003786447508,4.400091648101807,4.399866580963135,4.399993219796349,-0.83663677744654,632.1108108107001,136,4.40008544921875,4.399939060211182,-0.0001463890075683,632.1108108107001,136,0.989594931403796,434.0,0.237502783536911
513,1.657013483535577e-09,0.2740459401225318,4.400085926055908,4.399867534637451,4.399972414448314,0.0808792657542039,636.885685686022,137,4.399869918823242,4.399939060211182,6.914138793945312e-05,636.885685686022,137,0.9891990572214128,433.0,0.237407773733139
514,3.553335679177113e-09,-0.3228705340428027,4.400091648101807,4.399862766265869,4.39999600769817,-0.584528075540482,641.7126626623794,138,4.399881839752197,4.399862766265869,-1.9073486328125e-05,641.7126626623794,138,0.9890949353575706,432.0,0.2373827844858169
515,1.213109731525255e-09,-1.0793786251537187,4.400086879730225,4.399882793426514,4.400000586025957,1.5450436798111653,641.7565465467051,138,4.400015354156494,4.400015354156494,0.0,641.7565465467051,138,0.9891200189789136,431.0,0.2373888045549392
516,6.047001779944978e-09,0.199504635542198,4.4001593589782715,4.399798393249512,4.399972283321878,-0.2316176302985426,642.1830430431291,138,4.4000701904296875,4.399939060211182,-0.0001311302185058,642.1830430431291,138,0.9889115889867148,430.0,0.2373387813568115
517,3.312042094959457e-09,0.2220084976754792,4.400091648101807,4.399865627288818,4.399985900823621,-0.5015263280652,641.6591791789979,138,4.399939060211182,4.399939060211182,0.0,641.6591791789979,138,0.9886239965756736,429.0,0.2372697591781616
518,1.459187519571644e-09,0.1144692296134204,4.400086402893066,4.399939060211182,4.400003816770471,-0.4220989140347444,641.8360860859975,138,4.400004863739014,4.399939060211182,-6.580352783203125e-05,641.8360860859975,138,0.9884929905335108,428.0,0.2372383177280426
519,3.253195295856645e-09,-0.5278765394534092,4.400090217590332,4.399862766265869,4.399987117103908,-0.2674163279068975,641.9595095096156,138,4.39994478225708,4.400015354156494,7.05718994140625e-05,641.9595095096156,138,0.9883927802244824,427.0,0.2372142672538757
520,2.469650949932795e-09,0.1599638792899472,4.400091171264648,4.399863243103027,4.399976706159288,-0.4102860743819225,663.4584984984249,138,4.400017261505127,4.399939060211182,-7.82012939453125e-05,663.4584984984249,138,0.9932490065693856,426.0,0.2383797615766525
521,3.904309027942463e-09,0.3416388981518624,4.400163650512695,4.399862766265869,4.39998043447301,0.3900732555926902,645.0958358356729,138,4.400146961212158,4.399862766265869,-0.000284194946289,645.0958358356729,138,0.9933155030012132,425.0,0.2383957207202911
522,1.8151828443815471e-09,-0.0216146090555421,4.400091171264648,4.399868488311768,4.399980428407518,0.4707304404483432,650.2839039042592,139,4.400015354156494,4.400015354156494,0.0,650.2839039042592,139,0.9930302699406942,424.0,0.2383272647857666
523,1.9514064885699915e-09,-0.7780281079767658,4.400091648101807,4.399866580963135,4.400010383386406,1.642175332732161,650.2548948945478,139,4.400015354156494,4.400091648101807,7.62939453125e-05,650.2548948945478,139,0.9926509733001392,423.0,0.2382362335920334
524,2.428359814973351e-09,0.0164196966766052,4.400089263916016,4.399872779846191,4.399987412871217,-0.4619336696751448,649.620840840973,139,4.400015354156494,4.400015354156494,0.0,649.620840840973,139,0.992438445488612,422.0,0.2381852269172668
525,2.520104583314557e-09,-0.0765538443131128,4.400091171264648,4.399939060211182,4.400006331985803,-1.3030882832458577,649.4371171174571,139,4.400007724761963,4.399939060211182,-6.866455078125e-05,649.4371171174571,139,0.9922659645477931,421.0,0.2381438314914703
526,3.1839215027183094e-09,-0.2472046004954558,4.400084972381592,4.399862766265869,4.399973437406015,-0.525380809562654,644.6899099098518,138,4.400084972381592,4.399939060211182,-0.0001459121704101,644.6899099098518,138,0.9921033556262652,420.0,0.2381048053503036
527,1.5549017901041327e-09,-0.544104215042635,4.400018692016602,4.399866104125977,4.399965684190929,-0.3599573415115458,649.3901501502842,139,4.400018692016602,4.399939060211182,-7.963180541992188e-05,649.3901501502842,139,0.9918580452601116,419.0,0.2380459308624267
528,4.9825877557020975e-09,-0.5751451462598659,4.400091648101807,4.399790287017822,4.399990884520167,0.1767036823030929,649.8432432431728,139,4.400091648101807,4.400091648101807,0.0,649.8432432431728,139,0.9916243453820548,418.0,0.2379898428916931
529,2.427455772877703e-09,0.6229304483070107,4.400091648101807,4.399876117706299,4.399977920724334,0.0257142393492038,649.4937537536025,139,4.400015354156494,4.400015354156494,0.0,649.4937537536025,139,0.9912479047973952,417.0,0.2378994971513748
530,1.229780785598718e-09,0.0847418953441987,4.40009069442749,4.399939060211182,4.400001525878906,-0.0768444627835358,654.3741541542113,140,4.400021553039551,4.400015354156494,-6.198883056640625e-06,654.3741541542113,140,0.9907806913057964,416.0,0.2377873659133911
531,2.161790610585004e-09,-0.3178435202596828,4.400091648101807,4.399869918823242,4.399999512944903,0.3951694341575984,653.9789989991114,140,4.399939060211182,4.400015354156494,7.62939453125e-05,653.9789989991114,140,0.9903767456610998,415.0,0.2376904189586639
532,6.130024423387819e-09,-0.3022890462388179,4.400167465209961,4.399789810180664,4.3999944039753505,-0.0709331790062299,654.4158958960325,140,4.399921894073486,4.399939060211182,1.71661376953125e-05,654.4158958960325,140,0.989989625910918,414.0,0.2375975102186203
533,4.88183250426009e-09,0.4324577811058576,4.400166988372803,4.399864196777344,4.399997322899955,-0.4110795492662409,654.0165665661916,140,4.400091648101807,4.400015354156494,-7.62939453125e-05,654.0165665661916,140,0.9895426531632742,413.0,0.2374902367591858
534,2.2987793007948283e-09,-0.6117366934792373,4.400091648101807,4.399788856506348,4.399956863267081,1.1901647433317963,654.1306606605649,140,4.399992942810059,4.400091648101807,9.870529174804688e-05,654.1306606605649,140,0.9894491483767828,412.0,0.2374677956104278
535,4.542967292110555e-09,-0.4490874192189203,4.400091648101807,4.399862766265869,4.399994533402579,-0.5644593455700866,653.6589789791033,140,4.400002479553223,4.400015354156494,1.2874603271484377e-05,653.6589789791033,140,0.9890909617145855,411.0,0.2373818308115005
536,3.8465275663059264e-09,0.1715310978587128,4.400091648101807,4.399831771850586,4.399979158810207,-0.5301010794784196,653.6088888887316,140,4.399831771850586,4.400015354156494,0.0001835823059082,653.6088888887316,140,0.9888306260108948,410.0,0.2373193502426147
537,2.788590161159863e-09,-0.194180100434876,4.400089740753174,4.3998637199401855,4.399991110392979,-0.6192813591057473,653.54488488473,140,4.399989604949951,4.400015354156494,2.574920654296875e-05,653.54488488473,140,0.9888492524623872,409.0,0.2373238205909729
538,3.7597362535601206e-09,0.7384177892092089,4.400158882141113,4.399868011474609,4.399983790942601,0.5280912831421682,653.5699299303815,140,4.400110244750977,4.400015354156494,-9.489059448242188e-05,653.5699299303815,140,0.9884781514604888,408.0,0.2372347563505172
539,2.681181695935443e-09,-0.3677097267740002,4.400087833404541,4.399866104125977,4.3999943969943,-0.2744385277402807,658.2774774776772,141,4.399866580963135,4.400015354156494,0.0001487731933593,658.2774774776772,141,0.9880013763904572,407.0,0.2371203303337097
540,1.579340740718631e-09,0.5137679189939579,4.400085926055908,4.399870872497559,4.399974490555239,-0.0897535205014268,663.5793093089014,142,4.399958610534668,4.399939060211182,-1.9550323486328125e-05,663.5793093089014,142,0.9877596671382588,406.0,0.237062320113182
541,2.689557770693956e-09,-0.1982489218837541,4.400087833404541,4.399862766265869,4.399959547418944,-0.7859204561174202,663.3393693696707,142,4.399961948394775,4.400015354156494,5.340576171875e-05,663.3393693696707,142,0.9874347597360612,405.0,0.2369843423366546
542,2.4557829732404484e-09,-0.556719584289451,4.400089263916016,4.399862766265869,4.399981609532531,-0.2963147428048067,663.3845345340669,142,4.399939060211182,4.399862766265869,-7.62939453125e-05,663.3845345340669,142,0.9870494405428568,404.0,0.2368918657302856
543,4.338749289833145e-09,-0.7045650798561577,4.400091648101807,4.399786472320557,4.399955312970659,0.5504396528223334,663.1488288287073,142,4.3999128341674805,4.399939060211182,2.6226043701171875e-05,663.1488288287073,142,0.9868274132410686,403.0,0.2368385791778564
544,3.601205322557891e-09,-0.5124851200248423,4.400091648101807,4.399862766265869,4.400000458032313,-0.2480369006825062,662.8496096096933,142,4.399957656860352,4.400015354156494,5.7697296142578125e-05,662.8496096096933,142,0.9866847346226376,402.0,0.2368043363094329
545,3.338588886407646e-09,0.2131807605888921,4.400161266326904,4.399867534637451,4.400004212285431,-0.1849226542024311,663.0373273268342,142,4.400015354156494,4.400015354156494,0.0,663.0373273268342,142,0.9864033510287604,401.0,0.2367368042469024
546,2.676838744848095e-09,0.853355213122428,4.40016508102417,4.399939060211182,4.400008520609896,0.3875658568940188,663.2321021026,142,4.400031089782715,4.400015354156494,-1.5735626220703125e-05,663.2321021026,142,0.9861119091510772,400.0,0.2366668581962585
547,2.1964770487459067e-09,0.5049513549821439,4.400150775909424,4.399939060211182,4.40000927951974,0.1875304003603539,663.0909609608352,142,4.400015354156494,4.400015354156494,0.0,663.0909609608352,142,0.9860888123512268,399.0,0.2366613149642944
548,2.464455469917228e-09,0.0313100362537391,4.40009069442749,4.399862766265869,4.399991159707728,-0.5887186598935945,662.6237837839872,142,4.400015354156494,4.399939060211182,-7.62939453125e-05,662.6237837839872,142,0.985734723508358,398.0,0.2365763336420059
549,2.234326589248994e-09,0.1111486985254747,4.400091648101807,4.399868488311768,4.399986851383263,-0.0438666609694151,663.0133333336562,142,4.399980068206787,4.400015354156494,3.528594970703125e-05,663.0133333336562,142,0.9854597970843316,397.0,0.2365103513002395
550,1.9786962212007427e-09,0.0820623020940675,4.40009069442749,4.399871349334717,4.399987029357695,-0.0365168387526306,662.7748048044741,142,4.399984359741211,4.399939060211182,-4.5299530029296875e-05,662.7748048044741,142,0.9851912036538124,396.0,0.2364458888769149
551,2.625765134574067e-09,-0.2781720389887239,4.400089263916016,4.3998703956604,4.399984678751986,-0.3154666490587705,662.4445345345885,142,4.399972915649414,4.400015354156494,4.2438507080078125e-05,662.4445345345885,142,0.9848118449250858,395.0,0.2363548427820205
552,1.300194182551552e-09,-0.0359782969573948,4.40009069442749,4.399939060211182,4.400001072383427,-0.1583353909086597,667.4397997995839,143,4.399972915649414,4.400015354156494,4.2438507080078125e-05,667.4397997995839,143,0.9846597909927368,394.0,0.2363183498382568
553,2.7180766032810867e-09,0.4018800858881904,4.400091648101807,4.399939060211182,4.400006667717354,-1.1647669155575404,667.2891291286796,143,4.399985313415527,4.400015354156494,3.0040740966796875e-05,667.2891291286796,143,0.984343079229196,393.0,0.236242339015007
554,4.83319841782385e-09,0.3962520920954562,4.400162696838379,4.399862766265869,4.39997650359894,-0.4479357599389977,667.1668868865818,143,4.400015354156494,4.400091648101807,7.62939453125e-05,667.1668868865818,143,0.9840202207366626,392.0,0.236164852976799
555,1.8520102512786078e-09,-0.4815538219482009,4.400091171264648,4.399868011474609,4.399997535679075,0.4559551151088539,672.346206205897,144,4.399982452392578,4.399939060211182,-4.3392181396484375e-05,672.346206205897,144,0.983849416176478,391.0,0.2361238598823547
556,3.38698126878825e-09,-0.3045069191327873,4.400091648101807,4.399862766265869,4.399990905414928,-0.2399493824457392,667.3232432436198,143,4.400015354156494,4.400015354156494,0.0,667.3232432436198,143,0.9837890664736432,390.0,0.2361093759536743
557,2.1465124378804696e-09,-0.2215747733344087,4.400091648101807,4.399863243103027,4.399996537428636,0.2591232751470476,667.1739939935505,143,4.40005350112915,4.400091648101807,3.814697265625e-05,667.1739939935505,143,0.9835829337437948,389.0,0.2360599040985107
558,3.8587206644880605e-09,0.4986724138738819,4.400166988372803,4.399864196777344,4.40000085897379,-0.1888487010485127,667.2137937936932,143,4.4000244140625,4.400015354156494,-9.059906005859377e-06,667.2137937936932,143,0.9830703337987264,388.0,0.2359368801116943
559,3.210406938824016e-09,-0.1591998257160581,4.400091648101807,4.399864196777344,4.399983233875698,-0.6774501049260087,672.3204404404387,144,4.400015354156494,4.400091648101807,7.62939453125e-05,672.3204404404387,144,0.9827327604095142,387.0,0.2358558624982834
560,2.279715770040068e-09,-0.0223382532193518,4.400084018707275,4.399862766265869,4.3999636934863195,-0.6821038810624298,671.6691391393542,144,4.399891376495361,4.399862766265869,-2.86102294921875e-05,671.6691391393542,144,0.9824891885121664,386.0,0.2357974052429199
561,3.004442860086996e-09,-0.4339709771869277,4.400091648101807,4.399862766265869,4.399990224175983,-0.1301978273881889,671.9711711714044,144,4.399980545043945,4.399939060211182,-4.1484832763671875e-05,671.9711711714044,144,0.982416234910488,385.0,0.2357798963785171
562,2.562394996739141e-09,0.1847984444481998,4.400091648101807,4.399863243103027,4.39998633943755,-0.5090231778405596,677.0032432433218,145,4.3999714851379395,4.400091648101807,0.0001201629638671,677.0032432433218,145,0.982074501613776,384.0,0.2356978803873062
563,2.002084738864892e-09,0.0820278651578049,4.400091648101807,4.399939060211182,4.400004992882411,-0.8620755158980207,672.0141141144559,144,4.400091648101807,4.400015354156494,-7.62939453125e-05,672.0141141144559,144,0.9817122171322504,383.0,0.2356109321117401
564,1.967154347556474e-09,0.019550562042126,4.400091648101807,4.399864196777344,4.400001760986116,0.2629199593164752,671.6261961963028,144,4.400050163269043,4.400015354156494,-3.4809112548828125e-05,671.6261961963028,144,0.9814745436112088,382.0,0.23555389046669
565,2.423324959005652e-09,0.0579111916429539,4.400091648101807,4.3998637199401855,4.399982508297624,-0.356304878292522,676.6255855858326,145,4.399896144866943,4.400091648101807,0.0001955032348632,676.6255855858326,145,0.9811829154690108,381.0,0.2354838997125625
566,3.011299127294855e-09,-0.3242971012050583,4.400151252746582,4.399865627288818,4.400009411778943,0.1893578972600478,676.5347747746855,145,4.400043487548828,4.400015354156494,-2.8133392333984375e-05,676.5347747746855,145,0.9812227139870326,380.0,0.2354934513568878
567,2.6987419951392335e-09,-0.127746293409342,4.40009069442749,4.399866580963135,4.400000249928442,-0.7525236804443818,676.3992792796344,145,4.399989604949951,4.399939060211182,-5.054473876953125e-05,676.3992792796344,145,0.9808539102474848,379.0,0.2354049384593963
568,1.609532773727551e-09,0.890353061641819,4.40009069442749,4.399939060211182,4.399977588653565,0.0365318271381851,676.7221621619537,145,4.400053977966309,4.399939060211182,-0.0001149177551269,676.7221621619537,145,0.980539247393608,378.0,0.2353294193744659
569,3.4228620119647206e-09,0.2188988526420083,4.400091648101807,4.399862766265869,4.399990659870514,-0.6849728086792668,681.3969469470903,146,4.400091648101807,4.400015354156494,-7.62939453125e-05,681.3969469470903,146,0.9801998113592466,377.0,0.2352479547262191
570,4.141837282000514e-09,-0.2080830580455651,4.400091648101807,4.399787902832031,4.399983212043499,-0.0162921140068803,676.2046846849844,145,4.399939060211182,4.400091648101807,0.000152587890625,676.2046846849844,145,0.9799350673953692,376.0,0.2351844161748886
571,2.3693358131024767e-09,-0.2016948690327808,4.40009069442749,4.39986515045166,4.39998393588596,-0.4034466942899546,670.6156056057662,144,4.399939060211182,4.400015354156494,7.62939453125e-05,670.6156056057662,144,0.9796205908060074,375.0,0.2351089417934417
572,4.4480959076658354e-09,0.7738358436983633,4.400166988372803,4.399862766265869,4.399970149340695,0.6272221966963833,681.5566066065803,146,4.400015354156494,4.400015354156494,0.0,681.5566066065803,146,0.9795559570193292,374.0,0.2350934296846389
573,1.7720170417245635e-09,-0.107725230027683,4.400091648101807,4.399872779846191,4.39999150250056,-0.1579456224176656,681.1400400400162,146,4.400015354156494,4.399939060211182,-7.62939453125e-05,681.1400400400162,146,0.9791976461807887,373.0,0.2350074350833892
574,3.634458413877383e-09,0.2071720341066838,4.400167465209961,4.39986515045166,4.399995699320754,0.2870947616554677,681.3969469470903,146,4.399906635284424,4.400091648101807,0.0001850128173828,681.3969469470903,146,0.9788331265250844,372.0,0.2349199503660202
575,2.2117205261868347e-09,-0.2134099797940444,4.400091648101807,4.39986515045166,4.399979374035686,-0.20354476016686,686.7626626631245,147,4.400067329406738,4.400091648101807,2.4318695068359375e-05,686.7626626631245,147,0.9788437436024348,371.0,0.2349224984645843
576,1.8607088391638262e-09,0.2235238430758001,4.400086402893066,4.399870872497559,4.399982225327265,-0.2958089101202388,686.2336136139929,147,4.400015354156494,4.400015354156494,0.0,686.2336136139929,147,0.978394535680612,370.0,0.2348146885633468
577,2.3383263873553807e-09,0.4094737165242113,4.400091648101807,4.399868011474609,4.399989618013983,-0.1964174949552126,680.8903903905302,146,4.400057315826416,4.400015354156494,-4.1961669921875e-05,680.8903903905302,146,0.9780873234073322,369.0,0.2347409576177597
578,4.079609081841338e-09,-0.1686508148731257,4.400091648101807,4.399799823760986,4.399979246629251,-0.3364996429372309,691.3738138135523,148,4.3998847007751465,4.399939060211182,5.435943603515625e-05,691.3738138135523,148,0.977828912436962,368.0,0.2346789389848709
579,2.66730335279523e-09,-0.3813087643704566,4.400088310241699,4.399863243103027,4.3999852715311825,-0.2917188986365473,691.1928228223696,148,4.400074005126953,4.400015354156494,-5.8650970458984375e-05,691.1928228223696,148,0.9775412579377492,367.0,0.2346099019050598
580,2.348958793200097e-09,0.7956055533798364,4.4001641273498535,4.399939060211182,4.399999735306721,0.2256046584913766,686.147387387231,147,4.40008020401001,4.399939060211182,-0.0001411437988281,686.147387387231,147,0.9772976860404016,366.0,0.2345514446496963
581,2.873679890766092e-09,-1.5362002836762896,4.400015354156494,4.399716377258301,4.39995480550302,3.5437868519997853,690.8661561561748,148,4.399939060211182,4.400015354156494,7.62939453125e-05,690.8661561561748,148,0.9772748996814092,365.0,0.2345459759235382
582,1.9267721340914844e-09,0.5137245188407588,4.400091648101807,4.399939060211182,4.399991370536186,-0.7174025987786439,690.9382582586259,148,4.399956226348877,4.400091648101807,0.0001354217529296,690.9382582586259,148,0.9771812086304028,364.0,0.2345234900712967
583,2.9867971551314852e-09,0.3402684779078835,4.400091648101807,4.399865627288818,4.3999815889306975,-0.5373556041032836,690.7322522522882,148,4.3999786376953125,4.399939060211182,-3.9577484130859375e-05,690.7322522522882,148,0.9769500543673834,363.0,0.234468013048172
584,2.551393539210045e-09,-0.3846707792619994,4.400088787078857,4.3998637199401855,4.399975731566146,-0.490788633380383,690.5512612611055,148,4.399998188018799,4.400015354156494,1.71661376953125e-05,690.5512612611055,148,0.9767939026157062,362.0,0.2344305366277694
585,2.170047000870567e-09,0.2004988581527024,4.400091648101807,4.399939060211182,4.39999973451769,-0.8429393707994444,690.5468468470499,148,4.3999552726745605,4.400015354156494,6.008148193359375e-05,690.5468468470499,148,0.9769042332967124,361.0,0.2344570159912109
586,3.158138415446875e-09,-0.2319247070687126,4.400091171264648,4.399862766265869,4.399976292171994,-0.5575644277422991,690.4909309307113,148,4.400015354156494,4.400015354156494,0.0,690.4909309307113,148,0.9765603890021642,360.0,0.2343744933605194
587,4.477238746199931e-09,-0.9511644367695584,4.400089263916016,4.399786472320557,4.399972645012108,1.1848981214902876,690.7337237233296,148,4.400015354156494,4.400015354156494,0.0,690.7337237233296,148,0.9762020160754522,359.0,0.2342884838581085
588,3.0455588904509683e-09,-0.0073368932463287,4.400162696838379,4.399794578552246,4.399978779457711,2.156424284129744,690.5748048052192,148,4.399984359741211,4.400015354156494,3.0994415283203125e-05,690.5748048052192,148,0.9759000192085904,358.0,0.2342160046100616
589,2.299368067565213e-09,0.3580939949770524,4.400087356567383,4.399869441986084,4.399982684367412,-0.4398933472110151,690.3040540544316,148,4.4000444412231445,4.400015354156494,-2.9087066650390625e-05,690.3040540544316,148,0.9757021442055702,357.0,0.2341685146093368
590,2.145050308609798e-09,0.2173680142660781,4.400088787078857,4.3998703956604,4.399984420956792,-0.6107973092192838,690.4026426430792,148,4.400015354156494,4.399939060211182,-7.62939453125e-05,690.4026426430792,148,0.9753897786140442,356.0,0.2340935468673706
591,2.4886029392965095e-09,0.2547217681948928,4.400086402893066,4.399863243103027,4.399967283210499,-0.3849869278615503,695.4162962958217,149,4.399970054626465,4.400015354156494,4.5299530029296875e-05,695.4162962958217,149,0.9751374522844952,355.0,0.2340329885482788
592,3.855031080490528e-09,0.0670898844447158,4.400091648101807,4.399862766265869,4.399978740795238,-0.7921935326551544,690.1892792796716,148,4.399949073791504,4.400091648101807,0.0001425743103027,690.1892792796716,148,0.9748919556538264,354.0,0.2339740693569183
593,3.001467861684134e-09,0.1752502592197143,4.400166988372803,4.399939060211182,4.400032087961833,-0.6448159293734412,700.3268468463793,150,4.400015354156494,4.400091648101807,7.62939453125e-05,700.3268468463793,150,0.9745356937249502,353.0,0.233888566493988
594,1.8660034024639996e-09,0.1468619450211936,4.400086402893066,4.399863243103027,4.399978682200114,-0.1685889438948709,700.2642042040825,150,4.39995813369751,4.400015354156494,5.7220458984375e-05,700.2642042040825,150,0.9745292365550996,352.0,0.2338870167732238
595,2.037779816800817e-09,0.4970471739458698,4.400091648101807,4.399939060211182,4.399996937932195,-0.6048340658593778,689.9214714718983,148,4.400008678436279,4.399939060211182,-6.961822509765625e-05,689.9214714718983,148,0.9742608293890952,351.0,0.2338225990533828
596,2.2109359638048886e-09,0.1852485584089026,4.400156497955322,4.399940490722656,4.400030084904408,-0.39867005586053,695.085925925523,149,4.400015354156494,4.400091648101807,7.62939453125e-05,695.085925925523,149,0.973831427594026,350.0,0.2337195426225662
597,3.028131163824517e-09,0.2631503160535155,4.400091171264648,4.399868965148926,4.399983180363973,-0.8768149349082202,699.8510610610247,150,4.400038242340088,4.400015354156494,-2.288818359375e-05,699.8510610610247,150,0.9734795118371646,349.0,0.2336350828409195
598,1.7915974539428543e-09,0.0235883443461862,4.40009069442749,4.399939060211182,4.400009580906605,-0.8592008087783833,694.8281481480226,149,4.399939060211182,4.399939060211182,0.0,694.8281481480226,149,0.9731752797961236,348.0,0.2335620671510696
599,3.756810546469416e-09,0.342859549188224,4.4001641273498535,4.399869441986084,4.400005197525024,-0.1737824828873129,699.7332332329825,150,4.400015354156494,4.399939060211182,-7.62939453125e-05,699.7332332329825,150,0.973085934917132,347.0,0.2335406243801117
600,1.9123796970657462e-09,0.5383602815356054,4.400165557861328,4.399939060211182,4.400013364156087,0.8226140900822347,699.3767667664215,150,4.399993896484375,4.400015354156494,2.1457672119140625e-05,699.3767667664215,150,0.972754570345084,346.0,0.2334610968828201
601,2.507256630262369e-09,-0.1756676801408923,4.400091648101807,4.399874210357666,4.400004224777222,-0.6693557963890036,699.6482182182372,150,4.40000057220459,4.400091648101807,9.107589721679688e-05,699.6482182182372,150,0.9724524493018788,345.0,0.2333885878324508
602,3.309889723037909e-09,-0.1233331448515761,4.400091648101807,4.399865627288818,4.399981129964193,-0.8053932108706978,699.698928928934,150,4.399950981140137,4.400091648101807,0.0001406669616699,699.698928928934,150,0.9720337887605032,344.0,0.2332881093025207
603,3.122789951825924e-09,0.3327536659619547,4.400166034698486,4.399862766265869,4.400014744689133,0.9230655304382293,704.3378378376365,151,4.399959087371826,4.399862766265869,-9.632110595703124e-05,704.3378378376365,151,0.971740111708641,343.0,0.2332176268100738
604,2.794273037001619e-09,-0.0679569832695381,4.400091648101807,4.39986515045166,4.400003319544508,-0.3054914261526336,704.3753753751516,151,4.399951457977295,4.400015354156494,6.389617919921875e-05,704.3753753751516,151,0.9714465588331224,342.0,0.2331471741199493
605,2.967776216938681e-09,-0.0491270825985915,4.400091648101807,4.399868488311768,4.399987198659126,-0.4461197590469807,704.5255255252123,151,4.399953365325928,4.400015354156494,6.198883056640625e-05,704.5255255252123,151,0.9710879996418952,341.0,0.2330611199140548
606,2.224673851935149e-09,0.0421699207549374,4.40009069442749,4.399875164031982,4.399995724886458,-0.6018273695800316,704.2552552549168,151,4.400074481964111,4.399939060211182,-0.0001354217529296,704.2552552549168,151,0.9707755719621975,340.0,0.2329861372709274
607,2.6373032861911935e-09,-0.0544686556775522,4.40009069442749,4.399862766265869,4.399971747240484,-0.3762389813130373,703.9804804809391,151,4.400015354156494,4.400015354156494,0.0,703.9804804809391,151,0.9703318898876508,339.0,0.2328796535730362
608,3.569267486890487e-09,-0.0845233461975756,4.400086879730225,4.3997979164123535,4.399964003186477,-0.1193907970087879,709.1558558559045,152,4.399971961975098,4.400015354156494,4.3392181396484375e-05,709.1558558559045,152,0.9701094900568328,338.0,0.2328262776136398
609,2.6885649277932504e-09,0.8952430651994107,4.400161266326904,4.399869918823242,4.399999254628232,1.463851252706874,709.4551351349801,152,4.400041580200195,4.400015354156494,-2.6226043701171875e-05,709.4551351349801,152,0.9698233256737392,337.0,0.2327575981616974
610,4.4082767158160095e-09,-0.790588913357423,4.400089740753174,4.399786472320557,4.399964050242775,0.9221255763694224,709.0213313316926,152,4.399998188018799,4.400015354156494,1.71661376953125e-05,709.0213313316926,152,0.9694735830028852,336.0,0.2326736599206924
611,2.905860992338059e-09,0.2082307121355858,4.400167465209961,4.399868488311768,4.400000092250849,0.5004092153232627,713.8263863865286,153,4.399939060211182,4.400015354156494,7.62939453125e-05,713.8263863865286,153,0.9691383689641953,335.0,0.2325932085514068
612,1.7590833349810867e-09,0.4445156620052534,4.400091648101807,4.399939060211182,4.399996663394727,-0.2822152958058019,708.787047047168,152,4.400015354156494,4.400015354156494,0.0,708.787047047168,152,0.96879235158364,334.0,0.2325101643800735
613,2.6482913358109087e-09,-0.1398227523895407,4.400088310241699,4.399866580963135,4.39997861259862,-0.5303879629814916,708.7099599596113,152,4.399958610534668,4.400015354156494,5.6743621826171875e-05,708.7099599596113,152,0.9684383248289428,333.0,0.2324251979589462
614,2.7965195181915802e-09,-0.2687562098054796,4.400091648101807,4.399867534637451,4.400007350772035,-0.5858792887533499,713.4810010008514,153,4.400091648101807,4.400015354156494,-7.62939453125e-05,713.4810010008514,153,0.9680277978380522,332.0,0.2323266714811325
615,1.623674497303076e-09,-0.2860985222619509,4.400084495544434,4.399868488311768,4.399977144852183,-0.1187415426649636,713.8339939936996,153,4.400015354156494,4.400015354156494,0.0,713.8339939936996,153,0.9677298367023468,331.0,0.2322551608085632
616,2.0746454272064822e-09,-0.0270657695847089,4.400087356567383,4.3998703956604,4.399983474631715,-0.5448032104944853,713.7274874877185,153,4.400015354156494,4.400015354156494,0.0,713.7274874877185,153,0.9674070402979852,330.0,0.2321776896715164
617,2.108210674107613e-09,-0.4517285505571175,4.400090217590332,4.399868965148926,4.399993095522612,0.350606144490821,713.3181981984526,153,4.400015354156494,4.400015354156494,0.0,713.3181981984526,153,0.9672154362003008,329.0,0.2321317046880722
618,3.835399070770106e-09,0.4416114089441215,4.400156021118164,4.399862766265869,4.399974230847327,0.1872878380071316,713.2375575574115,153,4.400014877319336,4.400015354156494,4.76837158203125e-07,713.2375575574115,153,0.9673863649368286,328.0,0.2321727275848388
619,2.556038771076784e-09,0.38552701022957,4.400091648101807,4.399866580963135,4.39997242011276,-0.2158466077193317,712.8328328328207,153,4.400012969970703,4.399939060211182,-7.390975952148438e-05,712.8328328328207,153,0.9674425547321638,327.0,0.2321862131357193
620,3.287764068063582e-09,0.6489881646326586,4.400164604187012,4.3998703956604,4.399999821936334,0.4541946034021635,682.3036036035046,143,4.400015354156494,4.400015354156494,0.0,682.3036036035046,143,0.9760315840442976,326.0,0.2342475801706314
621,1.801396601130376e-09,-0.2898405658236224,4.400015354156494,4.399862766265869,4.399964416919111,-0.807359491758382,684.9022222226486,147,4.399939060211182,4.399862766265869,-7.62939453125e-05,684.9022222226486,147,0.9756794820229212,325.0,0.2341630756855011
622,3.607860456164203e-09,-0.1022364885834425,4.400163650512695,4.399869918823242,4.400006006228044,-0.2740815922421147,695.5644444441423,149,4.399939060211182,4.400015354156494,7.62939453125e-05,695.5644444441423,149,0.9749713664253552,324.0,0.2339931279420852
623,2.283449503730351e-09,-0.3285777296684691,4.400091648101807,4.399868011474609,4.400004940544999,0.2313040362458558,695.9955555554479,149,4.399939060211182,4.400015354156494,7.62939453125e-05,695.9955555554479,149,0.974461001654466,323.0,0.2338706403970718
624,2.658173084241844e-09,-0.0896682244583734,4.400091171264648,4.3998637199401855,4.399991683959961,-0.7657749803968983,700.6848048046231,150,4.399939060211182,4.400015354156494,7.62939453125e-05,700.6848048046231,150,0.9737524514396986,322.0,0.2337005883455276
625,2.375071931326613e-09,0.2824374256443731,4.400091648101807,4.399939060211182,4.400006212146077,-0.898095366057285,705.8843843843788,151,4.399954795837402,4.400091648101807,0.0001368522644042,705.8843843843788,151,0.9730445841948192,321.0,0.2335307002067566
626,1.973058067029085e-09,0.2403561116853163,4.400091648101807,4.399939060211182,4.400005732151056,-0.7411137106069536,705.5555555559695,151,4.400015354156494,4.400015354156494,0.0,705.5555555559695,151,0.9724194183945656,320.0,0.2333806604146957
627,1.9857601089203062e-09,0.944055634764785,4.400167942047119,4.399867534637451,4.39996590112385,3.180091983669461,710.4935435438529,152,4.399944305419922,4.400167942047119,0.0002236366271972,710.4935435438529,152,0.9718611215551696,319.0,0.2332466691732406
628,2.5375150138818846e-09,-0.1253669421864852,4.400091648101807,4.399868011474609,4.39999804057573,-0.1900661055152412,710.7021321319044,152,4.400074481964111,4.400015354156494,-5.91278076171875e-05,710.7021321319044,152,0.9715048596262932,318.0,0.2331611663103103
629,3.1862179448419043e-09,0.8844674693561445,4.400165557861328,4.399939060211182,4.399999649901139,0.1835478936213346,710.4073873870075,152,4.400015354156494,4.400015354156494,0.0,710.4073873870075,152,0.971453698972861,317.0,0.2331488877534866
630,2.743950474303921e-09,-0.7288272239511169,4.400088787078857,4.399786472320557,4.3999917238753365,1.0738422910615206,704.9879879876971,151,4.399940013885498,4.399786472320557,-0.0001535415649414,704.9879879876971,151,0.970930668214957,316.0,0.2330233603715896
631,3.201613843177598e-09,0.1383511970879697,4.400090217590332,4.399862766265869,4.399975196311348,-0.4759496250785897,710.198798798956,152,4.400015354156494,4.399939060211182,-7.62939453125e-05,710.198798798956,152,0.970353496571382,315.0,0.2328848391771316
632,3.2649558081337507e-09,-0.3102419921817935,4.400091648101807,4.399867057800293,4.399994053338704,-0.5247341865398778,709.96904904861,152,4.400047302246094,4.400015354156494,-3.1948089599609375e-05,709.96904904861,152,0.9699371332923572,314.0,0.2327849119901657
633,2.957874731482937e-09,0.4765861687470867,4.400162220001221,4.399866104125977,4.399985222440017,0.5727885153238175,709.6319819819182,152,4.400015354156494,4.400091648101807,7.62939453125e-05,709.6319819819182,152,0.9694079558054608,313.0,0.2326579093933105
634,2.729662936536343e-09,0.7440582038182109,4.400155067443848,4.399868011474609,4.399983521380456,0.401470355010844,714.3360960958526,153,4.399999618530273,4.400015354156494,1.5735626220703125e-05,714.3360960958526,153,0.9690229470531146,312.0,0.2325655072927475
635,1.3431072315177995e-09,-0.903823464738116,4.400085926055908,4.399868011474609,4.400004287171208,2.1599272120573505,714.1033033039421,153,4.400015354156494,4.399939060211182,-7.62939453125e-05,714.1033033039421,153,0.9686979775627454,311.0,0.2324875146150589
636,2.8097660061828246e-09,0.3722529327823369,4.400091648101807,4.39986515045166,4.399959542534568,-0.3452756891602089,719.2209909912199,154,4.399945259094238,4.400015354156494,7.009506225585938e-05,719.2209909912199,154,0.9680352484186492,310.0,0.2323284596204757
637,3.878370971631293e-09,-0.1762049034228554,4.400091648101807,4.399868965148926,4.40001478442898,-1.1538807683290853,718.9958558566868,154,4.400076389312744,4.400015354156494,-6.103515625e-05,718.9958558566868,154,0.967530036966006,309.0,0.2322072088718414
638,3.5211457553750158e-09,0.0091550349565774,4.400091648101807,4.399862766265869,4.399983969601718,-0.6829215965337432,719.0678378380835,154,4.399961948394775,4.400015354156494,5.340576171875e-05,719.0678378380835,154,0.9674134353796642,308.0,0.2321792244911193
639,1.062661141744453e-09,-1.1693875152127802,4.400015354156494,4.399864673614502,4.3999884175319295,1.005916949192883,713.6438038032502,153,4.399942398071289,4.400015354156494,7.295608520507812e-05,713.6438038032502,153,0.9669760862986247,307.0,0.2320742607116699
640,2.7156899364296803e-09,0.1133173622926156,4.4001665115356445,4.39987325668335,4.400011258966782,0.0729392431582556,713.4596996996552,153,4.399962425231934,4.400015354156494,5.2928924560546875e-05,713.4596996996552,153,0.9664302070935568,306.0,0.2319432497024536
641,2.0242451749176343e-09,0.0622602581745651,4.400088787078857,4.39987325668335,4.39999152778031,-0.3493823391539861,718.2040540538728,154,4.400015354156494,4.400015354156494,0.0,718.2040540538728,154,0.9660908331473668,305.0,0.231861799955368
642,1.2947866033733875e-09,-0.9577515746231368,4.400015354156494,4.399864673614502,4.399980037243335,0.476204177967177,717.8609909899533,154,4.400015354156494,4.399939060211182,-7.62939453125e-05,717.8609909899533,154,0.9656531115372976,304.0,0.2317567467689514
643,2.667502499074932e-09,-1.0879273089058932,4.400015354156494,4.399786949157715,4.399963530627164,0.9825559200443356,717.736936936155,154,4.399885654449463,4.400015354156494,0.0001296997070312,717.736936936155,154,0.9653616696596146,303.0,0.2316868007183075
644,2.426855680264863e-09,-0.3897494547180309,4.400091648101807,4.399864196777344,4.400002900656167,0.2378124886918371,717.9605405405164,154,4.399991989135742,4.400015354156494,2.3365020751953125e-05,717.9605405405164,154,0.9648824110627174,302.0,0.2315717786550521
645,4.061740777064595e-09,0.7520690123072612,4.400165557861328,4.399866104125977,4.3999986246034695,0.2260479997388542,717.7553153149784,154,4.400110721588135,4.400015354156494,-9.5367431640625e-05,717.7553153149784,154,0.9641885136564572,301.0,0.2314052432775497
646,4.579609115333946e-09,-0.6360992183295674,4.400152683258057,4.399792194366455,4.399999557002898,0.8683827935148263,721.905445445329,155,4.400015354156494,4.400015354156494,0.0,721.905445445329,155,0.9635906666517258,300.0,0.2312617599964141
647,2.347007697494662e-09,-0.3258727365336924,4.400091648101807,4.399862766265869,4.3999848858002695,-0.0787140467857829,721.5262262262404,155,4.399939060211182,4.400091648101807,0.000152587890625,721.5262262262404,155,0.963021938999494,299.0,0.2311252653598785
648,4.453422288354719e-09,0.0715264912086144,4.400163650512695,4.3998637199401855,4.3999994985518915,-0.8184375334242451,721.8915715720505,155,4.399939060211182,4.399939060211182,0.0,721.8915715720505,155,0.9626762941479684,298.0,0.2310423105955124
649,1.1733509835297558e-09,0.5542356389407168,4.400088310241699,4.399939060211182,4.399975665923088,-0.4349297986027376,721.717377377674,155,4.400002479553223,4.400015354156494,1.2874603271484377e-05,721.717377377674,155,0.9623928616444272,297.0,0.2309742867946624
650,2.494921579428677e-09,0.3455388493260869,4.400148868560791,4.399864673614502,4.4000032547981505,0.3446987314930352,721.2394995000213,155,4.4000043869018555,4.400015354156494,1.0967254638671877e-05,721.2394995000213,155,0.962008722126484,296.0,0.2308820933103561
651,1.9385430263548064e-09,0.2823110694839304,4.400087833404541,4.399868011474609,4.39997402414099,-0.2505254790666527,715.7796396389604,154,4.399939060211182,4.399939060211182,0.0,715.7796396389604,154,0.9616327782471976,295.0,0.2307918667793274
652,3.145535815619639e-09,-0.8097589953908034,4.400091648101807,4.39979362487793,4.399993127392184,1.363693242003356,720.9404404405504,155,4.3999552726745605,4.400015354156494,6.008148193359375e-05,720.9404404405504,155,0.9614724044998488,294.0,0.2307533770799636
653,2.840550312640517e-09,0.2230333601273741,4.400091648101807,4.399866104125977,4.399982787716773,-0.4685887589874342,720.524224223569,155,4.400015354156494,4.400015354156494,0.0,720.524224223569,155,0.9608828152219456,293.0,0.2306118756532669
654,2.6548973347917182e-09,0.3284432357111946,4.400090217590332,4.399865627288818,4.3999697777532765,-0.3914978599675809,720.5180580578744,155,4.400015354156494,4.400015354156494,0.0,720.5180580578744,155,0.9604951987663906,292.0,0.2305188477039337
655,4.385427386163619e-09,-0.1808357408805687,4.400160312652588,4.399862766265869,4.399997412773871,-0.2512251021490002,720.0663863867521,155,4.400015354156494,4.400015354156494,0.0,720.0663863867521,155,0.960016002257665,291.0,0.2304038405418396
656,3.1473756995729203e-09,0.2593216420045204,4.400165557861328,4.399865627288818,4.400004717019888,-0.2651137231092502,724.8833333328366,156,4.400017738342285,4.400091648101807,7.390975952148438e-05,724.8833333328366,156,0.9595806399981182,290.0,0.2302993535995483
657,2.223090650523879e-09,-0.4581145018394398,4.400086402893066,4.399863243103027,4.399991383919349,-0.0217865331467921,724.5792292300612,156,4.3999810218811035,4.399939060211182,-4.1961669921875e-05,724.5792292300612,156,0.9596305588881175,289.0,0.2303113341331482
658,1.9102161038634972e-09,0.6731294275459846,4.400091648101807,4.399939060211182,4.39998386444584,-0.5594823495496271,719.9091491494328,155,4.400001049041748,4.400015354156494,1.430511474609375e-05,719.9091491494328,155,0.9590515866875648,288.0,0.2301723808050155
659,2.663059051028134e-09,-0.0510178284115993,4.400091648101807,4.399868488311768,4.399999563510601,-0.9088164766452254,724.5156156159937,156,4.400074481964111,4.400091648101807,1.71661376953125e-05,724.5156156159937,156,0.958572266002496,287.0,0.230057343840599
660,4.608130364159095e-09,0.2841357024835187,4.4001617431640625,4.399864196777344,4.399995415638655,-0.5165667075518012,724.0625625625253,156,4.400015354156494,4.400015354156494,0.0,724.0625625625253,156,0.958145409822464,286.0,0.2299548983573913
661,1.367928656333139e-09,-0.7624917411523258,4.400091648101807,4.399866580963135,4.399998319454682,1.470392040850737,723.9911911915988,156,4.400034427642822,4.400091648101807,5.7220458984375e-05,723.9911911915988,156,0.9577225893735886,285.0,0.2298534214496612
662,2.7000112247427403e-09,0.2099359913909961,4.400091648101807,4.399868488311768,4.399986005892419,-0.4771299912511106,729.1352552548051,157,4.400015354156494,4.400015354156494,0.0,729.1352552548051,157,0.957348383963108,284.0,0.2297636121511459
663,2.014990636319359e-09,0.2389957590373548,4.400091648101807,4.399863243103027,4.39996319060113,-0.0861865746605539,728.8026426434517,157,4.400015354156494,4.400015354156494,0.0,728.8026426434517,157,0.9569804494579632,283.0,0.2296753078699112
664,3.650847124786641e-09,0.0910080213403191,4.400091648101807,4.399862766265869,4.399971269498206,-0.5634504563415277,728.3029429428279,157,4.399939060211182,4.400015354156494,7.62939453125e-05,728.3029429428279,157,0.9565183892846107,282.0,0.2295644134283065
665,3.464846248953235e-09,0.1515771585782225,4.4001641273498535,4.399825096130371,4.399999317849518,0.6820771948657827,728.6386786792427,157,4.399825096130371,4.399939060211182,0.0001139640808105,728.6386786792427,157,0.9562161440650624,281.0,0.2294918745756149
666,2.6845083357344566e-09,-0.1329029102365242,4.40009069442749,4.399865627288818,4.399981343822115,-0.6381738079383656,727.7798198200762,157,4.400015354156494,4.399939060211182,-7.62939453125e-05,727.7798198200762,157,0.9557996566096942,280.0,0.2293919175863266
667,4.767918265838528e-09,-0.6464879860949423,4.400091648101807,4.399724006652832,4.399971144973852,1.5120124913424262,727.4565765764564,157,4.399939060211182,4.400015354156494,7.62939453125e-05,727.4565765764564,157,0.9559620171785356,279.0,0.2294308841228485
668,4.827019531661884e-09,0.0248497930532192,4.400091648101807,4.399787902832031,4.399969223218086,-0.6780717797686355,722.6692692693323,156,4.40000057220459,4.400015354156494,1.4781951904296877e-05,722.6692692693323,156,0.9554037203391392,278.0,0.2292968928813934
669,2.653033235131399e-09,0.5318517776194656,4.40015172958374,4.3998637199401855,4.399984071209173,0.6937551538327611,727.7033033035696,157,4.400015354156494,4.399939060211182,-7.62939453125e-05,727.7033033035696,157,0.9550100192427636,277.0,0.2292024046182632
670,2.301764171247037e-09,-0.2969074549250735,4.400091171264648,4.399864673614502,4.399991415108845,-0.2765908526031868,727.2957357354462,157,4.399921894073486,4.400015354156494,9.34600830078125e-05,727.2957357354462,157,0.9545725459853808,276.0,0.2290974110364914
671,2.270509425925717e-09,-0.0066720930315282,4.400091648101807,4.399868488311768,4.400002370214766,-0.2325001085967661,726.9990390390158,157,4.3999505043029785,4.400091648101807,0.0001411437988281,726.9990390390158,157,0.9542849535743396,275.0,0.2290283888578415
672,1.880533345172974e-09,-0.1021417652048273,4.400091648101807,4.399865627288818,4.400001917675042,0.0350107069806435,727.275435436517,157,4.399996280670166,4.399939060211182,-5.7220458984375e-05,727.275435436517,157,0.9540269151329994,274.0,0.2289664596319198
673,3.032390634745154e-09,-0.2226861585727579,4.400091648101807,4.399865627288818,4.399995624639426,-0.7573292273598748,726.4493693690747,157,4.399994373321533,4.399939060211182,-5.53131103515625e-05,726.4493693690747,157,0.9536768620212872,273.0,0.2288824468851089
674,3.284508646428223e-09,-0.327122745223606,4.400091648101807,4.399863243103027,4.399998347970504,-0.6001461853792942,731.7362962961197,158,4.400040149688721,4.399939060211182,-0.000101089477539,731.7362962961197,158,0.9532875070969264,272.0,0.2287890017032623
675,3.787364871500962e-09,-0.1171398306994271,4.400091648101807,4.399862766265869,4.399988833506396,-0.7201319594927336,726.4321921914816,157,4.400081634521484,4.399939060211182,-0.0001425743103027,726.4321921914816,157,0.952662465473016,271.0,0.2286389917135238
676,3.058661085935673e-09,-0.2554524263295218,4.400091648101807,4.399864673614502,4.399991038479382,-0.5669223704240887,732.0018918924034,158,4.399937152862549,4.400091648101807,0.0001544952392578,732.0018918924034,158,0.9524165963133177,270.0,0.2285799831151962
677,4.045720761565269e-09,-0.9108064224330756,4.400089740753174,4.3997955322265625,4.399990045571629,0.7385724086484546,730.8640740737319,158,4.400015354156494,4.399939060211182,-7.62939453125e-05,730.8640740737319,158,0.9524935235579808,269.0,0.2285984456539154
678,3.304341495382147e-09,0.2118260736735611,4.4001593589782715,4.399864673614502,4.399999431416958,-0.0276199612916623,730.9945145137608,158,4.399981498718262,4.400091648101807,0.0001101493835449,730.9945145137608,158,0.9520332018534344,268.0,0.2284879684448242
679,1.8999829388765996e-09,-0.3506076346014485,4.400086879730225,4.399864673614502,4.3999774486203735,-0.0762351469645272,731.0778078082949,158,4.400015354156494,4.399939060211182,-7.62939453125e-05,731.0778078082949,158,0.9517415737112364,267.0,0.2284179776906967
680,3.6359633795184333e-09,0.1964119375086158,4.400162696838379,4.399864196777344,4.399994249585308,-0.1572580085449866,730.8027827832848,158,4.399968147277832,4.400091648101807,0.0001235008239746,730.8027827832848,158,0.9515290458997092,266.0,0.2283669710159301
681,5.1758101333614566e-09,-0.65619978828406,4.400158882141113,4.3997907638549805,4.399996438603492,0.297293418026475,725.5436636637896,157,4.400041580200195,4.400015354156494,-2.6226043701171875e-05,725.5436636637896,157,0.9512187913060188,265.0,0.2282925099134445
682,1.7547626464932702e-09,-0.7209707620246455,4.400089740753174,4.399863243103027,4.3999993076807336,1.2053511148130482,730.5088988989592,158,4.399962902069092,4.400015354156494,5.245208740234375e-05,730.5088988989592,158,0.9511000166336696,264.0,0.2282640039920807
683,3.373656616074532e-09,-0.2051080308018805,4.400163650512695,4.399862766265869,4.400004733966876,0.481813447717121,729.8456956949085,158,4.399964809417725,4.400015354156494,5.054473876953125e-05,729.8456956949085,158,0.9507272392511368,263.0,0.2281745374202728
684,3.755421844898531e-09,-0.7741338916817077,4.40009069442749,4.399788856506348,4.399979969240585,0.9242656091654228,735.3800800796598,159,4.399960041046143,4.400015354156494,5.53131103515625e-05,735.3800800796598,159,0.9504064917564392,262.0,0.2280975580215454
685,4.072513613501735e-09,-0.5955278488501732,4.40009069442749,4.3997907638549805,4.3999744638611995,-0.2304955814676281,730.262162161991,158,4.39995813369751,4.400015354156494,5.7220458984375e-05,730.262162161991,158,0.9501166641712188,261.0,0.2280279994010925
686,2.690050346325993e-09,-0.2018395589790616,4.40009069442749,4.399868488311768,4.3999842269511165,-0.5178813699074665,729.8048348352313,158,4.400015354156494,4.400015354156494,0.0,729.8048348352313,158,0.9500779832402866,260.0,0.2280187159776687
687,1.4733186934156792e-09,0.0103434979427734,4.400090217590332,4.399939060211182,4.400009176399134,-0.4304056422051339,729.9965665657073,158,4.400015354156494,4.400015354156494,0.0,729.9965665657073,158,0.9497687841455142,259.0,0.2279445081949234
688,3.508598642273348e-09,0.6342704354328913,4.400091648101807,4.399864673614502,4.399965112314284,-0.1441028125172145,734.7395395394415,159,4.39996862411499,4.400015354156494,4.673004150390625e-05,734.7395395394415,159,0.9494417036573092,258.0,0.2278660088777542
689,2.404993670727182e-09,-0.3880758329367468,4.40009069442749,4.399862766265869,4.399992253045616,-0.1365172789742024,734.6130130123347,159,4.400015354156494,4.399939060211182,-7.62939453125e-05,734.6130130123347,159,0.9485959385832152,257.0,0.2276630252599716
690,2.942673981319813e-09,-0.1392599599967731,4.400090217590332,4.399865627288818,4.3999813607653735,-0.6140532037670168,734.4769969973713,159,4.399982929229736,4.400015354156494,3.24249267578125e-05,734.4769969973713,159,0.9483748426040014,256.0,0.2276099622249603
691,3.723925618464675e-09,-0.2081788869540532,4.400162220001221,4.399796962738037,4.399991104006768,1.5754870246653183,739.5887387394905,160,4.3999409675598145,4.400015354156494,7.43865966796875e-05,739.5887387394905,160,0.9482729559143384,255.0,0.2275855094194412
692,2.1847149373138315e-09,-0.228720176931758,4.400089740753174,4.399867057800293,4.39998707681332,-0.2682908966877453,733.8491091094911,159,4.399908542633057,4.400015354156494,0.0001068115234375,733.8491091094911,159,0.9481982638438544,254.0,0.227567583322525
693,4.440552382028175e-09,0.1632216280598052,4.400163173675537,4.399863243103027,4.399995443955907,-0.3492846688354185,734.0752752758563,159,4.400029182434082,4.399939060211182,-9.012222290039062e-05,734.0752752758563,159,0.9481146931648254,253.0,0.2275475263595581
694,2.6438674120718762e-09,0.5233174419119191,4.400160789489746,4.399865627288818,4.400004783272744,1.0908719485524945,739.1510510519147,160,4.399948596954346,4.400015354156494,6.67572021484375e-05,739.1510510519147,160,0.9481418877840042,252.0,0.227554053068161
695,2.476015479158147e-09,-0.293931420395257,4.400088787078857,4.3998637199401855,4.399987463681203,-0.1538114797242009,733.6197797805071,159,4.399999618530273,4.400015354156494,1.5735626220703125e-05,733.6197797805071,159,0.9477108096083006,251.0,0.2274505943059921
696,2.954369633541901e-09,0.5242799403549322,4.400166034698486,4.399873733520508,4.4000050106888295,0.3545486037981709,733.7763563562185,159,4.399956226348877,4.400015354156494,5.91278076171875e-05,733.7763563562185,159,0.9472417334715526,250.0,0.2273380160331726
697,3.184398210255433e-09,-0.1497274125994369,4.400091648101807,4.399862766265869,4.400002755459,-0.8218738291667065,733.4726926926523,159,4.400049686431885,4.399862766265869,-0.0001869201660156,733.4726926926523,159,0.9469779208302498,249.0,0.2272747009992599
698,2.389300488556036e-09,0.0149669842090617,4.400091648101807,4.399864673614502,4.399992111325264,-0.2884285059446649,738.5000900905579,160,4.400015354156494,4.399939060211182,-7.62939453125e-05,738.5000900905579,160,0.9465960785746574,248.0,0.2271830588579177
699,3.21318533584587e-09,-0.2054909464546997,4.400090217590332,4.399863243103027,4.399982473385409,-0.81616256412594,733.3003003001213,159,4.400015354156494,4.399939060211182,-7.62939453125e-05,733.3003003001213,159,0.946219265460968,247.0,0.2270926237106323
700,1.3794524845950302e-09,-1.0547174328029505,4.400015354156494,4.399869441986084,4.399983760714531,0.3995954592469823,738.4953153152019,160,4.399939060211182,4.399939060211182,0.0,738.4953153152019,160,0.9460148711999258,246.0,0.2270435690879821
701,2.3998323943018724e-09,-0.155047887900026,4.400091648101807,4.399867534637451,4.399987116456032,0.0372862860840359,738.5096396394074,160,4.39998197555542,4.400015354156494,3.337860107421875e-05,738.5096396394074,160,0.9457233051458996,245.0,0.2269735932350158
702,2.512671228315703e-09,-0.1816394929930775,4.400091648101807,4.3998703956604,4.399992808699608,-0.106393414429263,737.6517717726529,160,4.400091648101807,4.399939060211182,-0.000152587890625,737.6517717726529,160,0.9452400108178456,244.0,0.2268576025962829
703,2.1238173566252843e-09,-0.4932046527508626,4.400086879730225,4.399792671203613,4.399966195503377,0.8905970519950372,743.1575575582683,161,4.399966239929199,4.399939060211182,-2.7179718017578125e-05,743.1575575582683,161,0.9449648360411328,243.0,0.2267915606498718
704,2.1408911730765143e-09,0.0924628668212142,4.400091648101807,4.399873733520508,4.399998542666435,-0.1362315362036166,737.6708708703518,160,4.3999810218811035,4.400015354156494,3.4332275390625e-05,737.6708708703518,160,0.9451838210225104,242.0,0.2268441170454025
705,1.4904729618906202e-09,-0.6068421155231749,4.400015354156494,4.399867057800293,4.399973833783073,-0.3915372711213534,742.7603603601456,161,4.400015354156494,4.400015354156494,0.0,742.7603603601456,161,0.944773480296135,241.0,0.2267456352710724
706,2.0172846691917207e-09,-0.0983423972017018,4.400086879730225,4.3998637199401855,4.399975119170195,-0.1938573287822773,742.5665665660053,161,4.39998722076416,4.399939060211182,-4.8160552978515625e-05,742.5665665660053,161,0.9444296360015868,240.0,0.2266631126403808
707,1.9804491665058348e-09,0.0375999783211109,4.400091648101807,4.399939060211182,4.40001722574234,-0.5016979032372646,737.01195195131,160,4.399983882904053,4.400091648101807,0.0001077651977539,737.01195195131,160,0.9441984196503956,239.0,0.2266076207160949
708,1.8049183246525983e-09,-0.5739372672443122,4.400091648101807,4.399869918823242,4.4000025421380995,1.2832538843133392,737.1790690682828,160,4.399939060211182,4.400015354156494,7.62939453125e-05,737.1790690682828,160,0.9438013657927512,238.0,0.2265123277902603
709,3.231289212737285e-09,0.5005269982955662,4.400091648101807,4.399865627288818,4.399987792376406,-0.6760064142041915,742.3951951954514,161,4.400015354156494,4.400015354156494,0.0,742.3951951954514,161,0.94354214767615,237.0,0.226450115442276
710,2.490660844165369e-09,-1.0386543938122927,4.400015354156494,4.399798393249512,4.399966047417303,0.612142523792313,742.569769769907,161,4.399983882904053,4.400015354156494,3.147125244140625e-05,742.569769769907,161,0.943331855038802,236.0,0.2263996452093124
711,2.1452044458263636e-09,0.0683658038673437,4.400091171264648,4.399865627288818,4.3999970299857,-0.4925900308628472,741.8298298306763,161,4.399939060211182,4.399939060211182,0.0,741.8298298306763,161,0.9429525583982468,235.0,0.2263086140155792
712,3.6334140116177726e-09,0.4241234905164708,4.400165557861328,4.399862766265869,4.400005885112432,0.0313780979659488,746.8788388390094,162,4.400083065032959,4.400015354156494,-6.771087646484375e-05,746.8788388390094,162,0.942606789370378,234.0,0.2262256294488906
713,3.553698146794169e-09,-0.1021773312855388,4.400091648101807,4.399869441986084,4.40000505625091,-0.7343328217754088,742.0012012012303,161,4.400091648101807,4.400015354156494,-7.62939453125e-05,742.0012012012303,161,0.942677694062392,233.0,0.226242646574974
714,3.070713121459171e-09,0.4571989991612951,4.400166988372803,4.3998637199401855,4.399984774382218,0.7095906719670113,741.7961961962283,161,4.39998722076416,4.400015354156494,2.8133392333984375e-05,741.7961961962283,161,0.9420358886321386,232.0,0.2260886132717132
715,2.551317766429958e-09,-0.1839286285216912,4.400091648101807,4.399865627288818,4.399988286289168,-0.3513945379597558,746.6306506507099,162,4.400047302246094,4.400015354156494,-3.1948089599609375e-05,746.6306506507099,162,0.9416988119482994,231.0,0.2260077148675918
716,3.686168810332455e-09,-0.1905372818906467,4.400163650512695,4.399865627288818,4.400004551734454,-0.3591066815732211,746.4662662670016,162,4.400047302246094,4.400091648101807,4.4345855712890625e-05,746.4662662670016,162,0.94146312524875,230.0,0.2259511500597
717,1.867330865228362e-09,0.0078381964023876,4.400091648101807,4.399866104125977,4.399997373545392,0.4556472958674171,741.2644644640386,161,4.3999714851379395,4.400091648101807,0.0001201629638671,741.2644644640386,161,0.9410818417867024,229.0,0.2258596420288086
718,4.6251985038103e-09,0.3107089761310094,4.4001665115356445,4.399797439575195,4.399991053013713,0.5577505362843653,751.3589189182967,163,4.400054454803467,4.399862766265869,-0.0001916885375976,751.3589189182967,163,0.94081728408734,228.0,0.2257961481809616
719,1.3546729842557182e-09,0.2585889360616796,4.400089740753174,4.399939060211182,4.399991778508285,-0.4000746930112964,751.4805405400693,163,4.399961471557617,4.400015354156494,5.3882598876953125e-05,751.4805405400693,163,0.9405404329299928,227.0,0.2257297039031982
720,2.510976527543468e-09,-0.0865074301597896,4.400082588195801,4.399862766265869,4.3999619119486235,-0.7086172985636061,753.008408408612,157,4.400014877319336,4.399939060211182,-7.581710815429688e-05,753.008408408612,157,0.951254243652026,226.0,0.2283010184764862
721,3.950221127979602e-09,-0.1837779218182587,4.400156497955322,4.399864196777344,4.400004205107689,-0.6570308063948525,742.7432732731104,160,4.400034427642822,4.400015354156494,-1.9073486328125e-05,742.7432732731104,160,0.9510415916641554,225.0,0.2282499819993972
722,1.913211237253065e-09,0.5044861651986411,4.400088787078857,4.399939060211182,4.39998614713081,-0.7993400120663168,736.5504504498094,159,4.399970054626465,4.400015354156494,4.5299530029296875e-05,736.5504504498094,159,0.950891710817814,224.0,0.2282140105962753
723,2.924594271914185e-09,-0.3126984258807402,4.400091648101807,4.399871826171875,4.399999381669986,-0.2369625088567586,703.209209209308,153,4.399953842163086,4.400091648101807,0.0001378059387207,703.209209209308,153,0.9630955134828886,223.0,0.2311429232358932
724,1.662756338316369e-09,0.832409862007305,4.400096893310547,4.399939060211182,4.399991021332918,0.3961621865892546,611.9360160157084,135,4.400096893310547,4.400015354156494,-8.153915405273438e-05,611.9360160157084,135,0.9732812022169433,222.0,0.2335874885320663
725,1.9397205909007955e-09,-0.3866235792024517,4.400091648101807,4.399876594543457,4.40001081106231,0.7267932632577856,573.7603603601456,127,4.399922847747803,4.399939060211182,1.621246337890625e-05,573.7603603601456,127,0.9688026582201322,221.0,0.2325126379728317
726,2.6609860798787604e-09,-0.686771274735599,4.40009069442749,4.399864673614502,4.400013055120196,-0.0283069925217653,640.3169269263744,140,4.399995803833008,4.400015354156494,1.9550323486328125e-05,640.3169269263744,140,0.9603713949521384,220.0,0.2304891347885131
727,2.283469362323627e-09,-0.0892460061235002,4.40009069442749,4.399868488311768,4.399993474051456,-0.4393046160938763,685.0088888891041,149,4.399951934814453,4.400015354156494,6.341934204101562e-05,685.0088888891041,149,0.9554789712031684,219.0,0.2293149530887603
728,1.5754826585252704e-09,0.3199028789742157,4.400090217590332,4.399939060211182,4.400000575321172,-0.5510718910003463,705.1795795802027,153,4.40001106262207,4.399939060211182,-7.200241088867188e-05,705.1795795802027,153,0.95298420637846,218.0,0.2287162095308303
729,2.659813826155073e-09,-0.0161014833594448,4.400091648101807,4.399865627288818,4.3999873438189105,-0.1757639704759008,715.2012812811881,155,4.399991035461426,4.400091648101807,0.0001006126403808,715.2012812811881,155,0.9516135479013126,217.0,0.228387251496315
730,4.2589503172115905e-09,-0.6071895902305756,4.400091648101807,4.3997955322265625,4.400002171916347,0.0547154529326174,714.5399599596858,155,4.399996280670166,4.399939060211182,-5.7220458984375e-05,714.5399599596858,155,0.950672042866548,216.0,0.2281612902879715
731,3.53800257378919e-09,0.0474358002124123,4.400089740753174,4.399862766265869,4.399969073442312,-0.7464094535149135,719.6111611612141,156,4.400015354156494,4.400015354156494,0.0,719.6111611612141,156,0.9495650107661884,215.0,0.2278956025838852
732,2.953935613544129e-09,-0.5239069707252911,4.40009069442749,4.399862766265869,4.399994142495903,0.129429029399263,724.0867267269641,157,4.400043487548828,4.400015354156494,-2.8133392333984375e-05,724.0867267269641,157,0.9487504760424296,214.0,0.2277001142501831
733,2.110172388008671e-09,0.2147164556542319,4.400086402893066,4.399864673614502,4.399979971592723,-0.1564211470776966,701.4107707701623,153,4.39993953704834,4.400015354156494,7.581710815429688e-05,701.4107707701623,153,0.9604527925451596,213.0,0.2305086702108383
734,2.394829186699491e-09,-0.2875872138374084,4.400091648101807,4.399868488311768,4.400003147125244,0.0314538364252601,609.8301101103425,135,4.400022506713867,4.399939060211182,-8.344650268554688e-05,609.8301101103425,135,0.9634568045536678,212.0,0.2312296330928802
735,2.175587735048427e-09,0.2440164731906269,4.400091648101807,4.399865627288818,4.39997772627239,0.284497234302087,735.4844944942743,158,4.400015354156494,4.399939060211182,-7.62939453125e-05,735.4844944942743,158,0.954834185540676,211.0,0.2291602045297622
736,2.322042084905924e-09,-0.2216150304904059,4.40009069442749,4.399870872497559,4.399994303018619,-0.1585925649369217,723.1316316314042,156,4.399980545043945,4.400015354156494,3.4809112548828125e-05,723.1316316314042,156,0.9531200552980106,210.0,0.2287488132715225
737,1.4923935445680862e-09,0.4332893319411025,4.400091648101807,4.399939060211182,4.3999892609028874,-0.3227970827067103,732.3712112121284,158,4.3999857902526855,4.400091648101807,0.000105857849121,732.3712112121284,158,0.9522469714283944,209.0,0.2285392731428146
738,3.853726534514269e-09,-0.1516441908538778,4.400091648101807,4.399862766265869,4.399988298174701,-0.6654888904262299,731.9783183187246,158,4.399891376495361,4.400015354156494,0.0001239776611328,731.9783183187246,158,0.9511513014634452,208.0,0.2282763123512268
739,3.127612230925477e-09,0.1908966914460242,4.400156497955322,4.3998637199401855,4.400002826618243,-0.1410853129791367,731.5885685682297,158,4.399966716766357,4.399939060211182,-2.765655517578125e-05,731.5885685682297,158,0.9504492084185284,207.0,0.2281078100204467
740,1.03427556501125e-09,-0.5483000975164415,4.400015354156494,4.399867534637451,4.399976736499418,-0.0888904311845357,714.1730730738491,155,4.399979591369629,4.400015354156494,3.5762786865234375e-05,714.1730730738491,155,0.949388990799586,206.0,0.2278533577919006
741,3.105470291662891e-09,0.2287504346521222,4.400166034698486,4.399874210357666,4.400015182132963,0.374746641062277,730.8970770779997,158,4.399993419647217,4.400015354156494,2.193450927734375e-05,730.8970770779997,158,0.9489441911379496,205.0,0.2277466058731079
742,1.8225795037309007e-09,-0.552389176839042,4.400084018707275,4.399868011474609,4.399981078861645,0.2534307830580826,735.3595195189118,159,4.399988174438477,4.400015354156494,2.7179718017578125e-05,735.3595195189118,159,0.9450841074188552,204.0,0.2268201857805252
743,3.620871566730538e-09,0.1643591730342017,4.400163650512695,4.39986515045166,4.400016193618318,-0.3671703683900698,778.8739939946681,167,4.399973392486572,4.400015354156494,4.1961669921875e-05,778.8739939946681,167,0.9400074059764544,203.0,0.225601777434349
744,2.717374499164835e-09,-0.1187751320510998,4.400091648101807,4.399862766265869,4.399996655327933,-0.2632310429303501,779.9167467467487,168,4.39999532699585,4.399862766265869,-0.0001325607299804,779.9167467467487,168,0.9394637619455656,202.0,0.2254713028669357
745,4.513958267125931e-09,0.5544742541534048,4.400167465209961,4.399864196777344,4.3999916251594495,-0.237035708110846,786.4703903906047,169,4.400048732757568,4.400015354156494,-3.337860107421875e-05,786.4703903906047,169,0.9384909023841222,201.0,0.2252378165721893
746,2.035237747571476e-09,0.1046528065020347,4.400087356567383,4.399865627288818,4.399979167826036,-0.3334502944971946,791.3276976980269,170,4.400015354156494,4.399939060211182,-7.62939453125e-05,791.3276976980269,170,0.9383533149957656,200.0,0.2252047955989837
747,2.909050580837679e-09,-0.1058591143932617,4.400088310241699,4.399862766265869,4.39998041525395,-0.6028276660747207,786.2685885876417,169,4.399949550628662,4.400015354156494,6.580352783203125e-05,786.2685885876417,169,0.937740628918012,199.0,0.2250577509403228
748,1.7987462091678583e-09,1.1430958682320431,4.4001617431640625,4.399917125701904,4.399998437790644,2.424461715723466,779.5690390393138,168,4.399917125701904,4.400091648101807,0.0001745223999023,779.5690390393138,168,0.9369761993487676,198.0,0.2248742878437042
749,3.187542058110413e-09,0.1089548084407318,4.4001593589782715,4.399866104125977,4.4000045590146755,0.1625754387557991,784.5768168158829,169,4.399946689605713,4.399939060211182,-7.62939453125e-06,784.5768168158829,169,0.9364637856682142,197.0,0.2247513085603714
750,2.6727930590418587e-09,-0.0271717344867501,4.400091648101807,4.3998703956604,4.400001633096728,-0.5138584500417811,785.5891891885549,169,4.399964332580566,4.400015354156494,5.1021575927734375e-05,785.5891891885549,169,0.9359325592716536,196.0,0.2246238142251968
751,2.0865854627247242e-09,0.3116125224939163,4.400089263916016,4.399866104125977,4.399960858481271,0.0883140660594219,777.9558758754283,168,4.399994850158691,4.399939060211182,-5.5789947509765625e-05,777.9558758754283,168,0.935584803422292,195.0,0.2245403528213501
752,1.555247502612279e-09,-0.2527924641623313,4.400091648101807,4.399871349334717,4.399995615903069,0.5635761556600931,789.4363863859326,170,4.400015354156494,4.400091648101807,7.62939453125e-05,789.4363863859326,170,0.9345432122548422,194.0,0.2242903709411621
753,2.3178737783079056e-09,-0.0726002285071003,4.400088787078857,4.399863243103027,4.399974142598827,-0.1755762238116447,793.8455455452204,171,4.399960041046143,4.400015354156494,5.53131103515625e-05,793.8455455452204,171,0.9351076558232309,193.0,0.2244258373975753
754,2.417695939694051e-09,-1.0317396770364249,4.400091648101807,4.399867057800293,4.400018240423764,1.2811201460189865,789.529429430142,170,4.400015354156494,4.400015354156494,0.0,789.529429430142,170,0.9338577588399252,192.0,0.224125862121582
755,1.526054550670065e-09,0.4415864735628824,4.400091648101807,4.399869441986084,4.399974382411667,0.6209562633431238,792.7020020019263,171,4.399939060211182,4.400091648101807,0.000152587890625,792.7020020019263,171,0.9338161597649256,191.0,0.2241158783435821
756,2.824812515506295e-09,0.0450957829025547,4.40009069442749,4.399867057800293,4.399970852143583,-0.5631142140844223,793.8370370361954,171,4.399870872497559,4.400015354156494,0.0001444816589355,793.8370370361954,171,0.9331559762358664,190.0,0.2239574342966079
757,1.6635725899147924e-09,-0.407025787382528,4.400091648101807,4.399868011474609,4.40001144186098,1.0627256144767043,793.5443443451077,171,4.399939060211182,4.400015354156494,7.62939453125e-05,793.5443443451077,171,0.9330953781803448,189.0,0.2239428907632827
758,4.030635686789137e-09,-0.1657234052578852,4.400157451629639,4.399862766265869,4.399990090152674,-0.2675341273064324,793.3333333339542,171,4.399888038635254,4.400015354156494,0.0001273155212402,793.3333333339542,171,0.9320871904492378,188.0,0.223700925707817
759,2.0347979363833202e-09,0.0190598259366453,4.400161266326904,4.399866580963135,4.400012373924255,1.5081059296595272,797.8545045051724,172,4.39999532699585,4.400015354156494,2.002716064453125e-05,797.8545045051724,172,0.9315850213170052,187.0,0.2235804051160812
760,2.258167324225866e-09,0.322407868343995,4.400091648101807,4.399867057800293,4.399987772453663,-0.3734292391239107,798.6316216215491,172,4.399948596954346,4.400015354156494,6.67572021484375e-05,798.6316216215491,172,0.9314538290103276,186.0,0.2235489189624786
761,3.015192476674651e-09,-0.1953123760136419,4.400091648101807,4.39986515045166,4.3999899764393655,-0.41615272939163,797.5549549553543,172,4.400015354156494,4.399939060211182,-7.62939453125e-05,797.5549549553543,172,0.931247944633166,185.0,0.2234995067119598
762,1.909910203672394e-09,0.0555829023429483,4.400091648101807,4.399868488311768,4.399977325704056,-0.3688903417846858,802.7596396394074,173,4.399956703186035,4.400091648101807,0.0001349449157714,802.7596396394074,173,0.9302854537963868,184.0,0.2232685089111328
763,2.3148188740207916e-09,0.4142075441052487,4.400091648101807,4.399869441986084,4.3999794425302845,-0.0558492292862093,802.3825825825334,173,4.399939060211182,4.399939060211182,0.0,802.3825825825334,173,0.9299229209621748,183.0,0.2231815010309219
764,3.460568441325091e-09,-0.3641740191290495,4.400167942047119,4.399787902832031,4.399995889277816,1.625822367783961,802.0003603603691,173,4.400015354156494,4.400015354156494,0.0,802.0003603603691,173,0.9299476941426597,182.0,0.2231874465942382
765,2.6408805645509675e-09,1.0073442264893973,4.400160312652588,4.399939060211182,4.400000348945573,1.029174048635154,802.0847247242928,173,4.400046348571777,4.400015354156494,-3.0994415283203125e-05,802.0847247242928,173,0.9290330732862156,181.0,0.2229679375886917
766,2.006920516466257e-09,-0.6065686650852483,4.400088310241699,4.399862766265869,4.3999763885674446,0.4872529351871804,801.9642042033374,173,4.399939060211182,4.400015354156494,7.62939453125e-05,801.9642042033374,173,0.9283748765786488,180.0,0.2228099703788757
767,3.3192169607905e-09,0.1476134353347396,4.4001641273498535,4.399873733520508,4.400010188879994,-0.3920680876253222,802.454894894734,173,4.399939060211182,4.400015354156494,7.62939453125e-05,802.454894894734,173,0.9282374754548072,179.0,0.2227769941091537
768,1.999028134707781e-09,0.755954366542337,4.40009069442749,4.399864196777344,4.39996075630188,0.4568286387588225,796.1513513512909,172,4.399889945983887,4.399939060211182,4.9114227294921875e-05,796.1513513512909,172,0.9273229166865348,178.0,0.2225575000047683
769,5.086553666842399e-09,0.0711112730053919,4.400167465209961,4.399792194366455,4.399981997478967,0.3828234577227003,806.2232932932675,174,4.400167465209961,4.400015354156494,-0.0001521110534667,806.2232932932675,174,0.9266522402564684,177.0,0.2223965376615524
770,2.289393847598541e-09,0.0759954571428233,4.40009069442749,4.399864196777344,4.399986030033657,-0.4155083477075711,811.930330330506,175,4.399939060211182,4.400015354156494,7.62939453125e-05,811.930330330506,175,0.9263499329487483,176.0,0.2223239839076995
771,2.985175811342087e-09,0.2036597267157564,4.400091648101807,4.399867057800293,4.399978439242854,-0.0855810777068795,800.8777977973223,173,4.400015354156494,4.400015354156494,0.0,800.8777977973223,173,0.9249959761897724,175.0,0.2219990342855453
772,3.504936503364371e-09,-0.0750330973061705,4.400091648101807,4.399788856506348,4.399984051840646,0.0594009319886237,810.2739339340478,175,4.4000020027160645,4.399939060211182,-6.29425048828125e-05,810.2739339340478,175,0.9246210257212322,174.0,0.2219090461730957
773,4.034458879612338e-09,0.1379357177127422,4.4001593589782715,4.399865627288818,4.399998792920794,-0.6975082002615562,810.8887687698007,175,4.399955749511719,4.400015354156494,5.9604644775390625e-05,810.8887687698007,175,0.9243064870436988,173.0,0.2218335568904876
774,1.951752058441532e-09,0.0719681212775567,4.400085926055908,4.399863243103027,4.3999631540341815,-0.0173915832824103,815.2530030030757,176,4.399932384490967,4.400015354156494,8.296966552734375e-05,815.2530030030757,176,0.9237606699268024,172.0,0.2217025607824325
775,2.378003078888282e-09,-0.3721977372212542,4.400091648101807,4.399867057800293,4.40001927784511,-0.1276448589968435,809.7444444447756,175,4.399941444396973,4.400015354156494,7.390975952148438e-05,809.7444444447756,175,0.923144134382407,171.0,0.2215545922517776
776,2.241753457843964e-09,0.2106660231035469,4.400091648101807,4.399862766265869,4.39996399120851,0.1788989272752399,815.200450450182,176,4.400009632110596,4.400091648101807,8.20159912109375e-05,815.200450450182,176,0.9228356803456944,170.0,0.2214805632829666
777,2.594783179663321e-09,-0.1447132895952202,4.40009069442749,4.399866580963135,4.399994132193652,-0.6166122864010455,813.6921921912581,176,4.40009069442749,4.399939060211182,-0.0001516342163085,813.6921921912581,176,0.9221126014987628,169.0,0.221307024359703
778,3.436148578255999e-09,0.234217264179476,4.400166034698486,4.399862766265869,4.400003652681004,-0.0942439553298655,814.1599099095911,176,4.399960994720459,4.399862766265869,-9.822845458984376e-05,814.1599099095911,176,0.921890139579773,168.0,0.2212536334991455
779,2.4525989980107312e-09,0.1096512675590801,4.40009069442749,4.39986515045166,4.399990010942732,-0.7457434331169686,808.7185585591942,175,4.400015354156494,4.400015354156494,0.0,808.7185585591942,175,0.9218171859780948,167.0,0.2212361246347427
780,2.2955395338395804e-09,0.0597804778501282,4.400088310241699,4.399866580963135,4.399974039045431,-0.425054087727613,819.8217417411506,177,4.3999457359313965,4.400015354156494,6.961822509765625e-05,819.8217417411506,177,0.920869161685308,166.0,0.2210085988044738
781,2.4986177861079623e-09,0.8760278856815759,4.400151252746582,4.399939060211182,4.399992104977538,0.198320165873636,818.8439639639109,177,4.39999532699585,4.399939060211182,-5.626678466796875e-05,818.8439639639109,177,0.9212213257948558,165.0,0.2210931181907653
782,2.661676227821232e-09,-0.0327472186848255,4.400091648101807,4.399865627288818,4.400006763005661,-0.7360982417991071,820.1230030022562,177,4.399951457977295,4.400091648101807,0.0001401901245117,820.1230030022562,177,0.920515259106954,164.0,0.2209236621856689
783,2.02327384863834e-09,0.4253522270101786,4.400091648101807,4.3998637199401855,4.399982748732055,0.2008057345621572,818.1586386393756,177,4.399953842163086,4.399939060211182,-1.4781951904296877e-05,818.1586386393756,177,0.919771504898866,163.0,0.2207451611757278
784,2.0119566217361024e-09,0.110423285250278,4.400091648101807,4.39986515045166,4.399972371462375,0.0806828858799963,819.5046246238053,177,4.399904727935791,4.400091648101807,0.0001869201660156,819.5046246238053,177,0.9198361386855444,162.0,0.2207606732845306
785,3.038997908198841e-09,0.2586075881818911,4.400152206420898,4.399865627288818,4.399986091980153,0.249084969189044,818.491611611098,177,4.399983882904053,4.400091648101807,0.0001077651977539,818.491611611098,177,0.919377865890662,161.0,0.2206506878137588
786,3.6949948238329852e-09,0.0094748753565708,4.40009069442749,4.399862766265869,4.399982227368302,-0.9701725872983472,823.3919519521296,178,4.399960994720459,4.399862766265869,-9.822845458984376e-05,823.3919519521296,178,0.9188735236724218,160.0,0.2205296456813812
787,2.389361013969687e-09,-0.0168884683952141,4.400086402893066,4.399863243103027,4.399968869193306,-0.2208028571692377,827.8924324326217,179,4.399939060211182,4.399939060211182,0.0,827.8924324326217,179,0.9184484680493672,159.0,0.2204276323318481
788,2.978918787374303e-09,0.2859893973674823,4.400091648101807,4.399869918823242,4.399989339742768,-0.5864735593849502,822.8338438440114,178,4.399951934814453,4.400015354156494,6.341934204101562e-05,822.8338438440114,178,0.9179840485254924,158.0,0.2203161716461181
789,2.179938184059622e-09,-0.3797394391765675,4.400091171264648,4.3998637199401855,4.399989405157846,0.1245110829164928,828.1418818812817,179,4.400015354156494,4.399939060211182,-7.62939453125e-05,828.1418818812817,179,0.9174590309460958,157.0,0.220190167427063
790,3.072182130282926e-09,0.7562070217285644,4.400166034698486,4.3998703956604,4.399995390929323,0.8771417505925552,827.8318518511951,179,4.3999552726745605,4.400015354156494,6.008148193359375e-05,827.8318518511951,179,0.9168832873304684,156.0,0.2200519889593124
791,2.4128126928385222e-09,0.3134754534489283,4.400085926055908,4.399863243103027,4.399966520733304,-0.1660601176001903,832.8230330329388,180,4.400050163269043,4.399939060211182,-0.0001111030578613,832.8230330329388,180,0.9163570900758108,155.0,0.2199257016181945
792,1.7083595067995104e-09,-0.4221217583072729,4.400091648101807,4.399865627288818,4.399989170498318,0.5707814984723609,832.4127127137035,180,4.400015354156494,4.399939060211182,-7.62939453125e-05,832.4127127137035,180,0.9168444822231928,154.0,0.2200426757335662
793,3.102040078038083e-09,0.2603387435295411,4.400157928466797,4.399866104125977,4.3999792920218574,0.2611606827262518,833.4125325325876,180,4.399972915649414,4.400015354156494,4.2438507080078125e-05,833.4125325325876,180,0.9156547486782074,153.0,0.2197571396827697
794,1.5028254186712443e-09,0.3806129752776453,4.400091648101807,4.399939060211182,4.3999900658925375,-0.3399087914455951,832.2819119114429,180,4.399939060211182,4.400091648101807,0.000152587890625,832.2819119114429,180,0.9150384614864986,152.0,0.2196092307567596
795,3.1304550531089158e-09,0.686257284988062,4.400147914886475,4.399863243103027,4.399964353656242,0.5955646908034331,837.5135135129094,181,4.399939060211182,4.399939060211182,0.0,837.5135135129094,181,0.9147383893529576,151.0,0.2195372134447097
796,4.6251574209608285e-09,-0.4570733344226466,4.400091648101807,4.399789810180664,4.399982844927035,-0.2601931112102433,837.8378378376365,181,4.399982929229736,4.399939060211182,-4.38690185546875e-05,837.8378378376365,181,0.9144822756449382,150.0,0.2194757461547851
797,2.8202852706650075e-09,-0.4927508602618939,4.400091648101807,4.399862766265869,4.399988925259416,0.0536823030416169,837.7909909915179,181,4.400015354156494,4.400091648101807,7.62939453125e-05,837.7909909915179,181,0.9138092398643494,149.0,0.2193142175674438
798,3.487719367305775e-09,0.0216731058074263,4.400088310241699,4.399862766265869,4.39997129545686,-0.6417528968826591,836.6216216217726,181,4.399975299835205,4.400015354156494,4.00543212890625e-05,836.6216216217726,181,0.9130883341034254,148.0,0.219141200184822
799,1.4357571061463136e-09,-0.0600622621915228,4.400086402893066,4.399867534637451,4.399983115248627,0.1399956182709592,841.4688188191503,182,4.399908542633057,4.400015354156494,0.0001068115234375,841.4688188191503,182,0.9126614158352216,147.0,0.2190387398004531
800,2.6451714143893795e-09,0.4652106411165896,4.400091648101807,4.399869441986084,4.3999774639423075,-0.6393072849916783,842.2243443448097,182,4.40005350112915,4.400091648101807,3.814697265625e-05,842.2243443448097,182,0.9123220418890318,146.0,0.2189572900533676
801,3.0538189302741294e-09,-0.509950660956093,4.400085926055908,4.399800777435303,4.39998043176219,0.6389786893733724,835.3657657653093,181,4.400051116943359,4.399939060211182,-0.0001120567321777,835.3657657653093,181,0.9117363020777702,145.0,0.2188167124986648
802,3.174390766833835e-09,-0.156750322389793,4.40016508102417,4.399868011474609,4.399999045283416,0.2241968298991259,845.8463663663715,183,4.399971008300781,4.400015354156494,4.4345855712890625e-05,845.8463663663715,183,0.9118509789307911,144.0,0.2188442349433899
803,2.248516749801236e-09,0.082325486732275,4.400090217590332,4.39986515045166,4.399968968063105,-0.4760131661096425,846.7263063061982,183,4.400055408477783,4.399939060211182,-0.0001163482666015,846.7263063061982,183,0.9110116089383762,143.0,0.2186427861452102
804,1.726521200645296e-09,-0.0193755686090141,4.400087833404541,4.399865627288818,4.399994821496349,0.1563248015173419,846.2125525530428,183,4.399990558624268,4.399939060211182,-5.14984130859375e-05,846.2125525530428,183,0.9108468890190125,142.0,0.218603253364563
805,2.703990131744667e-09,0.391573460256569,4.400153160095215,4.399866580963135,4.399986384344882,0.1404746444322477,846.6006006002426,183,4.399956226348877,4.400015354156494,5.91278076171875e-05,846.6006006002426,183,0.9102409705519676,141.0,0.2184578329324722
806,2.90778274171968e-09,0.4481033826805753,4.4001665115356445,4.399868488311768,4.39998217619182,0.2888575417956462,844.9026626627892,183,4.399986267089844,4.400015354156494,2.9087066650390625e-05,844.9026626627892,183,0.9097530196110408,140.0,0.2183407247066497
807,2.0981178369087922e-09,0.1011899413012826,4.400091648101807,4.399875640869141,4.400001601032589,-0.2852746824293399,850.9774774778634,184,4.400015354156494,4.399939060211182,-7.62939453125e-05,850.9774774778634,184,0.9097281843423844,139.0,0.2183347642421722
808,1.975729303557448e-09,-0.4281730615671049,4.400086879730225,4.399867534637451,4.40000013164852,0.1618317562012761,850.5305105112493,184,4.399990081787109,4.399939060211182,-5.1021575927734375e-05,850.5305105112493,184,0.907563790678978,138.0,0.2178153097629547
809,3.832313671417274e-09,-0.6680756194375536,4.400091171264648,4.399791717529297,4.399970552083608,0.566385304010002,854.8043243233114,185,4.400015354156494,4.399862766265869,-0.000152587890625,854.8043243233114,185,0.9074380000432332,137.0,0.2177851200103759
810,3.429175602726596e-09,-0.1103055208110488,4.400091648101807,4.399865627288818,4.399990849881559,-0.5435391066254995,854.016016015783,185,4.399974822998047,4.400015354156494,4.0531158447265625e-05,854.016016015783,185,0.9069928278525672,136.0,0.2176782786846161
811,4.605989139539565e-09,-0.6799497681129902,4.400091648101807,4.399792194366455,4.399992783005173,0.2829294575968837,854.069429429248,185,4.399973392486572,4.399939060211182,-3.4332275390625e-05,854.069429429248,185,0.9066491077343624,135.0,0.2175957858562469
812,2.4147722973911743e-09,-0.60822789433767,4.400091648101807,4.3998637199401855,4.399986849036268,-0.1187628830861839,859.138888888061,186,4.400015354156494,4.400091648101807,7.62939453125e-05,859.138888888061,186,0.906457689901193,134.0,0.2175498455762863
813,1.9782113978873095e-09,0.1050415579811875,4.400167942047119,4.399868965148926,4.40000335631832,0.9867726357379628,859.7444444447756,186,4.400015354156494,4.400167942047119,0.000152587890625,859.7444444447756,186,0.905862015982469,133.0,0.2174068838357925
814,3.18519084769702e-09,0.3105341349004103,4.400167465209961,4.39986515045166,4.399997490708546,-0.1660088478436203,858.6351851858199,186,4.399955749511719,4.400015354156494,5.9604644775390625e-05,858.6351851858199,186,0.9058973441521329,132.0,0.2174153625965118
815,2.7202264960561322e-09,-0.9095601592803776,4.400091171264648,4.399862766265869,4.400003156354351,0.8516332386595042,858.2555555552244,186,4.400015354156494,4.400015354156494,0.0,858.2555555552244,186,0.905522145330906,131.0,0.2173253148794174
816,3.6049284475874093e-09,-0.2439485780008153,4.400167942047119,4.399799346923828,4.399985321106449,0.5310785506649349,860.2425925917923,186,4.400015354156494,4.400167942047119,0.000152587890625,860.2425925917923,186,0.9054452801744144,130.0,0.2173068672418594
817,3.928783672042483e-09,-0.3361369433993196,4.400165557861328,4.399794578552246,4.399970269972278,0.855821902610181,858.0592592600733,186,4.400015354156494,4.400015354156494,0.0,858.0592592600733,186,0.9044159824649494,129.0,0.2170598357915878
818,1.575247281423158e-09,-0.9502551750086812,4.400015354156494,4.399862766265869,4.399969473242122,0.5707729938621173,864.512732733041,187,4.400003433227539,4.399939060211182,-6.437301635742188e-05,864.512732733041,187,0.9047267958521844,128.0,0.2171344310045242
819,4.1457535646422545e-09,-0.1324533860380758,4.400091648101807,4.399787902832031,4.399975692072222,-0.3183475971447129,857.787037037313,186,4.400091648101807,4.399939060211182,-0.000152587890625,857.787037037313,186,0.903995583454768,127.0,0.2169589400291443
820,3.161377920289319e-09,-0.1066331160265227,4.400091648101807,4.399865627288818,4.39999264813541,-0.617347045803196,869.6298798806965,178,4.39996862411499,4.400091648101807,0.0001230239868164,869.6298798806965,178,0.9210798889398576,126.0,0.2210591733455658
821,1.5078950100287506e-09,-0.6005010980557453,4.400087356567383,4.399871349334717,4.3999883087959075,0.804387394051302,843.3135135136545,181,4.399939060211182,4.400015354156494,7.62939453125e-05,843.3135135136545,181,0.9195191785693168,125.0,0.220684602856636
822,3.0647851947438527e-09,-0.1638445301077046,4.400091648101807,4.399862766265869,4.399994325901264,-0.4473813098878696,842.1369369365275,181,4.399958610534668,4.400015354156494,5.6743621826171875e-05,842.1369369365275,181,0.9182735656698544,124.0,0.220385655760765
823,3.727575244458315e-09,0.2719372946949223,4.400163650512695,4.399866104125977,4.399987184084379,-0.308662062017889,847.1887087095529,182,4.399999618530273,4.400015354156494,1.5735626220703125e-05,847.1887087095529,182,0.917388250430425,123.0,0.220173180103302
824,2.4237741216185103e-09,0.3694707402865498,4.400091648101807,4.399865627288818,4.3999750928564385,0.0307128941460756,846.2846146151423,182,4.400015354156494,4.400015354156494,0.0,846.2846146151423,182,0.915950785080592,122.0,0.219828188419342
825,3.856867045794791e-09,0.0590832964495884,4.400167465209961,4.399865627288818,4.400010443252066,-0.6587686818922847,856.2769669666886,184,4.399939060211182,4.400015354156494,7.62939453125e-05,856.2769669666886,184,0.9150988111893336,121.0,0.21962371468544
826,3.1780262470291094e-09,0.9582657116320572,4.400162220001221,4.399872303009033,4.399990780106008,0.427087295063778,850.2096296288073,183,4.3999924659729,4.400015354156494,2.288818359375e-05,850.2096296288073,183,0.9145510072509448,120.0,0.2194922417402267
827,2.429458057922403e-09,0.9712544493595509,4.4001665115356445,4.399939060211182,4.399997532367706,0.920503342498177,854.7309009004384,184,4.400002956390381,4.400015354156494,1.239776611328125e-05,854.7309009004384,184,0.910515896975994,119.0,0.2185238152742386
828,2.06276784920662e-09,-0.0141972805580464,4.400091171264648,4.399879455566406,4.4000003015672835,-0.5713692410286657,858.6906106099486,185,4.400015354156494,4.400015354156494,0.0,858.6906106099486,185,0.909369873503844,118.0,0.2182487696409225
829,2.1262063792383936e-09,-0.1475941618510459,4.400091171264648,4.399867057800293,4.400002207807315,-0.3672158023448193,863.6870370376855,186,4.3999528884887695,4.399939060211182,-1.3828277587890623e-05,863.6870370376855,186,0.9087055921554564,117.0,0.2180893421173095
830,2.539820305840227e-09,-0.35119861265367,4.400089263916016,4.3998637199401855,4.399988225711289,-0.1827354442988893,861.9777777772397,186,4.4000773429870605,4.400015354156494,-6.198883056640625e-05,861.9777777772397,186,0.907799353202184,116.0,0.2178718447685241
831,4.1258386473895585e-09,0.6746329843071277,4.400163173675537,4.399862766265869,4.399992800013904,0.5526506337537853,867.9106306303293,187,4.399950981140137,4.399939060211182,-1.1920928955078123e-05,867.9106306303293,187,0.9072736526528996,115.0,0.2177456766366958
832,2.313179393193115e-09,0.1593619894883908,4.400166988372803,4.399873733520508,4.400011536922861,0.5720626054511149,873.0541441440582,188,4.399939060211182,4.400091648101807,0.000152587890625,873.0541441440582,188,0.9069275731841724,114.0,0.2176626175642013
833,1.6496836572986622e-09,0.4548718903675666,4.400091648101807,4.399939060211182,4.399988126247488,-0.560585797493145,872.4794794786721,188,4.400020122528076,4.400015354156494,-4.76837158203125e-06,872.4794794786721,188,0.905975823601087,113.0,0.2174341976642608
834,2.807550018203535e-09,-0.3640885420968649,4.400088787078857,4.399862766265869,4.3999787512279696,-0.2641613634174962,877.5158758759499,189,4.399947643280029,4.400015354156494,6.771087646484375e-05,877.5158758759499,189,0.905190035700798,112.0,0.2172456085681915
835,2.0561464565694526e-09,-0.8384544322774492,4.40009069442749,4.399866580963135,4.399988542788874,0.331169567008696,875.938858859241,189,4.399956226348877,4.399939060211182,-1.71661376953125e-05,875.938858859241,189,0.9043734520673752,111.0,0.21704962849617
836,3.879633503850581e-09,0.539592960107152,4.400167942047119,4.399862766265869,4.39999262069134,1.241820319153243,870.3099799808115,188,4.400015354156494,4.399939060211182,-7.62939453125e-05,870.3099799808115,188,0.903539111216863,110.0,0.2168493866920471
837,2.8077041862837802e-09,0.0062640854074321,4.400091171264648,4.39986515045166,4.39998399057696,-0.5453996479803571,862.5666666664183,186,4.399975299835205,4.399939060211182,-3.62396240234375e-05,862.5666666664183,186,0.9053076306978862,109.0,0.2172738313674926
838,2.709765912400706e-09,0.5157351326283315,4.400163650512695,4.399863243103027,4.400005570164433,1.205274781983923,877.369089089334,189,4.399878025054932,4.400091648101807,0.000213623046875,877.369089089334,189,0.9043683608373008,108.0,0.2170484066009521
839,1.640509028833227e-09,0.5860034232947415,4.400153160095215,4.399864196777344,4.399982371658244,2.5169538953211226,876.3811011016369,189,4.399962425231934,4.400015354156494,5.2928924560546875e-05,876.3811011016369,189,0.9038255239526432,107.0,0.2169181257486343
840,3.3043211464402294e-09,0.0973336998402914,4.400091648101807,4.399862766265869,4.399977927458914,-0.473536895213428,880.5829729735851,190,4.400045394897461,4.399939060211182,-0.0001063346862792,880.5829729735851,190,0.9033256520827612,106.0,0.2167981564998626
841,1.8080445997709807e-09,0.6620018783602886,4.400091648101807,4.399868488311768,4.399979955271671,0.4171466822832088,879.3854054063559,190,4.4000067710876465,4.400015354156494,8.58306884765625e-06,879.3854054063559,190,0.902769776682059,105.0,0.2166647464036941
842,2.866244959614516e-09,-0.0581219841986235,4.40008544921875,4.39979362487793,4.399971714726201,0.3259281627580153,873.831151150167,189,4.399939060211182,4.400015354156494,7.62939453125e-05,873.831151150167,189,0.9017926330367724,104.0,0.2164302319288253
843,2.616607630981506e-09,-0.3480149707537493,4.400091648101807,4.399864673614502,4.400000082752692,-0.1860339849577457,872.6756756752729,189,4.399939060211182,4.400015354156494,7.62939453125e-05,872.6756756752729,189,0.9013338014483452,103.0,0.2163201123476028
844,3.1603488541416795e-09,0.2758717225162298,4.400167465209961,4.399871349334717,4.400003920156489,-0.6040074863321263,873.4961761757731,189,4.400091648101807,4.400015354156494,-7.62939453125e-05,873.4961761757731,189,0.9018465255697568,102.0,0.2164431661367416
845,2.3259202543766063e-09,0.2137141264313087,4.400091648101807,4.399939060211182,4.400006004111477,-0.96699599179121,873.1875475477427,189,4.399983882904053,4.399939060211182,-4.482269287109375e-05,873.1875475477427,189,0.9022381777564684,101.0,0.2165371626615524
846,3.945838898570928e-09,-0.6170509909076889,4.400091648101807,4.3997883796691895,4.3999806610995496,0.5800280494839494,873.360680680722,189,4.400084018707275,4.400015354156494,-6.866455078125e-05,873.360680680722,189,0.9016214559475582,100.0,0.2163891494274139
847,3.116766672786561e-09,0.3889450205177914,4.400163650512695,4.399868965148926,4.400006276589853,0.1078938506747895,872.9560760762542,189,4.400016784667969,4.400015354156494,-1.430511474609375e-06,872.9560760762542,189,0.9010770668586096,99.0,0.2162584960460662
848,3.368722559144464e-09,0.0715201139108334,4.400163173675537,4.399862766265869,4.399997137962504,0.627962348025072,867.1839539539069,188,4.400070667266846,4.400091648101807,2.09808349609375e-05,867.1839539539069,188,0.9015330423911412,98.0,0.2163679301738739
849,3.331276030491383e-09,0.218994344267469,4.400153636932373,4.399866104125977,4.39998650804479,-0.129522108251979,867.4198098089546,188,4.400118350982666,4.399939060211182,-0.0001792907714843,867.4198098089546,188,0.9015434111158054,97.0,0.2163704186677932
850,1.939065219935658e-09,0.2873048435070393,4.400089740753174,4.399864673614502,4.399957953001324,-0.0422968165345296,878.8159459456801,190,4.399939060211182,4.400015354156494,7.62939453125e-05,878.8159459456801,190,0.903428780535857,96.0,0.2168229073286056
851,4.077828687279756e-09,0.0494711461003067,4.400160312652588,4.399862766265869,4.4000072859703225,-0.0263381901649917,869.4695095103234,188,4.400015354156494,4.400015354156494,0.0,869.4695095103234,188,0.9031683827439944,95.0,0.2167604118585586
852,2.0993043513965e-09,-0.2463956762281448,4.400087356567383,4.399865627288818,4.399985092751523,0.0081704775620332,869.5237937942147,188,4.399940013885498,4.400015354156494,7.534027099609375e-05,869.5237937942147,188,0.9030786032478016,94.0,0.2167388647794723
853,1.4617876877475322e-09,0.2021071317648436,4.400091648101807,4.399869441986084,4.399975051271155,0.2933059209860542,869.4077377375215,188,4.400012969970703,4.400091648101807,7.867813110351562e-05,869.4077377375215,188,0.9025683626532556,93.0,0.2166164070367813
854,3.211338090685396e-09,0.0906556208806072,4.4001641273498535,4.399864196777344,4.399988603591919,0.3274281637832579,880.2386486493051,190,4.400014400482178,4.400015354156494,9.5367431640625e-07,880.2386486493051,190,0.902139333387216,92.0,0.2165134400129318
855,2.98775311389763e-09,0.3585223000187809,4.400155067443848,4.399868011474609,4.399986847367867,0.1498128592676368,873.9064264260232,189,4.39995813369751,4.399939060211182,-1.9073486328125e-05,873.9064264260232,189,0.9018495678901672,91.0,0.2164438962936401
856,2.393978163716672e-09,-0.6807958828326135,4.400090217590332,4.399862766265869,4.399995021719151,0.6229148635932842,873.7445845846087,189,4.399862766265869,4.399939060211182,7.62939453125e-05,873.7445845846087,189,0.9020849441488584,90.0,0.216500386595726
857,3.494453654191798e-09,0.1064263760677455,4.400166988372803,4.399867057800293,4.400000120464124,-0.2202969543601276,881.4494594596326,190,4.399923324584961,4.399939060211182,1.5735626220703125e-05,881.4494594596326,190,0.9023457765579224,89.0,0.2165629863739013
858,2.533314939803243e-09,0.2378512894419869,4.400091648101807,4.399864196777344,4.399976583237343,-0.1050800101201172,869.4302002005279,188,4.400060176849365,4.400015354156494,-4.482269287109375e-05,869.4302002005279,188,0.9021792560815812,88.0,0.2165230214595794
859,2.749152699675305e-09,-0.4100623298878515,4.40009069442749,4.399862766265869,4.399987243591471,-0.3489733933497674,869.5406406410038,188,4.400015354156494,4.399862766265869,-0.000152587890625,869.5406406410038,188,0.9020164608955384,87.0,0.2164839506149292
860,2.831756276679699e-09,-1.129497601695006,4.40008544921875,4.3997979164123535,4.399973285959122,1.5777761845785268,869.2486286293715,188,4.399892807006836,4.399939060211182,4.6253204345703125e-05,869.2486286293715,188,0.901789280275504,86.0,0.2164294272661209
861,1.7879910425395655e-09,0.0546335872824671,4.400091171264648,4.399939060211182,4.400001951988707,-0.7657925669783938,869.4994594603777,188,4.399939060211182,4.399939060211182,0.0,869.4994594603777,188,0.9016313900550208,85.0,0.2163915336132049
862,2.478612743780719e-09,-0.0403641643369415,4.400091171264648,4.399862766265869,4.399981907073488,-0.3292531253885351,869.7203403413296,188,4.399967193603516,4.399862766265869,-0.0001044273376464,869.7203403413296,188,0.9011685227354368,84.0,0.2162804454565048
863,3.005366088506e-09,-0.1453064659463153,4.400091648101807,4.3998637199401855,4.3999967095713135,-0.3565181811508906,874.6572972964495,189,4.400018215179443,4.400091648101807,7.343292236328125e-05,874.6572972964495,189,0.9007643287380536,83.0,0.2161834388971328
864,2.4200017246230278e-09,-0.3118600079900476,4.400089740753174,4.399866580963135,4.399994320339626,-0.2915849072884438,874.7269269265234,189,4.399982452392578,4.400015354156494,3.2901763916015625e-05,874.7269269265234,189,0.900581106543541,82.0,0.2161394655704498
865,1.6741721583800535e-09,0.3789675007669234,4.40008544921875,4.399864673614502,4.3999801640788085,-0.1501453530564256,875.159759759903,189,4.399991035461426,4.399939060211182,-5.1975250244140625e-05,875.159759759903,189,0.9000895544886589,81.0,0.2160214930772781
866,1.438492048781736e-09,0.0466499651221944,4.40009069442749,4.399939060211182,4.399999320822418,-0.4078296361911429,875.1578778773546,189,4.40001106262207,4.399939060211182,-7.200241088867188e-05,875.1578778773546,189,0.8999699105819067,80.0,0.2159927785396576
867,1.5424341852286951e-09,-0.0162648373598069,4.40008544921875,4.399864196777344,4.399984107446418,-0.2994642571359049,874.9188788793981,189,4.399991512298584,4.400015354156494,2.384185791015625e-05,874.9188788793981,189,0.8997372662027677,79.0,0.2159369438886642
868,3.267309441906406e-09,-0.3774659334412739,4.400091648101807,4.399864196777344,4.39999562815616,-0.4534411057696315,880.0891891885549,190,4.399941921234131,4.400015354156494,7.343292236328125e-05,880.0891891885549,190,0.89897271245718,78.0,0.2157534509897232
869,2.453946531889661e-09,-0.0764438338718751,4.400089740753174,4.399863243103027,4.399997701142963,-0.5999126230154412,879.9624324329197,190,4.39994478225708,4.399939060211182,-5.7220458984375e-06,879.9624324329197,190,0.8980980142951012,77.0,0.2155435234308242
870,3.2757435344172515e-09,-0.7562836224689558,4.400091648101807,4.399789810180664,4.399983989949129,0.5827687638737125,914.3996996991336,196,4.400015354156494,4.400091648101807,7.62939453125e-05,914.3996996991336,196,0.8961791172623634,76.0,0.2150829881429672
871,3.2317362572253162e-09,-0.0556693084425305,4.400152683258057,4.399791240692139,4.399980826699054,1.257540190746918,896.1479879878461,193,4.399992942810059,4.400015354156494,2.2411346435546875e-05,896.1479879878461,193,0.895289828379949,75.0,0.2148695588111877
872,3.6196867863438703e-09,-0.0175963265363214,4.400161266326904,4.399796009063721,4.399987759367789,1.3651598371295868,894.8737537544221,193,4.400001049041748,4.400091648101807,9.059906005859376e-05,894.8737537544221,193,0.8951294546326002,74.0,0.214831069111824
873,3.853426573488625e-09,0.7326898948712705,4.400166988372803,4.3998703956604,4.399990586086093,0.2797804822477325,884.8769769761711,191,4.399939060211182,4.399939060211182,0.0,884.8769769761711,191,0.8954041327039401,73.0,0.2148969918489456
874,5.16924022679196e-09,-0.3122644071521365,4.400091648101807,4.399791240692139,4.399972650193677,-0.5581824969738309,901.9050350356848,194,4.399979114532471,4.399862766265869,-0.0001163482666015,901.9050350356848,194,0.8943939581513405,72.0,0.2146545499563217
875,2.988302745151312e-09,-0.5187096654014035,4.400089740753174,4.39979362487793,4.399988248558242,0.6985080280366711,895.3772972971201,193,4.400015354156494,4.400015354156494,0.0,895.3772972971201,193,0.8942731966574987,71.0,0.2146255671977996
876,3.6095480979340747e-09,-0.3323436852429844,4.400091648101807,4.399866104125977,4.400003983802402,-0.745610903411293,900.9970270264894,194,4.400049686431885,4.400091648101807,4.1961669921875e-05,900.9970270264894,194,0.8931358655293783,70.0,0.2143526077270507
877,2.2104789386362028e-09,-0.3580941635433258,4.400089740753174,4.399862766265869,4.399988300442078,0.0587525505280486,896.2959759756923,193,4.399957180023193,4.400015354156494,5.817413330078125e-05,896.2959759756923,193,0.8924422164758047,69.0,0.2141861319541931
878,3.635863980500706e-09,-0.7595364465998738,4.400091648101807,4.39979362487793,4.399994692851588,1.0833421335049471,899.573193192482,194,4.399939060211182,4.400091648101807,0.000152587890625,899.573193192482,194,0.891506423552831,68.0,0.2139615416526794
879,3.348315303514898e-09,0.2064836489663604,4.400165557861328,4.399868011474609,4.400000241895516,-0.1256397515074105,887.2188988979906,192,4.399986743927002,4.400091648101807,0.0001049041748046,887.2188988979906,192,0.8906005571285884,67.0,0.2137441337108612
880,4.527718876961111e-09,-0.2327955496068375,4.400091648101807,4.399794101715088,4.399979330599308,-0.1519392774465884,886.8957857862115,192,4.399954319000244,4.400015354156494,6.103515625e-05,886.8957857862115,192,0.8900756637255351,66.0,0.2136181592941284
881,1.6297730388429914e-09,-0.2670468851397811,4.400088787078857,4.399866580963135,4.39998098729188,0.2171220842019194,891.892852852121,193,4.399913311004639,4.400015354156494,0.0001020431518554,891.892852852121,193,0.8895820006728172,65.0,0.2134996801614761
882,2.721857625489531e-09,0.732967342188712,4.400155544281006,4.399868965148926,4.399981819903912,0.765950663500786,892.2176576573402,193,4.400083541870117,4.400015354156494,-6.818771362304688e-05,892.2176576573402,193,0.8888175711035728,64.0,0.2133162170648574
883,3.300805365704369e-09,-0.1716593336683673,4.400091648101807,4.3998637199401855,4.399996144076188,-0.639608860570553,887.0850650649518,192,4.399930477142334,4.400015354156494,8.487701416015625e-05,887.0850650649518,192,0.8874633659919103,63.0,0.2129912078380584
884,2.963932209241522e-09,-0.0283768439068108,4.400088787078857,4.399862766265869,4.399974585814797,-0.4885753602102221,891.7160360366106,193,4.400026798248291,4.399862766265869,-0.0001640319824218,891.7160360366106,193,0.8870964248975118,62.0,0.2129031419754028
885,2.021024251269048e-09,-0.4386044479713133,4.400091648101807,4.399864673614502,4.400007030291435,0.535860430294826,903.7564764767884,195,4.39996337890625,4.400015354156494,5.1975250244140625e-05,903.7564764767884,195,0.8877607062458992,61.0,0.2130625694990158
886,2.148904675808177e-09,0.4249196626940141,4.400091648101807,4.399863243103027,4.399985944307767,-0.3656785645236518,902.7466666661204,195,4.399959087371826,4.400091648101807,0.0001325607299804,902.7466666661204,195,0.8876568327347438,60.0,0.2130376398563385
887,2.689691084721344e-09,0.7826119820469457,4.40015983581543,4.399939060211182,4.400007122570706,0.4015838473772666,898.4468768760562,194,4.400015354156494,4.399939060211182,-7.62939453125e-05,898.4468768760562,194,0.8872134611010551,59.0,0.2129312306642532
888,2.043428372389128e-09,0.5258527849008496,4.400091648101807,4.399939060211182,4.399995811206779,-0.6563489711115027,897.9194594584405,194,4.400015354156494,4.400015354156494,0.0,897.9194594584405,194,0.8851426343123119,58.0,0.2124342322349548
889,3.755799602359452e-09,0.0778733399394607,4.400162220001221,4.399862766265869,4.3999965618818235,0.0511075170679111,902.0145545545964,195,4.399892807006836,4.400015354156494,0.0001225471496582,902.0145545545964,195,0.8841364954908689,57.0,0.2121927589178085
890,1.988991780789109e-09,-0.4224158323207924,4.400088787078857,4.399862766265869,4.3999806107306965,0.7115041876069466,907.2379879876972,196,4.399957180023193,4.399939060211182,-1.811981201171875e-05,907.2379879876972,196,0.8833155656854312,56.0,0.2119957357645034
891,4.665379782108789e-09,-0.2758142347791646,4.400091648101807,4.399799823760986,4.3999883033791365,-0.7465898233710493,906.3400900904088,196,4.400015354156494,4.400015354156494,0.0,906.3400900904088,196,0.8818322171767553,55.0,0.2116397321224212
892,2.4706385347476663e-09,0.0604300263929489,4.400091648101807,4.399863243103027,4.399986978677603,-0.1595723816371617,899.7483083084226,195,4.3999505043029785,4.399939060211182,-1.1444091796875e-05,899.7483083084226,195,0.8810344462593397,54.0,0.2114482671022415
893,2.018480522396416e-09,-0.1689014751645898,4.40009069442749,4.399863243103027,4.399972526394591,-0.4956018514700879,904.7609609607608,196,4.400002479553223,4.400015354156494,1.2874603271484377e-05,904.7609609607608,196,0.8799160520235698,53.0,0.2111798524856567
894,1.9774196024182227e-09,-0.3321507286772962,4.400091648101807,4.39986515045166,4.399986797177852,0.1861409283081165,910.4562962967902,197,4.400026798248291,4.400091648101807,6.4849853515625e-05,910.4562962967902,197,0.8787681038180988,52.0,0.2109043449163437
895,2.8280870535000102e-09,0.2195241764720334,4.400091648101807,4.399868965148926,4.399989040530458,-0.6464001042522542,904.513063063845,196,4.399928092956543,4.400015354156494,8.726119995117188e-05,904.513063063845,196,0.877495047946771,51.0,0.210598811507225
896,2.2899211292666744e-09,-0.0127683618779756,4.400089740753174,4.399864673614502,4.399986422001408,-0.3450906619962008,909.0907707698644,197,4.400083065032959,4.400015354156494,-6.771087646484375e-05,909.0907707698644,197,0.8770305663347244,50.0,0.2104873359203338
897,2.593620609376107e-09,0.2793435003462829,4.400091648101807,4.399864673614502,4.399981392754449,-0.3516408177355492,914.5927127134056,198,4.399969577789307,4.400091648101807,0.0001220703125,914.5927127134056,198,0.8763202155629795,49.0,0.210316851735115
898,2.501342302501789e-09,0.1617256850873309,4.400157451629639,4.399874687194824,4.40000782158169,0.1835879987894149,908.3059859853238,197,4.400015354156494,4.400015354156494,0.0,908.3059859853238,197,0.8755368491013845,48.0,0.2101288437843322
899,2.9095996393673963e-09,0.3034718069136743,4.400157451629639,4.399865627288818,4.399984623574968,0.3235647982048406,908.7964764758945,197,4.400015354156494,4.399939060211182,-7.62939453125e-05,908.7964764758945,197,0.8740957826375961,47.0,0.209782987833023
900,3.332701172179667e-09,0.0762141285525215,4.400091648101807,4.399862766265869,4.399975959700767,-0.4792649962088933,912.9382282290608,198,4.400015354156494,4.399862766265869,-0.000152587890625,912.9382282290608,198,0.8733745664358139,46.0,0.2096098959445953
901,3.060701490667909e-09,0.458652808789196,4.400154113769531,4.39986515045166,4.399980041980744,0.053007147042134,923.3321121111512,200,4.399961948394775,4.400015354156494,5.340576171875e-05,923.3321121111512,200,0.871891404191653,45.0,0.2092539370059967
902,3.855902049915344e-09,-0.5752196975735352,4.40009069442749,4.3997931480407715,4.3999785542488095,0.2850354070814203,922.4078278280796,200,4.399939060211182,4.399939060211182,0.0,922.4078278280796,200,0.8696376656492552,44.0,0.2087130397558212
903,3.158195386050687e-09,-0.716055893447209,4.400090217590332,4.399801731109619,4.399992560865867,0.6716339150564061,926.602602602914,201,4.400015354156494,4.399939060211182,-7.62939453125e-05,926.602602602914,201,0.8686792105436325,43.0,0.2084830105304718
904,3.308497461645762e-09,-0.5425206589360018,4.400167942047119,4.399796962738037,4.399985787903734,1.189475071304447,937.0292692687362,203,4.3999762535095215,4.400167942047119,0.0001916885375976,937.0292692687362,203,0.8670708785454433,42.0,0.2080970108509063
905,3.875837011881216e-09,-0.4418954176529396,4.40009069442749,4.399786472320557,4.399982478358958,-0.1076833020450847,930.8855255264788,202,4.400039196014404,4.400015354156494,-2.384185791015625e-05,930.8855255264788,202,0.8652294054627419,41.0,0.207655057311058
906,2.492880684994619e-09,-0.2007804299880463,4.400091648101807,4.399863243103027,4.399996508518464,-0.1588454056508883,934.8090890888124,203,4.399939060211182,4.400015354156494,7.62939453125e-05,934.8090890888124,203,0.8647855992118518,40.0,0.2075485438108444
907,2.7703872228193727e-09,-0.1075993405620359,4.400089740753174,4.399862766265869,4.3999824453457235,-0.5188919620175438,934.9627627637236,203,4.399933338165283,4.400015354156494,8.20159912109375e-05,934.9627627637236,203,0.8628129959106445,39.0,0.2070751190185547
908,2.078781041155733e-09,-0.4304583162973853,4.400089740753174,4.399867057800293,4.399982866426794,0.0106033151151376,945.1673273276538,205,4.400081157684326,4.400015354156494,-6.580352783203125e-05,945.1673273276538,205,0.8614589149753253,38.0,0.206750139594078
909,3.342417537776358e-09,0.3318006161082004,4.4001665115356445,4.3998637199401855,4.39997653127874,0.2262559230466942,950.8962962962688,206,4.399970054626465,4.400015354156494,4.5299530029296875e-05,950.8962962962688,206,0.8610588808854421,37.0,0.2066541314125061
910,3.464102786564952e-09,0.0271162791733046,4.400165557861328,4.399864673614502,4.399990528385814,0.3299204978393022,944.6200600601732,205,4.3999176025390625,4.400015354156494,9.775161743164062e-05,944.6200600601732,205,0.8588799585898718,36.0,0.2061311900615692
911,2.673954895944115e-09,-0.6790221267225472,4.400091648101807,4.3998703956604,4.400016712560887,-0.2101875704905929,943.0619819816202,205,4.400051593780518,4.399939060211182,-0.0001125335693359,943.0619819816202,205,0.8573236564795177,35.0,0.2057576775550842
912,2.1655411595184255e-09,-0.0966747675642138,4.400089740753174,4.399866580963135,4.399990881943121,0.005628156468501,941.857177177444,205,4.400058269500732,4.400015354156494,-4.291534423828125e-05,941.857177177444,205,0.8561509350935619,34.0,0.2054762244224548
913,2.973752102882998e-09,-0.1470075578270923,4.400091648101807,4.39986515045166,4.399978785123226,-0.6706571436034583,952.353053053841,207,4.400043487548828,4.400091648101807,4.8160552978515625e-05,952.353053053841,207,0.8552969743808111,33.0,0.2052712738513946
914,3.006649307086635e-09,0.118945492058324,4.4001593589782715,4.399871826171875,4.4000076344869665,-0.1550477776534546,946.2319819815456,206,4.399963855743408,4.400015354156494,5.14984130859375e-05,946.2319819815456,206,0.8537676806251209,32.0,0.204904243350029
915,1.905559749466409e-09,0.1229562289470268,4.40009069442749,4.399867057800293,4.399990661786153,-0.3331032731483065,956.0706306304784,208,4.400040149688721,4.399939060211182,-0.000101089477539,956.0706306304784,208,0.8523367966214817,31.0,0.2045608311891555
916,1.8588243580889214e-09,0.0598012375970798,4.400091648101807,4.3998637199401855,4.399990167662995,-0.2925017442700524,971.7450450453908,211,4.399939060211182,4.400091648101807,0.000152587890625,971.7450450453908,211,0.8503887802362442,30.0,0.2040933072566986
917,4.8298925979201285e-09,0.0982872779934933,4.400156021118164,4.399867534637451,4.399991676567844,-0.9624729826094796,959.1236036028712,209,4.400015354156494,4.400015354156494,0.0,959.1236036028712,209,0.8492701376477878,29.0,0.203824833035469
918,2.5349418092332312e-09,0.5488118309256343,4.400091648101807,4.399862766265869,4.399972892942882,0.188917588765209,963.9732732735574,210,4.400015354156494,4.400015354156494,0.0,963.9732732735574,210,0.8469361811876297,28.0,0.2032646834850311
919,3.083919991984852e-09,0.0511342761001123,4.40015172958374,4.3998703956604,4.399999424179583,-0.3431404310875332,967.8729729726912,211,4.40001916885376,4.400091648101807,7.2479248046875e-05,967.8729729726912,211,0.8452183256546657,27.0,0.2028523981571197
920,2.6572644794513366e-09,-0.2121645452592048,4.400088787078857,4.399865627288818,4.399990707788712,-0.544163318467279,969.9475675672292,195,4.399948596954346,4.399939060211182,-9.5367431640625e-06,969.9475675672292,195,0.8538993075489998,26.0,0.2049358338117599
921,2.449255592532827e-09,0.0026203405246425,4.400090217590332,4.3998637199401855,4.399977105488709,-0.2475229534846641,976.7165165171028,211,4.399970531463623,4.399939060211182,-3.147125244140625e-05,976.7165165171028,211,0.8508576080203056,25.0,0.2042058259248733
922,3.3599762648382502e-09,0.4798858242509323,4.400162696838379,4.399864196777344,4.400000077288298,0.1535197656017861,972.6384384389968,211,4.399866580963135,4.399939060211182,7.2479248046875e-05,972.6384384389968,211,0.8484909931818645,24.0,0.2036378383636474
923,2.617040520689826e-09,0.0129082105836653,4.400091648101807,4.399862766265869,4.399984776134223,-0.1851021050238088,980.3907107114792,213,4.400045871734619,4.399862766265869,-0.00018310546875,980.3907107114792,213,0.8450350413719814,23.0,0.2028084099292755
924,1.9470302163698622e-09,-0.0918424541301302,4.400090217590332,4.3998637199401855,4.3999655900999555,-0.1911198078170022,988.3672472480685,215,4.399939060211182,4.400015354156494,7.62939453125e-05,988.3672472480685,215,0.8413561930259069,22.0,0.2019254863262176
925,3.2778262639888187e-09,-0.0906970465047628,4.400091648101807,4.399864673614502,4.399997121757931,-0.6582007874637852,990.0997497495264,216,4.399959564208984,4.400015354156494,5.5789947509765625e-05,990.0997497495264,216,0.8392250165343285,21.0,0.2014140039682388
926,3.075434058487945e-09,0.1067431760099965,4.40015983581543,4.399869441986084,4.399995526959819,-0.263445228123456,995.057297296822,217,4.399946212768555,4.400015354156494,6.914138793945312e-05,995.057297296822,217,0.8369607850909233,20.0,0.2008705884218216
927,4.161135387329766e-09,-0.0505145510646989,4.400166988372803,4.399789810180664,4.399984891261529,0.0348880888190299,999.6835935935378,218,4.400013446807861,4.400015354156494,1.9073486328125e-06,999.6835935935378,218,0.8346987888216972,19.0,0.2003277093172073
928,2.484049382261019e-09,0.0075940111270348,4.40009069442749,4.399862766265869,4.39998249395178,-0.3815041322513077,995.934424424544,218,4.39994478225708,4.399939060211182,-5.7220458984375e-06,995.934424424544,218,0.8327130849162738,18.0,0.1998511403799057
929,3.908283079277238e-09,-0.0710212310157718,4.400167465209961,4.399862766265869,4.399992129769743,-0.4564210683899024,988.0410810802132,217,4.399942398071289,4.400091648101807,0.0001492500305175,988.0410810802132,217,0.830317350725333,17.0,0.1992761641740799
930,1.859976346750125e-09,-0.4642116990851984,4.400091648101807,4.399862766265869,4.400011056060091,0.7603143868234676,993.5884784776716,218,4.400013446807861,4.399862766265869,-0.0001506805419921,993.5884784776716,218,0.8280136312047641,16.0,0.1987232714891433
931,3.937346497769553e-09,0.0296700006928788,4.400158882141113,4.399863243103027,4.399984359741211,-0.495809694016859,995.0794394388796,219,4.399873733520508,4.399939060211182,6.532669067382812e-05,995.0794394388796,219,0.8259200801452001,15.0,0.198220819234848
932,3.364553270716966e-09,0.3623352833932709,4.400167942047119,4.399862766265869,4.399993101755778,0.0234178391157273,994.3025825824589,219,4.400015354156494,4.400167942047119,0.000152587890625,994.3025825824589,219,0.8248826488852501,14.0,0.19797183573246
933,2.3762023556874363e-09,-0.1801263411656236,4.400087356567383,4.399864196777344,4.399979672300706,-0.3460260466171814,988.5555555559696,218,4.400003910064697,4.400015354156494,1.1444091796875e-05,988.5555555559696,218,0.8222261443734169,13.0,0.19733427464962
934,2.761419950406096e-09,0.5836835324649591,4.400160312652588,4.39986515045166,4.39999188244615,0.6772692042849826,990.4968568570912,219,4.400028705596924,4.399939060211182,-8.96453857421875e-05,990.4968568570912,219,0.8203284814953804,12.0,0.1968788355588913
935,3.56856412518371e-09,0.4960430798756926,4.400139331817627,4.399862766265869,4.399963873082942,-0.2491869043177286,994.6041741743684,220,4.400139331817627,4.399939060211182,-0.0002002716064453,994.6041741743684,220,0.8184370895226797,11.0,0.1964249014854431
936,1.6665888121397731e-09,0.0566257832224222,4.400089740753174,4.399939060211182,4.399997943156475,-0.6995477682273776,1006.118538537994,222,4.399939060211182,4.399939060211182,0.0,1006.118538537994,222,0.8166663969556491,10.0,0.1959999352693557
937,2.364197210752762e-09,-0.8059578246614608,4.400091648101807,4.3998003005981445,4.3999933741309425,2.2522165520302724,991.9209309313446,220,4.400015354156494,4.399939060211182,-7.62939453125e-05,991.9209309313446,220,0.8146331955989202,9.0,0.1955119669437408
938,3.111471348713838e-09,1.19885352418485,4.400162220001221,4.399864196777344,4.39997261415148,1.8092477798452504,1006.2355555556716,223,4.399939060211182,4.400015354156494,7.62939453125e-05,1006.2355555556716,223,0.812851016720136,8.0,0.1950842440128326
939,2.622570456432838e-09,0.2101025734190214,4.4001593589782715,4.399863243103027,4.399984073211259,0.5296057518908528,1005.111111111939,223,4.399939060211182,4.399939060211182,0.0,1005.111111111939,223,0.81138430784146,7.0,0.1947322338819503
940,2.4162109220635603e-09,-0.0399394878741213,4.400091648101807,4.399866104125977,4.399993135664198,-0.3039090056693445,1013.8926126118748,225,4.399994850158691,4.400015354156494,2.0503997802734375e-05,1013.8926126118748,225,0.809840609629949,6.0,0.1943617463111877
941,1.95733437610086e-09,0.3513119163385841,4.400089740753174,4.399868488311768,4.399982126798924,-0.3341388725996679,1024.7550350353122,227,4.399982452392578,4.400015354156494,3.2901763916015625e-05,1024.7550350353122,227,0.8083431050181389,5.0,0.1940023452043533
942,1.8267908353658783e-09,0.8895852413801107,4.400161266326904,4.399939060211182,4.399995721909443,1.2876077137622437,1025.3907307311893,227,4.399939060211182,4.400015354156494,7.62939453125e-05,1025.3907307311893,227,0.8065699910124143,4.0,0.1935767978429794
943,4.739839447649382e-09,-0.2486712361873542,4.400162696838379,4.399862766265869,4.399998977909918,-0.6579967324113993,1038.9150050040334,230,4.399974822998047,4.399939060211182,-3.5762786865234375e-05,1038.9150050040334,230,0.8050401384631793,3.0,0.193209633231163
944,3.950617697922485e-09,0.4365396925639615,4.400167942047119,4.3998637199401855,4.400003110477497,0.2641521163713061,1031.9818618614229,229,4.399939060211182,4.399939060211182,0.0,1031.9818618614229,229,0.8035235727826755,2.0,0.1928456574678421
945,1.788634678198503e-09,0.3251068892302891,4.400091648101807,4.399939060211182,4.399997148971891,-0.4860437931509591,1031.3702102098614,229,4.399988174438477,4.399939060211182,-4.9114227294921875e-05,1031.3702102098614,229,0.8016019438703855,1.0,0.1923844665288925
946,3.3344883553444107e-09,0.0942772778971099,4.400089740753174,4.399862766265869,4.399967684953109,-0.756315476223345,1035.598058057949,230,4.399939060211182,4.399939060211182,0.0,1035.598058057949,230,0.7996703187624614,0.0,0.1919208765029907
947,1.7701186805130511e-09,0.5926688427970279,4.400091171264648,4.399872779846191,4.3999777006066365,-0.0701910585919032,1032.2260960955173,230,4.399939060211182,4.400015354156494,7.62939453125e-05,1032.2260960955173,230,0.798176849881808,-1.0,0.1915624439716339
948,2.8263398512287995e-09,0.3878310970330146,4.400165557861328,4.399864673614502,4.400008274161297,-0.0072715823378133,1033.683993993327,230,4.3999457359313965,4.399939060211182,-6.67572021484375e-06,1033.683993993327,230,0.7964065919319789,-2.0,0.1911375820636749
949,2.292648770338549e-09,0.8664702087487447,4.400167465209961,4.399864673614502,4.39998258093129,1.3313560636017474,1027.801971971989,230,4.399991035461426,4.400015354156494,2.4318695068359375e-05,1027.801971971989,230,0.79346913844347,-3.0,0.1904325932264328
950,4.479610225109293e-09,0.0453545783218564,4.400091648101807,4.399862766265869,4.399972003802919,-1.0347487693801702,1013.9128828831016,228,4.400015354156494,4.399862766265869,-0.000152587890625,1013.9128828831016,228,0.7909941176573436,-4.0,0.1898385882377624
951,6.626466744596566e-09,0.2051288957146415,4.400166988372803,4.3997931480407715,4.3999742915451785,-0.2735168284497518,1008.1975375376642,227,4.400157451629639,4.399939060211182,-0.000218391418457,1008.1975375376642,227,0.7898148770133655,-5.0,0.1895555704832077
952,3.8354171521387e-09,-0.4824006816274469,4.400091648101807,4.399788856506348,4.399996901183149,0.0075855333852663,1017.2725525517016,229,4.400070667266846,4.400015354156494,-5.53131103515625e-05,1017.2725525517016,229,0.786087786157926,-6.0,0.1886610686779022
953,3.100102608712521e-09,-0.2396771602220189,4.400091648101807,4.39986515045166,4.399993604162465,-0.3617375795778241,1018.9583083093166,230,4.399954319000244,4.400015354156494,6.103515625e-05,1018.9583083093166,230,0.7836402083436649,-7.0,0.1880736500024795
954,3.5190116334226912e-09,0.8833153540684345,4.400241374969482,4.399869918823242,4.400005481554114,2.195648948473524,1017.5485485494136,230,4.40009069442749,4.400015354156494,-7.534027099609375e-05,1017.5485485494136,230,0.781622901558876,-8.0,0.1875894963741302
955,1.7932881863237872e-09,0.3607267545488212,4.40009069442749,4.399939060211182,4.399992453693832,-0.7464824558605869,1030.3772572577,233,4.399939060211182,4.400015354156494,7.62939453125e-05,1030.3772572577,233,0.778885434071223,-9.0,0.1869325041770935
956,2.849751609890482e-09,-0.949816523622838,4.400085926055908,4.399792194366455,4.399978140304828,1.7791548744626628,1022.3056456465274,232,4.399969577789307,4.400015354156494,4.57763671875e-05,1022.3056456465274,232,0.7771026963988941,-10.0,0.1865046471357345
957,2.708063877950996e-09,-0.1966412810737078,4.400091648101807,4.399791240692139,4.399976298922584,0.7014644887729933,1015.9323323331772,231,4.400015354156494,4.399939060211182,-7.62939453125e-05,1015.9323323331772,231,0.7745068520307541,-11.0,0.1858816444873809
958,2.6969709905016442e-09,0.2340056192245404,4.400167465209961,4.399869918823242,4.400002603856926,0.1834651903030915,1026.6693693697453,234,4.400048732757568,4.399939060211182,-0.0001096725463867,1026.6693693697453,234,0.7737651467323303,-12.0,0.1857036352157592
959,2.4055185592782766e-09,-0.0209623638918253,4.400089263916016,4.399864673614502,4.3999884834617,-0.3856285429962067,1022.9411811809988,233,4.39999532699585,4.400015354156494,2.002716064453125e-05,1022.9411811809988,233,0.7720695808529854,-13.0,0.1852966994047165
960,2.5321002237055774e-09,-0.305335668998068,4.400091648101807,4.399863243103027,4.3999985840361,-0.1821772004374131,1035.4984484482557,236,4.399977207183838,4.400015354156494,3.814697265625e-05,1035.4984484482557,236,0.7706527287761371,-14.0,0.1849566549062729
961,1.9151415081196902e-09,0.3038030915189178,4.400091171264648,4.399939060211182,4.399996810040231,-0.8568396566739445,1036.8134134132415,236,4.399939060211182,4.400015354156494,7.62939453125e-05,1036.8134134132415,236,0.7696944599350294,-15.0,0.184726670384407
962,3.450688640625453e-09,0.2131021116937584,4.400166988372803,4.399862766265869,4.400005547809198,-0.3325960143811874,1039.9473473466933,237,4.399965763092041,4.400015354156494,4.9591064453125e-05,1039.9473473466933,237,0.7676030198733013,-16.0,0.1842247247695922
963,2.621339507205265e-09,0.0111255169968855,4.400091648101807,4.399868011474609,4.399985987771006,-0.3618931249126449,1050.0135935936123,239,4.400015354156494,4.400091648101807,7.62939453125e-05,1050.0135935936123,239,0.7663719356060028,-17.0,0.1839292645454406
964,2.37036206507596e-09,0.0784852754624163,4.400089740753174,4.399862766265869,4.399963721507738,-0.1847032900133425,1042.565135134384,238,4.399898052215576,4.399939060211182,4.100799560546875e-05,1042.565135134384,238,0.7651951784888904,-18.0,0.1836468428373336
965,3.238759439886875e-09,-0.4384239469116526,4.400091648101807,4.399786472320557,4.399995656193051,0.1107755765810853,1047.068968968466,239,4.399939060211182,4.399786472320557,-0.000152587890625,1047.068968968466,239,0.762522282699744,-19.0,0.1830053478479385
966,3.305322236647576e-09,0.302193491544784,4.400158882141113,4.399863243103027,4.399990302324295,-0.4642550741293547,1051.827277276665,240,4.400020599365234,4.400015354156494,-5.245208740234375e-06,1051.827277276665,240,0.7610766837994258,-20.0,0.1826584041118621
967,2.376118395424765e-09,-0.215886792215582,4.400089263916016,4.399862766265869,4.399968679745992,-0.1238077326322764,1050.4923223219812,240,4.399992942810059,4.399939060211182,-5.3882598876953125e-05,1050.4923223219812,240,0.7592621569832166,-21.0,0.1822229176759719
968,3.185005099241663e-09,-0.0600488476993491,4.400091648101807,4.399862766265869,4.399986251391501,-0.3067210502832163,1063.189089089632,243,4.3999505043029785,4.399939060211182,-1.1444091796875e-05,1063.189089089632,243,0.7573287934064865,-22.0,0.1817589104175567
969,2.749468276096077e-09,-0.5965547262722833,4.400090217590332,4.399862766265869,4.3999929270468465,-0.0444984405338781,1057.7728828825057,242,4.399939060211182,4.399939060211182,0.0,1057.7728828825057,242,0.7557350521286329,-23.0,0.1813764125108719
970,2.703645885851204e-09,-0.3067938519083912,4.400087833404541,4.3998003005981445,4.3999737931079554,0.6070191157565676,1066.536486485973,244,4.39995813369751,4.400015354156494,5.7220458984375e-05,1066.536486485973,244,0.7542520761489868,-24.0,0.1810204982757568
971,4.731292079429935e-09,-0.0417060032396555,4.400155544281006,4.399862766265869,4.399981430598667,-0.8291875847797994,1071.6924524530768,245,4.399916172027588,4.399939060211182,2.288818359375e-05,1071.6924524530768,245,0.7524833704034488,-25.0,0.1805960088968277
972,3.815570716398766e-09,-0.1095903296089121,4.400167465209961,4.3997955322265625,4.399992081363505,0.7509983182262467,1058.6712712720037,243,4.399969577789307,4.400091648101807,0.0001220703125,1058.6712712720037,243,0.7508212079604467,-26.0,0.1801970899105072
973,3.2200012906783235e-09,0.229979072504963,4.400091648101807,4.399862766265869,4.39996982793339,-0.4101233736649536,1062.5059459451586,244,4.400091648101807,4.399939060211182,-0.000152587890625,1062.5059459451586,244,0.749019409219424,-27.0,0.1797646582126617
974,2.706485487470177e-09,-0.3186703333256376,4.400089740753174,4.399862766265869,4.39997073275144,-0.4663790161096899,1058.9983783774078,244,4.400029182434082,4.400015354156494,-1.3828277587890623e-05,1058.9983783774078,244,0.7472233846783638,-28.0,0.1793336123228073
975,2.5444225058413768e-09,0.3309096912056694,4.400155067443848,4.399864196777344,4.399978406088692,1.0580460244598142,1063.651931932196,245,4.400021076202393,4.400015354156494,-5.7220458984375e-06,1063.651931932196,245,0.7449880863229434,-29.0,0.1787971407175064
976,3.341435194674829e-09,-0.2693614439376305,4.400157928466797,4.399791717529297,4.3999898868051135,1.2442167170850875,1071.4518918916583,247,4.400082111358643,4.399939060211182,-0.0001430511474609,1071.4518918916583,247,0.7434361303846042,-30.0,0.178424671292305
977,4.1426624194610834e-09,0.0814656483084677,4.400164604187012,4.399862766265869,4.399996068313537,-0.3250580600641575,1069.385885884985,247,4.400015354156494,4.400015354156494,0.0,1069.385885884985,247,0.7404051100214323,-31.0,0.1776972264051437
978,2.322484731944374e-09,-0.0955564362967526,4.400091171264648,4.399869918823242,4.40000031544612,-0.6388297557009839,1068.0610810816288,247,4.400015354156494,4.400015354156494,0.0,1068.0610810816288,247,0.7386804868777593,-32.0,0.1772833168506622
979,2.2644416305348903e-09,-0.3904019035424732,4.400091648101807,4.399863243103027,4.399998343759967,0.0594803556423721,1072.0368668679148,248,4.400015354156494,4.400015354156494,0.0,1072.0368668679148,248,0.7365139822165172,-33.0,0.1767633557319641
980,3.415970424289563e-09,0.1388839695672031,4.400167465209961,4.399862766265869,4.399979256243112,0.0718277644913918,1073.4725925922394,249,4.400015354156494,4.400015354156494,0.0,1073.4725925922394,249,0.7349661861856779,-34.0,0.1763918846845626
981,3.344963472362678e-09,-0.1614512947512191,4.400091648101807,4.399862766265869,4.399984574222182,-0.3512196538383803,1070.8858458455652,249,4.399890422821045,4.400015354156494,0.0001249313354492,1070.8858458455652,249,0.7328412185112636,-35.0,0.1758818924427032
982,3.787686919971248e-09,-0.0296695572461905,4.4001569747924805,4.3997979164123535,4.399982840295822,0.329245707780085,1086.6114114113152,252,4.399939060211182,4.399939060211182,0.0,1086.6114114113152,252,0.7305579880873363,-36.0,0.1753339171409607
983,2.9219028805285813e-09,-0.7082558123848577,4.400090217590332,4.3997931480407715,4.399983474186489,0.7142973663555381,1085.2873173169792,252,4.400015354156494,4.400015354156494,0.0,1085.2873173169792,252,0.7284520193934441,-37.0,0.1748284846544265
984,2.869630878129361e-09,-0.2428000475801776,4.400164604187012,4.399862766265869,4.400005319678926,0.5778450025910415,1075.668168168515,251,4.400015354156494,4.399939060211182,-7.62939453125e-05,1075.668168168515,251,0.7257040590047836,-38.0,0.174168974161148
985,2.4136213933165335e-09,-0.3343804085212961,4.400091648101807,4.399864196777344,4.3999929164238125,0.1587885037205492,1081.7989189196378,253,4.399992942810059,4.400015354156494,2.2411346435546875e-05,1081.7989189196378,253,0.7245149463415146,-39.0,0.1738835871219635
986,4.0460760975007314e-09,-0.047086912229883,4.400091648101807,4.399862766265869,4.3999794843628655,-0.7389190293684451,1087.3504404406997,254,4.399991035461426,4.399939060211182,-5.1975250244140625e-05,1087.3504404406997,254,0.7225606590509415,-40.0,0.1734145581722259
987,3.474459540764334e-09,-0.362930409056598,4.400167942047119,4.399863243103027,4.400013771582776,-0.1678472563205026,1085.3699999991804,254,4.400007247924805,4.400015354156494,8.106231689453125e-06,1085.3699999991804,254,0.7193629319469135,-41.0,0.1726471036672592
988,2.687848339058022e-09,0.2043809532945349,4.400167942047119,4.399862766265869,4.399994696160698,0.5634581761595401,1097.8146146144718,257,4.400023937225342,4.400167942047119,0.0001440048217773,1097.8146146144718,257,0.7166610409816107,-42.0,0.1719986498355865
989,2.163139505822706e-09,-0.6982644940128978,4.400091648101807,4.399862766265869,4.399991558683522,0.7559677280735149,1097.033033033833,257,4.400000095367432,4.400091648101807,9.1552734375e-05,1097.033033033833,257,0.7144048810005188,-43.0,0.1714571714401245
990,1.5734084940257114e-09,0.6570851256396579,4.400164604187012,4.399939060211182,4.400001306791563,1.7153129802802658,1103.8396997004747,259,4.400015354156494,4.400091648101807,7.62939453125e-05,1103.8396997004747,259,0.7124842454989752,-44.0,0.170996218919754
991,3.1990169934887323e-09,0.2258552483984681,4.400165557861328,4.39987325668335,4.400013602696932,-0.2539922261841338,1107.913333332166,260,4.400091648101807,4.400015354156494,-7.62939453125e-05,1107.913333332166,260,0.7113282258311908,-45.0,0.1707187741994857
992,2.797840059039546e-09,0.4135191450612447,4.400167465209961,4.399866104125977,4.399998661202033,0.4213680327791538,1112.2846846841276,261,4.399975776672363,4.400091648101807,0.0001158714294433,1112.2846846841276,261,0.7091324776411057,-46.0,0.1701917946338653
993,3.337263008469218e-09,-0.4096757650812315,4.400090217590332,4.399786472320557,4.399977059199892,-0.2351554370478421,1110.0568568576127,261,4.39995813369751,4.400015354156494,5.7220458984375e-05,1110.0568568576127,261,0.7064765319228172,-47.0,0.1695543676614761
994,2.657024901309136e-09,0.1588988017846317,4.400091648101807,4.3997907638549805,4.399964306904719,0.3945403658136044,1101.9114814810457,260,4.400015354156494,4.400091648101807,7.62939453125e-05,1101.9114814810457,260,0.7037034879128139,-48.0,0.1688888370990753
995,2.4070444686768686e-09,-0.1359391593825829,4.40009069442749,4.399862766265869,4.399990955381903,-0.3120352416692862,1110.0390090085566,262,4.399939060211182,4.400015354156494,7.62939453125e-05,1110.0390090085566,262,0.7020702585577965,-49.0,0.1684968620538711
996,3.637349644161502e-09,-0.3863003165709235,4.400091648101807,4.399796009063721,4.399995274216164,0.1979022705058879,1108.3878378383815,262,4.400015354156494,4.400015354156494,0.0,1108.3878378383815,262,0.6997956583897273,-50.0,0.1679509580135345
997,2.9253746934424215e-09,-0.5713294000214705,4.400091648101807,4.39979887008667,4.399994935050155,0.7155385865818888,1117.402492493391,264,4.39995813369751,4.400091648101807,0.0001335144042968,1117.402492493391,264,0.6975396846731504,-51.0,0.1674095243215561
998,3.5606364748706806e-09,0.034070879454464,4.400157451629639,4.399862766265869,4.3999804208863456,-0.0854702336757098,1118.8658258263022,265,4.400014400482178,4.400091648101807,7.724761962890625e-05,1118.8658258263022,265,0.6925902018944423,-52.0,0.1662216484546661
999,3.3562281598007593e-09,0.2165988400837768,4.400163173675537,4.399802207946777,4.399984209826498,0.8398745401107455,1109.13865865767,264,4.400022506713867,4.399939060211182,-8.344650268554688e-05,1109.13865865767,264,0.6908088301618894,-53.0,0.1657941192388534
1000,2.250503600147482e-09,0.1133590662194769,4.40009069442749,4.399866104125977,4.399978489586801,-0.2173082193674163,1107.1167967971414,264,4.3999505043029785,4.400015354156494,6.4849853515625e-05,1107.1167967971414,264,0.6882340336839359,-54.0,0.1651761680841446
1001,2.051004427015413e-09,0.0820306805007696,4.400091648101807,4.399862766265869,4.399959089171212,0.1468199213904912,1111.1625225227326,265,4.400015354156494,4.400091648101807,7.62939453125e-05,1111.1625225227326,265,0.6859529142578443,-55.0,0.1646286994218826
1002,2.4846453704775843e-09,-0.4135164536155643,4.40009069442749,4.399862766265869,4.39999839875582,-0.1575001806685354,1118.0547147151085,267,4.400078773498535,4.400015354156494,-6.341934204101562e-05,1118.0547147151085,267,0.6827554975946745,-56.0,0.1638613194227218
1003,2.127659803037912e-09,-0.1777191010140352,4.400091648101807,4.399867057800293,4.399994059566229,-0.0746481547896111,1125.9085085093975,269,4.400015354156494,4.400015354156494,0.0,1125.9085085093975,269,0.6793929263949394,-57.0,0.1630543023347854
1004,3.056501560807553e-09,-0.2149544148168761,4.400091648101807,4.399864196777344,4.400000329387144,-0.533445920986217,1131.6081081088632,271,4.399999141693115,4.399939060211182,-6.008148193359375e-05,1131.6081081088632,271,0.6757078071435293,-58.0,0.162169873714447
1005,2.449385333217422e-09,0.390003601584752,4.40016508102417,4.399863243103027,4.3999872313214405,0.4356521160363131,1128.697297297418,271,4.399990081787109,4.400015354156494,2.5272369384765625e-05,1128.697297297418,271,0.6732288127144178,-59.0,0.1615749150514602
1006,1.736146564332113e-09,-0.2700046431360919,4.400089740753174,4.399869441986084,4.399999757023418,0.2011708126960409,1131.3829529527577,272,4.3999834060668945,4.400015354156494,3.1948089599609375e-05,1131.3829529527577,272,0.6698249528805416,-60.0,0.1607579886913299
1007,1.9678721527643222e-09,-0.1225807223476101,4.40009069442749,4.399867534637451,4.399979650755942,-0.2487370386484766,1131.490050049499,273,4.399939060211182,4.400015354156494,7.62939453125e-05,1131.490050049499,273,0.6667248904705048,-61.0,0.1600139737129211
1008,3.6635150431054395e-09,-0.2696120565365434,4.400091648101807,4.399862766265869,4.400000277839413,-0.5077253939717901,1151.033273274079,277,4.4000773429870605,4.399939060211182,-0.0001382827758789,1151.033273274079,277,0.6638442476590475,-62.0,0.1593226194381714
1009,2.3231516458370807e-09,-0.1297617552112049,4.400089263916016,4.399864196777344,4.399978759917111,-0.4193728912657719,1147.372612612322,277,4.399939060211182,4.399939060211182,0.0,1147.372612612322,277,0.6600070123871168,-63.0,0.158401682972908
1010,2.311071310567677e-09,-0.4730037482220487,4.400091648101807,4.399866104125977,4.400000405826157,-0.0390221791948883,1147.0877777785065,278,4.400015354156494,4.400091648101807,7.62939453125e-05,1147.0877777785065,278,0.6570341065526009,-64.0,0.1576881855726242
1011,4.340592530525073e-09,0.2248448353319989,4.400167942047119,4.399862766265869,4.399985183675382,-0.7912245588293456,1169.7184984982014,283,4.399862766265869,4.400167942047119,0.00030517578125,1169.7184984982014,283,0.6532762820521991,-65.0,0.1567863076925277
1012,3.1132042164941635e-09,0.3196988791399863,4.4001569747924805,4.399862766265869,4.399988076069972,-0.2109498402616751,1181.5717717725784,286,4.40005350112915,4.399862766265869,-0.0001907348632812,1181.5717717725784,286,0.6510887295007706,-66.0,0.1562612950801849
1013,1.9041920729008216e-09,-0.0442742959849922,4.400090217590332,4.399866580963135,4.3999781893010725,-0.4701124765655051,1174.4210210219026,285,4.400015354156494,4.399939060211182,-7.62939453125e-05,1174.4210210219026,285,0.6475286558270454,-67.0,0.1554068773984909
1014,5.098834134097111e-09,0.3228364745601241,4.400232315063477,4.399862766265869,4.399993416347305,0.1373816088048332,1192.0403603613377,289,4.3998942375183105,4.400015354156494,0.0001211166381835,1192.0403603613377,289,0.6449935336907705,-68.0,0.1547984480857849
1015,2.2611736408277684e-09,-0.000749588669743,4.40009069442749,4.399864673614502,4.399980086231559,-0.0717634110805653,1201.418618619442,291,4.399864673614502,4.400015354156494,0.0001506805419921,1201.418618619442,291,0.6414894635478656,-69.0,0.1539574712514877
1016,1.998121446910377e-09,0.4655556830438855,4.400165557861328,4.399939060211182,4.400009193091557,0.0838059817699403,1190.8275375384835,290,4.400022506713867,4.400015354156494,-7.152557373046875e-06,1190.8275375384835,290,0.6377313286066055,-70.0,0.1530555188655853
1017,4.249308375364405e-09,-0.1328418065463573,4.400166034698486,4.3997883796691895,4.399982970054835,0.211323134361399,1196.2051651645452,292,4.400006294250488,4.400015354156494,9.059906005859377e-06,1196.2051651645452,292,0.6348632276058197,-71.0,0.1523671746253967
1018,2.485580282302721e-09,0.207899389289747,4.400091648101807,4.399865627288818,4.3999858294447804,-0.4482037427224745,1194.5302402395755,292,4.399980545043945,4.399939060211182,-4.1484832763671875e-05,1194.5302402395755,292,0.6309883669018745,-72.0,0.1514372080564499
1019,3.492253888256968e-09,0.1427031409046268,4.400091648101807,4.399862766265869,4.399966577283379,-0.4937531886635784,1201.9951051063836,294,4.399879455566406,4.400015354156494,0.0001358985900878,1201.9951051063836,294,0.6270343437790871,-73.0,0.1504882425069809
1020,2.672349380070472e-09,0.0338447857996713,4.400162696838379,4.399869441986084,4.399998159408569,0.1555778072274822,1193.2683183178306,250,4.400015354156494,4.400015354156494,0.0,1193.2683183178306,250,0.6436167905728023,-74.0,0.1544680297374725
1021,2.893198555981331e-09,0.0017387781146025,4.400157928466797,4.399863243103027,4.400001476013583,-0.1011484290638216,1289.4111611619592,306,4.400061130523682,4.400091648101807,3.0517578125e-05,1289.4111611619592,306,0.6306673710544904,-75.0,0.1513601690530777
1022,4.3205782459623915e-09,0.3926393331446041,4.400166034698486,4.399862766265869,4.399980825166105,-0.0875828117395483,1250.3072072081268,303,4.400043487548828,4.400091648101807,4.8160552978515625e-05,1250.3072072081268,303,0.6225451827049255,-76.0,0.1494108438491821
1023,3.246092315854123e-09,0.1020469909475754,4.400091648101807,4.399801254272461,4.39998380031461,0.0481945435603936,1257.0762762762606,306,4.400015354156494,4.399939060211182,-7.62939453125e-05,1257.0762762762606,306,0.6179643794894218,-77.0,0.1483114510774612
1024,4.5993729020569055e-09,-0.0418823936014405,4.4002275466918945,4.399791717529297,4.399987953881876,0.8793197678337781,1253.720900900662,307,4.3998894691467285,4.400015354156494,0.0001258850097656,1253.720900900662,307,0.612445982793967,-78.0,0.146987035870552
1025,3.1598054568600014e-09,-0.2197324922314036,4.400091648101807,4.399863243103027,4.399993318688209,-0.6645187769129319,1245.5027027036997,307,4.399936676025391,4.399939060211182,2.384185791015625e-06,1245.5027027036997,307,0.607650416592757,-79.0,0.1458360999822616
1026,3.385390584707934e-09,-0.211115314074792,4.400091648101807,4.3997931480407715,4.399985167887304,0.2149200428718551,1245.4642742741853,308,4.40001106262207,4.399862766265869,-0.0001482963562011,1245.4642742741853,308,0.6032487998406093,-80.0,0.1447797119617462
1027,4.307407888977802e-09,-0.3931907914035445,4.400160312652588,4.399796009063721,4.3999951962501775,0.0524024615276839,1248.8301501497626,310,4.399956703186035,4.399939060211182,-1.7642974853515625e-05,1248.8301501497626,310,0.5990262453754743,-81.0,0.1437662988901138
1028,3.175489690328055e-09,-0.045176642546405,4.400091648101807,4.399863243103027,4.399987689935126,-0.732282295375184,1249.048648647964,311,4.400015354156494,4.400091648101807,7.62939453125e-05,1249.048648647964,311,0.5951556066672008,-82.0,0.1428373456001281
1029,2.869846852100416e-09,0.1503713224091102,4.400091648101807,4.399864196777344,4.399976817182839,-0.2704125165756523,1255.0551351346076,313,4.400091648101807,4.400015354156494,-7.62939453125e-05,1255.0551351346076,313,0.5912580837806066,-83.0,0.1419019401073455
1030,2.891442475188163e-09,0.6574993519695843,4.400167465209961,4.399862766265869,4.399973530678233,0.5010457344314072,1255.5216416418552,314,4.399867057800293,4.400015354156494,0.0001482963562011,1255.5216416418552,314,0.5866205940643947,-84.0,0.1407889425754547
1031,2.866338849909199e-09,-0.4646586274988102,4.400091648101807,4.399796485900879,4.399987777324881,0.6910392276856396,1262.668308308348,317,4.39995813369751,4.399939060211182,-1.9073486328125e-05,1262.668308308348,317,0.5818794791897138,-85.0,0.1396510750055313
1032,3.283392052706083e-09,-0.1587257519654652,4.400091648101807,4.399862766265869,4.399984167516232,-0.4079185178497759,1274.211811810732,320,4.39986515045166,4.399939060211182,7.390975952148438e-05,1274.211811810732,320,0.577415277560552,-86.0,0.1385796666145324
1033,2.9476881797367758e-09,-0.0660760311150808,4.400091171264648,4.399865627288818,4.399974429868979,-0.696553950131821,1262.8929129131138,319,4.399941444396973,4.399939060211182,-2.384185791015625e-06,1262.8929129131138,319,0.5731301382184029,-87.0,0.1375512331724167
1034,2.6487283299853502e-09,0.1116240685952276,4.400087833404541,4.39986515045166,4.399976371611604,-0.5356386524399865,1277.1538538541645,323,4.400017261505127,4.400015354156494,-1.9073486328125e-06,1277.1538538541645,323,0.5696073174476624,-88.0,0.1367057561874389
1035,2.955193616425953e-09,0.1817574068876986,4.400091648101807,4.399864196777344,4.399993231846736,-0.6286792098814131,1281.9210810810328,325,4.400015354156494,4.400091648101807,7.62939453125e-05,1281.9210810810328,325,0.5653575683633487,-89.0,0.1356858164072036
1036,2.8706083977697566e-09,-0.2083454266117867,4.400163650512695,4.399864196777344,4.399994407171085,0.0760138665376199,1271.8666566573083,324,4.399964332580566,4.400091648101807,0.0001273155212402,1271.8666566573083,324,0.5621227125326793,-90.0,0.134909451007843
1037,1.750873843255779e-09,-0.2930659582146309,4.400089740753174,4.3998637199401855,4.399974485974253,-0.3256086701374152,1263.6736436430365,324,4.400010108947754,4.399939060211182,-7.104873657226562e-05,1263.6736436430365,324,0.5574230725566547,-91.0,0.1337815374135971
1038,3.251865754948811e-09,-0.1697460097526211,4.4001665115356445,4.3997907638549805,4.399986509896495,0.6866883357059259,1267.532532531768,326,4.400071620941162,4.399939060211182,-0.0001325607299804,1267.532532531768,326,0.5526337151726087,-92.0,0.1326320916414261
1039,3.736997787156964e-09,0.2631737476738713,4.40016508102417,4.399864196777344,4.399991945522587,-0.0837031210956209,1271.2509609609842,328,4.399946689605713,4.399939060211182,-7.62939453125e-06,1271.2509609609842,328,0.5485634009043376,-93.0,0.131655216217041
1040,3.427584212528127e-09,-0.1922819419688443,4.400091171264648,4.399862766265869,4.3999726467016265,-0.6239578259090268,1266.5701801795512,328,4.400015354156494,4.400015354156494,0.0,1266.5701801795512,328,0.5440011620521545,-94.0,0.1305602788925171
1041,3.7390586362974886e-09,1.104001486171015,4.400167942047119,4.399868011474609,4.399983658935085,0.8791820328769409,1267.7894794791937,330,4.400167942047119,4.400015354156494,-0.000152587890625,1267.7894794791937,330,0.539973999063174,-95.0,0.1295937597751617
1042,2.478411566708664e-09,-0.2475417662453361,4.400091648101807,4.399864673614502,4.4000031683180065,-0.0721615726264408,1279.7519919928163,333,4.399950981140137,4.400091648101807,0.0001406669616699,1279.7519919928163,333,0.5354953308900198,-96.0,0.1285188794136047
1043,2.701973237022465e-09,-0.2869804829741854,4.400088787078857,4.39979887008667,4.399969584906279,0.1473806787959906,1281.2092892881485,335,4.3999409675598145,4.400015354156494,7.43865966796875e-05,1281.2092892881485,335,0.531093900402387,-97.0,0.1274625360965728
1044,4.310477401423526e-09,0.5108711672185391,4.400243282318115,4.399862766265869,4.399992269544459,1.003294474893596,1275.3918718714267,335,4.399993419647217,4.399862766265869,-0.0001306533813476,1275.3918718714267,335,0.5268959328532219,-98.0,0.1264550238847732
1045,3.970499554063149e-09,-0.5024960944805605,4.400091648101807,4.399791240692139,4.399977986301694,0.1595348747655975,1276.266166165471,336,4.400091648101807,4.400091648101807,0.0,1276.266166165471,336,0.521988111237685,-99.0,0.1252771466970443
1046,3.280441537353338e-09,-0.1291842305216517,4.400091648101807,4.399862766265869,4.399987313874375,-0.559392799621425,1279.098848849535,338,4.400049686431885,4.399939060211182,-0.0001106262207031,1279.098848849535,338,0.5177032202482224,-100.0,0.1242487728595733
1047,3.2987035563483363e-09,0.1926837210231355,4.400167942047119,4.399865627288818,4.3999989441866,0.2190728951376264,1270.7564964964986,338,4.400060176849365,4.400015354156494,-4.482269287109375e-05,1270.7564964964986,338,0.5138868155578773,-101.0,0.1233328357338905
1048,2.7438498707471007e-09,-0.5501881461619866,4.400091648101807,4.399796009063721,4.399993085861206,0.5877062071063848,1275.0098798796537,340,4.400015354156494,4.400091648101807,7.62939453125e-05,1275.0098798796537,340,0.5109054657320182,-102.0,0.1226173117756843
1049,3.345172660858778e-09,-0.2275732851687298,4.400091648101807,4.399862766265869,4.399988053491442,-0.5338483151158155,1284.4205405395478,343,4.400056838989258,4.399939060211182,-0.0001177787780761,1284.4205405395478,343,0.5068573790291946,-103.0,0.1216457709670066
1050,3.097646133150417e-09,0.0125336792722228,4.400161266326904,4.399862766265869,4.3999997436478955,-0.2984298235451486,1278.573333332315,343,4.399939060211182,4.399862766265869,-7.62939453125e-05,1278.573333332315,343,0.5030456309517225,-104.0,0.1207309514284133
1051,3.0576906247250454e-09,-0.0318161022988997,4.4001665115356445,4.3997931480407715,4.3999917424002355,1.5212145446108765,1278.4561061058191,344,4.3999409675598145,4.400015354156494,7.43865966796875e-05,1278.4561061058191,344,0.4997416709860166,-105.0,0.1199380010366439
1052,2.5852057217740182e-09,-0.2457154745886889,4.400160312652588,4.39986515045166,4.400001346379861,0.5789437819462084,1290.9198898896575,348,4.3999762535095215,4.400015354156494,3.910064697265625e-05,1290.9198898896575,348,0.4956856680413087,-106.0,0.118964560329914
1053,3.5185399202690403e-09,0.1332141807451496,4.4001641273498535,4.399864196777344,4.399995408071908,-0.2018863259916195,1281.626946946606,347,4.399986267089844,4.400091648101807,0.0001053810119628,1281.626946946606,347,0.4922839192052682,-107.0,0.1181481406092643
1054,2.775289896194476e-09,-0.4683000539855396,4.40009069442749,4.399787902832031,4.399972903457555,0.4213654040878487,1301.113783784211,352,4.3999924659729,4.400015354156494,2.288818359375e-05,1301.113783784211,352,0.4877071206768354,-108.0,0.1170497089624404
1055,2.425900740065694e-09,0.1605967184092038,4.400091648101807,4.399863243103027,4.399992380629886,-0.6633845657213668,1292.5970270261168,352,4.400091648101807,4.399939060211182,-0.000152587890625,1292.5970270261168,352,0.4843615926802158,-109.0,0.1162467822432518
1056,3.062830182232027e-09,-0.1661812641472006,4.400091648101807,4.399862766265869,4.3999953596001,-0.3899776101656043,1284.1181181184947,351,4.399939060211182,4.400091648101807,0.000152587890625,1284.1181181184947,351,0.4799389901260535,-110.0,0.1151853576302528
1057,1.944946293084563e-09,-0.9966619101008456,4.40008544921875,4.399786949157715,4.399974168016669,1.6064553820199268,1300.021371372044,356,4.399939060211182,4.399939060211182,0.0,1300.021371372044,356,0.4764913581311703,-111.0,0.1143579259514808
1058,3.098591956351278e-09,-0.1540758396360111,4.400091648101807,4.399863243103027,4.399985275911481,-0.6650883019665121,1296.9333333335817,356,4.39991569519043,4.400091648101807,0.0001759529113769,1296.9333333335817,356,0.4727207124233246,-112.0,0.1134529709815979
1059,2.6091082770450326e-09,-0.0236025313148912,4.400091648101807,4.3998637199401855,4.39999809611443,-0.6951902321500985,1297.5395495500416,358,4.399964332580566,4.400015354156494,5.1021575927734375e-05,1297.5395495500416,358,0.4692380937437216,-113.0,0.1126171424984932
1060,2.828308731324687e-09,-0.039029647960024,4.400091171264648,4.399864196777344,4.399993627769512,-0.9265560523267764,1312.7969169169664,362,4.399980068206787,4.400015354156494,3.528594970703125e-05,1312.7969169169664,362,0.465767178684473,-114.0,0.1117841228842735
1061,3.394625596416797e-09,-0.7229123218561297,4.40009069442749,4.399786949157715,4.399979956550704,0.6254923090944433,1310.1863463465124,363,4.39998722076416,4.399939060211182,-4.8160552978515625e-05,1310.1863463465124,363,0.4617940634489059,-115.0,0.1108305752277374
1062,3.797040647088519e-09,-0.2801398279908033,4.40016508102417,4.399862766265869,4.400006782877576,-0.5379961815942083,1310.6698198188096,364,4.399949550628662,4.400015354156494,6.580352783203125e-05,1310.6698198188096,364,0.4575658589601517,-116.0,0.1098158061504364
1063,2.806424977599315e-09,0.6503358629600396,4.400238513946533,4.3998637199401855,4.399999559902754,2.0975960778177916,1312.2754754759371,366,4.400000095367432,4.400015354156494,1.52587890625e-05,1312.2754754759371,366,0.4530931202073892,-117.0,0.1087423488497734
1064,2.4339850055948295e-09,0.3313943255657379,4.400157451629639,4.3998637199401855,4.399986150472061,0.3121349033955831,1315.2192592602223,368,4.399939060211182,4.400015354156494,7.62939453125e-05,1315.2192592602223,368,0.4495038961370786,-118.0,0.1078809350728988
1065,3.3850346506659582e-09,-0.6199342290606575,4.400167942047119,4.399792194366455,4.3999862904134,0.467682869410873,1307.7065965961665,368,4.399939060211182,4.400167942047119,0.0002288818359375,1307.7065965961665,368,0.444887795795997,-119.0,0.1067730709910392
1066,3.5626686693980567e-09,-0.0854435517698721,4.400160312652588,4.399862766265869,4.3999903407148135,-0.101333557977441,1320.0098298303783,372,4.400015354156494,4.400091648101807,7.62939453125e-05,1320.0098298303783,372,0.4415630673368772,-120.0,0.1059751361608505
1067,3.0431008295623687e-09,-0.3272598990808102,4.400091648101807,4.3997979164123535,4.399994294273662,0.4710125154148379,1321.4766466468573,374,4.3999714851379395,4.400015354156494,4.38690185546875e-05,1321.4766466468573,374,0.4371437864998976,-121.0,0.1049145087599754
1068,2.6145155355526127e-09,-0.0814388512198132,4.400091648101807,4.399862766265869,4.399981013050786,-0.189350442965932,1336.274424424395,378,4.399939060211182,4.400015354156494,7.62939453125e-05,1336.274424424395,378,0.4333524033427238,-122.0,0.1040045768022537
1069,2.128545293652607e-09,-0.185451793689274,4.400089740753174,4.399862766265869,4.399970796373156,-0.0878504171521332,1326.356946947053,378,4.399977207183838,4.400015354156494,3.814697265625e-05,1326.356946947053,378,0.4285281834503015,-123.0,0.1028467640280723
1070,2.3565191033292462e-09,0.06913786943318,4.400091648101807,4.3998637199401855,4.39998720445131,-0.2032933676425545,1330.1041041035205,380,4.399975299835205,4.399939060211182,-3.62396240234375e-05,1330.1041041035205,380,0.4244094404081504,-124.0,0.101858265697956
1071,5.188307087979194e-09,-0.0068494420785096,4.400162220001221,4.399790287017822,4.399990345170985,-0.5210398048593428,1329.8158558551222,382,4.39998197555542,4.399939060211182,-4.291534423828125e-05,1329.8158558551222,382,0.4201289266347885,-125.0,0.1008309423923492
1072,3.508154152438761e-09,-0.5591630376859512,4.400091648101807,4.3997931480407715,4.399981185793877,0.3931874791867207,1331.9160460457206,384,4.4000396728515625,4.400015354156494,-2.4318695068359375e-05,1331.9160460457206,384,0.4161912327011426,-126.0,0.0998858958482742
1073,3.253202598152773e-09,-0.758662931314622,4.400091648101807,4.3997955322265625,4.399994137373613,0.985628787792725,1334.6281281281265,386,4.400091648101807,4.399939060211182,-0.000152587890625,1334.6281281281265,386,0.411631166934967,-127.0,0.098791480064392
1074,3.026569972442039e-09,-0.2801282351951389,4.400091648101807,4.399862766265869,4.3999995976916315,-0.2037494109545008,1338.638838838786,389,4.400015354156494,4.399862766265869,-0.000152587890625,1338.638838838786,389,0.4074127102891604,-128.0,0.0977790504693985
1075,2.572094898055413e-09,0.1080281908339138,4.400091648101807,4.399864196777344,4.399978147339575,-0.2045876475305927,1325.221261261031,388,4.4000115394592285,4.400015354156494,3.814697265625e-06,1325.221261261031,388,0.4026199070115884,-129.0,0.0966287776827812
1076,3.75428913326769e-09,0.0910773116694124,4.400163173675537,4.399790287017822,4.399993779109074,0.1900992082688954,1326.7041641641408,390,4.400015354156494,4.400015354156494,0.0,1326.7041641641408,390,0.3983453537027041,-130.0,0.0956028848886489
1077,2.7950207613782903e-09,0.0707258731411822,4.40015983581543,4.399865627288818,4.399993735521578,-0.2030387428197642,1336.2865465469658,394,4.399939060211182,4.399939060211182,0.0,1336.2865465469658,394,0.3948373409609,-131.0,0.094760961830616
1078,3.411727092096735e-09,-0.091117426614591,4.4001593589782715,4.399862766265869,4.399999083748346,-0.2200657600913302,1335.4036436434835,395,4.399908065795898,4.400015354156494,0.0001072883605957,1335.4036436434835,395,0.3910449954370658,-132.0,0.0938507989048957
1079,2.0983889313552372e-09,0.1821135498986999,4.400091648101807,4.399865627288818,4.399989864494227,-0.4008343055515784,1327.3225025031716,395,4.400015354156494,4.400015354156494,0.0,1327.3225025031716,395,0.3876118920743465,-133.0,0.0930268540978431
1080,3.004766351070047e-09,-0.2126430719816765,4.400162220001221,4.399862766265869,4.399995282666767,0.0667786323534924,1332.2151651661843,398,4.400059223175049,4.400015354156494,-4.38690185546875e-05,1332.2151651661843,398,0.3835102232793967,-134.0,0.0920424535870552
1081,3.4537751886524454e-09,0.1818569752076458,4.400163173675537,4.39986515045166,4.399995995045903,-0.6796875770608803,1330.4952752757818,399,4.399980545043945,4.399939060211182,-4.1484832763671875e-05,1330.4952752757818,399,0.379674881696701,-135.0,0.0911219716072082
1082,4.437831487215312e-09,-0.2711890963370489,4.40015983581543,4.399723529815674,4.399971429388321,0.6691716343113416,1335.1734534539282,402,4.399950981140137,4.400015354156494,6.437301635742188e-05,1335.1734534539282,402,0.3754815086722374,-136.0,0.0901155620813369
1083,4.483993015734771e-09,-0.07650593117278,4.4001665115356445,4.399787902832031,4.399993996871145,0.0994560940288451,1310.7347147148105,399,4.399905204772949,4.400015354156494,0.0001101493835449,1310.7347147148105,399,0.3717857723434766,-137.0,0.0892285853624343
1084,3.062690726570234e-09,-0.0437043971076451,4.400091648101807,4.399863243103027,4.399981564978512,-0.6747020821556462,1321.8838438447565,403,4.400015354156494,4.399939060211182,-7.62939453125e-05,1321.8838438447565,403,0.3675529112418493,-138.0,0.0882126986980438
1085,2.543843066817396e-09,-0.771124940904309,4.400091648101807,4.399790287017822,4.399963858115733,0.644531747804562,1308.857577577233,402,4.40000057220459,4.400091648101807,9.107589721679688e-05,1308.857577577233,402,0.3641529629627864,-139.0,0.0873967111110687
1086,2.437786081365854e-09,0.1749699397551194,4.400091648101807,4.39986515045166,4.399990104102149,-0.6494070811191488,1319.9837837833911,406,4.400067329406738,4.400015354156494,-5.1975250244140625e-05,1319.9837837833911,406,0.3591804765164852,-140.0,0.0862033143639564
1087,2.5802394703455643e-09,0.2876843102142865,4.400091648101807,4.3998637199401855,4.399982471092074,-0.2721504265809251,1315.2292592581362,408,4.399945259094238,4.399939060211182,-6.198883056640625e-06,1315.2292592581362,408,0.3554201374451319,-141.0,0.0853008329868316
1088,4.213308310540001e-09,-0.2817269233035576,4.400091648101807,4.399788856506348,4.399973179012029,-0.4477774840385069,1321.9934934936464,411,4.39980411529541,4.399939060211182,0.0001349449157714,1321.9934934936464,411,0.3511666320264339,-142.0,0.0842799916863441
1089,2.38561648600456e-09,0.1691179411403522,4.400091648101807,4.3998637199401855,4.399984436500363,-0.2994765823886789,1308.7836236227304,410,4.399941921234131,4.399939060211182,-2.86102294921875e-06,1308.7836236227304,410,0.3478624237080415,-143.0,0.0834869816899299
1090,2.308084858578702e-09,0.432667210562537,4.4001641273498535,4.399866580963135,4.399997841439596,-0.0075779478401658,1301.471571572125,410,4.399939060211182,4.399939060211182,0.0,1301.471571572125,410,0.3438503171006838,-144.0,0.0825240761041641
1091,2.974579201422783e-09,-0.0732984185675502,4.400091648101807,4.399862766265869,4.399984116715509,-0.5890573336928164,1309.2802802808585,414,4.399977207183838,4.399862766265869,-0.0001144409179687,1309.2802802808585,414,0.3405920229852199,-145.0,0.0817420855164527
1092,3.78866313522565e-09,-0.1625521660227951,4.400091648101807,4.399796009063721,4.39996624223276,-0.5925612271353069,1300.123173173517,414,4.400060176849365,4.399939060211182,-0.0001211166381835,1300.123173173517,414,0.3367143683135509,-146.0,0.0808114483952522
1093,1.775545436568552e-09,-0.1245471891922453,4.40009069442749,4.399865627288818,4.399999322086932,-0.2005122843974853,1298.1572972964495,415,4.400015354156494,4.399939060211182,-7.62939453125e-05,1298.1572972964495,415,0.3332248578468958,-147.0,0.079973965883255
1094,4.638086271197524e-09,-0.6691892150016713,4.400164604187012,4.399789333343506,4.399994971953243,0.4331398433822162,1289.0940540544689,415,4.399963855743408,4.399939060211182,-2.47955322265625e-05,1289.0940540544689,415,0.3299336570004622,-148.0,0.0791840776801109
