cycle_number,relax_var,relax_ske,relax_max,relax_min,relax_mean,relax_kur,relax_duration_s,relax_points,relax_start_voltage,relax_end_voltage,relax_voltage_delta,window_s,window_points,SOH,RUL,discharge_capacity_in_Ah
1,5.367233127238983e-09,-0.0756779727180369,4.400166034698486,4.399792671203613,4.399983718477446,-0.0764379738692939,544.2170670670457,116,4.399877071380615,4.399862766265869,-1.430511474609375e-05,544.2170670670457,116,1.033388326565425,542.0,0.2480131983757019
2,3.062329293849567e-09,-0.0549588278723849,4.40009069442749,4.399862766265869,4.399978542327881,-0.2984969688029233,538.7315915916115,115,4.399939060211182,4.400015354156494,7.62939453125e-05,538.7315915916115,115,1.0332360242803893,541.0,0.2479766458272934
3,1.5984051997064195e-09,-0.0853345411262803,4.400086402893066,4.399862766265869,4.399982763373333,0.1374221419485559,538.6323123123148,115,4.399993419647217,4.399862766265869,-0.0001306533813476,538.6323123123148,115,1.032986305654049,540.0,0.2479167133569717
4,1.405545343647878e-09,0.4800562323773444,4.400091648101807,4.399940013885498,4.400006428631869,0.250392669522578,510.8193893893622,110,4.400015354156494,4.400015354156494,0.0,510.8193893893622,110,1.0329402362306914,539.0,0.2479056566953659
5,3.064103217991514e-09,-0.562866482015979,4.400091648101807,4.3997883796691895,4.399971633876135,0.8228063260115075,540.3318918918958,109,4.400015354156494,4.400091648101807,7.62939453125e-05,540.3318918918958,109,1.0341293488939605,538.0,0.2481910437345504
6,4.667475930686338e-09,0.0665083392217121,4.400091648101807,4.399789810180664,4.399954930870934,-0.0704853863589929,528.2139739739941,113,4.399902820587158,4.399862766265869,-4.00543212890625e-05,528.2139739739941,113,1.033779171605905,537.0,0.2481070011854171
7,2.2256544083490042e-09,-0.3088062602941965,4.40009069442749,4.399866580963135,4.399987862173435,-0.0597621734893913,527.6623823824339,113,4.39995813369751,4.400015354156494,5.7220458984375e-05,527.6623823824339,113,1.0334437092145283,536.0,0.2480264902114868
8,2.949528973919748e-09,0.3278156218576589,4.400091648101807,4.399864673614502,4.399987106829618,-0.5906914536138439,527.8058858858421,113,4.400054454803467,4.400015354156494,-3.910064697265625e-05,527.8058858858421,113,1.0330896203716595,535.0,0.2479415088891983
9,2.66428223043058e-09,-0.475257768611743,4.40009069442749,4.399862766265869,4.399979730622959,-0.3119302434764837,527.4998198198155,113,4.400015354156494,4.399862766265869,-0.000152587890625,527.4998198198155,113,1.0327375183502834,534.0,0.247857004404068
10,2.550436037106784e-09,0.2965096694507714,4.400083541870117,4.399862766265869,4.399964995088831,0.0812254538600725,527.3215615615482,113,4.399989128112793,4.400015354156494,2.6226043701171875e-05,527.3215615615482,113,1.032410686214765,533.0,0.2477785646915435
11,7.11463297322182e-10,-1.1941144888576636,4.400036811828613,4.399939060211182,4.399998386349298,-0.0605627726243138,527.3428628628608,113,4.400036811828613,4.400015354156494,-2.1457672119140625e-05,527.3428628628608,113,1.0321567455927532,532.0,0.2477176189422607
12,2.0668544847238468e-09,-0.3125346043684754,4.400091648101807,4.399864673614502,4.399983431385682,0.0956386984841253,527.3439839839702,113,4.399954319000244,4.400015354156494,6.103515625e-05,527.3439839839702,113,1.0319170231620471,531.0,0.2476600855588913
13,3.0818236163221635e-09,0.1094244202213116,4.400088787078857,4.39986515045166,4.399974896027161,-0.6985879637153163,515.9792792792432,111,4.3999128341674805,4.400015354156494,0.0001025199890136,515.9792792792432,111,1.0318273678421974,530.0,0.2476385682821273
14,4.200724665432236e-09,-2.176890016374164,4.400091171264648,4.399712562561035,4.399984486335147,5.44455605857751,526.667947947979,113,4.400015354156494,4.399939060211182,-7.62939453125e-05,526.667947947979,113,1.0313313454389572,529.0,0.2475195229053497
15,2.203817085557555e-09,0.9575052237819696,4.400163173675537,4.399939060211182,4.39999834415132,1.1352704762397483,526.7677277277689,113,4.399983882904053,4.400091648101807,0.0001077651977539,526.7677277277689,113,1.0314124325911205,528.0,0.2475389838218689
16,2.338776872126217e-09,0.8729062771760976,4.400091648101807,4.399871349334717,4.399973557058689,0.3916697266710716,526.568168168189,113,4.399939060211182,4.399939060211182,0.0,526.568168168189,113,1.0313065722584724,527.0,0.2475135773420334
17,3.1811758569851646e-09,0.7124603703125282,4.400147914886475,4.3998637199401855,4.399970714535032,0.5875184450302342,521.5188888888806,112,4.40004301071167,4.400015354156494,-2.765655517578125e-05,521.5188888888806,112,1.0311775530378025,526.0,0.2474826127290725
18,3.544771374029065e-09,0.2383385249813502,4.400161266326904,4.399869441986084,4.400009298746565,0.2895969271206877,526.4067267266801,113,4.400015354156494,4.400091648101807,7.62939453125e-05,526.4067267266801,113,1.0311422869563105,525.0,0.2474741488695144
19,1.901578794975041e-09,-0.154773141184641,4.400091648101807,4.399939060211182,4.400014185272487,-0.5445093275175288,526.4549349349691,113,4.400091648101807,4.400091648101807,0.0,526.4549349349691,113,1.0310546184579532,524.0,0.2474531084299087
20,2.744122341765124e-09,-0.1501778884788979,4.400091648101807,4.399867057800293,4.399999013653508,-0.2849824943980823,524.1157757757464,108,4.399969577789307,4.400091648101807,0.0001220703125,524.1157757757464,108,1.035035277406375,523.0,0.2484084665775299
21,3.0802336393232532e-09,0.1104884377707592,4.400087356567383,4.399862766265869,4.39996371398101,-0.7301179951900689,517.6947947947774,111,4.400071144104004,4.399939060211182,-0.0001320838928222,517.6947947947774,111,1.034589298069477,522.0,0.2483014315366745
22,4.812768346159609e-09,0.4474396740188485,4.400167942047119,4.399868488311768,4.40001528542321,-0.5993749194654345,517.2334334334591,111,4.399939060211182,4.400015354156494,7.62939453125e-05,517.2334334334591,111,1.03416225562493,521.0,0.2481989413499832
23,3.0821997046718142e-09,0.1796581577448481,4.400091648101807,4.399868965148926,4.399992173856443,-0.7673819151408372,517.2224224223755,111,4.400051116943359,4.400091648101807,4.0531158447265625e-05,517.2224224223755,111,1.033843494951725,520.0,0.248122438788414
24,5.285605554113108e-09,-0.1525474923333353,4.400163173675537,4.399799823760986,4.399994682621312,0.4385400942145137,516.8612612612778,111,4.400015354156494,4.400015354156494,0.0,516.8612612612778,111,1.0335540398955343,519.0,0.2480529695749282
25,2.9775232331952932e-09,-0.4823573392900181,4.400091648101807,4.399864673614502,4.399992431606258,-0.2772177871953887,516.8898898898624,111,4.399914264678955,4.400015354156494,0.000101089477539,516.8898898898624,111,1.0333186636368434,518.0,0.2479964792728424
26,3.757409361760112e-09,0.3694145624978661,4.400088787078857,4.399864196777344,4.399961051073942,-0.8569655163244763,511.7970070070587,110,4.400015354156494,4.399939060211182,-7.62939453125e-05,511.7970070070587,110,1.0329729566971462,517.0,0.247913509607315
27,2.056173033348531e-09,0.777227849964735,4.400087356567383,4.399939060211182,4.399977636766863,-0.6591045712056229,516.5001001000637,111,4.400015354156494,4.399939060211182,-7.62939453125e-05,516.5001001000637,111,1.0327395051717758,516.0,0.2478574812412262
28,3.6262277035162e-09,-0.695925271098444,4.400088310241699,4.399794101715088,4.3999764167510715,0.512533145093482,516.3063063062727,111,4.400015354156494,4.400015354156494,0.0,516.3063063062727,111,1.0324083268642426,515.0,0.2477779984474182
29,3.826950054860265e-09,0.742435474657986,4.400163650512695,4.399862766265869,4.399983332373879,0.2914226518280221,511.488228228176,110,4.399939060211182,4.399939060211182,0.0,511.488228228176,110,1.0321082547307014,514.0,0.2477059811353683
30,1.949492335591187e-09,0.2639044092459701,4.400088787078857,4.399939060211182,4.39999679218639,-0.9061283415669644,511.2732832832262,110,4.399975776672363,4.400015354156494,3.9577484130859375e-05,511.2732832832262,110,1.0318104798595111,513.0,0.2476345151662826
31,2.836974123089055e-09,-0.5984216291645428,4.400091648101807,4.399864673614502,4.399997410473523,0.1537111815225671,516.100400400348,111,4.400049686431885,4.400015354156494,-3.4332275390625e-05,516.100400400348,111,1.0315708195169768,512.0,0.2475769966840744
32,1.599242336520133e-09,0.5330350505567684,4.400087833404541,4.399939060211182,4.399995073541865,-0.4015354217210243,516.2468468467705,111,4.400061130523682,4.399939060211182,-0.0001220703125,516.2468468467705,111,1.0313541317979495,511.0,0.2475249916315078
33,1.878708270725464e-09,0.2017407067524974,4.40009069442749,4.399939060211182,4.399993939442678,-0.8867358471771873,515.7766766767018,111,4.400015354156494,4.400015354156494,0.0,515.7766766767018,111,1.0311291863520942,510.0,0.2474710047245025
34,2.1428721241707683e-09,0.4438545539211784,4.400091648101807,4.399939060211182,4.399994755650426,-0.5674517899396618,515.8911911912728,111,4.400041580200195,4.400091648101807,5.0067901611328125e-05,515.8911911912728,111,1.0308936859170597,509.0,0.2474144846200943
35,4.032424089425307e-09,-0.7062701054172297,4.400091648101807,4.399862766265869,4.399999811842635,-0.1692247143095837,515.9770770771429,111,4.3999810218811035,4.400091648101807,0.0001106262207031,515.9770770771429,111,1.030814771850904,508.0,0.2473955452442169
36,5.188261501920215e-09,-0.1695954916126963,4.40015983581543,4.399794578552246,4.399984428474495,0.9639450916400168,515.9099099098239,111,4.399939060211182,4.400015354156494,7.62939453125e-05,515.9099099098239,111,1.0305916890501976,507.0,0.2473420053720474
37,3.196440470104301e-09,-0.2691377630803074,4.400091648101807,4.399863243103027,4.399991190111315,-0.6569029845248755,515.7546546547674,111,4.399934768676758,4.400015354156494,8.058547973632812e-05,515.7546546547674,111,1.0303646326065063,506.0,0.2472875118255615
38,1.768750575433227e-09,0.7283956999759065,4.400090217590332,4.399939060211182,4.399981677532196,-0.4288247463900596,520.4533333333675,112,4.400055408477783,4.400015354156494,-4.00543212890625e-05,520.4533333333675,112,1.0301480069756508,505.0,0.2472355216741562
39,3.8078880970417606e-09,0.7558555306456062,4.400167942047119,4.399939060211182,4.400016161772582,-0.2169686935447727,515.6962962963153,111,4.400038242340088,4.400167942047119,0.0001296997070312,515.6962962963153,111,1.0300147657593093,504.0,0.2472035437822342
40,1.479675068067028e-09,-0.7654250691805911,4.400091648101807,4.399864196777344,4.399991533777735,0.9250041816165536,515.6280280279461,111,4.400053977966309,4.400091648101807,3.7670135498046875e-05,515.6280280279461,111,1.0297272354364395,503.0,0.2471345365047454
41,3.096597765575324e-09,0.7519241932353546,4.400152683258057,4.399868488311768,4.399985201723941,0.519678122775872,515.3879879880697,111,4.4000468254089355,4.400015354156494,-3.147125244140625e-05,515.3879879880697,111,1.0294145594040554,502.0,0.2470594942569732
42,2.657533388254579e-09,-0.6194408001132011,4.40009069442749,4.399864673614502,4.400001482920604,0.1458315285262661,515.3483483484015,111,4.3999810218811035,4.400015354156494,3.4332275390625e-05,515.3483483484015,111,1.0292582213878632,501.0,0.2470219731330871
43,4.861322961033804e-09,-0.2807728036646481,4.400091648101807,4.399862766265869,4.399993965217659,-0.9170567469163616,515.2800800800323,111,4.400022983551025,4.399862766265869,-0.0001602172851562,515.2800800800323,111,1.0291353488961856,500.0,0.2469924837350845
44,2.078725913837787e-09,0.2732964516636177,4.40009069442749,4.399939060211182,4.399994854416166,-1.0055404076765138,520.0955555555411,112,4.400021553039551,4.399939060211182,-8.249282836914062e-05,520.0955555555411,112,1.0290189335743587,499.0,0.246964544057846
45,2.75102530953001e-09,-0.0747255636814208,4.40009069442749,4.399792671203613,4.399948395050324,1.478403315757164,515.0356356357224,111,4.399967670440674,4.399939060211182,-2.86102294921875e-05,515.0356356357224,111,1.0287877793113391,498.0,0.2469090670347213
46,3.1968117659691494e-09,0.3510120111234006,4.400088787078857,4.399866580963135,4.399969603334155,-0.7789957688882896,519.9711111111101,112,4.399939060211182,4.399939060211182,0.0,519.9711111111101,112,1.0286441072821615,497.0,0.2468745857477188
47,3.099066836987297e-09,0.2178127950265784,4.400091648101807,4.399862766265869,4.399986803531647,-0.4955209453170885,520.0044444445521,112,4.399986267089844,4.400091648101807,0.0001053810119628,520.0044444445521,112,1.0284691428144774,496.0,0.2468325942754745
48,4.764608702264623e-09,-1.016800568337664,4.400167942047119,4.3997907638549805,4.400009292740005,1.6424045587146074,514.9981981981546,111,4.399989128112793,4.400015354156494,2.6226043701171875e-05,514.9981981981546,111,1.0282751793662708,495.0,0.2467860430479049
49,1.6231346357066335e-09,-0.0216835146284287,4.40009069442749,4.399939060211182,4.4000102281570435,-0.5680483989927523,519.6866666667629,112,4.400054931640625,4.400015354156494,-3.9577484130859375e-05,519.6866666667629,112,1.0281442975004516,494.0,0.2467546314001083
50,2.397841154576537e-09,0.0084284711463856,4.40009069442749,4.399869918823242,4.399983908448901,-0.5601274927001447,519.6999999999534,112,4.399943828582764,4.399939060211182,-4.76837158203125e-06,519.6999999999534,112,1.0279815023144088,493.0,0.246715560555458
51,3.098136327778358e-09,-0.6885328611217916,4.400091648101807,4.3997931480407715,4.3999559836728235,0.3741197808557834,519.4366666667629,112,4.399977684020996,4.400091648101807,0.0001139640808105,519.4366666667629,112,1.0276732966303823,492.0,0.2466415911912918
52,2.8168955936593735e-09,-0.3478419145643802,4.400091648101807,4.39986515045166,4.399998307228088,-0.1565884791919654,519.5888888889458,112,4.399896144866943,4.400015354156494,0.0001192092895507,519.5888888889458,112,1.0275730242331824,491.0,0.2466175258159637
53,3.088213840807863e-09,0.2457896963937683,4.400160312652588,4.399939060211182,4.400023698806763,-0.4846203071395116,519.4588888888247,112,4.400091648101807,4.400015354156494,-7.62939453125e-05,519.4588888888247,112,1.0273523007829986,490.0,0.2465645521879196
54,4.8910594207670365e-09,1.3244547433457643,4.400228500366211,4.399862766265869,4.3999737330845425,2.4854809227246433,519.4122222221922,112,4.4001569747924805,4.399862766265869,-0.0002942085266113,519.4122222221922,112,1.02716280768315,489.0,0.246519073843956
55,2.857697306236712e-09,0.4920988757216502,4.400161266326904,4.399871826171875,4.399996882086402,0.1117307570633174,514.2714714715257,111,4.400048732757568,4.400015354156494,-3.337860107421875e-05,514.2714714715257,111,1.0269940520326295,488.0,0.2464785724878311
56,2.3818811576317367e-09,-0.744072344574433,4.40009069442749,4.399862766265869,4.399993517569134,0.4429936930323679,519.2344444445334,112,4.399973392486572,4.399862766265869,-0.0001106262207031,519.2344444445334,112,1.0268336161971092,487.0,0.2464400678873062
57,2.365527536471774e-09,0.3546475314985722,4.400091648101807,4.399939060211182,4.400006106921604,-0.821149502882538,519.405555555597,112,4.400058746337891,4.400015354156494,-4.3392181396484375e-05,519.405555555597,112,1.026725210249424,486.0,0.2464140504598617
58,3.086169654166083e-09,-0.11945850830798,4.400091648101807,4.39986515045166,4.400002807378769,-0.6555229214980347,519.1766666667536,112,4.399900913238525,4.400015354156494,0.0001144409179687,519.1766666667536,112,1.0265542815128963,485.0,0.2463730275630951
59,5.242106214288797e-09,0.4920793708173476,4.40015983581543,4.39986515045166,4.399989302669253,-0.5333266119323685,519.3933333333116,112,4.400015354156494,4.400015354156494,0.0,519.3933333333116,112,1.026404400666555,484.0,0.2463370561599731
60,1.262373360427603e-09,0.1033432969094332,4.400091648101807,4.399941444396973,4.400024103266852,0.028925788197446,519.216666666558,112,4.400015354156494,4.400015354156494,0.0,519.216666666558,112,1.0262316092848778,483.0,0.2462955862283706
61,1.6161463153023675e-09,0.2220125137370953,4.400087833404541,4.399939060211182,4.400002168757575,-0.629444063517179,519.2722222222947,112,4.400015354156494,4.400015354156494,0.0,519.2722222222947,112,1.0261066257953644,482.0,0.2462655901908874
62,2.5800588241011623e-09,0.7113576818127321,4.40008544921875,4.399864196777344,4.399953165224621,0.3674676775761063,519.2333333333954,112,4.400071144104004,4.400015354156494,-5.5789947509765625e-05,519.2333333333954,112,1.025973198314508,481.0,0.2462335675954818
63,2.998364587073617e-09,-0.5739288638424614,4.400087833404541,4.399864673614502,4.399999899523599,-0.2357444504795913,518.9488888888154,112,4.400015354156494,4.399939060211182,-7.62939453125e-05,518.9488888888154,112,1.0257897277673087,480.0,0.246189534664154
64,3.0688516701394246e-09,0.7856782590276158,4.400167465209961,4.399863243103027,4.3999726091112406,1.6517919534355867,519.2211111111101,112,4.399967670440674,4.399939060211182,-2.86102294921875e-05,519.2211111111101,112,1.0256460557381313,479.0,0.2461550533771515
65,2.177625269009631e-09,-0.4180776451984189,4.400091648101807,4.399864673614502,4.399982695068632,0.165102699954434,519.0788888889365,112,4.399977207183838,4.399939060211182,-3.814697265625e-05,519.0788888889365,112,1.0256648063659668,478.0,0.246159553527832
66,2.830876514184769e-09,-0.2578941991458712,4.400091648101807,4.399864196777344,4.400006115436554,-0.3320769752798269,518.905555555597,112,4.400055885314941,4.400015354156494,-4.0531158447265625e-05,518.905555555597,112,1.02535430341959,477.0,0.2460850328207016
67,3.458863146173523e-09,-0.054535757767535,4.400091648101807,4.399866104125977,4.39997720296404,-0.8350977524116043,523.990710710641,113,4.400015354156494,4.400091648101807,7.62939453125e-05,523.990710710641,113,1.0252773761749268,476.0,0.2460665702819824
68,2.329735390979073e-09,-0.1890448972951497,4.400087833404541,4.399866580963135,4.399989870797216,-0.3122309608216946,523.6734334335197,113,4.399971961975098,4.400015354156494,4.3392181396484375e-05,523.6734334335197,113,1.0250650346279144,475.0,0.2460156083106994
69,2.1437758830378622e-09,0.1534239618185615,4.400091648101807,4.399939060211182,4.4000009562061955,-1.0612498934450674,523.640920920996,113,4.399974346160889,4.400091648101807,0.0001173019409179,523.640920920996,113,1.0249794771273932,474.0,0.2459950745105743
70,3.003659639329566e-09,0.3381526226759292,4.400091648101807,4.3998637199401855,4.399971634149551,-0.1951422738014279,518.7222222222481,112,4.400015354156494,4.400015354156494,0.0,518.7222222222481,112,1.0248232632875445,473.0,0.2459575831890106
71,2.491622699954524e-09,-0.1315031738142634,4.400091648101807,4.399866104125977,4.399997651576996,-0.0354723036097701,518.7600000000093,112,4.399999141693115,4.400015354156494,1.621246337890625e-05,518.7600000000093,112,1.024721252421538,472.0,0.2459331005811691
72,5.9414906258036115e-09,-0.4416055503530876,4.400091648101807,4.399789810180664,4.399976911797988,-0.6438157477226811,523.6084084084723,113,4.3998613357543945,4.400091648101807,0.0002303123474121,523.6084084084723,113,1.0246253882845244,471.0,0.2459100931882858
73,3.0897123818388675e-09,-0.1467270014301823,4.400091648101807,4.399939060211182,4.400020807981491,-1.4235077955650768,518.7244444445241,112,4.399939060211182,4.400015354156494,7.62939453125e-05,518.7244444445241,112,1.024589935938517,470.0,0.2459015846252441
74,3.167825353385352e-09,0.0900851673447743,4.400153636932373,4.399866104125977,4.399989724159241,0.8838302902953394,518.3844444444403,112,4.400051593780518,4.400015354156494,-3.62396240234375e-05,518.3844444444403,112,1.0243022814393044,469.0,0.245832547545433
75,1.761151152992255e-09,-0.2533005239628819,4.400015354156494,4.39986515045166,4.399962893629496,-0.8050561508493876,523.2900100101251,113,4.399939060211182,4.400015354156494,7.62939453125e-05,523.2900100101251,113,1.024614895383517,468.0,0.245907574892044
76,4.034888674284059e-09,-0.3515882376212796,4.400091648101807,4.399862766265869,4.399989894458225,-0.5697662859960935,518.6111111110076,112,4.399960994720459,4.400015354156494,5.435943603515625e-05,518.6111111110076,112,1.0241338362296424,467.0,0.2457921206951141
77,2.6387171004204374e-09,-0.0818133518078098,4.400090217590332,4.399863243103027,4.399978722091269,-0.4321784163720412,523.3785785785876,113,4.400015354156494,4.400015354156494,0.0,523.3785785785876,113,1.024034060537815,466.0,0.2457681745290756
78,1.4262228302423627e-09,-0.1283188781104943,4.400091648101807,4.399939060211182,4.400011033083485,0.5974761804559718,523.4043643644545,113,4.400015354156494,4.400015354156494,0.0,523.4043643644545,113,1.0239504898587863,465.0,0.2457481175661087
79,3.073565869712103e-09,-0.5056347030249083,4.400086879730225,4.399862766265869,4.399976568562644,-0.4246162150375148,518.2900000000373,112,4.399971008300781,4.399939060211182,-3.1948089599609375e-05,518.2900000000373,112,1.0237275312344234,464.0,0.2456946074962616
80,3.8384065461130435e-09,0.6062305795569157,4.400158405303955,4.399863243103027,4.399985178381995,0.0512862846764035,523.2619819820393,113,4.400111198425293,4.399939060211182,-0.0001721382141113,523.2619819820393,113,1.0236587996284168,463.0,0.24567811191082
81,1.8470921143209847e-09,0.4788216745759914,4.400091648101807,4.399939060211182,4.3999998042013795,-0.3282907296967914,523.1891091091093,113,4.399939060211182,4.399939060211182,0.0,523.1891091091093,113,1.0235213985045752,462.0,0.245645135641098
82,3.331861150794455e-09,-1.2171593672450272,4.40009069442749,4.399796009063721,4.399986494958928,2.036485187424054,523.2305905905087,113,4.399997234344482,4.399939060211182,-5.817413330078125e-05,523.2305905905087,113,1.0234629735350609,461.0,0.2456311136484146
83,2.280574996162456e-09,-0.3888316090857851,4.400085926055908,4.399864196777344,4.399979768601139,-0.3651798157254604,523.2451651652809,113,4.40002965927124,4.400015354156494,-1.430511474609375e-05,523.2451651652809,113,1.0232901200652122,460.0,0.2455896288156509
84,3.995788977403146e-09,-0.6766854186663708,4.400088310241699,4.399786472320557,4.399971037839366,0.6303311815412962,523.3169169169851,113,4.400026321411133,4.399939060211182,-8.726119995117188e-05,523.3169169169851,113,1.02321511755387,459.0,0.2455716282129287
85,3.925771826736112e-09,-0.1849629840084321,4.400091648101807,4.399868011474609,4.399985279657145,-1.0105992927928868,523.0915715715382,113,4.399986267089844,4.400091648101807,0.0001053810119628,523.0915715715382,113,1.0230670993526778,458.0,0.2455361038446426
86,3.2184139935558592e-09,0.0309476529044965,4.400088787078857,4.399862766265869,4.399973396669354,-0.5300293106713068,527.9441441441886,114,4.399939060211182,4.399939060211182,0.0,527.9441441441886,114,1.0231630255778632,457.0,0.2455591261386871
87,4.631181407743712e-09,0.0529269180359844,4.400234222412109,4.3998003005981445,4.400009497077064,2.840524997458525,522.9716116115451,113,4.400043964385986,4.400015354156494,-2.86102294921875e-05,522.9716116115451,113,1.0228337720036509,456.0,0.2454801052808761
88,2.108726319472912e-09,-0.1029047039948384,4.400091648101807,4.399878025054932,4.400007436149998,-0.1159987882010336,528.0323723724578,114,4.39996862411499,4.400091648101807,0.0001230239868164,528.0323723724578,114,1.0227068637808163,455.0,0.2454496473073959
89,2.4296286808544188e-09,-0.3810773353891343,4.400091171264648,4.399867057800293,4.400005374334555,-0.2640226677414956,522.8583783784416,113,4.399970054626465,4.400015354156494,4.5299530029296875e-05,522.8583783784416,113,1.0225299124916396,454.0,0.2454071789979934
90,1.7858302130288704e-09,-0.1503641058582139,4.400091648101807,4.399863243103027,4.399963985409653,-0.1428032151310492,527.9893893892877,114,4.399939060211182,4.400091648101807,0.000152587890625,527.9893893892877,114,1.022488002975782,453.0,0.2453971207141876
91,2.337297810452288e-09,-0.5037990176495384,4.400091171264648,4.399939060211182,4.400023159227874,-0.9895310227319364,527.689639639575,114,4.400067329406738,4.400015354156494,-5.1975250244140625e-05,527.689639639575,114,1.0223150253295898,452.0,0.2453556060791015
92,4.687169056857383e-09,-0.384527073042776,4.400156497955322,4.399794578552246,4.39999512622231,0.6561924232650318,527.789179179119,114,4.399991035461426,4.400015354156494,2.4318695068359375e-05,527.789179179119,114,1.0223610326647758,451.0,0.2453666478395462
93,2.7949205877053303e-09,0.1918293444456248,4.400091171264648,4.399868488311768,4.399980684297275,-0.6586658278179089,522.7821421420667,113,4.400015354156494,4.400015354156494,0.0,522.7821421420667,113,1.022214877108733,450.0,0.2453315705060959
94,2.2149628511434875e-09,-0.5645335689648722,4.400015354156494,4.399863243103027,4.399966429820103,-0.9164457396638684,522.8180180180352,113,4.399982452392578,4.399939060211182,-4.3392181396484375e-05,522.8180180180352,113,1.0218253980080287,449.0,0.2452380955219268
95,2.18786075701086e-09,-0.1602218913798145,4.400089740753174,4.399872303009033,4.400000006751677,-0.3029525141537519,522.7597197196446,113,4.400015354156494,4.400015354156494,0.0,522.7597197196446,113,1.0217693323890369,448.0,0.2452246397733688
96,2.532918316152648e-09,0.9575728314998064,4.400157451629639,4.399939060211182,4.400000588935718,0.8497645041003317,527.4769869870506,114,4.399957656860352,4.400015354156494,5.7697296142578125e-05,527.4769869870506,114,1.0216506198048592,447.0,0.2451961487531662
97,2.486097201312192e-09,0.0517074894325127,4.400091648101807,4.399875164031982,4.399998137825413,-0.4273092419277824,527.5663463464007,114,4.3999552726745605,4.399939060211182,-1.621246337890625e-05,527.5663463464007,114,1.0215130324165027,446.0,0.2451631277799606
98,1.592520510122256e-09,0.0216126356385278,4.400086402893066,4.399939060211182,4.400002165844566,-0.561532003904631,527.3073173172306,114,4.399996757507324,4.400015354156494,1.8596649169921875e-05,527.3073173172306,114,1.021388048926989,445.0,0.2451331317424774
99,1.136202194586735e-09,-0.1735230678491695,4.400091648101807,4.399939060211182,4.3999957912846615,-0.0417159004954728,527.5618218218442,114,4.39998197555542,4.400091648101807,0.0001096725463867,527.5618218218442,114,1.02153184513251,444.0,0.2451676428318023
100,2.0315903913703755e-09,0.5244197111810217,4.400082588195801,4.39986515045166,4.399969360284638,-0.1548652142966045,527.3898898898624,114,4.399909019470215,4.399939060211182,3.0040740966796875e-05,527.3898898898624,114,1.0214193413654964,443.0,0.2451406419277191
101,4.0560061566178506e-09,0.4228071191573107,4.400157928466797,4.399866104125977,4.399981963007074,-0.0735564301812203,527.348038038006,114,4.400064468383789,4.400015354156494,-4.9114227294921875e-05,527.348038038006,114,1.0215713332096736,442.0,0.2451771199703216
102,2.403697697689509e-09,-0.3412610652296259,4.400087833404541,4.399864196777344,4.399977304239188,-0.460879695961899,522.4771971972659,113,4.399956703186035,4.400015354156494,5.8650970458984375e-05,522.4771971972659,113,1.021169436474641,441.0,0.2450806647539138
103,2.827312897628297e-09,-0.4317383312132851,4.400091648101807,4.39986515045166,4.399994833427563,-0.2218113190531778,527.3344644643366,114,4.400091648101807,4.400015354156494,-7.62939453125e-05,527.3344644643366,114,1.0209672152996063,440.0,0.2450321316719055
104,2.1898746639815827e-09,-0.0649482062056784,4.400089740753174,4.399869441986084,4.399984301182261,-0.2745860396734492,527.420430430444,114,4.400073051452637,4.400015354156494,-5.7697296142578125e-05,527.420430430444,114,1.020906989773115,439.0,0.2450176775455474
105,3.215961704394907e-09,-0.1059489436819991,4.4001641273498535,4.399870872497559,4.400008983779371,-0.0398969508452018,527.4407907908317,114,4.399939060211182,4.400091648101807,0.000152587890625,527.4407907908317,114,1.020667391518752,438.0,0.2449601739645004
106,2.629001750483708e-09,0.8323915648490676,4.400163650512695,4.399939060211182,4.400008360544841,0.7950353013012261,527.0652552552056,114,4.400015354156494,4.400015354156494,0.0,527.0652552552056,114,1.0204985116918883,437.0,0.2449196428060531
107,1.6387078133409535e-09,1.1030495729617464,4.400091648101807,4.399939060211182,4.399975099061665,0.5007990240539022,527.3163663663436,114,4.400031089782715,4.400091648101807,6.0558319091796875e-05,527.3163663663436,114,1.0204235712687175,436.0,0.2449016571044922
108,3.159110713471782e-09,0.7302170455028387,4.400165557861328,4.399939060211182,4.400007490526166,-0.2251430599185697,527.1523523523938,114,4.400153636932373,4.400015354156494,-0.0001382827758789,527.1523523523938,114,1.0202880327900252,435.0,0.244869127869606
109,3.1684224404913922e-09,0.3286252410479954,4.4001617431640625,4.39986515045166,4.3999897583671235,0.7446738785435594,532.143783783773,115,4.400015354156494,4.400015354156494,0.0,532.143783783773,115,1.0203484445810318,434.0,0.2448836266994476
110,2.75259413420184e-09,-0.0006065212167114,4.400091648101807,4.399866104125977,4.400000308689318,-0.7214383128713844,527.2134334333241,114,4.400008201599121,4.400015354156494,7.152557373046875e-06,527.2134334333241,114,1.020202785730362,433.0,0.2448486685752868
111,2.618650794248113e-09,-0.5398767971161139,4.400089740753174,4.399864196777344,4.399993536765115,-0.006071108874559,527.294874874875,114,4.399992942810059,4.400015354156494,2.2411346435546875e-05,527.294874874875,114,1.019942325850328,432.0,0.2447861582040786
112,2.8992135477362795e-09,0.1377028080403777,4.400084972381592,4.399863243103027,4.399960839957521,-0.8268787312323771,526.8345045044553,114,4.399974346160889,4.400015354156494,4.100799560546875e-05,526.8345045044553,114,1.0198526084423063,431.0,0.2447646260261535
113,3.473277802958589e-09,1.347017280814671,4.400240898132324,4.399862766265869,4.4000140574940465,3.516690935418809,526.9758958958555,114,4.399939060211182,4.399862766265869,-7.62939453125e-05,526.9758958958555,114,1.0197818279266355,430.0,0.2447476387023925
114,2.351090007246358e-09,-0.1412416540819353,4.400091648101807,4.399866580963135,4.39999302988467,-0.020622413644896,531.9052852853201,115,4.40006160736084,4.400091648101807,3.0040740966796875e-05,531.9052852853201,115,1.0197507217526436,429.0,0.2447401732206344
115,2.6661565582797e-09,0.0710442702902287,4.400091648101807,4.399864196777344,4.39999883485877,-0.5880334148123287,531.9440840841271,115,4.39996862411499,4.400015354156494,4.673004150390625e-05,531.9440840841271,115,1.019548811018467,428.0,0.244691714644432
116,4.035452349449459e-09,-0.279318735191555,4.400091648101807,4.399800777435303,4.3999816242017245,0.3089361650672009,526.944224224193,114,4.399939060211182,4.400015354156494,7.62939453125e-05,526.944224224193,114,1.019354723393917,427.0,0.2446451336145401
117,5.185207353000126e-09,-0.0383087659127855,4.400091648101807,4.399806499481201,4.39996934355351,-0.7962527275290268,526.8910610610619,114,4.399990558624268,4.400015354156494,2.47955322265625e-05,526.8910610610619,114,1.0195090125004451,426.0,0.2446821630001068
118,1.984779743273401e-09,-0.1855518797344083,4.400086879730225,4.399868011474609,4.3999787338993,0.0286003665505822,526.8978478477802,114,4.4000749588012695,4.399939060211182,-0.0001358985900878,526.8978478477802,114,1.0193111995855968,425.0,0.2446346879005432
119,1.692215589182448e-09,0.6983409892389447,4.400091648101807,4.399868965148926,4.39997093781181,0.4634503149416922,531.6542342342436,115,4.400015354156494,4.400091648101807,7.62939453125e-05,531.6542342342436,115,1.0195006926854453,424.0,0.2446801662445068
120,3.03664594113629e-09,0.6040474675348132,4.400088787078857,4.39986515045166,4.399961305516107,-0.2549021257647572,536.5433333334513,112,4.399877548217773,4.399939060211182,6.151199340820312e-05,536.5433333334513,112,1.0240753491719563,423.0,0.2457780838012695
121,1.437501816200142e-09,0.2553776574351849,4.400091648101807,4.39993953704834,4.400012990702754,-0.0443384955043595,534.3153753755614,115,4.3999552726745605,4.400015354156494,6.008148193359375e-05,534.3153753755614,115,1.0237857078512511,422.0,0.2457085698843002
122,4.013220364995824e-09,-0.6997886895765836,4.400091648101807,4.399801254272461,4.4000012397766115,0.5582539622396041,533.9912912910804,115,4.400015354156494,4.399939060211182,-7.62939453125e-05,533.9912912910804,115,1.0234483207265537,421.0,0.2456275969743728
123,4.666011126199671e-09,-0.9589679426099404,4.400091648101807,4.39971923828125,4.399950554496364,1.6183426516783093,528.9022122123279,114,4.400015354156494,4.399939060211182,-7.62939453125e-05,528.9022122123279,114,1.0230336959163349,420.0,0.2455280870199203
124,2.8852425279459275e-09,0.5146101017710067,4.40015983581543,4.399866580963135,4.399999643626966,0.8200458340662062,528.5979379378259,114,4.399939060211182,4.400015354156494,7.62939453125e-05,528.5979379378259,114,1.0230649262666702,419.0,0.2455355823040008
125,1.2134643943298651e-09,-0.2946598594460879,4.400090217590332,4.399939060211182,4.400015203576339,0.4853973322521026,528.3456956958398,114,4.400001049041748,4.400015354156494,1.430511474609375e-05,528.3456956958398,114,1.0256856059034667,418.0,0.2461645454168319
126,2.289174095527447e-09,-1.593557911187219,4.400015354156494,4.399796962738037,4.399973690509796,2.937107562570846,519.1633333330974,112,4.400015354156494,4.400015354156494,0.0,519.1633333330974,112,1.0227255523204803,417.0,0.2454541325569152
127,1.1389810708550243e-09,-0.3998864188031548,4.400091648101807,4.399939060211182,4.39999104382699,-0.7211260837581501,528.4260060060769,114,4.399939060211182,4.400091648101807,0.000152587890625,528.4260060060769,114,1.0217548658450446,416.0,0.2452211678028106
128,3.870705320192771e-09,0.2437821713145467,4.400091648101807,4.399862766265869,4.399969486568285,-0.4692489325375408,532.8821021020412,115,4.399899959564209,4.399939060211182,3.910064697265625e-05,532.8821021020412,115,1.0214485228061676,415.0,0.2451476454734802
129,1.7377316018719751e-09,-0.1179025439829135,4.400091648101807,4.399866580963135,4.399979475270147,0.2909045851067171,532.8855255255476,115,4.400015354156494,4.400091648101807,7.62939453125e-05,532.8855255255476,115,1.021236057082812,414.0,0.2450966536998748
130,3.1064008463636832e-09,0.7589587356389931,4.400091648101807,4.399863243103027,4.399957836719981,0.2731480830607298,527.8694894895889,114,4.400079727172852,4.400015354156494,-6.437301635742188e-05,527.8694894895889,114,1.020867315431436,413.0,0.2450081557035446
131,5.628979674037504e-09,-0.0623747819011086,4.400162696838379,4.399864196777344,4.400004515440568,-0.883617425786404,532.4963963963091,115,4.400069236755371,4.400091648101807,2.2411346435546875e-05,532.4963963963091,115,1.0205693542957306,412.0,0.2449366450309753
132,1.263599457122185e-09,-0.2566776534204431,4.400091648101807,4.399874210357666,4.399980379187542,-0.0521301313831057,532.3172372374684,115,4.400000095367432,4.400091648101807,9.1552734375e-05,532.3172372374684,115,1.0202964767813685,411.0,0.2448711544275283
133,2.733116111191807e-09,0.5844104389352,4.400091648101807,4.399866104125977,4.399952104817266,-0.0419339692529447,532.2864264263771,115,4.399990558624268,4.400091648101807,0.000101089477539,532.2864264263771,115,1.0200340300798416,410.0,0.244808167219162
134,2.475371174822425e-09,-0.1947939840920853,4.400091648101807,4.3998703956604,4.399978936236837,-0.2584879529316009,532.120960961096,115,4.400064945220947,4.400091648101807,2.6702880859375e-05,532.120960961096,115,1.0201257343093555,409.0,0.2448301762342453
135,1.779981880394572e-09,-0.4387976416057058,4.400086879730225,4.39986515045166,4.399985204663193,-0.0011240851145926,527.3797097099014,114,4.4000020027160645,4.399939060211182,-6.29425048828125e-05,527.3797097099014,114,1.019727811217308,408.0,0.2447346746921539
136,2.3454573837660894e-09,-0.1158962971011944,4.400091648101807,4.399865627288818,4.399995459680972,0.145653577011406,532.1780180181377,115,4.40003776550293,4.399939060211182,-9.870529174804688e-05,532.1780180181377,115,1.0193861400087676,407.0,0.2446526736021042
137,1.5627855091717327e-09,-0.7327884736944886,4.40002965927124,4.399863243103027,4.39996803117835,-0.0638111496627948,532.1289489488117,115,4.40002965927124,4.399939060211182,-9.059906005859376e-05,532.1289489488117,115,1.0192028557260833,406.0,0.2446086853742599
138,2.3608428984099016e-09,0.518354529709884,4.400091648101807,4.399939060211182,4.399996695311173,-0.8343462267702129,531.9931531529874,115,4.40000057220459,4.399939060211182,-6.151199340820312e-05,531.9931531529874,115,1.0189486667513847,405.0,0.2445476800203323
139,2.464977224635417e-09,0.3204273439505763,4.400163650512695,4.3999433517456055,4.4000331245619675,-0.2326978837740925,536.9348848848604,116,4.400030136108398,4.400015354156494,-1.4781951904296877e-05,536.9348848848604,116,1.0187861199180286,404.0,0.2445086687803268
140,4.7548805497074215e-09,0.3394202350619041,4.4001665115356445,4.399862766265869,4.399988535176153,-0.684226962030877,531.8333933935501,115,4.399931907653809,4.399862766265869,-6.914138793945312e-05,531.8333933935501,115,1.018692490955194,403.0,0.2444861978292465
141,4.0431034402456655e-09,-1.360357794299117,4.400091648101807,4.399789810180664,4.399983920221743,1.266886398787383,531.4419819819741,115,4.399881839752197,4.400015354156494,0.0001335144042968,531.4419819819741,115,1.0182945057749748,402.0,0.2443906813859939
142,3.186347941386114e-09,-0.3921456741870474,4.400091648101807,4.399862766265869,4.399978514375357,-0.4546961269512919,536.5515515515581,116,4.400026798248291,4.400015354156494,-1.1444091796875e-05,536.5515515515581,116,1.0182466357946396,401.0,0.2443791925907135
143,4.256291322374231e-09,-0.5992207176498463,4.400089740753174,4.399792671203613,4.3999863458716355,0.1708897200067172,531.7603603601456,115,4.400089740753174,4.399939060211182,-0.0001506805419921,531.7603603601456,115,1.0183947160840034,400.0,0.2444147318601608
144,2.321606214739158e-09,-0.0063509908452528,4.400091648101807,4.399864673614502,4.399987332717232,-0.4253694677240465,531.7546546547674,115,4.400025367736816,4.400015354156494,-1.0013580322265623e-05,531.7546546547674,115,1.017998717725277,399.0,0.2443196922540664
145,4.3152312271151014e-09,0.2776917541453903,4.400166988372803,4.3998703956604,4.400009731624437,-0.8053205408619717,531.7192792794667,115,4.3998870849609375,4.400091648101807,0.0002045631408691,531.7192792794667,115,1.0177007565895717,398.0,0.2442481815814972
146,2.191904372082681e-09,-0.189690763379169,4.400089740753174,4.399872303009033,4.399996432764777,-0.2707452734945534,536.4882382382639,116,4.400051593780518,4.399939060211182,-0.0001125335693359,536.4882382382639,116,1.0175008326768875,397.0,0.244200199842453
147,3.667307948838978e-09,-0.2096422261451641,4.40008544921875,4.399862766265869,4.399974152959627,-0.7236327491817267,536.472122122068,116,4.399953842163086,4.400015354156494,6.151199340820312e-05,536.472122122068,116,1.0173507034778595,396.0,0.2441641688346862
148,5.14675565787404e-09,-0.2011589575310892,4.400167942047119,4.399790287017822,4.399973112961342,0.4224027622829962,536.323623623699,116,4.399953842163086,4.399939060211182,-1.4781951904296877e-05,536.323623623699,116,1.0171402245759964,395.0,0.2441136538982391
149,1.679660320608844e-09,-0.5426781834657131,4.400015354156494,4.399866104125977,4.399973610351825,-0.6949861639970756,536.0508008007891,116,4.400001525878906,4.400015354156494,1.3828277587890623e-05,536.0508008007891,116,1.016957126557827,394.0,0.2440697103738784
150,3.050381466259157e-09,-0.4527903356712591,4.400083541870117,4.399789810180664,4.399952530860901,0.4206792069054819,536.0876376377419,116,4.399960517883301,4.399939060211182,-2.1457672119140625e-05,536.0876376377419,116,1.0167718554536502,393.0,0.244025245308876
151,2.76772046693812e-09,0.1390200434137729,4.400088787078857,4.399862766265869,4.399976274062848,-0.4229602827913319,536.1636136136949,116,4.399874210357666,4.399862766265869,-1.1444091796875e-05,536.1636136136949,116,1.016496680676937,392.0,0.2439592033624649
152,3.06559116296299e-09,-0.0825273319863741,4.400091648101807,4.399864196777344,4.3999794474963485,-0.6656529221341989,536.1705205203034,116,4.400091648101807,4.400015354156494,-7.62939453125e-05,536.1705205203034,116,1.016636130710443,391.0,0.2439926713705063
153,1.91120485421367e-09,-0.5926966366901101,4.400091648101807,4.399868488311768,4.400010548788925,1.3617861178254738,535.7814314314164,116,4.400009632110596,4.400015354156494,5.7220458984375e-06,535.7814314314164,116,1.0162238652507465,390.0,0.2438937276601791
154,2.450064872207104e-09,-0.1027434619118342,4.400089263916016,4.39986515045166,4.399983483501988,-0.4477543219068924,540.8990590590984,117,4.3999433517456055,4.400015354156494,7.200241088867188e-05,540.8990590590984,117,1.015938570102056,389.0,0.2438252568244934
155,3.1460597805060638e-09,0.0119658627601003,4.400089740753174,4.3998637199401855,4.399965127309163,-0.8110026383192963,541.0372372372076,117,4.400012493133545,4.400015354156494,2.86102294921875e-06,541.0372372372076,117,1.0158363729715347,388.0,0.2438007295131683
156,1.3734757419348503e-09,-0.5733873354489929,4.400015354156494,4.399866104125977,4.3999725456895495,-0.2124708979046126,535.7204204206355,116,4.399866104125977,4.400015354156494,0.0001492500305175,535.7204204206355,116,1.0155738641818366,387.0,0.2437377274036407
157,5.5327977669796405e-09,0.6393007908280651,4.4001593589782715,4.399864196777344,4.399976624382867,-0.2647374340636483,540.7655255254358,117,4.400156021118164,4.400091648101807,-6.437301635742188e-05,540.7655255254358,117,1.0154509916901588,386.0,0.2437082380056381
158,2.1578820263224267e-09,-0.0526400572844904,4.40008544921875,4.399863243103027,4.399985154469808,-0.3199459321496767,540.7155955955386,117,4.399939060211182,4.399939060211182,0.0,540.7155955955386,117,1.0152739162246387,385.0,0.2436657398939132
159,4.709913336965999e-09,-0.1214141388527374,4.400167942047119,4.399863243103027,4.40000858469906,-0.8253830097906256,540.73649649648,117,4.399939060211182,4.399939060211182,0.0,540.73649649648,117,1.0151698564489684,384.0,0.2436407655477523
160,1.7417054662417763e-09,-0.433136230215051,4.400091171264648,4.399872779846191,4.399979566705638,0.0287234892756504,535.6386886886321,116,4.399949073791504,4.400015354156494,6.628036499023438e-05,535.6386886886321,116,1.0148989036679268,383.0,0.2435757368803024
161,4.334059524996155e-09,0.2201923304807664,4.400166988372803,4.399862766265869,4.399993435949342,0.140318770495742,540.477557557635,117,4.400073528289795,4.400015354156494,-5.817413330078125e-05,540.477557557635,117,1.01511354247729,382.0,0.2436272501945495
162,3.428099405410911e-09,-0.5930777278097957,4.400081634521484,4.399791717529297,4.399955856389012,0.3523927161219342,535.7238738737069,116,4.399992942810059,4.399939060211182,-5.3882598876953125e-05,535.7238738737069,116,1.0148842508594196,381.0,0.2435722202062606
163,3.966092892359838e-09,-0.130126640628798,4.400154113769531,4.399789810180664,4.3999750797565165,1.0318786027855262,540.326606606599,117,4.399954795837402,4.400015354156494,6.0558319091796875e-05,540.326606606599,117,1.014478070040544,380.0,0.2434747368097305
164,2.250848038981722e-09,0.8291421106188004,4.400091648101807,4.399939060211182,4.399986246712188,-0.3150358837930072,540.6726326327771,117,4.400015354156494,4.400015354156494,0.0,540.6726326327771,117,1.014344890912374,379.0,0.2434427738189697
165,1.8178341737224063e-09,0.3232334334404266,4.400089740753174,4.399872303009033,4.399983096326518,-0.3153833869375018,540.3463463461958,117,4.399872303009033,4.399939060211182,6.67572021484375e-05,540.3463463461958,117,1.0141948858896892,378.0,0.2434067726135254
166,3.0680423151879447e-09,-0.1836304187571952,4.400090217590332,4.39986515045166,4.399977890111632,-0.6885281583524487,545.4155855854042,118,4.400015354156494,4.400015354156494,0.0,545.4155855854042,118,1.0140761733055117,377.0,0.2433782815933227
167,2.344008220584313e-09,-0.1973429325087677,4.400091648101807,4.399875640869141,4.400007557665181,-0.0743733687392653,540.1199199198745,117,4.400003433227539,4.400015354156494,1.1920928955078123e-05,540.1199199198745,117,1.0139948998888335,376.0,0.24335877597332
168,3.9669727675023605e-09,0.2381131856010475,4.400090217590332,4.399862766265869,4.399963847592345,-0.8745363324763891,540.3742142142728,117,4.399868965148926,4.400015354156494,0.0001463890075683,540.3742142142728,117,1.013815775513649,375.0,0.2433157861232757
169,1.729093103036488e-09,-0.1272426833584152,4.400082588195801,4.399867534637451,4.399966602651482,0.4945834768743973,540.3184784785844,117,4.399942874908447,4.400015354156494,7.2479248046875e-05,540.3184784785844,117,1.0136345401406288,374.0,0.2432722896337509
170,1.5608656331608403e-09,-0.9057989095613852,4.400084495544434,4.399864196777344,4.399994511889596,0.8378090128986773,540.2743543544784,117,4.400084495544434,4.399939060211182,-0.0001454353332519,540.2743543544784,117,1.01349080602328,373.0,0.2432377934455871
171,3.7712600219542325e-09,1.0988439447327831,4.400167465209961,4.399862766265869,4.399952480935643,1.8475952835856375,540.0467667668127,117,4.399998664855957,4.400015354156494,1.6689300537109375e-05,540.0467667668127,117,1.0135844970742862,372.0,0.2432602792978286
172,3.053981824202772e-09,-0.4475314719086275,4.400091648101807,4.3998637199401855,4.39999682216321,-0.4123032701585658,545.2867567567155,118,4.399941444396973,4.400091648101807,0.0001502037048339,545.2867567567155,118,1.0131575167179108,371.0,0.2431578040122985
173,2.928535848247186e-09,-0.0847544561521062,4.400091648101807,4.399939060211182,4.400017799475254,-1.2552447041920107,540.3811811814085,117,4.400091648101807,4.400015354156494,-7.62939453125e-05,540.3811811814085,117,1.0129906858007114,370.0,0.2431177645921707
174,2.446888978628135e-09,0.1011058088621534,4.400087833404541,4.399868965148926,4.399983507955176,-0.5875268178680422,540.0479279276915,117,4.399940013885498,4.400015354156494,7.534027099609375e-05,540.0479279276915,117,1.0128073394298551,369.0,0.2430737614631652
175,2.2924136919056956e-09,0.2660593674846117,4.400091648101807,4.399866104125977,4.399974010758481,-0.2687011420795806,545.0220720721409,118,4.399939060211182,4.400091648101807,0.000152587890625,545.0220720721409,118,1.012717808286349,368.0,0.2430522739887237
176,7.68775871220951e-09,-0.7835057636103302,4.400091648101807,4.399730205535889,4.399982662524208,0.2099268526609523,545.2246846845374,118,4.400091648101807,4.400015354156494,-7.62939453125e-05,545.2246846845374,118,1.0127034659187,367.0,0.2430488318204879
177,2.059815576784607e-09,-0.0818702714913082,4.400091648101807,4.399865627288818,4.3999709032349665,0.1363011837171992,545.0794594595209,118,4.39994478225708,4.400091648101807,0.0001468658447265,545.0794594595209,118,1.0124638055761657,366.0,0.2429913133382797
178,2.47430978308993e-09,0.151093256574749,4.400156021118164,4.399869441986084,4.400011022212142,0.9615844556648095,545.0209009009413,118,4.400089740753174,4.400015354156494,-7.43865966796875e-05,545.0209009009413,118,1.012272077302138,365.0,0.2429452985525131
179,2.480556542650187e-09,-0.2819873186669806,4.400087356567383,4.399867534637451,4.399968527946152,-0.8036638689996769,549.8504704707302,119,4.400015354156494,4.400015354156494,0.0,549.8504704707302,119,1.012138898173968,364.0,0.2429133355617523
180,6.855234693294057e-09,-0.366876061344876,4.400152683258057,4.399862766265869,4.400009632110596,-1.186881068917235,544.377927927766,118,4.400086879730225,4.400015354156494,-7.152557373046875e-05,544.377927927766,118,1.012509564558665,363.0,0.2430022954940796
181,3.1679400248137327e-09,-0.2698682396056428,4.400089740753174,4.399862766265869,4.3999898352865445,-0.6086160936936622,544.803063062951,118,4.400015354156494,4.399862766265869,-0.000152587890625,544.803063062951,118,1.0119744886954627,362.0,0.242873877286911
182,1.699335134983561e-09,-0.3375342863062215,4.400091648101807,4.399939060211182,4.400009458347903,-0.3715856663282988,544.664864864666,118,4.400015354156494,4.400015354156494,0.0,544.664864864666,118,1.0117013628284135,361.0,0.2428083270788192
183,1.617521323668535e-09,0.2367865320009597,4.400090217590332,4.399939060211182,4.399990368697603,-0.6986034308732969,544.6320720720105,118,4.400015354156494,4.400015354156494,0.0,544.6320720720105,118,1.0115746408700943,360.0,0.2427779138088226
184,2.172352617812679e-09,-0.2778821484557756,4.400088787078857,4.399862766265869,4.399978496260562,-0.2460979839710586,544.7468468467705,118,4.400015354156494,4.399862766265869,-0.000152587890625,544.7468468467705,118,1.0114160676797233,359.0,0.2427398562431335
185,2.581147874334724e-09,-0.4148853670603911,4.400088787078857,4.399814605712891,4.399981494711227,0.691817891108399,549.5752552552149,119,4.399814605712891,4.400015354156494,0.0002007484436035,549.5752552552149,119,1.0112537691990535,358.0,0.2427009046077728
186,2.2207374760105483e-09,-0.1608306726733436,4.400088787078857,4.39986515045166,4.399983682552306,-0.1141647173153446,549.525645645801,119,4.400078773498535,4.399939060211182,-0.0001397132873535,549.525645645801,119,1.0111766556898754,357.0,0.24268239736557
187,5.699094000816536e-09,0.0349653317437471,4.400167465209961,4.399792194366455,4.399976398985265,0.1755903794013691,544.6683783782646,118,4.399957180023193,4.400015354156494,5.817413330078125e-05,544.6683783782646,118,1.0110162198543549,356.0,0.2426438927650451
188,3.004970429888156e-09,-0.0137971686777133,4.400091648101807,4.399862766265869,4.399972991783078,-0.4445248979575815,549.4299699701369,119,4.400026798248291,4.400015354156494,-1.1444091796875e-05,549.4299699701369,119,1.011097493271033,355.0,0.2426633983850479
189,2.451864355376557e-09,-0.0078260580099528,4.400084972381592,4.399868488311768,4.39998056507912,-0.4333064288155217,549.3520120121539,119,4.400006294250488,4.400015354156494,9.059906005859377e-06,549.3520120121539,119,1.0111804430683455,354.0,0.2426833063364029
190,1.541373270485503e-09,0.5731922987672745,4.400089740753174,4.399939060211182,4.3999865155260105,-0.3665548003688581,549.5362762762234,119,4.400075435638428,4.399939060211182,-0.000136375427246,549.5362762762234,119,1.010801581044992,353.0,0.242592379450798
191,2.672145403554087e-09,0.3195701594488986,4.400091648101807,4.3998703956604,4.399979980052018,0.1067365887928688,549.555175174959,119,4.399941444396973,4.400015354156494,7.390975952148438e-05,549.555175174959,119,1.0105831548571589,352.0,0.242539957165718
192,2.780529489479031e-09,-0.091566687278856,4.400091648101807,4.399867534637451,4.399989528816287,-0.1817479674311299,549.5209209211171,119,4.400015354156494,4.399939060211182,-7.62939453125e-05,549.5209209211171,119,1.01048710445563,351.0,0.2425169050693512
193,4.181187637887258e-09,0.4031071223855977,4.400164604187012,4.399865627288818,4.3999712308247885,-0.3334954433514507,554.3589389389381,120,4.399939060211182,4.399939060211182,0.0,554.3589389389381,120,1.0103410730759304,350.0,0.2424818575382232
194,2.440293266609164e-09,-0.4896970461284613,4.40009069442749,4.399866580963135,4.4000012894638445,-0.0393295627205714,549.4972972972319,119,4.400015354156494,4.399939060211182,-7.62939453125e-05,549.4972972972319,119,1.0101620107889175,349.0,0.2424388825893402
195,3.001310235108788e-09,-0.1191504850596116,4.400086879730225,4.399863243103027,4.399984479952259,-0.6982083784990909,549.442962963134,119,4.399939060211182,4.399939060211182,0.0,549.442962963134,119,1.010049196581046,348.0,0.242411807179451
196,2.520188833262879e-09,-0.354055752622295,4.400091648101807,4.3998637199401855,4.399992405867376,0.0360079956321124,549.3531931932084,119,4.399962902069092,4.400091648101807,0.0001287460327148,549.3531931932084,119,1.0098871464530628,347.0,0.242372915148735
197,2.0026186607550712e-09,0.0074499147614745,4.400089263916016,4.3998847007751465,4.399998716513315,-0.4549095045521079,554.5066466466524,120,4.3998847007751465,4.399939060211182,5.435943603515625e-05,554.5066466466524,120,1.009751297533512,346.0,0.2423403114080429
198,2.5729903701005107e-09,0.2965426439525351,4.400088310241699,4.399873733520508,4.3999802845866745,-0.5704730465011414,548.892532532569,119,4.39987850189209,4.400015354156494,0.0001368522644042,548.892532532569,119,1.0100492586692176,345.0,0.2424118220806121
199,2.047576232189767e-09,0.1549403110459418,4.400091648101807,4.399866104125977,4.399976742267609,-0.2923096917330525,554.0444644642994,120,4.400015354156494,4.400091648101807,7.62939453125e-05,554.0444644642994,120,1.0094931349158287,344.0,0.2422783523797989
200,1.887789743672167e-09,0.3564805954148121,4.400088310241699,4.399872779846191,4.399976325636151,-0.2632407324169339,549.1169569571503,119,4.399939060211182,4.399939060211182,0.0,549.1169569571503,119,1.00927222520113,343.0,0.2422253340482711
201,2.020865875885179e-09,-0.6584925902888584,4.400015354156494,4.399862766265869,4.399970479806265,-0.6484591675303393,553.9205805803649,120,4.399939060211182,4.399862766265869,-7.62939453125e-05,553.9205805803649,120,1.0092639674743018,342.0,0.2422233521938324
202,2.5780896482035763e-09,-0.4344163011991243,4.400091648101807,4.399864196777344,4.400003417199399,0.2543143346293122,549.0626226225868,119,4.399949550628662,4.400015354156494,6.580352783203125e-05,549.0626226225868,119,1.0090680792927742,341.0,0.2421763390302658
203,3.025228549579105e-09,-0.9466078509238236,4.400090217590332,4.3997931480407715,4.39998503755932,1.9492617841726585,558.941741741728,121,4.400015354156494,4.399939060211182,-7.62939453125e-05,558.941741741728,121,1.0089243451754253,340.0,0.242141842842102
204,2.8074865696464804e-09,-0.131979096234479,4.400091648101807,4.399865627288818,4.399993979930878,-0.2028681062677222,554.1207007006742,120,4.400023937225342,4.400091648101807,6.771087646484375e-05,554.1207007006742,120,1.0088118414084115,339.0,0.2421148419380188
205,2.399460052993288e-09,0.285394392276394,4.400091171264648,4.399864196777344,4.399968470423675,-0.433449787711138,558.872072072234,121,4.400027275085449,4.400015354156494,-1.1920928955078123e-05,558.872072072234,121,1.0086994618177414,338.0,0.2420878708362579
206,5.4446483469898034e-09,-0.2099142142250224,4.400160789489746,4.3998026847839355,4.399989301508123,-0.2854370539298156,558.8756756754592,121,4.400015354156494,4.400091648101807,7.62939453125e-05,558.8756756754592,121,1.0085785761475563,337.0,0.2420588582754135
207,3.245362682357372e-09,0.1270714941095648,4.40009069442749,4.399868011474609,4.399973662694295,-0.8659956211190103,553.94559559552,120,4.400015354156494,4.400015354156494,0.0,553.94559559552,120,1.0089119275410972,336.0,0.2421388626098632
208,3.88831593403008e-09,0.0460422867683741,4.400166988372803,4.399799823760986,4.399971997737884,0.8732474436164548,553.8729329328053,120,4.400015354156494,4.400091648101807,7.62939453125e-05,553.8729329328053,120,1.008384736875693,335.0,0.2420123368501663
209,3.038035594895403e-09,0.5370843828901494,4.400167942047119,4.399862766265869,4.399964904785156,0.9396171642907936,553.6525625623763,120,4.400008678436279,4.400167942047119,0.0001592636108398,553.6525625623763,120,1.0081349561611812,334.0,0.2419523894786834
210,1.92039884576074e-09,0.1902718115224357,4.400084972381592,4.399864673614502,4.399973290025695,-0.3507609253971426,558.9885885887779,121,4.400015354156494,4.399939060211182,-7.62939453125e-05,558.9885885887779,121,1.0080390299359958,333.0,0.2419293671846389
211,4.079109669325311e-09,-0.094690115036584,4.400091648101807,4.399862766265869,4.399990889651717,-1.048563414350455,558.7891891892068,121,4.400091648101807,4.399939060211182,-0.000152587890625,558.7891891892068,121,1.0078453148404758,332.0,0.2418828755617141
212,2.727563962263065e-09,-0.0955635116514374,4.400085926055908,4.3997931480407715,4.399963434077492,0.8812533739736814,558.5333333332092,121,4.399939060211182,4.399939060211182,0.0,558.5333333332092,121,1.007713998357455,331.0,0.2418513596057891
213,3.4114785472215887e-09,-0.748323970931353,4.400090217590332,4.3997931480407715,4.399986456248386,1.186864273907876,558.8348348350264,121,4.400027751922607,4.400015354156494,-1.239776611328125e-05,558.8348348350264,121,1.007816195487976,330.0,0.2418758869171142
214,3.6923610155312563e-09,0.278283465625904,4.400160312652588,4.399867534637451,4.39999997320254,-0.1383203603009022,558.5357357356697,121,4.399891376495361,4.400015354156494,0.0001239776611328,558.5357357356697,121,1.0074557736516,329.0,0.2417893856763839
215,3.152223480832086e-09,0.2708415790957988,4.400091648101807,4.3997931480407715,4.399965164089991,0.7973292670809577,558.6138138137758,121,4.399958610534668,4.400015354156494,5.6743621826171875e-05,558.6138138137758,121,1.0073704024155936,328.0,0.2417688965797424
216,1.7543211670623055e-09,-0.2948711306234743,4.40009069442749,4.399867057800293,4.39998289376251,0.1612233292383544,558.7711711712182,121,4.399998188018799,4.400015354156494,1.71661376953125e-05,558.7711711712182,121,1.0078849270939827,327.0,0.2418923825025558
217,3.7175220800249022e-09,-0.5736459064359727,4.40008544921875,4.399786472320557,4.399955137570699,0.1833841701071992,553.6168268267065,120,4.399911880493164,4.399939060211182,2.7179718017578125e-05,553.6168268267065,120,1.0072535524765651,326.0,0.2417408525943756
218,1.2806194642830971e-09,0.1390140929412043,4.400086879730225,4.399941444396973,4.400009770038699,-0.2723225886724409,558.4612612612545,121,4.399955749511719,4.400015354156494,5.9604644775390625e-05,558.4612612612545,121,1.0071036716302235,325.0,0.2417048811912536
219,1.9711321138523647e-09,0.021810837757708,4.400091648101807,4.399939060211182,4.400006625277937,-0.5900659994823134,558.7111111111008,121,4.400091648101807,4.400091648101807,0.0,558.7111111111008,121,1.007114164531231,324.0,0.2417073994874954
220,2.0022836684746403e-09,-0.5166168108092926,4.400091648101807,4.399868011474609,4.400002818358572,0.2179552081883238,540.7327127130702,114,4.400015354156494,4.400015354156494,0.0,540.7327127130702,114,1.0147823641697566,323.0,0.2435477674007415
221,2.827221249154759e-09,-0.189203970133002,4.400091648101807,4.399862766265869,4.399974673247534,-0.1899444840303772,562.1921921921894,121,4.399961471557617,4.400091648101807,0.0001301765441894,562.1921921921894,121,1.0125574345390005,322.0,0.24301378428936
222,3.2680254261530212e-09,-0.2209082980427208,4.400087833404541,4.399862766265869,4.399980824840956,-0.6340743884742932,561.0882882880978,121,4.399970054626465,4.399862766265869,-0.0001072883605957,561.0882882880978,121,1.0119677831729257,321.0,0.242872267961502
223,3.3094389252544203e-09,-1.112270200869669,4.400089740753174,4.3997955322265625,4.4000004666750545,1.6059075300385928,566.286056056153,122,4.400026798248291,4.400015354156494,-1.1444091796875e-05,566.286056056153,122,1.0113261019190154,320.0,0.2427182644605636
224,2.0981080567387908e-09,0.1122861837303281,4.400091171264648,4.399939060211182,4.400002022258571,-1.0472433823905014,565.8136836835183,122,4.40001916885376,4.399939060211182,-8.0108642578125e-05,565.8136836835183,122,1.0109743103384972,319.0,0.2426338344812393
225,2.380836640543248e-09,0.1639681139823602,4.400087833404541,4.399869441986084,4.399989991891579,-0.7135670430878109,565.6150450450368,122,4.399961471557617,4.400015354156494,5.3882598876953125e-05,565.6150450450368,122,1.010653376579285,318.0,0.2425568103790283
226,2.68556197166374e-09,-0.1845223525317478,4.400091171264648,4.3998637199401855,4.399965938974599,-0.6729915413687628,565.6235235235654,122,4.399988651275635,4.400015354156494,2.6702880859375e-05,565.6235235235654,122,1.01031797627608,317.0,0.2424763143062591
227,1.9512598882252334e-09,-0.2654260345705282,4.400091648101807,4.39986515045166,4.399970844143727,0.1095804871332855,565.653803803958,122,4.400015354156494,4.400091648101807,7.62939453125e-05,565.653803803958,122,1.01012842108806,316.0,0.2424308210611343
228,3.582081186939792e-09,0.0202339811979654,4.400091648101807,4.399866580963135,4.39998083036454,-0.7060184570227266,565.1850650650449,122,4.399975776672363,4.399939060211182,-3.6716461181640625e-05,565.1850650650449,122,1.0096600279211998,315.0,0.2423184067010879
229,3.581922601425474e-09,0.0384596742863437,4.400091648101807,4.39986515045166,4.399983894629557,-0.8051215335502553,565.1729529527947,122,4.399939060211182,4.400015354156494,7.62939453125e-05,565.1729529527947,122,1.0093476002415025,314.0,0.2422434240579605
230,1.8983807375591743e-09,-0.422160278308505,4.400091648101807,4.399867534637451,4.399968663200003,-0.2443622432825827,565.175375375431,122,4.399967670440674,4.400091648101807,0.0001239776611328,565.175375375431,122,1.0094081362088525,313.0,0.2422579526901245
231,5.309129976246501e-09,0.3583144413608586,4.400160789489746,4.399863243103027,4.3999814830842565,-0.7040929818400916,564.861671671737,122,4.399962902069092,4.400015354156494,5.245208740234375e-05,564.861671671737,122,1.0091330235203109,312.0,0.2421919256448745
232,5.107323712409096e-09,-0.6678123351380018,4.400091648101807,4.399795055389404,4.399978525270291,-0.0368386446971218,569.9488288289867,123,4.400008201599121,4.400015354156494,7.152557373046875e-06,569.9488288289867,123,1.008612352112929,311.0,0.2420669645071029
233,3.833006084668851e-09,0.1934163997637296,4.400154113769531,4.399862766265869,4.3999761410845,0.0815391471103934,569.6288688690402,123,4.399944305419922,4.400015354156494,7.104873657226562e-05,569.6288688690402,123,1.0082556555668514,310.0,0.2419813573360443
234,3.5771664376355772e-09,-0.5141196704909222,4.400091648101807,4.399866104125977,4.399995788199003,-0.4204581466427393,564.7526626628824,122,4.400040626525879,4.400091648101807,5.1021575927734375e-05,564.7526626628824,122,1.008016181488832,309.0,0.2419238835573196
235,3.943383594457717e-09,-0.2119172997281072,4.400091648101807,4.399862766265869,4.399978060063308,-0.7763694306775935,569.8279279279523,123,4.399985313415527,4.400091648101807,0.0001063346862792,569.8279279279523,123,1.0079038018981616,308.0,0.2418969124555587
236,2.00812096626794e-09,0.2455254415895734,4.400090217590332,4.399939060211182,4.399998265553296,-0.9687201920589644,569.8609009007923,123,4.400006294250488,4.400015354156494,9.059906005859377e-06,569.8609009007923,123,1.0076538349191348,307.0,0.2418369203805923
237,1.3122483952847738e-09,0.5398265125125085,4.400088787078857,4.399939060211182,4.3999768564523745,-0.5478008858348824,558.8060060059652,121,4.400015354156494,4.400015354156494,0.0,558.8060060059652,121,1.0079518581430118,306.0,0.2419084459543228
238,2.315827279494118e-09,-0.626707722421771,4.400087833404541,4.399867534637451,4.3999950556251095,0.0969220532216899,569.4151551551186,123,4.399939060211182,4.400015354156494,7.62939453125e-05,569.4151551551186,123,1.0071640834212303,305.0,0.2417193800210952
239,2.609920052256704e-09,0.2418252127298064,4.400091648101807,4.399862766265869,4.399973497158143,-0.1955166024901982,569.3333333334886,123,4.400047779083252,4.400091648101807,4.38690185546875e-05,569.3333333334886,123,1.007416161398093,304.0,0.2417798787355423
240,2.839847178532422e-09,-0.4515021015107469,4.400087833404541,4.399862766265869,4.399974963704094,-0.0503012320357574,564.2524324324913,122,4.40003776550293,4.399862766265869,-0.0001749992370605,564.2524324324913,122,1.0069869458675385,303.0,0.2416768670082092
241,2.272151896578351e-09,-0.4175207725330828,4.40009069442749,4.399866104125977,4.399999250241412,0.0278822555909319,568.9852852853946,123,4.399901866912842,4.399939060211182,3.719329833984375e-05,568.9852852853946,123,1.0064287732044856,302.0,0.2415429055690765
242,3.252472180011824e-09,-0.45206765803035,4.400091648101807,4.399791240692139,4.399974249242767,1.1560117475661191,568.9181181183085,123,4.399939060211182,4.400015354156494,7.62939453125e-05,568.9181181183085,123,1.0062621285518012,301.0,0.2415029108524322
243,5.025793930860363e-09,0.4491657374008582,4.40015983581543,4.399795055389404,4.399952624871479,0.5505840184665076,569.0988588589244,123,4.399987697601318,4.400091648101807,0.0001039505004882,569.0988588589244,123,1.0061000163356464,300.0,0.2414640039205551
244,3.4372273510700083e-09,0.2677002134869489,4.400163650512695,4.399939060211182,4.4000288440335185,-0.7449176443814123,573.9162762761116,124,4.400038719177246,4.400015354156494,-2.3365020751953125e-05,573.9162762761116,124,1.0059166078766189,299.0,0.2414199858903885
245,3.271433718087846e-09,-0.2107270087199124,4.400091648101807,4.399863243103027,4.400007263306649,-0.6706942538892009,573.8879579580389,124,4.399939060211182,4.400091648101807,0.000152587890625,573.8879579580389,124,1.0057519500454268,298.0,0.2413804680109024
246,4.37860797583253e-09,0.6838115779576128,4.400167942047119,4.399864196777344,4.3999992416751,0.9214796251876756,573.8608708707616,124,4.400015354156494,4.399939060211182,-7.62939453125e-05,573.8608708707616,124,1.0055456931392353,297.0,0.2413309663534164
247,3.282421299011921e-09,-0.1718169621975934,4.400091648101807,4.399864196777344,4.39998576717992,-0.7780376655500927,573.6244744742289,124,4.400015354156494,4.400015354156494,0.0,573.6244744742289,124,1.005362408856551,296.0,0.2412869781255722
248,4.192963541659884e-09,0.171794027676211,4.40016508102417,4.399868488311768,4.399997880381923,-0.3049846019055136,573.5690690688789,124,4.399907112121582,4.399939060211182,3.1948089599609375e-05,573.5690690688789,124,1.0053663204113643,295.0,0.2412879168987274
249,6.7389146483258965e-09,-0.4814080713857578,4.400161266326904,4.399789810180664,4.400002071934361,-0.2936640833596979,573.8510210211389,124,4.399903774261475,4.400015354156494,0.0001115798950195,573.8510210211389,124,1.0049456109603248,294.0,0.2411869466304779
250,1.7042649088166855e-09,-0.526449804799913,4.400015354156494,4.399866580963135,4.399968320323575,-0.5631955480845523,573.5013513513841,124,4.400015354156494,4.400015354156494,0.0,573.5013513513841,124,1.0046352942784629,293.0,0.241112470626831
251,1.7370654100658383e-09,-0.475546462046948,4.400090217590332,4.399875640869141,4.400003487063993,0.4116813211385239,573.6478678677231,124,4.399939060211182,4.400015354156494,7.62939453125e-05,573.6478678677231,124,1.0044436901807785,292.0,0.2410664856433868
252,2.462468175342534e-09,0.6331250841578474,4.400154113769531,4.399939060211182,4.399999057092974,0.1815905301663498,573.5075075076893,124,4.400055885314941,4.400015354156494,-4.0531158447265625e-05,573.5075075076893,124,1.0041850929458938,291.0,0.2410044223070144
253,1.9514441631937158e-09,-0.4533556269214538,4.400088787078857,4.399868011474609,4.39998365020752,-0.095198138115581,578.4370370372199,125,4.399905204772949,4.400015354156494,0.0001101493835449,578.4370370372199,125,1.0040643935402236,290.0,0.2409754544496536
254,2.659854390650005e-09,0.3657531248534694,4.400084018707275,4.399862766265869,4.399961067784217,-0.1520369847658216,573.0876576574519,124,4.399973392486572,4.399862766265869,-0.0001106262207031,573.0876576574519,124,1.0038393239180248,289.0,0.2409214377403259
255,2.6358830304499766e-09,-0.3409597733286533,4.400086879730225,4.399866580963135,4.399988751257619,-0.1943679709633103,573.2698798798956,124,4.3999810218811035,4.399939060211182,-4.1961669921875e-05,573.2698798798956,124,1.0036934167146685,288.0,0.2408864200115203
256,2.414748028308224e-09,-0.3480646373135892,4.400086402893066,4.399867534637451,4.39999169688071,-0.1844743670488147,573.1332132131793,124,4.399939060211182,4.400015354156494,7.62939453125e-05,573.1332132131793,124,1.0034934928019843,287.0,0.2408384382724762
257,6.567910854608917e-09,0.6273122502346766,4.400167942047119,4.399862766265869,4.399975719451905,-0.5825580162119337,578.2856056056917,125,4.399904251098633,4.400167942047119,0.0002636909484863,578.2856056056917,125,1.0033559675017991,286.0,0.2408054322004318
258,1.3173934524773704e-09,0.1504668591207446,4.400089740753174,4.399939060211182,4.40000378036499,-0.2321206842675445,578.2086486485787,125,4.399939060211182,4.400015354156494,7.62939453125e-05,578.2086486485787,125,1.003208135565122,285.0,0.2407699525356292
259,3.056141365725067e-09,-0.1225394554709796,4.400091648101807,4.399862766265869,4.399967723846435,-0.4128932858324785,578.4370370372199,125,4.399886131286621,4.400091648101807,0.0002055168151855,578.4370370372199,125,1.0030581305424373,284.0,0.2407339513301849
260,3.338005215834615e-09,-0.054862675757539,4.400090217590332,4.399866104125977,4.399969276428223,-0.960999616738345,578.2185785784386,125,4.400006294250488,4.400015354156494,9.059906005859377e-06,578.2185785784386,125,1.0028374691804252,283.0,0.240680992603302
261,5.534736013191471e-09,-0.539478812316107,4.400091171264648,4.3997883796691895,4.3999730670262895,-0.4050785033278949,583.0943443444557,126,4.399982452392578,4.399939060211182,-4.3392181396484375e-05,583.0943443444557,126,1.002685291071733,282.0,0.2406444698572158
262,2.955616383265043e-09,-0.203940614690137,4.400087833404541,4.399789810180664,4.39996715927124,0.8003084662952609,577.9628828829154,125,4.4000325202941895,4.400015354156494,-1.71661376953125e-05,577.9628828829154,125,1.0024497906366985,281.0,0.2405879497528076
263,4.462408381392205e-09,-0.3281877421109932,4.400091648101807,4.399792194366455,4.399986091613769,0.0961394521078333,577.9293693695217,125,4.399970531463623,4.399939060211182,-3.147125244140625e-05,577.9293693695217,125,1.002295749882857,280.0,0.2405509799718856
264,1.7534206678632591e-09,0.2502092924418342,4.400086402893066,4.399867057800293,4.399980507199726,-0.1564963321763972,583.0843343343586,126,4.400073528289795,4.399939060211182,-0.0001344680786132,583.0843343343586,126,1.0022269561886787,279.0,0.2405344694852829
265,7.180163857623168e-09,-0.4704889555805479,4.400091648101807,4.399715423583984,4.399958058009072,-0.0269287739224357,582.9254254251719,126,4.399894714355469,4.400091648101807,0.0001969337463378,582.9254254251719,126,1.002022810280323,278.0,0.2404854744672775
266,1.3569968418338362e-09,0.1527426698208163,4.400088310241699,4.399939060211182,4.400000484466553,-0.3247025061089501,577.5880280281417,125,4.399969100952148,4.400015354156494,4.6253204345703125e-05,577.5880280281417,125,1.002366530398528,277.0,0.2405679672956466
267,1.9248964529270464e-09,0.3154485375691142,4.400091648101807,4.399939060211182,4.4000022468566895,-0.5622265878432686,577.8673073071986,125,4.399969577789307,4.399939060211182,-3.0517578125e-05,577.8673073071986,125,1.001808357735475,276.0,0.2404340058565139
268,3.7017079959032195e-09,-0.4688228589162307,4.400091648101807,4.399862766265869,4.3999929125346835,-0.2207156912104237,583.014264264144,126,4.399890422821045,4.400015354156494,0.0001249313354492,583.014264264144,126,1.0016290470957756,275.0,0.2403909713029861
269,3.292937074706609e-09,0.1189424477576908,4.400091648101807,4.399862766265869,4.399956483689565,-0.4309522839400483,583.0005005006678,126,4.400047779083252,4.400091648101807,4.38690185546875e-05,583.0005005006678,126,1.0013979549209278,274.0,0.2403355091810226
270,3.3917036518456402e-09,-0.1302689015532061,4.400090217590332,4.399868011474609,4.399992008057851,-0.8979396036656788,582.7552552553825,126,4.4000725746154785,4.399939060211182,-0.0001335144042968,582.7552552553825,126,1.0012291992704074,273.0,0.2402950078248977
271,3.7916121777192125e-09,-0.0427267559892111,4.400160789489746,4.3998637199401855,4.400001300811768,-0.3351129972068563,577.3099899902008,125,4.399934768676758,4.400015354156494,8.058547973632812e-05,577.3099899902008,125,1.0010270401835442,272.0,0.2402464896440506
272,3.598509451082449e-09,-0.5188464275363533,4.400091648101807,4.399802207946777,4.399986501724001,0.3653697468366625,582.6476476476528,126,4.400015354156494,4.400091648101807,7.62939453125e-05,582.6476476476528,126,1.0009605437517166,271.0,0.240230530500412
273,2.0149023886682275e-09,0.1681994685631814,4.400091648101807,4.399866104125977,4.399986864074948,-0.1661407560457228,587.4248648649082,127,4.399939060211182,4.400015354156494,7.62939453125e-05,587.4248648649082,127,1.000875048339367,270.0,0.240210011601448
274,4.4412495633950105e-09,0.5627521275935019,4.400165557861328,4.399862766265869,4.399970309940849,-0.0480277966673226,587.5282882885076,127,4.400015354156494,4.400015354156494,0.0,587.5282882885076,127,1.0006687293450038,269.0,0.2401604950428009
275,4.391846607812486e-09,-0.8497599672188372,4.400091648101807,4.399862766265869,4.400002517397442,-0.038827776689295,582.5375375375152,126,4.400077819824219,4.400015354156494,-6.246566772460938e-05,582.5375375375152,126,1.000335564215978,268.0,0.2400805354118347
276,2.5025578234560635e-09,-0.3892516578693462,4.400091648101807,4.3998637199401855,4.400008584570697,-0.3457626216558789,587.7288288287818,127,4.400001049041748,4.400091648101807,9.059906005859376e-05,587.7288288287818,127,1.0002334291736286,267.0,0.2400560230016708
277,2.233535860949569e-09,-0.4659293991572759,4.400087833404541,4.399862766265869,4.399967385089304,0.1362802614812444,587.4690090091899,127,4.399957180023193,4.400015354156494,5.817413330078125e-05,587.4690090091899,127,1.000041700899601,266.0,0.2400100082159042
278,4.2726408573453276e-09,-0.7887708417281772,4.400087356567383,4.3998026847839355,4.399990911558857,0.0191431104093036,587.4715315313078,127,4.400015354156494,4.400015354156494,0.0,587.4715315313078,127,0.9998854249715804,265.0,0.2399725019931793
279,5.407583819159373e-09,-0.1836754344244144,4.400091648101807,4.399862766265869,4.399990626207487,-1.1963046121004886,587.4248648649082,127,4.400066375732422,4.400015354156494,-5.1021575927734375e-05,587.4248648649082,127,0.9996541465322176,264.0,0.2399169951677322
280,2.18358018281024e-09,-0.1041904453425072,4.400091648101807,4.399870872497559,4.40000493824482,-0.1549789959468124,592.3399499501102,128,4.399960517883301,4.400091648101807,0.0001311302185058,592.3399499501102,128,0.9995229542255402,263.0,0.2398855090141296
281,2.0729039762031112e-09,-0.1402530054421837,4.400091648101807,4.399867057800293,4.39997511357069,-0.3080622434103346,592.2535035032779,128,4.399989604949951,4.400091648101807,0.0001020431518554,592.2535035032779,128,0.9993584205706916,262.0,0.2398460209369659
282,3.918492447154562e-09,0.0650077144566267,4.400160789489746,4.399796009063721,4.399984337213471,1.2411293703311117,587.2268468467519,127,4.399953365325928,4.399939060211182,-1.430511474609375e-05,587.2268468467519,127,0.999164767563343,261.0,0.2397995442152023
283,1.3026139397228203e-09,-0.2020907700070949,4.400089740753174,4.399939060211182,4.4000111520290375,0.1007358880589146,592.2598598599434,128,4.399955749511719,4.399939060211182,-1.6689300537109375e-05,592.2598598599434,128,0.9990127136309942,260.0,0.2397630512714386
284,2.825340431552725e-09,0.0017270793253396,4.400091648101807,4.399864196777344,4.3999913020396795,-0.6563338983842457,587.0969369369559,127,4.399876117706299,4.400091648101807,0.0002155303955078,587.0969369369559,127,0.9987834841012956,259.0,0.2397080361843109
285,3.833294584641349e-09,0.14077581668667,4.400091648101807,4.399868488311768,4.399984840332992,-0.9619820467431484,586.9783783783205,127,4.400091648101807,4.400015354156494,-7.62939453125e-05,586.9783783783205,127,0.9986480077107748,258.0,0.2396755218505859
286,2.5435710499612582e-09,-0.5201157598205436,4.400091648101807,4.399866104125977,4.400019623163178,0.0053006066579555,587.0073873875663,127,4.399964332580566,4.400015354156494,5.1021575927734375e-05,587.0073873875663,127,0.9984835361440976,257.0,0.2396360486745834
287,3.294450248910913e-09,-0.3077800004319243,4.40009069442749,4.3998637199401855,4.399989537894726,-0.6951581211059303,592.0437437435612,128,4.400015354156494,4.399939060211182,-7.62939453125e-05,592.0437437435612,128,0.998327136039734,256.0,0.2395985126495361
288,2.391607164277835e-09,-0.5491089993346108,4.400087833404541,4.399862766265869,4.39997536316514,0.0457421697905795,591.8301701699384,128,4.400031089782715,4.399862766265869,-0.0001683235168457,591.8301701699384,128,0.9981564556558928,255.0,0.2395575493574142
289,3.0811613627955326e-09,0.2601687084397587,4.400163650512695,4.399864673614502,4.399984676390886,0.4135198217759455,591.6623623622581,128,4.400015354156494,4.400015354156494,0.0,591.6623623622581,128,0.9980315963427226,254.0,0.2395275831222534
290,3.934104583660031e-09,-0.7594312773989444,4.40009069442749,4.399787902832031,4.399991247802973,0.6413079336250989,592.024674674496,128,4.4000349044799805,4.399939060211182,-9.584426879882812e-05,592.024674674496,128,0.997833659251531,253.0,0.2394800782203674
291,1.4740697481538803e-09,0.0209338704978442,4.400090217590332,4.399944305419922,4.40001530200243,-0.6036929264269375,591.9572972971946,128,4.40000057220459,4.400015354156494,1.4781951904296877e-05,591.9572972971946,128,0.9976565216978392,252.0,0.2394375652074813
292,3.7973746771729744e-09,-0.4969866410212498,4.400155067443848,4.399796485900879,4.399989690631628,1.5485686025452674,591.9178878879175,128,4.399949073791504,4.400015354156494,6.628036499023438e-05,591.9178878879175,128,0.997492050131162,251.0,0.2393980920314788
293,3.397162103734557e-09,0.0962680424243555,4.400091648101807,4.3998637199401855,4.399972675382629,-0.8160369574460464,596.5568768768571,129,4.399959564208984,4.400091648101807,0.0001320838928222,596.5568768768571,129,0.9973604852954548,250.0,0.2393665164709091
294,3.1584844276319102e-09,0.2306850388234324,4.400087833404541,4.399865627288818,4.3999684154987335,-0.6444884261923272,591.38522522524,128,4.400071620941162,4.400015354156494,-5.626678466796875e-05,591.38522522524,128,0.9970419108867644,249.0,0.2392900586128235
295,3.223244871697512e-09,0.2250680009626539,4.400091648101807,4.399862766265869,4.399961833806001,-0.7199308420350823,596.5632832832634,129,4.399937629699707,4.400091648101807,0.0001540184020996,596.5632832832634,129,0.996975414454937,248.0,0.2392740994691848
296,1.908997652462012e-09,0.2303417440279143,4.400087833404541,4.399874210357666,4.399984182313431,-0.0982530556127914,596.6055655656382,129,4.399998664855957,4.400015354156494,1.6689300537109375e-05,596.6055655656382,129,0.9967440739274024,247.0,0.2392185777425766
297,2.001671373011416e-09,0.1785550064246479,4.400091648101807,4.399940013885498,4.400018074715784,-0.9230406123233704,596.6542542544194,129,4.400079727172852,4.400015354156494,-6.437301635742188e-05,596.6542542544194,129,0.9965440258383752,246.0,0.23917056620121
298,3.206712332363421e-09,1.1211175353104152,4.400162220001221,4.399939060211182,4.399990913479827,0.5863015910544256,596.7670070067979,129,4.400015354156494,4.400091648101807,7.62939453125e-05,596.7670070067979,129,0.9964711964130402,245.0,0.2391530871391296
299,1.931641602914874e-09,0.4879505080853374,4.40015172958374,4.39986515045166,4.399989719538725,2.0368832893141877,596.5325325326994,129,4.399950981140137,4.400015354156494,6.437301635742188e-05,596.5325325326994,129,0.9961318224668504,244.0,0.239071637392044
300,3.002646917376732e-09,0.2338912632598764,4.4001617431640625,4.399871826171875,4.4000058394211985,0.106687469757833,601.3414414413273,130,4.400015354156494,4.400091648101807,7.62939453125e-05,601.3414414413273,130,0.9958588207761448,243.0,0.2390061169862747
301,3.9210036217013145e-09,0.1057783952713824,4.400162220001221,4.399862766265869,4.399985453879187,0.0489535751186149,596.4710310311057,129,4.400084495544434,4.400091648101807,7.152557373046875e-06,596.4710310311057,129,0.9956587105989456,242.0,0.2389580905437469
302,3.192877157311838e-09,-0.1547815411510187,4.400091648101807,4.399864673614502,4.400000326450055,-0.7432651427961479,601.2717117117718,130,4.39997673034668,4.399939060211182,-3.7670135498046875e-05,601.2717117117718,130,0.9954025348027548,241.0,0.2388966083526611
303,2.691444350579658e-09,-0.0664307796607874,4.400091648101807,4.399864673614502,4.39997939329881,-0.3712271435488619,601.2794594592415,130,4.400074481964111,4.400091648101807,1.71661376953125e-05,601.2794594592415,130,0.995221237341563,240.0,0.2388530969619751
304,3.2783353295142574e-09,0.4380027754775296,4.400158405303955,4.399862766265869,4.399974056390616,0.9356808817080172,601.4473273274489,130,4.400006294250488,4.400015354156494,9.059906005859377e-06,601.4473273274489,130,0.9949900209903716,239.0,0.2387976050376892
305,3.934142727141354e-09,-0.2825097344332609,4.400091648101807,4.399862766265869,4.399996966582078,-0.9347203896401908,601.10384384403,130,4.399871826171875,4.399862766265869,-9.059906005859377e-06,601.10384384403,130,0.994756817817688,238.0,0.2387416362762451
306,2.789428181045921e-09,-0.7853398574632093,4.400085926055908,4.399786472320557,4.399961624436706,1.9144322431500465,606.0563563564792,131,4.399786472320557,4.400015354156494,0.0002288818359375,606.0563563564792,131,0.9945942709843318,237.0,0.2387026250362396
307,2.124839574337501e-09,-0.2476044237611313,4.40009069442749,4.399868965148926,4.399998213498647,-0.2107440730980987,606.0238238237798,131,4.400015354156494,4.400015354156494,0.0,606.0238238237798,131,0.99442129333814,236.0,0.2386611104011535
308,2.961408422120447e-09,0.8680634776091359,4.400244235992432,4.399862766265869,4.3999894120311005,2.610153133070523,606.0121121122502,131,4.399941921234131,4.400244235992432,0.0003023147583007,606.0121121122502,131,0.994196409980456,235.0,0.2386071383953094
309,5.003469692640492e-09,-0.1424417770405677,4.400091648101807,4.399792194366455,4.399968726034383,-0.3838894727158775,606.0693693691865,131,4.399960517883301,4.400015354156494,5.4836273193359375e-05,606.0693693691865,131,0.9939004356662432,234.0,0.2385361045598983
310,4.51825715313858e-09,0.7570657799585027,4.400233268737793,4.3998637199401855,4.400010698624239,1.487456695523619,605.7206206205301,131,4.39986515045166,4.400015354156494,0.0001502037048339,605.7206206205301,131,0.9936631346742312,233.0,0.2384791523218155
311,3.140164986183058e-09,-0.633972315999883,4.400086879730225,4.399862766265869,4.399985131416612,-0.2687723989177146,605.530630630441,131,4.4000091552734375,4.400015354156494,6.198883056640625e-06,605.530630630441,131,0.9934276342391968,232.0,0.2384226322174072
312,4.585779284145035e-09,-0.2179599547410428,4.400091648101807,4.399789333343506,4.3999754235944675,-0.3191735785872236,605.8520520520397,131,4.40000581741333,4.400015354156494,9.5367431640625e-06,605.8520520520397,131,0.99325484285752,231.0,0.2383811622858047
313,4.452920666607606e-09,-0.2899209680685411,4.400163173675537,4.399862766265869,4.400007870361095,0.0374362639567458,605.7323323325254,131,4.400009632110596,4.400015354156494,5.7220458984375e-06,605.7323323325254,131,0.9931235884626708,230.0,0.2383496612310409
314,3.345125444692015e-09,-0.7591824625601608,4.400091648101807,4.3997955322265625,4.399998278328867,1.278661380862942,610.4718018020503,132,4.400015354156494,4.400015354156494,0.0,610.4718018020503,132,0.9928838660319648,229.0,0.2382921278476715
315,4.638882399369122e-09,-0.1734850431119461,4.400091648101807,4.399791717529297,4.399964631058787,-0.3203558593442253,605.3874874874018,131,4.399864196777344,4.400091648101807,0.0002274513244628,605.3874874874018,131,0.992377723256747,228.0,0.2381706535816192
316,1.8526591556531763e-09,-0.0989421882567325,4.400089263916016,4.3998703956604,4.399990771756028,-0.0041044990852214,610.359029029496,132,4.400083541870117,4.399939060211182,-0.0001444816589355,610.359029029496,132,0.9921525915463766,227.0,0.2381166219711303
317,3.862991804146112e-09,-0.6903887636059213,4.400091648101807,4.3997931480407715,4.39999608560042,0.4519688961658739,610.5583483483642,132,4.3999457359313965,4.400015354156494,6.961822509765625e-05,610.5583483483642,132,0.9919130553801856,226.0,0.2380591332912445
318,1.990698171602312e-09,0.1315009413898738,4.400091648101807,4.399939060211182,4.400011694792545,-0.8626364782479512,610.2449449449778,132,4.399998664855957,4.400015354156494,1.6689300537109375e-05,610.2449449449778,132,0.9916152805089952,225.0,0.2379876673221588
319,4.001843361284661e-09,-0.5185370207456004,4.400091171264648,4.399803638458252,4.399985105471504,-0.2341628712402461,615.1900300299749,133,4.399942874908447,4.399939060211182,-3.814697265625e-06,615.1900300299749,133,0.9913859888911248,224.0,0.2379326373338699
320,2.357253148921495e-09,-0.0570126141993614,4.400091171264648,4.39987325668335,4.399993622949881,-0.4493293396230515,617.4802002003416,129,4.400047302246094,4.400015354156494,-3.1948089599609375e-05,617.4802002003416,129,0.9994795545935632,223.0,0.2398750931024551
321,1.6731596702875191e-09,1.435410012702872,4.400155544281006,4.399939060211182,4.399985927523988,3.627661938449108,615.1282682679594,132,4.400015354156494,4.400015354156494,0.0,615.1282682679594,132,0.9988669926921528,222.0,0.2397280782461166
322,4.473859351690655e-09,-0.8230775643042471,4.400091648101807,4.399787425994873,4.399979401351814,0.4654076232165933,619.6058858856559,133,4.400085926055908,4.399939060211182,-0.0001468658447265,619.6058858856559,133,0.9981211895744008,221.0,0.2395490854978561
323,4.235401274326252e-09,0.398688546022336,4.4001545906066895,4.399863243103027,4.3999886942985365,0.0037867253013592,619.3891891892999,133,4.400152683258057,4.400015354156494,-0.0001373291015625,619.3891891892999,133,0.9973464533686638,220.0,0.2393631488084793
324,2.297445420459415e-09,-0.0761937493330625,4.400091171264648,4.3998637199401855,4.399982642410393,-0.0170255034207884,619.4129729727283,133,4.399997234344482,4.400015354156494,1.811981201171875e-05,619.4129729727283,133,0.996667208770911,219.0,0.2392001301050186
325,3.988130194909955e-09,-0.1453017243286354,4.400091648101807,4.399868488311768,4.399997965494792,-1.0004077968501743,629.0609209211543,135,4.399999618530273,4.400091648101807,9.202957153320312e-05,629.0609209211543,135,0.9960816552241644,218.0,0.2390595972537994
326,2.6228294704131015e-09,-0.0548256604222556,4.400091648101807,4.399862766265869,4.399952048686013,-0.7542825334768244,623.6208908911794,134,4.400015354156494,4.400091648101807,7.62939453125e-05,623.6208908911794,134,0.9951984509825706,217.0,0.2388476282358169
327,1.7490768680498407e-09,0.0237043995049613,4.400090217590332,4.399939060211182,4.400001737408172,-0.7259884783829875,617.9278078079224,133,4.400033950805664,4.400015354156494,-1.8596649169921875e-05,617.9278078079224,133,0.9944213554263116,216.0,0.2386611253023147
328,3.4902058333441166e-09,-0.2218633562560382,4.400091171264648,4.399862766265869,4.399983267285931,-0.5548895958640379,622.7648448450491,134,4.399960994720459,4.400015354156494,5.435943603515625e-05,622.7648448450491,134,0.9938985109329224,215.0,0.2385356426239013
329,4.6116091645905525e-09,-0.6560294145275976,4.400091171264648,4.399791717529297,4.39997384085584,-0.0436532303046344,622.8141041044146,134,4.39993143081665,4.400015354156494,8.392333984375e-05,622.8141041044146,134,0.9931111087401708,214.0,0.238346666097641
330,2.271241476030384e-09,0.1045571155582446,4.400091648101807,4.399868965148926,4.39998495667069,-0.3718307936471499,627.3346146149561,135,4.400015354156494,4.400091648101807,7.62939453125e-05,627.3346146149561,135,0.9924861912926038,213.0,0.2381966859102249
331,3.2397317987835772e-09,-0.3457920821477334,4.400091171264648,4.399867057800293,4.399990505246974,-0.7299468655024612,622.1590890893713,134,4.400057792663574,4.400015354156494,-4.2438507080078125e-05,622.1590890893713,134,0.9919881820678712,212.0,0.238077163696289
332,2.0983703640961326e-09,0.1506219430153501,4.400111675262451,4.399939060211182,4.4000004627086495,-0.8672623950228386,626.92416416388,135,4.400111675262451,4.399939060211182,-0.0001726150512695,626.92416416388,135,0.9915507088104883,211.0,0.2379721701145172
333,1.4411609136206787e-09,0.6622046383725544,4.400088310241699,4.399939060211182,4.399976719671221,-0.4459351393772257,621.7264064066112,134,4.400043964385986,4.400015354156494,-2.86102294921875e-05,621.7264064066112,134,0.9908507267634076,210.0,0.2378041744232177
334,4.959966560434822e-09,-0.3579856129036953,4.400157451629639,4.399794101715088,4.399997834806089,0.2171358948284392,626.8624624628574,135,4.399980545043945,4.400091648101807,0.0001111030578613,626.8624624628574,135,0.9901529798905055,209.0,0.2376367151737213
335,2.350969498960326e-09,0.2696050404238463,4.400091648101807,4.399866580963135,4.399984584135168,-0.3856085177442687,631.4648648649454,136,4.400058269500732,4.400091648101807,3.337860107421875e-05,631.4648648649454,136,0.989634171128273,208.0,0.2375122010707855
336,2.922800707246788e-09,-0.350474333071163,4.400091648101807,4.399868488311768,4.400010007269242,-0.6027541550881081,631.3486486487091,136,4.400043964385986,4.399939060211182,-0.0001049041748046,631.3486486487091,136,0.9891864533225696,207.0,0.2374047487974167
337,3.518651009291482e-09,0.3358991742105765,4.4001641273498535,4.3998637199401855,4.399991347509272,-0.1030008436146685,630.8364864867181,136,4.3999786376953125,4.400015354156494,3.6716461181640625e-05,630.8364864867181,136,0.98825724174579,206.0,0.2371817380189895
338,3.3877717477839355e-09,-0.837517810381051,4.400091648101807,4.399803161621094,4.400006819815531,1.1312964209207177,636.0852052047849,137,4.3999714851379395,4.400015354156494,4.38690185546875e-05,636.0852052047849,137,0.9877028564612071,205.0,0.2370486855506897
339,3.2743847641285e-09,-0.2690193349757577,4.400091648101807,4.399867057800293,4.400007707485254,-0.7797655533102188,640.7979579577222,138,4.400052070617676,4.400015354156494,-3.6716461181640625e-05,640.7979579577222,138,0.9871487195293108,204.0,0.2369156926870346
340,1.7601476074817074e-09,0.5628337436928688,4.400089740753174,4.399939060211182,4.399984090224557,-0.6448107896886457,640.7184184184298,138,4.400054931640625,4.400015354156494,-3.9577484130859375e-05,640.7184184184298,138,0.9864741936326028,203.0,0.2367538064718246
341,2.7020691315337203e-09,0.0864865981536094,4.400167942047119,4.399867057800293,4.399980583052704,0.6309555459698202,640.5127127123997,138,4.399880886077881,4.400167942047119,0.0002870559692382,640.5127127123997,138,0.9858406459291776,202.0,0.2366017550230026
342,2.452631045352633e-09,-0.4735218640426714,4.400091648101807,4.399863243103027,4.4000094627988515,-0.3744910024021077,640.1095295296982,138,4.399978160858154,4.400091648101807,0.0001134872436523,640.1095295296982,138,0.9852595006426176,201.0,0.2364622801542282
343,2.990457506295728e-09,-0.5127301192682044,4.400088310241699,4.399862766265869,4.399969296489688,-0.288058823707269,645.3592792795971,139,4.399980545043945,4.400015354156494,3.4809112548828125e-05,645.3592792795971,139,0.9848805144429208,200.0,0.2363713234663009
344,3.206515388246219e-09,-0.7414759788982483,4.400084972381592,4.3997883796691895,4.399974037417405,0.5118081293192591,644.8384984983131,139,4.3999762535095215,4.400015354156494,3.910064697265625e-05,644.8384984983131,139,0.9842038154602052,199.0,0.2362089157104492
345,3.746782930855664e-09,0.3256975900711077,4.400157451629639,4.3998637199401855,4.399980764594867,0.3282675924276654,644.9476276272908,139,4.399882793426514,4.399939060211182,5.626678466796875e-05,644.9476276272908,139,0.983653652171294,198.0,0.2360768765211105
346,2.049837234245132e-09,-0.0876413357781274,4.400090217590332,4.399862766265869,4.399956154823303,0.1481253809225022,649.6281181182712,140,4.3998847007751465,4.399939060211182,5.435943603515625e-05,649.6281181182712,140,0.9829786916573844,197.0,0.2359148859977722
347,2.96383249764065e-09,0.1358608451219997,4.400088787078857,4.399867057800293,4.399975865227836,-0.6723727263046206,649.5112412413582,140,4.400015354156494,4.399939060211182,-7.62939453125e-05,649.5112412413582,140,0.9824015821019808,196.0,0.2357763797044754
348,2.48343300292154e-09,-0.7722518009712713,4.400091648101807,4.399869441986084,4.400013889585223,0.2960518139412085,649.3887987984344,140,4.400015354156494,4.400091648101807,7.62939453125e-05,649.3887987984344,140,0.9819559132059416,195.0,0.2356694191694259
349,2.779167859143938e-09,0.4374089781973099,4.400157928466797,4.399862766265869,4.399975330489022,0.996789211114538,649.0896496493369,140,4.399964332580566,4.400015354156494,5.1021575927734375e-05,649.0896496493369,140,0.9812332689762115,194.0,0.2354959845542907
350,1.4136435334266274e-09,0.1055076212385913,4.400091648101807,4.399939060211182,4.400012537097255,0.1948421572523191,653.7985985986888,141,4.399969100952148,4.400091648101807,0.0001225471496582,653.7985985986888,141,0.980466604232788,193.0,0.2353119850158691
351,3.992058041199675e-09,0.5608239858898514,4.400166034698486,4.39986515045166,4.399989611713599,0.0583470249326745,653.5267267264426,141,4.40009069442749,4.400015354156494,-7.534027099609375e-05,653.5267267264426,141,0.9796870251496632,192.0,0.2351248860359192
352,3.2798232730707503e-09,-0.6514171839001076,4.400087833404541,4.399796962738037,4.399989907170685,0.7091107062191586,658.2413513511419,142,4.399803161621094,4.399939060211182,0.0001358985900878,658.2413513511419,142,0.9790016959110897,191.0,0.2349604070186615
353,3.7133031678317485e-09,-0.0028767237863998,4.400160789489746,4.399869918823242,4.400006969210128,-0.6144702460745739,658.1213813815266,142,4.400020599365234,4.399939060211182,-8.153915405273438e-05,658.1213813815266,142,0.9783580899238586,190.0,0.234805941581726
354,4.047355002716407e-09,-0.6014675660616892,4.400091648101807,4.3997979164123535,4.400001629977159,0.7221892729549486,658.0028228228912,142,4.400015354156494,4.400015354156494,0.0,658.0028228228912,142,0.9777621055642765,189.0,0.2346629053354263
355,3.3730691261551804e-09,0.3635889842809141,4.400161266326904,4.399862766265869,4.399986337114881,0.1890401944406177,662.6538738738745,143,4.400029182434082,4.399939060211182,-9.012222290039062e-05,662.6538738738745,143,0.9771309792995452,188.0,0.2345114350318908
356,4.7832128022122215e-09,-0.4463113172381248,4.400091648101807,4.399862766265869,4.399996924233603,-0.8310364185222685,662.6894094096497,143,4.400069713592529,4.400015354156494,-5.435943603515625e-05,662.6894094096497,143,0.9765122085809708,187.0,0.2343629300594329
357,3.980801113524276e-09,0.5170655466506375,4.40016508102417,4.399867057800293,4.399989795017909,0.4579519046072002,662.1179979983717,143,4.39987850189209,4.400015354156494,0.0001368522644042,662.1179979983717,143,0.9757249305645626,186.0,0.234173983335495
358,3.211817821630613e-09,-0.4448776468281954,4.400091648101807,4.399866104125977,4.400005194875929,-0.4503067712069524,667.274644644931,144,4.400015354156494,4.400015354156494,0.0,667.274644644931,144,0.97501656661431,185.0,0.2340039759874344
359,2.32067500880342e-09,0.2941762691779107,4.400088310241699,4.399864196777344,4.399981846412023,-0.4034287854811382,666.870980980806,144,4.400074481964111,4.400015354156494,-5.91278076171875e-05,666.870980980806,144,0.9742499639590582,184.0,0.2338199913501739
360,3.246378752800125e-09,-0.0469475393838011,4.400091648101807,4.399865627288818,4.399980498684777,-0.6605211299169582,666.3986086091027,144,4.400083541870117,4.400091648101807,8.106231689453125e-06,666.3986086091027,144,0.9734082346161208,183.0,0.2336179763078689
361,2.914832633224931e-09,-0.5254879340500604,4.400087356567383,4.3998637199401855,4.399994661410649,-0.3981769365124155,666.1180480485782,144,4.400084018707275,4.399939060211182,-0.0001449584960937,666.1180480485782,144,0.9728563949465752,182.0,0.233485534787178
362,3.869667834527251e-09,-0.179840930569381,4.400091648101807,4.399864673614502,4.399990752647663,-0.8387841314445232,671.2576576573774,145,4.400001525878906,4.400015354156494,1.3828277587890623e-05,671.2576576573774,145,0.9722001850605012,181.0,0.2333280444145202
363,1.4822788806697323e-09,0.4292418497324717,4.400091648101807,4.399867534637451,4.399970266916981,0.8978696524936409,676.0846346346661,146,4.400002479553223,4.400091648101807,8.916854858398438e-05,676.0846346346661,146,0.9711460520823796,180.0,0.2330750524997711
364,4.864866366423183e-09,0.2939616801435582,4.400163650512695,4.399862766265869,4.399978017153805,-0.3621808318746855,675.4706706702709,146,4.400015354156494,4.399939060211182,-7.62939453125e-05,675.4706706702709,146,0.9703754136959712,179.0,0.232890099287033
365,2.019793688455425e-09,-0.5015385361598139,4.400084495544434,4.399866580963135,4.39998061965112,-0.1130134463013714,680.2591591589153,147,4.4000115394592285,4.399939060211182,-7.2479248046875e-05,680.2591591589153,147,0.9695667773485184,178.0,0.2326960265636444
366,3.3868631118982927e-09,-0.3957913482477249,4.400091171264648,4.3997907638549805,4.399964040639449,0.6148701556002769,679.7301101097837,147,4.399939060211182,4.400015354156494,7.62939453125e-05,679.7301101097837,147,0.9688253824909528,177.0,0.2325180917978286
367,3.148059115368402e-09,0.5849734825750258,4.400163173675537,4.399871349334717,4.400010300331375,0.6339224739709732,679.588348348625,147,4.400015354156494,4.399939060211182,-7.62939453125e-05,679.588348348625,147,0.9680525089303652,176.0,0.2323326021432876
368,3.7422663623741565e-09,-0.0662309650535925,4.400134563446045,4.399864673614502,4.400000933054331,-0.8108756843514731,684.418168168515,148,4.400134563446045,4.399939060211182,-0.0001955032348632,684.418168168515,148,0.9673004349072776,175.0,0.2321521043777465
369,4.86156923482061e-09,0.4402153383439097,4.400158405303955,4.3998637199401855,4.399976111747123,-0.6279879694193395,684.5491291293874,148,4.399882793426514,4.399939060211182,5.626678466796875e-05,684.5491291293874,148,0.9664942199985188,174.0,0.2319586127996444
370,2.613468256131929e-09,0.0072364306929428,4.400091648101807,4.399868965148926,4.399993261775455,-0.2456674228634736,683.9016816811636,148,4.399993419647217,4.399939060211182,-5.435943603515625e-05,683.9016816811636,148,0.9658378238479296,173.0,0.2318010777235031
371,2.9225170306098862e-09,0.2506873735371457,4.40009069442749,4.3998637199401855,4.39997061201044,-0.6647336483718522,683.854594594799,148,4.399989128112793,4.399939060211182,-5.0067901611328125e-05,683.854594594799,148,0.9650984779000282,172.0,0.2316236346960067
372,4.784762231425248e-09,0.2690799308340271,4.400091648101807,4.399862766265869,4.399968028868605,-1.0684998381054158,688.5259259259328,149,4.400043964385986,4.400015354156494,-2.86102294921875e-05,688.5259259259328,149,0.964098609983921,171.0,0.231383666396141
373,5.041877229651643e-09,0.682799935910423,4.4001665115356445,4.399862766265869,4.399960778554281,-0.2514727814272777,692.9752852851525,150,4.399939060211182,4.400015354156494,7.62939453125e-05,692.9752852851525,150,0.963317354520162,170.0,0.2311961650848388
374,2.608721094837961e-09,-0.4744007931023127,4.400091648101807,4.399816513061523,4.39999693672129,0.815021190827268,687.7451851852238,149,4.4000349044799805,4.400091648101807,5.6743621826171875e-05,687.7451851852238,149,0.9627757593989372,169.0,0.2310661822557449
375,2.0667436548042e-09,0.4776392157179552,4.400091648101807,4.399939060211182,4.400000069936117,-0.4411749826470168,692.9350150153041,150,4.399993896484375,4.400015354156494,2.1457672119140625e-05,692.9350150153041,150,0.9621342023213704,168.0,0.2309122085571289
376,3.6284080437798364e-09,-0.0263552930560298,4.400091648101807,4.399862766265869,4.399972632726033,-0.5690473194451262,692.4651951948181,150,4.400015354156494,4.400015354156494,0.0,692.4651951948181,150,0.9615657230218252,167.0,0.230775773525238
377,2.568906473817465e-09,-1.069538309512322,4.400090217590332,4.399802207946777,4.399991594402995,1.9350403168281725,697.5435435436666,151,4.399942398071289,4.400015354156494,7.295608520507812e-05,697.5435435436666,151,0.960971973836422,166.0,0.2306332737207412
378,3.6169497534155813e-09,-0.1315714035387765,4.400091648101807,4.399791717529297,4.399962657292684,-0.1467102567963172,691.9073773771524,150,4.400091648101807,4.399939060211182,-0.000152587890625,691.9073773771524,150,0.9604363391796747,165.0,0.2305047214031219
379,4.659650866461354e-09,0.2536004465937725,4.400165557861328,4.3997979164123535,4.399977282972525,0.2958771511742597,696.5525525528938,151,4.399971961975098,4.400015354156494,4.3392181396484375e-05,696.5525525528938,151,0.9598675494392712,164.0,0.2303682118654251
380,3.29190926691471e-09,0.2755825187979095,4.4001617431640625,4.39987325668335,4.400010061579824,-0.237477554012226,696.5915915919468,151,4.399902820587158,4.400091648101807,0.0001888275146484,696.5915915919468,151,0.9594321250915528,163.0,0.2302637100219726
381,3.879791604358576e-09,-0.0679844803923122,4.400091648101807,4.399868488311768,4.3999999532636425,-0.8495822625837985,696.1051051048562,151,4.400015354156494,4.400091648101807,7.62939453125e-05,696.1051051048562,151,0.9588178247213364,162.0,0.2301162779331207
382,3.377577182903647e-09,0.1313863937848998,4.400091648101807,4.399864673614502,4.3999794145293585,-0.8839879669108655,695.8888888889924,151,4.400053977966309,4.400015354156494,-3.8623809814453125e-05,695.8888888889924,151,0.9585175663232804,161.0,0.2300442159175872
383,4.221688973111931e-09,-0.2131478452959032,4.400160789489746,4.3998637199401855,4.400000799570652,-0.4832279287955892,695.5660660658032,151,4.400015354156494,4.399939060211182,-7.62939453125e-05,695.5660660658032,151,0.9579822421073914,160.0,0.2299157381057739
384,5.675246718214469e-09,-0.391820945561719,4.400163650512695,4.399797439575195,4.400010165789269,-0.2649021146342023,695.4834834830835,151,4.4000139236450195,4.400015354156494,1.430511474609375e-06,695.4834834830835,151,0.9575449551145236,159.0,0.2298107892274856
385,2.359392463516652e-09,0.1353955988029904,4.400091648101807,4.399939060211182,4.40001462784824,-0.9957160957070732,694.9129129126668,151,4.400015354156494,4.399939060211182,-7.62939453125e-05,694.9129129126668,151,0.9572302922606468,158.0,0.2297352701425552
386,2.2419741815343984e-09,0.0835435490519021,4.400091648101807,4.399939060211182,4.400011489265843,-0.8749350199521855,699.7678578579798,152,4.399939060211182,4.400015354156494,7.62939453125e-05,699.7678578579798,152,0.95698032528162,157.0,0.2296752780675888
387,2.2304529279654652e-09,-0.2652528239330089,4.400091648101807,4.399864196777344,4.400007847108339,0.0052349329267737,699.7406506501138,152,4.400015354156494,4.399939060211182,-7.62939453125e-05,699.7406506501138,152,0.9567013010382652,156.0,0.2296083122491836
388,3.286588682755046e-09,0.6633613429066536,4.400156497955322,4.399864673614502,4.399972735651281,0.6834717648612401,694.0750750750303,151,4.400015354156494,4.400015354156494,0.0,694.0750750750303,151,0.956467849512895,155.0,0.2295522838830948
389,3.385175639709764e-09,-0.5296818263356855,4.40008544921875,4.39979362487793,4.399956848447686,0.3429223342528611,694.1741741746664,151,4.400050163269043,4.400015354156494,-3.4809112548828125e-05,694.1741741746664,151,0.956380491455396,154.0,0.229531317949295
390,2.5101134202645415e-09,0.3154258854793606,4.400091171264648,4.399867534637451,4.39998044013977,-0.4614742612139912,688.8528028028086,150,4.400015354156494,4.400015354156494,0.0,688.8528028028086,150,0.9560783704121908,153.0,0.2294588088989257
391,1.745320332702249e-09,-0.204627503854765,4.400091648101807,4.399864196777344,4.399988460540771,0.4749599440484284,688.5366066070274,150,4.399979591369629,4.400015354156494,3.5762786865234375e-05,688.5366066070274,150,0.955865780512492,152.0,0.229407787322998
392,3.0982501533355667e-09,-0.2616829003568553,4.400091648101807,4.399862766265869,4.39998293240865,-0.2049825344816471,688.3710510507226,150,4.399862766265869,4.399939060211182,7.62939453125e-05,688.3710510507226,150,0.9557407970229784,151.0,0.2293777912855148
393,3.135445556722261e-09,0.1678609531107527,4.400160789489746,4.399869918823242,4.400004936854045,0.1543992325166114,688.0831931931898,150,4.400015354156494,4.399939060211182,-7.62939453125e-05,688.0831931931898,150,0.9556366751591364,150.0,0.2293528020381927
394,4.430741481449778e-09,-0.3323172957382008,4.400091648101807,4.399862766265869,4.399985342025757,-0.734137869932272,687.9131631627679,150,4.400043487548828,4.400091648101807,4.8160552978515625e-05,687.9131631627679,150,0.9554679195086162,149.0,0.2293123006820678
395,2.017835556869722e-09,-0.1350203844883024,4.400088310241699,4.399868011474609,4.399980230331421,0.0464044113354402,687.5910010011867,150,4.400015354156494,4.399939060211182,-7.62939453125e-05,687.5910010011867,150,0.9552367031574248,148.0,0.2292568087577819
396,4.213350425957197e-09,0.2423183204873696,4.4001665115356445,4.399867057800293,4.400000019073486,-0.3712438630299242,687.4299199199304,150,4.400091648101807,4.400015354156494,-7.62939453125e-05,687.4299199199304,150,0.9551991398135822,147.0,0.2292477935552597
397,5.473581077484102e-09,0.2485532577362766,4.400163173675537,4.399796009063721,4.399976425170898,-0.0969662154892234,687.4806306306273,150,4.400015354156494,4.399939060211182,-7.62939453125e-05,687.4806306306273,150,0.955024113257726,146.0,0.2292057871818542
398,3.914111734641888e-09,0.4246868829707193,4.400166034698486,4.3998637199401855,4.399988530476888,0.2378899847776892,687.307617617771,150,4.400015354156494,4.400015354156494,0.0,687.307617617771,150,0.9548555438717208,145.0,0.2291653305292129
399,5.637217588590011e-09,-1.0043827177236426,4.400091648101807,4.39971399307251,4.399982401188588,1.5680070243782365,682.0296296300367,149,4.400091648101807,4.399939060211182,-0.000152587890625,682.0296296300367,149,0.9546867261330289,144.0,0.2291248142719268
400,3.6741439483090202e-09,0.175107581358922,4.400091648101807,4.399867057800293,4.399979887008667,-1.0131121027438257,686.8243743740022,150,4.399868011474609,4.400091648101807,0.0002236366271972,686.8243743740022,150,0.954695170124372,143.0,0.2291268408298492
401,2.213835235936691e-09,0.3797885966165654,4.400091648101807,4.399787425994873,4.39995927810669,2.9602512410130384,686.8885085089132,150,4.400091648101807,4.399939060211182,-0.000152587890625,686.8885085089132,150,0.954790785908699,142.0,0.2291497886180877
402,2.766557812836639e-09,-0.1946655925802936,4.400091648101807,4.399865627288818,4.3999935572579405,-0.1247304168117078,681.8711111107841,149,4.400010108947754,4.400091648101807,8.153915405273438e-05,681.8711111107841,149,0.9545826663573584,141.0,0.229099839925766
403,3.510747810730269e-09,-0.3364156034300535,4.400091648101807,4.399865627288818,4.399997138337001,-0.69495277634765,681.5051851850003,149,4.400087833404541,4.400015354156494,-7.2479248046875e-05,681.5051851850003,149,0.9545346101125082,140.0,0.2290883064270019
404,3.123043998712369e-09,0.000830731452579,4.400091171264648,4.399862766265869,4.39996722560601,-0.5190805547253983,681.8074074070901,149,4.399951457977295,4.400015354156494,6.389617919921875e-05,681.8074074070901,149,0.9543536851803462,139.0,0.229044884443283
405,2.742844858387587e-09,-0.046716512421484,4.40009069442749,4.399862766265869,4.3999753254372,-0.3239073885432124,681.3555555557832,149,4.400015354156494,4.400015354156494,0.0,681.3555555557832,149,0.954249252875646,138.0,0.229019820690155
406,2.131749977782159e-09,-0.6503637643600595,4.400091171264648,4.399875164031982,4.400017133495152,0.2094279021452361,681.561481481418,149,4.399951934814453,4.400015354156494,6.341934204101562e-05,681.561481481418,149,0.9541659926374754,137.0,0.228999838232994
407,5.366690653798473e-09,0.0455271581143917,4.4001665115356445,4.3997955322265625,4.39998665111977,-0.074839121478953,681.7377777779475,149,4.40007209777832,4.400015354156494,-5.6743621826171875e-05,681.7377777779475,149,0.954030640423298,136.0,0.2289673537015915
408,3.4962185998749e-09,-0.0261427594891104,4.400161266326904,4.399864673614502,4.400007337531788,0.3721277831848626,681.7096296297386,149,4.399951934814453,4.400015354156494,6.341934204101562e-05,681.7096296297386,149,0.9540744746724764,135.0,0.2289778739213943
409,1.5861247625318915e-09,0.1068144064741897,4.400091171264648,4.399868011474609,4.399984292081885,0.0510606122671402,676.2706306306645,148,4.400051593780518,4.399939060211182,-0.0001125335693359,676.2706306306645,148,0.9539014970262846,134.0,0.2289363592863083
410,2.5286412788780995e-09,-0.7567217230123205,4.400091648101807,4.399786472320557,4.400008256370957,2.5557139699176865,676.0234234230593,148,4.400071620941162,4.399786472320557,-0.0002851486206054,676.0234234230593,148,0.9539265806476276,133.0,0.2289423793554306
411,2.658395066608226e-09,0.3750153861019945,4.400091648101807,4.399939060211182,4.400001474674916,-1.1395029112303117,681.2637037038803,149,4.400079727172852,4.400091648101807,1.1920928955078123e-05,681.2637037038803,149,0.9537431101004284,132.0,0.2288983464241027
412,3.209286116176577e-09,-0.3646607497744463,4.400091171264648,4.399799346923828,4.39998067305392,0.5613629919849501,681.1407407410443,149,4.399942874908447,4.400015354156494,7.2479248046875e-05,681.1407407410443,149,0.953368159631888,131.0,0.2288083583116531
413,2.927178594805806e-09,0.7364866153248757,4.400160312652588,4.399862766265869,4.399991184870402,0.0721302175773863,686.0726626627147,150,4.400071144104004,4.399862766265869,-0.0002083778381347,686.0726626627147,150,0.953139178454876,130.0,0.2287534028291702
414,3.319099084698086e-09,-0.3610924303168147,4.400091648101807,4.399862766265869,4.39999901048289,-0.5733945296238483,681.0237037036568,149,4.399956703186035,4.400015354156494,5.8650970458984375e-05,681.0237037036568,149,0.9529244775573412,129.0,0.2287018746137619
415,4.618062098772042e-09,-0.5766728632666938,4.400091648101807,4.3997955322265625,4.399984200795491,-0.1894928410701459,685.8578878873959,150,4.400015354156494,4.400091648101807,7.62939453125e-05,685.8578878873959,150,0.9528119737903278,128.0,0.2286748737096786
416,1.650885297905711e-09,0.42658621249673,4.400091171264648,4.399939060211182,4.399995573415052,-0.5500738689509208,680.2859259257093,149,4.399939060211182,4.399939060211182,0.0,680.2859259257093,149,0.9525266165534656,127.0,0.2286063879728317
417,3.031176578980507e-09,0.1956243947256875,4.400091648101807,4.399863243103027,4.399985732648196,-0.4423191532708501,680.5599999995902,149,4.3999762535095215,4.399939060211182,-3.719329833984375e-05,680.5599999995902,149,0.9524390722314516,126.0,0.2285853773355484
418,3.273606907041905e-09,-0.2032375013264998,4.400089263916016,4.399862766265869,4.399984893798828,-0.6384183148333258,685.6863663662225,150,4.399939060211182,4.399862766265869,-7.62939453125e-05,685.6863663662225,150,0.9523099288344384,125.0,0.2285543829202652
419,2.201023405851166e-09,-0.4745570359137809,4.40009069442749,4.3998637199401855,4.400011965433756,-0.2108803815056896,685.8534134132788,150,4.400015354156494,4.400015354156494,0.0,685.8534134132788,150,0.9522014607985816,124.0,0.2285283505916595
420,3.456455447104274e-09,0.029035129004452,4.400091648101807,4.399862766265869,4.399977897775584,-0.4462667182186131,693.5250450447202,145,4.400056838989258,4.400091648101807,3.4809112548828125e-05,693.5250450447202,145,0.9665004909038544,123.0,0.231960117816925
421,3.019735554662957e-09,0.020933181972371,4.400091648101807,4.399863243103027,4.399979204139454,-0.3939566332895019,689.4074074076489,149,4.399913311004639,4.400091648101807,0.0001783370971679,689.4074074076489,149,0.9650235374768577,122.0,0.2316056489944458
422,2.2036814905903086e-09,0.0562872762528456,4.400091648101807,4.399864673614502,4.3999782371521,0.1587393594312862,694.4533533528447,150,4.399975776672363,4.400091648101807,0.0001158714294433,694.4533533528447,150,0.9643383324146272,121.0,0.2314411997795105
423,1.794579336172955e-09,0.2559842736731927,4.40009069442749,4.39987325668335,4.3999846765659,0.0259865435757116,688.1140740737319,149,4.399962425231934,4.400015354156494,5.2928924560546875e-05,688.1140740737319,149,0.9631862863898276,120.0,0.2311647087335586
424,2.514823293761054e-09,0.2580860772746369,4.400157451629639,4.399863243103027,4.399988961699825,0.9526184132596636,688.0251851854846,149,4.400018692016602,4.400015354156494,-3.337860107421875e-06,688.0251851854846,149,0.9624550739924114,119.0,0.2309892177581787
425,2.210960111689338e-09,-0.6794338682658845,4.400090217590332,4.399862766265869,4.399999618530273,0.6632189438674381,687.6044444441795,149,4.3999810218811035,4.399862766265869,-0.0001182556152343,687.6044444441795,149,0.9618321433663368,118.0,0.2308397144079208
426,1.9992518555877422e-09,0.0192431481834069,4.40009069442749,4.399864673614502,4.39997755921127,-0.1256279671450744,686.8296296298504,149,4.400013446807861,4.399939060211182,-7.43865966796875e-05,686.8296296298504,149,0.9611550097664198,117.0,0.2306772023439407
427,4.333114519484041e-09,0.125269172050604,4.400167942047119,4.399866104125977,4.400004062652588,-0.6288102194795377,691.4450150150806,150,4.399991035461426,4.400091648101807,0.0001006126403808,691.4450150150806,150,0.960638498266538,116.0,0.2305532395839691
428,2.817395524355422e-09,-0.3668152843863523,4.40009069442749,4.399864196777344,4.399991215459559,-0.4376817950009846,696.2987987985834,151,4.399954319000244,4.400015354156494,6.103515625e-05,696.2987987985834,151,0.9599135567744572,115.0,0.2303792536258697
429,3.67278955402897e-09,-0.1050057156029556,4.4001665115356445,4.399862766265869,4.3999916998545325,0.1716857319470031,691.2764764763415,150,4.399971961975098,4.400015354156494,4.3392181396484375e-05,691.2764764763415,150,0.9591511761148772,114.0,0.2301962822675705
430,2.7680451308754195e-09,-0.0948081442377147,4.400091648101807,4.39980411529541,4.399983927408854,0.6995474717329664,690.8752652648836,150,4.399939060211182,4.400091648101807,0.000152587890625,690.8752652648836,150,0.9583969910939536,113.0,0.2300152778625488
431,2.689486759372731e-09,0.0247958680523685,4.400091648101807,4.399868488311768,4.399993081755985,-0.3444170649802709,695.6201201202348,151,4.399972915649414,4.400091648101807,0.0001187324523925,695.6201201202348,151,0.957734448214372,112.0,0.2298562675714492
432,4.131691179719598e-09,0.233558927525695,4.400091648101807,4.399862766265869,4.399970604094449,-0.8387355512703003,695.510510510765,151,4.399989604949951,4.400015354156494,2.574920654296875e-05,695.510510510765,151,0.956940899292628,111.0,0.2296658158302307
433,5.099342695053122e-09,-0.5634904821658896,4.400160789489746,4.399797439575195,4.400008625105808,0.2297401943615615,700.3059559557587,152,4.400047779083252,4.400015354156494,-3.24249267578125e-05,700.3059559557587,152,0.9562971691290538,110.0,0.2295113205909729
434,3.912633170091058e-09,-0.2197923216163761,4.400089740753174,4.399789333343506,4.399967877488387,-0.6250592356373295,699.9250550549477,152,4.399886608123779,4.400015354156494,0.0001287460327148,699.9250550549477,152,0.9557867422699928,109.0,0.2293888181447982
435,3.246222909860227e-09,-0.0271245173447853,4.400091648101807,4.399868488311768,4.399990925663396,-0.926597463495972,699.6877477476373,152,4.3999834060668945,4.400091648101807,0.0001082420349121,699.6877477476373,152,0.9557158996661504,108.0,0.2293718159198761
436,2.512708310116652e-09,0.1892124344678434,4.400089740753174,4.399863243103027,4.399976416638023,-0.3786128814848344,698.9894294291735,152,4.399939060211182,4.400015354156494,7.62939453125e-05,698.9894294291735,152,0.9554201116164526,107.0,0.2293008267879486
437,2.729564443140815e-09,0.7178600136673492,4.400164604187012,4.399939060211182,4.400002990672791,0.5893561513874817,704.5420620618388,153,4.399939060211182,4.400091648101807,0.000152587890625,704.5420620618388,153,0.9547950079043708,106.0,0.2291508018970489
438,2.243752603811461e-09,0.1298041545815971,4.400091648101807,4.39986515045166,4.399999920838798,-0.2793762858977016,704.4446846842766,153,4.400065898895264,4.400015354156494,-5.054473876953125e-05,704.4446846842766,153,0.953836925327778,105.0,0.2289208620786667
439,3.2385568889595334e-09,0.1327696839610272,4.4001617431640625,4.399868965148926,4.400001179088246,0.3012423342537356,709.2614414412528,154,4.4001030921936035,4.399939060211182,-0.0001640319824218,709.2614414412528,154,0.9532618025938672,104.0,0.228782832622528
440,2.976393873521558e-09,-1.0751396967199307,4.400086879730225,4.399787425994873,4.399995639726713,1.622216802575993,708.760630630888,154,4.399928569793701,4.400015354156494,8.678436279296875e-05,708.760630630888,154,0.9525333220760028,103.0,0.2286079972982406
441,1.4273821841174374e-09,0.2481756534370791,4.400085926055908,4.399864673614502,4.399966407131839,0.5294532161001286,708.7391891889274,154,4.400032043457031,4.399939060211182,-9.298324584960938e-05,708.7391891889274,154,0.9521394968032836,102.0,0.228513479232788
442,2.5218583587264934e-09,-0.7356298940915846,4.400091648101807,4.39979887008667,4.39996554159349,0.5078055233080057,713.3838038034737,155,4.3999714851379395,4.400091648101807,0.0001201629638671,713.3838038034737,155,0.9516791130105656,101.0,0.2284029871225357
443,3.1266895575087675e-09,-0.3703833929967368,4.400091648101807,4.399867534637451,4.40000673724759,-0.617028813225041,712.8273073071614,155,4.400050163269043,4.400091648101807,4.1484832763671875e-05,712.8273073071614,155,0.951041467487812,100.0,0.2282499521970749
444,3.754908925019011e-09,-0.1313357729409431,4.400162696838379,4.399787902832031,4.39998746995003,1.350679460592414,712.9336736733094,155,4.400015354156494,4.400015354156494,0.0,712.9336736733094,155,0.9508786102135977,99.0,0.2282108664512634
445,2.4295638518576827e-09,0.2855733890535491,4.400086879730225,4.399874210357666,4.39998108912737,-0.6502917704854232,718.5142142139375,156,4.400015354156494,4.400015354156494,0.0,718.5142142139375,156,0.9506497532129288,98.0,0.2281559407711029
446,2.8640955108169704e-09,-0.437044353696854,4.400091648101807,4.399862766265869,4.399999817212422,-0.1216932735127889,718.059609609656,156,4.400091648101807,4.400091648101807,0.0,718.059609609656,156,0.9504830464720726,97.0,0.2281159311532974
447,3.3592466478651355e-09,0.4663027272776442,4.4001617431640625,4.39986515045166,4.399997701952534,-0.0359201653218401,712.5621621618047,155,4.400015354156494,4.400015354156494,0.0,712.5621621618047,155,0.9503493706385296,96.0,0.228083848953247
448,2.880566612591588e-09,-0.4270309998122202,4.400091648101807,4.399865627288818,4.4000029871540685,-0.1165766308843405,712.491251250729,155,4.399988651275635,4.400091648101807,0.0001029968261718,712.491251250729,155,0.9494978313644729,95.0,0.2278794795274734
449,2.9896341402491087e-09,-0.2226150014710528,4.400091648101807,4.39986515045166,4.3999844789505005,-0.5821387301377268,717.663963964209,156,4.399939060211182,4.400015354156494,7.62939453125e-05,717.663963964209,156,0.9489562983314196,94.0,0.2277495115995407
450,2.927828069942374e-09,0.580917430938102,4.400153636932373,4.399870872497559,4.399990353828821,0.0683946438683991,717.6127627631649,156,4.40012788772583,4.399939060211182,-0.0001888275146484,717.6127627631649,156,0.9484667951862018,93.0,0.2276320308446884
451,2.591951207786306e-09,-0.4509584037527475,4.400091648101807,4.399862766265869,4.399982139563105,0.1046582666392055,722.5267267264426,157,4.400015354156494,4.400091648101807,7.62939453125e-05,722.5267267264426,157,0.9482854356368384,92.0,0.2275885045528412
452,2.674553988264207e-09,0.087757767966301,4.400091648101807,4.399864196777344,4.3999990262803,-0.3302042449926503,722.0395195195451,157,4.399997234344482,4.399939060211182,-5.817413330078125e-05,722.0395195195451,157,0.9475585694114368,91.0,0.2274140566587448
453,3.720029249627946e-09,0.5044881304694799,4.4001665115356445,4.399864196777344,4.399994804308965,0.0911877394632241,716.6352852853015,156,4.39999532699585,4.400091648101807,9.632110595703124e-05,716.6352852853015,156,0.9454083318511646,90.0,0.2268979996442794
454,2.8514255355997407e-09,0.07407075822349,4.400091648101807,4.399866580963135,4.399992909612535,-0.4124610334774514,725.5678778775036,158,4.4000654220581055,4.400015354156494,-5.0067901611328125e-05,725.5678778775036,158,0.9452103947599728,89.0,0.2268504947423935
455,2.854029471067554e-09,0.484782480814315,4.400157928466797,4.399862766265869,4.399986777124526,1.074031741772003,725.8413313310593,158,4.400030612945557,4.399862766265869,-0.0001678466796875,725.8413313310593,158,0.9445687135060628,88.0,0.226696491241455
456,3.616353427904591e-09,-0.2443568482008411,4.400087833404541,4.39979362487793,4.39997401207116,0.0252905182151295,720.0485285287723,157,4.399960517883301,4.399939060211182,-2.1457672119140625e-05,720.0485285287723,157,0.9447916721304258,87.0,0.2267500013113021
457,3.2642764776718078e-09,0.4965679114683261,4.400091648101807,4.3998637199401855,4.399990975481909,-0.7165911541899792,730.6274274270982,159,4.400015354156494,4.400091648101807,7.62939453125e-05,730.6274274270982,159,0.9441124896208446,86.0,0.2265869975090026
458,2.9767153919711432e-09,0.7321582669897212,4.400157928466797,4.399867057800293,4.399984341747356,0.7990288502838263,730.6400800803676,159,4.399977207183838,4.400091648101807,0.0001144409179687,730.6400800803676,159,0.9435334553321204,85.0,0.2264480292797088
459,1.982734363356909e-09,0.5797153106689128,4.400091648101807,4.399862766265869,4.39998426677296,0.4773006607531425,730.0770370373502,159,4.4000139236450195,4.400015354156494,1.430511474609375e-06,730.0770370373502,159,0.9427940472960472,84.0,0.2262705713510513
460,4.789282959937354e-09,0.1154421283897646,4.4001665115356445,4.399862766265869,4.399997339308637,-0.6329320749552925,729.506086085923,159,4.400015354156494,4.399939060211182,-7.62939453125e-05,729.506086085923,159,0.943868731458982,83.0,0.2265284955501556
461,1.8366721756338051e-09,0.3452066333893435,4.400089740753174,4.399939060211182,4.399999171495438,-0.8191590360026644,735.6781981978565,160,4.400015354156494,4.399939060211182,-7.62939453125e-05,735.6781981978565,160,0.9429875140388808,82.0,0.2263170033693313
462,2.6343157293184068e-09,-0.1406456667436036,4.400157451629639,4.399869441986084,4.399999648709841,0.7375310658644367,724.7758058058098,158,4.4000115394592285,4.400015354156494,3.814697265625e-06,724.7758058058098,158,0.941021057466666,81.0,0.2258450537919998
463,3.832564405687772e-09,-0.8514089703805561,4.400084972381592,4.399789810180664,4.399973500449702,0.4123199170215561,728.8671271270141,159,4.399954319000244,4.399939060211182,-1.52587890625e-05,728.8671271270141,159,0.940823182463646,80.0,0.225797563791275
464,2.0761699088096454e-09,0.5862561823557154,4.400086402893066,4.399863243103027,4.399967646598816,0.1638053019712044,733.9083483479917,160,4.399939060211182,4.400015354156494,7.62939453125e-05,733.9083483479917,160,0.94044612099727,79.0,0.2257070690393448
465,6.950746158350819e-09,0.7859418724255586,4.400230407714844,4.399869441986084,4.4000129285066025,-0.3826591144803184,738.8124124128371,161,4.399939060211182,4.399939060211182,0.0,738.8124124128371,161,0.9396836782495182,78.0,0.2255240827798843
466,1.8804268474979934e-09,0.1597036739288708,4.400084495544434,4.399864196777344,4.399969862114569,-0.3379061812003354,738.4712712708861,161,4.399939060211182,4.399939060211182,0.0,738.4712712708861,161,0.9387233604987464,77.0,0.2252936065196991
467,3.6662676053107502e-09,0.2735238030600211,4.400167465209961,4.399863243103027,4.40000471565294,-0.261276795003452,738.4120120117441,161,4.3999505043029785,4.400015354156494,6.4849853515625e-05,738.4120120117441,161,0.9383109087745348,76.0,0.2251946181058883
468,2.8438352900994683e-09,0.1439106056166567,4.400161266326904,4.3998637199401855,4.4000130494435625,0.4768095567345796,742.9110510507599,162,4.3998637199401855,4.400091648101807,0.000227928161621,742.9110510507599,162,0.9369965021808944,75.0,0.2248791605234146
469,2.8911382901683292e-09,-0.4792007052954781,4.400091171264648,4.399786949157715,4.399972053221714,0.6755024933221034,742.0762362359092,162,4.399928092956543,4.399939060211182,1.0967254638671877e-05,742.0762362359092,162,0.9360381091634432,74.0,0.2246491461992263
470,2.3236940427107983e-09,0.4018706975629387,4.400088787078857,4.399867057800293,4.399978934982677,-0.5250000675320572,741.811931932345,162,4.399939060211182,4.399939060211182,0.0,741.811931932345,162,0.9352192282676696,73.0,0.2244526147842407
471,4.287068920821999e-09,0.3712949791050554,4.4001617431640625,4.399862766265869,4.399978917322041,0.1995581948046951,741.2269169166684,162,4.399931907653809,4.399939060211182,7.152557373046875e-06,741.2269169166684,162,0.9340838839610418,72.0,0.22418013215065
472,3.4654245063186863e-09,-0.504141290012044,4.400091648101807,4.399787902832031,4.399984824876844,0.8658513434549233,745.9556756755337,163,4.400012493133545,4.399862766265869,-0.0001497268676757,745.9556756755337,163,0.9315925960739454,71.0,0.2235822230577469
473,3.019180875785433e-09,0.080530398953732,4.400091648101807,4.399868011474609,4.399990889192359,-0.6894125958734669,744.2383783785626,163,4.399940013885498,4.400091648101807,0.0001516342163085,744.2383783785626,163,0.9279552226265272,70.0,0.2227092534303665
474,2.3626527431112675e-09,-0.551988212936996,4.400080680847168,4.3997931480407715,4.399963256040234,0.7897094899357264,741.8432432431728,163,4.399999141693115,4.400015354156494,1.621246337890625e-05,741.8432432431728,163,0.9283948068817456,69.0,0.2228147536516189
475,2.8406810366910127e-09,0.0318462718983451,4.400086402893066,4.399862766265869,4.399960588092453,-0.2796064190751668,742.2875675680116,163,4.400012016296387,4.400015354156494,3.337860107421875e-06,742.2875675680116,163,0.9293072546521824,68.0,0.2230337411165237
476,3.1256166752072927e-09,0.1127923106703158,4.400091648101807,4.399862766265869,4.399987402137803,-0.5734545225629453,743.1097297295928,163,4.4000020027160645,4.399862766265869,-0.0001392364501953,743.1097297295928,163,0.929657369852066,67.0,0.2231177687644958
477,5.079916814176167e-09,-0.1691058816608817,4.400149345397949,4.399789810180664,4.399980094216087,-0.0277265140462503,754.1537537537515,165,4.4000701904296875,4.399939060211182,-0.0001311302185058,754.1537537537515,165,0.9289177134633064,66.0,0.2229402512311935
478,2.34777679551354e-09,-0.2374242091177036,4.400084018707275,4.399866104125977,4.399974564471877,-0.276095997946856,759.8654654659331,166,4.4000749588012695,4.400015354156494,-5.9604644775390625e-05,759.8654654659331,166,0.924965925514698,65.0,0.2219918221235275
479,3.070185500247279e-09,1.12995372577636,4.400164604187012,4.399939060211182,4.399994961515872,0.8887525727888099,762.1244444446638,167,4.400035858154297,4.400015354156494,-2.0503997802734375e-05,762.1244444446638,167,0.9269073605537416,64.0,0.2224577665328979
480,2.779321737844425e-09,-0.06147956219712,4.400091648101807,4.399866104125977,4.399994539927287,-0.2251387341001947,758.0370870875195,166,4.399988651275635,4.400015354156494,2.6702880859375e-05,758.0370870875195,166,0.9250221153100332,63.0,0.2220053076744079
481,3.285854787260103e-09,-0.1111156748087496,4.400091648101807,4.399862766265869,4.399995432642406,-0.5187372516274258,763.0234034033492,167,4.399964332580566,4.400091648101807,0.0001273155212402,763.0234034033492,167,0.9246121471126876,62.0,0.2219069153070449
482,2.0394348128194335e-09,0.0648148328628265,4.400091648101807,4.399862766265869,4.399995222599549,0.2646758533044218,773.6996996998787,169,4.400046348571777,4.399939060211182,-0.0001072883605957,773.6996996998787,169,0.9223703915874164,61.0,0.2213688939809799
483,2.0383426001277128e-09,-0.0356822371236501,4.400091648101807,4.399868488311768,4.399988345757216,-0.1289887414561663,760.9263863861561,167,4.400091648101807,4.400015354156494,-7.62939453125e-05,760.9263863861561,167,0.9239327162504196,60.0,0.2217438519001007
484,3.120750149190453e-09,0.6131461023524254,4.400158882141113,4.399869441986084,4.3999975352060225,0.6223631615917795,768.3019719719887,168,4.400015354156494,4.399939060211182,-7.62939453125e-05,768.3019719719887,168,0.92287032554547,59.0,0.2214888781309127
485,1.9210088612658552e-09,0.2290290068283598,4.400091171264648,4.399869441986084,4.399986673388961,-0.3849616424082391,773.0724324323237,169,4.400015354156494,4.400015354156494,0.0,773.0724324323237,169,0.9192289163668952,58.0,0.2206149399280548
486,4.1146748324838654e-09,0.3986786530648146,4.400158882141113,4.399862766265869,4.399977891585406,-0.1444086723165689,775.9722122121602,170,4.4000325202941895,4.400015354156494,-1.71661376953125e-05,775.9722122121602,170,0.920370655755202,57.0,0.2208889573812484
487,3.738243587760109e-09,-0.1442887751818726,4.400091648101807,4.399863243103027,4.399992531254178,-0.716969374872217,766.1471871873364,168,4.399944305419922,4.399939060211182,-5.245208740234375e-06,766.1471871873364,168,0.9149771183729172,56.0,0.2195945084095001
488,2.8767421600681335e-09,0.1339716594464205,4.40009069442749,4.399867534637451,4.399986283820972,-0.9624858104662356,778.5234234230593,171,4.399950981140137,4.400015354156494,6.437301635742188e-05,778.5234234230593,171,0.9176269173622132,55.0,0.2202304601669311
489,2.317803337051592e-09,-0.1000404891199301,4.400091648101807,4.399864673614502,4.399989719279328,0.1552898151766211,780.844544544816,171,4.399981498718262,4.399939060211182,-4.2438507080078125e-05,780.844544544816,171,0.915316678583622,54.0,0.2196760028600692
490,3.6317652307399373e-09,-0.8549579400938261,4.400091648101807,4.399862766265869,4.400012865231905,-0.0965566968758664,790.5819019023329,173,4.399964332580566,4.399862766265869,-0.0001015663146972,790.5819019023329,173,0.9133854880928992,53.0,0.2192125171422958
491,2.8428706237086903e-09,-0.2026073179307533,4.400091648101807,4.399862766265869,4.399987584593668,-0.0597372018250763,789.2578978976235,173,4.399862766265869,4.400015354156494,0.000152587890625,789.2578978976235,173,0.9123150259256364,52.0,0.2189556062221527
492,2.99020989630409e-09,-0.2203674758231006,4.40009069442749,4.399863243103027,4.399976333441762,-0.615861129370836,788.6673473473638,173,4.400039196014404,4.400015354156494,-2.384185791015625e-05,788.6673473473638,173,0.910606731971105,51.0,0.2185456156730651
493,3.415621855114598e-09,-0.2248448445456938,4.400156497955322,4.399866580963135,4.400003170144969,0.0295578955643183,792.549539539963,174,4.400078296661377,4.400091648101807,1.33514404296875e-05,792.549539539963,174,0.9073985119660696,50.0,0.2177756428718567
494,3.089393429404863e-09,0.7149128054585643,4.400157928466797,4.3998703956604,4.399989884475182,0.0307846555715403,790.0021621622145,174,4.400157928466797,4.400015354156494,-0.0001425743103027,790.0021621622145,174,0.9037551780541738,49.0,0.2169012427330017
495,2.594019988076134e-09,-1.0894857900548272,4.40008020401001,4.399791240692139,4.3999705941336495,1.8295065431719792,792.647507507354,175,4.399960041046143,4.399939060211182,-2.09808349609375e-05,792.647507507354,175,0.9060569728414218,48.0,0.2174536734819412
496,3.096303401230253e-09,0.0053900246803802,4.400091648101807,4.399862766265869,4.399971703120641,-0.6079620667773611,795.0180180184543,175,4.400060176849365,4.400091648101807,3.147125244140625e-05,795.0180180184543,175,0.9052778283754984,47.0,0.2172666788101196
497,1.889621120507099e-09,-0.7588423733848888,4.400090217590332,4.399869918823242,4.400010087149484,1.06346235227968,794.6296096099541,175,4.400060176849365,4.400015354156494,-4.482269287109375e-05,794.6296096099541,175,0.9046696126461028,46.0,0.2171207070350647
498,3.8957705254534784e-09,0.1797826769821776,4.400156497955322,4.3997979164123535,4.399975177916613,0.5199929208760321,799.0703203203157,176,4.399988174438477,4.399862766265869,-0.0001254081726074,799.0703203203157,176,0.9004203602671623,45.0,0.2161008864641189
499,3.18551679812609e-09,-0.0431930876775362,4.400088310241699,4.399867057800293,4.39998136940649,-0.8229117007005131,801.4536136137322,177,4.399998188018799,4.400015354156494,1.71661376953125e-05,801.4536136137322,177,0.8961578210194906,44.0,0.2150778770446777
500,3.371471052062121e-09,0.3015493017345372,4.400091648101807,4.39986515045166,4.399984825862927,-0.73026868405297,803.751861861907,178,4.399939060211182,4.399939060211182,0.0,803.751861861907,178,0.8944933613141378,43.0,0.214678406715393
501,4.734362253087098e-09,-0.5458712718195717,4.400158882141113,4.399787902832031,4.399989690194583,0.4903898953500727,807.6139739742503,179,4.4000115394592285,4.399862766265869,-0.0001487731933593,807.6139739742503,179,0.8936015889048576,42.0,0.2144643813371658
502,2.1884752798766504e-09,0.024446912754364,4.400091648101807,4.399868965148926,4.399992452653427,-0.1941257063182342,807.9988388391212,179,4.399977684020996,4.400091648101807,0.0001139640808105,807.9988388391212,179,0.8913662284612656,41.0,0.2139278948307037
503,4.519844807165422e-09,-0.2249111263934119,4.400157928466797,4.399796485900879,4.399994343854068,0.3873956197153374,800.3217117115855,178,4.399993896484375,4.400015354156494,2.1457672119140625e-05,800.3217117115855,178,0.887637585401535,40.0,0.2130330204963684
504,2.50609746650966e-09,-0.0469018482096324,4.400090217590332,4.399863243103027,4.399978112638666,-0.3539659824131398,798.055615616031,178,4.399974346160889,4.399939060211182,-3.528594970703125e-05,798.055615616031,178,0.8869374170899391,39.0,0.2128649801015854
505,3.607674895778412e-09,0.3327211407628553,4.400163650512695,4.3998637199401855,4.3999869996608965,0.3833033092185212,802.5982582578436,179,4.400015354156494,4.400015354156494,0.0,802.5982582578436,179,0.8868436639507612,38.0,0.2128424793481826
506,2.482499970897889e-09,-0.2886869835435665,4.400091648101807,4.399864673614502,4.399986839827212,-0.0991718374346204,802.7568368371576,179,4.400091648101807,4.399939060211182,-0.000152587890625,802.7568368371576,179,0.8836417148510616,37.0,0.2120740115642547
507,1.2537833001208943e-09,0.201582376214261,4.400091648101807,4.399939060211182,4.400001467598809,0.4610696979249207,805.8332732729614,180,4.400068283081055,4.399939060211182,-0.000129222869873,805.8332732729614,180,0.8822878822684288,36.0,0.2117490917444229
508,2.593639067389778e-09,-0.2821708410177372,4.400087356567383,4.399789810180664,4.39996223449707,0.7170608340313844,803.4824424423277,180,4.399980545043945,4.399939060211182,-4.1484832763671875e-05,803.4824424423277,180,0.8768278484543165,35.0,0.2104386836290359
509,4.110508382332415e-09,-0.2609166858579523,4.400091648101807,4.399862766265869,4.399988403737219,-0.7813357939698755,816.9686686685309,183,4.400076389312744,4.400091648101807,1.52587890625e-05,816.9686686685309,183,0.8774131536483765,34.0,0.2105791568756103
510,6.527085910849105e-09,-0.1501637897562201,4.400166034698486,4.399798393249512,4.4000087937155925,-0.3860845394618386,811.7025625631213,182,4.399961471557617,4.400091648101807,0.0001301765441894,811.7025625631213,182,0.8753154426813126,33.0,0.210075706243515
511,4.329849421580016e-09,-0.3553808134600327,4.400165557861328,4.399798393249512,4.399997306514431,0.642632689984934,826.9317317316309,185,4.400038242340088,4.400015354156494,-2.288818359375e-05,826.9317317316309,185,0.8707928781708082,32.0,0.2089902907609939
512,1.8522753106141631e-09,0.2923376866678666,4.400091648101807,4.399864673614502,4.399985303049502,0.1673883575714017,817.1435435432941,184,4.399962902069092,4.400015354156494,5.245208740234375e-05,817.1435435432941,184,0.8700700476765633,31.0,0.2088168114423751
513,3.3982461268218e-09,0.1835871353324112,4.400166988372803,4.399862766265869,4.399994152848438,0.3417137270873267,827.1925925929099,186,4.4000325202941895,4.400091648101807,5.91278076171875e-05,827.1925925929099,186,0.8674891044696172,30.0,0.2081973850727081
514,4.380931319348026e-09,0.1705805088308026,4.400166988372803,4.399796962738037,4.399971334691991,0.0340302804685661,830.8558558560908,187,4.399959564208984,4.399939060211182,-2.0503997802734375e-05,830.8558558560908,187,0.8680117626984915,29.0,0.2083228230476379
515,3.3182230511772686e-09,-0.1707286250803944,4.400091648101807,4.399865627288818,4.400000052477317,-0.7357126090693065,842.4639439443126,189,4.399947166442871,4.400015354156494,6.818771362304688e-05,842.4639439443126,189,0.8654118825991949,28.0,0.2076988518238067
516,4.8828339140489544e-09,0.1139574955868442,4.40023136138916,4.399863243103027,4.400015303963109,0.7049504467143288,845.5489189187065,190,4.400004863739014,4.400015354156494,1.049041748046875e-05,845.5489189187065,190,0.8651703596115112,27.0,0.2076408863067627
517,3.509997926042354e-09,0.086161565300458,4.400091648101807,4.399862766265869,4.399973024136175,-0.5310687433471828,840.6930930931121,189,4.400069236755371,4.399939060211182,-0.0001301765441894,840.6930930931121,189,0.863380916416645,26.0,0.2072114199399948
518,4.100242596021024e-09,-0.1042420103859168,4.400091648101807,4.399791240692139,4.399968097084447,-0.5587432605093103,844.9624324329197,190,4.399936676025391,4.400015354156494,7.867813110351562e-05,844.9624324329197,190,0.8582311992843946,25.0,0.2059754878282547
519,3.968973118360873e-09,-0.4757918489639681,4.400091648101807,4.3997979164123535,4.399989637235801,-0.1114907761259416,851.735725726001,192,4.400015354156494,4.400091648101807,7.62939453125e-05,851.735725726001,192,0.855502299964428,24.0,0.2053205519914627
520,2.63869176927093e-09,-0.1193551870051575,4.400088787078857,4.399864196777344,4.399984275272915,-0.5819781360175291,864.8879879880697,175,4.400015354156494,4.400015354156494,0.0,864.8879879880697,175,0.8442933360735576,23.0,0.2026304006576538
521,3.358163142435772e-09,0.4212300812145853,4.400158405303955,4.399868965148926,4.39998996257782,-0.1524952174732128,862.9872372373939,196,4.399959087371826,4.399939060211182,-2.002716064453125e-05,862.9872372373939,196,0.8424259101351103,22.0,0.2021822184324264
522,2.056963608777207e-09,-0.1111090487561606,4.400091648101807,4.399874210357666,4.400004611871181,-0.2172983546810876,855.4293093094602,195,4.400091648101807,4.399939060211182,-0.000152587890625,855.4293093094602,195,0.8414784446358681,21.0,0.2019548267126083
523,2.1553195508106695e-09,-0.0190636769641535,4.400091171264648,4.399864673614502,4.399991736553683,-0.2450562435575527,892.5466366363689,202,4.400026798248291,4.400015354156494,-1.1444091796875e-05,892.5466366363689,202,0.8304354424277942,20.0,0.1993045061826706
524,3.087943710051821e-09,1.4476603139816289,4.400167942047119,4.399866580963135,4.399986405677983,2.678453023111361,888.9233433436602,203,4.3999786376953125,4.400015354156494,3.6716461181640625e-05,888.9233433436602,203,0.8300709227720897,19.0,0.1992170214653015
525,2.346086640982783e-09,-0.2083857191158677,4.400078773498535,4.399862766265869,4.3999561793698465,-0.4645854760289341,889.1295895893127,203,4.399939060211182,4.399939060211182,0.0,889.1295895893127,203,0.8267691358923912,18.0,0.1984245926141739
526,3.497081755550479e-09,-0.4127539026168533,4.400091648101807,4.3997883796691895,4.399984705681894,0.3493784651801435,892.1616316316649,204,4.400015354156494,4.400015354156494,0.0,892.1616316316649,204,0.8250275626778603,17.0,0.1980066150426864
527,3.376010714197556e-09,0.0777457517733341,4.400091648101807,4.3998637199401855,4.399980526525997,-0.7137950902467165,900.9616616619752,206,4.399919033050537,4.400015354156494,9.632110595703124e-05,900.9616616619752,206,0.8224608997503917,16.0,0.197390615940094
528,2.626063097340013e-09,0.3151654414736035,4.400091648101807,4.399868965148926,4.399976601787642,-0.2015313685129052,887.9512612614781,204,4.399974346160889,4.400015354156494,4.100799560546875e-05,887.9512612614781,204,0.8197799945871036,15.0,0.1967471987009048
529,2.328055324039312e-09,-0.0544967102559966,4.400089263916016,4.399862766265869,4.399981061231743,0.1313153395784181,896.3363363360986,206,4.4000396728515625,4.400015354156494,-2.4318695068359375e-05,896.3363363360986,206,0.8178678651650747,14.0,0.1962882876396179
530,1.7703102043670847e-09,0.5939896316938833,4.400086402893066,4.399939060211182,4.399982945354664,-0.6302439240011335,899.8880080077797,207,4.399961948394775,4.400015354156494,5.340576171875e-05,899.8880080077797,207,0.8154427632689476,13.0,0.1957062631845474
531,5.748943533866091e-09,-0.9996970081752355,4.4001665115356445,4.399715900421143,4.399991186765524,1.276290850406271,904.0927027026192,208,4.399939060211182,4.399939060211182,0.0,904.0927027026192,208,0.8141033972303073,12.0,0.1953848153352737
532,3.769221897759073e-09,0.1514138142244938,4.400091648101807,4.399863243103027,4.399975891850421,-0.8922323030965238,897.3619819814339,207,4.3999433517456055,4.400015354156494,7.200241088867188e-05,897.3619819814339,207,0.81286175797383,11.0,0.1950868219137191
533,3.004100495675943e-09,0.2960904623944074,4.400161266326904,4.399866104125977,4.400002784453905,-0.1993581695238444,901.4383783787488,208,4.400028705596924,4.400015354156494,-1.33514404296875e-05,901.4383783787488,208,0.8099806184569995,10.0,0.1943953484296798
534,4.048496290204467e-09,-0.2019225887274399,4.400091648101807,4.399791717529297,4.399984042599516,-0.3519202196133508,921.1871371371672,212,4.400060653686523,4.400015354156494,-4.5299530029296875e-05,921.1871371371672,212,0.8110575998822849,9.0,0.1946538239717483
535,2.783991403902748e-09,-0.3044576426427761,4.400167465209961,4.399801254272461,4.400006232054337,1.7891905629192202,893.897717718035,207,4.40001106262207,4.399939060211182,-7.200241088867188e-05,893.897717718035,207,0.8103848124543827,8.0,0.1944923549890518
536,5.476196642017617e-09,-0.5268178759541227,4.400167465209961,4.3997321128845215,4.399981141090393,0.7266493194636858,921.0054954951628,212,4.400017738342285,4.400091648101807,7.390975952148438e-05,921.0054954951628,212,0.8092017844319344,7.0,0.1942084282636642
537,2.908884267859015e-09,-0.2286858427722819,4.400090217590332,4.399864196777344,4.399981164015257,-0.5899494629380446,898.2867567567155,208,4.400083065032959,4.400015354156494,-6.771087646484375e-05,898.2867567567155,208,0.8086057379841805,6.0,0.1940653771162033
538,3.3459865289457174e-09,-0.1580548571730893,4.400158882141113,4.3998637199401855,4.400003807396409,-0.1773675779194472,902.7137537533416,209,4.400148868560791,4.400091648101807,-5.7220458984375e-05,902.7137537533416,209,0.8064308514197668,5.0,0.193543404340744
539,3.362148604530467e-09,-0.3390496868938267,4.400090217590332,4.3997883796691895,4.399961638789606,-0.2265454156588937,912.4216216215864,211,4.399867534637451,4.399939060211182,7.152557373046875e-05,912.4216216215864,211,0.805128924548626,4.0,0.1932309418916702
540,3.10654190714057e-09,-0.6913425327403584,4.400088787078857,4.399786472320557,4.39996988143561,0.3378228327016974,917.0072672674432,212,4.399947643280029,4.400015354156494,6.771087646484375e-05,917.0072672674432,212,0.8019269133607547,3.0,0.1924624592065811
541,2.7850550319289574e-09,0.642767202062245,4.400161266326904,4.399939060211182,4.400004732274564,-0.190772826067044,925.4370270268992,214,4.400029182434082,4.399939060211182,-9.012222290039062e-05,925.4370270268992,214,0.8012417703866959,2.0,0.192298024892807
542,2.3957519918929727e-09,-0.2299181119910502,4.400091648101807,4.399867534637451,4.399992414962414,-0.0319176785623684,928.905665665865,215,4.400067329406738,4.400015354156494,-5.1975250244140625e-05,928.905665665865,215,0.8009150624275208,1.0,0.1922196149826049
543,3.528514706784608e-09,0.4509032917303789,4.400166034698486,4.399864673614502,4.399984444810751,0.1729561784660944,917.1981581579894,213,4.400003910064697,4.400091648101807,8.7738037109375e-05,917.1981581579894,213,0.7996047536532085,0.0,0.19190514087677
544,3.971529430484061e-09,0.266435618333631,4.400228500366211,4.3998637199401855,4.400004066080542,0.7745365782896987,939.3037837836893,217,4.399969577789307,4.400091648101807,0.0001220703125,939.3037837836893,217,0.7966837535301845,-1.0,0.1912041008472442
545,4.138684233489729e-09,-0.1488884286918638,4.400091648101807,4.399787425994873,4.399968288562916,-0.0499830823836151,930.797197197564,216,4.399986743927002,4.399939060211182,-4.76837158203125e-05,930.797197197564,216,0.7967549065748851,-2.0,0.1912211775779724
546,4.900340737580901e-09,-0.3411509064376437,4.400091648101807,4.399790287017822,4.399983225581802,-0.6990262024676275,920.891321321018,214,4.399939060211182,4.399862766265869,-7.62939453125e-05,920.891321321018,214,0.7940720145901045,-3.0,0.190577283501625
547,2.8099682871037532e-09,-0.4971035068743508,4.400091648101807,4.39986515045166,4.399992306298072,-0.0440704236204689,941.3260160163044,218,4.399951934814453,4.400091648101807,0.0001397132873535,941.3260160163044,218,0.8013130476077398,-4.0,0.1923151314258575
548,6.655016746459692e-09,-0.1341948486657891,4.4001665115356445,4.399790287017822,4.399989766812106,-0.5026487884801112,949.5020720716566,218,4.400082111358643,4.399939060211182,-0.0001430511474609,949.5020720716566,218,0.8039208749930065,-5.0,0.1929410099983215
549,5.299739957550742e-09,-0.2443146288583788,4.400162696838379,4.399794578552246,4.399980701018717,0.2656012826938148,928.0574174178764,214,4.399939060211182,4.400015354156494,7.62939453125e-05,928.0574174178764,214,0.8023771767814954,-6.0,0.1925705224275589
550,2.6170674133886903e-09,-0.195681534876831,4.400091648101807,4.399862766265869,4.400000188992992,-0.3106012336258064,956.9348948951812,219,4.400015354156494,4.399862766265869,-0.000152587890625,956.9348948951812,219,0.8007235204180082,-7.0,0.1921736449003219
551,5.0836003021645615e-09,-0.4132044070818569,4.400161266326904,4.399791717529297,4.399984732822135,0.3323487410798669,935.6696696700528,216,4.400015354156494,4.399939060211182,-7.62939453125e-05,935.6696696700528,216,0.7993382712205251,-8.0,0.191841185092926
552,3.6846240858446332e-09,-0.4176999168056702,4.400015354156494,4.399791240692139,4.399949941766976,-0.9065842064824636,940.302702702582,217,4.400015354156494,4.400015354156494,0.0,940.302702702582,217,0.8005668719609579,-9.0,0.1921360492706298
553,3.0441207921705683e-09,0.7030910832746267,4.400162696838379,4.399864673614502,4.399970688930778,0.4872313498397518,931.028528528288,215,4.399965763092041,4.400091648101807,0.0001258850097656,931.028528528288,215,0.7993591328461965,-10.0,0.1918461918830871
554,3.764955856466314e-09,0.3341859561406247,4.400163173675537,4.3998637199401855,4.399989015526241,-0.3402155709318282,936.2077077077702,216,4.400080680847168,4.400091648101807,1.0967254638671877e-05,936.2077077077702,216,0.7950466126203537,-11.0,0.1908111870288849
555,2.7143014404020534e-09,0.1371358767739048,4.400091648101807,4.399866104125977,4.3999796526147685,-0.2851014721707319,942.2622222220524,218,4.399957656860352,4.400015354156494,5.7697296142578125e-05,942.2622222220524,218,0.7953260093927383,-12.0,0.1908782422542572
556,4.0864834927977306e-09,-0.5878025924775356,4.400091648101807,4.399787902832031,4.399987943640583,0.588293923981563,949.2143343342468,219,4.4000115394592285,4.399939060211182,-7.2479248046875e-05,949.2143343342468,219,0.7906556129455566,-13.0,0.1897573471069336
557,3.511304032812508e-09,-0.7364226224300747,4.400091648101807,4.399790287017822,4.3999727975337874,0.3357163788810648,937.6550450446084,218,4.399947166442871,4.400091648101807,0.0001444816589355,937.6550450446084,218,0.7905822247266769,-14.0,0.1897397339344024
558,2.1109104934904867e-09,-0.3775091032028436,4.400086402893066,4.399862766265869,4.399977295080088,-0.3251971317758864,933.3427027026192,217,4.40000057220459,4.400015354156494,1.4781951904296877e-05,933.3427027026192,217,0.7894073923428854,-15.0,0.1894577741622924
559,4.3789951056264254e-09,0.716444751517271,4.400230407714844,4.399862766265869,4.400000874273378,0.8876771605776246,955.5993993990124,221,4.400015354156494,4.400091648101807,7.62939453125e-05,955.5993993990124,221,0.7839805136124294,-16.0,0.188155323266983
560,3.0852701223298503e-09,-0.3917675906650553,4.400091648101807,4.399796009063721,4.399978357202866,0.3713613329900296,948.8496496491134,221,4.400083541870117,4.400015354156494,-6.818771362304688e-05,948.8496496491134,221,0.7826471701264381,-17.0,0.1878353208303451
561,3.728255135211349e-09,0.6084231074812728,4.400166034698486,4.399866104125977,4.400000941160038,-0.1926668316952162,947.4226226219909,221,4.400002479553223,4.400015354156494,1.2874603271484377e-05,947.4226226219909,221,0.780139242609342,-18.0,0.187233418226242
562,3.114733074121108e-09,0.3759916153249569,4.400160789489746,4.39986515045166,4.399980113517105,0.5064416614598115,944.5091091087088,221,4.399871349334717,4.399939060211182,6.771087646484375e-05,944.5091091087088,221,0.7802870124578476,-19.0,0.1872688829898834
563,3.153930979138261e-09,-0.4487222710474019,4.400091171264648,4.3997907638549805,4.399983932755211,0.1455043978657908,938.9641441442072,220,4.399939060211182,4.400015354156494,7.62939453125e-05,938.9641441442072,220,0.7800849775473278,-20.0,0.1872203946113586
564,2.810949076757869e-09,0.1436588671101915,4.400162696838379,4.399786472320557,4.399978227744814,2.1761232534073716,945.58378378395,221,4.399996757507324,4.400091648101807,9.489059448242188e-05,945.58378378395,221,0.7781893635789554,-21.0,0.1867654472589492
565,3.803369033845878e-09,-0.3799743369731861,4.400162220001221,4.399862766265869,4.3999990514806795,-0.1652330114540126,949.008068067953,222,4.400079250335693,4.399939060211182,-0.0001401901245117,949.008068067953,222,0.7754958545168241,-22.0,0.1861190050840377
566,3.9804385159137555e-09,0.6938591827265657,4.400160789489746,4.3998637199401855,4.3999699503183365,0.2247214862567506,958.9111611610278,224,4.400015354156494,4.399939060211182,-7.62939453125e-05,958.9111611610278,224,0.7729358350237211,-23.0,0.185504600405693
567,2.1309625275118926e-09,-0.3974475323892925,4.400091171264648,4.3998637199401855,4.399989038705826,-0.1243406547023306,954.5739339338616,224,4.399971961975098,4.399939060211182,-3.2901763916015625e-05,954.5739339338616,224,0.7729293778538704,-24.0,0.1855030506849289
568,2.192587885859151e-09,0.2175327387336965,4.400091648101807,4.399939060211182,4.400005697130083,-1.0396466709333425,943.842552552931,222,4.400021076202393,4.400015354156494,-5.7220458984375e-06,943.842552552931,222,0.7726232831676801,-25.0,0.1854295879602432
569,1.9262258485981627e-09,-0.0570588568693262,4.400090217590332,4.399939060211182,4.4000094931221865,-0.9226016619736036,948.008888889104,223,4.40000581741333,4.399939060211182,-6.67572021484375e-05,948.008888889104,223,0.7725317031145096,-26.0,0.1854076087474823
570,3.903797455187738e-09,-0.0851651636819733,4.400091171264648,4.39979362487793,4.399963103067715,-0.5003794775273707,947.7466666670516,223,4.399939060211182,4.399939060211182,0.0,947.7466666670516,223,0.7735960806409519,-27.0,0.1856630593538284
571,1.750285737269382e-09,-0.0941211711741475,4.40009069442749,4.399864673614502,4.399988035450067,-0.0057741899599697,949.3311111107467,223,4.399954319000244,4.400015354156494,6.103515625e-05,949.3311111107467,223,0.7787415136893591,-28.0,0.1868979632854461
572,3.601907811365296e-09,0.2046445048018474,4.400163173675537,4.399864196777344,4.3999909103186425,-0.3533880818761137,944.3043043045328,221,4.3998799324035645,4.399939060211182,5.91278076171875e-05,944.3043043045328,221,0.7760768756270409,-29.0,0.1862584501504898
573,3.129345649594235e-09,-0.4924056332590458,4.400086879730225,4.399792194366455,4.399966257035465,0.4819694708074324,953.320000000298,223,4.400015354156494,4.400015354156494,0.0,953.320000000298,223,0.7729356487592062,-30.0,0.1855045557022094
574,6.681495104663014e-09,-0.3180874859406219,4.40016508102417,4.399789333343506,4.399988214526556,-0.4324689092497933,967.22297297325,226,4.400001525878906,4.400015354156494,1.3828277587890623e-05,967.22297297325,226,0.7685358946522077,-31.0,0.1844486147165298
575,2.2195115056387484e-09,-0.305501835370484,4.400090217590332,4.399862766265869,4.399987439226999,-0.1702435203564296,967.352392392233,227,4.399963855743408,4.400015354156494,5.14984130859375e-05,967.352392392233,227,0.7685088862975439,-32.0,0.1844421327114105
576,1.9578865633199247e-09,-0.7348016848088821,4.400089263916016,4.399795055389404,4.399986515965378,2.3513693988933593,972.9279079083352,228,4.400022029876709,4.399939060211182,-8.296966552734375e-05,972.9279079083352,228,0.7686899974942207,-33.0,0.1844855993986129
577,3.420853858100271e-09,0.0505101226893206,4.400091648101807,4.399863243103027,4.3999808362099975,-0.5651897265213921,962.3783783782274,226,4.400003910064697,4.400015354156494,1.1444091796875e-05,962.3783783782274,226,0.7673338676492374,-34.0,0.1841601282358169
578,2.5535723293794447e-09,-0.031507242003118,4.4001593589782715,4.399868011474609,4.400007640737794,0.7067177409702685,967.243803803809,227,4.399987697601318,4.399939060211182,-4.863739013671875e-05,967.243803803809,227,0.7646506031354269,-35.0,0.1835161447525024
579,4.2555125319210135e-09,-0.5997072857351327,4.400091648101807,4.399791240692139,4.399974837573855,0.2039269997582073,974.8700300296769,229,4.400001049041748,4.400015354156494,1.430511474609375e-05,974.8700300296769,229,0.7618217418591182,-36.0,0.1828372180461883
580,2.933543832019181e-09,-0.1570289487739143,4.400166988372803,4.399791240692139,4.399986229609194,2.1251125435766394,971.9281681682914,229,4.39998197555542,4.399939060211182,-4.291534423828125e-05,971.9281681682914,229,0.7602886607249578,-37.0,0.1824692785739898
581,5.427237183185199e-09,-0.2239185382763021,4.4001641273498535,4.399788856506348,4.399981350093693,-0.3828890024022686,982.14374374412,231,4.400030136108398,4.399862766265869,-0.0001673698425292,982.14374374412,231,0.7590803007284801,-38.0,0.1821792721748352
582,3.796160011240501e-09,-0.047212613620886,4.400162696838379,4.399862766265869,4.399984119267299,-0.2409710299565111,985.2369669666514,232,4.4000396728515625,4.399939060211182,-0.0001006126403808,985.2369669666514,232,0.7583803807695707,-39.0,0.1820112913846969
583,2.365208182531091e-09,0.1146630535301355,4.400102615356445,4.399864673614502,4.399980439310489,-0.454016485322807,974.641421421431,230,4.400102615356445,4.400015354156494,-8.726119995117188e-05,974.641421421431,230,0.7556263978282611,-40.0,0.1813503354787826
584,3.718278570679289e-09,0.4979406955055903,4.400161266326904,4.399862766265869,4.399987896968579,-0.1213545915484326,982.0760360360146,232,4.399886608123779,4.400091648101807,0.0002050399780273,982.0760360360146,232,0.7544513791799545,-41.0,0.1810683310031891
585,3.8495466646175784e-09,-0.4989574515330123,4.400091648101807,4.399862766265869,4.3999875023447235,-0.4959528390462844,982.168528528884,232,4.400007247924805,4.400015354156494,8.106231689453125e-06,982.168528528884,232,0.7506309698025386,-42.0,0.1801514327526092
586,3.666629174653231e-09,-0.0394032248433417,4.40009069442749,4.3998637199401855,4.399983084099924,-0.9976776751746224,988.6640140144154,234,4.400019645690918,4.400015354156494,-4.291534423828125e-06,988.6640140144154,234,0.749072680870692,-43.0,0.179777443408966
587,3.266839572477201e-09,0.4863701008353162,4.400165557861328,4.399865627288818,4.399994223168556,0.1961789582737405,993.2515315320344,235,4.399950981140137,4.400091648101807,0.0001406669616699,993.2515315320344,235,0.7468915234009426,-44.0,0.1792539656162262
588,4.584022928490202e-09,-0.4492905597080186,4.400091648101807,4.3997273445129395,4.399967747875768,0.6538524216787303,984.9975875876844,234,4.400015354156494,4.399939060211182,-7.62939453125e-05,984.9975875876844,234,0.7455625881751379,-45.0,0.178935021162033
589,5.096684376553107e-09,0.2330263174574488,4.400167465209961,4.399794101715088,4.39996700973834,0.0413296660174835,994.7839339338244,236,4.399944305419922,4.400015354156494,7.104873657226562e-05,994.7839339338244,236,0.7438729827602705,-46.0,0.1785295158624649
590,4.4404326077068535e-09,0.0233343919885729,4.40016508102417,4.3998637199401855,4.400007474220406,-0.5304498881672886,993.659509509802,236,4.399939060211182,4.400091648101807,0.000152587890625,993.659509509802,236,0.7431792095303535,-47.0,0.1783630102872848
591,3.932876317588676e-09,-0.1156968332545072,4.400091648101807,4.399862766265869,4.399995194205755,-0.8431914337672839,998.0059659658,237,4.399939060211182,4.400015354156494,7.62939453125e-05,998.0059659658,237,0.7410606369376183,-48.0,0.1778545528650283
592,3.380204348944502e-09,-0.0125101316329606,4.400163173675537,4.399866104125977,4.400006091895223,-0.1118924680874449,1001.613243243657,238,4.399939060211182,4.400015354156494,7.62939453125e-05,1001.613243243657,238,0.7392692069212596,-49.0,0.1774246096611023
593,3.861775210878727e-09,0.1033657195970603,4.4001617431640625,4.399791240692139,4.399972518952954,0.1839021063185488,999.233753753826,238,4.399947166442871,4.399939060211182,-8.106231689453125e-06,999.233753753826,238,0.7381672039628029,-50.0,0.1771601289510727
594,4.139439371347898e-09,-0.0904424402800068,4.400156021118164,4.399798393249512,4.399979689541985,-0.0934263328496354,998.8897597594188,238,4.400060653686523,4.400015354156494,-4.5299530029296875e-05,998.8897597594188,238,0.7367110500733058,-51.0,0.1768106520175933
595,2.0829210703618527e-09,-0.2073076040555051,4.400090217590332,4.399864196777344,4.399973079937847,-0.2880293873013437,996.9040840836242,238,4.399907112121582,4.399939060211182,3.1948089599609375e-05,996.9040840836242,238,0.736163246134917,-52.0,0.17667917907238
596,3.876705808730702e-09,0.0455368143875653,4.400164604187012,4.399862766265869,4.399983998621857,-0.2082065956732073,1002.3421221226454,239,4.400015354156494,4.399939060211182,-7.62939453125e-05,1002.3421221226454,239,0.7340156783660253,-53.0,0.176163762807846
597,3.286065133183791e-09,-0.0326079029372576,4.400091648101807,4.399862766265869,4.399987447161634,-0.5724122290254727,993.8366066068412,238,4.399926662445068,4.400091648101807,0.0001649856567382,993.8366066068412,238,0.7336551944414775,-54.0,0.1760772466659546
598,3.0722568661423926e-09,-1.211888659589902,4.400091648101807,4.399725437164307,4.399989398320516,4.387206705219876,1005.0464364364744,240,4.399890899658203,4.400015354156494,0.000124454498291,1005.0464364364744,240,0.7324802999695142,-55.0,0.1757952719926834
599,3.252068562931327e-09,-0.71746782552455,4.400091648101807,4.399792671203613,4.399992650747299,0.941534068408941,1003.9531131125988,240,4.400015354156494,4.400015354156494,0.0,1003.9531131125988,240,0.7315738747517269,-56.0,0.1755777299404144
600,4.205587838555877e-09,-0.019035501464715,4.4001569747924805,4.399864196777344,4.399993979930878,-0.7719377061760575,1002.7066766768694,240,4.400055408477783,4.399939060211182,-0.0001163482666015,1002.7066766768694,240,0.7292053351799648,-57.0,0.1750092804431915
601,3.3143867010994462e-09,-0.6293604001945399,4.400088787078857,4.3997979164123535,4.399972547634014,0.1315969683835414,1006.0444444445892,241,4.399939060211182,4.400015354156494,7.62939453125e-05,1006.0444444445892,241,0.7282763719558716,-58.0,0.1747863292694091
602,3.550686984117532e-09,0.5518644426577032,4.400167942047119,4.3998637199401855,4.399979869196238,0.0933750266362674,1011.0830530533568,242,4.400015354156494,4.400015354156494,0.0,1011.0830530533568,242,0.7268305247028669,-59.0,0.174439325928688
603,2.5290461798285035e-09,-0.826826790475198,4.400091171264648,4.399791717529297,4.399980832722561,1.286285220281389,1008.4704104103148,242,4.399939060211182,4.400015354156494,7.62939453125e-05,1008.4704104103148,242,0.725113848845164,-60.0,0.1740273237228393
604,1.6366551196519679e-09,0.476019198063863,4.400086402893066,4.399866104125977,4.399972027268152,-0.0922488570988675,1001.9579579578711,241,4.399939060211182,4.399939060211182,0.0,1001.9579579578711,241,0.7238223527868589,-61.0,0.1737173646688461
605,2.471926106621821e-09,0.2634740616229633,4.400156497955322,4.399863243103027,4.400000952091454,0.0599083735627568,1000.8216216219588,241,4.399977207183838,4.399939060211182,-3.814697265625e-05,1000.8216216219588,241,0.7231166586279869,-62.0,0.1735479980707168
606,3.04640852924154e-09,0.3560439927615623,4.4001641273498535,4.399866104125977,4.400001890865373,0.0542860224507646,1011.5212412411348,243,4.3999433517456055,4.399939060211182,-4.291534423828125e-06,1011.5212412411348,243,0.721968337893486,-63.0,0.1732724010944366
607,3.724408642593988e-09,0.9612733838293752,4.400237083435059,4.399865627288818,4.399988286289168,2.182098113697797,1009.2175175175072,243,4.3999457359313965,4.399939060211182,-6.67572021484375e-06,1009.2175175175072,243,0.7213456556200981,-64.0,0.1731229573488235
608,4.244186396648779e-09,0.2001995128035309,4.4001617431640625,4.399864196777344,4.399998737163231,-0.6048975276107278,1014.4848648644984,244,4.399992942810059,4.399939060211182,-5.3882598876953125e-05,1014.4848648644984,244,0.7205352187156677,-65.0,0.1729284524917602
609,4.358443044298299e-09,-0.198944585411356,4.400091648101807,4.399862766265869,4.399990711754899,-0.7920653705286993,1024.6616116119549,246,4.399862766265869,4.400015354156494,0.000152587890625,1024.6616116119549,246,0.7191623871525129,-66.0,0.1725989729166031
610,4.144960623435676e-09,-0.3640823157308751,4.400161266326904,4.399862766265869,4.400003008939782,-0.2229465030009287,1017.2748348349704,245,4.400015354156494,4.400091648101807,7.62939453125e-05,1017.2748348349704,245,0.7200894877314568,-67.0,0.1728214770555496
611,5.9670392512567966e-09,0.322033655705615,4.400162696838379,4.399789333343506,4.399971277733159,-0.7793705365119497,1023.3740740744396,246,4.399949550628662,4.399862766265869,-8.678436279296875e-05,1023.3740740744396,246,0.717356304327647,-68.0,0.1721655130386352
612,2.935436451963543e-09,0.7432130989576771,4.400158405303955,4.399863243103027,4.399979647582139,0.3227925563376241,1020.7499499497936,246,4.399982452392578,4.400015354156494,3.2901763916015625e-05,1020.7499499497936,246,0.7158270726601283,-69.0,0.1717984974384308
613,3.1484194470843062e-09,0.8609742064441106,4.400160312652588,4.399864196777344,4.399980344270405,1.4956825784873549,1024.6626426428556,247,4.399870872497559,4.400091648101807,0.000220775604248,1024.6626426428556,247,0.714598037302494,-70.0,0.1715035289525985
614,2.470589232813282e-09,0.0082445054014679,4.400091648101807,4.399862766265869,4.400004026880226,-0.9311027178388768,1033.6510910913348,249,4.400004863739014,4.399862766265869,-0.0001420974731445,1033.6510910913348,249,0.7123752186695735,-71.0,0.1709700524806976
615,2.2027872718720367e-09,0.1307303259329159,4.400090217590332,4.399862766265869,4.399979744570322,-0.2011251196645953,1032.183943944052,249,4.399944305419922,4.399862766265869,-8.153915405273438e-05,1032.183943944052,249,0.7130482544501623,-72.0,0.1711315810680389
616,3.3668590506583967e-09,0.0866779284467891,4.400166988372803,4.399862766265869,4.399980240557567,0.1730675565193338,1032.7276076078415,249,4.399871349334717,4.400015354156494,0.0001440048217773,1032.7276076078415,249,0.7102172200878462,-73.0,0.170452132821083
617,3.2304505586500782e-09,0.1764377664378457,4.400157928466797,4.399865627288818,4.399980256282001,0.0856196517532246,1039.221721721813,251,4.400012493133545,4.400015354156494,2.86102294921875e-06,1039.221721721813,251,0.7095443084836006,-74.0,0.1702906340360641
618,3.917569472151623e-09,-0.238670455740157,4.40015983581543,4.399788856506348,4.399994969842918,0.2152206193729373,1039.4719719719142,251,4.400022506713867,4.400091648101807,6.914138793945312e-05,1039.4719719719142,251,0.7089650879303615,-75.0,0.1701516211032867
619,3.041811168262924e-09,0.0910267489029088,4.4001593589782715,4.399865627288818,4.3999907979927215,0.0767800269130232,1038.3608608609063,251,4.400015354156494,4.399939060211182,-7.62939453125e-05,1038.3608608609063,251,0.7072799528638523,-76.0,0.1697471886873245
620,4.727321282685814e-09,-0.1679714720818532,4.400091648101807,4.399789333343506,4.399962342010354,-0.3682314215744462,1045.1681181183085,212,4.400015354156494,4.400015354156494,0.0,1045.1681181183085,212,0.7167981937527657,-77.0,0.1720315665006637
621,3.45940188168973e-09,-0.241272689110395,4.400167942047119,4.3997907638549805,4.399993382100984,0.9580340774956198,1065.8087187185884,254,4.399834632873535,4.399939060211182,0.0001044273376464,1065.8087187185884,254,0.7141524304946264,-78.0,0.1713965833187103
622,3.974374295546405e-09,-0.2793674548796085,4.400156021118164,4.399787902832031,4.399986064677336,0.2595050444043698,1013.0298698702828,245,4.40000581741333,4.400015354156494,9.5367431640625e-06,1013.0298698702828,245,0.7133211940526962,-79.0,0.1711970865726471
623,3.735336321256456e-09,0.1052631496763553,4.4001617431640625,4.399864196777344,4.399989040374756,-0.5857747040042933,1038.4047747747973,250,4.399982929229736,4.400015354156494,3.24249267578125e-05,1038.4047747747973,250,0.7125295077761015,-80.0,0.1710070818662643
624,5.419241979071664e-09,-0.2933742989021978,4.400166988372803,4.399787425994873,4.399983318678411,-0.2071364791773389,1043.31331331376,251,4.4000725746154785,4.400015354156494,-5.7220458984375e-05,1043.31331331376,251,0.711175302664439,-81.0,0.1706820726394653
625,1.960903463771092e-09,0.1631372277477473,4.400091648101807,4.399868965148926,4.3999888412505985,-0.2163991488072465,1041.5790790794415,251,4.400071144104004,4.400091648101807,2.0503997802734375e-05,1041.5790790794415,251,0.7087506353855133,-82.0,0.1701001524925232
626,3.7221385424357676e-09,0.346582281317582,4.4001665115356445,4.399798393249512,4.399980662361024,0.5903875851186755,1043.9112612614408,252,4.399919033050537,4.399939060211182,2.002716064453125e-05,1043.9112612614408,252,0.7081234827637672,-83.0,0.1699496358633041
627,3.6702501780210715e-09,-0.5261822615429023,4.400091648101807,4.399862766265869,4.400000157810393,-0.4065822673654322,1044.2856256254015,252,4.400091648101807,4.399862766265869,-0.0002288818359375,1044.2856256254015,252,0.7055531566341718,-84.0,0.1693327575922012
628,5.050275092768627e-09,-0.484662707412209,4.400091648101807,4.399792194366455,4.399985598010037,-0.3940719771998764,1046.211171171628,253,4.399895191192627,4.400015354156494,0.0001201629638671,1046.211171171628,253,0.7044135282437007,-85.0,0.1690592467784881
629,2.918096501771804e-09,-0.1747800779660622,4.4001641273498535,4.399803638458252,4.3999962675289845,1.3599573216588654,1050.0994194196535,254,4.400059700012207,4.400015354156494,-4.4345855712890625e-05,1050.0994194196535,254,0.7006907214721044,-86.0,0.168165773153305
630,3.959212280029069e-09,-0.2922005006652136,4.400091648101807,4.39980411529541,4.399993292987347,-0.1602733880734912,1058.237237237394,256,4.400047779083252,4.400091648101807,4.38690185546875e-05,1058.237237237394,256,0.6999618063370387,-87.0,0.1679908335208892
631,3.00695387021305e-09,0.0504093392863926,4.400162696838379,4.399862766265869,4.399982761591673,0.4076462772058336,1056.2513513509184,256,4.399987697601318,4.399939060211182,-4.863739013671875e-05,1056.2513513509184,256,0.6972224762042364,-88.0,0.1673333942890167
632,1.8595998153112782e-09,0.4306216970411468,4.400088787078857,4.39986515045166,4.3999773766845465,-0.0805691086551867,1054.0689189191908,256,4.399896144866943,4.400015354156494,0.0001192092895507,1054.0689189191908,256,0.6971681490540504,-89.0,0.1673203557729721
633,3.260179101511644e-09,-0.1584799970705649,4.40009069442749,4.399862766265869,4.399970890472294,-0.7224152690537569,1071.0460660662502,259,4.400038242340088,4.400015354156494,-2.288818359375e-05,1071.0460660662502,259,0.6982515876491865,-90.0,0.1675803810358047
634,5.117197713531603e-09,-0.4423108886150953,4.4001665115356445,4.399720191955566,4.399983450252577,1.2646076955693868,1070.9195195194334,259,4.400015354156494,4.400015354156494,0.0,1070.9195195194334,259,0.6981618081529936,-91.0,0.1675588339567184
635,2.743262166584435e-09,-0.4866839433315036,4.400091171264648,4.399786949157715,4.399968006814173,1.152075259039635,1066.1769769769162,258,4.400015354156494,4.399939060211182,-7.62939453125e-05,1066.1769769769162,258,0.6962766249974569,-92.0,0.1671063899993896
636,6.114143191850732e-09,-0.0783773351099462,4.40016508102417,4.399789810180664,4.399976327152326,-0.4113002265824339,1069.385465465486,259,4.400056838989258,4.400015354156494,-4.1484832763671875e-05,1069.385465465486,259,0.6949162110686302,-93.0,0.1667798906564712
637,3.935969413452383e-09,0.0438476376640211,4.4001593589782715,4.399862766265869,4.399991751637698,-0.5176062686239433,1068.231051051058,259,4.400096416473389,4.399862766265869,-0.0002336502075195,1068.231051051058,259,0.6932811811566353,-94.0,0.1663874834775924
638,3.901738007519106e-09,-0.3723180036293627,4.4001617431640625,4.399792671203613,4.399981165484572,0.6138464011744165,1066.65567567572,259,4.400015354156494,4.400015354156494,0.0,1066.65567567572,259,0.6923498585820198,-95.0,0.1661639660596847
639,1.8272025454588341e-09,-0.620746690072567,4.400089740753174,4.39986515045166,4.399994265530758,0.7603995579292051,1076.618618618697,261,4.400033473968506,4.400015354156494,-1.811981201171875e-05,1076.618618618697,261,0.6909042596817017,-96.0,0.1658170223236084
640,4.17196066694011e-09,0.3547705148234861,4.400166034698486,4.399866580963135,4.399994891859279,-0.718021796553943,1084.596076075919,263,4.400041103363037,4.399939060211182,-0.0001020431518554,1084.596076075919,263,0.6896980727712314,-97.0,0.1655275374650955
641,2.5581179538985883e-09,0.2048484123207697,4.400152683258057,4.399866104125977,4.399982647462324,0.4310063454306272,1089.688768768683,264,4.399959087371826,4.400091648101807,0.0001325607299804,1089.688768768683,264,0.6883647913734119,-98.0,0.1652075499296188
642,2.723820357930379e-09,-0.0256870114407417,4.400157451629639,4.399862766265869,4.399997232545097,0.1139037761660346,1094.1888288287446,265,4.400015354156494,4.400015354156494,0.0,1094.1888288287446,265,0.6867440417408943,-99.0,0.1648185700178146
643,4.363284297453179e-09,-0.7119754642569339,4.400091648101807,4.399786472320557,4.399998605251312,0.5270410436728672,1086.4401000998914,264,4.400083541870117,4.400015354156494,-6.818771362304688e-05,1086.4401000998914,264,0.6858522072434425,-100.0,0.1646045297384262
644,5.367222233937028e-09,-0.0123442026367565,4.400091648101807,4.399796009063721,4.399959745263695,-0.6837834047348035,1095.001751751639,266,4.399951934814453,4.400015354156494,6.341934204101562e-05,1095.001751751639,266,0.6850065663456917,-101.0,0.164401575922966
645,2.60428936204756e-09,-0.0231967573764016,4.400091648101807,4.39986515045166,4.399992374549234,-0.2546562928681481,1095.508408408612,266,4.4000020027160645,4.400015354156494,1.33514404296875e-05,1095.508408408612,266,0.6838567554950714,-102.0,0.1641256213188171
646,4.831824095754614e-09,0.2807666149993658,4.400160789489746,4.399862766265869,4.399983489691322,-0.9197811206539552,1106.1871471470222,268,4.400015354156494,4.400015354156494,0.0,1106.1871471470222,268,0.6792737791935604,-103.0,0.1630257070064544
647,2.929027574359009e-09,0.0762790915607196,4.400160789489746,4.39986515045166,4.4000051710340715,0.4219453701867368,1109.9925525523722,270,4.400005340576172,4.400015354156494,1.0013580322265623e-05,1109.9925525523722,270,0.6785405178864797,-104.0,0.1628497242927551
648,3.032318431659108e-09,-0.1872928220137271,4.400161266326904,4.399799823760986,4.399996117633932,0.9564928866833258,1120.1550350347534,272,4.400074005126953,4.399939060211182,-0.0001349449157714,1120.1550350347534,272,0.6789799779653549,-105.0,0.1629551947116851
649,4.09748841711968e-09,-0.0212101292200825,4.400157451629639,4.399791240692139,4.399980917683354,-0.106203151377191,1110.3560660658404,270,4.400014877319336,4.400091648101807,7.677078247070312e-05,1110.3560660658404,270,0.6773864229520162,-106.0,0.1625727415084839
650,4.234647994495789e-09,-0.0247407946690645,4.400091648101807,4.399862766265869,4.399989500752202,-0.8489555694188731,1107.7683883886784,270,4.399962425231934,4.399939060211182,-2.3365020751953125e-05,1107.7683883886784,270,0.6754594544569652,-107.0,0.1621102690696716
651,3.235973832450115e-09,0.4799921930786517,4.400162220001221,4.3998637199401855,4.399982256767077,0.348140140306334,1121.9904704708606,273,4.399939060211182,4.400015354156494,7.62939453125e-05,1121.9904704708606,273,0.6734574213624,-108.0,0.161629781126976
652,2.799747313059983e-09,0.2746600574234693,4.400091648101807,4.399869918823242,4.39999388949775,-0.8703213814409922,1120.770690690726,273,4.39996862411499,4.399939060211182,-2.956390380859375e-05,1120.770690690726,273,0.6718325118223827,-109.0,0.1612398028373718
653,3.5412446918741155e-09,0.0840416428851028,4.400091648101807,4.399862766265869,4.399989883395007,-0.7673678766480792,1122.3142042048275,274,4.400084495544434,4.399939060211182,-0.0001454353332519,1122.3142042048275,274,0.6710161144534748,-110.0,0.1610438674688339
654,3.188142976237972e-09,0.0132679799434019,4.40016508102417,4.399864673614502,4.400008514307547,-0.1656965179468743,1133.0908408407122,276,4.400066375732422,4.399939060211182,-0.0001273155212402,1133.0908408407122,276,0.6700723121563594,-111.0,0.1608173549175262
655,3.06837870300622e-09,-0.3284588433679125,4.400090217590332,4.3997931480407715,4.39997052972967,-0.0702634187011868,1127.215155155398,275,4.400015354156494,4.399939060211182,-7.62939453125e-05,1127.215155155398,275,0.6685099254051845,-112.0,0.1604423820972442
656,3.0636897255224726e-09,-0.1985418941314934,4.400091648101807,4.399862766265869,4.3999896910216405,-0.3651795678130898,1136.6006006002426,277,4.400040149688721,4.399939060211182,-0.000101089477539,1136.6006006002426,277,0.6672600905100505,-113.0,0.1601424217224121
657,2.8748846017057e-09,-0.5685705120859333,4.40009069442749,4.399786472320557,4.39997534993766,0.9034255582679296,1130.230730730109,276,4.399969577789307,4.399786472320557,-0.00018310546875,1130.230730730109,276,0.6651145095626514,-114.0,0.1596274822950363
658,2.188380453448717e-09,-0.0071978494039741,4.400084495544434,4.399863243103027,4.3999619072289775,-0.3836174945807586,1137.8183983983472,278,4.400025844573975,4.399939060211182,-8.678436279296875e-05,1137.8183983983472,278,0.6634353970487913,-115.0,0.1592244952917099
659,4.682455313099451e-09,-0.4730095775231909,4.400089740753174,4.399787425994873,4.399962231781983,-0.2352790296651501,1153.524324323982,281,4.399955749511719,4.399939060211182,-1.6689300537109375e-05,1153.524324323982,281,0.6647186974684398,-116.0,0.1595324873924255
660,4.388629096933056e-09,0.1040715807021758,4.400232791900635,4.399795055389404,4.3999974581308745,1.5432936287522048,1133.5809009009972,277,4.400018692016602,4.400015354156494,-3.337860107421875e-06,1133.5809009009972,277,0.6634768719474475,-117.0,0.1592344492673874
661,3.827041211103379e-09,0.2926075027581532,4.4001641273498535,4.399862766265869,4.399987627276413,-0.0697487512570584,1135.5779979983345,278,4.399917125701904,4.400091648101807,0.0001745223999023,1135.5779979983345,278,0.6642666955788931,-118.0,0.1594240069389343
662,2.336374573650321e-09,0.0347185877592311,4.40009069442749,4.399866104125977,4.399986134539442,-0.4251825375987779,1131.6082882881165,277,4.40004825592041,4.400015354156494,-3.2901763916015625e-05,1131.6082882881165,277,0.6640231236815453,-119.0,0.1593655496835708
663,2.8967687346108462e-09,0.0372674756642085,4.400162696838379,4.399870872497559,4.400010517175249,-0.2807777440076031,1138.6363663664088,278,4.400064468383789,4.400015354156494,-4.9114227294921875e-05,1138.6363663664088,278,0.6643124545613925,-120.0,0.1594349890947342
664,3.922995069960024e-09,-0.2049273701698554,4.400091648101807,4.399862766265869,4.399990463945409,-0.6976619858562807,1133.299099098891,277,4.3999104499816895,4.399939060211182,2.86102294921875e-05,1133.299099098891,277,0.663054237763087,-121.0,0.1591330170631408
665,2.726166768683617e-09,0.2180849299681219,4.400166034698486,4.399862766265869,4.399993868941435,0.9817907648349524,1131.428708708845,277,4.400015354156494,4.399862766265869,-0.000152587890625,1131.428708708845,277,0.6615087389945984,-122.0,0.1587620973587036
666,2.038341045925974e-09,0.1309488850780649,4.400090217590332,4.399863243103027,4.399967240082228,-0.0126207729104743,1130.467267267406,277,4.400015354156494,4.400015354156494,0.0,1130.467267267406,277,0.6595234697063764,-123.0,0.1582856327295303
667,3.1122112077646566e-09,-0.2653889317490282,4.400091648101807,4.399867534637451,4.400001179705311,-0.7352763969413849,1148.6586586590856,281,4.400015354156494,4.399939060211182,-7.62939453125e-05,1148.6586586590856,281,0.6580296282966932,-124.0,0.1579271107912063
668,3.195405922951943e-09,0.1337993018531289,4.400163650512695,4.399866580963135,4.399990971659271,0.2537342694441258,1166.17812812794,284,4.400013446807861,4.400091648101807,7.82012939453125e-05,1166.17812812794,284,0.6598980476458868,-125.0,0.1583755314350128
669,5.303009854353385e-09,0.0343595446104251,4.400166034698486,4.399795055389404,4.399984337759356,-0.4933751094606129,1154.6793493498117,282,4.400009632110596,4.400015354156494,5.7220458984375e-06,1154.6793493498117,282,0.6565275291601818,-126.0,0.1575666069984436
670,3.4348790892404095e-09,0.5175397885983885,4.400158882141113,4.399862766265869,4.399981023572016,0.4047860991431009,1152.198448448442,282,4.399939060211182,4.400015354156494,7.62939453125e-05,1152.198448448442,282,0.6551798433065414,-127.0,0.1572431623935699
671,3.584662038812642e-09,-0.2438902205719904,4.400091171264648,4.399794101715088,4.399960086700764,0.0600651037605466,1152.116876876913,282,4.400015354156494,4.399862766265869,-0.000152587890625,1152.116876876913,282,0.6543406595786413,-128.0,0.1570417582988739
672,3.8011263276793494e-09,-0.3263780919532379,4.400091648101807,4.399862766265869,4.399992015999808,-0.3197973800546587,1160.9373873872682,284,4.400010585784912,4.400015354156494,4.76837158203125e-06,1160.9373873872682,284,0.6471326574683189,-129.0,0.1553118377923965
673,2.765299554892e-09,0.2462801447901299,4.40016508102417,4.399864673614502,4.400005857288215,0.5298509083027052,1169.8430630629882,287,4.400031566619873,4.400091648101807,6.008148193359375e-05,1169.8430630629882,287,0.6491327037413915,-130.0,0.1557918488979339
674,5.492070343804617e-09,-0.3266356374378979,4.400091648101807,4.399791717529297,4.399984844885637,-0.769724429136704,1171.351791791618,287,4.4000372886657715,4.400015354156494,-2.193450927734375e-05,1171.351791791618,287,0.6468142072359722,-131.0,0.1552354097366333
675,2.1744667266210734e-09,-0.5906536672497509,4.400089263916016,4.399789810180664,4.399974975787418,1.5113369128898992,1151.518218218349,284,4.399872779846191,4.400015354156494,0.0001425743103027,1151.518218218349,284,0.6427643199761709,-132.0,0.154263436794281
676,3.1033121937171654e-09,0.25569600785443,4.400162696838379,4.399863243103027,4.399999058037474,-0.208685777708427,1149.7565165162086,285,4.400015354156494,4.399939060211182,-7.62939453125e-05,1149.7565165162086,285,0.6422311067581177,-133.0,0.1541354656219482
677,3.997499241653465e-09,-0.5768116651312205,4.4001617431640625,4.399799346923828,4.400000111981967,0.9636328304444032,1161.1972172176463,287,4.399877548217773,4.400015354156494,0.0001378059387207,1161.1972172176463,287,0.6374568367997806,-134.0,0.1529896408319473
678,4.883563158028604e-09,-0.007552036354713,4.400163173675537,4.399791240692139,4.399976897570822,-0.3339897345349842,1159.936786786653,288,4.400015354156494,4.399939060211182,-7.62939453125e-05,1159.936786786653,288,0.6353172784050306,-135.0,0.1524761468172073
679,3.890298296057035e-09,-0.1473767706934398,4.400152206420898,4.39979362487793,4.399963028339559,0.1367705505593099,1151.2945745745674,287,4.4000325202941895,4.400015354156494,-1.71661376953125e-05,1151.2945745745674,287,0.6375981494784355,-136.0,0.1530235558748245
680,3.599548844312248e-09,0.3972151273387579,4.400167465209961,4.399862766265869,4.399978692523279,0.5446015677008793,1156.8685685684904,287,4.400015354156494,4.399939060211182,-7.62939453125e-05,1156.8685685684904,287,0.6376704201102257,-137.0,0.1530409008264541
681,5.4706580027006214e-09,-0.6254127101746788,4.400162696838379,4.399786472320557,4.399997891429364,0.8686310860347195,1176.8832832835617,291,4.400022506713867,4.399939060211182,-8.344650268554688e-05,1176.8832832835617,291,0.6346310178438823,-138.0,0.1523114442825317
682,1.9026007250513967e-09,0.3147873654432112,4.40009069442749,4.39986515045166,4.3999882737795515,-0.3542434540556471,1158.95713713672,288,4.399993896484375,4.400015354156494,2.1457672119140625e-05,1158.95713713672,288,0.6349416449666023,-139.0,0.1523859947919845
683,2.980002116887559e-09,-0.4480453044549476,4.400090217590332,4.399863243103027,4.399995759590385,-0.3982119825033208,1174.2532532531768,291,4.40005350112915,4.400015354156494,-3.814697265625e-05,1174.2532532531768,291,0.6341498345136642,-140.0,0.1521959602832794
684,3.899357752065164e-09,-0.1000575614531512,4.400162220001221,4.399798393249512,4.399991185607382,0.5754274841246612,1162.773333333433,289,4.399975776672363,4.399862766265869,-0.0001130104064941,1162.773333333433,289,0.6354187304774921,-141.0,0.152500495314598
685,2.10089486548289e-09,0.0196355043032965,4.400091648101807,4.399864196777344,4.3999903903288,0.0844524836258715,1165.2353153154254,289,4.399983882904053,4.400015354156494,3.147125244140625e-05,1165.2353153154254,289,0.632360577583313,-142.0,0.1517665386199951
686,3.102126044365424e-09,-0.5602319011806666,4.400091648101807,4.399791240692139,4.399997532784522,0.8817072497061433,1142.4990990990773,286,4.399939060211182,4.399939060211182,0.0,1142.4990990990773,286,0.6355644514163336,-143.0,0.15253546833992
687,4.547020060032107e-09,-0.3693990473580206,4.40015983581543,4.399787425994873,4.399981923506293,0.1235306205277178,1137.303063062951,284,4.400044918060303,4.400015354156494,-2.956390380859375e-05,1137.303063062951,284,0.6260567655165991,-144.0,0.1502536237239837
688,4.241745867300872e-09,0.1354796527474334,4.400163650512695,4.399791240692139,4.399976041219006,0.4388896498860402,1168.7393093090504,292,4.399954795837402,4.400091648101807,0.0001368522644042,1168.7393093090504,292,0.631262610356013,-145.0,0.1515030264854431
689,4.343663679588727e-09,-0.0908527298086412,4.400163173675537,4.399787902832031,4.399969180980762,0.3914124772748106,1143.563213213347,286,4.399918556213379,4.399939060211182,2.0503997802734375e-05,1143.563213213347,286,0.6233029067516327,-146.0,0.1495926976203918
690,3.9378250543083064e-09,-0.6994959304975032,4.400091648101807,4.399787902832031,4.399989770450134,0.4130929533945298,1158.0173173174262,291,4.400065898895264,4.400091648101807,2.574920654296875e-05,1158.0173173174262,291,0.6269566714763641,-147.0,0.1504696011543274
691,3.198085285167067e-09,-0.0660907227594246,4.400091648101807,4.399862766265869,4.399978659144735,-0.5462374903849687,1152.325765765272,289,4.400015354156494,4.399939060211182,-7.62939453125e-05,1152.325765765272,289,0.6259610255559286,-148.0,0.1502306461334228
692,3.36712688710629e-09,0.3316364454086114,4.400091648101807,4.399862766265869,4.399978844378995,-0.6752615588323345,1175.4037637636063,293,4.400015354156494,4.399939060211182,-7.62939453125e-05,1175.4037637636063,293,0.62740674863259,-149.0,0.1505776196718216
693,4.5018115393065414e-09,-0.1173259228914731,4.400160789489746,4.399862766265869,4.400004849141958,-0.4148971238882368,1181.364854855463,294,4.400015354156494,4.400091648101807,7.62939453125e-05,1181.364854855463,294,0.6271609415610632,-150.0,0.1505186259746551
694,5.769513238277857e-09,-0.1392201796026114,4.400162220001221,4.399789810180664,4.399974679784156,-0.4576074878123144,1175.3716116119176,293,4.399878978729248,4.400091648101807,0.0002126693725585,1175.3716116119176,293,0.623673697312673,-151.0,0.1496816873550415
695,4.266427655567728e-09,0.447439932598596,4.40023946762085,4.399787902832031,4.3999915717025395,2.0947944074036613,1192.1066666664556,297,4.399946212768555,4.399862766265869,-8.344650268554688e-05,1192.1066666664556,297,0.6204364200433096,-152.0,0.1489047408103943
696,3.008609212976114e-09,-0.2808852134561647,4.400091648101807,4.3998637199401855,4.3999902718775985,-0.4463971935718982,1184.0544044040143,296,4.400015354156494,4.400015354156494,0.0,1184.0544044040143,296,0.6168261791268985,-153.0,0.1480382829904556
697,5.783095622990352e-09,-0.1331264948329495,4.400091648101807,4.399788856506348,4.399974296390007,-0.7840678282998566,1183.7333333333954,297,4.4000091552734375,4.400015354156494,6.198883056640625e-06,1183.7333333333954,297,0.6110140432914098,-154.0,0.1466433703899383
698,4.701520835222551e-09,0.6952670692556736,4.400167942047119,4.399862766265869,4.39998805802004,0.4026018498050705,1184.7960960958153,299,4.399939060211182,4.399862766265869,-7.62939453125e-05,1184.7960960958153,299,0.609935075044632,-155.0,0.1463844180107116
699,4.96932798674105e-09,-0.3674623231858297,4.400091648101807,4.399794578552246,4.399986807294066,-0.6758818709493584,1195.8588588591665,301,4.400015354156494,4.400015354156494,0.0,1195.8588588591665,301,0.6047916288177173,-156.0,0.1451499909162521
700,2.3373466313670203e-09,-0.0406830902300582,4.40009069442749,4.399864196777344,4.399984073638916,-0.3057941137595814,1182.2142742741853,300,4.399930477142334,4.400015354156494,8.487701416015625e-05,1182.2142742741853,300,0.6096310292681059,-157.0,0.1463114470243454
701,3.3947852098529827e-09,0.0841194580309903,4.400163650512695,4.399864673614502,4.4000097985235636,-0.3432260489850378,1180.0621621618047,298,4.400071144104004,4.399939060211182,-0.0001320838928222,1180.0621621618047,298,0.6042666733264923,-158.0,0.1450240015983581
702,3.6848238576703235e-09,0.2346862479665526,4.40016508102417,4.399863243103027,4.399988177617391,-0.0074194217748488,1183.384534534067,300,4.399939060211182,4.400015354156494,7.62939453125e-05,1183.384534534067,300,0.6015295783678691,-159.0,0.1443670988082885
703,5.244683392405429e-09,0.4942997561820375,4.400240898132324,4.399786949157715,4.399970631934329,0.9715517388583392,1172.831351350993,299,4.400015354156494,4.400015354156494,0.0,1172.831351350993,299,0.5938947200775146,-160.0,0.1425347328186035
704,4.187584621081579e-09,0.2767113745053642,4.400166988372803,4.3998637199401855,4.399982064669249,-0.3589142822011233,1194.7017417419702,305,4.399939060211182,4.399939060211182,0.0,1194.7017417419702,305,0.5890825142463049,-161.0,0.1413798034191131
705,3.1475234308085782e-09,-0.8636652276709854,4.400088787078857,4.399786472320557,4.399982682212454,0.8895136355043598,1187.3101901905611,305,4.400015354156494,4.400015354156494,0.0,1187.3101901905611,305,0.5915675933162372,-162.0,0.1419762223958969
706,3.6471722875746006e-09,0.5352253009302841,4.400166988372803,4.399865627288818,4.399980852027345,-0.2707494837727684,1196.7265765769407,306,4.39999532699585,4.399939060211182,-5.626678466796875e-05,1196.7265765769407,306,0.5878929669658344,-163.0,0.1410943120718002
707,6.302430185863083e-09,-1.226188492099557,4.400091648101807,4.399651050567627,4.39998334175662,2.532629539427064,1180.8992792796344,304,4.399997711181641,4.399939060211182,-5.8650970458984375e-05,1180.8992792796344,304,0.5859243993957838,-164.0,0.1406218558549881
708,3.917744045685784e-09,0.2280543769910566,4.400163173675537,4.399789810180664,4.39997072596299,0.5788147575704308,1176.5286786789077,304,4.400032043457031,4.399939060211182,-9.298324584960938e-05,1176.5286786789077,304,0.5824454749623935,-165.0,0.1397869139909744
709,3.732949652429781e-09,0.0001600520035164,4.400167942047119,4.399862766265869,4.399999444992816,-0.3487018774206722,1175.086286285892,305,4.400008201599121,4.399939060211182,-6.914138793945312e-05,1175.086286285892,305,0.5788103366891544,-166.0,0.138914480805397
710,3.389452341553589e-09,0.2879482029744949,4.400091648101807,4.399862766265869,4.399965412476483,-0.6530917748744178,1176.7321321321651,306,4.399928569793701,4.400015354156494,8.678436279296875e-05,1176.7321321321651,306,0.5763857314984004,-167.0,0.1383325755596161
711,4.908429740837773e-09,-0.0128099633830016,4.400165557861328,4.399791717529297,4.399989812604843,-0.1363942657110883,1194.68864864856,310,4.399886608123779,4.399939060211182,5.245208740234375e-05,1194.68864864856,310,0.5741292610764503,-168.0,0.137791022658348
712,4.2795089301181175e-09,-0.2694745278700783,4.40015983581543,4.399796485900879,4.3999923060017245,0.3959437632321188,1192.9193993993104,310,4.400015354156494,4.399862766265869,-0.000152587890625,1192.9193993993104,310,0.5719379832347234,-169.0,0.1372651159763336
713,1.9771184995320112e-09,-0.5056895030407332,4.400086402893066,4.3998637199401855,4.399984004420618,0.115151392032351,1188.8024924928322,310,4.400063514709473,4.399939060211182,-0.000124454498291,1188.8024924928322,310,0.5730253954728445,-170.0,0.1375260949134826
714,4.286162884348223e-09,-0.4422604984317629,4.400166988372803,4.399789810180664,4.399993507041809,0.1454061078696327,1198.9986986983567,311,4.399939060211182,4.400015354156494,7.62939453125e-05,1198.9986986983567,311,0.5696442599097888,-171.0,0.1367146223783493
715,5.6115711062251345e-09,-0.142344741756875,4.400164604187012,4.399862766265869,4.399991250807239,-0.9660115537834808,1186.043453453109,310,4.399986743927002,4.400015354156494,2.86102294921875e-05,1186.043453453109,310,0.5672528098026912,-172.0,0.1361406743526458
716,5.629774003617665e-09,-0.218951057016238,4.400166034698486,4.399790287017822,4.400006440969614,0.3074134051537558,1192.8640040038154,312,4.400074481964111,4.400015354156494,-5.91278076171875e-05,1192.8640040038154,312,0.5644196023543676,-173.0,0.1354607045650482
717,3.888477858683606e-09,0.2873058299837014,4.400164604187012,4.399867534637451,4.39999230296467,-0.3636364323167322,1194.3228828832507,313,4.400091648101807,4.400091648101807,0.0,1194.3228828832507,313,0.5620321879784267,-174.0,0.1348877251148224
718,3.337087174301274e-09,-0.1694215189469596,4.400091648101807,4.39986515045166,4.399995254334949,-0.5360588124073695,1200.3443643646317,315,4.400016784667969,4.399939060211182,-7.772445678710938e-05,1200.3443643646317,315,0.5602072924375534,-175.0,0.1344497501850128
719,2.7218408136173207e-09,0.309652964563682,4.400091648101807,4.399864673614502,4.399962073244883,-0.1506636124057858,1207.9329329328611,317,4.399962425231934,4.399939060211182,-2.3365020751953125e-05,1207.9329329328611,317,0.5636028324564298,-176.0,0.1352646797895431
720,3.335929991327481e-09,0.0500305019582932,4.400091648101807,4.399862766265869,4.399974046066461,-0.5330531935796357,1243.606486486271,259,4.400091648101807,4.400015354156494,-7.62939453125e-05,1243.606486486271,259,0.6038544078667959,-177.0,0.144925057888031
721,1.9831281203909664e-09,-0.1055541731786749,4.400087833404541,4.399864673614502,4.399967273336942,-0.5250123184712798,1212.8139339350164,305,4.399939060211182,4.399939060211182,0.0,1212.8139339350164,305,0.6025418639183044,-178.0,0.144610047340393
722,4.719043469977238e-09,-0.6742053940651752,4.400148391723633,4.3997111320495605,4.399991959036386,1.2004278386685696,1185.8918918929994,301,4.400148391723633,4.400015354156494,-0.0001330375671386,1185.8918918929994,301,0.5926384901007017,-179.0,0.1422332376241684
723,2.4213601605550435e-09,0.0952805421067462,4.400090217590332,4.399864196777344,4.399964922725564,-0.2945263497376476,1180.490490490571,303,4.400000095367432,4.399939060211182,-6.103515625e-05,1180.490490490571,303,0.5919968709349632,-180.0,0.1420792490243911
724,3.2506689041808582e-09,-0.1229831686460467,4.400152683258057,4.399862766265869,4.399978532947478,0.0221126432853977,1192.8333133123815,305,4.399994850158691,4.399862766265869,-0.0001320838928222,1192.8333133123815,305,0.5909989898403486,-181.0,0.1418397575616836
725,2.8898181051765e-09,-0.2737599212536171,4.400091648101807,4.399867057800293,4.399996919996419,-0.5091622259391091,1240.85231231153,314,4.400041580200195,4.400015354156494,-2.6226043701171875e-05,1240.85231231153,314,0.5913905799388885,-182.0,0.1419337391853332
726,4.592507126216242e-09,0.4786179861467475,4.40016508102417,4.399868011474609,4.400002452711396,-0.3976216385877742,1171.230470471084,302,4.399868011474609,4.400015354156494,0.0001473426818847,1171.230470471084,302,0.5865616723895073,-183.0,0.1407748013734817
727,3.6618003554144704e-09,-0.0240940768284866,4.400091648101807,4.399796485900879,4.399972575725895,-0.2256189649899833,1170.2938338331878,303,4.400015354156494,4.400015354156494,0.0,1170.2938338331878,303,0.5838537588715553,-184.0,0.1401249021291732
728,4.949695247535594e-09,0.3098677091116913,4.400236129760742,4.399862766265869,4.39998932731779,0.6727564103284722,1171.2512012012303,304,4.400078773498535,4.400015354156494,-6.341934204101562e-05,1171.2512012012303,304,0.5821849529941877,-185.0,0.139724388718605
729,3.001122955401907e-09,0.0759821128784303,4.400091648101807,4.399787902832031,4.399957627155742,-0.0574841995013644,1176.9486286286265,305,4.400059223175049,4.400091648101807,3.24249267578125e-05,1176.9486286286265,305,0.5804227044185003,-186.0,0.13930144906044
730,5.119034985698355e-09,0.1893176751954917,4.400162220001221,4.399791240692139,4.399981060838388,0.1593456159454342,1177.9777777772397,306,4.399997234344482,4.400015354156494,1.811981201171875e-05,1177.9777777772397,306,0.5778289710481962,-187.0,0.138678953051567
731,4.5974181820673495e-09,-0.3853266813453365,4.400162696838379,4.399791717529297,4.399997856709864,0.4075201122779641,1185.3518918920308,308,4.399939060211182,4.400091648101807,0.000152587890625,1185.3518918920308,308,0.5752939730882645,-188.0,0.1380705535411834
732,3.084185631720993e-09,0.2059624874038969,4.4001617431640625,4.399786472320557,4.399991616895122,0.983308757868946,1193.5751351341603,310,4.399991512298584,4.399786472320557,-0.0002050399780273,1193.5751351341603,310,0.5746605495611827,-189.0,0.1379185318946838
733,3.136371412142264e-09,0.3344989226361024,4.400091171264648,4.3998637199401855,4.399968421960725,-0.6213109766512757,1186.7557557560503,309,4.399868965148926,4.399939060211182,7.009506225585938e-05,1186.7557557560503,309,0.570898565153281,-190.0,0.1370156556367874
734,3.9701446865932295e-09,-0.1439615035070521,4.400091648101807,4.399791240692139,4.399971531135093,-0.1511209755391571,1192.975575575605,311,4.400053024291992,4.399939060211182,-0.0001139640808105,1192.975575575605,311,0.5706712603569031,-191.0,0.1369611024856567
735,3.0517339510041726e-09,-0.7841241559074775,4.400091648101807,4.399787425994873,4.39998349959444,1.4508300753195762,1191.5357357356695,311,4.40004301071167,4.400015354156494,-2.765655517578125e-05,1191.5357357356695,311,0.5686130995551746,-192.0,0.1364671438932418
736,2.917373935233205e-09,-0.2743739746762199,4.400091648101807,4.3997907638549805,4.39997760095904,0.3985791462574921,1185.8887987993658,310,4.400091648101807,4.400015354156494,-7.62939453125e-05,1185.8887987993658,310,0.5689963698387146,-193.0,0.1365591287612915
737,2.1479413522687355e-09,-0.2750872038138855,4.400091648101807,4.399864673614502,4.399991712509057,-0.0711312120868679,1194.7318718712777,312,4.40006160736084,4.400015354156494,-4.6253204345703125e-05,1194.7318718712777,312,0.5665301034847896,-194.0,0.1359672248363495
738,3.872453492760635e-09,0.0626718819794557,4.400167465209961,4.399862766265869,4.399985059102376,-0.3995742001041971,1206.2000400405375,315,4.399902820587158,4.400015354156494,0.0001125335693359,1206.2000400405375,315,0.5659320081273715,-195.0,0.1358236819505691
739,4.632088915326589e-09,-0.6735059098659282,4.400091648101807,4.399787902832031,4.4000011307852605,0.1813049644363187,1206.9606806803497,315,4.399988651275635,4.400091648101807,0.0001029968261718,1206.9606806803497,315,0.5639427651961645,-196.0,0.1353462636470794
740,2.766320499595151e-09,0.3264795156826579,4.400160312652588,4.399865627288818,4.399970994589808,0.337128849842208,1192.2303903903812,313,4.400013446807861,4.400091648101807,7.82012939453125e-05,1192.2303903903812,313,0.5627448360125225,-197.0,0.1350587606430053
741,5.333775514411507e-09,0.0034533092360603,4.400166988372803,4.399802207946777,4.39997457394934,-0.8874900428398793,1196.1331031043082,314,4.4000244140625,4.400015354156494,-9.059906005859377e-06,1196.1331031043082,314,0.56189876049757,-198.0,0.1348557025194168
742,2.388416032139542e-09,0.7257365263174095,4.400163650512695,4.399862766265869,4.399958864139144,1.4817855825340054,1195.3122222218665,314,4.400015354156494,4.399939060211182,-7.62939453125e-05,1195.3122222218665,314,0.5619658157229424,-199.0,0.1348717957735061
743,6.024630004885451e-09,-0.7084926059262173,4.400091648101807,4.399786472320557,4.3999841816817655,-0.1363234223141631,1205.0216216221452,316,4.400050163269043,4.399939060211182,-0.0001111030578613,1205.0216216221452,316,0.5618697653214137,-200.0,0.1348487436771392
744,5.209796392953714e-09,0.1211946393095757,4.400167942047119,4.399862766265869,4.399989002155808,-0.2328772164379375,1216.302662661299,318,4.400015354156494,4.399862766265869,-0.000152587890625,1216.302662661299,318,0.5609468867381414,-201.0,0.1346272528171539
745,3.982989644341997e-09,-0.3762873035859468,4.400158882141113,4.399788856506348,4.399996433076979,0.2572354090293256,1205.5103603601456,316,4.3999857902526855,4.400015354156494,2.956390380859375e-05,1205.5103603601456,316,0.555699442823728,-202.0,0.1333678662776947
746,3.844720422815542e-09,0.5355414230343093,4.4001665115356445,4.399862766265869,4.399983563019564,0.1073041289162759,1213.7477477472275,319,4.4001030921936035,4.400015354156494,-8.7738037109375e-05,1213.7477477472275,319,0.5541954189538956,-203.0,0.1330069005489349
747,4.3269473668688334e-09,0.0381532482983042,4.40016508102417,4.399862766265869,4.400001611081784,-0.5179173647248558,1210.7109909914434,319,4.399916648864746,4.400091648101807,0.0001749992370605,1210.7109909914434,319,0.5542826528350513,-204.0,0.1330278366804123
748,3.389292944603906e-09,0.4656707292221013,4.4001641273498535,4.399862766265869,4.3999693208023025,0.1747682321221515,1220.0552552547306,321,4.399909019470215,4.400015354156494,0.0001063346862792,1220.0552552547306,321,0.5502520129084587,-205.0,0.1320604830980301
749,3.20090811001383e-09,0.1445626565736409,4.400167465209961,4.399862766265869,4.400000687354121,0.3051363100240531,1224.4025825820863,323,4.399975299835205,4.400015354156494,4.00543212890625e-05,1224.4025825820863,323,0.5514811724424362,-206.0,0.1323554813861847
750,4.484984992954923e-09,-0.5033902269744178,4.400090217590332,4.399790287017822,4.399978015157911,-0.1852801753011168,1234.2285885885358,324,4.400030136108398,4.400015354156494,-1.4781951904296877e-05,1234.2285885885358,324,0.5475711698333423,-207.0,0.1314170807600021
751,5.745499654027282e-09,-0.3491667106543638,4.400162696838379,4.399726390838623,4.399974600176945,0.5137480357897655,1208.562162162736,321,4.399988651275635,4.399939060211182,-4.9591064453125e-05,1208.562162162736,321,0.5445941661794981,-208.0,0.1307025998830795
752,3.4156012811150283e-09,0.0690375041194234,4.400155544281006,4.399802207946777,4.399966171809605,0.2417313844295829,1210.507387386635,322,4.400015354156494,4.399862766265869,-0.000152587890625,1210.507387386635,322,0.5435880273580551,-209.0,0.1304611265659332
753,2.932309028205544e-09,0.3694424574048845,4.40016508102417,4.399864673614502,4.399978172595684,0.3037736954117398,1225.615135135129,325,4.39991569519043,4.399939060211182,2.3365020751953125e-05,1225.615135135129,325,0.543454537789027,-210.0,0.1304290890693664
754,3.905584308880583e-09,-0.5160044539324107,4.400091648101807,4.399786949157715,4.399966319157527,0.3771030584725627,1223.5718918927014,325,4.399900913238525,4.399939060211182,3.814697265625e-05,1223.5718918927014,325,0.5419609447320303,-211.0,0.1300706267356872
755,3.5138362526955703e-09,-0.0550478972033613,4.400150775909424,4.399792671203613,4.399956045529893,0.5954032492457451,1232.635695695877,327,4.39988899230957,4.399939060211182,5.0067901611328125e-05,1232.635695695877,327,0.5360762278238933,-212.0,0.1286582946777343
756,3.015345266824912e-09,-0.4333632242010293,4.40009069442749,4.399794578552246,4.3999816128081335,0.13056773575707,1216.824074074626,326,4.400015354156494,4.400015354156494,0.0,1216.824074074626,326,0.5336220065752666,-213.0,0.1280692815780639
757,2.687104047144803e-09,-0.6545201451229403,4.400091648101807,4.3997907638549805,4.399977618199916,0.3081120095764538,1213.5350350346416,326,4.399939060211182,4.399939060211182,0.0,1213.5350350346416,326,0.5302245418230693,-214.0,0.1272538900375366
758,2.8172002358547134e-09,-0.1866430489078724,4.4001665115356445,4.399791240692139,4.399985138962909,1.3539368203212905,1218.6854654643685,328,4.399980068206787,4.400015354156494,3.528594970703125e-05,1218.6854654643685,328,0.5289202556014061,-215.0,0.1269408613443374
759,6.250212602699647e-09,0.0335552621595953,4.40016508102417,4.399790287017822,4.399969480386594,-0.5942458322492636,1216.610210210085,328,4.399989604949951,4.399939060211182,-5.054473876953125e-05,1216.610210210085,328,0.5262954160571098,-216.0,0.1263108998537063
760,2.7961896256018727e-09,0.3763879534248231,4.400161266326904,4.399863243103027,4.3999814972733,0.2371633521716529,1221.3079379368571,330,4.400015354156494,4.400015354156494,0.0,1221.3079379368571,330,0.5267286052306493,-217.0,0.1264148652553558
761,3.866255309116771e-09,-0.3080720005410653,4.400167942047119,4.399787425994873,4.399998531919537,0.404269004805867,1224.3674074076116,330,4.399986743927002,4.399939060211182,-4.76837158203125e-05,1224.3674074076116,330,0.522935080031554,-218.0,0.1255044192075729
762,2.327390076704801e-09,0.2113679494231878,4.400155544281006,4.399863243103027,4.39997893301742,0.6848296766068969,1223.2528528533876,331,4.399965286254883,4.399939060211182,-2.6226043701171875e-05,1223.2528528533876,331,0.5203396392365297,-219.0,0.1248815134167671
763,3.199289675479468e-09,-0.1911834216269473,4.400091648101807,4.399862766265869,4.399974119232361,-0.5053817298292733,1223.692752752453,332,4.400078773498535,4.400015354156494,-6.341934204101562e-05,1223.692752752453,332,0.5194501020014286,-220.0,0.1246680244803428
764,3.658865994259935e-09,-0.9897164566089316,4.400091171264648,4.399792671203613,4.39999064740476,0.931647741790147,1228.7987987995148,333,4.40008544921875,4.400015354156494,-7.009506225585938e-05,1228.7987987995148,333,0.518098349372546,-221.0,0.124343603849411
765,3.0123251927160392e-09,0.4202384906962587,4.400091648101807,4.399862766265869,4.399966712470527,-0.2977867033137178,1226.356156155467,333,4.399939060211182,4.400091648101807,0.000152587890625,1226.356156155467,333,0.5170563856760662,-222.0,0.1240935325622558
766,4.0408819691327984e-09,-0.3866191073813008,4.400091171264648,4.3997931480407715,4.399977394206795,-0.2370293132855816,1229.550000000745,334,4.400007247924805,4.399939060211182,-6.818771362304688e-05,1229.550000000745,334,0.5155252603193125,-223.0,0.1237260624766349
767,4.934640618467327e-09,-0.1085581726376381,4.400166034698486,4.399792194366455,4.399989375097309,-0.0534667108623896,1227.140000000596,334,4.399960994720459,4.400015354156494,5.435943603515625e-05,1227.140000000596,334,0.5127106793224812,-224.0,0.1230505630373954
768,3.3946398472451715e-09,0.384854374470036,4.4001665115356445,4.399862766265869,4.39999416631139,0.3730536771727171,1221.5633333325386,334,4.399994373321533,4.399939060211182,-5.53131103515625e-05,1221.5633333325386,334,0.5084112907449405,-225.0,0.1220187097787857
769,3.34053923235527e-09,-0.6767232885393969,4.400091648101807,4.399791717529297,4.399993388518381,1.1178355282436256,1231.0717117115855,337,4.399892330169678,4.399939060211182,4.673004150390625e-05,1231.0717117115855,337,0.506282380471627,-226.0,0.1215077713131904
770,3.4985633512396863e-09,0.1329278794275193,4.400158882141113,4.399862766265869,4.399983872969945,-0.1119445254821012,1223.4407907910645,336,4.399885177612305,4.400091648101807,0.0002064704895019,1223.4407907910645,336,0.4998035728931427,-227.0,0.1199528574943542
771,4.169502366968524e-09,-0.3521667132011738,4.4001665115356445,4.399864673614502,4.400007104027201,-0.3824792515595425,1221.0936936940998,338,4.399944305419922,4.400015354156494,7.104873657226562e-05,1221.0936936940998,338,0.5008493239680927,-228.0,0.1202038377523422
772,3.3623231573715803e-09,-0.5787922246981487,4.400091648101807,4.3997907638549805,4.399999324221286,0.2895388313558542,1218.0554954949766,337,4.400026798248291,4.399939060211182,-8.7738037109375e-05,1218.0554954949766,337,0.4975538700819015,-229.0,0.1194129288196563
773,3.557116459609652e-09,-0.1422079397852406,4.4001665115356445,4.399789810180664,4.399968799939901,0.8122259674723877,1222.3284484483302,339,4.400132656097412,4.400091648101807,-4.100799560546875e-05,1222.3284484483302,339,0.4947625721494357,-230.0,0.1187430173158645
774,3.454747355804605e-09,-0.1539366089613978,4.400091648101807,4.399862766265869,4.399988142276439,-0.724936201164375,1227.9751751758158,341,4.400015354156494,4.400015354156494,0.0,1227.9751751758158,341,0.4932062700390816,-231.0,0.1183695048093795
775,4.3188448802143e-09,0.3621164349139107,4.400164604187012,4.399789810180664,4.39997733230146,0.4706597037091393,1237.9030630625784,343,4.400061130523682,4.400015354156494,-4.57763671875e-05,1237.9030630625784,343,0.488787858436505,-232.0,0.1173090860247612
776,2.794947961607053e-09,0.2664447359244245,4.400164604187012,4.399871826171875,4.400021939776664,-0.033585735963403,1232.8669769782573,344,4.400033473968506,4.399939060211182,-9.441375732421876e-05,1232.8669769782573,344,0.4851794801652431,-233.0,0.1164430752396583
777,3.6146082914916133e-09,-0.2447442163875424,4.400091648101807,4.399862766265869,4.399991743071086,-0.6950787948816886,1224.1203603614122,343,4.399939060211182,4.400091648101807,0.000152587890625,1224.1203603614122,343,0.4805381720264753,-234.0,0.115329161286354
778,3.572504258221793e-09,-0.1297360034507348,4.400091648101807,4.399791240692139,4.399960012021272,-0.3996142677671259,1226.5889889895916,345,4.399939060211182,4.400091648101807,0.000152587890625,1226.5889889895916,345,0.479805034895738,-235.0,0.1151532083749771
779,3.4166124274052342e-09,-0.1857167190006434,4.400091648101807,4.399792194366455,4.399979682064881,0.0113789574658147,1232.8267467468977,347,4.400001525878906,4.399862766265869,-0.0001387596130371,1232.8267467468977,347,0.4782447591423988,-236.0,0.1147787421941757
780,3.521824965365963e-09,-0.38651724274897,4.4001641273498535,4.399801254272461,4.400001159711691,0.7269811163453452,1243.1855855844915,349,4.400088787078857,4.400015354156494,-7.343292236328125e-05,1243.1855855844915,349,0.4691852256655693,-237.0,0.1126044541597366
781,3.058236752970745e-09,0.0725319783683301,4.400157451629639,4.39986515045166,4.39999412394118,-0.2048962792488331,1220.9293993990868,348,4.399944305419922,4.400015354156494,7.104873657226562e-05,1220.9293993990868,348,0.4663853906095028,-238.0,0.1119324937462806
782,3.9200415316565764e-09,0.4167529104683602,4.400230407714844,4.399862766265869,4.399978189386873,1.484738297268701,1228.9939939938486,351,4.4000139236450195,4.400015354156494,1.430511474609375e-06,1228.9939939938486,351,0.4621271354456743,-239.0,0.1109105125069618
783,3.727791591860392e-09,-0.2128938378196141,4.400091648101807,4.399795055389404,4.3999740335676405,-0.3640352621838629,1268.1432432439178,360,4.400091648101807,4.400015354156494,-7.62939453125e-05,1268.1432432439178,360,0.4555216679970423,-240.0,0.1093252003192901
784,6.213256811069826e-09,-0.9629448281511416,4.400163650512695,4.399635314941406,4.399969690618381,1.941035213553278,1228.401261260733,355,4.400068283081055,4.399939060211182,-0.000129222869873,1228.401261260733,355,0.4470660972098509,-241.0,0.1072958633303642
785,4.220230580983404e-09,-0.2983547071946886,4.4001641273498535,4.399794578552246,4.400008730821207,0.2358486243194018,1214.2483483478427,355,4.4000163078308105,4.400015354156494,-9.5367431640625e-07,1214.2483483478427,355,0.4446188919246197,-242.0,0.1067085340619087
786,3.3903783800153718e-09,0.2281744668608411,4.400091648101807,4.399862766265869,4.399973316565572,-0.684861808524412,1224.581471471116,358,4.400080680847168,4.399939060211182,-0.0001416206359863,1224.581471471116,358,0.4382727667689323,-243.0,0.1051854640245437
787,2.35067476344811e-09,0.3389312032666078,4.400163650512695,4.3998637199401855,4.3999928130043875,0.6049978630312638,1223.266446447,360,4.399942398071289,4.399939060211182,-3.337860107421875e-06,1223.266446447,360,0.4351022032399972,-244.0,0.1044245287775993
788,3.98815607022947e-09,0.104664618045074,4.400165557861328,4.399862766265869,4.399997208216419,-0.1065086968458355,1244.0091691687703,365,4.399940490722656,4.399862766265869,-7.772445678710938e-05,1244.0091691687703,365,0.4347271906832854,-245.0,0.1043345257639885
789,4.865436834239606e-09,-0.3795671875364106,4.400166034698486,4.399786472320557,4.3999638752859145,0.4647351097375218,1246.38183183223,366,4.399962425231934,4.400091648101807,0.000129222869873,1246.38183183223,366,0.4308085888624191,-246.0,0.1033940613269805
790,2.7560411307678567e-09,-0.0069311823379995,4.4001617431640625,4.399866580963135,4.39999712199381,-0.061725659030956,1232.5389789789915,365,4.3998703956604,4.399939060211182,6.866455078125e-05,1232.5389789789915,365,0.430775402734677,-247.0,0.1033860966563224
791,4.6893012046791e-09,0.0077930613781185,4.4001617431640625,4.399789333343506,4.399968816934387,-0.1109552615929043,1238.8479979988188,366,4.400017261505127,4.400015354156494,-1.9073486328125e-06,1238.8479979988188,366,0.4224989252785842,-248.0,0.1013997420668602
792,3.591614472832779e-09,-0.1288908758947832,4.4001665115356445,4.399791240692139,4.399973083640825,0.6350392048883009,1237.4598598591983,369,4.399939060211182,4.400015354156494,7.62939453125e-05,1237.4598598591983,369,0.4198969341814518,-249.0,0.1007752642035484
793,6.055582246084541e-09,-0.0202315414036456,4.40016508102417,4.399789810180664,4.399977106388992,-0.2467072465305104,1232.1222022026775,369,4.399994850158691,4.400015354156494,2.0503997802734375e-05,1232.1222022026775,369,0.4176824664076169,-250.0,0.100243791937828
794,4.217946430180602e-09,-0.1488944750187708,4.400091648101807,4.399791240692139,4.399980874866967,-0.6530246595425844,1249.7040240243075,373,4.399931907653809,4.400015354156494,8.344650268554688e-05,1249.7040240243075,373,0.4149690580864748,-251.0,0.0995925739407539
795,2.983103140857654e-09,-0.5378254245887913,4.400091648101807,4.399787902832031,4.399991850164485,0.5132485163738303,1248.482152150944,374,4.400015354156494,4.400015354156494,0.0,1248.482152150944,374,0.4118732487161954,-252.0,0.0988495796918869
796,4.089635916947234e-09,0.9354286121565408,4.400167465209961,4.399786949157715,4.399955592690942,1.656741804583281,1241.8398398403078,374,4.39995002746582,4.399939060211182,-1.0967254638671877e-05,1241.8398398403078,374,0.4019677949448427,-253.0,0.0964722707867622
797,3.589064067100621e-09,-0.5803123090126182,4.400163173675537,4.399786949157715,4.400005744440889,0.6863623883348078,1246.9572972971946,379,4.3998703956604,4.400015354156494,0.0001449584960937,1246.9572972971946,379,0.3990653591851393,-254.0,0.0957756862044334
798,3.020243239230753e-09,-0.0979554618094151,4.400087833404541,4.399862766265869,4.399969351386518,-0.5892496269604273,1229.1210410408676,377,4.399932861328125,4.400015354156494,8.249282836914062e-05,1229.1210410408676,377,0.3914664809902509,-255.0,0.0939519554376602
799,4.083990347665106e-09,0.1664764757423657,4.4001665115356445,4.3998637199401855,4.400004975126171,-0.3121425172081427,1231.0554554555565,381,4.400032043457031,4.400091648101807,5.9604644775390625e-05,1231.0554554555565,381,0.3889244981110096,-256.0,0.0933418795466423
800,4.018034464477738e-09,-0.2680690618123892,4.400091648101807,4.399789333343506,4.399972810243305,-0.1888090757774612,1222.2806906905023,380,4.399996757507324,4.400015354156494,1.8596649169921875e-05,1222.2806906905023,380,0.3816983352104823,-257.0,0.0916076004505157
801,4.075662772545328e-09,-0.0967782970218189,4.400163173675537,4.399789810180664,4.399989185085544,0.1072640545201868,1230.791111111641,385,4.400015354156494,4.400015354156494,0.0,1230.791111111641,385,0.3782171445588271,-258.0,0.0907721146941185
802,3.347360485128208e-09,-0.039572531812424,4.400091648101807,4.399862766265869,4.3999877269451435,-0.4917782645778543,1249.0910710711032,390,4.399939060211182,4.400015354156494,7.62939453125e-05,1249.0910710711032,390,0.3727054844299952,-259.0,0.0894493162631988
803,5.439098792552404e-09,-0.5597620707370305,4.4001641273498535,4.399721622467041,4.400000032113523,1.147383891892951,1244.6755055058748,392,4.400043487548828,4.400091648101807,4.8160552978515625e-05,1244.6755055058748,392,0.3705757359663645,-260.0,0.0889381766319274
804,4.5131595600568354e-09,-0.201292347097207,4.4001665115356445,4.3997883796691895,4.399972516465127,-0.1488309418435189,1242.059259258211,393,4.399959087371826,4.400015354156494,5.626678466796875e-05,1242.059259258211,393,0.3649864656229814,-261.0,0.0875967517495155
805,4.481088191471059e-09,-0.2500458201150751,4.400091648101807,4.399792671203613,4.399977595896661,-0.6937576972016077,1241.2695895899087,395,4.400015354156494,4.400091648101807,7.62939453125e-05,1241.2695895899087,395,0.3611991492410501,-262.0,0.086687795817852
806,3.072064895283665e-09,-0.3140719751348885,4.400091648101807,4.39986515045166,4.399991507432898,-0.6161371145790593,1218.1743943952024,392,4.399960994720459,4.399939060211182,-2.193450927734375e-05,1218.1743943952024,392,0.3578120221694311,-263.0,0.0858748853206634
807,3.714361482639746e-09,0.4744958710723614,4.400233745574951,4.3998637199401855,4.399988387033381,1.4149661934593594,1236.0709909908471,397,4.400015354156494,4.400015354156494,0.0,1236.0709909908471,397,0.3524691487352053,-264.0,0.0845925956964492
808,3.604008997854755e-09,0.0258208420022319,4.400166034698486,4.3997931480407715,4.399995742883897,1.0568274950341467,1229.4893293287605,399,4.3999409675598145,4.400015354156494,7.43865966796875e-05,1229.4893293287605,399,0.3457300675412019,-265.0,0.0829752162098884
809,5.322629520809045e-09,-0.0453248647940398,4.400091648101807,4.399787902832031,4.399966273141738,-0.9737295238948884,1230.512052051723,402,4.399870872497559,4.400015354156494,0.0001444816589355,1230.512052051723,402,0.3408594677845637,-266.0,0.0818062722682952
810,3.404994141723275e-09,0.0450598278480956,4.400162696838379,4.399862766265869,4.399990678129361,-0.3970868081912599,1222.844564564526,403,4.399892330169678,4.399939060211182,4.673004150390625e-05,1222.844564564526,403,0.3364495001733303,-267.0,0.0807478800415992
811,3.534028728816946e-09,0.1431233719964043,4.400160312652588,4.399864196777344,4.399987446263506,-0.340642594239279,1226.8297297302634,406,4.400014877319336,4.400015354156494,4.76837158203125e-07,1226.8297297302634,406,0.3316521023710569,-268.0,0.0795965045690536
812,3.140583862540279e-09,0.5671378552674647,4.400163173675537,4.399863243103027,4.3999799587876325,0.6754076212650717,1256.648618619889,414,4.4000043869018555,4.400015354156494,1.0967254638671877e-05,1256.648618619889,414,0.3239550006886323,-269.0,0.0777492001652717
813,3.588437919325381e-09,-0.1870655086892314,4.400160312652588,4.399863243103027,4.399998130009412,-0.4016741261333241,1221.5701701696962,411,4.400015354156494,4.400015354156494,0.0,1221.5701701696962,411,0.3202380612492561,-270.0,0.0768571346998214
814,4.830692693875104e-09,-0.1102953167435897,4.400091648101807,4.399787425994873,4.39997333114587,-0.6212573830064478,1216.5188588593155,412,4.399939060211182,4.400015354156494,7.62939453125e-05,1216.5188588593155,412,0.3156530981262525,-271.0,0.0757567435503006
815,4.750830844516114e-09,0.2584995229583923,4.400167942047119,4.399787902832031,4.399978419481697,1.1338394251198438,1210.129369368777,413,4.4000349044799805,4.400015354156494,-1.9550323486328125e-05,1210.129369368777,413,0.3102222457528114,-272.0,0.0744533389806747
816,2.200632149475306e-09,-0.1691835404481006,4.400088787078857,4.399862766265869,4.399987569614147,-0.1008417219654687,1233.7531531527638,421,4.400015354156494,4.400015354156494,0.0,1233.7531531527638,421,0.3137988659242789,-273.0,0.0753117278218269
817,4.050631571571411e-09,-0.1689587682758243,4.400160789489746,4.399789333343506,4.3999768967898385,0.45220645064198,1253.426486486569,424,4.399897575378418,4.400015354156494,0.0001177787780761,1253.426486486569,424,0.3086972360809644,-274.0,0.0740873366594314
818,2.9131224401623566e-09,-0.2308234700179512,4.400167465209961,4.399862766265869,4.399991563146148,0.4258532890135069,1232.9526526518166,422,4.400015354156494,4.400015354156494,0.0,1232.9526526518166,422,0.304441557576259,-275.0,0.0730659738183021
819,4.168379539276311e-09,0.3082765871522258,4.400162696838379,4.399862766265869,4.399982082509549,-0.1698856291782435,1251.917837837711,428,4.400091648101807,4.400091648101807,0.0,1251.917837837711,428,0.2995419005552928,-276.0,0.0718900561332702
820,3.0070723614850707e-09,-0.0672434820338683,4.400091648101807,4.399801731109619,4.399974854062357,-0.0371978326319935,1364.9284684676677,307,4.399937152862549,4.399862766265869,-7.43865966796875e-05,1364.9284684676677,307,0.3428506664931774,-277.0,0.0822841599583625
821,4.405854641579293e-09,-0.4488369421587773,4.400160312652588,4.399786472320557,4.399966134220721,0.3185371615124226,1298.9405405409634,415,4.400003910064697,4.399939060211182,-6.4849853515625e-05,1298.9405405409634,415,0.3279766378303369,-278.0,0.0787143930792808
822,3.200568593152479e-09,0.2032209449225789,4.400166034698486,4.399862766265869,4.399992068798275,0.6274156480633835,1275.791231231764,419,4.400015354156494,4.400015354156494,0.0,1275.791231231764,419,0.3193087875843048,-279.0,0.0766341090202331
823,2.436572105409128e-09,-0.1927531796750346,4.400091648101807,4.399863243103027,4.399986730237897,-0.1641326600248702,1245.7781081087887,418,4.400015354156494,4.400091648101807,7.62939453125e-05,1245.7781081087887,418,0.3134942923982938,-280.0,0.0752386301755905
824,4.267450495719602e-09,0.0560814271729572,4.4001641273498535,4.39979362487793,4.399987353914393,0.002891096523562,1237.3427627626806,419,4.400073051452637,4.400015354156494,-5.7697296142578125e-05,1237.3427627626806,419,0.3077427546183268,-281.0,0.0738582611083984
825,4.180935912958187e-09,-0.1154586994012173,4.400162696838379,4.399791240692139,4.399979153041885,-0.162700721634097,1233.5261261258274,421,4.400015354156494,4.399939060211182,-7.62939453125e-05,1233.5261261258274,421,0.3037432208657264,-282.0,0.0728983730077743
826,5.100686059659835e-09,0.0492218895907965,4.400164604187012,4.399787902832031,4.399973129090808,0.0967466874058038,1216.622492492199,420,4.400015354156494,4.400015354156494,0.0,1216.622492492199,420,0.2993140990535418,-283.0,0.07183538377285
827,4.2539739561219864e-09,-0.7953815367938951,4.400166988372803,4.399716377258301,4.399977694190509,1.7981395284203634,1212.041721722111,422,4.399864196777344,4.399939060211182,7.486343383789062e-05,1212.041721722111,422,0.2938730331758658,-284.0,0.0705295279622078
828,2.83335481938327e-09,-0.1695959478447342,4.400091648101807,4.399790287017822,4.399963152324054,0.4600434299955105,1204.3009809814394,423,4.400015354156494,4.399939060211182,-7.62939453125e-05,1204.3009809814394,423,0.2900273228685061,-285.0,0.0696065574884414
829,4.617174193858794e-09,0.5688863256950055,4.400237083435059,4.399862766265869,4.399990905618444,0.5051195044964554,1208.225225225091,426,4.400000095367432,4.400091648101807,9.1552734375e-05,1208.225225225091,426,0.2848654674986998,-286.0,0.0683677121996879
830,3.570654072496961e-09,-0.2236284068330447,4.400114059448242,4.399790287017822,4.399963203878964,-0.1567870277760268,1186.7883083093911,425,4.400114059448242,4.400015354156494,-9.870529174804688e-05,1186.7883083093911,425,0.2816923893988132,-287.0,0.0676061734557151
831,3.274053201936314e-09,-0.0243540248326196,4.400091648101807,4.3997907638549805,4.399962702644205,-0.1159254234387616,1195.1426526531577,428,4.399959087371826,4.400015354156494,5.626678466796875e-05,1195.1426526531577,428,0.2772886306047439,-288.0,0.0665492713451385
832,4.853866000165675e-09,-0.166115560558779,4.400167465209961,4.399788856506348,4.3999670339133194,-0.213421964371741,1175.0222822818905,427,4.400033950805664,4.399862766265869,-0.0001711845397949,1175.0222822818905,427,0.2759449494381746,-289.0,0.0662267878651619
833,4.110385057668399e-09,-0.1287959078887154,4.400091171264648,4.399786949157715,4.399960289491672,-0.3223491140663523,1176.0366466473788,428,4.39992094039917,4.399939060211182,1.811981201171875e-05,1176.0366466473788,428,0.2738495357334614,-290.0,0.0657238885760307
834,3.762612540372031e-09,-0.0145011039078508,4.400166988372803,4.3998637199401855,4.399998720302138,-0.5895328980607233,1177.0918318312615,430,4.400036811828613,4.399939060211182,-9.775161743164062e-05,1177.0918318312615,430,0.2711808929840724,-291.0,0.0650834143161773
835,3.87691939567423e-09,-0.1895164517663017,4.400091648101807,4.399788856506348,4.3999768356944235,-0.5180328173486446,1171.1699999999255,430,4.399925708770752,4.400015354156494,8.96453857421875e-05,1171.1699999999255,430,0.2704267700513204,-292.0,0.0649024248123169
836,3.018022626784519e-09,0.2162296016893518,4.400164604187012,4.3998637199401855,4.40001513781371,-0.1541288454813214,1179.1064164154232,432,4.3999528884887695,4.400015354156494,6.246566772460938e-05,1179.1064164154232,432,0.2677829936146736,-293.0,0.0642679184675216
837,4.64550583413533e-09,0.0023949977361007,4.400091648101807,4.3997883796691895,4.399970297460203,-0.4359167422711829,1169.515695694834,432,4.399939060211182,4.399939060211182,0.0,1169.515695694834,432,0.2631477390726408,-294.0,0.0631554573774337
838,7.331023141682433e-09,0.2603103114754717,4.400167942047119,4.399788856506348,4.399982004056032,-0.8360334557279385,1170.761701701209,435,4.400015354156494,4.399862766265869,-0.000152587890625,1170.761701701209,435,0.260352265710632,-295.0,0.0624845437705516
839,1.97805086137543e-09,0.3435631950071863,4.400091648101807,4.399867534637451,4.399993344935404,-0.284368893437287,1159.828858859837,434,4.399939060211182,4.399939060211182,0.0,1159.828858859837,434,0.2600296090046565,-296.0,0.0624071061611175
840,4.692149691221876e-09,-0.2088530489517809,4.400163650512695,4.399862766265869,4.3999977078931085,-0.5586887009550798,1164.3755155149847,435,4.399939060211182,4.399939060211182,0.0,1164.3755155149847,435,0.2573233097791672,-297.0,0.0617575943470001
841,4.759230997694774e-09,-0.4460420795987602,4.400091648101807,4.399787902832031,4.399970632941554,-0.4978714042578183,1164.0021621622143,437,4.400081634521484,4.400091648101807,1.0013580322265623e-05,1164.0021621622143,437,0.2537633292376995,-298.0,0.0609031990170478
842,4.0242691593685475e-09,0.6067633234749099,4.4001665115356445,4.399799346923828,4.3999582825054615,0.3086504741171847,1163.032492492348,439,4.399954795837402,4.400015354156494,6.0558319091796875e-05,1163.032492492348,439,0.2513197405884663,-299.0,0.0603167377412319
843,3.935729115182828e-09,0.2455571379120687,4.4001641273498535,4.399863243103027,4.40000507044136,-0.4745139011330077,1143.3010510504246,436,4.400091648101807,4.400015354156494,-7.62939453125e-05,1143.3010510504246,436,0.2464700955897569,-300.0,0.0591528229415416
844,3.1514714862574183e-09,0.1834565176488762,4.400167465209961,4.399865627288818,4.400004502110833,0.1311002359983724,1179.4847247246653,447,4.399943828582764,4.400015354156494,7.152557373046875e-05,1179.4847247246653,447,0.2452430160095294,-301.0,0.058858323842287
845,5.489124473616121e-09,-0.1050749012153553,4.400236129760742,4.399713516235352,4.3999904157879115,1.165853030065538,1162.7885285280645,444,4.400228500366211,4.400091648101807,-0.0001368522644042,1162.7885285280645,444,0.2403747600813706,-302.0,0.0576899424195289
846,2.383770533568669e-09,-0.03427444633238,4.400091648101807,4.399862766265869,4.400003072666109,-0.7902882281600152,1161.9393793791533,447,4.400002956390381,4.400015354156494,1.239776611328125e-05,1161.9393793791533,447,0.2382478987177213,-303.0,0.0571794956922531
847,3.446913248333091e-09,0.3426834977423035,4.4001617431640625,4.399862766265869,4.399975921330827,0.3562469305389926,1145.8533333335072,445,4.40004825592041,4.400091648101807,4.3392181396484375e-05,1145.8533333335072,445,0.2346792879203955,-304.0,0.0563230291008949
848,3.6477159733721005e-09,-0.1497063409948583,4.400167942047119,4.3997883796691895,4.4000024187484845,1.1682562887678736,1142.4475275278091,447,4.399977684020996,4.399939060211182,-3.8623809814453125e-05,1142.4475275278091,447,0.2317575893054406,-305.0,0.0556218214333057
849,3.637172399659574e-09,0.1562519020947749,4.400165557861328,4.399863243103027,4.39999768897858,-0.3070613894762068,1150.770270269364,451,4.399920463562012,4.400091648101807,0.0001711845397949,1150.770270269364,451,0.2292297470072905,-306.0,0.0550151392817497
850,4.854240858012135e-09,0.223285510441964,4.400166988372803,4.399788856506348,4.399978884553487,-0.1821544543319144,1147.5850750748068,452,4.400015354156494,4.399862766265869,-0.000152587890625,1147.5850750748068,452,0.2261549700051546,-307.0,0.0542771928012371
851,3.615010933251137e-09,-0.1505558984597959,4.400166988372803,4.399786949157715,4.399986983917572,0.3078179975070432,1151.9284284282476,455,4.399927616119385,4.400091648101807,0.0001640319824218,1151.9284284282476,455,0.2235117213179668,-308.0,0.053642813116312
852,3.6681839028990204e-09,0.5796349233934395,4.400166988372803,4.399865627288818,4.40000387660244,0.139150557523116,1145.5888888891786,456,4.400015354156494,4.399939060211182,-7.62939453125e-05,1145.5888888891786,456,0.220422043154637,-309.0,0.0529012903571128
853,3.331926827737757e-09,0.3941852385197639,4.40016508102417,4.399868488311768,4.400000989697386,-0.0023738898914351,1143.9181181173772,458,4.399956703186035,4.400091648101807,0.0001349449157714,1143.9181181173772,458,0.2172536216676235,-310.0,0.0521408692002296
854,5.644060925482904e-09,-1.252783663849055,4.400091648101807,4.39964485168457,4.399996481170322,2.9616455496364544,1137.7426026016474,459,4.400066375732422,4.400015354156494,-5.1021575927734375e-05,1137.7426026016474,459,0.2158705766002337,-311.0,0.051808938384056
855,3.7107879459401317e-09,-0.2204325004704617,4.4001593589782715,4.399862766265869,4.399987031691475,-0.3452535615332031,1134.3500100094825,459,4.400052547454834,4.400015354156494,-3.719329833984375e-05,1134.3500100094825,459,0.2118813184400399,-312.0,0.0508515164256095
856,3.980756930550607e-09,0.5474975579592394,4.4001641273498535,4.399862766265869,4.399966197428496,0.2594673873818864,1126.5027027036997,460,4.399957656860352,4.399939060211182,-1.8596649169921875e-05,1126.5027027036997,460,0.2092376196136077,-313.0,0.0502170287072658
857,3.81599179719438e-09,-0.2677304713307732,4.400091648101807,4.399790287017822,4.399978706260133,-0.3037524286760362,1113.9990390390158,459,4.400015354156494,4.400015354156494,0.0,1113.9990390390158,459,0.2076832732806603,-314.0,0.0498439855873584
858,3.864146748338729e-09,-0.1246348289075836,4.4001665115356445,4.399790287017822,4.399976458160662,0.3713131309008188,1137.9885885883125,466,4.399977684020996,4.400091648101807,0.0001139640808105,1137.9885885883125,466,0.2045334782451391,-315.0,0.0490880347788333
859,2.933852665597427e-09,0.3544212274191776,4.400162220001221,4.399864673614502,4.399991504059497,0.0177488023761611,1116.023663662374,463,4.399904727935791,4.399939060211182,3.4332275390625e-05,1116.023663662374,463,0.2020857917765776,-316.0,0.0485005900263786
860,2.8518499535618395e-09,-0.8877557960392143,4.400091171264648,4.3997907638549805,4.399986806211941,1.7111402512813818,1125.0564764775336,467,4.400046348571777,4.400015354156494,-3.0994415283203125e-05,1125.0564764775336,467,0.2004881389439106,-317.0,0.0481171533465385
861,3.805947001502388e-09,-0.3359450492498534,4.400091648101807,4.399791717529297,4.3999786702995625,-0.3101146012665303,1122.193053053692,468,4.400054931640625,4.399939060211182,-0.0001158714294433,1122.193053053692,468,0.1974634205301602,-318.0,0.0473912209272384
862,4.425235066533035e-09,-0.4051156349703123,4.400164604187012,4.399789333343506,4.399986049513827,0.4846214962764983,1115.4327927920967,469,4.399943828582764,4.400091648101807,0.0001478195190429,1115.4327927920967,469,0.1950091837594906,-319.0,0.0468022041022777
863,4.298530510962957e-09,-0.8773769461791533,4.400166988372803,4.399790287017822,4.400018362602445,1.8190201721724064,1107.6749549545348,469,4.400015354156494,4.400091648101807,7.62939453125e-05,1107.6749549545348,469,0.1931323669850826,-320.0,0.0463517680764198
864,3.4360326734643704e-09,0.4449072337036512,4.400164604187012,4.399866580963135,4.3999996316635,0.0301374145445825,1112.6255255248398,472,4.399954795837402,4.400015354156494,6.0558319091796875e-05,1112.6255255248398,472,0.190959715594848,-321.0,0.0458303317427635
865,3.6337663058393397e-09,-0.6380833525508879,4.400091171264648,4.399788856506348,4.399971614176325,-0.1257472720415804,1108.5716116111726,473,4.399842739105225,4.400015354156494,0.0001726150512695,1108.5716116111726,473,0.1886306175341209,-322.0,0.045271348208189
866,4.300663293705802e-09,-0.6834438090624125,4.400091648101807,4.399786472320557,4.39997609053986,0.7835750154771701,1105.3427627626806,474,4.400015354156494,4.400015354156494,0.0,1105.3427627626806,474,0.1874016753087441,-323.0,0.0449764020740985
867,4.80962832928561e-09,-0.5176608709280802,4.400163650512695,4.399714946746826,4.399980288593709,1.0505246503519046,1108.0765765756369,476,4.399939060211182,4.399939060211182,0.0,1108.0765765756369,476,0.185053888708353,-324.0,0.0444129332900047
868,3.892483110736495e-09,-0.3875167776973239,4.400120258331299,4.39971399307251,4.399964227395899,1.2738455914873783,1100.4547047037631,476,4.400120258331299,4.400015354156494,-0.0001049041748046,1100.4547047037631,476,0.1827995913724104,-325.0,0.0438719019293785
869,2.429914424362039e-09,0.3729867447713489,4.400166988372803,4.3998637199401855,4.399989787270041,0.5842659617417492,1092.580830831081,476,4.399898529052734,4.400015354156494,0.0001168251037597,1092.580830831081,476,0.180229265242815,-326.0,0.0432550236582756
870,3.867149498786004e-09,-0.552201030773365,4.400091648101807,4.399787902832031,4.3999860460198095,0.0220096289304985,1102.4528528526423,481,4.400091648101807,4.400091648101807,0.0,1102.4528528526423,481,0.1756338247408469,-327.0,0.0421521179378032
871,3.64786483683968e-09,-0.1869637780848458,4.4001569747924805,4.399862766265869,4.3999909204653544,-0.3415858744404101,1086.6114114113152,481,4.4000091552734375,4.400015354156494,6.198883056640625e-06,1086.6114114113152,481,0.174094612399737,-328.0,0.0417827069759368
872,3.495743285562756e-09,-0.2842551588550891,4.400091648101807,4.399863243103027,4.399990839987808,-0.5806498336127768,1087.1247047036886,483,4.399939060211182,4.400015354156494,7.62939453125e-05,1087.1247047036886,483,0.1719965599477291,-329.0,0.0412791743874549
873,2.917102547044206e-09,0.55591166766427,4.400167942047119,4.399864196777344,4.40000155242448,0.4796602341879725,1088.2442042045295,485,4.399898529052734,4.400167942047119,0.0002694129943847,1088.2442042045295,485,0.1681675979246696,-330.0,0.0403602235019207
874,5.338615463969653e-09,-0.0226409171698301,4.400166988372803,4.399786472320557,4.39996868580029,-0.2248806258081215,1081.692972972989,487,4.3998894691467285,4.399939060211182,4.9591064453125e-05,1081.692972972989,487,0.1655866081515948,-331.0,0.0397407859563827
875,4.532883987681404e-09,-0.0028210888342679,4.400166034698486,4.399862766265869,4.399995280189748,-0.5239935521540868,1078.1380580570549,489,4.399984359741211,4.399939060211182,-4.5299530029296875e-05,1078.1380580570549,489,0.1639054622501135,-332.0,0.0393373109400272
876,1.902532627311235e-09,-0.4910903286104532,4.400015354156494,4.399862766265869,4.399962553948712,-0.5409646605626728,1071.1477877888829,489,4.399967193603516,4.400015354156494,4.8160552978515625e-05,1071.1477877888829,489,0.1623223225275675,-333.0,0.0389573574066162
877,2.959774792171631e-09,-1.2588954273601938,4.400089740753174,4.399787425994873,4.39996839932033,1.5105552986008353,1070.1072372365743,490,4.400003433227539,4.400015354156494,1.1920928955078123e-05,1070.1072372365743,490,0.1595682930201292,-334.0,0.038296390324831
878,5.950741144234981e-09,0.164015259858589,4.400167942047119,4.399864196777344,4.4000066324947325,-0.657203869348927,1067.5539239235222,492,4.400064945220947,4.400091648101807,2.6702880859375e-05,1067.5539239235222,492,0.157731104021271,-335.0,0.037855464965105
879,2.213390201111866e-09,-0.1577705040012907,4.400162220001221,4.399863243103027,4.400004982465674,0.906450270124211,1066.0051651652902,494,4.399986267089844,4.400091648101807,0.0001053810119628,1066.0051651652902,494,0.1546876194576422,-336.0,0.0371250286698341
880,5.8015565128984925e-09,-0.0324557058290933,4.400165557861328,4.399794578552246,4.399993238545427,-0.4748852376537358,1058.9105105102062,495,4.399989128112793,4.399939060211182,-5.0067901611328125e-05,1058.9105105102062,495,0.1524648473908504,-337.0,0.036591563373804
881,6.162001611920686e-09,-0.5899323865080888,4.400091648101807,4.399713039398193,4.399971913044122,0.1668842565391681,1057.348868869245,497,4.399939060211182,4.400015354156494,7.62939453125e-05,1057.348868869245,497,0.150545888269941,-338.0,0.0361310131847858
882,4.130699523488411e-09,-0.4110080398338925,4.40009069442749,4.399786949157715,4.399969518543006,-0.2651938030650225,1056.32330330275,499,4.399862766265869,4.400015354156494,0.000152587890625,1056.32330330275,499,0.1489628106355667,-339.0,0.035751074552536
883,3.140738113031118e-09,-0.0074003181017507,4.400166034698486,4.399789810180664,4.399968655712633,0.8663101152136794,1045.237267266959,498,4.399965286254883,4.399939060211182,-2.6226043701171875e-05,1045.237267266959,498,0.1475984385857979,-340.0,0.0354236252605915
884,3.3972317363914963e-09,0.2192897493225511,4.400091648101807,4.3998637199401855,4.399980256457128,-0.8062930735084617,1042.2706306297332,499,4.400015354156494,4.400015354156494,0.0,1042.2706306297332,499,0.1464256240675847,-341.0,0.0351421497762203
885,5.880766624098336e-09,-0.0277577067680417,4.400167465209961,4.399713516235352,4.399979529504528,0.6627637168659026,1047.082082081586,501,4.399960994720459,4.400015354156494,5.435943603515625e-05,1047.082082081586,501,0.1427092123776674,-342.0,0.0342502109706401
886,4.552070095721332e-09,0.5237746748736783,4.40016508102417,4.399862766265869,4.399976342620243,-0.2904054700699574,1038.9038238227367,503,4.400084018707275,4.399862766265869,-0.0002212524414062,1038.9038238227367,503,0.1406364298115174,-343.0,0.0337527431547641
887,2.18524297422835e-09,-0.6199313954309993,4.400015354156494,4.399862766265869,4.399961830599035,-0.554277578272667,1040.254504505545,506,4.399962425231934,4.399939060211182,-2.3365020751953125e-05,1040.254504505545,506,0.1504438463598489,-344.0,0.0361065231263637
888,5.960992358355367e-09,-0.1075850408693295,4.400167465209961,4.399786472320557,4.39996792085214,0.081438963420406,1047.508308308199,497,4.399988651275635,4.399939060211182,-4.9591064453125e-05,1047.508308308199,497,0.1517585633943478,-345.0,0.0364220552146434
889,4.785083963218727e-09,0.3053960950083183,4.40016508102417,4.3997883796691895,4.399953620979585,0.3145990763169024,1055.5603403411806,498,4.39990234375,4.399862766265869,-3.9577484130859375e-05,1055.5603403411806,498,0.1511103318383296,-346.0,0.0362664796411991
890,3.854485572284176e-09,0.1303219548276589,4.400166034698486,4.399863243103027,4.399995804788594,-0.2668310754140881,1056.8367567565292,499,4.399885654449463,4.399939060211182,5.340576171875e-05,1056.8367567565292,499,0.1497152882317702,-347.0,0.0359316691756248
891,3.476356159595925e-09,0.2026615598002294,4.400166034698486,4.399829387664795,4.399988531827449,-0.1960900771018856,1052.1010210216043,499,4.399829387664795,4.399939060211182,0.0001096725463867,1052.1010210216043,499,0.1480879882971446,-348.0,0.0355411171913147
892,3.328156808693567e-09,0.1583720777264359,4.400091648101807,4.399862766265869,4.3999749870300295,-0.4697978783096794,1046.8560460470617,500,4.399932384490967,4.399862766265869,-6.961822509765625e-05,1046.8560460470617,500,0.1471337862312793,-349.0,0.035312108695507
893,2.8078955977736103e-09,-0.3701651952194593,4.400091171264648,4.3998637199401855,4.399979643612744,-0.5023740077313259,1051.0669069066644,502,4.39993143081665,4.400015354156494,8.392333984375e-05,1051.0669069066644,502,0.1454902502397696,-350.0,0.0349176600575447
894,3.774615996547959e-09,0.2332704938530148,4.400166988372803,4.399866104125977,4.4000142203647625,-0.089459196893554,1048.8433233238757,503,4.400017261505127,4.399939060211182,-7.82012939453125e-05,1048.8433233238757,503,0.1481215003877878,-351.0,0.035549160093069
895,5.299905361296882e-09,-0.2378527329733283,4.40016508102417,4.399862766265869,4.400004497307266,-0.8618765536954367,1051.67667667754,501,4.399930477142334,4.400015354156494,8.487701416015625e-05,1051.67667667754,501,0.1468104775995016,-352.0,0.0352345146238803
896,2.635543452766451e-09,-0.1740879223254791,4.400163173675537,4.399862766265869,4.400004338554549,0.7567779256481453,1054.6321521513164,503,4.399862766265869,4.399939060211182,7.62939453125e-05,1054.6321521513164,503,0.1457547303289175,-353.0,0.0349811352789402
897,4.4166801537629825e-09,0.2842407939439439,4.40016508102417,4.399862766265869,4.399977126764873,-0.0652541500834091,1052.0554654654115,504,4.399939060211182,4.400015354156494,7.62939453125e-05,1052.0554654654115,504,0.1440942132224639,-354.0,0.0345826111733913
898,6.048272353193456e-09,0.1832672555322862,4.400239944458008,4.399862766265869,4.39999639114531,-0.0777649977118692,1049.5863063074648,505,4.399955749511719,4.400015354156494,5.9604644775390625e-05,1049.5863063074648,505,0.1429047901183366,-355.0,0.0342971496284008
899,3.21284130498371e-09,0.3819115724924328,4.400164604187012,4.399863243103027,4.400003093975806,0.2460510894477212,1047.291141141206,506,4.399939060211182,4.400015354156494,7.62939453125e-05,1047.291141141206,506,0.141113360101978,-356.0,0.0338672064244747
900,3.6711880702226285e-09,-0.202760737309785,4.400091648101807,4.399862766265869,4.399989763267427,-0.7338885432579394,1039.061511510983,506,4.400015354156494,4.400015354156494,0.0,1039.061511510983,506,0.1402343002458413,-357.0,0.0336562320590019
901,3.571934034047944e-09,0.1355742299200361,4.400167942047119,4.399863243103027,4.399986865952259,-0.2898480352379651,1045.0543843843045,508,4.399939060211182,4.400091648101807,0.000152587890625,1045.0543843843045,508,0.1385195646435022,-358.0,0.0332446955144405
902,2.9689904266878838e-09,-0.6326874369834622,4.400091648101807,4.39986515045166,4.400021756864062,-0.0726537227261627,1043.2309109102937,510,4.400047779083252,4.400015354156494,-3.24249267578125e-05,1043.2309109102937,510,0.1365408146133025,-359.0,0.0327697955071926
903,3.773948233474533e-09,-0.4361390075977315,4.400091171264648,4.399786472320557,4.399984746820786,-0.1520104673049327,1035.6494094096124,510,4.3999924659729,4.400015354156494,2.288818359375e-05,1035.6494094096124,510,0.141092591608564,-360.0,0.0338622219860553
904,2.488244164039476e-09,-0.5109027434947591,4.400088787078857,4.399787902832031,4.3999724876223585,0.8991321611063041,1048.2364564556628,508,4.399929523468018,4.400015354156494,8.58306884765625e-05,1048.2364564556628,508,0.1390510393927495,-361.0,0.0333722494542598
905,6.491595461017771e-09,-0.3598837259280169,4.4001641273498535,4.3997883796691895,4.3999876817067465,-0.5864196133579966,1044.9021021015942,510,4.400016784667969,4.399862766265869,-0.0001540184020996,1044.9021021015942,510,0.1391780873139699,-362.0,0.0334027409553527
906,3.149428020135022e-09,0.132004034691385,4.400091648101807,4.399863243103027,4.39997688711506,-0.6832436843924374,1050.8246246241033,511,4.400015354156494,4.400091648101807,7.62939453125e-05,1050.8246246241033,511,0.1371721426645915,-363.0,0.0329213142395019
907,3.583761901860451e-09,-0.2295688456576279,4.40009069442749,4.399862766265869,4.399971232255611,-0.6295882888995044,1041.140240240842,511,4.399953842163086,4.399939060211182,-1.4781951904296877e-05,1041.140240240842,511,0.1357325042287508,-364.0,0.0325758010149002
908,2.772209224144429e-09,0.0957215512419663,4.400091648101807,4.399792194366455,4.399956507060031,0.4090998592592427,1044.0187387373298,513,4.400015354156494,4.400091648101807,7.62939453125e-05,1044.0187387373298,513,0.1352909486740827,-365.0,0.0324698276817798
909,5.299471754215161e-09,-0.1580107193874937,4.400166034698486,4.3997931480407715,4.400001958099722,-0.499839029777029,1038.9909909907728,513,4.400032043457031,4.400015354156494,-1.6689300537109375e-05,1038.9909909907728,513,0.1334334878871838,-366.0,0.0320240370929241
910,1.827812846827736e-09,0.0261522973333667,4.400091648101807,4.399867057800293,4.4000056606322415,-0.1373329760397532,1036.3370270263404,514,4.399867057800293,4.399939060211182,7.200241088867188e-05,1036.3370270263404,514,0.1310267485678196,-367.0,0.0314464196562767
911,3.8896795346626975e-09,0.071026330558923,4.4001641273498535,4.399862766265869,4.399982246317605,-0.3903222853120631,1034.840690691024,516,4.399939060211182,4.400091648101807,0.000152587890625,1034.840690691024,516,0.1296060703073938,-368.0,0.0311054568737745
912,3.985295828640001e-09,0.0491720887666188,4.400166034698486,4.399862766265869,4.399984147097613,-0.2476276327848561,1034.517517518252,518,4.400024890899658,4.400091648101807,6.67572021484375e-05,1034.517517518252,518,0.1283064018934965,-369.0,0.0307935364544391
913,4.100512418514718e-09,0.8208138545997765,4.400240421295166,4.399863243103027,4.399990617652465,1.3051318378922043,1023.3690090086312,517,4.399999141693115,4.400015354156494,1.621246337890625e-05,1023.3690090086312,517,0.1265311148017645,-370.0,0.0303674675524234
914,4.824139324503241e-09,0.4157371537953938,4.400167465209961,4.399864673614502,4.399993886378,-0.7002090558853755,1025.5466666668651,519,4.400070667266846,4.399939060211182,-0.000131607055664,1025.5466666668651,519,0.1246934679026405,-371.0,0.0299264322966337
915,2.0487138328049582e-09,-0.182853430576592,4.400091648101807,4.399863243103027,4.399991966210878,0.0842894687577371,1020.0038438439368,520,4.399980068206787,4.399939060211182,-4.100799560546875e-05,1020.0038438439368,520,0.1238042333473762,-372.0,0.0297130160033702
916,4.06089450139989e-09,0.343314265230161,4.400167942047119,4.399862766265869,4.399994073124628,-0.1664322113007781,1018.6378378383816,521,4.4000043869018555,4.399939060211182,-6.532669067382812e-05,1018.6378378383816,521,0.1298079422364632,-373.0,0.0311539061367511
917,2.783996527510949e-09,0.2767426815436178,4.400091648101807,4.399864196777344,4.399970876409652,-0.2140332035572751,1032.4648648649454,517,4.400087833404541,4.400015354156494,-7.2479248046875e-05,1032.4648648649454,517,0.1285060464094082,-374.0,0.0308414511382579
918,4.042990746431321e-09,-0.1251663951349862,4.400167465209961,4.399864196777344,4.400010294333187,-0.8862846224322167,1027.1189189199358,517,4.399954795837402,4.399939060211182,-1.5735626220703125e-05,1027.1189189199358,517,0.1268936243529121,-375.0,0.0304544698446989
919,5.818784519823764e-09,2.631328801644343e-05,4.400167942047119,4.399790287017822,4.40001504604633,-0.2197679395078293,1030.892972972244,520,4.399956226348877,4.400015354156494,5.91278076171875e-05,1030.892972972244,520,0.1253208766380946,-376.0,0.0300770103931427
