cycle_number,relax_var,relax_ske,relax_max,relax_min,relax_mean,relax_kur,relax_duration_s,relax_points,relax_start_voltage,relax_end_voltage,relax_voltage_delta,window_s,window_points,SOH,RUL,discharge_capacity_in_Ah
9,2.360801818186473e-09,0.9571447872842888,3.6000795,3.5999184,3.5999748000000005,0.1490582413880465,35.00560000000405,12,3.6000795,3.600008,-7.150000000022416e-05,35.00560000000405,12,0.9739063636363636,470.0,1.071297
10,6.234412727275282e-09,0.5887154501612247,3.6001482,3.5999212,3.600019454545454,-1.144085842688682,30.009500000000116,11,3.5999641,3.6001358,0.0001717000000001,30.009500000000116,11,0.9741193636363636,469.0,1.0715313
12,6.5734367272651044e-09,0.547534139540758,3.6000881,3.5998774,3.5999660545454546,-1.3034342447056688,40.00329999999667,11,3.6000881,3.600071,-1.709999999999212e-05,40.00329999999667,11,0.9742309090909091,467.0,1.071654
13,2.0634813611139713e-08,0.3204572199013892,3.6001606,3.5997353,3.5999524888888885,-0.6612505137987217,30.011100000003353,9,3.5998573,3.5999041,4.679999999979145e-05,30.011100000003353,9,0.9745423636363636,466.0,1.0719966
14,8.862122252751767e-09,0.1505542638079581,3.6001377,3.5998755,3.599987592857143,-1.7875604583119138,45.007400000002235,14,3.6000519,3.5998755,-0.0001763999999999,45.007400000002235,14,0.9745494545454544,465.0,1.0720044
17,1.723893560606187e-09,-0.0363011348666175,3.6000919,3.5999489,3.6000290583333325,-0.0397671726184034,30.00940000000992,12,3.6000919,3.6000538,-3.8099999999818834e-05,30.00940000000992,12,0.9747482727272726,462.0,1.0722231
19,6.823964743589816e-09,-0.7566814480832517,3.6000948,3.5997725,3.599964815384615,1.3190641871465378,40.00340000001597,13,3.599906,3.599988,8.200000000035956e-05,40.00340000001597,13,0.9748978181818182,460.0,1.0723876
20,2.107036000000348e-08,0.0934378440322559,3.6002922,3.5998268,3.6000780999999997,-0.1994155171007356,30.002899999992223,10,3.6002922,3.5999985,-0.0002937000000002,30.002899999992223,10,0.9748825454545454,459.0,1.0723708
21,3.6162549999984475e-09,0.5363735881629721,3.6001921,3.6000233,3.600086866666667,-0.9526248715895932,30.004799999995157,9,3.6001921,3.600132,-6.0100000000229414e-05,30.004799999995157,9,0.9750666363636362,458.0,1.0725733
25,1.629900952380993e-08,-0.2662250055706709,3.6002598,3.5998449,3.6000687333333334,-0.3403302382881694,45.00809999997728,15,3.6000538,3.6001482,9.440000000005e-05,45.00809999997728,15,0.9749594545454544,454.0,1.0724554
28,1.2774664926470532e-08,-1.0278061973456862,3.600194,3.5998144,3.600049635294117,0.3507387097304062,50.00749999997788,17,3.6000977,3.600153,5.530000000009139e-05,50.00749999997788,17,0.9752002727272728,451.0,1.0727203
30,2.1873198958335165e-08,0.0076624515164235,3.6001883,3.5997581,3.59998018125,-1.2789312674735085,40.00580000001355,16,3.6001883,3.5997581,-0.0004302000000002,40.00580000001355,16,0.975118909090909,449.0,1.0726308
32,1.5500746181803293e-08,-0.0649196597489299,3.6001673,3.5997257,3.599953727272728,0.0096082210171815,45.01379999998608,11,3.5999384,3.5998869,-5.150000000009314e-05,45.01379999998608,11,0.9749396363636365,447.0,1.0724336
33,1.5240574853807762e-08,0.5989390967155845,3.6001587,3.5997639,3.5999402473684214,-0.7448996367969731,75.00109999999404,19,3.5998363,3.599946,0.0001096999999998,75.00109999999404,19,0.975043818181818,446.0,1.0725482
34,1.1176294625011374e-08,-0.3503592705474739,3.6001177,3.599824,3.59997595625,-1.5206226193917112,45.00580000001355,16,3.6000271,3.5998373,-0.0001898000000002,45.00580000001355,16,0.9749005454545454,445.0,1.0723906
35,1.5034909705878575e-08,-0.3897998468307144,3.6001854,3.5997696,3.600018670588235,-0.800930045295337,60.00200000000768,17,3.6000748,3.6001616,8.68000000000535e-05,60.00200000000768,17,0.9750141818181818,444.0,1.0725156
38,1.590323250000391e-08,-0.2319235463487404,3.6002531,3.5997849,3.6000131249999994,-0.4484474964370268,80.00750000000698,20,3.6000538,3.6000443,-9.499999999995625e-06,80.00750000000698,20,0.9754732727272728,441.0,1.0730206
39,1.2015658727279312e-08,0.2346571708080745,3.6001644,3.5998344,3.5999991545454546,-0.9509645824689984,30.001599999988684,11,3.599906,3.6000605,0.0001545000000002,30.001599999988684,11,0.975376909090909,440.0,1.0729146
40,1.0128484571436921e-08,0.2588595221347189,3.600152,3.5998373,3.59995678,-1.0046616315767931,35.01019999998971,15,3.5999613,3.5999794,1.81000000001319e-05,35.01019999998971,15,0.9753737272727272,439.0,1.0729111
42,9.60581672727464e-09,0.1053324515286816,3.60007,3.5998001,3.599919654545455,-1.7007991467780903,34.997400000022026,11,3.599925,3.60007,0.0001450000000002,34.997400000022026,11,0.9752350909090908,437.0,1.0727586
43,1.161554095238802e-08,-0.0440133770608199,3.6001387,3.5998058,3.599977233333333,-0.9719854179210988,49.99849999998696,15,3.6000328,3.5999079,-0.0001249000000003,49.99849999998696,15,0.9751896363636362,436.0,1.0727086
44,1.9684229264059593e-08,0.8248794544011123,3.600297,3.5997562,3.599995354545454,0.4317736641609642,89.99629999999888,22,3.6000595,3.6000433,-1.6200000000132775e-05,89.99629999999888,22,0.9753379999999998,435.0,1.0728718
45,3.490663863639052e-09,0.4285576990513549,3.6001282,3.5999355,3.600016025,-0.4672800609630303,40.008199999982025,12,3.5999584,3.5999355,-2.2899999999825837e-05,40.008199999982025,12,0.9751713636363636,434.0,1.0726885
46,1.6933126839832298e-08,0.3030022372537567,3.6002512,3.599741,3.599975927272727,-0.456345876593482,70.00820000001113,22,3.5999126,3.600152,0.0002393999999998,70.00820000001113,22,0.9752027272727272,433.0,1.072723
47,1.4143117597399317e-08,-0.3302364184905467,3.6001692,3.5997276,3.5999636954545453,-0.0498796532787331,80.0010000000184,22,3.5997276,3.5999212,0.0001935999999997,80.0010000000184,22,0.9752531818181818,432.0,1.0727785
48,1.2277797878781854e-08,-1.284164520570147,3.6002121,3.5997982,3.6000714166666667,2.713327489222144,40.01050000000396,12,3.6001215,3.6002083,8.679999999960941e-05,40.01050000000396,12,0.9750624545454544,431.0,1.0725687
49,1.4619951684199169e-08,-0.6629702169248516,3.6002769,3.5998573,3.6000733699999996,-0.4387389252158979,60.007600000011735,20,3.6001711,3.5998907,-0.0002803999999998,60.007600000011735,20,0.9750892727272727,430.0,1.0725982
50,2.0881370588243725e-08,-0.3001657856558529,3.6001492,3.5997477,3.5999899,-1.383435137431567,55.0118000000075,18,3.6001339,3.5999832,-0.0001506999999998,55.0118000000075,18,0.9752804545454544,429.0,1.0728085
53,2.3410586025656632e-08,-0.1756641146691494,3.6002283,3.5997877,3.6000128538461533,-1.306391687692198,40.007600000011735,13,3.6001101,3.6000624,-4.770000000009489e-05,40.007600000011735,13,0.9751044545454544,426.0,1.0726149
54,1.1983193636368716e-08,1.5956344675468932,3.6002531,3.5998697,3.599977481818182,3.728181465283307,30.005600000033155,11,3.5999794,3.6000051,2.57000000001284e-05,30.005600000033155,11,0.9750013636363636,425.0,1.0725015
55,1.5454320769228058e-08,0.2111813308266439,3.6002483,3.5997992,3.600034792307692,0.4605107055932644,39.99540000001434,13,3.599988,3.599905,-8.300000000005525e-05,39.99540000001434,13,0.9749874545454544,424.0,1.0724862
57,1.0990925233343736e-08,0.4432134483159229,3.6001587,3.5997887,3.599976276,-0.5239645460550757,75.01000000000931,25,3.5999193,3.5998573,-6.199999999978445e-05,75.01000000000931,25,0.9747096363636364,422.0,1.0721806
60,1.0759574291662486e-08,0.7137113651714665,3.6001558,3.5998716,3.59998333125,-0.8802344047718744,55.004600000043865,16,3.5999498,3.5998716,-7.819999999991722e-05,55.004600000043865,16,0.9748463636363636,419.0,1.072331
61,1.0801486198841972e-08,0.8482971449627368,3.6002083,3.5998592,3.6000152789473683,-0.2334473535505408,59.995799999975134,19,3.6001587,3.599925,-0.0002337000000003,59.995799999975134,19,0.9750280909090908,418.0,1.0725309
62,2.4098417809532293e-08,0.5068922374342573,3.6002016,3.5997896,3.5999781266666657,-1.3034766416790569,45.005400000023656,15,3.5998688,3.6002016,0.0003328000000002,45.005400000023656,15,0.974885909090909,417.0,1.0723745
63,2.5343013636375213e-08,0.5880045957781712,3.6002512,3.5997934,3.5999931818181823,-1.061064054533706,44.99609999998938,11,3.5997934,3.5999289,0.0001355000000002,44.99609999998938,11,0.9747564545454545,416.0,1.0722321
64,1.476927346014219e-08,-0.857707092399214,3.6001997,3.5997686,3.6000381708333333,0.1721527549230388,70.00310000003083,24,3.6000299,3.6000919,6.199999999978445e-05,70.00310000003083,24,0.9749604545454544,415.0,1.0724565
65,1.3816497066659904e-08,0.1914833290097839,3.6002302,3.5998192,3.6000189960000006,-0.9363856246926714,75.01549999997951,25,3.6000929,3.6000776,-1.529999999982934e-05,75.01549999997951,25,0.9748427272727272,414.0,1.072327
66,1.0314381428571437e-08,1.4922764799410069,3.600318,3.5999956,3.600097400000001,1.3833523438800848,35.007700000016484,15,3.6000404,3.6001596,0.0001191999999998,35.007700000016484,15,0.9748407272727272,413.0,1.0723248
67,1.7872232571429857e-08,0.4020907338413719,3.600173,3.5997887,3.599948140000001,-1.5588219341121134,55.00920000000042,15,3.5999165,3.5998135,-0.0001029999999997,55.00920000000042,15,0.9749451818181818,412.0,1.0724397
68,2.1722869112308916e-08,-0.2979242538459375,3.6002388,3.599721,3.5999998041666665,-0.7505515801862583,75.011599999998,24,3.6001883,3.6000834,-0.0001049000000001,75.011599999998,24,0.9747156363636362,411.0,1.0721872
69,2.5843518300670787e-08,-0.3413219133311873,3.6001701,3.5997581,3.5999943777777776,-1.6023122166157822,45.006099999998696,18,3.6001463,3.5997715,-0.0003747999999998,45.006099999998696,18,0.9746597272727272,410.0,1.0721257
70,1.8551152320281905e-08,-0.2742046774730122,3.6002369,3.5997581,3.600038405555555,-0.4495230468181721,50.00470000001951,18,3.6000519,3.599966,-8.589999999975007e-05,50.00470000001951,18,0.9747211818181816,409.0,1.0721933
71,1.3997782435883236e-08,1.044615433133662,3.6001863,3.5997992,3.5999218076923074,0.4303273078816771,44.99510000000009,13,3.5999355,3.600029,9.350000000019064e-05,44.99510000000009,13,0.9745575454545454,408.0,1.0720133
72,2.1978005897448476e-08,0.4102611833075913,3.6002083,3.5997887,3.5999677384615385,-1.3947969881886704,50.00520000001416,13,3.5997887,3.6001406,0.0003519,50.00520000001416,13,0.9744947272727272,407.0,1.0719442
73,7.466737288366322e-09,0.6354111001388668,3.6002064,3.599884,3.6000272607142856,-0.5394842505642177,89.99669999998878,28,3.6001177,3.5999956,-0.0001221,89.99669999998878,28,0.974551909090909,406.0,1.0720071
74,2.1301954999988237e-08,-0.8894232668889532,3.6001949,3.59974,3.6000309999999995,-0.0635863462507937,50.00229999999283,17,3.6000452,3.59974,-0.0003051999999996,50.00229999999283,17,0.974493909090909,405.0,1.0719433
75,1.7357776324097692e-08,0.2581635110006161,3.6002035,3.5997496,3.59996927826087,-0.4266912606960344,75.00339999998687,23,3.6000471,3.6002035,0.0001564000000002,75.00339999998687,23,0.9744729999999998,404.0,1.0719203
76,1.5508527111120014e-08,-0.7588488402153021,3.6001883,3.5998602,3.6000774400000006,-1.0639044848314407,30.008800000010524,10,3.6001587,3.6001701,1.1399999999994748e-05,30.008800000010524,10,0.9744955454545452,403.0,1.0719451
78,8.013116958328738e-09,0.7520648680025335,3.6001606,3.5998192,3.5999364312499997,1.2707147638198748,50.00190000003204,16,3.5999718,3.5998192,-0.0001525999999998,50.00190000003204,16,0.9743974545454543,401.0,1.0718372
79,2.2148336945801236e-08,-0.2725409746923812,3.6002178,3.5996742,3.599973186206896,-0.6130161488577399,85.00520000001416,29,3.600069,3.5998669,-0.0002021,85.00520000001416,29,0.9742187272727272,400.0,1.0716406
82,1.35435249999931e-08,0.3702553253872854,3.6002331,3.5997972,3.59999016,-0.1884224445547011,80.0002000000095,25,3.5999451,3.6000862,0.0001411,80.0002000000095,25,0.9741093636363636,397.0,1.0715203
83,1.6105464233347826e-08,-0.1037429017219658,3.6002789,3.5998478,3.600072056,-0.943022579141208,80.00409999996191,25,3.5998478,3.6002789,0.0004311000000001,80.00409999996191,25,0.9741023636363636,396.0,1.0715126
84,5.973554584616718e-09,0.2394830868924728,3.6001968,3.5999241,3.600049746153846,-0.6760875395607662,80.00260000000708,26,3.6000519,3.6001024,5.049999999995336e-05,80.00260000000708,26,0.9743694545454544,395.0,1.0718064
85,2.0765563157890153e-08,0.3481453152238729,3.6002588,3.5997591,3.5999738263157894,0.0355309738843652,65.0067000000272,19,3.6000195,3.6002588,0.0002393,65.0067000000272,19,0.9742616363636364,394.0,1.0716878
86,2.6457847426452173e-08,-0.610627333543525,3.6001654,3.5996428,3.5999391352941177,-0.7247382050431477,50.00030000001425,17,3.5996428,3.5999184,0.0002756000000001,50.00030000001425,17,0.9740888181818184,393.0,1.0714977
87,1.676914153847211e-08,-0.8038568796212086,3.6002054,3.5997629,3.6000216923076924,-0.5061215670403971,80.00150000007125,26,3.600112,3.6000748,-3.720000000040358e-05,80.00150000007125,26,0.974212,392.0,1.0716332
88,1.935165249010376e-08,-0.8655122404175398,3.6002083,3.5997305,3.6000453608695664,-0.0831964949935049,84.99709999997867,23,3.60005,3.5997305,-0.0003194999999998,84.99709999997867,23,0.974001,391.0,1.0714011
89,2.090367747369264e-08,-0.1771190354654261,3.6002436,3.5997972,3.60004148,-1.055146995154086,75.00179999996908,20,3.6001787,3.5998726,-0.0003060999999999,75.00179999996908,20,0.9740063636363636,390.0,1.071407
90,1.3967201066661954e-08,0.426440752506205,3.6002226,3.5997992,3.5999909760000004,-0.5044466422122795,80.01020000001881,25,3.600132,3.6000175,-0.0001145,80.01020000001881,25,0.9740261818181818,389.0,1.0714288
91,1.5194378451594522e-08,-0.9389959979772708,3.6001759,3.5996914,3.6000082612903226,0.529704387036988,115.0010000000475,31,3.6001072,3.6000919,-1.5300000000273428e-05,115.0010000000475,31,0.9739163636363636,388.0,1.071308
92,1.89388639047571e-08,0.4501459049173726,3.6002388,3.5997601,3.5999808095238097,-0.8995171672435496,65.00719999999274,21,3.5997601,3.6001854,0.0004252999999998,65.00719999999274,21,0.9738266363636364,387.0,1.0712093
93,1.9220656231892865e-08,0.0027497822800999,3.6001883,3.5997353,3.5999622833333333,-1.0853182888944746,90.00929999997607,24,3.6000719,3.5998507,-0.0002211999999999,90.00929999997607,24,0.9737887272727273,386.0,1.0711676
94,2.686649636363864e-08,0.0546736685181905,3.6002426,3.5997066,3.5999573,-0.8276811906639607,70.00309999997262,23,3.6000967,3.5997066,-0.0003900999999997,70.00309999997262,23,0.9736597272727272,385.0,1.0710257
95,1.6176749714298672e-08,-1.4888442463656972,3.6001253,3.5997,3.59998016,1.7457236414197892,50.008299999986775,15,3.60007,3.6000433,-2.6700000000268176e-05,50.008299999986775,15,0.9735886363636362,384.0,1.0709475
96,1.038700676666981e-08,0.105974872099102,3.6001883,3.5997305,3.599966852,0.3304467127962831,85.00349999999162,25,3.6000528,3.6000128,-3.999999999981796e-05,85.00349999999162,25,0.97344,383.0,1.070784
97,1.4907590256404872e-08,-0.2549926511187292,3.6001024,3.5997553,3.599947276923076,-1.0543734737244468,45.009199999971315,13,3.5997553,3.6001024,0.0003470999999999,45.009199999971315,13,0.9733694545454544,382.0,1.0707064
98,4.992658904762403e-09,0.2465802333961161,3.6001425,3.5998888,3.600002976190476,-0.6633207109798458,65.0002000000095,21,3.6000738,3.6001053,3.1499999999962114e-05,65.0002000000095,21,0.973602818181818,381.0,1.0709631
99,1.733323264820722e-08,-0.0958516625192011,3.6001949,3.5997515,3.5999699086956527,-0.7245402631603874,70.00890000001527,23,3.5998163,3.5999718,0.0001554999999999,70.00890000001527,23,0.9734045454545456,380.0,1.070745
100,1.9304936524225603e-08,-0.4964089959856596,3.6002531,3.5996847,3.5999869962962956,0.2413577444734307,95.00379999994766,27,3.5999575,3.5996866,-0.0002708999999998,95.00379999994766,27,0.973458818181818,379.0,1.0708047
101,1.490587361110575e-08,0.690282581726578,3.6002188,3.5997515,3.5999472694444443,-0.1114534011340238,120.00680000003194,36,3.6000404,3.5999346,-0.0001058,120.00680000003194,36,0.973396818181818,378.0,1.0707365
102,8.474043974367654e-09,-0.5223298383346104,3.6001711,3.5998802,3.600072430769231,-0.444312485341344,39.99929999996675,13,3.6000128,3.6000328,2.0000000000131024e-05,39.99929999996675,13,0.9731450909090908,377.0,1.0704596
103,7.175998315785708e-09,-0.0295101250015256,3.6001816,3.5998659,3.60003366,-0.4020071976485573,65.00709999998799,20,3.6000576,3.600069,1.1399999999994748e-05,65.00709999998799,20,0.9730394545454544,376.0,1.0703434
104,1.6893123815372785e-08,-0.5092788537808677,3.6002007,3.5997715,3.59999226923077,-0.7709235580423468,85.0053000000189,26,3.6000004,3.6000853,8.490000000005438e-05,85.0053000000189,26,0.9731159090909092,375.0,1.0704275
105,1.3868924705892948e-08,0.4690200808737357,3.6002684,3.5998468,3.600014566666667,-0.5813566013750018,65.00949999998556,18,3.6000614,3.6001511,8.97000000001924e-05,65.00949999998556,18,0.972926909090909,374.0,1.0702196
106,1.054749954709002e-08,0.0208817870370741,3.6002007,3.599864,3.600028395833333,-0.926422377061772,95.00210000004154,24,3.6001301,3.6000309,-9.919999999974394e-05,95.00210000004154,24,0.9729559090909088,373.0,1.0702515
107,1.9879390227265922e-08,-0.5929823402311546,3.6001825,3.5997047,3.599982809090909,-0.4917592297682338,90.00339999998687,33,3.5997295,3.600009,0.0002794999999999,90.00339999998687,33,0.9729374545454544,372.0,1.0702312
108,2.5683960000010122e-08,-0.1981015700983301,3.6003027,3.599762,3.6000231000000005,-1.0202492285885776,90.00300000002608,26,3.599762,3.6000853,0.0003232999999998,90.00300000002608,26,0.972869818181818,371.0,1.0701568
109,2.1942979920957572e-08,0.1611172703503995,3.6002893,3.5997314,3.599988108695652,-0.3637367542770078,84.99950000003446,23,3.5999727,3.5997314,-0.0002412999999998,84.99950000003446,23,0.9729478181818182,370.0,1.0702426
110,2.153583300865505e-08,-0.3318801506346852,3.600276,3.5997696,3.6000658409090907,-0.70093685416373,70.0050999999512,22,3.6001501,3.6000338,-0.0001163000000001,70.0050999999512,22,0.9730023636363636,369.0,1.0703026
111,1.290152479839596e-08,0.6884772327762874,3.6002684,3.5998001,3.60002621875,0.2112863974873673,105.00189999997384,32,3.6000538,3.6000032,-5.05999999997897e-05,105.00189999997384,32,0.9728635454545456,368.0,1.0701499
112,6.700931666675161e-09,-0.6059009942724207,3.6001644,3.5998774,3.6000433,-0.0547438783256302,44.99869999999646,13,3.6000271,3.600111,8.38999999999146e-05,44.99869999999646,13,0.9726013636363636,367.0,1.0698615
113,1.3075839981887244e-08,-0.0937452812413848,3.6002274,3.599782,3.6000386541666667,-0.4201807057472231,90.00300000002608,24,3.600049,3.5999079,-0.0001411,90.00300000002608,24,0.9726540909090908,366.0,1.0699195
114,7.004516289474081e-09,0.0512935664968881,3.6001606,3.5998774,3.6000115449999996,-0.3681735647990054,59.99790000001667,20,3.600049,3.6000395,-9.499999999995625e-06,59.99790000001667,20,0.972551909090909,365.0,1.0698071
115,1.2619527807981381e-08,-0.6607266569347288,3.6001625,3.5997982,3.600013220833333,-0.4918085258397648,80.00280000001658,24,3.5997992,3.6000786,0.0002793999999997,80.00280000001658,24,0.9726492727272724,364.0,1.0699142
116,2.0181292753620557e-08,0.3854350991712343,3.6002541,3.5997572,3.599981983333333,-0.2709170538617305,75.00429999997141,24,3.6001272,3.6002541,0.0001268999999997,75.00429999997141,24,0.972501818181818,363.0,1.069752
117,1.8366325627705513e-08,0.1520004428562539,3.600316,3.5997944,3.600011009090908,-0.3872411002067211,65.00789999996778,22,3.5998449,3.5999451,0.0001001999999998,65.00789999996778,22,0.972326909090909,362.0,1.0695596
118,2.925007845587877e-08,-0.0317722066429812,3.6003008,3.5997858,3.6000490705882355,-1.416336699486374,49.999599999981,17,3.6002121,3.5998936,-0.0003184999999996,49.999599999981,17,0.9722705454545454,361.0,1.0694976
119,2.256400924608354e-08,0.4950395130562038,3.6003342,3.5997763,3.6000180315789483,-0.2610896602198482,130.0109999999986,38,3.6000328,3.6002817,0.0002488999999998,130.0109999999986,38,0.9721193636363636,360.0,1.0693313
120,2.3241305738456817e-08,-0.648004198326445,3.600234,3.5996628,3.600006542307692,0.1002003469764556,70.00580000004265,26,3.6001835,3.5998793,-0.0003041999999999,70.00580000004265,26,0.9720089090909092,359.0,1.0692098
121,1.516054579709462e-08,-0.68250769981588,3.6002169,3.5997381,3.6000233833333333,0.2704058005038763,79.99849999998696,24,3.6001129,3.5999908,-0.0001221,79.99849999998696,24,0.9720971818181816,358.0,1.0693069
122,1.7004645416664773e-08,-0.6822731096497167,3.6002569,3.5997114,3.600010166666667,0.2028119554205476,100.0016000000178,33,3.5997114,3.6001511,0.0004397000000002,100.0016000000178,33,0.9719640909090907,357.0,1.0691605
123,1.2759508021379509e-08,-0.0717537409265383,3.6001673,3.5997086,3.5999603470588233,-0.7382886554123349,109.99869999999646,34,3.5998135,3.5998306,1.709999999999212e-05,109.99869999999646,34,0.971941818181818,356.0,1.069136
124,1.7328869962129886e-08,0.497784960174065,3.6002483,3.5997581,3.5999631606060603,0.0774841578773108,105.00719999999274,33,3.5999126,3.5997877,-0.0001249000000003,105.00719999999274,33,0.9719770909090908,355.0,1.0691748
125,1.3500405056817321e-08,-0.4839526031483402,3.6001921,3.5997219,3.599983954545455,0.1814466811936386,99.99559999996563,33,3.5997715,3.5998735,0.000102,99.99559999996563,33,0.971761818181818,354.0,1.068938
126,1.0846890151519837e-08,0.2209651415429695,3.6001625,3.5998144,3.5999891590909097,-0.7078304014694399,75.00930000003427,22,3.6000299,3.5999775,-5.239999999995249e-05,75.00930000003427,22,0.9715855454545452,353.0,1.0687441
127,2.797369809526947e-09,0.3377487309307974,3.6000137,3.5998535,3.5999287133333335,-1.0114351725274684,50.0058999999892,15,3.5999861,3.5999098,-7.630000000036219e-05,50.0058999999892,15,0.971532909090909,352.0,1.0686862
128,1.7805526753981602e-08,-0.3133201224702074,3.6002445,3.5996876,3.600029230555556,-0.1766439959427268,115.0020000000368,36,3.5999737,3.6001482,0.0001744999999999,115.0020000000368,36,0.9713782727272728,351.0,1.0685161
129,1.1857309926114353e-08,0.316452149886181,3.6002293,3.5997934,3.5999626275862067,-0.2428219004823426,104.9992000000202,29,3.6000042,3.5999384,-6.57999999997827e-05,104.9992000000202,29,0.971246818181818,350.0,1.0683715
130,1.3375824014786365e-08,-0.3069385311079471,3.600172,3.5997219,3.599950751724138,0.1236332620927673,114.99299999995856,29,3.6000385,3.6000366,-1.8999999999991248e-06,114.99299999995856,29,0.9712851818181818,349.0,1.0684137
131,1.1329376410254208e-08,-0.1087228216315294,3.6001806,3.5998087,3.6000211444444443,-0.924243208631668,90.00099999998929,27,3.6000967,3.5999155,-0.0001812000000001,90.00099999998929,27,0.9713098181818182,348.0,1.0684408
132,1.4368880151505072e-08,-0.435772191843991,3.6002016,3.59974,3.6000079500000006,-0.3548269823472778,119.99810000002616,34,3.6000051,3.6000032,-1.8999999999991248e-06,119.99810000002616,34,0.9712944545454544,347.0,1.0684239
133,1.6617315869564404e-08,-0.4932902218417132,3.6002512,3.5998144,3.600057375,-0.9422844121456292,100.0093999999808,24,3.5998821,3.6000977,0.0002156000000002,100.0093999999808,24,0.9712087272727272,346.0,1.0683296
134,1.8244629288545853e-08,-0.4437900922443749,3.6001701,3.5997467,3.599987273913044,-0.8843290335374197,84.9989999999525,23,3.600152,3.5997686,-0.0003834,84.9989999999525,23,0.9711797272727272,345.0,1.0682977
135,2.3053081059104312e-08,0.374599509455522,3.6001921,3.5997324,3.599947203448276,-1.5464041024148374,80.01530000002822,29,3.5999651,3.5998087,-0.0001563999999998,80.01530000002822,29,0.9710907272727272,344.0,1.0681998
136,2.2172091005307873e-08,0.3444046167528096,3.6003447,3.5997763,3.600054028571428,-0.2600927280361511,79.9997999999905,28,3.6002569,3.5999794,-0.0002775000000001,79.9997999999905,28,0.9710733636363637,343.0,1.0681807
137,7.028354102576579e-09,0.2270457261594034,3.6001215,3.5998373,3.5999702076923077,-0.8023795542790721,40.007299999997485,13,3.5999212,3.5999956,7.440000000036306e-05,40.007299999997485,13,0.9708818181818182,342.0,1.06797
138,1.8604672216744705e-08,0.054283708082933,3.6002359,3.5997782,3.5999866310344824,-1.1516592976150817,105.00189999997384,29,3.6000385,3.6001148,7.62999999999181e-05,105.00189999997384,29,0.9708099090909093,341.0,1.0678909
139,1.8414183276358757e-08,0.5587610175555817,3.6003036,3.5997906,3.599990140740741,-0.5304016455196829,100.00660000002244,27,3.6001577,3.5999193,-0.0002384000000001,100.00660000002244,27,0.9707459090909092,340.0,1.0678205
140,2.138879628880144e-08,0.027865501177995,3.6002855,3.5996876,3.599959394871794,-0.4225268382050298,125.00949999998556,39,3.5999727,3.5996876,-0.0002850999999997,125.00949999998556,39,0.9706271818181818,339.0,1.0676899
141,1.6552273057474043e-08,0.1751333052500434,3.6002312,3.5997763,3.5999841933333334,-0.5502225417930879,105.00169999996432,30,3.6000175,3.5998306,-0.0001868999999996,105.00169999996432,30,0.9707135454545454,338.0,1.0677849
142,1.3754196798431876e-08,0.4097079618878476,3.6002436,3.5997801,3.599957604347827,0.2788629600861321,70.0,23,3.5999556,3.6000137,5.809999999994986e-05,70.0,23,0.970512909090909,337.0,1.0675642
143,2.242195435895847e-08,0.4846736831889442,3.6002197,3.5997715,3.599983153846154,-1.0490276614284566,45.009699999995064,13,3.6000433,3.5998631,-0.0001801999999999,45.009699999995064,13,0.9703669090909092,336.0,1.0674036
144,2.7379073225796792e-08,0.060192345740934,3.6002874,3.5997429,3.6000062548387093,-1.1409139318126242,115.00829999998678,31,3.6001463,3.600069,-7.730000000005788e-05,115.00829999998678,31,0.9703992727272726,335.0,1.0674392
145,1.2965939685896156e-08,-0.220942805525837,3.6001997,3.5998087,3.6000198325,-1.056536383413416,115.00420000002488,40,3.600153,3.6001148,-3.8200000000099266e-05,115.00420000002488,40,0.9701877272727272,334.0,1.0672065
146,2.8310642421644775e-08,-0.3029668599759939,3.6002464,3.5996933,3.5999949370370365,-1.087088272901013,90.00540000002366,27,3.6001196,3.600049,-7.060000000036482e-05,90.00540000002366,27,0.970068818181818,333.0,1.0670757
147,1.4589983066679405e-08,0.6120470957246903,3.6002588,3.5998745,3.6000176159999997,-0.9451491938035744,80.0113999999594,25,3.6001501,3.5999136,-0.0002365000000001,80.0113999999594,25,0.9700942727272728,332.0,1.0671037
148,2.2706415238101628e-08,0.2275917715928908,3.6001949,3.5997086,3.5999686666666664,-0.6997868388976136,49.99890000000596,15,3.6001949,3.5998707,-0.0003242000000001,49.99890000000596,15,0.9699158181818182,331.0,1.0669074
149,2.2548401481476893e-08,-0.4426856285273929,3.6002417,3.59974,3.600022207407408,-0.8860448020085605,84.99469999992289,27,3.6000719,3.5998344,-0.0002374999999998,84.99469999992289,27,0.9696676363636364,330.0,1.0666344
150,1.9461733314373992e-08,0.3757267506380425,3.6002865,3.5997887,3.6000213421052627,-0.7418210236439053,119.99719999998342,38,3.6000624,3.5999985,-6.390000000022766e-05,119.99719999998342,38,0.9696692727272728,329.0,1.0666362
151,2.1852417056458826e-08,0.2345939789748793,3.6002569,3.5997372,3.59995996875,-0.670805171361454,100.00950000004376,32,3.600069,3.599762,-0.0003069999999998,100.00950000004376,32,0.969527818181818,328.0,1.0664806
152,1.9659838421060872e-08,-0.3686031212290962,3.6002245,3.5998001,3.60004315,-1.1734166015871068,59.99620000005234,20,3.5999222,3.6001959,0.0002737000000001,59.99620000005234,20,0.969317818181818,327.0,1.0662496
153,1.8819537807816477e-08,-0.1647287248850862,3.6001997,3.5997458,3.5999727324324327,-1.0576832460420191,115.00859999994282,37,3.6000757,3.6001272,5.150000000009314e-05,115.00859999994282,37,0.9693229999999998,326.0,1.0662553
154,1.7539409609185302e-08,0.5263934516354242,3.6002522,3.5997667,3.5999808733333336,-0.5164936457099434,80.0048999999417,30,3.6000242,3.5999899,-3.4299999999820585e-05,80.0048999999417,30,0.9691464545454544,325.0,1.0660611
155,1.16229017384563e-08,0.312486721932399,3.6002016,3.5997677,3.5999525576923075,-0.1108816584577017,94.99749999993946,26,3.6001444,3.6000462,-9.820000000004824e-05,94.99749999993946,26,0.9690405454545452,324.0,1.0659446
156,1.2023728559144405e-08,0.132036636791299,3.6002302,3.599781,3.600010654838709,-0.2780351055861731,105.00650000013412,31,3.5999718,3.5999737,1.8999999999991248e-06,105.00650000013412,31,0.9690984545454544,323.0,1.0660083
157,1.8478074817820193e-08,0.0895746397554422,3.6002731,3.599843,3.600036769230769,-1.3575464016137797,129.99849999998696,39,3.6000681,3.6001463,7.819999999991722e-05,129.99849999998696,39,0.9690065454545456,322.0,1.0659072
158,2.2050456352933607e-08,-0.2735923196577291,3.6002522,3.5997791,3.60001512,-0.9848900950334052,125.00250000006054,35,3.6001434,3.5997829,-0.0003604999999997,125.00250000006054,35,0.9690430909090908,321.0,1.0659474
160,2.1731086923071736e-08,0.3799061775399515,3.6001949,3.5997581,3.5999596666666664,-1.5104301440061323,105.0073000000557,27,3.5998974,3.5998554,-4.2000000000097515e-05,105.0073000000557,27,0.9687151818181818,319.0,1.0655867
161,1.7038435368422946e-08,-0.5746759908500927,3.6002169,3.5998354,3.60006032,-1.3871256436536608,80.00360000005458,20,3.6001263,3.6001892,6.290000000008789e-05,80.00360000005458,20,0.9688120909090908,318.0,1.0656933
162,1.9988827462128423e-08,-0.033597254982075,3.6001968,3.5996656,3.59995596060606,-0.4906972347405993,120.00250000006054,33,3.5997791,3.6001539,0.0003747999999998,120.00250000006054,33,0.9685944545454546,317.0,1.0654539
163,9.257778806818876e-09,-0.4840312815449231,3.6001682,3.5998106,3.6000163545454544,-0.2454838139574655,110.01299999991896,33,3.6000395,3.6000767,3.719999999995949e-05,110.01299999991896,33,0.9683809090909088,316.0,1.065219
164,1.1337611642863976e-08,-0.0326464115602914,3.6002693,3.5997601,3.600005341666667,0.1615804175730901,124.999599999981,36,3.6000605,3.6001053,4.4799999999955986e-05,124.999599999981,36,0.9685115454545454,315.0,1.0653627
165,1.787254378160752e-08,0.034949629248639,3.6001959,3.5998039,3.5999793633333335,-1.4963380684079362,95.00849999999627,30,3.5998087,3.5998344,2.57000000001284e-05,95.00849999999627,30,0.9682527272727272,314.0,1.065078
166,1.9338478380943272e-08,-0.0593370900793509,3.6002483,3.599721,3.600000813333333,0.0550017572340761,60.00439999997616,15,3.5999441,3.6001501,0.0002059999999999,60.00439999997616,15,0.9679729090909092,313.0,1.0647702
167,1.83143622500044e-08,-0.0276371523843411,3.6002388,3.5997868,3.6000148325000003,-1.1424872109904656,125.00780000002123,40,3.599966,3.5999298,-3.62000000002638e-05,125.00780000002123,40,0.9681014545454544,312.0,1.0649116
168,1.900298783624801e-08,0.1498910589381865,3.6001377,3.5997458,3.5999148684210525,-1.4352839290240866,65.00219999998808,19,3.5998154,3.6000462,0.0002307999999997,65.00219999998808,19,0.9678245454545454,311.0,1.064607
169,1.6103161566663216e-08,0.3941049809139648,3.6002979,3.5998211,3.6000203640000006,0.3485211845940634,79.99639999994542,25,3.6000185,3.5998268,-0.0001916999999997,79.99639999994542,25,0.9677224545454544,310.0,1.0644947
170,1.3294783974351864e-08,0.1048280972090312,3.6001892,3.5997667,3.599981975,-0.5836170740252502,125.0,40,3.6000662,3.5998917,-0.0001744999999999,125.0,40,0.9677574545454544,309.0,1.0645332
171,1.7349310439605416e-08,-0.0750450078390854,3.600256,3.5997334,3.5999940021739123,-0.7850103696229693,145.00930000003427,46,3.5999899,3.6002045,0.0002145999999996,145.00930000003427,46,0.9676229090909092,308.0,1.0643852
172,2.4531937379039813e-08,-0.2296985027866337,3.6002874,3.5997725,3.60004525625,-0.8250515281711941,120.00329999998212,32,3.6000118,3.600234,0.0002222,120.00329999998212,32,0.9675630909090908,307.0,1.0643194
173,1.3815146784614193e-08,-0.0865751237998712,3.6002293,3.5997906,3.599993603846154,-0.6065919881618376,90.00839999993332,26,3.6002293,3.6001205,-0.0001088,90.00839999993332,26,0.9673701818181818,306.0,1.0641072
174,1.627894916128655e-08,0.1693405852539511,3.6002274,3.5997696,3.599978087096774,-0.4455318960613925,110.0,31,3.599844,3.5997791,-6.489999999992335e-05,110.0,31,0.9671913636363636,305.0,1.0639105
175,1.7586504229252317e-08,-0.1051963227901115,3.6002054,3.5997276,3.5999660826086957,-0.7346115875740455,90.00309999997262,23,3.5998716,3.6001215,0.0002499,90.00309999997262,23,0.967167818181818,304.0,1.0638846
176,9.296777241377e-09,-0.1814485043200373,3.6002178,3.5998182,3.6000156000000003,-0.1189508637099705,95.00400000007356,30,3.6000385,3.6000528,1.429999999968956e-05,95.00400000007356,30,0.966967,303.0,1.0636637
177,2.1692718558567464e-08,0.1110912419547825,3.6002865,3.5996866,3.5999866756756753,-0.4910610639063399,120.00520000001416,37,3.5998507,3.6002846,0.0004338999999999,120.00520000001416,37,0.9668280909090908,302.0,1.0635109
178,1.6293276098478632e-08,-0.1349265375231347,3.6002283,3.5997477,3.5999749787878783,-0.6196888405246535,125.00859999994282,33,3.5998058,3.5998182,1.2400000000134526e-05,125.00859999994282,33,0.966756818181818,301.0,1.0634325
179,1.9011117698919322e-08,-0.6712272895527769,3.600173,3.599719,3.6000171645161285,-0.6395438629268422,109.99650000000838,31,3.5998602,3.6001558,0.0002955999999998,109.99650000000838,31,0.9666143636363635,300.0,1.0632758
180,1.4225414519035646e-08,0.4082887516223046,3.6002874,3.5998268,3.6000284113636365,-0.6621131036412535,144.99869999999646,44,3.599906,3.5998964,-9.599999999831963e-06,144.99869999999646,44,0.9665732727272728,299.0,1.0632306
181,1.8782336219512784e-08,0.2558373287506033,3.6002941,3.5996923,3.5999643682926825,-0.1166453703484675,154.9993999999715,41,3.6000051,3.599987,-1.81000000001319e-05,154.9993999999715,41,0.966703909090909,298.0,1.0633743
182,1.7607635100016304e-08,0.4429920124924242,3.6002398,3.5997725,3.5999572479999995,-0.8702992793454545,84.99970000004396,25,3.6002398,3.5998869,-0.0003529000000002,84.99970000004396,25,0.9664831818181816,297.0,1.0631315
183,2.5998562685182004e-08,-0.0963957096984077,3.6003208,3.5997181,3.6000026249999997,-0.7457404986241838,95.00470000004862,28,3.6001759,3.5999823,-0.0001935999999997,95.00470000004862,28,0.966405,296.0,1.0630455
184,3.001865539830196e-08,-0.072514691198038,3.6003561,3.5997,3.60003370263158,-0.5874189771149054,129.99910000001546,38,3.6001177,3.6002922,0.0001744999999999,129.99910000001546,38,0.9664122727272728,295.0,1.0630535
185,1.7471286312289232e-08,0.2472758623277912,3.6002131,3.5997391,3.5999734813953492,-1.1501887220591869,165.00079999992158,43,3.6000004,3.6001072,0.0001068000000001,165.00079999992158,43,0.9661879090909092,294.0,1.0628067
186,1.7328041098465563e-08,1.1790639511169188,3.6003551,3.5997534,3.599953812121212,1.336511635509234,105.000800000038,33,3.5998869,3.6000376,0.0001506999999998,105.000800000038,33,0.966062909090909,293.0,1.0626692
187,1.738713273015921e-08,0.0539004655077153,3.6002722,3.5997992,3.600039461111111,-0.975477451545316,135.00699999998324,36,3.6001196,3.5999823,-0.0001373,135.00699999998324,36,0.9660025454545454,292.0,1.0626028
188,1.7288688857142348e-08,-0.3092219850484047,3.6001911,3.5997381,3.5999730166666666,-0.8439140932795675,120.0069000000367,36,3.5998116,3.5999832,0.0001716000000002,120.0069000000367,36,0.9657510909090908,291.0,1.0623262
189,1.9137717590014072e-08,-0.3350453443321718,3.6002445,3.599679,3.5999977738095232,-0.4248420217842805,140.00789999996778,42,3.6000328,3.6001892,0.0001563999999998,140.00789999996778,42,0.9656377272727272,290.0,1.0622015
190,2.5721404969967672e-08,-0.2451269505237802,3.6002855,3.59974,3.6000209945945945,-1.2136729857923725,109.99880000005942,37,3.5998096,3.5998602,5.060000000023379e-05,109.99880000005942,37,0.9656091818181816,289.0,1.0621701
191,2.4025634999999132e-08,0.0194417683550329,3.6002665,3.5997276,3.5999988000000003,-0.7009992463921271,105.00329999998212,29,3.6000338,3.6002274,0.0001936000000002,105.00329999998212,29,0.9653389090909088,288.0,1.0618728
192,1.9807654373005335e-08,0.2836524383077842,3.600275,3.5997496,3.5999969861111114,-0.6592644582856502,125.00239999999758,36,3.5998716,3.600275,0.0004033999999997,125.00239999999758,36,0.9650744545454544,287.0,1.0615819
193,2.2364034802959237e-08,-0.4649991456509105,3.6002092,3.5996771,3.599994986206897,-0.8771024144457917,124.99629999999888,29,3.5999289,3.5998316,-9.73000000001889e-05,124.99629999999888,29,0.9650263636363636,286.0,1.061529
194,2.2531428042975192e-08,-0.3990118598011842,3.6002541,3.5996552,3.600003697619047,-0.586623922336091,134.99589999997988,42,3.6001625,3.5997601,-0.0004024,134.99589999997988,42,0.964891,285.0,1.0613801
195,1.2387874693449242e-08,0.8327730800165305,3.6003265,3.5997887,3.600012913636363,1.0284910579599216,149.99479999998584,44,3.5998859,3.6000633,0.0001774000000001,149.99479999998584,44,0.9648815454545452,284.0,1.0613697
196,1.3183996166422009e-08,0.0783565563643512,3.6002207,3.5998068,3.600017571052631,-0.6219686206348283,135.002400000114,38,3.5999136,3.5998497,-6.389999999978357e-05,135.002400000114,38,0.9647645454545456,283.0,1.061241
197,1.250645003699812e-08,-0.02757396781654,3.6002092,3.5996809,3.599995179545455,0.6948269003048737,155.01070000010077,44,3.600131,3.6000128,-0.0001182000000001,155.01070000010077,44,0.9645979090909091,282.0,1.0610577
198,2.1697285747914122e-08,0.1694938744718483,3.600317,3.5996828,3.599966488571429,-0.2974526427739001,120.00069999997504,35,3.5998964,3.5998936,-2.7999999998584713e-06,120.00069999997504,35,0.9643469090909093,281.0,1.0607816
199,2.1185750014225037e-08,0.3816863917037159,3.6003313,3.5997086,3.599987384210526,-0.3842389946185509,130.00309999997262,38,3.5998526,3.5998573,4.699999999857596e-06,130.00309999997262,38,0.9641941818181816,280.0,1.0606136
200,1.2635914475613034e-08,-0.4858650214816274,3.6001701,3.5996618,3.599958795121952,0.7636429027000982,155.0077000000747,41,3.5996618,3.5998878,0.000226,155.0077000000747,41,0.9640139090909092,279.0,1.0604153
201,1.5492729966378885e-08,-0.2515319984586298,3.6002407,3.5997229,3.5999946342857143,0.1239662114914952,125.00479999999516,35,3.6000309,3.6001425,0.0001115999999998,125.00479999999516,35,0.9640482727272726,278.0,1.0604531
202,1.0708780989242256e-08,0.4431473426161907,3.6002092,3.5997677,3.5999550967741936,-0.3151235278543427,119.99660000007134,31,3.599823,3.5999832,0.0001601999999998,119.99660000007134,31,0.9637705454545454,277.0,1.0601476
203,1.8935939610930112e-08,-0.7515788841361557,3.6002626,3.5997353,3.6000521547619053,-0.049125433983594,160.00030000007246,42,3.6000681,3.6002626,0.0001945,160.00030000007246,42,0.9635496363636364,276.0,1.0599046
204,2.9238756666667657e-08,0.0098020633584124,3.6003246,3.5997057,3.60001484,-0.3673928254713163,79.9930999999633,25,3.6002188,3.5999775,-0.0002412999999998,79.9930999999633,25,0.9637297272727272,275.0,1.0601027
205,1.6532886987519052e-08,-0.7688499547155146,3.6002092,3.5997171,3.6000183705882356,0.2190874229046433,129.99580000003334,34,3.600132,3.5999508,-0.0001812000000001,129.99580000003334,34,0.9635734545454544,274.0,1.0599308
206,1.4648907167347652e-08,0.0339526391754066,3.6002159,3.5997944,3.6000202760000004,-1.2849971983681356,160.00659999996424,50,3.6001005,3.5999165,-0.0001839999999999,160.00659999996424,50,0.963424,273.0,1.0597664
207,1.4792740711540517e-08,0.6749304643130014,3.600275,3.5997972,3.5999861675000004,-0.1931252624589916,144.99540000001434,40,3.5998421,3.5999708,0.0001286999999998,144.99540000001434,40,0.9634370909090908,272.0,1.0597808
208,1.1897085169348582e-08,-0.6047501049769312,3.6002493,3.5997372,3.5999978294117647,1.460120096601536,129.99280000000726,34,3.5999365,3.6000223,8.579999999991372e-05,129.99280000000726,34,0.963104,271.0,1.0594144
209,1.83956908840607e-08,-0.52082895094028,3.6002197,3.5997534,3.600012897826087,-0.5520322515784435,164.99760000000242,46,3.6000891,3.6000233,-6.57999999997827e-05,164.99760000000242,46,0.9629743636363636,270.0,1.0592718
210,1.6400048964059664e-08,-0.4210411507351968,3.6002235,3.5996618,3.599973818181819,0.1824771970191241,165.0058999999892,44,3.599884,3.5998087,-7.529999999977832e-05,165.0058999999892,44,0.962965818181818,269.0,1.0592624
211,1.5727286378054734e-08,-0.2779030515480046,3.6001797,3.5997581,3.5999995634146345,-0.7473770787590688,140.00359999993816,41,3.6000652,3.5997629,-0.0003022999999999,140.00359999993816,41,0.962743,268.0,1.0590173
212,1.7014513025207526e-08,-0.0347866980681565,3.6002483,3.5997181,3.599964885714286,-0.5618790537902454,125.00390000001062,35,3.5997372,3.5998478,0.0001106000000001,125.00390000001062,35,0.962482909090909,267.0,1.0587312
213,2.4465760436710056e-08,-0.5213535317827882,3.6001892,3.5996847,3.599990767647059,-0.9720273247022496,125.00849999999627,34,3.5999279,3.5996847,-0.0002431999999998,125.00849999999627,34,0.9623594545454544,266.0,1.0585954
214,1.4964798743899645e-08,0.3899157070522215,3.6002169,3.5997829,3.599978897560975,-1.03250138816105,160.0056999999797,41,3.6001244,3.5997934,-0.000331,160.0056999999797,41,0.9621339090909092,265.0,1.0583473
215,2.2750859249250775e-08,-0.2363418071811043,3.6003113,3.5997171,3.6000217729729735,-0.6754175462220764,145.00430000002962,37,3.5998497,3.6001635,0.0003137999999998,145.00430000002962,37,0.9620914545454544,264.0,1.0583006
216,1.7229060499999632e-08,-0.2081676071344312,3.6002188,3.5997295,3.5999917999999993,-0.6036455011808122,150.00010000006296,41,3.5997295,3.5999832,0.0002537,150.00010000006296,41,0.9618442727272726,263.0,1.0580287
217,2.3775544919770768e-08,-0.0051235892334184,3.6002178,3.5997305,3.5999741588235294,-1.105633508700671,100.0065000000177,34,3.5999022,3.6002092,0.0003070000000002,100.0065000000177,34,0.9617105454545454,262.0,1.0578816
218,2.5737017789131793e-08,0.0945659658611812,3.6003027,3.5997381,3.5999876632653063,-1.150676534516368,150.00540000002366,49,3.6001606,3.600131,-2.959999999996299e-05,150.00540000002366,49,0.9616983636363636,261.0,1.0578682
219,1.338341057355052e-08,-0.2486131074773914,3.6002188,3.5997295,3.600007082978724,-0.2521320989323738,154.99910000001546,47,3.5999546,3.6000128,5.820000000023029e-05,154.99910000001546,47,0.9615194545454544,260.0,1.0576714
220,1.8720608196085937e-08,0.0252792898130411,3.6002312,3.5997009,3.5999807313725487,-0.4746997231950192,165.00339999992866,51,3.599782,3.5998411,5.910000000008963e-05,165.00339999992866,51,0.9614287272727272,259.0,1.0575716
221,1.9862392191917048e-08,-0.2920621307103973,3.6002407,3.5997353,3.600028068888889,-0.5748118372331543,145.0067000000272,45,3.6000137,3.5997353,-0.0002784,145.0067000000272,45,0.9613237272727272,258.0,1.0574561
222,2.0724336870584416e-08,-0.1610199453725426,3.600256,3.5997114,3.6000059411764704,-0.5187077893706187,165.01049999997483,51,3.5997295,3.6000252,0.0002957000000001,165.01049999997483,51,0.961021818181818,257.0,1.057124
223,2.0750793757913704e-08,0.2555144240632555,3.6002207,3.5997019,3.5999710204545465,-0.8602924351714241,155.00049999996554,44,3.5998545,3.5999012,4.669999999995511e-05,155.00049999996554,44,0.9608830909090909,256.0,1.0569714
224,1.4869470476194324e-08,0.1235901974096062,3.6002645,3.5997591,3.5999977000000007,-0.1203621653740403,135.00470000004862,43,3.6000137,3.6000357,2.199999999996649e-05,135.00470000004862,43,0.9608721818181816,255.0,1.0569594
225,1.7708125891463947e-08,-0.4231813568329671,3.6002588,3.5996628,3.6000236488372095,-0.0574640964746202,144.99719999998342,43,3.6001997,3.6000118,-0.0001879000000002,144.99719999998342,43,0.9605629090909092,254.0,1.0566192
226,1.9113119568155266e-08,0.3116830766837657,3.6002779,3.5998058,3.6000246871794865,-0.9888746016014398,145.00179999996908,39,3.6000032,3.6000929,8.969999999974831e-05,145.00179999996908,39,0.9604302727272724,253.0,1.0564733
227,2.178177506871424e-08,-0.4225840669669289,3.6002226,3.5997429,3.599996156818182,-0.9036452393315568,150.00800000003073,44,3.6001596,3.5997782,-0.0003814000000001,150.00800000003073,44,0.9603507272727272,252.0,1.0563858
228,1.9698166777209823e-08,-0.246868610293858,3.600255,3.599721,3.60001262244898,-1.0258338543118684,150.00840000004973,49,3.599721,3.6001892,0.0004681999999998,150.00840000004973,49,0.9601081818181818,251.0,1.056119
229,1.3806584370838622e-08,0.5729139267974278,3.6002731,3.5997295,3.599995181034483,0.4606373943055941,189.99359999992885,58,3.5998392,3.6000185,0.0001793000000001,189.99359999992885,58,0.960082909090909,250.0,1.0560912
230,1.8812641495774263e-08,0.0230755029087981,3.600316,3.5997086,3.600047238636364,0.0222717617939589,170.00969999993686,44,3.6000195,3.5999575,-6.200000000022854e-05,170.00969999993686,44,0.960033909090909,249.0,1.0560373
231,1.9741278797400953e-08,-0.254001700421235,3.6002655,3.5997086,3.5999928106382977,-0.3402534573774471,170.0058999999892,47,3.5999298,3.5999355,5.699999999997374e-06,170.0058999999892,47,0.9597646363636364,248.0,1.0557411
232,1.8545090337261236e-08,-0.254765163285192,3.6003151,3.5997152,3.600050492156863,-0.2124751699721772,185.000800000038,51,3.5998964,3.600215,0.0003185999999999,185.000800000038,51,0.959670636363636,247.0,1.0556377
233,1.65246145019589e-08,0.2076918429386793,3.6002865,3.5997629,3.6000073901960787,-0.4940712308137347,180.00719999999274,51,3.5999336,3.5997963,-0.0001373,180.00719999999274,51,0.9595571818181818,246.0,1.0555129
234,1.7633972608689415e-08,0.413427749843763,3.6002922,3.5998106,3.600016799999999,-0.7596965477538529,155.01110000000335,47,3.6001167,3.5998287,-0.0002879999999998,155.01110000000335,47,0.9593673636363635,245.0,1.0553041
235,1.8019963699595418e-08,0.1233525109323417,3.6003513,3.5997581,3.600024921875,-0.2352954099517505,120.0069000000367,32,3.5999508,3.6001291,0.0001783000000004,120.0069000000367,32,0.9591160909090908,244.0,1.0550277
236,1.9217087216304396e-08,-0.3373678727690605,3.6002769,3.5996819,3.600000379166667,0.6010979714325275,155.00870000000577,48,3.599803,3.6000566,0.0002535999999997,155.00870000000577,48,0.9589714545454544,243.0,1.0548686
237,1.858596802960644e-08,-0.3041075497861591,3.600255,3.5997238,3.600023025531915,-0.6448711545856507,165.0130000000354,47,3.600194,3.6000719,-0.0001221,165.0130000000354,47,0.9587040909090908,242.0,1.0545745
238,1.5912634291973283e-08,-0.2640634694006161,3.6002693,3.5997524,3.6000157228070173,-0.5064762597960941,195.0043000000296,57,3.6000433,3.6000834,4.010000000009839e-05,195.0043000000296,57,0.9586631818181816,241.0,1.0545295
239,1.6342460282832867e-08,0.2123021586496254,3.600256,3.5996666,3.5999801488888883,0.0010533222366704,170.0065000000177,45,3.5999012,3.5999928,9.159999999974744e-05,170.0065000000177,45,0.9584318181818182,240.0,1.054275
240,1.6402638323674538e-08,0.0906949074212682,3.6002092,3.5996847,3.599956510869565,-0.5863135281826044,170.00249999994412,46,3.6000462,3.5999479,-9.82999999998846e-05,170.00249999994412,46,0.9582563636363636,239.0,1.054082
241,1.6205251243903014e-08,-0.1333010226438857,3.6002483,3.5997734,3.6000231024390237,-1.0462876324627723,145.00049999996554,41,3.6002178,3.5999651,-0.0002526999999998,145.00049999996554,41,0.9580965454545451,238.0,1.0539062
242,1.4158183329562025e-08,0.4565101879212313,3.6003132,3.599802,3.599981701923077,-0.1158215120110028,179.99729999992996,52,3.6000223,3.5998478,-0.0001744999999999,179.99729999992996,52,0.9579109999999998,237.0,1.0537021
243,1.8535669082354603e-08,0.3784520640069216,3.6002998,3.5997858,3.600008217647059,-0.2289762890306956,189.9984000000404,51,3.6000776,3.6001158,3.8200000000099266e-05,189.9984000000404,51,0.9577613636363635,236.0,1.0535375
244,2.2912361065299493e-08,0.2871788640541678,3.6002636,3.5997295,3.5999698660000004,-0.9717747339311348,180.0111999999499,50,3.5998869,3.6000118,0.0001248999999998,180.0111999999499,50,0.957793909090909,235.0,1.0535733
245,1.4378816925221834e-08,-0.2508721742282733,3.6002178,3.5997639,3.600001892592592,-0.6603160753459889,190.00199999986216,54,3.5999689,3.5999832,1.430000000013365e-05,190.00199999986216,54,0.957540818181818,234.0,1.0532949
246,1.1134563755331253e-08,-0.4825081950172439,3.600215,3.5997458,3.600027294736842,0.9786061273300044,135.00459999998566,38,3.5999794,3.6000757,9.630000000004912e-05,135.00459999998566,38,0.9572463636363636,233.0,1.052971
247,1.556864512940543e-08,-0.5898330071090137,3.6002216,3.5997009,3.6000150647058824,0.0082949653536874,175.00300000002608,51,3.6000996,3.6000319,-6.770000000022591e-05,175.00300000002608,51,0.95711,232.0,1.052821
248,1.9285359441045962e-08,-0.1550295822932643,3.6002626,3.5997171,3.6000004018348624,-0.883287392447794,394.798000000068,109,3.5999746,3.5999022,-7.240000000008351e-05,394.798000000068,109,0.956138909090909,231.0,1.0517528
249,1.9799335628928887e-08,-0.000210269245217,3.6002741,3.5997047,3.6000015277777777,-0.3418322141335737,185.00600000005215,54,3.5998278,3.5999651,0.0001373,185.00600000005215,54,0.955331909090909,230.0,1.0508651
250,2.1926238147494777e-08,-0.0368037634162153,3.6002655,3.5997229,3.599983688095238,-1.0701004902554936,150.00780000002123,42,3.6000156,3.6001015,8.590000000019415e-05,150.00780000002123,42,0.9556162727272728,229.0,1.0511779
251,1.7436248979582907e-08,-0.1113122485884781,3.600215,3.5996723,3.5999852,-0.7077191646723793,180.00679999997374,50,3.6001244,3.6001463,2.190000000013015e-05,180.00679999997374,50,0.9555491818181818,228.0,1.0511041
252,2.2015988007522668e-08,-0.0616797051161612,3.600214,3.5997095,3.5999800052631574,-1.3618526220534697,189.99769999994896,57,3.6001682,3.6001329,-3.529999999996036e-05,189.99769999994896,57,0.9555190909090908,227.0,1.051071
253,1.2358068471386814e-08,-0.3742517929536847,3.6002188,3.5997496,3.600005749090909,-0.3639274687956009,199.99359999992885,55,3.6000662,3.6000195,-4.669999999995511e-05,199.99359999992885,55,0.9555619090909092,226.0,1.0511181
254,2.1295191310728466e-08,-0.2225727701206673,3.6002674,3.5997105,3.5999738433333337,-0.7688894827910375,215.00279999990016,60,3.5999184,3.6000624,0.0001440000000001,215.00279999990016,60,0.9553676363636364,225.0,1.0509044
255,1.4903813560451382e-08,0.8114750356542497,3.6003017,3.5997791,3.5999954759259256,0.308677869160654,174.99890000000596,54,3.5998573,3.5999327,7.540000000005875e-05,174.99890000000596,54,0.9553040909090909,224.0,1.0508345
256,1.245639336470756e-08,0.1987002090682973,3.6002722,3.5997982,3.599986994117647,-0.4998020282514939,190.00450000003912,51,3.6000338,3.6000223,-1.149999999983109e-05,190.00450000003912,51,0.9552307272727272,223.0,1.0507538
257,2.1892374879089612e-08,-0.0710317618471379,3.600255,3.5997162,3.6000055157894733,-1.0605141803379476,154.99639999994542,38,3.6000137,3.5998764,-0.0001373,154.99639999994542,38,0.9550175454545452,222.0,1.0505193
258,1.8589165404084183e-08,-0.3264542798889824,3.6002426,3.5997448,3.6000137519999997,-0.9222920446880192,184.99780000001192,50,3.6000509,3.6001329,8.200000000035956e-05,184.99780000001192,50,0.9549590909090908,221.0,1.050455
259,1.3991232781954758e-08,-0.152175825280342,3.6003141,3.5997801,3.6000177842105265,-0.3636035848854169,204.9923999999883,57,3.5999813,3.599926,-5.530000000009139e-05,204.9923999999883,57,0.9548864545454544,220.0,1.0503751
260,1.1094696564967886e-08,0.4795341016866731,3.6002083,3.599782,3.5999519066666665,0.306820510180549,200.00499999988824,60,3.599782,3.5999861,0.0002041000000003,200.00499999988824,60,0.954770818181818,219.0,1.0502479
261,1.8225011502176095e-08,-0.2792790538492444,3.6002531,3.5997553,3.600037275471698,-0.9314514013781858,189.99990000005343,53,3.6000748,3.6001816,0.0001068000000001,189.99990000005343,53,0.9546738181818182,218.0,1.0501412
262,1.3869642186374937e-08,0.130525723584236,3.600317,3.5997696,3.600017744444445,0.0583431222370158,215.00169999990612,63,3.5999746,3.6000643,8.97000000001924e-05,215.00169999990612,63,0.9544417272727272,217.0,1.0498859
263,1.9185254203396256e-08,-0.065083451527979,3.6002722,3.5996819,3.599985865789473,0.0801587249241881,135.0097999999998,38,3.6000547,3.5999622,-9.250000000005087e-05,135.0097999999998,38,0.9542562727272726,216.0,1.0496819
264,2.3846760897968994e-08,-0.4561335314999127,3.6002674,3.5996494,3.5999974796296303,-0.3811170536479493,189.51959999999963,54,3.5997133,3.5996494,-6.389999999978357e-05,189.51959999999963,54,0.9542184545454544,215.0,1.0496403
265,1.89949854512949e-08,-0.1535134524906042,3.6002598,3.5997829,3.6000308517857142,-1.227522970407027,185.00219999998808,56,3.6000471,3.5997887,-0.0002583999999998,185.00219999998808,56,0.9539465454545454,214.0,1.0493412
266,1.8857706291729623e-08,0.0363446161171403,3.600318,3.5997114,3.6000176792452825,-0.4350521229259834,199.99689999991097,53,3.6001749,3.6001863,1.1399999999994748e-05,199.99689999991097,53,0.9537929090909092,213.0,1.0491722
267,2.2224131502046972e-08,-0.406238894011953,3.6002779,3.5997057,3.6000143525423725,-0.6431187825440867,180.0006000000285,59,3.6000729,3.5998316,-0.0002412999999998,180.0006000000285,59,0.953629,212.0,1.0489919
268,1.1975591032787593e-08,-0.2776138419224054,3.6002436,3.5997553,3.600016311475409,-0.3737182986975784,190.00390000001065,61,3.6001139,3.6001186,4.699999999857596e-06,190.00390000001065,61,0.9534612727272728,211.0,1.0488074
269,1.7709105756862307e-08,-0.1073224328476158,3.6002731,3.5997105,3.600042989830508,0.0511406077715199,210.00359999993816,59,3.600049,3.5997105,-0.0003384999999997,210.00359999993816,59,0.9533773636363636,210.0,1.0487151
270,2.3639011119171392e-08,-0.1095363831820784,3.6002464,3.5997,3.599976989655172,-1.0055965099194777,190.00300000002608,58,3.6001635,3.5999918,-0.0001716999999996,190.00300000002608,58,0.9533467272727272,209.0,1.0486814
271,2.3181848293394167e-08,-0.2929587906047715,3.6002321,3.59972,3.6000114711864404,-1.0364685583469453,205.00380000006407,59,3.6001406,3.5998459,-0.0002946999999999,205.00380000006407,59,0.9530921818181816,208.0,1.0484014
272,2.278301902881756e-08,0.0027614260457657,3.600316,3.5996523,3.59998229122807,-0.391637808068932,200.00179999996908,57,3.6001425,3.5998335,-0.0003090000000001,200.00179999996908,57,0.9529096363636362,207.0,1.0482006
273,2.043344681966795e-08,0.274131054284809,3.6003246,3.5997601,3.600001742622951,-0.5314198365293183,195.0067000000272,61,3.6000175,3.5997972,-0.0002203,195.0067000000272,61,0.9528821818181816,206.0,1.0481704
274,1.1606543775516585e-08,-0.4393675658931694,3.6001778,3.5997114,3.59998697,-0.0654451948516277,169.99810000008438,50,3.6000605,3.5999861,-7.439999999991898e-05,169.99810000008438,50,0.9526083636363636,205.0,1.0478692
275,1.4149493370929669e-08,-0.571558901635857,3.6001978,3.5997601,3.6000269192982457,-0.6102110347180809,199.99849999998696,57,3.6001425,3.5998278,-0.0003147000000001,199.99849999998696,57,0.9524892727272726,204.0,1.0477382
276,1.3113704541059933e-08,0.0714510788516534,3.6002541,3.5997696,3.5999924652173916,-0.320442915670116,170.00600000005215,46,3.5998774,3.5999918,0.0001144000000001,170.00600000005215,46,0.9523909090909092,203.0,1.04763
277,2.238953324167823e-08,-0.3412923560415171,3.6002436,3.5996523,3.600000870967742,-0.6083324786548268,204.99719999998345,62,3.6000881,3.5999832,-0.0001048999999997,204.99719999998345,62,0.9521095454545456,202.0,1.0473205
278,1.9015449988706265e-08,-0.0351931557637321,3.6002941,3.5997601,3.599996153333333,-0.989262217732568,209.9989999999525,60,3.6000366,3.6000376,9.999999996956888e-07,209.9989999999525,60,0.9517661818181818,201.0,1.0469428
279,1.986922227937656e-08,-0.1053198293968019,3.6002197,3.5997152,3.599980233898305,-0.921099944585288,215.0006000000285,59,3.5999508,3.5997152,-0.0002355999999998,215.0006000000285,59,0.9517016363636362,200.0,1.0468718
280,1.7214228666669842e-08,0.1835199180397254,3.6002722,3.599782,3.5999971200000003,-0.9065862691155946,195.00260000000708,55,3.5998392,3.6000414,0.0002021999999999,195.00260000000708,55,0.9514663636363636,199.0,1.046613
281,1.7988321336534715e-08,0.2222451057773931,3.6002989,3.59972,3.5999875738461538,-0.7039838415543005,210.00880000006873,65,3.5999842,3.6001301,0.0001458999999996,210.00880000006873,65,0.9512702727272726,198.0,1.0463973
282,1.6979786634616048e-08,-0.0126123871016895,3.6002064,3.5997648,3.599982384615384,-1.0864235281482002,215.00329999998212,65,3.5999088,3.5999575,4.869999999979058e-05,215.00329999998212,65,0.9511081818181818,197.0,1.046219
283,1.1311146697521294e-08,0.389288653287571,3.6002111,3.5997515,3.59997509516129,-0.368473021786003,219.99769999994896,62,3.6000233,3.6001101,8.68000000000535e-05,219.99769999994896,62,0.9508939090909092,196.0,1.0459833
284,1.524277500961558e-08,-0.5012618852704704,3.6002378,3.5997562,3.6000110753846153,-0.6222569625414334,215.0044999999227,65,3.5997934,3.6001368,0.0003434000000002,215.0044999999227,65,0.950775818181818,195.0,1.0458534
285,2.3128339179489123e-08,0.0384513874703059,3.6002331,3.5996962,3.599954966666666,-0.9876864894987768,224.99800000002145,66,3.5997314,3.6001291,0.0003977000000001,224.99800000002145,66,0.9506240909090908,194.0,1.0456865
286,1.7870988969692987e-08,0.2231718009438141,3.6002455,3.5997295,3.5999795654545452,-0.7768994573313517,200.00740000000224,55,3.6000509,3.6000338,-1.709999999999212e-05,200.00740000000224,55,0.9502954545454544,193.0,1.045325
287,1.5609150667627073e-08,0.1649992464815984,3.6003218,3.5997829,3.600007716981132,-0.8329504353140651,185.00410000002012,53,3.5998907,3.5998583,-3.239999999982146e-05,185.00410000002012,53,0.9501928181818182,192.0,1.0452121
288,1.6473329721299347e-08,0.1772003107689162,3.6002722,3.5997324,3.599980562295082,-0.862723418389594,210.0107999999309,61,3.5998583,3.6001635,0.0003051999999996,210.0107999999309,61,0.9499563636363636,191.0,1.044952
289,1.641319669800395e-08,0.124152821260501,3.6002932,3.5997572,3.6000330719298246,-0.524925711164776,195.00370000000112,57,3.5999422,3.6002493,0.0003071000000001,195.00370000000112,57,0.9497526363636364,190.0,1.0447279
290,1.0947536711894342e-08,-0.5031519067762292,3.6002283,3.5997343,3.6000102582089553,0.0259179992783078,230.0023999999976,67,3.6001511,3.6000223,-0.0001288000000001,230.0023999999976,67,0.9496830909090908,189.0,1.0446514
291,1.0557376178197356e-08,-0.3548849730373118,3.6002474,3.5998058,3.6000125328358203,-0.3036561661740786,225.0056999999797,67,3.6000385,3.5998201,-0.0002184,225.0056999999797,67,0.9494139090909092,188.0,1.0443553
292,1.2853398536138622e-08,-0.1957036393138599,3.6002483,3.5997791,3.6000138151515153,-0.469793620550103,240.0121999999974,66,3.5998764,3.6001234,0.0002470000000003,240.0121999999974,66,0.9491574545454544,187.0,1.0440732
293,2.203329181158961e-08,-0.0124313793031972,3.6002874,3.5996847,3.600004058695652,-0.5791037854356018,179.99359999992885,46,3.5999231,3.6000624,0.0001393000000002,179.99359999992885,46,0.9491135454545452,186.0,1.0440249
294,2.3034047256407555e-08,-0.2554392418038018,3.600297,3.5996571,3.5999904166666665,-0.3147378295984628,220.0058999999892,66,3.6000519,3.6001034,5.150000000009314e-05,220.0058999999892,66,0.9489219090909092,185.0,1.0438141
295,1.5886578960571364e-08,0.3443442086467367,3.6002884,3.5997858,3.5999887555555556,-0.238676746351476,214.99670000001788,63,3.5999556,3.5998344,-0.0001211999999997,214.99670000001788,63,0.9486334545454544,184.0,1.0434968
296,2.1543421662408215e-08,0.1228180276126855,3.6002455,3.5997133,3.5999742260869567,-0.9327929595425944,220.00800000014715,69,3.5998173,3.5999813,0.0001639999999998,220.00800000014715,69,0.9485222727272729,183.0,1.0433745
297,1.877168547263356e-08,0.2623810410220705,3.600235,3.5997477,3.5999633402985074,-0.8503772413804747,235.00410000002012,67,3.5997572,3.5997648,7.599999999996499e-06,235.00410000002012,67,0.9481851818181818,182.0,1.0430037
298,1.6416275549962063e-08,-0.5748610346208827,3.6003056,3.5996914,3.6000162048387083,0.3546400624101684,235.0053000000771,62,3.6000175,3.6000681,5.060000000023379e-05,235.0053000000771,62,0.9478982727272726,181.0,1.0426881
299,1.741963056250169e-08,-0.1497683563714401,3.6002064,3.5997124,3.5999815400000004,-0.7503203199670114,220.00740000000224,65,3.5997601,3.5998936,0.0001335,220.00740000000224,65,0.9478029090909088,180.0,1.0425832
300,1.7335501466210372e-08,0.2184577102100843,3.6003036,3.5997915,3.599994471212121,-0.9473617930706268,215.0,66,3.599925,3.6000328,0.0001078000000003,215.0,66,0.9475484545454544,179.0,1.0423033
301,1.5358463211552338e-08,-0.1623450382303941,3.6002789,3.5997467,3.6000133738461537,-0.5699954367735409,215.00879999995232,65,3.5998697,3.6000614,0.0001916999999997,215.00879999995232,65,0.9473775454545454,178.0,1.0421153
302,1.490122129032357e-08,0.3596924995122493,3.6003237,3.5996904,3.5999775666666674,0.0750147699698278,219.99990000016987,63,3.600111,3.5999279,-0.0001831000000001,219.99990000016987,63,0.9471359090909092,177.0,1.0418495
303,2.5471354879289322e-08,-0.3306546230574224,3.6002588,3.5997095,3.599987922058823,-1.0307715338872816,239.9989999998361,68,3.600028,3.5999842,-4.379999999981621e-05,239.9989999998361,68,0.9468500909090908,176.0,1.0415351
304,1.861283100965626e-08,-0.235973360460029,3.6002827,3.5996742,3.600032994117647,-0.5987841013898483,230.0130000000354,68,3.5999002,3.6001091,0.0002089,230.0130000000354,68,0.9467168181818182,175.0,1.0413885
305,1.9813387306902266e-08,-0.1223248285888085,3.6002541,3.5996809,3.6000080922077924,-0.9607324294679676,240.01009999983944,77,3.6000519,3.5999727,-7.9200000000057e-05,240.01009999983944,77,0.9463121818181816,174.0,1.0409434
306,1.2794698879872366e-08,-0.3910093424667565,3.6002092,3.5997429,3.600011844642857,-0.2166325385566931,220.0069000001531,56,3.5999289,3.6000671,0.0001381999999998,220.0069000001531,56,0.9460587272727272,173.0,1.0406646
307,1.494083496049536e-08,0.1878262646851606,3.6002798,3.5997915,3.6000032764705883,-0.4255918831729364,245.0069000001531,68,3.599884,3.5998182,-6.57999999997827e-05,245.0069000001531,68,0.9460365454545452,172.0,1.0406402
308,2.1080399448476353e-08,0.1009694222697056,3.6002684,3.5997992,3.600014154716981,-1.172294802899279,185.00370000000112,53,3.6001434,3.600009,-0.0001343999999998,185.00370000000112,53,0.9457335454545454,171.0,1.0403069
309,1.6394694708072713e-08,-0.090865587689702,3.6003084,3.5997543,3.600001508571429,-0.7484083309181777,250.0053000000771,70,3.6001024,3.5999212,-0.0001812000000001,250.0053000000771,70,0.9454237272727272,170.0,1.0399661
310,1.6603917327365817e-08,-0.2126093627071599,3.6003075,3.5997114,3.6000065869565216,-0.0415664200888858,234.99640000006184,69,3.5999203,3.6000643,0.0001440000000001,234.99640000006184,69,0.9452337272727273,169.0,1.0397571
311,2.2202990442652715e-08,0.0571768312952038,3.6002932,3.5997076,3.5999873112676055,-1.0215052112600378,250.00809999997728,71,3.5999746,3.6001043,0.0001297,250.00809999997728,71,0.9449254545454544,168.0,1.039418
312,1.3151348397303433e-08,0.3984654890979358,3.600215,3.5997944,3.599972589090909,-0.6149542809825088,219.99739999999292,55,3.6000977,3.6000919,-5.800000000277805e-06,219.99739999999292,55,0.9446424545454544,167.0,1.0391067
313,1.6602201689978533e-08,0.3084319980297286,3.600317,3.5996561,3.6000022348484846,0.6607811155100172,225.00640000007115,66,3.5999413,3.6002531,0.0003118000000004,225.00640000007115,66,0.944398818181818,166.0,1.0388387
314,1.7240045551913647e-08,-0.2445898341622061,3.6002645,3.5996199,3.5999861245901643,0.093976299175678,235.01089999987744,61,3.5999842,3.6001263,0.0001420999999997,235.01089999987744,61,0.9440736363636364,165.0,1.038481
315,1.614481419619521e-08,-0.0175921313636031,3.6002398,3.5997562,3.5999938919354837,-0.7745333201243318,204.9918000001926,62,3.5999918,3.5998688,-0.0001230000000003,204.9918000001926,62,0.943886909090909,164.0,1.0382756
316,1.4210936913480644e-08,-0.1348623434138697,3.6002178,3.5997477,3.599993677464789,-0.7336704667503557,255.0054999999702,71,3.5999956,3.6001511,0.0001554999999999,255.0054999999702,71,0.9436757272727272,163.0,1.0380433
317,1.6146469549546772e-08,-0.2525628262927475,3.6002817,3.5997047,3.5999927266666663,-0.067511699475689,245.0117999999784,75,3.5999374,3.6000252,8.780000000019328e-05,245.0117999999784,75,0.9434328181818182,162.0,1.0377761
318,1.4824824355153186e-08,0.1705527411278706,3.6002522,3.5997734,3.6000031906250003,-0.5826986004406769,225.00249999994412,64,3.5998859,3.6000891,0.0002032,225.00249999994412,64,0.9432821818181816,161.0,1.0376104
319,2.2042601426095463e-08,0.242223015053988,3.6002817,3.5997267,3.6000112984375,-0.9972814195003012,210.00210000015795,64,3.6001425,3.6001558,1.3299999999993872e-05,210.00210000015795,64,0.943002818181818,160.0,1.0373031
320,1.4822597494339657e-08,-0.0549758002512138,3.6003571,3.5997553,3.6000299910447757,-0.2380902575542114,240.01399999996647,67,3.6001606,3.6000843,-7.630000000036219e-05,240.01399999996647,67,0.9426442727272726,159.0,1.0369087
321,2.0744987772972632e-08,0.2053008543911002,3.600297,3.5997581,3.599987892,-0.9890215612260094,257.252800000133,75,3.6001701,3.5997696,-0.0004005,257.252800000133,75,0.9423913636363636,158.0,1.0366305
322,1.4337155725912152e-08,-0.7246822368641589,3.6002197,3.5997448,3.6000285134328354,-0.3194305541278086,260.0017999999691,67,3.5997934,3.6001844,0.000391,260.0017999999691,67,0.942143818181818,157.0,1.0363582
323,1.4644507004666911e-08,-0.0833908444553623,3.6002932,3.5997982,3.6000140378787875,-0.7222469601282682,230.00680000009015,66,3.600091,3.600131,4.000000000026205e-05,230.00680000009015,66,0.9418091818181816,156.0,1.0359901
324,1.96403518929822e-08,-0.1729855796212941,3.600275,3.5996885,3.5999860276315787,-0.6183710342635029,274.996399999829,76,3.6000681,3.5998278,-0.0002403000000001,274.996399999829,76,0.9416255454545454,155.0,1.0357881
325,1.4100249325049961e-08,-0.1933294202675668,3.6002436,3.5996914,3.600019622857143,-0.4870886338353788,225.00230000005104,70,3.6000528,3.6000252,-2.7599999999683433e-05,225.00230000005104,70,0.9412597272727272,154.0,1.0353857
326,2.18489167738919e-08,0.1380789679519115,3.6003332,3.5997324,3.5999816212121214,-0.5385358458861016,227.70289999991655,66,3.6000662,3.5997324,-0.0003337999999999,227.70289999991655,66,0.940889,153.0,1.0349779
327,1.98071487500031e-08,0.3015860040641321,3.6003265,3.5997448,3.600001666666666,-0.6456639455023865,285.0006000001449,81,3.6000471,3.6000042,-4.289999999995686e-05,285.0006000001449,81,0.9406684545454544,152.0,1.0347353
328,1.6051695957378906e-08,-0.1767859348680278,3.6002941,3.5996943,3.59999874102564,-0.0350439995539133,265.00109999999404,78,3.5998602,3.6001272,0.000267,265.00109999999404,78,0.9403110909090908,151.0,1.0343422
329,1.4204731209788962e-08,0.1727961107257914,3.6002913,3.59974,3.599987204545455,-0.1545346619412764,240.00260000000708,66,3.6000519,3.5999203,-0.0001316,240.00260000000708,66,0.9400073636363636,150.0,1.0340081
330,1.789586112378497e-08,-0.3142035899088827,3.6002293,3.5997086,3.6000227647058822,-1.026692630447453,234.99629999999888,68,3.6001225,3.6002293,0.0001068000000001,234.99629999999888,68,0.9397194545454544,149.0,1.0336914
331,1.5855303791137193e-08,0.3261760507538317,3.6002817,3.5997343,3.5999891474999997,-0.3490708253358932,280.0009999999311,80,3.599822,3.5998373,1.529999999982934e-05,280.0009999999311,80,0.939432818181818,148.0,1.0333761
332,2.052383412507732e-08,-0.2747681504429868,3.6002846,3.599678,3.5999851095238107,-0.4526310770087884,270.0051999997813,84,3.5999336,3.6000738,0.0001402000000001,270.0051999997813,84,0.9391330909090908,147.0,1.0330464
333,1.3808727860013742e-08,0.3268097535175133,3.6002998,3.5997849,3.5999879761904765,-0.2961525818543382,265.00350000010803,84,3.6001263,3.5999546,-0.0001717000000001,265.00350000010803,84,0.9387198181818182,146.0,1.0325918
334,1.4486532961747847e-08,-0.1047915782437972,3.6002121,3.5997496,3.60000146557377,-0.6049210357761687,213.7575000000652,61,3.6000729,3.5997496,-0.0003232999999998,213.7575000000652,61,0.937984,145.0,1.0317824
335,1.275463372920526e-08,-0.3055979844548391,3.6002007,3.5996819,3.599999602380952,-0.3543153300263286,255.00379999983124,84,3.5999804,3.5999432,-3.720000000040358e-05,255.00379999983124,84,0.9380062727272728,144.0,1.0318069
336,1.6469736425226838e-08,-0.1248421731009336,3.6002522,3.5997171,3.5999969293333325,-0.2610187898989604,248.05810000002384,75,3.6001568,3.5998039,-0.0003529000000002,248.05810000002384,75,0.9375740909090908,143.0,1.0313315
337,1.7457817907562078e-08,-0.2779114339888889,3.6002617,3.59972,3.600016468235293,-0.4723385734377987,299.9936999999918,85,3.5999842,3.5997543,-0.0002299000000003,299.9936999999918,85,0.937219090909091,142.0,1.030941
338,2.1762996764701937e-08,-0.5404888002759196,3.6002827,3.5996704,3.600021299999999,-0.137938921588181,254.9812999998685,69,3.5998087,3.5997372,-7.150000000022416e-05,254.9812999998685,69,0.9369450909090908,141.0,1.0306396
339,1.791158530321313e-08,-0.2522546892202667,3.6002321,3.5997133,3.5999879430555555,-0.8181609412932382,260.0063000000082,72,3.6001015,3.5997705,-0.000331,260.0063000000082,72,0.9365709090909088,140.0,1.030228
340,1.7413663446407262e-08,0.001362480281953,3.6002693,3.5996895,3.5999944507462684,-0.3090531452078155,245.26780000003055,67,3.5998688,3.5997601,-0.0001086999999997,245.26780000003055,67,0.9360426363636364,139.0,1.0296469
341,1.6003842231096345e-08,-0.0435161864207428,3.6002178,3.5997114,3.5999710564102565,-0.6845553887466855,280.0021999999881,78,3.6001396,3.5998993,-0.0002402999999997,280.0021999999881,78,0.9360675454545452,138.0,1.0296743
342,1.3368540392442475e-08,0.1291724839797774,3.6002665,3.5997219,3.6000169351351357,-0.2947592168237087,258.0586000001058,74,3.5999842,3.5998049,-0.0001793000000001,258.0586000001058,74,0.9354790909090908,137.0,1.029027
343,1.8211201226884172e-08,-0.1574151771838751,3.6002874,3.5996914,3.6000027141176467,-0.5054133043018094,310.0037000000011,85,3.5999651,3.6001892,0.0002241,310.0037000000011,85,0.9353648181818182,136.0,1.0289013
344,1.5294640006023592e-08,-0.1721527404830423,3.6002817,3.5997095,3.60000532195122,0.0277212964101503,289.9982000000309,82,3.6001472,3.5999842,-0.0001629999999996,289.9982000000309,82,0.9349353636363636,135.0,1.0284289
345,1.1795309317897173e-08,-0.1127784895571078,3.6002216,3.5997696,3.60001472345679,-0.4111816942387842,305.00430000014603,81,3.6000242,3.6002207,0.0001964999999999,305.00430000014603,81,0.9345373636363636,134.0,1.0279911
346,1.8870735556689153e-08,-0.1401474606682288,3.6003551,3.5997267,3.6000282966292136,-0.1041127029165491,314.9982000000309,89,3.6001158,3.6000414,-7.440000000036306e-05,314.9982000000309,89,0.9342932727272726,133.0,1.0277226
347,2.5593545495144953e-08,0.010326534101004,3.6003151,3.5996809,3.599986871084337,-1.0962441998963397,304.9973000001628,83,3.5999279,3.5998383,-8.959999999991197e-05,304.9973000001628,83,0.9338784545454544,132.0,1.0272663
348,1.6132903487968592e-08,-0.2044603358025783,3.6002502,3.5996962,3.600000672164948,-0.8542206984676941,329.99560000002384,97,3.600008,3.600049,4.099999999995774e-05,329.99560000002384,97,0.9334256363636364,131.0,1.0267682
349,2.0017765982218098e-08,-0.5176186112237643,3.600256,3.5996523,3.5999829732558135,-0.248337548237949,309.6185000000987,86,3.6000824,3.5999928,-8.959999999991197e-05,309.6185000000987,86,0.9331786363636362,130.0,1.0264965
350,2.277701123305816e-08,-0.1453902432016363,3.6002769,3.5997114,3.600017101219512,-0.9629861601759302,269.87859999993816,82,3.5998735,3.5999641,9.059999999960766e-05,269.87859999993816,82,0.9325830909090908,129.0,1.0258414
351,1.4744733340188724e-08,0.2680379115896579,3.600256,3.5997219,3.5999811412499994,-0.4285484159491259,280.0020999999251,80,3.6002083,3.5999374,-0.0002708999999998,280.0020999999251,80,0.932238181818182,128.0,1.025462
352,1.776480925842435e-08,0.0313000104903282,3.6002903,3.5996904,3.599992579999999,-0.2004799659693343,310.0049000000581,90,3.6001101,3.6000395,-7.060000000036482e-05,310.0049000000581,90,0.9320324545454546,127.0,1.0252357
353,2.3033767462969063e-08,0.1244759593736284,3.600317,3.5997496,3.600014060869565,-0.8823986221335494,317.22970000002533,92,3.6001253,3.5999928,-0.0001325000000003,317.22970000002533,92,0.9314701818181818,126.0,1.0246172
354,1.870673601093869e-08,-0.1571631862239929,3.600235,3.5997448,3.6000003639344267,-1.1081100736845335,245.31889999983832,61,3.5999556,3.5997448,-0.0002108,245.31889999983832,61,0.9307155454545456,125.0,1.0237871
355,2.2748676968945172e-08,0.0366808310094977,3.6003265,3.599678,3.5999982885714292,-0.0747031685633285,225.73519999999553,70,3.6000633,3.599678,-0.0003853,225.73519999999553,70,0.9304416363636364,124.0,1.0234858
356,1.8479361731600143e-08,-0.6274433143355468,3.6002979,3.5996943,3.600029433333334,-0.1448845379577772,300.0050999999512,78,3.6000423,3.6000137,-2.86000000002673e-05,300.0050999999512,78,0.9302835454545452,123.0,1.0233119
357,2.4470585536561952e-08,-0.0542913371277807,3.6003008,3.5997028,3.6000041376623386,-0.8201806012602773,263.58179999981076,77,3.5998917,3.5997114,-0.0001803000000002,263.58179999981076,77,0.9294350909090908,122.0,1.0223786
358,1.9678515496995362e-08,-0.1881138340924222,3.6002779,3.5996828,3.600010959803922,-0.5804629122181555,325.0071999998763,102,3.6000042,3.599947,-5.720000000009051e-05,325.0071999998763,102,0.9292610909090908,121.0,1.0221872
359,1.6243991750000185e-08,-0.1494158968423811,3.6003323,3.5996981,3.6000002999999996,-0.0112639296378578,305.00190000003204,81,3.599987,3.6002264,0.0002393999999998,305.00190000003204,81,0.9287436363636362,120.0,1.021618
360,1.6489511091953487e-08,0.1797109798778734,3.6002874,3.5997639,3.599998075,-0.7360451148119083,300.9931000000797,88,3.5998182,3.5998201,1.8999999999991248e-06,300.9931000000797,88,0.9281973636363636,119.0,1.0210171
361,1.38191597987687e-08,-0.4187112803147111,3.6002197,3.5997276,3.6000149759493674,-0.541938001510224,290.81119999988005,79,3.600008,3.5998211,-0.0001868999999996,290.81119999988005,79,0.9276841818181818,118.0,1.0204526
362,1.59392791403385e-08,0.0769699125793395,3.6003485,3.5996714,3.5999992291666665,-0.1146270251339647,320.0040999997873,96,3.5999937,3.6000528,5.909999999964555e-05,320.0040999997873,96,0.9272695454545452,117.0,1.0199965
363,1.2685811475964752e-08,0.1633126722093588,3.6002874,3.5996618,3.59997380923077,1.0485557361751343,248.64489999995567,65,3.5999985,3.599802,-0.0001964999999999,248.64489999995567,65,0.926539,116.0,1.0191929
364,1.2008889011103429e-08,-0.7659641892147979,3.6001911,3.5997114,3.600020412903225,0.1048519945926118,218.45099999988452,62,3.6000404,3.5997114,-0.0003290000000002,218.45099999988452,62,0.925802,115.0,1.0183822
365,1.8220482487481456e-08,-0.2988282309416671,3.6002588,3.5997524,3.600026270175438,-0.6640974728920179,192.6264999997802,57,3.6001883,3.5998011,-0.0003872,192.6264999997802,57,0.9252411818181816,114.0,1.0177653
366,1.5638733248815782e-08,-0.4743056538635208,3.6002398,3.5996923,3.5999806959595952,-0.3422483341585263,335.00419999985024,99,3.5999994,3.6000051,5.699999999997374e-06,335.00419999985024,99,0.9257544545454544,113.0,1.0183299
367,1.5320344687002316e-08,0.1630253798148378,3.6002808,3.5997887,3.600010269444444,-0.7302269395979288,235.2361999999266,72,3.6000433,3.5998573,-0.0001859999999997,235.2361999999266,72,0.924656,112.0,1.0171216
368,1.3766519020754662e-08,0.0918742265876788,3.6002359,3.5996819,3.5999809252747252,-0.0279248271766348,320.7160000000149,91,3.6000881,3.5999308,-0.0001572999999996,320.7160000000149,91,0.9243818181818182,111.0,1.01682
369,1.8716107789997026e-08,0.0591300903526043,3.6003075,3.5996981,3.599996232967032,-0.6420355206598871,319.30260000005364,91,3.5999184,3.6000633,0.0001449,319.30260000005364,91,0.9243065454545452,110.0,1.0167372
370,1.977581550036831e-08,0.111733329776643,3.600255,3.5996466,3.5999643942307693,-0.5307660331353925,329.9945000000298,104,3.599884,3.6000957,0.0002116999999999,329.9945000000298,104,0.923681818181818,109.0,1.01605
371,1.7606428837716124e-08,-0.0494613730572154,3.600317,3.5997009,3.5999976479166667,-0.4142432738310804,325.99949999991804,96,3.5998497,3.6000099,0.0001601999999998,325.99949999991804,96,0.9230595454545452,108.0,1.0153655
372,1.5031594533274872e-08,0.2928042117430887,3.6002455,3.5996733,3.5999544402439017,-0.708372403435976,293.31279999995604,82,3.5999708,3.5999784,7.599999999996499e-06,293.31279999995604,82,0.9224875454545454,107.0,1.0147363
373,1.3852940114948349e-08,-0.4555468805956983,3.6002331,3.5997562,3.600007301149427,-0.4729204722110411,301.41840000008233,87,3.6002121,3.5998383,-0.0003737999999997,301.41840000008233,87,0.922057,106.0,1.0142627
374,1.7432236842103863e-08,-0.1531937436956153,3.6002531,3.59974,3.600009925,-0.5447646227329073,315.0057000000961,96,3.6001854,3.600112,-7.33999999997792e-05,315.0057000000961,96,0.9215274545454544,105.0,1.0136802
375,1.6517635649896887e-08,-0.1011475190238288,3.6002932,3.59974,3.6000293676056345,-0.4596873043683223,261.86489999992773,71,3.5999966,3.5998917,-0.0001048999999997,261.86489999992773,71,0.920658,104.0,1.0127238
376,1.7824119759900256e-08,-0.1335635730376681,3.6001997,3.5997429,3.599983058333333,-0.9780874799063168,221.98080000001937,60,3.6000423,3.5997782,-0.0002641000000003,221.98080000001937,60,0.9198178181818182,103.0,1.0117996
377,1.7321011595390404e-08,0.1487760674964804,3.6003075,3.5997744,3.600018109375,-0.3991093511769734,334.1347000000533,96,3.6000147,3.5998592,-0.0001554999999999,334.1347000000533,96,0.9198144545454544,102.0,1.0117959
378,1.9496506936160332e-08,-0.3845905610229965,3.6002064,3.5996895,3.5999807200000005,-0.9164345862966764,325.0017999999691,95,3.6001472,3.5997763,-0.0003709,325.0017999999691,95,0.919385,101.0,1.0113235
379,2.2355294886689665e-08,-0.0750135102385968,3.6003065,3.5997171,3.599998429761904,-0.52587282848094,291.53679999988526,84,3.6001501,3.599966,-0.0001840999999997,291.53679999988526,84,0.9186130909090908,100.0,1.0104744
380,2.1828472836428605e-08,-0.4566027508365064,3.6002369,3.5996799,3.599985014285714,-0.8013822926281335,253.4511000001803,70,3.5999937,3.5996923,-0.0003014000000001,253.4511000001803,70,0.9178207272727272,99.0,1.0096028
381,1.6607234655465623e-08,0.1483994291648024,3.6002979,3.5997353,3.600022054117648,-0.5818440377600198,294.5778000000864,85,3.5999374,3.6000671,0.0001297,294.5778000000864,85,0.9174420909090908,98.0,1.0091863
382,2.407662203056598e-08,-0.2561824182883213,3.600316,3.5996504,3.6000222771084336,-0.913384079679128,315.00310000008903,83,3.60007,3.6001682,9.820000000004824e-05,315.00310000008903,83,0.9170326363636364,97.0,1.0087359
383,1.912124632240961e-08,0.0533711641388214,3.6002989,3.5997458,3.6000117032786885,-0.7396049296501301,217.7035999998916,61,3.6001062,3.5999193,-0.0001869000000001,217.7035999998916,61,0.9158500909090908,96.0,1.0074351
384,2.1047400193233456e-08,0.7095288366615392,3.6003036,3.59974,3.5999814739130427,-0.4709303308688182,164.4206999999005,46,3.6000834,3.59974,-0.0003433999999997,164.4206999999005,46,0.9146828181818182,95.0,1.0061511
385,1.5689021560098325e-08,-0.1229428411855716,3.6002436,3.5997601,3.6000012304347826,-0.7840796008304896,243.3428999998141,69,3.6000624,3.5999165,-0.0001459000000001,243.3428999998141,69,0.9145200909090908,94.0,1.0059721
386,2.0937721096496682e-08,0.3766942043778317,3.6002989,3.5997486,3.599993454385965,-0.5981327380973984,204.68800000008196,57,3.5999241,3.599822,-0.0001020999999998,204.68800000008196,57,0.9137717272727272,93.0,1.0051489
387,1.6168384893566254e-08,0.0356388676606093,3.6002779,3.5996666,3.599995465882354,-0.2082668505332994,320.71490000002086,85,3.5998802,3.5997934,-8.68000000000535e-05,320.71490000002086,85,0.9137053636363636,92.0,1.0050759
388,2.2631187394959412e-08,-0.5227783377864909,3.6003389,3.5997038,3.600061328571429,0.3573791633308554,135.05979999992996,35,3.60009,3.5997581,-0.0003318999999999,135.05979999992996,35,0.9121153636363636,91.0,1.0033269
389,2.091277305505198e-08,-0.3198863227661887,3.6002684,3.5996675,3.600029768965517,-0.6444432036070182,198.19610000005923,58,3.600091,3.5998278,-0.0002632,198.19610000005923,58,0.912010818181818,90.0,1.0032119
390,1.6612870632919042e-08,-0.0854844665445246,3.600275,3.5997334,3.6000018499999995,-0.5794204948682218,273.12289999984205,80,3.6000223,3.6000319,9.599999999831963e-06,273.12289999984205,80,0.9117159090909088,89.0,1.0028875
391,1.8012029039836326e-08,-0.2839374988533444,3.6002913,3.5997438,3.60000993258427,-0.8451782691557455,296.3375999999698,89,3.599761,3.6000137,0.0002526999999998,296.3375999999698,89,0.9114470909090908,88.0,1.0025918
392,2.0886370759559985e-08,0.3807440048499923,3.6003189,3.5997705,3.5999947393442624,-0.8079419853014804,223.1422000001185,61,3.5999174,3.5998936,-2.3799999999685184e-05,223.1422000001185,61,0.9102852727272726,87.0,1.0013138
393,1.7423800245275728e-08,0.1020105342536239,3.6002579,3.5996895,3.599977460714286,-0.2878690822653444,279.6958999999333,84,3.6000776,3.6000032,-7.439999999991898e-05,279.6958999999333,84,0.9099241818181818,86.0,1.0009166
394,1.4591647807024492e-08,0.1598294935667658,3.6003389,3.5997143,3.600009592982456,0.4263037618281933,190.08559999987483,57,3.6000805,3.5998344,-0.0002460999999995,190.08559999987483,57,0.9088183545454545,85.0,0.99970019
395,1.7986907480444616e-08,0.0824827987262264,3.600276,3.5997562,3.600009561111111,-0.8767917132998488,254.62020000000484,72,3.6000452,3.6000252,-1.9999999999686935e-05,254.62020000000484,72,0.9082917181818182,84.0,0.99912089
396,1.3593895693782188e-08,0.0628129857675056,3.6002378,3.5997286,3.5999958272727266,-0.3799598677736044,272.86430000001565,77,3.600009,3.600009,0.0,272.86430000001565,77,0.9076820727272726,83.0,0.99845028
397,1.3662728307685567e-08,-0.3675262921558025,3.6002703,3.5997648,3.6000165699999997,-0.0695812539030313,155.24029999994673,40,3.5999584,3.5997648,-0.0001935999999997,155.24029999994673,40,0.9064269636363635,82.0,0.99706966
398,1.4538882427885621e-08,0.0048948043429155,3.6002874,3.5997229,3.599992876923077,-0.0989749728652356,218.10700000007637,65,3.6000528,3.5998812,-0.0001715999999998,218.10700000007637,65,0.9059085636363636,81.0,0.99649942
399,1.3779327440384872e-08,0.4663234546919457,3.600316,3.599721,3.599968212903225,-0.108997716849744,317.97469999990426,93,3.6000137,3.5999346,-7.909999999977657e-05,317.97469999990426,93,0.9056418636363636,80.0,0.99620605
400,1.6627071133841873e-08,0.0452309501949276,3.6002903,3.5997705,3.600006708474576,-0.6814163664031536,198.2593999998644,59,3.6000671,3.5998878,-0.0001793000000001,198.2593999998644,59,0.9043798636363636,79.0,0.99481785
401,1.7882023607135933e-08,0.0939862091094941,3.6002674,3.5997295,3.5999879553571428,-0.7206085831428437,195.05199999990873,56,3.6001215,3.599762,-0.0003595,195.05199999990873,56,0.9034481909090908,78.0,0.99379301
402,1.8278549260927692e-08,0.7095733316450346,3.6003246,3.5997982,3.600008323076923,-0.2837482723172457,165.5431999999564,52,3.6000013,3.5998373,-0.0001640000000002,165.5431999999564,52,0.9025077363636363,77.0,0.99275851
403,1.314788246448012e-08,-0.0404435086987933,3.6002989,3.599782,3.60003652295082,-0.4610928038315296,207.7804999998771,61,3.6000452,3.599782,-0.0002632,207.7804999998771,61,0.9021160272727272,76.0,0.99232763
404,2.0144952936708786e-08,-0.2596218331891051,3.6002932,3.5996923,3.5999906850000003,-0.4919925579397697,274.4198000000324,80,3.5999546,3.6000004,4.580000000009576e-05,274.4198000000324,80,0.9016086272727272,75.0,0.99176949
405,2.0065613672116023e-08,0.4214089138867036,3.6003103,3.5997095,3.600009703448276,-0.1803329415865109,183.4375,58,3.5999451,3.5999222,-2.2899999999825837e-05,183.4375,58,0.9002972181818181,74.0,0.99032694
406,1.6681098024604385e-08,-0.4319576785174382,3.600194,3.5996847,3.600006055844156,-0.8187988804357307,269.0905999999959,77,3.6000223,3.5999498,-7.249999999991985e-05,269.0905999999959,77,0.8998818272727271,73.0,0.98987001
407,1.9447725032781083e-08,0.0250517574438588,3.600318,3.5997477,3.6000307114754095,-0.5520680754191765,211.23950000014156,61,3.5998869,3.5998096,-7.730000000005788e-05,211.23950000014156,61,0.8984879454545455,72.0,0.98833674
408,1.9170796823388417e-08,0.0513176620775261,3.6002808,3.5997286,3.6000145975903615,-0.6421710801710918,295.6575000002049,83,3.5997334,3.5999002,0.0001668000000001,295.6575000002049,83,0.8980860454545454,71.0,0.98789465
409,1.1437740382200504e-08,0.1515616428403707,3.6002817,3.5998001,3.6000120877192985,-0.3127825842900571,188.06949999998324,57,3.6000137,3.5998573,-0.0001563999999998,188.06949999998324,57,0.8967225636363636,70.0,0.98639482
410,2.1595169279467708e-08,-0.256388331675134,3.6002607,3.5997114,3.600005012727273,-0.7856782960035389,188.7271999998484,55,3.5997944,3.599885,9.060000000005176e-05,188.7271999998484,55,0.8956231818181818,69.0,0.9851855
411,1.5845534684692742e-08,-0.1807167654661629,3.6003265,3.5997,3.6000093266666666,-0.027713467184057,252.96769999992105,75,3.6000166,3.5998745,-0.0001421000000001,252.96769999992105,75,0.8949016999999999,68.0,0.98439187
412,1.4184592949491588e-08,0.0612372791701594,3.6002359,3.5997505,3.6000014236363627,-0.5497284678050165,202.72500000009313,55,3.6001968,3.5998211,-0.0003756999999997,202.72500000009313,55,0.8939999909090909,67.0,0.98339999
413,1.6319793531463484e-08,0.1427312752952,3.6002541,3.5997076,3.6000025409090908,-0.4527346464316366,208.04200000013225,66,3.5998459,3.5999823,0.0001364000000001,208.04200000013225,66,0.8929506181818181,66.0,0.98224568
414,1.8089524670304548e-08,0.0827373569327227,3.6002846,3.5997372,3.600009475862069,-0.7875275731831337,206.596300000092,58,3.599865,3.599884,1.899999999999125e-05,206.596300000092,58,0.8919008727272726,65.0,0.98109096
415,1.9621301741172177e-08,0.0922686761188701,3.6003141,3.5996704,3.6000218529411763,-0.3694558076293193,186.0964999999851,51,3.6000214,3.5999517,-6.970000000006138e-05,186.0964999999851,51,0.8907931545454545,64.0,0.97987247
416,1.5603314937064647e-08,-0.2811096884378904,3.6002541,3.5997181,3.6000159727272725,-0.2375362946949155,236.7406000001356,66,3.5999746,3.5998774,-9.719999999990848e-05,236.7406000001356,66,0.8900147636363636,63.0,0.97901624
417,1.4006823343372836e-08,0.1939210325623536,3.6002674,3.5997581,3.599985925,-0.7626156825045634,265.63850000011735,84,3.5999269,3.5997581,-0.0001687999999999,265.63850000011735,84,0.8890963727272726,62.0,0.97800601
418,1.4737123668153685e-08,-0.0497549107614079,3.6002731,3.5997438,3.599982682812501,-0.3484825049726052,212.29920000000857,64,3.600049,3.5998869,-0.0001620999999998,212.29920000000857,64,0.8877447545454544,61.0,0.97651923
419,1.7366595981124982e-08,-0.0166283248395011,3.6002579,3.5997782,3.5999899067567567,-1.042078778840794,226.97409999999215,74,3.6000624,3.599925,-0.0001374000000002,226.97409999999215,74,0.886575309090909,60.0,0.97523284
420,2.0750843425332345e-08,-0.5274290015495305,3.6002579,3.5997152,3.6000288196428576,-0.6059628245318875,203.00820000004023,56,3.5999107,3.5998793,-3.140000000012577e-05,203.00820000004023,56,0.8855214454545455,59.0,0.97407359
421,1.8972950174705923e-08,-0.0934263964985759,3.6002531,3.5997171,3.599983996296296,-0.6328943259252342,187.98629999998957,54,3.6000061,3.5998383,-0.0001677999999998,187.98629999998957,54,0.8841524909090909,58.0,0.97256774
422,1.9792351052249815e-08,0.2192548563096213,3.6003199,3.5996943,3.5999866613333316,-0.5625399232965251,288.98240000009537,75,3.5996943,3.5998974,0.0002031000000002,288.98240000009537,75,0.8836636727272726,57.0,0.97203004
423,2.2247548651347594e-08,0.1404978493137882,3.6002769,3.5997305,3.60000456923077,-1.034308268477199,264.8907000001054,78,3.5999508,3.599925,-2.579999999996474e-05,264.8907000001054,78,0.8823378,56.0,0.97057158
424,2.0738359206350986e-08,0.3751036436117684,3.6002722,3.5997324,3.5999742875000003,-0.7734722830646401,230.31700000003912,64,3.5997744,3.6000109,0.0002365000000001,230.31700000003912,64,0.8808750454545453,55.0,0.96896255
425,1.9948039945724813e-08,-0.3878578573128861,3.6002989,3.5996437,3.6000194776119403,0.073134498263133,235.44530000002123,67,3.6001015,3.6000795,-2.199999999996649e-05,235.44530000002123,67,0.8797038727272727,54.0,0.96767426
426,1.1220267061014747e-08,-0.1763234137617542,3.6002226,3.5997343,3.5999980734375,0.0282975502421911,228.79209999996235,64,3.5999842,3.6000719,8.769999999991285e-05,228.79209999996235,64,0.8786574272727272,53.0,0.96652317
427,1.606114090562691e-08,-0.1711362556753225,3.6002378,3.599719,3.6000302726027393,-0.7935054636952308,251.6077999998815,73,3.6000013,3.5999842,-1.709999999999212e-05,251.6077999998815,73,0.8775567999999999,52.0,0.96531248
428,1.5858843182727714e-08,-0.3704636899243461,3.6002197,3.5997124,3.600004458333333,-0.6512579475223856,293.2746000001207,84,3.6000309,3.6000376,6.699999999693063e-06,293.2746000001207,84,0.8766161272727272,51.0,0.96427774
429,2.2243967224156953e-08,0.0928156904302438,3.6003094,3.5997868,3.6000385095238094,-0.9107144958881874,154.56909999996424,42,3.5998955,3.5997868,-0.0001087000000001,154.56909999996424,42,0.8748777363636363,50.0,0.96236551
430,1.5950051649054438e-08,0.4534073174189958,3.6002893,3.5997076,3.5999963738461536,-0.1219857042697798,222.2621999999974,65,3.6000013,3.5998669,-0.0001344000000003,222.2621999999974,65,0.8738387727272726,49.0,0.96122265
431,1.0070179275274532e-08,-0.304068730521867,3.6002216,3.5998039,3.600019362711864,-0.6430397566214388,193.7831999999471,59,3.6001253,3.5998039,-0.0003214000000002,193.7831999999471,59,0.8723346181818181,48.0,0.95956808
432,1.756785814103563e-08,-0.098123228968257,3.6002455,3.5997782,3.600019140384615,-0.9692101272173456,175.3556999999564,52,3.6000881,3.5999546,-0.0001335,175.3556999999564,52,0.8709280636363635,47.0,0.95802087
433,2.1734073493508217e-08,-0.0530268155418427,3.6002808,3.5997515,3.600005332142857,-1.093525420464855,211.59900000016205,56,3.5999479,3.5998011,-0.0001468,211.59900000016205,56,0.8697385181818181,46.0,0.95671237
434,1.3438766666656608e-08,0.2860791337329227,3.600234,3.5997648,3.5999882142857147,-0.565767636974392,178.7379999998957,49,3.5998898,3.5997648,-0.0001250000000001,178.7379999998957,49,0.868229809090909,45.0,0.95505279
435,1.6794042104710254e-08,-0.3082685902821682,3.6002531,3.5997,3.600025277419354,-0.3764570385589407,201.9657000000589,62,3.6000786,3.5998278,-0.0002507999999998,201.9657000000589,62,0.8671019272727273,44.0,0.95381212
436,1.5621774144349485e-08,-0.5374400537648878,3.6001701,3.599658,3.5999646171875,-0.1211054540266403,207.2341000000015,64,3.6000729,3.5999098,-0.0001630999999999,207.2341000000015,64,0.8658077545454544,43.0,0.95238853
437,1.7975158934828178e-08,-0.4535253973480007,3.6002636,3.5997515,3.600018756140351,-0.2191958081349816,200.61069999984463,57,3.6000872,3.5997677,-0.0003194999999998,200.61069999984463,57,0.8644888636363636,42.0,0.95093775
438,1.6240393557113817e-08,-0.1045606141082165,3.6002417,3.5997763,3.600014024242424,-1.008416228415776,234.06990000000224,66,3.5999336,3.599822,-0.0001115999999998,234.06990000000224,66,0.8634492999999999,41.0,0.94979423
439,1.964038372172706e-08,0.1858936722167571,3.6003094,3.5997343,3.6000227980769233,-0.448180343581432,172.4538000000175,52,3.6000414,3.5998745,-0.0001668999999999,172.4538000000175,52,0.8615935909090908,40.0,0.94775295
440,1.87911577356072e-08,0.2243872805784537,3.600317,3.5997381,3.6000196859375,-0.6633843152111951,229.1438000001945,64,3.5999823,3.5999193,-6.300000000036832e-05,229.1438000001945,64,0.8607227181818181,39.0,0.94679499
441,1.4845609939955652e-08,-0.0555030813180169,3.6002216,3.5997982,3.6000073814285716,-0.956270896568348,256.13260000012815,70,3.6001253,3.5999441,-0.0001812000000001,256.13260000012815,70,0.8595981363636362,38.0,0.94555795
442,2.276019867924996e-08,0.0790049649721592,3.6002073,3.5996933,3.5999651547169824,-1.1249754670030063,191.2143999999389,53,3.6001625,3.5998936,-0.0002689,191.2143999999389,53,0.8576777818181818,37.0,0.94344556
443,1.6727314625350567e-08,0.1772710449965004,3.6002474,3.59972,3.5999879808510635,-0.7486199239425826,179.61180000007153,47,3.5999956,3.5999193,-7.630000000036219e-05,179.61180000007153,47,0.856089209090909,36.0,0.94169813
444,1.9941631102616972e-08,0.2462296418202239,3.6003132,3.5997705,3.600002847887324,-0.9200333221296088,252.2160000000149,71,3.6001997,3.5998583,-0.0003413999999999,252.2160000000149,71,0.8551120181818181,35.0,0.94062322
445,2.2244748965766936e-08,-0.1646648045433026,3.6003504,3.5996675,3.6000326573333337,-0.2772231469926116,263.6357999998145,75,3.5999174,3.6000528,0.0001354,263.6357999998145,75,0.8536456909090908,34.0,0.93901026
446,1.8451005198889436e-08,0.0460581569331325,3.6002703,3.5997305,3.6000408042553196,-0.8198962871713276,177.10330000007525,47,3.5999203,3.599966,4.570000000025942e-05,177.10330000007525,47,0.8517923181818181,33.0,0.93697155
447,1.921770111009196e-08,0.2285931320045154,3.6002846,3.5997524,3.599984538297872,-0.599191614566982,178.56349999993108,47,3.5999451,3.5998802,-6.489999999992335e-05,178.56349999993108,47,0.8502015181818181,32.0,0.93522167
448,2.2487313211157123e-08,0.1915946104889968,3.6002741,3.5997143,3.5999929808823525,-0.95016823166773,237.87800000002608,68,3.600132,3.599926,-0.0002059999999999,237.87800000002608,68,0.8488646999999999,31.0,0.93375117
449,1.505355921142059e-08,0.0530593411367118,3.6002464,3.5997372,3.5999948927536223,-0.5741320185342396,243.8972000000067,69,3.6000357,3.6000566,2.089999999999037e-05,243.8972000000067,69,0.8473564272727272,30.0,0.93209207
450,1.7559727202532763e-08,0.522541939792388,3.6003103,3.5997744,3.6000060032258063,-0.1617700678079718,200.57560000009835,62,3.6000195,3.5999222,-9.73000000001889e-05,200.57560000009835,62,0.8457517636363636,29.0,0.93032694
451,2.1294883975896456e-08,0.2461257935343508,3.6003084,3.5996714,3.599998449999999,-0.2953479353322779,277.8320000001695,84,3.6001253,3.5999298,-0.0001955000000002,277.8320000001695,84,0.8445157272727273,28.0,0.9289673
452,2.1043767025228117e-08,0.2844185428365541,3.600358,3.5997429,3.600009838541667,-0.6905402023366589,316.20429999986663,96,3.6000128,3.6002178,0.0002049999999997,316.20429999986663,96,0.8430328727272727,27.0,0.92733616
453,1.2026551356637368e-08,0.5624550059081429,3.6002932,3.5998182,3.6000044181818183,-0.3414177043181774,231.30240000016056,66,3.5998564,3.5999804,0.000124,231.30240000016056,66,0.841223109090909,26.0,0.92534542
454,1.9346038617512124e-08,-0.0262661034820959,3.6003456,3.5996523,3.600011342857143,0.0191073430994928,250.500400000019,63,3.6002131,3.6000881,-0.0001250000000001,250.500400000019,63,0.8398908909090909,25.0,0.92387998
455,1.6295140513788146e-08,0.5094983457602952,3.6002531,3.5998182,3.599989185964912,-0.9865734148948072,194.1504999999888,57,3.6000729,3.5999203,-0.0001525999999998,194.1504999999888,57,0.8379647363636363,24.0,0.92176121
456,1.5976092228978856e-08,0.4308660109244638,3.6003094,3.5997734,3.5999805080645157,-0.5097704212106557,209.13309999997728,62,3.5999708,3.60007,9.920000000018804e-05,209.13309999997728,62,0.8363742181818181,23.0,0.92001164
457,2.466214594470846e-08,-0.3053664831735034,3.6003113,3.5996342,3.600018528571429,-0.2854736498841319,211.9495000001043,63,3.5999537,3.5999937,4.000000000026205e-05,211.9495000001043,63,0.8347142818181817,22.0,0.91818571
458,1.703389755646712e-08,-0.4704208355915184,3.6002998,3.5996981,3.600018156756757,-0.0128303863960281,250.53979999991137,74,3.60005,3.6000834,3.339999999996124e-05,250.53979999991137,74,0.8333467363636363,21.0,0.91668141
459,1.2861168621592108e-08,0.1304201994505325,3.6003075,3.5997972,3.600024205882353,-0.5223341362252247,227.83129999996163,68,3.6000624,3.600071,8.599999999692187e-06,227.83129999996163,68,0.8316562909090908,20.0,0.91482192
460,2.5654947275034172e-08,-0.1034076531653312,3.6003132,3.5996866,3.5999915680555556,-0.7606849656887982,219.72489999979737,72,3.6000538,3.599884,-0.0001698000000001,219.72489999979737,72,0.8299064636363636,19.0,0.91289711
461,1.4622450253988311e-08,0.2019527384529006,3.6002893,3.5997601,3.6000147886792453,-0.4575718377050282,181.63569999998435,53,3.6001024,3.5997601,-0.0003422999999997,181.63569999998435,53,0.8280783909090909,18.0,0.91088623
462,1.6717828291174715e-08,0.4190202245998703,3.6002884,3.599761,3.6000099890625,-0.6149328549163728,214.2109000000637,64,3.599968,3.6000357,6.769999999978182e-05,214.2109000000637,64,0.8266358454545454,17.0,0.90929943
463,1.6250434598012215e-08,-0.1704664598069008,3.6002932,3.5996571,3.599998185365853,0.0327058985644659,280.4030999999959,82,3.6001005,3.6000481,-5.239999999995249e-05,280.4030999999959,82,0.8253606363636363,16.0,0.9078967
464,1.6809992259458352e-08,-0.5196083202498305,3.600296,3.5997009,3.6000392520000006,-0.0551020403784208,269.9953000000678,75,3.599988,3.6001177,0.0001297,269.9953000000678,75,0.8238680818181818,15.0,0.90625489
465,1.7570900251566168e-08,-0.055007087284203,3.6003075,3.5997581,3.600033477777779,-0.5017816626815521,177.98750000004657,54,3.5999746,3.5999432,-3.140000000012577e-05,177.98750000004657,54,0.8220517636363636,14.0,0.90425694
466,1.4157259034832164e-08,-0.0787113760327838,3.6002541,3.5997267,3.599998098113208,-0.099805408299689,198.4584999999497,53,3.6001997,3.5999346,-0.0002651,198.4584999999497,53,0.8204204909090909,13.0,0.90246254
467,1.7507071248892967e-08,0.1837930988054798,3.6003046,3.5996714,3.599983342168674,-0.3942133309544831,264.20589999994263,83,3.5999136,3.5999346,2.10000000002708e-05,264.20589999994263,83,0.819060209090909,12.0,0.90096623
468,1.3740409701297629e-08,0.0920585439437075,3.6003065,3.5997496,3.5999958892857142,-0.1102699947877523,189.89749999996275,56,3.5997496,3.6000271,0.0002775000000001,189.89749999996275,56,0.8172497454545454,11.0,0.89897472
469,1.4882774042549516e-08,-0.2254746454344857,3.6002541,3.5998278,3.6000448499999997,-0.8956941045923559,178.06199999991804,48,3.6001453,3.5999508,-0.0001945,178.06199999991804,48,0.8155191999999999,10.0,0.89707112
470,2.0747808143836058e-08,0.3887526496907268,3.6003265,3.5997162,3.599965580645162,-0.1211939030159259,221.7996999998577,62,3.6001062,3.5997553,-0.0003508999999999,221.7996999998577,62,0.8139766909090909,9.0,0.89537436
471,1.4598781008332902e-08,-0.0488474207225625,3.6002502,3.5997953,3.600015182978724,-0.7908543539316262,158.51660000020638,47,3.6002092,3.5997953,-0.0004139000000003,158.51660000020638,47,0.8121566909090908,8.0,0.89337236
472,1.5023891212439444e-08,-0.2698842373578924,3.6002398,3.5997343,3.599996253703704,-0.1374342527170422,185.5885000000708,54,3.5999575,3.5997343,-0.0002231999999997,185.5885000000708,54,0.8105254727272726,7.0,0.89157802
473,1.5022440377519387e-08,0.4329344698713146,3.6002502,3.5997677,3.599997814705883,-0.4068195551147213,228.6897000002209,68,3.6000824,3.6001482,6.580000000022679e-05,228.6897000002209,68,0.8090465727272727,6.0,0.88995123
474,1.5605274334045705e-08,-0.4836650083148167,3.6002131,3.599741,3.6000177090909102,-0.5130188007240508,164.7757999999449,44,3.6001358,3.600009,-0.0001267999999998,164.7757999999449,44,0.8072151363636363,5.0,0.88793665
475,1.2148939355154544e-08,-0.1839013994591327,3.6002798,3.5997992,3.6000175031249997,-0.1280656401031641,192.315300000133,64,3.6001358,3.6000767,-5.910000000008963e-05,192.315300000133,64,0.8058781545454545,4.0,0.88646597
476,1.929275813490851e-08,-1.3668723636730002,3.6002007,3.5996437,3.600038353571429,1.5742168370125986,101.69449999998324,28,3.6001081,3.5997305,-0.0003775999999997,101.69449999998324,28,0.8038290545454545,3.0,0.88421196
477,1.6654748058324973e-08,-0.1862237914519523,3.6002455,3.599761,3.5999856710526315,-1.0958871793604676,125.55970000009984,38,3.6000776,3.6000433,-3.4300000000264674e-05,125.55970000009984,38,0.8022899545454545,2.0,0.88251895
478,1.3784203042983681e-08,-0.2481332656745012,3.6002998,3.5997953,3.6000246523809523,0.359426705248512,140.4458000001032,42,3.6000986,3.5999165,-0.0001820999999999,140.4458000001032,42,0.8007526909090908,1.0,0.88082796
479,2.528036638477089e-09,-0.6351983020664469,3.6003933,3.600193,3.6003140681818184,-0.0513503324511597,152.31990000000224,44,3.6003828,3.6002941,-8.870000000005263e-05,152.31990000000224,44,0.7991190909090908,0.0,0.879031
480,1.291276887757622e-09,-0.0919130124582521,3.6003885,3.600215,3.6003054244897954,0.4149271051145682,164.04649999993853,49,3.6003199,3.6003132,-6.700000000137152e-06,164.04649999993853,49,0.797360809090909,-1.0,0.87709689
481,1.78794096207019e-09,-0.8254747379829015,3.6003923,3.6001997,3.600314423404255,0.5981631424484344,151.0382999998983,47,3.6003437,3.6002531,-9.059999999960766e-05,151.0382999998983,47,0.7956440363636362,-2.0,0.87520844
482,2.163070695120103e-09,-0.1365530046680181,3.6004019,3.6001978,3.600307192682927,-0.4132519369803282,151.8972000000067,41,3.6003675,3.6002531,-0.0001143999999997,151.8972000000067,41,0.7938081545454544,-3.0,0.87318897
483,2.1765220499460208e-09,0.2456447374348089,3.6003923,3.6002131,3.600292645238095,-0.3878808054850959,148.44999999995343,42,3.6003923,3.6002178,-0.0001745000000004,148.44999999995343,42,0.7921027636363636,-4.0,0.87131304
484,8.41411249997344e-10,-0.1563989046337397,3.6003532,3.6002254,3.6002991285714283,0.4766127267060884,153.5893999999389,49,3.6003513,3.6003065,-4.4799999999955986e-05,153.5893999999389,49,0.790372818181818,-5.0,0.8694101
485,1.783943164922942e-09,-0.0726519104923147,3.6003876,3.6002235,3.6003093976190477,-0.582885045716512,152.91800000006333,42,3.6003819,3.6002445,-0.0001373999999998,152.91800000006333,42,0.7886337727272728,-6.0,0.86749715
486,1.003856328505949e-09,0.1124507437281947,3.6004047,3.6002989,3.6003475478260865,-1.1848673125280391,152.92680000001565,46,3.6004047,3.6003141,-9.060000000005176e-05,152.92680000001565,46,0.786749609090909,-7.0,0.86542457
487,1.681763399820474e-09,-0.0370269123065056,3.6003847,3.6002398,3.600309985416667,-0.6486625431851052,151.4438000000082,48,3.600379,3.6002398,-0.0001392,151.4438000000082,48,0.7850631818181818,-8.0,0.8635695
488,1.6799944646458363e-09,0.5579842020331695,3.6004066,3.6001892,3.6002813088888885,1.046007642225652,152.97650000010617,45,3.6003284,3.600235,-9.339999999991022e-05,152.97650000010617,45,0.7831502545454545,-9.0,0.86146528
489,1.4739449743591032e-08,-0.3538365303001295,3.6002102,3.599761,3.6000352500000004,-0.6343798718892475,121.36379999993368,40,3.6000118,3.5999651,-4.669999999995511e-05,121.36379999993368,40,0.7812496727272726,-10.0,0.85937464
490,1.4721432839941921e-09,-0.5048045245047871,3.6003876,3.6002398,3.6003284617021287,-0.2926295792086097,151.22050000005402,47,3.6003876,3.6002626,-0.0001249999999997,151.22050000005402,47,0.7797223909090909,-11.0,0.85769463
491,1.9340981290322933e-08,-0.1177582731706828,3.6001978,3.5997124,3.60000095,-1.258473698075952,111.28579999995418,32,3.5998516,3.5999365,8.490000000005438e-05,111.28579999995418,32,0.7777493636363636,-12.0,0.8555243
492,2.495867330612799e-09,0.0216785459041624,3.6003828,3.6002035,3.6002914959999996,-1.188215165526044,158.402499999851,50,3.6003761,3.6002388,-0.0001373,158.402499999851,50,0.7759970454545454,-13.0,0.85359675
493,1.4019834336136832e-08,-0.2671169834080254,3.6002979,3.5998001,3.6000362085714284,0.0287256750306204,110.77659999998286,35,3.5999222,3.5999765,5.429999999995161e-05,110.77659999998286,35,0.7741091999999999,-14.0,0.85152012
494,1.5363792705342423e-09,-0.1074371924925005,3.6003942,3.6002302,3.6003217630434787,-0.8294788885612392,158.2510000001639,46,3.6003942,3.6002302,-0.0001640000000002,158.2510000001639,46,0.7723939999999999,-15.0,0.8496334
495,1.76787510638243e-09,-0.210461966726383,3.6004372,3.6002407,3.600343157446808,0.212558858845862,158.02710000006482,47,3.6003857,3.6002407,-0.0001449999999998,158.02710000006482,47,0.7705344909090909,-16.0,0.84758794
496,1.3710580464576582e-08,-0.0966091552733784,3.6002092,3.5997229,3.5999784952380947,-0.3708421223795617,141.68439999991097,42,3.5999594,3.599884,-7.540000000005875e-05,141.68439999991097,42,0.7685993454545454,-17.0,0.84545928
497,1.0653875907097623e-09,0.6122120821847986,3.6003819,3.6002388,3.6002965169811336,0.214510504851261,158.9945000000298,53,3.6003437,3.6002874,-5.629999999978707e-05,158.9945000000298,53,0.7670520090909091,-18.0,0.84375721
498,1.6113586660263048e-08,0.167853724714926,3.6002283,3.5998182,3.6000087725,-1.2347987046406903,125.6710000000894,40,3.6001205,3.6000032,-0.0001172999999998,125.6710000000894,40,0.7649921818181817,-19.0,0.8414914
499,1.5760932313740858e-09,-0.2774547994367456,3.6004009,3.6002359,3.6003302607843137,-0.4187164236237164,167.86719999997877,51,3.6004009,3.6002703,-0.0001305999999998,167.86719999997877,51,0.7633832363636363,-20.0,0.83972156
500,2.430964097957949e-09,-0.3008850629741762,3.6003752,3.6001425,3.600270872,0.0158750695513036,167.0242000001017,50,3.6003466,3.6002493,-9.72999999997448e-05,167.0242000001017,50,0.7615041181818182,-21.0,0.83765453
501,2.3402348814104063e-08,0.0261792642357279,3.600297,3.5997019,3.5999807875000003,-0.9492451372176448,128.4853000000585,40,3.6001778,3.5999527,-0.0002251000000002,128.4853000000585,40,0.7595376545454545,-22.0,0.83549142
502,1.7923537189741051e-09,-0.4601685503249473,3.6003933,3.6002083,3.6003181895833336,-0.1290780265643065,179.40849999990314,48,3.6003599,3.6003008,-5.910000000008963e-05,179.40849999990314,48,0.7578012090909091,-23.0,0.83358133
503,1.8086973076888334e-09,-0.1821332514022898,3.6004047,3.600234,3.6003183,-0.6214454197481949,177.62609999999404,53,3.6003819,3.6003361,-4.580000000009576e-05,177.62609999999404,53,0.755911309090909,-24.0,0.83150244
504,1.5255741666671455e-09,-0.7855425102579371,3.6003761,3.6002245,3.6003207000000006,0.0569459447091631,164.08009999990463,49,3.6003761,3.6002855,-9.060000000005176e-05,164.08009999990463,49,0.7538634545454546,-25.0,0.8292498
505,1.4125307863061918e-09,-0.2210986230365983,3.6004095,3.6002512,3.60032675531915,-0.4005280674126359,169.64339999994263,47,3.6004095,3.6002512,-0.0001582999999998,169.64339999994263,47,0.752112109090909,-26.0,0.82732332
506,1.2180547852389874e-09,-0.2818241431443855,3.6004124,3.6002436,3.6003402172413796,0.6611542308956344,166.98019999987446,58,3.6004124,3.6002436,-0.0001687999999999,166.98019999987446,58,0.7500892909090908,-27.0,0.82509822
