cycle_number,relax_var,relax_ske,relax_max,relax_min,relax_mean,relax_kur,relax_duration_s,relax_points,relax_start_voltage,relax_end_voltage,relax_voltage_delta,window_s,window_points,SOH,RUL,discharge_capacity_in_Ah
1,1.3893281515153832e-08,1.0843188246685158,3.6002378,3.5998745,3.6000127833333333,0.8499904637596911,30.009400000000596,12,3.5998745,3.6000242,0.0001497000000001,30.009400000000596,12,0.9711262727272728,648.0,1.0682389
3,6.554772954545095e-09,-0.1825796339256671,3.6000986,3.5998373,3.599976775,-0.5656740014895405,40.00379999999859,12,3.5998812,3.600008,0.0001267999999998,40.00379999999859,12,0.9728261818181818,646.0,1.0701088
4,1.3795033455892172e-08,0.4509695597510939,3.6002388,3.5998983,3.600036670588235,-1.3158289411344253,60.00050000000192,17,3.60005,3.5999374,-0.0001126,60.00050000000192,17,0.9732539999999998,645.0,1.0705794
5,1.6293749199138084e-08,-0.2544804665069753,3.6001902,3.599782,3.6000153409090916,-0.8816848000954383,70.00469999999768,22,3.6001663,3.5999966,-0.0001697000000002,70.00469999999768,22,0.973526818181818,644.0,1.0708795
6,1.1539329285719826e-08,-0.2093761201282902,3.6001139,3.599782,3.599968514285714,-0.9565661254120804,65.00799999999799,21,3.6001139,3.6000137,-0.0001002000000003,65.00799999999799,21,0.9737057272727272,643.0,1.0710763
7,1.6900416738464363e-08,0.2259070828103664,3.6003189,3.5996656,3.5999758076923074,1.268820543080317,94.99949999999808,26,3.5998764,3.5999823,0.0001059000000003,94.99949999999808,26,0.973824909090909,642.0,1.0712074
8,8.112605574718816e-09,-0.3520868335313721,3.6001053,3.5997972,3.5999777833333337,-1.0828626389693214,99.99550000000454,30,3.600029,3.5999546,-7.440000000036306e-05,99.99550000000454,30,0.973960818181818,641.0,1.0713569
9,1.1785459698925782e-08,-0.4850126279991166,3.6001225,3.5997362,3.599959864516129,-0.599629725414426,100.00139999999374,31,3.600069,3.5999937,-7.529999999977832e-05,100.00139999999374,31,0.9740312727272726,640.0,1.0714344
10,1.4904572783238634e-08,-0.1247222622393914,3.6002045,3.5997572,3.5999636275862064,-0.6678117229349225,95.01340000000346,29,3.6000042,3.5997572,-0.0002469999999998,95.01340000000346,29,0.974102909090909,639.0,1.0715132
11,1.0792053913042314e-08,0.674469914681237,3.6002502,3.5998831,3.60003375,0.410311878106723,84.99530000000232,24,3.5999994,3.5999794,-2.0000000000131024e-05,84.99530000000232,24,0.9741711818181816,638.0,1.0715883
12,1.6938453276354493e-08,0.271309904902632,3.6002817,3.5996733,3.5999962407407406,1.09037555368782,95.00149999999849,27,3.5999603,3.599926,-3.4299999999820585e-05,95.00149999999849,27,0.9741877272727272,637.0,1.0716065
13,1.6389730070580142e-08,-0.843391125316271,3.6001644,3.5997171,3.6000111343750003,0.4375662617604416,85.01109999999608,32,3.6000404,3.6001358,9.539999999974567e-05,85.01109999999608,32,0.9741859090909092,636.0,1.0716045
14,1.060321100001426e-08,1.2380872956832107,3.6002474,3.5998354,3.5999547,1.9872614023024613,70.0083999999988,21,3.5998449,3.5999317,8.68000000000535e-05,70.0083999999988,21,0.9741582727272728,635.0,1.0715741
15,1.3717000256418105e-08,0.3494127290004569,3.6002417,3.5997696,3.599996744444445,0.0758788342295808,90.00050000000192,27,3.599864,3.5999498,8.579999999991372e-05,90.00050000000192,27,0.9742140909090908,634.0,1.0716355
16,2.3423035443349623e-08,-0.3216555115838641,3.6002426,3.5997066,3.6000016482758626,-0.6573872901092663,90.01110000000335,29,3.6001444,3.6001348,-9.599999999831963e-06,90.01110000000335,29,0.9742463636363636,633.0,1.071671
17,2.7821676857160535e-08,0.8163619008954454,3.6002874,3.5997467,3.59991894,-0.2364370227531136,60.002300000000105,15,3.5999985,3.5998259,-0.0001725999999999,60.002300000000105,15,0.9741550909090908,632.0,1.0715706
18,1.4550058346767424e-08,-0.4385320607498471,3.6001806,3.5997295,3.5999814812500004,-0.1782052184271814,120.0,32,3.5999384,3.5999498,1.1399999999994748e-05,120.0,32,0.9742005454545452,631.0,1.0716206
19,2.142473080644343e-08,-0.1428005884711446,3.600194,3.5997181,3.5999866125000004,-1.1853544842582031,105.00680000000284,32,3.600152,3.5997181,-0.0004338999999999,105.00680000000284,32,0.9741595454545454,630.0,1.0715755
20,1.5563398024198427e-08,0.3635956316424438,3.6002588,3.5997515,3.60000324375,-0.3242439248243318,105.00390000001062,32,3.5998945,3.5998106,-8.38999999999146e-05,105.00390000001062,32,0.9741255454545452,629.0,1.0715381
21,1.2424052507111933e-08,-0.1915806810658181,3.6002026,3.5997362,3.5999943407407415,-0.0442112717694707,90.00100000000384,27,3.5999794,3.599987,7.599999999996499e-06,90.00100000000384,27,0.9741182727272726,628.0,1.0715301
22,1.7767356182273765e-08,0.2313503430218173,3.6002779,3.5997839,3.6000096241379316,-0.8435081660432324,100.0060999999987,29,3.6001358,3.6002369,0.0001011000000001,100.0060999999987,29,0.9741312727272728,627.0,1.0715444
23,1.4799575068705849e-08,0.0728109146101463,3.600174,3.5997944,3.5999737931818174,-1.3187327696300428,130.0046000000002,44,3.6000023,3.5998287,-0.0001735999999996,130.0046000000002,44,0.9740394545454544,626.0,1.0714434
24,1.2764516666650262e-08,0.0448407646990358,3.6001863,3.5998154,3.59998016,-1.022905616937905,85.01080000000366,25,3.6000261,3.599947,-7.910000000022066e-05,85.01080000000366,25,0.9739936363636365,625.0,1.071393
25,1.3666033428020544e-08,0.8375229071299175,3.6002693,3.5997562,3.59996846969697,1.0372237430141786,105.00849999999627,33,3.6000299,3.5999317,-9.820000000004824e-05,105.00849999999627,33,0.9739412727272726,624.0,1.0713354
26,1.606501855914507e-08,-0.7575667329302668,3.6001511,3.5996704,3.5999652548387093,-0.0607182792486362,114.99340000000666,31,3.5998459,3.600112,0.0002661000000001,114.99340000000666,31,0.9739681818181816,623.0,1.071365
27,2.3286073983180968e-08,-0.0620322498521699,3.6003103,3.599761,3.600025088571429,-0.7143665126749399,105.00310000000172,35,3.5998878,3.5998173,-7.04999999996403e-05,105.00310000000172,35,0.973971909090909,622.0,1.0713691
28,2.1593815284064197e-08,0.1310243002904055,3.6002541,3.5997305,3.5999810818181817,-0.9171212608139044,110.00830000000131,33,3.5998249,3.6000786,0.0002536999999995,110.00830000000131,33,0.9739451818181818,621.0,1.0713397
29,1.559929462888169e-08,-0.2810327670158187,3.6002054,3.5997152,3.599996956410256,-0.2100354877198729,109.99670000000332,39,3.5999937,3.6000729,7.919999999961291e-05,109.99670000000332,39,0.9739423636363636,620.0,1.0713366
30,7.437058693690705e-09,-0.180039534047541,3.6001635,3.5998211,3.599989672972973,-0.354236385748151,115.00779999999212,37,3.599844,3.5999718,0.0001278,115.00779999999212,37,0.9739662727272728,619.0,1.0713629
31,1.1368315825014105e-08,0.0679747285239959,3.6001692,3.5996876,3.599952741860466,-0.141803266861149,135.01029999999446,43,3.5999565,3.6000423,8.580000000035781e-05,135.01029999999446,43,0.9739116363636364,618.0,1.0713028
32,1.23070877094438e-08,-0.5891418475616436,3.6001816,3.5997486,3.5999951676470583,-0.4456640479663942,120.0046000000002,34,3.5999861,3.6000414,5.52999999996473e-05,120.0046000000002,34,0.9738247272727272,617.0,1.0712072
33,3.940495777779184e-09,-0.7582719152320395,3.6001053,3.5997982,3.5999915277777776,1.4275272221938984,115.00360000001092,36,3.5999889,3.6000481,5.919999999992598e-05,115.00360000001092,36,0.9738235454545454,616.0,1.0712059
34,1.1689736439024806e-08,-0.034375967748457,3.6002054,3.5997353,3.59996326097561,-0.6139889147241089,130.00370000000112,41,3.5998812,3.5999527,7.149999999978007e-05,130.00370000000112,41,0.9738288181818182,615.0,1.0712117
35,2.3816794480790877e-08,0.5228326035746259,3.6002636,3.5997133,3.599976210526316,-0.5341902527200024,125.00689999999304,38,3.5997639,3.5999908,0.0002268999999999,125.00689999999304,38,0.9738509090909092,614.0,1.071236
36,2.192685790322885e-08,-0.8540045031601698,3.6001635,3.5996332,3.5999727874999996,0.195022452347223,94.99800000000688,32,3.5999479,3.6000919,0.0001439999999996,94.99800000000688,32,0.9738385454545452,613.0,1.0712224
37,1.6629337309937483e-08,0.3591628284647326,3.6002817,3.5997744,3.6000141789473683,0.9427678873598136,75.00240000001213,19,3.6000252,3.6000509,2.569999999968431e-05,75.00240000001213,19,0.9738141818181818,612.0,1.0711956
38,1.6570169223479932e-08,-0.2743351243772162,3.6002493,3.5996847,3.599986221212121,-0.0717510641253258,120.00410000000556,33,3.6000614,3.5999784,-8.300000000005525e-05,120.00410000000556,33,0.9737552727272726,611.0,1.0711308
39,1.0941239586694198e-08,0.0261357558639522,3.6001577,3.5998316,3.599993190625,-1.3301513648203918,105.012000000017,32,3.6000576,3.5998888,-0.0001687999999999,105.012000000017,32,0.9737367272727272,610.0,1.0711104
40,2.1388477670443044e-08,-0.4631827713489547,3.6002302,3.5997381,3.6000178727272725,-0.7586665991738681,115.00770000001648,33,3.6000977,3.6001778,8.009999999991635e-05,115.00770000001648,33,0.9736870909090908,609.0,1.0710558
41,9.874945684214049e-09,-0.6069880575438558,3.6002016,3.5998087,3.60005264,0.4678333614305208,65.00479999999516,20,3.599968,3.6000519,8.38999999999146e-05,65.00479999999516,20,0.9736464545454544,608.0,1.0710111
42,2.3196422826082163e-08,-0.8303864727998368,3.6001883,3.599638,3.599982575,0.5166089640747611,75.00710000001709,24,3.5999756,3.6000547,7.909999999977657e-05,75.00710000001709,24,0.9736104545454544,607.0,1.0709715
43,1.3595386534090025e-08,-0.4321490374408054,3.6002283,3.5996923,3.599989318181818,0.4445945517132252,110.0117999999784,33,3.599987,3.5999746,-1.2400000000134526e-05,110.0117999999784,33,0.973592909090909,606.0,1.0709522
44,1.7486233277315718e-08,0.3058656346840551,3.6003265,3.5997572,3.6000177714285715,0.4524924753673405,125.00810000000638,35,3.5999451,3.600132,0.0001869000000001,125.00810000000638,35,0.9735902727272728,605.0,1.0709493
45,1.4670098858856938e-08,0.3863892787641625,3.6001806,3.599741,3.599946405405406,-0.1865744346968272,130.00330000001122,37,3.6001291,3.5999012,-0.0002279,130.00330000001122,37,0.9735338181818182,604.0,1.0708872
46,1.4850341935480085e-08,0.3695250533923397,3.6002769,3.599824,3.6000425999999996,-0.5042179384356555,119.99829999997746,32,3.5999546,3.6000547,0.0001001,119.99829999997746,32,0.9734931818181816,603.0,1.0708425
47,2.559164874644638e-08,-0.9667476288772434,3.600317,3.5995722,3.5999862518518517,2.151702929123135,105.00149999998392,27,3.5999126,3.6000185,0.0001058999999998,105.00149999998392,27,0.9735087272727272,602.0,1.0708596
48,1.5699485917499275e-08,-0.1861664449315627,3.6001787,3.5997419,3.599977705263158,-1.203237706284873,130.0061000000278,38,3.6000023,3.6000853,8.300000000005525e-05,130.0061000000278,38,0.9734845454545452,601.0,1.070833
49,1.7520616083737067e-08,0.602255820161499,3.6003122,3.5997772,3.600004758620689,0.551859698379797,100.00960000001942,29,3.5999918,3.5998755,-0.0001163000000001,100.00960000001942,29,0.9734802727272728,600.0,1.0708283
50,2.386564378023145e-08,-0.1781028137217623,3.6002655,3.5996666,3.5999619406249996,-0.0537155892280081,115.0054999999993,32,3.6000309,3.6000748,4.389999999965255e-05,115.0054999999993,32,0.9737172727272726,599.0,1.071089
51,1.287285258257924e-08,0.2610602899927333,3.6001997,3.599699,3.5999809729729737,0.0270410021126594,130.01109999997425,37,3.6000824,3.6001511,6.870000000036569e-05,130.01109999997425,37,0.973859818181818,598.0,1.0712458
52,1.2973847493873014e-08,-0.1579191499344662,3.6002216,3.5997629,3.5999877160000007,-0.3336680549932396,165.00229999999283,50,3.5998011,3.6000051,0.000204,165.00229999999283,50,0.9739329999999998,597.0,1.0713263
53,1.9339351939024687e-08,-0.4131538161375832,3.6002378,3.599679,3.59998973902439,-0.0811562732644781,134.99969999998575,41,3.6000099,3.5999765,-3.339999999996124e-05,134.99969999998575,41,0.973987,596.0,1.0713857
54,1.1286335462185629e-08,0.6362084711295268,3.6002884,3.5998068,3.5999910571428573,1.298475492620894,119.99270000000251,35,3.600132,3.5998526,-0.0002793999999997,119.99270000000251,35,0.9738534545454544,595.0,1.0712388
55,1.6852523645319223e-08,0.1502997709315424,3.6003218,3.5997658,3.600029568965518,-0.2646910761255796,104.99830000000657,29,3.5999146,3.6003218,0.0004072000000001,104.99830000000657,29,0.9733734545454544,594.0,1.0707108
56,1.9752706487800005e-08,-0.1976538970242183,3.6003189,3.5997086,3.5999999585365856,-0.23685079701862,135.00990000000456,41,3.5997763,3.5998211,4.4800000000400075e-05,135.00990000000456,41,0.9732885454545454,593.0,1.0706174
57,1.7367268200567253e-08,0.2759548451608933,3.6002226,3.5997553,3.599976113157895,-0.7542531784135429,130.0044999999809,38,3.599926,3.5999756,4.960000000009401e-05,130.0044999999809,38,0.9732699090909088,592.0,1.0705969
58,2.4114644615390195e-08,0.0475835512668064,3.600296,3.5996962,3.5999758999999996,-0.4150248635670461,139.99629999999888,40,3.6000366,3.599966,-7.059999999992073e-05,139.99629999999888,40,0.9732255454545452,591.0,1.0705481
59,1.0286897207972261e-08,0.086553416814067,3.6001911,3.5997839,3.5999535481481475,-0.2206965919834598,105.0103999999992,27,3.599988,3.5999746,-1.3400000000274304e-05,105.0103999999992,27,0.9732275454545456,590.0,1.0705503
60,2.2494932096782036e-08,0.0627495905921923,3.6002789,3.5997133,3.5999785375,-0.7112592388481209,125.00930000000515,32,3.5997906,3.5998058,1.5199999999992995e-05,125.00930000000515,32,0.9731947272727272,589.0,1.0705142
61,1.588677553342934e-08,-0.5826115370505555,3.6002035,3.5997076,3.600001752631579,-0.201090339802294,130.00540000002366,38,3.600091,3.6000948,3.7999999999982496e-06,130.00540000002366,38,0.973157818181818,588.0,1.0704736
62,1.6142870623899808e-08,0.127992773662511,3.600173,3.5997858,3.5999795705882356,-1.437885451122661,109.9994000000006,34,3.6000595,3.599987,-7.249999999991985e-05,109.9994000000006,34,0.9731260909090907,587.0,1.0704387
63,1.2758645071125917e-08,0.1008225553951159,3.600174,3.5997295,3.599954607894737,-0.5217367756436859,129.99970000001483,38,3.6001673,3.5999269,-0.0002404,129.99970000001483,38,0.9731023636363636,586.0,1.0704126
64,1.8523205923355277e-08,0.4405777775779651,3.6003761,3.5997448,3.600014642857142,0.0861246216064102,140.0046999999904,42,3.5998707,3.6002264,0.0003557,140.0046999999904,42,0.973045818181818,585.0,1.0703504
65,1.144202043868104e-08,-0.2929129850734084,3.6002693,3.5997791,3.6000134340909087,0.763443125378835,150.0064999999886,44,3.6000938,3.6002693,0.0001755000000001,150.0064999999886,44,0.9730215454545454,584.0,1.0703237
66,1.0773697822411985e-08,0.5383847067319313,3.6002703,3.5997534,3.5999558590909086,0.5907521946603538,140.0058999999892,44,3.6000557,3.5998268,-0.0002288999999997,140.0058999999892,44,0.972956,583.0,1.0702516
67,1.5541613404034124e-08,-0.3710681988289447,3.6001425,3.5997181,3.599965742222223,-1.0047241396050897,155.0119999999879,45,3.600049,3.5999365,-0.0001124999999997,155.0119999999879,45,0.972940909090909,582.0,1.070235
68,1.4353834814112688e-08,0.7744205886946474,3.6003389,3.5998449,3.6000229575,0.115861785720746,130.00789999999688,40,3.5998449,3.600131,0.0002861000000002,130.00789999999688,40,0.972885909090909,581.0,1.0701745
69,1.4448256234828471e-08,-0.578776389073418,3.6001625,3.5997238,3.5999853461538467,-0.4315085502290596,144.9943000000203,39,3.5998478,3.600132,0.0002841999999998,144.9943000000203,39,0.9728584545454544,580.0,1.0701443
70,6.590920181814965e-09,-0.436204793877484,3.600172,3.5998001,3.6000003933333335,-0.3311950652993602,160.00320000000647,45,3.6000023,3.6000385,3.62000000002638e-05,160.00320000000647,45,0.9728099999999998,579.0,1.070091
71,1.2074346693647136e-08,-0.4553206486254507,3.6001749,3.5997362,3.59997104102564,-0.2643243505411048,134.99989999999525,39,3.5997877,3.5999632,0.0001755000000001,134.99989999999525,39,0.9727855454545452,578.0,1.0700641
72,1.3598030739937668e-08,0.0354595053586525,3.6001949,3.5997047,3.599950436363636,-0.3322643285390354,145.0054999999993,44,3.5998869,3.6000118,0.0001248999999998,145.0054999999993,44,0.9727581818181816,577.0,1.070034
73,1.3564627085007553e-08,-0.946279334859502,3.6001453,3.5996647,3.599987076923077,0.3329172607909951,145.00320000000647,39,3.6001015,3.600071,-3.0500000000266425e-05,145.00320000000647,39,0.9726861818181818,576.0,1.0699548
74,2.1296446352565792e-08,0.2799407776942849,3.6003065,3.5997038,3.6000002925000003,-0.3735131089551107,140.00370000000112,40,3.5999832,3.5999928,9.599999999831963e-06,140.00370000000112,40,0.9726442727272728,575.0,1.0699087
75,1.7446290613109393e-08,0.4313915355030234,3.6002989,3.5997925,3.600012690909092,-0.2047832360390837,149.99740000002205,44,3.5998936,3.599925,3.139999999968168e-05,149.99740000002205,44,0.9726243636363636,574.0,1.0698868
76,1.688412984916464e-08,-0.2730390842570624,3.6002455,3.5996666,3.5999941269230766,-0.3958055817126693,165.0,52,3.6001558,3.6001225,-3.3300000000124896e-05,165.0,52,0.972551909090909,573.0,1.0698071
77,1.4012361048771462e-08,-0.4573736729246802,3.6002197,3.5998268,3.6000430463414643,-0.9356505485270912,145.00719999999274,41,3.6001043,3.60005,-5.429999999995161e-05,145.00719999999274,41,0.9725002727272726,572.0,1.0697503
78,1.3049441287342029e-08,-0.3955236559164443,3.6002026,3.5996799,3.599953192105263,0.3646705548061408,120.00699999998324,38,3.6001101,3.5999641,-0.0001460000000004,120.00699999998324,38,0.972471,571.0,1.0697181
79,1.33938720242957e-08,-0.6581378897130913,3.6002321,3.5997057,3.599996246153846,0.9387345854153376,130.01379999998608,39,3.600069,3.6000767,7.69999999983284e-06,130.01379999998608,39,0.9723800909090908,570.0,1.0696181
80,1.7229748818182878e-08,-0.1433893351413663,3.6001673,3.5996599,3.599926926666667,-0.3542536361153119,145.0095999999612,45,3.6000872,3.5999689,-0.0001183,145.0095999999612,45,0.972383,569.0,1.0696213
81,2.0799060429967277e-08,-0.2018810687436057,3.6002407,3.5995741,3.5999571152173915,1.0737573854600255,160.00070000003325,46,3.6000719,3.6001234,5.150000000009314e-05,160.00070000003325,46,0.972326909090909,568.0,1.0695596
82,1.1268898749999277e-08,-0.0264732470466435,3.600152,3.5997829,3.5999768285714286,-0.7671416898247378,150.00330000004033,49,3.5999403,3.5997849,-0.0001554000000001,150.00330000004033,49,0.9723301818181816,567.0,1.0695632
83,1.1522002436969744e-08,-0.3517699865989591,3.6002216,3.5997324,3.600002285714285,0.6633063016224487,130.01030000002356,35,3.6000471,3.6001072,6.0100000000229414e-05,130.01030000002356,35,0.9722902727272728,566.0,1.0695193
84,2.4206685852268092e-08,0.1346975998386049,3.6001778,3.5996723,3.599922590909091,-1.2494110446473892,120.00250000000231,33,3.5997591,3.6001148,0.0003557,120.00250000000231,33,0.9722676363636362,565.0,1.0694944
85,1.7572030830427713e-08,-0.1095954832422448,3.6002417,3.5998106,3.6000290547619054,-1.2490827198703214,140.00159999995958,42,3.5998926,3.6001844,0.0002917999999998,140.00159999995958,42,0.9721948181818182,564.0,1.0694143
86,2.1687514758618268e-08,-0.0731246530152031,3.6002998,3.59974,3.6000003199999995,-0.1694748115679325,95.01250000001164,30,3.6002026,3.6000462,-0.0001563999999998,95.01250000001164,30,0.9721460909090908,563.0,1.0693607
87,1.0588401636355874e-08,-0.378773121171343,3.6002007,3.5998144,3.60001702,-0.5401826167553514,150.0104000000283,45,3.6000023,3.6001158,0.0001135000000003,150.0104000000283,45,0.9720884545454545,562.0,1.0692973
88,1.4103358101000304e-08,-0.096522765461559,3.6003046,3.5997562,3.6000330026315788,0.8299224820012485,145.00699999998324,38,3.6001377,3.5999832,-0.0001544999999998,145.00699999998324,38,0.9720670909090908,561.0,1.0692738
89,1.8849366649659292e-08,-0.4449325738655768,3.6002417,3.599678,3.5999779040816327,-0.4169545344887382,150.01410000002943,49,3.5999556,3.60007,0.0001144000000001,150.01410000002943,49,0.9720015454545454,560.0,1.0692017
90,1.4620807701609029e-08,-0.3899409226461577,3.600152,3.5997066,3.59994985625,-0.3127285787318294,95.0114000000176,32,3.6000051,3.6001415,0.0001363999999997,95.0114000000176,32,0.9719846363636364,559.0,1.0691831
91,2.1201172487684273e-08,0.6583739606024972,3.6003714,3.5997362,3.6000236034482755,0.3164612974700089,100.00479999999516,29,3.6001806,3.6000195,-0.0001610999999996,100.00479999999516,29,0.9719472727272728,558.0,1.069142
92,1.4143828424479648e-08,-0.3329491003832756,3.600234,3.5996971,3.599975512,0.0834075474342723,170.00159999995958,50,3.6001453,3.6000319,-0.0001134,170.00159999995958,50,0.9719181818181818,557.0,1.06911
93,1.8006541684399478e-08,-0.1428048183488228,3.600297,3.5997581,3.6000003208333333,-0.7750001796555126,170.01049999997483,48,3.6001015,3.6001339,3.239999999982146e-05,170.01049999997483,48,0.9718656363636364,556.0,1.0690522
94,1.7509096717757233e-08,0.3305020129720284,3.6003065,3.5997629,3.599993765909091,-0.6831671476837182,140.0009999999893,44,3.6000319,3.599926,-0.0001058999999998,140.0009999999893,44,0.9718901818181818,555.0,1.0690792
95,1.2123014564571118e-08,-0.4334402585663282,3.6001167,3.5997419,3.5999605351351356,-0.9629480025978768,140.00479999999516,37,3.5997419,3.5998116,6.969999999961729e-05,140.00479999999516,37,0.971832818181818,554.0,1.0690161
96,1.4541493470742088e-08,0.5121636064805812,3.6003323,3.5998011,3.6000090187499993,0.4919268743456508,160.00239999999758,48,3.5998888,3.6000662,0.0001774000000001,160.00239999999758,48,0.9717733636363636,553.0,1.0689507
97,2.0364471557603663e-08,-0.2214954319874895,3.6003304,3.5996275,3.600009792105264,0.3158111681318227,135.00969999999506,38,3.599946,3.599926,-2.0000000000131024e-05,135.00969999999506,38,0.971743,552.0,1.0689173
98,1.636550766001744e-08,0.409738991897059,3.6001968,3.5996618,3.5999056868421055,-0.0093098269189164,140.0044999999809,38,3.599822,3.6001654,0.0003433999999997,140.0044999999809,38,0.9716753636363636,551.0,1.0688429
99,2.2778122262158983e-08,-0.3054458883981885,3.6003246,3.599659,3.599990177272727,-0.4429794841598342,155.0,44,3.5999327,3.5997686,-0.0001641000000001,155.0,44,0.971669,550.0,1.0688359
100,9.443383894543297e-09,-0.1455779582619223,3.6001997,3.599781,3.600001904255319,-0.2693982090955074,149.99619999999413,47,3.5998831,3.5999718,8.870000000005263e-05,149.99619999999413,47,0.9716183636363636,549.0,1.0687802
101,1.3585766365250826e-08,0.1250081084520748,3.6003456,3.5997581,3.6000254708333337,0.4101595692801481,160.00839999999152,48,3.5997896,3.5999947,0.0002051,160.00839999999152,48,0.9715523636363635,548.0,1.0687076
102,2.1050293357132067e-08,-0.1469242647156668,3.6002474,3.5996618,3.599984375,-0.2411377456040666,135.007099999988,36,3.599762,3.6002283,0.0004662999999998,135.007099999988,36,0.971534818181818,547.0,1.0686883
103,2.3556723111851873e-08,0.027550855254394,3.6002598,3.5997448,3.599993769767442,-1.204974492689228,134.99670000001788,43,3.5999231,3.600112,0.0001889000000003,134.99670000001788,43,0.9714627272727272,546.0,1.068609
104,4.89535467676296e-09,0.1009829334386092,3.6002007,3.5998354,3.5999879622222215,1.241683712833591,150.0063000000082,45,3.600049,3.5999689,-8.009999999991635e-05,150.0063000000082,45,0.971392,545.0,1.0685312
105,1.6347433137247243e-08,-0.5498076058067508,3.6002283,3.5996513,3.599963607843138,0.6669356820147003,165.00580000004263,51,3.5998878,3.5998955,7.70000000027693e-06,165.00580000004263,51,0.9713883636363636,544.0,1.0685272
106,1.6779545537003032e-08,0.4853669047909733,3.6002989,3.5997467,3.6000078849056605,-0.0661876588077712,160.0124000000069,53,3.5999451,3.6000156,7.050000000008438e-05,160.0124000000069,53,0.9712787272727272,543.0,1.0684066
107,1.2232257512608756e-08,-0.1847712765379862,3.6002789,3.5997057,3.5999905685714286,1.0606081595187309,139.99749999999767,35,3.599987,3.5999861,-8.999999998593466e-07,139.99749999999767,35,0.9712442727272728,542.0,1.0683687
108,1.0566212473119024e-08,0.1676840986556491,3.6001921,3.5997562,3.5999943225806454,0.2872840394205123,110.0126000000164,31,3.5998907,3.6000156,0.0001248999999998,110.0126000000164,31,0.9712466363636362,541.0,1.0683713
109,1.6805356243879074e-08,0.2122909333785584,3.6002617,3.599721,3.5999613129629617,-0.4817995745749579,190.0055000000284,54,3.5998507,3.5998297,-2.10000000002708e-05,190.0055000000284,54,0.9712081818181818,540.0,1.068329
110,7.908590697952326e-09,-0.6371478702257944,3.6000891,3.5997658,3.599966445999999,-0.2579403085773801,154.99690000002738,50,3.599926,3.5999641,3.8099999999818834e-05,154.99690000002738,50,0.9711890909090908,539.0,1.068308
111,1.064756020832491e-08,-0.1579310085433957,3.6002111,3.5998182,3.6000272979166668,-0.4245636329457261,160.00700000004144,48,3.600008,3.6001511,0.0001431000000002,160.00700000004144,48,0.971124,538.0,1.0682364
112,6.961864828347984e-09,-0.6688508613688374,3.6001177,3.5997705,3.5999997395348835,0.1984810607040734,145.00699999998324,43,3.6000414,3.6000919,5.049999999995336e-05,145.00699999998324,43,0.9710746363636364,537.0,1.0681821
113,1.6662684329409297e-08,-0.1054789519479165,3.6002216,3.5997162,3.6000130647058817,-0.6182915171017722,165.00659999996424,51,3.6000233,3.6001873,0.0001639999999998,165.00659999996424,51,0.9710414545454544,536.0,1.0681456
114,1.7330919537471732e-08,0.7732657381776095,3.6003094,3.5997353,3.5999793787234036,0.5832982807303768,155.00599999999395,47,3.6001015,3.6003094,0.0002078999999999,155.00599999999395,47,0.9709742727272728,535.0,1.0680717
115,1.1404582258061694e-08,-0.0410667969408138,3.600234,3.5997038,3.599995632258065,1.491348783658352,120.0046999999904,31,3.599967,3.5999956,2.86000000002673e-05,120.0046999999904,31,0.9709210909090908,534.0,1.0680132
116,1.0661240046258262e-08,-0.2239067700703997,3.6002569,3.5997648,3.599999668085107,0.2204468995477975,145.00740000000224,47,3.5999098,3.6000071,9.73000000001889e-05,145.00740000000224,47,0.9708853636363636,533.0,1.0679739
117,1.3093123239791945e-08,-0.3488261684653316,3.6002598,3.5997143,3.5999833734693873,0.4600825249258706,164.99829999997746,49,3.60005,3.5999861,-6.389999999978357e-05,164.99829999997746,49,0.9708524545454544,532.0,1.0679377
118,1.442468259591304e-08,0.374477217356475,3.600337,3.5996838,3.599981616,0.7006643673369997,165.01030000002356,50,3.5999174,3.5999565,3.909999999995861e-05,165.01030000002356,50,0.9708242727272728,531.0,1.0679067
119,1.7720830383667593e-08,0.170395274998232,3.600215,3.599719,3.599947732,-0.9523432193224752,180.01130000001285,50,3.5997286,3.6001282,0.0003995999999997,180.01130000001285,50,0.9708001818181818,530.0,1.0678802
120,1.6599039651568085e-08,0.7246645497550726,3.6002636,3.5997858,3.599978928571428,-0.3646590427095715,164.9983999999822,42,3.6000404,3.5999556,-8.480000000021803e-05,164.9983999999822,42,0.9707573636363636,529.0,1.0678331
121,1.0694198295446086e-08,-0.4703566544822853,3.6001329,3.5997639,3.599965872727273,-0.8639941228745256,110.01050000003306,33,3.60007,3.5998249,-0.0002450999999998,110.01050000003306,33,0.9707034545454546,528.0,1.0677738
122,1.6740196747482613e-08,-0.514145738777745,3.6002769,3.5996561,3.6000211345454556,0.6994005524872362,190.0023999999976,55,3.5999889,3.5999212,-6.770000000022591e-05,190.0023999999976,55,0.9706761818181816,527.0,1.0677438
123,1.0447368404039129e-08,-0.5573377705825115,3.600174,3.5997105,3.5999857022222224,0.8993926853342766,150.00450000003912,45,3.5998812,3.6000166,0.0001354,150.00450000003912,45,0.9705791818181816,526.0,1.0676371
124,1.3973639579715082e-08,0.0840780717041879,3.6002674,3.5997429,3.599984732608696,-0.2322979432207144,160.00870000000577,46,3.600131,3.5999584,-0.0001726000000004,160.00870000000577,46,0.9705120909090909,525.0,1.0675633
125,1.3042099582490582e-08,0.276106930075888,3.6001959,3.5997925,3.599965330909091,-1.0275470801087758,179.99870000005467,55,3.5998669,3.6000853,0.0002184,179.99870000005467,55,0.9704348181818182,524.0,1.0674783
126,9.507040772955997e-09,-0.4846238627375375,3.600131,3.5997686,3.5999861521739125,-0.330257804016449,145.0092999999761,46,3.5997915,3.600071,0.0002794999999999,145.0092999999761,46,0.970385909090909,523.0,1.0674245
127,1.4029405929698517e-08,-0.0329430196501119,3.6002111,3.5997152,3.5999712191489355,-0.4495516398237096,175.00139999995008,47,3.5998402,3.5999832,0.000143,175.00139999995008,47,0.9703739999999998,522.0,1.0674114
128,1.6585724853072354e-08,0.0517842173405664,3.6002884,3.5996265,3.599951938,0.1888700305174899,175.0005999999703,50,3.5999489,3.6000795,0.0001306000000003,175.0005999999703,50,0.9702847272727272,521.0,1.0673132
129,1.6036727882340886e-08,-0.0421538146452904,3.6002102,3.5997419,3.5999801176470587,-1.1796052347881116,175.00340000004508,51,3.599803,3.5998755,7.249999999991985e-05,175.00340000004508,51,0.9702531818181818,520.0,1.0672785
130,1.1188781082333004e-08,-0.4211698632589624,3.6002331,3.5997734,3.60000599787234,0.6820046871389973,145.01339999999618,47,3.6000595,3.5999622,-9.73000000001889e-05,145.01339999999618,47,0.9701906363636364,519.0,1.0672097
131,1.6554932218727733e-08,0.0614893513522351,3.6002274,3.59974,3.5999703203703706,-0.7705709597603261,160.01439999998547,54,3.6001072,3.5999222,-0.0001850000000001,160.01439999998547,54,0.9701196363636364,518.0,1.0671316
132,1.1747401509433977e-08,-0.1177293869050589,3.6002693,3.5997419,3.6000025333333343,0.5529313948487431,170.00949999998556,54,3.6000443,3.5998716,-0.0001726999999998,170.00949999998556,54,0.9700392727272727,517.0,1.0670432
133,1.3580462924519462e-08,0.3706360598360705,3.6002798,3.5998011,3.5999982833333344,-0.3324963266222998,170.0076000000117,54,3.5998745,3.6000404,0.0001659000000002,170.0076000000117,54,0.9699692727272726,516.0,1.0669662
134,1.5833417730619155e-08,-0.6363212649045822,3.600276,3.5996237,3.599972732,0.618641888294249,174.99320000002626,50,3.5998631,3.599988,0.0001249000000003,174.99320000002626,50,0.9699406363636364,515.0,1.0669347
135,2.4696596821712273e-08,-0.1840013872581724,3.6003036,3.5996885,3.6000061279069775,-0.7445502111418039,175.00109999999404,43,3.5997553,3.600049,0.0002936999999998,175.00109999999404,43,0.9698537272727272,514.0,1.0668391
136,1.3872473223983512e-08,-0.2604717169686815,3.600194,3.5997534,3.5999877673076925,-0.9258784001416868,169.99910000001546,52,3.6000423,3.6000185,-2.3800000000129273e-05,169.99910000001546,52,0.9698520909090907,513.0,1.0668373
137,1.5859632646466953e-08,0.2325115641972794,3.6002054,3.5997133,3.5999478911111114,-0.507175342562022,160.0016000000178,45,3.5998955,3.5999956,0.0001001,160.0016000000178,45,0.9698037272727272,512.0,1.0667841
138,1.1200630795556776e-08,-0.4747494173837372,3.6001759,3.5997229,3.599977391489362,0.5006302453386215,160.01189999998314,47,3.5997229,3.5999813,0.0002583999999998,160.01189999998314,47,0.9697938181818182,511.0,1.0667732
139,2.1915234070599332e-08,-0.1199374247017517,3.6002865,3.5996952,3.600013241176471,-0.3791885624086184,170.0014000000083,51,3.5999546,3.5999928,3.8200000000099266e-05,170.0014000000083,51,0.9697426363636364,510.0,1.0667169
140,1.839715569727621e-08,-0.063324404301564,3.6002512,3.5997047,3.599989118367347,-0.3965896378345084,175.0007999999798,49,3.5998192,3.6000204,0.0002011999999997,175.0007999999798,49,0.969726909090909,509.0,1.0666996
141,1.780295779524615e-08,-0.0900785449676147,3.6003208,3.5996714,3.600007564814814,0.7255221114021624,175.00960000004852,54,3.599843,3.5999889,0.0001459000000001,175.00960000004852,54,0.9696775454545454,508.0,1.0666453
142,1.0490147555553353e-08,-0.1562209130336728,3.6002693,3.5997477,3.600023351111111,0.992621130633855,165.0118000000366,45,3.5999632,3.6001158,0.0001526000000002,165.0118000000366,45,0.9695874545454546,507.0,1.0665462
143,1.0887024634353916e-08,-1.148683363211956,3.6001644,3.5996628,3.5999844510204073,1.2176059489460065,174.99869999999646,49,3.6000299,3.6000528,2.2899999999825837e-05,174.99869999999646,49,0.969540818181818,506.0,1.0664949
144,1.2673022142860998e-08,-0.4701303045179965,3.6001787,3.5997448,3.5999860928571428,-0.0967966972578437,150.00459999998566,42,3.6000786,3.5999908,-8.779999999974919e-05,150.00459999998566,42,0.9694915454545454,505.0,1.0664407
145,1.8394460407247588e-08,-0.0763110074840029,3.6002846,3.5997124,3.6000020192307693,-0.3680287375113282,170.00260000000708,52,3.5997124,3.6000481,0.0003356999999999,170.00260000000708,52,0.9694364545454544,504.0,1.0663801
146,1.6241422959193717e-08,0.1477895091111297,3.6002502,3.5997362,3.59998717,-0.6103152789491486,169.99890000000596,50,3.5999193,3.5999947,7.540000000005875e-05,169.99890000000596,50,0.9693873636363636,503.0,1.0663261
147,2.028523310100492e-08,-0.0979738183009675,3.6003075,3.5996857,3.6000149088888884,0.3119446116525584,155.01189999998314,45,3.5998974,3.6000767,0.0001792999999996,155.01189999998314,45,0.9693199999999998,502.0,1.066252
148,2.37720482075478e-08,-0.0724602246302617,3.6002808,3.5996666,3.600007450000001,-0.5937424474507744,180.00780000002123,54,3.5999899,3.5998955,-9.440000000005e-05,180.00780000002123,54,0.9692866363636364,501.0,1.0662153
149,1.4596158367350417e-08,0.0304285979861977,3.6002474,3.5997543,3.60001398,-0.3259462395433363,170.0009999999893,50,3.6002474,3.5999641,-0.0002833000000004,170.0009999999893,50,0.9692536363636364,500.0,1.066179
150,9.132558126566725e-09,0.2601999461460982,3.6002254,3.5998373,3.600015738596491,-0.0355124120130549,185.01190000004135,57,3.6000795,3.6000919,1.2399999999690436e-05,185.01190000004135,57,0.9691965454545454,499.0,1.0661162
151,1.6166784375902766e-08,0.090598709909727,3.6002693,3.5997677,3.6000033283018857,-0.4794204986908825,184.99670000001788,53,3.5998678,3.5998917,2.3899999999965615e-05,184.99670000001788,53,0.9691649999999998,498.0,1.0660815
152,2.6132501956520386e-08,-0.1407204513498432,3.6002665,3.5996408,3.5999938934782607,-0.7947151201473854,154.99930000002496,46,3.6000948,3.5998783,-0.0002165,154.99930000002496,46,0.9691140909090908,497.0,1.0660255
153,2.0554691236793892e-08,-0.1909175614622317,3.6002693,3.5996828,3.6000165115384615,-0.2862459846629148,165.0064999999595,52,3.5999966,3.5998974,-9.919999999974394e-05,165.0064999999595,52,0.969045818181818,496.0,1.0659504
154,1.7625260666670103e-08,0.2992656098968152,3.6003351,3.5996771,3.599985733333334,0.0597052070972141,175.00500000000466,51,3.5998039,3.5998163,1.2400000000134526e-05,175.00500000000466,51,0.9690064545454544,495.0,1.0659071
155,1.3294690152390892e-08,-0.3533392278732785,3.6002121,3.5997705,3.600004015094339,-0.8314525231570333,185.00250000000233,53,3.599802,3.6002121,0.0004100999999998,185.00250000000233,53,0.9689376363636364,494.0,1.0658314
156,1.6616023971618046e-08,0.228467777603766,3.6002274,3.5997696,3.5999956333333327,-0.9213211867035462,160.00800000003073,48,3.5998287,3.5999842,0.0001554999999999,160.00800000003073,48,0.9688730909090908,493.0,1.0657604
157,1.0382265357614973e-08,-0.4265917856755112,3.6001301,3.5997715,3.5999888205128205,-0.8586020132293508,145.0060999999987,39,3.5998268,3.5999699,0.0001430999999998,145.0060999999987,39,0.9688152727272726,492.0,1.0656968
158,1.7955856312052386e-08,0.629792458818173,3.6003456,3.5997725,3.5999846333333334,0.4117397811014638,180.0065000000177,48,3.6001949,3.6002846,8.97000000001924e-05,180.0065000000177,48,0.968741,491.0,1.0656151
159,1.2044915153277126e-08,0.1121204300703962,3.6002626,3.5997906,3.599984670454545,-0.1547766308303053,174.99789999995846,44,3.6001616,3.6000004,-0.0001611999999999,174.99789999995846,44,0.9686972727272726,490.0,1.065567
160,1.7827985134134143e-08,0.4360135104529908,3.6004343,3.5997133,3.599999855319149,1.3081712077123404,165.00849999999627,47,3.6000347,3.5999737,-6.100000000008876e-05,165.00849999999627,47,0.9686242727272726,489.0,1.0654867
161,8.624947678073352e-09,-0.2197142602775035,3.6002283,3.5997715,3.6000117595744676,0.3402439265109862,164.99969999998575,47,3.6000719,3.599946,-0.0001259,164.99969999998575,47,0.9685811818181818,488.0,1.0654393
162,1.9027350758567173e-08,0.327627625975663,3.6002979,3.5997133,3.6000059574468084,-0.4779129406593814,165.01420000003418,47,3.6002111,3.60007,-0.0001411,165.01420000003418,47,0.9685660909090908,487.0,1.0654227
163,1.5157479623371808e-08,0.1953923867255202,3.600256,3.5997734,3.6000118464285715,-0.7883850562114905,190.0,56,3.5999451,3.5998211,-0.0001239999999995,190.0,56,0.968683818181818,486.0,1.0655522
164,1.8030677506126883e-08,-0.1052647672914351,3.6002893,3.5996504,3.599972062000001,0.1142346549521717,174.99710000003688,50,3.6001348,3.6000538,-8.100000000021979e-05,174.99710000003688,50,0.9687064545454546,485.0,1.0655771
165,1.1414327644563383e-08,0.4725455211829084,3.6001873,3.5997829,3.5999401163265308,-0.2148126382488464,160.01259999995818,49,3.5999146,3.5998774,-3.719999999995949e-05,160.01259999995818,49,0.9686238181818182,484.0,1.0654862
166,1.7385667525430046e-08,-0.0228425457076399,3.6003752,3.5996618,3.5999933399999997,1.0180403152009343,185.0,60,3.6002522,3.6000109,-0.0002412999999998,185.0,60,0.9684817272727272,483.0,1.0653299
167,2.4694988831077957e-08,0.4011920953482312,3.6003523,3.5997753,3.600001266101695,-1.0253170473381514,190.00359999999637,59,3.5998707,3.5999041,3.339999999996124e-05,190.00359999999637,59,0.9683083636363636,482.0,1.0651392
168,1.3568101794266072e-08,-0.4493582814399375,3.6002836,3.5997028,3.599997257627119,0.3598826445372691,190.01029999996535,59,3.6000824,3.5999832,-9.919999999974394e-05,190.01029999996535,59,0.9682565454545452,481.0,1.0650822
169,1.9060908007843996e-08,-0.2497647157990107,3.6002493,3.5997238,3.59998951372549,-0.3009716838342258,185.00390000001065,51,3.6000166,3.5998888,-0.0001278,185.00390000001065,51,0.9681560909090908,480.0,1.0649717
170,2.6010564489808697e-08,0.0658188700985011,3.6003838,3.5997114,3.60002836,-0.8358969146877451,185.00479999999516,50,3.5999069,3.5999022,-4.700000000301685e-06,185.00479999999516,50,0.9682372727272728,479.0,1.065061
171,1.4455810901642549e-08,-0.3080692823278989,3.6001663,3.5997438,3.5999669098360645,-0.7384883738359749,204.99930000002496,61,3.5999937,3.6000938,0.0001000999999996,204.99930000002496,61,0.9683238181818182,478.0,1.0651562
172,1.4717083918829677e-08,-0.0806724086337442,3.6002426,3.5997133,3.6000105410714283,-0.4502741300694568,180.00450000003912,56,3.5999193,3.5999517,3.240000000026555e-05,180.00450000003912,56,0.9683570909090908,477.0,1.0651928
173,1.9288204564708372e-08,-0.3870771005635113,3.6002426,3.5997324,3.600003105882354,-0.687884003999848,190.0023999999976,51,3.6000919,3.5997934,-0.0002984999999999,190.0023999999976,51,0.9683515454545452,476.0,1.0651867
174,1.7829087975107788e-08,-0.1124473990263294,3.600174,3.5997028,3.5999585288461544,-0.8101875836581844,170.0071000000462,52,3.6000729,3.5999069,-0.0001659999999996,170.0071000000462,52,0.9682816363636364,475.0,1.0651098
175,1.0505850188679736e-08,-0.390342357685485,3.6002293,3.5997572,3.6000565018867916,0.0324764361320766,175.00340000004508,53,3.6000481,3.6000786,3.0499999999822336e-05,175.00340000004508,53,0.9682005454545454,474.0,1.0650206
176,1.868225790169143e-08,0.1012338877879329,3.6002502,3.5997477,3.599977752272727,-0.9682475994841884,165.01209999993443,44,3.5999174,3.6000023,8.490000000005438e-05,165.01209999993443,44,0.9681165454545454,473.0,1.0649282
177,2.4552690996629268e-08,-0.0756769769597676,3.6003485,3.5996218,3.600021341818181,-0.2305252354772187,185.0071000000462,55,3.6001453,3.6000757,-6.959999999978095e-05,185.0071000000462,55,0.9679607272727272,472.0,1.0647568
178,9.501330232223752e-09,-0.0810446785073252,3.6002445,3.5997543,3.600011852830188,-0.3577924812231994,185.0119999999879,53,3.5998564,3.6001387,0.0002822999999998,185.0119999999879,53,0.9677632727272728,471.0,1.0645396
179,1.3529477342854742e-08,-0.2417579711478693,3.6002321,3.5996599,3.5999785020000004,-0.0355153616399923,175.00599999993574,50,3.6001167,3.5998077,-0.0003090000000001,175.00599999993574,50,0.9677213636363636,470.0,1.0644935
180,2.1666914480185195e-08,0.1241256470153174,3.600317,3.5996809,3.599973542424243,-0.3051887327992273,195.0023999999976,66,3.6000347,3.6001558,0.0001210999999998,195.0023999999976,66,0.967661818181818,469.0,1.064428
181,1.4235236302263822e-08,0.2455683888457662,3.600235,3.5997143,3.599981338333334,-0.3257410096757267,200.002000000095,60,3.6001101,3.6000137,-9.640000000032956e-05,200.002000000095,60,0.9676081818181816,468.0,1.064369
182,1.5849671689074115e-08,0.1390325025736397,3.6002512,3.599719,3.599985362711864,-0.46015661437723,215.00300000002608,59,3.6001387,3.5999336,-0.0002051,215.00300000002608,59,0.9675616363636362,467.0,1.0643178
183,1.4634542827920098e-08,0.0728515575472535,3.6002111,3.599762,3.599977916071428,-1.1942082283763351,175.0006000000285,56,3.6001072,3.6000404,-6.679999999992248e-05,175.0006000000285,56,0.9674894545454544,466.0,1.0642384
184,1.6237316076168958e-08,-0.1383341096629332,3.6002817,3.5996933,3.599990757407408,0.2811563155926087,190.00150000001304,54,3.5998592,3.5999269,6.769999999978182e-05,190.00150000001304,54,0.9674300909090908,465.0,1.0641731
185,2.4905763185105063e-08,-0.3154487609886721,3.6002693,3.5996313,3.599979987931035,-0.5235281820153825,190.00340000004508,58,3.6001854,3.6001091,-7.62999999999181e-05,190.00340000004508,58,0.9673642727272728,464.0,1.0641007
186,1.3802481560231991e-08,0.0577444912695371,3.6002827,3.5997343,3.599992481132076,0.2982712105552814,185.00170000002257,53,3.5999784,3.6000233,4.490000000023642e-05,185.00170000002257,53,0.9673136363636362,463.0,1.064045
187,2.04713206603714e-08,0.237516465691357,3.6004124,3.5997677,3.6000735166666664,-0.3374804090233541,185.00400000007355,54,3.5999184,3.6002321,0.0003136999999999,185.00400000007355,54,0.9672421818181816,462.0,1.0639664
188,1.3196454942029225e-08,0.052564502827825,3.6002445,3.5997801,3.5999813195652166,-0.7416901140483008,175.00529999984428,46,3.5998688,3.6001663,0.0002975000000002,175.00529999984428,46,0.9671741818181818,461.0,1.0638916
189,2.3608331835184996e-08,-0.1447963142761007,3.6003456,3.5996695,3.6000232542372883,-0.1632459178059879,180.00260000000708,59,3.5999594,3.6000576,9.820000000004824e-05,180.00260000000708,59,0.9671459090909093,460.0,1.0638605
190,1.9766142092760946e-08,0.123795656241134,3.6002836,3.5997543,3.600011621153846,-0.8924240187850372,195.0014000000665,52,3.6000061,3.6000023,-3.7999999999982496e-06,195.0014000000665,52,0.9671987272727272,459.0,1.0639186
191,2.1700936568182402e-08,0.4209052431740552,3.6003561,3.5997581,3.6000055375,-0.2359320086851872,195.0063000000082,56,3.6001568,3.6003561,0.0001992999999997,195.0063000000082,56,0.9672962727272728,458.0,1.0640259
192,1.7344038511796923e-08,-0.8052627941616648,3.6002665,3.5996504,3.599986179310345,0.690421542386717,200.0093999999808,58,3.6000214,3.5998936,-0.0001278,200.0093999999808,58,0.9673000909090907,457.0,1.0640301
193,2.5232561205666863e-08,-0.3679657860756292,3.6002178,3.5996447,3.599967658333334,-0.9200636870559188,175.00929999991786,48,3.5998402,3.599824,-1.6200000000132775e-05,175.00929999991786,48,0.9671992727272726,456.0,1.0639192
194,2.2087812470583727e-08,0.1639130379299485,3.6003065,3.5997076,3.6000016411764704,-0.4663231382704098,180.00559999991674,51,3.5999851,3.6001472,0.0001620999999998,180.00559999991674,51,0.9670226363636364,455.0,1.0637249
195,1.5635279759879772e-08,-0.0773189095223789,3.600234,3.5996723,3.599985058333333,-0.6046642591708946,210.0077999999048,60,3.5999641,3.5998402,-0.0001238999999997,210.0077999999048,60,0.9668500909090908,454.0,1.0635351
196,1.9514352822110818e-08,0.3425983531969465,3.6003294,3.5998201,3.6000246246153846,-0.6131873381372137,210.00640000007115,65,3.6003056,3.5999527,-0.0003529000000002,210.00640000007115,65,0.9667637272727272,453.0,1.0634401
197,2.3029224240438408e-08,-0.4256330819298679,3.6002951,3.5995998,3.600007767213115,-0.1651843553326304,205.00390000001065,61,3.5999565,3.6000757,0.0001192000000003,205.00390000001065,61,0.9667649090909092,452.0,1.0634414
198,1.8781480540982743e-08,-0.4931645072847629,3.6003103,3.599678,3.600024850819672,-0.3553383314986313,200.0007999999216,61,3.6000099,3.5998421,-0.0001677999999998,200.0007999999216,61,0.9669233636363636,451.0,1.0636157
199,2.8327552850808613e-08,-0.4353770298472715,3.6003456,3.5996122,3.6000129621212125,-0.2157317437474439,220.0015999999596,66,3.5999861,3.5999298,-5.6300000000231165e-05,220.0015999999596,66,0.967030818181818,450.0,1.0637339
200,2.0428522559910785e-08,-0.4837866961474142,3.600193,3.5996237,3.5999635050847454,-0.5971862200231453,195.0052999999607,59,3.6000671,3.6000872,2.009999999996737e-05,195.0052999999607,59,0.967075818181818,449.0,1.0637834
201,2.2044568609018573e-08,0.5914425188253111,3.6003666,3.5997152,3.599987447368421,-0.4257952661052231,190.00800000003073,57,3.6001616,3.5998058,-0.0003557999999999,190.00800000003073,57,0.9670598181818182,448.0,1.0637658
202,2.0960041402597473e-08,0.0548030394478123,3.6003265,3.5997143,3.6000054571428572,-0.6175045277147988,205.00929999991783,56,3.5998211,3.6000299,0.0002087999999997,205.00929999991783,56,0.9670356363636364,447.0,1.0637392
203,1.7545919974371196e-08,0.2390573930925986,3.6003218,3.5997486,3.600011945,-0.0156334441709593,158.19270000001416,40,3.6000681,3.599782,-0.0002861000000002,158.19270000001416,40,0.9668002727272724,446.0,1.0634803
204,2.1332462322204346e-08,0.7400358825258685,3.6003275,3.5997,3.5999628132075485,0.5059849309975406,195.0029000000795,53,3.5997896,3.6001701,0.0003805000000003,195.0029000000795,53,0.9668387272727272,445.0,1.0635226
205,1.9133732903216724e-08,-0.525815812209121,3.6002216,3.5996904,3.600004099999999,-0.417728862379338,200.0063999999547,63,3.5999641,3.5999765,1.2400000000134526e-05,200.0063999999547,63,0.9666366363636364,444.0,1.0633003
206,1.3431641882353204e-08,-1.085958493095723,3.6001549,3.599638,3.599985482352941,1.2347144583916791,175.00539999990724,51,3.5999985,3.5999823,-1.6199999999688686e-05,175.00539999990724,51,0.966306909090909,443.0,1.0629376
207,1.9193699279478706e-08,-0.1081040639267985,3.6002388,3.5996943,3.599997412727273,-0.9025633071944594,185.01110000000335,55,3.6002016,3.5998688,-0.0003328000000002,185.01110000000335,55,0.9661795454545454,442.0,1.0627975
208,2.6364654116555754e-08,0.1809609272643557,3.6004057,3.5996599,3.599958473684211,-0.1840904882309191,200.0051000000676,57,3.5997877,3.6000357,0.000248,200.0051000000676,57,0.9660834545454544,441.0,1.0626918
209,1.1205450863095769e-08,-0.0767468122840445,3.6001987,3.5997772,3.599985365625,-0.639004333940683,210.00089999998457,64,3.5998125,3.5999384,0.0001259,210.00089999998457,64,0.9660127272727272,440.0,1.062614
210,9.264932870059785e-09,-0.3293580619425429,3.6002836,3.5997963,3.6000219033333343,0.4513774261716667,195.00619999994524,60,3.6002092,3.6000776,-0.0001316,195.00619999994524,60,0.9659324545454544,439.0,1.0625257
211,2.1826064167144204e-08,0.2187652991709413,3.6003103,3.5997343,3.599989511864407,-0.5722702969145526,215.0015999999596,59,3.5997343,3.5997639,2.959999999996299e-05,215.0015999999596,59,0.9658793636363636,438.0,1.0624673
212,1.3832774213839391e-08,0.0952656651629139,3.6002827,3.5997629,3.5999832888888883,-0.4490347575919249,195.0125999999,54,3.6002827,3.6000252,-0.0002575,195.0125999999,54,0.9658066363636362,437.0,1.0623873
213,1.4499283633818504e-08,-0.4903527994863983,3.6002016,3.599679,3.5999956703703697,-0.4633240155113896,195.00560000003316,54,3.6001072,3.5998449,-0.0002623000000001,195.00560000003316,54,0.9657477272727272,436.0,1.0623225
214,1.8301870188673792e-08,-0.2175767773922463,3.6002169,3.5997076,3.5999699,-0.5829744997696054,195.0117999999784,54,3.6000214,3.5999098,-0.0001116000000003,195.0117999999784,54,0.9656804545454544,435.0,1.0622485
215,2.474183876768224e-08,-0.189869514424804,3.6002741,3.599678,3.6000083622222214,-0.7725042222852161,170.01350000011735,45,3.5999718,3.5998306,-0.0001411999999998,170.01350000011735,45,0.965653,434.0,1.0622183
216,1.808049102130985e-08,0.1258770882377088,3.6002817,3.5997419,3.599989492982456,-0.1485171808444039,200.0093999998644,57,3.5997553,3.5997524,-2.9000000001389026e-06,200.0093999998644,57,0.9656556363636364,433.0,1.0622212
217,1.5809130695489893e-08,-0.216904918921512,3.6002665,3.5997581,3.600024742105263,-0.5893594683936683,200.00969999993688,57,3.6000061,3.5999088,-9.72999999997448e-05,200.00969999993688,57,0.9656674545454544,432.0,1.0622342
218,2.403184766329948e-08,-0.3302219252124436,3.6003256,3.5996847,3.6000236218181825,-0.0874841002762245,205.0082999999868,55,3.6002026,3.6002922,8.960000000035606e-05,205.0082999999868,55,0.9657086363636364,431.0,1.0622795
219,2.5018964150939543e-08,-0.2518649295164939,3.6002808,3.5996742,3.6000122666666665,-0.6639260716524022,190.0117999999784,54,3.5996742,3.6002216,0.0005473999999998,190.0117999999784,54,0.9657674545454544,430.0,1.0623442
220,1.5550237898315114e-08,0.5425332901819553,3.6004477,3.5997448,3.59998088,2.218229087776772,205.00260000000708,60,3.599824,3.6000185,0.0001945,205.00260000000708,60,0.9657588181818182,429.0,1.0623347
221,1.1789720193592236e-08,0.5520308106082926,3.6002131,3.5997963,3.5999856344827585,-0.2439679001891499,200.00170000002257,58,3.599864,3.6000118,0.0001477999999996,200.00170000002257,58,0.9655411818181816,428.0,1.0620953
222,2.1061007371456493e-08,0.5556927372357325,3.6002979,3.5997391,3.599980729310345,-0.2848667089746564,215.00539999990724,58,3.5997868,3.5999069,0.0001201000000001,215.00539999990724,58,0.9653270909090907,427.0,1.0618598
223,9.15165553389788e-09,-0.2191232519710967,3.6001644,3.5997734,3.599993385,-0.3620345856346816,220.00150000001304,60,3.5998497,3.6001644,0.0003147000000001,220.00150000001304,60,0.9652450909090908,426.0,1.0617696
224,1.5189250948052292e-08,-0.2691192500094642,3.6002312,3.5997639,3.599996782142857,-0.6627443491813643,195.0097999998834,56,3.5999088,3.600091,0.0001821999999997,195.0097999998834,56,0.9651563636363636,425.0,1.061672
225,1.3211730926778685e-08,-0.0365237216685258,3.6003141,3.5996914,3.6000160507936503,1.3039914713965084,200.00419999996663,63,3.6001301,3.6000299,-0.0001001999999998,200.00419999996663,63,0.9651096363636362,424.0,1.0616206
226,1.1119470326559796e-08,-0.6404193918299076,3.6001863,3.5996714,3.59999649245283,0.6979603596346267,195.0004999999655,53,3.599884,3.5998764,-7.599999999996499e-06,195.0004999999655,53,0.9651851818181818,423.0,1.0617037
227,1.6173384331792495e-08,-0.0854306894929192,3.6002665,3.5997181,3.599972495238095,-0.2580021670979509,200.0102000000188,63,3.6000366,3.6000137,-2.2900000000269927e-05,200.0102000000188,63,0.9652474545454544,422.0,1.0617722
228,1.2716646473076569e-08,0.2015200463066034,3.6002178,3.599781,3.599997613793103,-0.7415659803414072,210.0014000000665,58,3.6001215,3.5999641,-0.0001574000000004,210.0014000000665,58,0.9652424545454544,421.0,1.0617667
229,1.8954040277776258e-08,0.3707989119453762,3.6003561,3.5996456,3.60000491875,0.0691985161645276,220.00800000003073,64,3.6001244,3.5999184,-0.0002059999999999,220.00800000003073,64,0.9652271818181816,420.0,1.0617499
230,1.8577175878792743e-08,-0.210709218238163,3.6003189,3.5997543,3.60003566909091,-0.3169436622776538,170.00010000006296,55,3.6000376,3.6001329,9.530000000035344e-05,170.00010000006296,55,0.9651506363636364,419.0,1.0616657
231,1.4618782488477632e-08,-0.7268207890935109,3.6002512,3.5996342,3.6000024428571433,1.1114579573767225,225.00310000008903,63,3.6000185,3.5998535,-0.0001649999999999,225.00310000008903,63,0.965067,418.0,1.0615737
232,1.904706289904204e-08,-0.033043607727743,3.6003036,3.599597,3.599980166153846,0.2979781920091358,230.0002000000095,65,3.6000156,3.5998783,-0.0001373,230.0002000000095,65,0.964973818181818,417.0,1.0614712
233,1.5523469962979572e-08,-0.1465541955547087,3.6002426,3.5996695,3.5999837709677416,0.2285259706483429,210.00849999999627,62,3.5998545,3.5999823,0.0001278,210.00849999999627,62,0.9647256363636364,416.0,1.0611982
234,1.5543018064981586e-08,0.1962721981021021,3.6002979,3.599741,3.6000005416666667,-0.5171402893627541,205.0044999999227,60,3.5999928,3.599884,-0.0001088,205.0044999999227,60,0.9645915454545454,415.0,1.0610507
235,2.1937910758557195e-08,0.2615134559790518,3.6003571,3.5996618,3.599987042553192,0.0652438170433349,175.0,47,3.6000538,3.5998964,-0.0001573999999999,175.0,47,0.9645490909090908,414.0,1.061004
236,1.5732462375963008e-08,0.205069373944958,3.6002827,3.5997982,3.600012637037036,-0.6992693884859462,194.99439999996684,54,3.5999432,3.5998459,-9.72999999997448e-05,194.99439999996684,54,0.9644621818181816,413.0,1.0609084
237,6.820780603316805e-09,-0.3432601590284813,3.600172,3.599802,3.5999902692307697,-0.0469966230189324,164.998399999924,52,3.6000566,3.6000643,7.70000000027693e-06,164.998399999924,52,0.964409909090909,412.0,1.0608509
238,1.2554457093222072e-08,0.2126674275644813,3.6002541,3.5998173,3.6000355049999992,-0.7544057255297476,200.01189999992496,60,3.6002388,3.5999851,-0.0002537,200.01189999992496,60,0.9643109999999998,411.0,1.0607421
239,1.5386628749131765e-08,-0.0709102687470661,3.600275,3.5997133,3.600008974074074,-0.4684642242884784,195.00150000001304,54,3.6001711,3.600029,-0.0001420999999997,195.00150000001304,54,0.9642335454545452,410.0,1.0606569
240,1.432173775000564e-08,-0.4825520348156262,3.6002312,3.5997314,3.60001274,-0.4772534627442542,220.00540000002368,65,3.5999355,3.600152,0.0002165,220.00540000002368,65,0.964158909090909,409.0,1.0605748
241,1.4549342736574549e-08,0.7200096166915064,3.6003857,3.599824,3.6000304304347828,1.1762024317346738,220.00490000005811,69,3.6000996,3.5999737,-0.0001259,220.00490000005811,69,0.9640953636363636,408.0,1.0605049
242,1.9233689677590275e-08,-0.0153682182791007,3.6002693,3.5996618,3.600015336065574,-0.108919400649365,215.00440000009257,61,3.6001301,3.6001062,-2.3899999999965615e-05,215.00440000009257,61,0.9640451818181816,407.0,1.0604497
243,2.1610238132433098e-08,0.0031241929908865,3.6003656,3.5996885,3.6000101109375,-0.1715039616845879,205.01130000001285,64,3.599925,3.6000795,0.0001545000000002,205.01130000001285,64,0.9640053636363636,406.0,1.0604059
244,1.2263176980229548e-08,-0.1174967958636381,3.6002398,3.5997505,3.5999935283333335,0.0934720922035521,205.000800000038,60,3.5997505,3.5999174,0.0001668999999999,205.000800000038,60,0.9639725454545452,405.0,1.0603698
245,2.3801488557144864e-08,0.1749688900877871,3.6003695,3.5997791,3.6000527327586207,-0.6066614793756653,195.00970000005327,58,3.5999546,3.6000557,0.0001011000000001,195.00970000005327,58,0.9639575454545454,404.0,1.0603533
246,1.6745405289621557e-08,0.3408757953708898,3.6002903,3.5997086,3.5999852934426233,-0.0176918391575697,215.0023999999976,61,3.5998707,3.5999069,3.62000000002638e-05,215.0023999999976,61,0.9640192727272726,403.0,1.0604212
247,2.0429626207846293e-08,-0.0270217218869879,3.6002979,3.5997543,3.6000400171875,-0.5953036659215853,215.0122999999439,64,3.6000643,3.6000805,1.6199999999688686e-05,215.0122999999439,64,0.9640580909090908,402.0,1.0604639
248,1.8251895983434272e-08,-0.3841301087058361,3.6002502,3.5996542,3.5999959714285716,0.2530807078677162,230.0063000000082,70,3.6001444,3.6000147,-0.0001297,230.0063000000082,70,0.9639377272727272,401.0,1.0603315
249,1.8743301408528333e-08,-0.4645172421377517,3.600317,3.5997181,3.6000328118644074,-0.3152148108499655,215.00729999993928,59,3.5997887,3.600069,0.0002803,215.00729999993928,59,0.9637599999999998,400.0,1.060136
250,1.575749859607197e-08,0.0846568110322472,3.6002102,3.5997925,3.6000051686274506,-1.3339598775535395,190.0119999999879,51,3.5998402,3.6001358,0.0002955999999998,190.0119999999879,51,0.9635814545454544,399.0,1.0599396
251,2.599081659614163e-08,-0.1628282563595448,3.6003742,3.5996771,3.6000123676923077,-0.2498493901881824,215.00380000006407,65,3.6000071,3.5996771,-0.0003299999999999,215.00380000006407,65,0.9634997272727271,398.0,1.0598497
252,2.3317261153846042e-08,-0.1631189437346799,3.6003313,3.5996027,3.599990661538462,0.0375587434999662,215.0066999999108,65,3.5999088,3.6000185,0.0001096999999998,215.0066999999108,65,0.9634250909090908,397.0,1.0597676
253,2.3575969604080924e-08,-0.0965648772814416,3.6003237,3.5996675,3.5999995480769234,-0.2261840683326164,188.20590000005905,52,3.5997114,3.5996675,-4.390000000009664e-05,188.20590000005905,52,0.9633060909090908,396.0,1.0596367
254,1.9680276300406578e-08,0.0536455923707641,3.6003313,3.5996857,3.6000033440677965,-0.2090170660598573,221.3583000000799,59,3.599822,3.599803,-1.899999999999125e-05,221.3583000000799,59,0.9634144545454544,395.0,1.0597559
255,1.7134150864660892e-08,-0.2279548265107036,3.6002264,3.599699,3.6000039052631583,-0.4942960506875975,197.17619999998715,57,3.6001492,3.5997944,-0.0003548000000002,197.17619999998715,57,0.963363,394.0,1.0596993
256,2.258146092678131e-08,-0.1433518677081457,3.6003456,3.5996466,3.5999822936507937,0.0596680845980519,206.4240999999456,63,3.600029,3.5997581,-0.0002709000000002,206.4240999999456,63,0.9634557272727272,393.0,1.0598013
257,1.5445967446723903e-08,0.1441353682937112,3.6002979,3.5997515,3.600025392753623,-0.5782726431965344,235.00419999996663,69,3.6002092,3.5999432,-0.0002660000000003,235.00419999996663,69,0.963471909090909,392.0,1.0598191
258,2.3465912123221408e-08,0.0974595448015895,3.6002598,3.5997143,3.5999788645833335,-1.1100722662390785,180.8039000000572,48,3.6000795,3.5998363,-0.0002431999999998,180.8039000000572,48,0.9632445454545454,391.0,1.059569
259,1.8195055649030525e-08,-0.7753552793370065,3.6002264,3.5996618,3.6000085538461537,0.1657305451771713,233.67310000001453,65,3.5997925,3.5996618,-0.0001307000000001,233.67310000001453,65,0.9632772727272726,390.0,1.059605
260,1.6770387383661626e-08,0.0875113623389412,3.6003447,3.5996971,3.5999909911764707,0.268002677588806,230.01370000001043,68,3.5997581,3.5999384,0.0001803000000002,230.01370000001043,68,0.963205,389.0,1.0595255
261,1.3272918184663593e-08,-0.0128163937882643,3.6003075,3.5997515,3.600005661111112,0.3296186821098952,235.0023999999976,72,3.5997515,3.6000166,0.0002651,235.0023999999976,72,0.9629316363636362,388.0,1.0592248
262,1.8023820312345946e-08,0.4976198645800119,3.6003599,3.5997133,3.5999775253968265,0.2239170148973186,215.00390000001065,63,3.600028,3.5999641,-6.390000000022766e-05,215.00390000001065,63,0.9628263636363636,387.0,1.059109
263,2.2737706101956552e-08,0.2408723286315116,3.6003866,3.5997343,3.600026456862746,-0.3860192262153794,205.00229999993465,51,3.600297,3.6000013,-0.0002956999999996,205.00229999993465,51,0.9627334545454544,386.0,1.0590068
264,1.6322508218575342e-08,-0.3491224209839326,3.6002245,3.5996723,3.5999974754098365,-0.0474588312548287,208.60230000002775,61,3.599925,3.5998735,-5.149999999964905e-05,208.60230000002775,61,0.9626845454545454,385.0,1.058953
265,1.6418095819642263e-08,0.1804580784855376,3.6003923,3.599699,3.5999783097222227,0.6248005719699314,224.99910000001543,72,3.6000805,3.5999918,-8.869999999960854e-05,224.99910000001543,72,0.9625825454545454,384.0,1.0588408
266,1.2668074119790778e-08,0.3726792922384447,3.6002493,3.5997372,3.599976948275862,-0.1939039015213177,200.0026999999536,58,3.5997372,3.599803,6.580000000022679e-05,200.0026999999536,58,0.9625247272727272,383.0,1.0587772
267,2.2050585411387e-08,0.4264507182718471,3.6003971,3.5996866,3.5999907051724147,-0.0939229048732293,210.00679999997377,58,3.6002369,3.6001711,-6.580000000022679e-05,210.00679999997377,58,0.9624342727272728,382.0,1.0586777
268,2.5316454461545082e-08,0.033191318189318,3.60042,3.5996552,3.600016333846154,-0.0535370239298815,245.0105999999214,65,3.5999079,3.5999813,7.340000000022329e-05,245.0105999999214,65,0.962351818181818,381.0,1.058587
269,2.0611899095579843e-08,-0.531829151029052,3.6002769,3.5996199,3.599993494827586,0.4202794704875785,213.8207999999868,58,3.5997639,3.5996199,-0.0001440000000001,213.8207999999868,58,0.9621699090909088,380.0,1.0583869
270,1.5897814031376312e-08,-0.0106026728048992,3.600316,3.5997477,3.60002287254902,-0.1647288532701742,196.5502000000561,51,3.5999975,3.599781,-0.0002165,196.5502000000561,51,0.9621284545454544,379.0,1.0583413
271,2.5447499474273887e-08,-0.0736968605191608,3.6003456,3.5996666,3.6000078567567564,-0.8639169477112594,225.0097999999998,74,3.6001139,3.6001844,7.04999999996403e-05,225.0097999999998,74,0.9621320909090908,378.0,1.0583453
272,1.5326981005657898e-08,-0.0670640803700539,3.600255,3.5997429,3.6000134633333327,-0.4774772442863191,206.5144000001019,60,3.6000433,3.5998468,-0.0001964999999999,206.5144000001019,60,0.9619792727272728,377.0,1.0581772
273,2.4731872234970786e-08,-0.0146819574851222,3.6002989,3.599678,3.600000390163934,-0.7835621703382243,209.53940000000875,61,3.5999212,3.5997581,-0.0001630999999999,209.53940000000875,61,0.9619797272727272,376.0,1.0581777
274,2.3157663300706523e-08,-0.0273194718373342,3.6002531,3.5997152,3.600015109090909,-1.2282121917718931,225.0065000000177,66,3.6001425,3.6001978,5.530000000009139e-05,225.0065000000177,66,0.9620663636363636,375.0,1.058273
275,1.607527045613788e-08,-0.3295647543442248,3.6002884,3.5996857,3.6000355315789467,0.2913433312389464,240.00659999996424,76,3.6001797,3.6002884,0.0001087000000001,240.00659999996424,76,0.9620461818181816,374.0,1.0582508
276,2.0069532193580897e-08,0.0088004419791675,3.600317,3.5997276,3.600007880597014,-0.3486171747034632,220.00949999992736,67,3.5998573,3.5997419,-0.0001153999999998,220.00949999992736,67,0.9618932727272728,373.0,1.0580826
277,2.2111478256467503e-08,-0.1849970280729116,3.6002798,3.599679,3.6000181796296293,-0.2342004159029964,180.00230000005104,54,3.5999527,3.5997982,-0.0001544999999998,180.00230000005104,54,0.9617515454545454,372.0,1.0579267
278,1.7148345857651865e-08,0.6658856026669009,3.6003838,3.5997257,3.599955734920635,0.9855674061603664,223.94730000011623,63,3.5999193,3.5997391,-0.0001801999999999,223.94730000011623,63,0.9617060909090908,371.0,1.0578767
279,1.3547016855345473e-08,0.3826934186385001,3.6002808,3.599741,3.599988655555556,0.1636306951212636,204.9992000000784,54,3.6001024,3.5998497,-0.0002526999999998,204.9992000000784,54,0.9616153636363636,370.0,1.0577769
280,1.2954388319350978e-08,-0.0995087470799179,3.6002913,3.599802,3.600050612962963,-0.1762743475598012,200.00019999989308,54,3.5999994,3.6001539,0.0001544999999998,200.00019999989308,54,0.9615367272727272,369.0,1.0576904
281,1.7523184680846562e-08,-0.0978874176935436,3.600275,3.5996857,3.6000069499999996,-0.2359287687387716,183.686299999943,48,3.6001453,3.5997667,-0.0003785999999998,183.686299999943,48,0.961336,368.0,1.0574696
282,1.474695981566608e-08,0.0424970083381536,3.6003189,3.5997515,3.6000287952380963,0.0408771383145842,197.0488999999361,63,3.600091,3.6000004,-9.060000000005176e-05,197.0488999999361,63,0.9614331818181816,367.0,1.0575765
283,1.6490082650377563e-08,0.1250494282347419,3.600317,3.5997467,3.599989605263158,-0.144585666936202,224.99680000008084,57,3.5998535,3.6000366,0.0001831000000001,224.99680000008084,57,0.9616037272727272,366.0,1.0577641
284,1.7306862090902768e-08,-0.0951044762036179,3.6002235,3.5996513,3.59994138,-0.1297990307158918,169.3310000000056,45,3.5999346,3.5996962,-0.0002384000000001,169.3310000000056,45,0.9614905454545452,365.0,1.0576396
285,2.0851520759614865e-08,-0.0802874264596035,3.6003704,3.5997982,3.6000333353846155,-1.0452046624255438,225.0050999999512,65,3.5998316,3.6000586,0.0002270000000001,225.0050999999512,65,0.9615975454545452,364.0,1.0577573
286,2.18703544608752e-08,0.0396855201638214,3.600297,3.5997028,3.599970563636363,-0.8176813550955138,152.24569999997038,44,3.5997801,3.5999832,0.0002031000000002,152.24569999997038,44,0.9611531818181815,363.0,1.0572685
287,1.8636490758145743e-08,-0.6542428273508282,3.6003027,3.5996895,3.600013750877193,0.276826016673525,205.29899999999907,57,3.6000614,3.5996895,-0.0003718999999997,205.29899999999907,57,0.9612907272727272,362.0,1.0574198
288,1.6413940153848988e-08,0.4975796793230453,3.6003561,3.5997858,3.5999983984615382,0.1275418413117455,234.02000000001863,65,3.5998945,3.5998859,-8.600000000136276e-06,234.02000000001863,65,0.96135,361.0,1.057485
289,2.5309942747479952e-08,-0.6297621994371281,3.6002855,3.5996056,3.6000029145454535,-0.3682431333141287,188.38549999997483,55,3.6000671,3.5997362,-0.0003308999999998,188.38549999997483,55,0.9607371818181818,360.0,1.0568109
290,2.3636010345910793e-08,0.0457529383257599,3.600235,3.5996428,3.599984794444445,-0.4766154522216657,179.15280000003986,54,3.5999279,3.5996761,-0.0002518,179.15280000003986,54,0.9605220909090908,359.0,1.0565743
291,1.571289105263874e-08,-0.0058437432097624,3.6002693,3.5997095,3.599995057894737,0.1040228499797084,196.95230000000447,57,3.5999746,3.5999975,2.2900000000269927e-05,196.95230000000447,57,0.9607073636363636,358.0,1.0567781
292,1.672983542754228e-08,0.2417835972565446,3.6002951,3.5997267,3.599989653968254,-0.1336429036191564,220.01010000007227,63,3.6000223,3.6000185,-3.7999999999982496e-06,220.01010000007227,63,0.9606594545454544,357.0,1.0567254
293,2.290410559038957e-08,-0.6967272598119325,3.6003065,3.5996714,3.600071068333333,0.1443945623749645,204.0168999999296,60,3.6000938,3.5996714,-0.0004223999999997,204.0168999999296,60,0.9604284545454544,356.0,1.0564713
294,1.564545098590916e-08,0.1376311367626898,3.6002188,3.5997772,3.599988933333334,-1.1235066288219675,245.00500000000463,72,3.6000824,3.5999231,-0.0001592999999999,245.00500000000463,72,0.960526,355.0,1.0565786
295,2.5486778085318387e-08,-0.1620119145013933,3.600318,3.5996857,3.600036303125,-0.5625047698938221,197.50560000003316,64,3.5999537,3.5998259,-0.0001278,197.50560000003316,64,0.9602190909090909,354.0,1.056241
296,2.081458740196401e-08,-0.3826325347857413,3.6002579,3.5996275,3.6000129249999997,0.2236755436133188,201.562099999981,52,3.6000671,3.5996275,-0.0004395999999999,201.562099999981,52,0.960139909090909,353.0,1.0561539
297,2.0029695959598312e-08,-0.1541757247735315,3.6002655,3.599679,3.5999912818181814,-0.3746125921819696,200.04509999998845,55,3.599926,3.5999079,-1.81000000001319e-05,200.04509999998845,55,0.9600746363636364,352.0,1.0560821
298,1.7902916440995076e-08,-0.8998128931192216,3.6002626,3.5996733,3.599996147142858,0.914484285727676,235.00309999997265,70,3.5999403,3.6000309,9.060000000005176e-05,235.00309999997265,70,0.9601906363636362,351.0,1.0562097
299,1.9252230527487233e-08,0.5014103263099018,3.6003923,3.5997992,3.600040472916667,0.3442707170360344,174.60720000008587,48,3.600029,3.5998497,-0.0001793000000001,174.60720000008587,48,0.959923818181818,350.0,1.0559162
300,2.1287920688335057e-08,0.187180743602336,3.600316,3.5997334,3.599993031481481,-0.4398420393305202,177.44709999999031,54,3.5998955,3.5997334,-0.0001621000000002,177.44709999999031,54,0.9595499090909092,349.0,1.0555049
301,2.3228430648976272e-08,0.3265290032117693,3.6003361,3.5997543,3.600007342,-0.7199351625039059,189.99710000003688,50,3.6001549,3.6001492,-5.699999999997374e-06,189.99710000003688,50,0.9599222727272728,348.0,1.0559145
302,1.3084229918167836e-08,-0.4241910299204239,3.6001596,3.599699,3.5999729355932195,-0.2938014400714404,205.0007999999216,59,3.6001596,3.599966,-0.0001935999999997,205.0007999999216,59,0.959927909090909,347.0,1.0559207
303,2.1283856766904693e-08,-0.2018128248245962,3.6002808,3.599637,3.5999842651515146,-0.4156167783379527,230.00439999997616,66,3.6000357,3.6000681,3.240000000026555e-05,230.00439999997616,66,0.9598088181818182,346.0,1.0557897
304,1.9472119860133584e-08,-0.2376065393341793,3.600359,3.5996084,3.599967972727273,1.0166127738451278,228.56849999993577,66,3.6001053,3.5996084,-0.0004968999999999,228.56849999993577,66,0.9597539090909092,345.0,1.0557293
305,1.826361880874241e-08,0.4405339045301406,3.6003532,3.5997801,3.600009995081967,-0.3954487361728933,215.78659999999215,61,3.5998211,3.5998268,5.699999999997374e-06,215.78659999999215,61,0.959520818181818,344.0,1.0554729
306,1.5348278573945722e-08,-0.2898934907821286,3.6002979,3.5997295,3.600019293220339,-0.0156749114182743,215.0910000000149,59,3.5997295,3.5998116,8.209999999975182e-05,215.0910000000149,59,0.9595589090909092,343.0,1.0555148
307,2.0717781485617303e-08,0.2386770142256252,3.6003351,3.5997868,3.6000317296875,-0.6273973296234132,224.57810000004247,64,3.5998983,3.5998392,-5.910000000008963e-05,224.57810000004247,64,0.959472,342.0,1.0554192
308,1.9717938176033664e-08,0.0228042581700332,3.6002932,3.5997524,3.600038215517241,-1.051836688723974,187.953600000008,58,3.5999832,3.5998182,-0.0001649999999999,187.953600000008,58,0.959185818181818,341.0,1.0551044
309,2.6161357073442263e-08,-0.1890809848779558,3.6003551,3.5996208,3.6000230566666667,-0.4335501162656272,226.3615999999456,60,3.5998497,3.5996208,-0.0002289000000001,226.3615999999456,60,0.959300909090909,340.0,1.055231
310,2.7157997721868463e-08,0.0465278086938052,3.6004601,3.599596,3.5999721962962963,0.5586612344049078,199.93279999995136,54,3.5998755,3.599596,-0.0002794999999999,199.93279999995136,54,0.9592176363636364,339.0,1.0551394
311,1.95424625354563e-08,-0.3249807438516864,3.6002617,3.5996742,3.6000090958333337,-0.2313691992514939,162.31990000000224,48,3.6000032,3.599721,-0.0002822,162.31990000000224,48,0.9589836363636364,338.0,1.054882
312,2.0247733766240213e-08,0.3283620969218977,3.6002502,3.5996494,3.5999416071428567,-0.3152410838044757,192.530299999984,56,3.5996494,3.5999355,0.0002860999999998,192.530299999984,56,0.9590336363636364,337.0,1.054937
313,1.6826759946136717e-08,0.0080665798050044,3.6002893,3.5997562,3.600020392727272,-0.3612550987735621,200.747599999886,55,3.599925,3.6000051,8.010000000036044e-05,200.747599999886,55,0.9588696363636362,336.0,1.0547566
314,1.173672847661952e-08,-0.0284130810705799,3.6002436,3.5997229,3.5999819230769226,0.2411961018857789,201.811299999943,52,3.5998478,3.599822,-2.579999999996474e-05,201.811299999943,52,0.9590026363636364,335.0,1.0549029
315,1.3680486052630586e-08,-0.4122686024044379,3.6001978,3.5997066,3.599988942105263,-0.2650137067104126,219.43519999994896,57,3.5998936,3.5997066,-0.0001869999999999,219.43519999994896,57,0.9589352727272724,334.0,1.0548288
316,1.98411561679386e-08,0.2451180467269887,3.6002874,3.5996962,3.5999951362318843,-0.3456775026290914,236.7231999998912,69,3.5998564,3.5996962,-0.0001602000000002,236.7231999998912,69,0.958774,333.0,1.0546514
317,1.7031889699393994e-08,-0.1330241466290215,3.6003447,3.5997095,3.5999791575342472,-0.0303516183283707,240.0083000001032,73,3.600069,3.6000462,-2.2799999999989495e-05,240.0083000001032,73,0.9586963636363636,332.0,1.054566
318,1.9380402118880652e-08,-0.0479167273269176,3.6002388,3.599637,3.5999632136363635,-0.5016999134181401,250.01500000001397,66,3.599679,3.599947,0.0002679999999997,250.01500000001397,66,0.9586168181818182,331.0,1.0544785
319,1.7519076169013997e-08,0.2483749272773943,3.6003857,3.5997553,3.6000337309859156,-0.2934303381558378,245.0063000000082,71,3.5999832,3.6000166,3.339999999996124e-05,245.0063000000082,71,0.9585174545454545,330.0,1.0543692
320,1.6019856628305827e-08,-0.7399569291899034,3.6002464,3.5996494,3.600028655072463,0.8817049565832011,245.00470000004864,69,3.6000023,3.5999641,-3.8200000000099266e-05,245.00470000004864,69,0.9584235454545454,329.0,1.0542659
321,1.4907423272451282e-08,-0.3525127533939239,3.6002522,3.5996943,3.599999075342466,0.2897240488324537,243.08499999996275,73,3.6000967,3.599782,-0.0003147000000001,243.08499999996275,73,0.9583260909090908,328.0,1.0541587
322,1.6591256728372626e-08,0.0621000325817469,3.6002426,3.5997295,3.600008411267605,-0.8859141791549594,257.0429000000004,71,3.5999708,3.599844,-0.0001267999999998,257.0429000000004,71,0.9581766363636364,327.0,1.0539943
323,1.725063046328346e-08,-0.7486767533912857,3.6001749,3.5996685,3.5999962066666664,-0.0014372094755539,205.09779999998864,60,3.5999899,3.5998449,-0.0001450000000002,205.09779999998864,60,0.957852909090909,326.0,1.0536382
324,1.4768315247365672e-08,-0.3419859234562701,3.6002645,3.5997438,3.6000101907894737,-0.4508424166015485,243.1881000000285,76,3.5997715,3.5998726,0.0001010999999997,243.1881000000285,76,0.9578949090909092,325.0,1.0536844
325,1.66998354121755e-08,0.3658362324867177,3.600316,3.5996761,3.599987855555555,0.2595155491425971,222.7926999998745,63,3.6000118,3.5998325,-0.0001792999999996,222.7926999998745,63,0.9578845454545456,324.0,1.053673
326,1.24445718154729e-08,0.0090737640110668,3.6002903,3.5997343,3.599999384375,0.6951718192793339,242.8275999999605,64,3.6001539,3.5999355,-0.0002184,242.8275999999605,64,0.957807,323.0,1.0535877
327,2.0981132319006452e-08,0.1701917463733796,3.6002655,3.5997124,3.599982744230769,-0.3424640184850518,205.55869999993593,52,3.6000185,3.5998163,-0.0002021999999999,205.55869999993593,52,0.9576207272727272,322.0,1.0533828
328,1.9149514875108993e-08,-0.6389635547836657,3.6002369,3.599699,3.600029776595744,-0.2225619553435569,178.70569999993313,47,3.5999355,3.5997076,-0.0002279,178.70569999993313,47,0.9573816363636364,321.0,1.0531198
329,1.070888150449276e-08,0.19260705038189,3.6002874,3.5997658,3.600031830645161,0.1901748661919251,212.26470000005793,62,3.600069,3.5999136,-0.0001554000000001,212.26470000005793,62,0.9579711818181816,320.0,1.0537683
330,1.3725587944943116e-08,0.1530745988788096,3.6002722,3.5997658,3.599994190384616,-0.5002579716606999,184.83629999984987,52,3.6001596,3.5999689,-0.0001907,184.83629999984987,52,0.9579064545454544,319.0,1.0536971
331,1.8856670195039172e-08,-0.2736662683881732,3.6003084,3.5997,3.600006554166667,-0.3954544501471497,165.11540000000969,48,3.5997715,3.5998087,3.719999999995949e-05,165.11540000000969,48,0.9578907272727272,318.0,1.0536798
332,1.2658120645159132e-08,-0.0891573669552953,3.600235,3.5997572,3.6000093333333343,-0.3792034434247262,214.30060000007504,63,3.6000776,3.5999203,-0.0001573000000001,214.30060000007504,63,0.9581151818181818,317.0,1.0539267
333,1.60164671724947e-08,0.4782459989744527,3.6002483,3.59974,3.5999547075757574,-0.4125175174698734,224.0566000000108,66,3.5999117,3.5998116,-0.0001001,224.0566000000108,66,0.9578099999999998,316.0,1.053591
334,1.3929911519680352e-08,-0.3649061756733349,3.6002941,3.5996637,3.600003129850746,1.0056195056521542,245.41460000001825,67,3.5998745,3.5998592,-1.529999999982934e-05,245.41460000001825,67,0.9579152727272728,315.0,1.0537068
335,2.3262342539231067e-08,-0.146262297761575,3.6002388,3.5996809,3.5999801943661978,-0.974861633267051,234.34539999999103,71,3.5999737,3.5999641,-9.600000000276054e-06,234.34539999999103,71,0.9577449090909091,314.0,1.0535194
336,3.0276879556736166e-08,-0.1786755448615907,3.6003571,3.5995617,3.599996204166666,0.2986638978500102,158.43999999994412,48,3.60009,3.5995617,-0.0005282999999995,158.43999999994412,48,0.9576519090909092,313.0,1.0534171
337,1.6855976753395382e-08,0.086974331903174,3.6003428,3.5997372,3.6000363673076916,0.3585907498093563,178.44149999995716,52,3.6000547,3.5998573,-0.0001973999999997,178.44149999995716,52,0.9576913636363634,312.0,1.0534605
338,2.62027650605009e-08,-0.0742094435057064,3.6002913,3.5996599,3.599958305172414,-0.7132346969831884,190.90570000000295,58,3.6000252,3.5996599,-0.0003653000000003,190.90570000000295,58,0.9577223636363636,311.0,1.0534946
339,2.187218759345284e-08,-0.152586416710871,3.6003113,3.5996227,3.6000303396825406,-0.4170360474020658,217.8551999998745,63,3.5998259,3.5996227,-0.0002032,217.8551999998745,63,0.9580095454545452,310.0,1.0538105
340,2.0566796999390417e-08,-0.0782354745518771,3.6002874,3.5997038,3.6000187137931037,-0.4184247647823844,209.3514000000432,58,3.5999689,3.599988,1.9100000000271677e-05,209.3514000000432,58,0.95792,309.0,1.053712
341,2.1909779263582493e-08,-0.367696982222047,3.6002159,3.5996962,3.600017006779661,-0.9031243192612086,219.4542000000365,59,3.5999308,3.5997829,-0.0001478999999999,219.4542000000365,59,0.9579478181818182,308.0,1.0537426
342,2.2516235628293346e-08,-0.5081385470262635,3.6002884,3.5997152,3.600036245762711,-0.5177880092419893,187.94710000022312,59,3.5998154,3.599844,2.859999999982321e-05,187.94710000022312,59,0.9578663636363636,307.0,1.053653
343,8.087363402909126e-09,0.4689104575905571,3.6002407,3.5998631,3.6000213637931036,-0.108692058065539,204.4633000001777,58,3.6001234,3.6000719,-5.150000000009314e-05,204.4633000001777,58,0.9577620909090908,306.0,1.0535383
344,1.6002936883288952e-08,-0.7205511021335058,3.600173,3.5995951,3.599953051851851,0.802636802426163,189.54380000010133,54,3.6000195,3.5995951,-0.0004243999999999,189.54380000010133,54,0.9573616363636362,305.0,1.0530978
345,1.6629242441554646e-08,-0.2898224949593289,3.6002674,3.5997028,3.599986078571429,-0.514464758417732,205.7294000000693,56,3.5999384,3.5998096,-0.0001288000000001,205.7294000000693,56,0.957132,304.0,1.0528452
346,1.8986394712285697e-08,-0.1639174731737165,3.6002884,3.5996675,3.599993601408451,-0.1552717020911034,227.51600000006147,71,3.6001759,3.5998716,-0.0003042999999998,227.51600000006147,71,0.956941,303.0,1.0526351
347,1.3297001802784712e-08,0.0240260711091863,3.6003323,3.5996847,3.59998208275862,1.2010896917963536,219.75350000010803,58,3.6000948,3.5999737,-0.0001210999999998,219.75350000010803,58,0.9568991818181818,302.0,1.0525891
348,1.9057941655732265e-08,0.3018010910529864,3.6003017,3.5996761,3.599997803278689,-0.3848282466891652,205.42830000002868,61,3.5999241,3.5997753,-0.0001487999999998,205.42830000002868,61,0.9565396363636364,301.0,1.0521936
349,2.2770287683619665e-08,0.0058367553674779,3.6003542,3.5996943,3.600028233333334,-0.2446681202950493,214.84590000007304,60,3.5999756,3.5999269,-4.870000000023467e-05,214.84590000007304,60,0.9563114545454544,300.0,1.0519426
350,2.158037849624062e-08,-0.2371721032519793,3.6003084,3.5997095,3.600013084210526,-0.4228295014594931,218.0359999998473,57,3.5999937,3.5997095,-0.0002842000000002,218.0359999998473,57,0.9562285454545456,299.0,1.0518514
351,1.3058512016326771e-08,0.0970949614843425,3.6003094,3.5997791,3.600013932,0.420684435613806,195.71629999997097,50,3.6000671,3.5997858,-0.0002813000000001,195.71629999997097,50,0.9561732727272726,298.0,1.0517906
352,2.2256424599327023e-08,-0.196694874064165,3.6002684,3.5997162,3.6000030945454538,-0.7150692243673356,191.87979999999516,55,3.5999641,3.599844,-0.0001200999999997,191.87979999999516,55,0.9559071818181816,297.0,1.0514979
353,1.8204192303032046e-08,-0.3981364845642275,3.6002741,3.59972,3.600021174545455,-0.4937109627304812,183.04209999996235,55,3.6001015,3.5997648,-0.0003367,183.04209999996235,55,0.9557866363636364,296.0,1.0513653
354,1.9548992836058377e-08,0.1527442817141169,3.6002932,3.5997,3.6000026819672137,0.0944224520115919,222.86220000009052,61,3.6000452,3.6000137,-3.1499999999962114e-05,222.86220000009052,61,0.955888,295.0,1.0514768
355,1.3435379220781794e-08,-0.2686838167190672,3.6002169,3.5997114,3.599956307142857,-0.3031612753997574,217.7628000001423,56,3.6000338,3.5997114,-0.0003223999999999,217.7628000001423,56,0.955866,294.0,1.0514526
356,1.6293689450311822e-08,-0.3600221213244975,3.6002407,3.5997028,3.6000068590909096,0.2251052607267456,153.4714999999851,44,3.6000586,3.5998907,-0.0001679000000001,153.4714999999851,44,0.9552734545454544,293.0,1.0508008
357,2.9165856872811897e-08,0.160621710743332,3.6003618,3.5995836,3.5999722462962955,-0.1696431508472415,182.22889999998733,54,3.6001682,3.5995836,-0.0005846000000002,182.22889999998733,54,0.9553056363636364,292.0,1.0508362
358,2.32619297115329e-08,-0.1458965141488208,3.600317,3.5996695,3.600032653846154,-0.4757670102090543,223.17430000007153,65,3.600111,3.5996695,-0.0004414999999999,223.17430000007153,65,0.9555583636363636,291.0,1.0511142
359,1.7216155863102393e-08,0.3156937411576757,3.6003075,3.5997849,3.600009453125,-0.7039015847156507,228.30380000011064,64,3.6000214,3.5998087,-0.0002127,228.30380000011064,64,0.9554597272727272,290.0,1.0510057
360,1.8806667803310725e-08,0.277795341727507,3.6003113,3.5996599,3.599988612857144,-0.0099604286781809,228.06340000010096,70,3.5998716,3.5997925,-7.910000000022066e-05,228.06340000010096,70,0.9553403636363637,289.0,1.0508744
361,1.5516265119857657e-08,-0.2440233823053599,3.6002483,3.5996313,3.600010686567164,-0.0359378522535354,233.874599999981,67,3.5998812,3.5998182,-6.299999999992423e-05,233.874599999981,67,0.9551655454545454,288.0,1.0506821
362,1.8033247551912043e-08,-0.2438474474203641,3.6003475,3.5996561,3.600003124590164,0.3334598997219209,219.4220000000205,61,3.6001072,3.6001196,1.2400000000134526e-05,219.4220000000205,61,0.9550556363636362,287.0,1.0505612
363,1.6924042787845435e-08,-0.2072242490619488,3.6002836,3.5996275,3.5999951118644065,0.3581850245491638,209.9159000001382,59,3.5999832,3.5996275,-0.0003557,209.9159000001382,59,0.9548349090909092,286.0,1.0503184
364,1.8128698925489615e-08,-0.0365734239683997,3.600317,3.5996666,3.599984445098039,-0.0737255973011992,193.8275999999605,51,3.5997295,3.5997629,3.339999999996124e-05,193.8275999999605,51,0.954827818181818,285.0,1.0503106
365,2.1788126180983263e-08,0.1795369172790684,3.6002636,3.5996695,3.5999312203703706,-0.3598667697540367,182.68530000001192,54,3.5999041,3.5996885,-0.0002155999999997,182.68530000001192,54,0.9548266363636362,284.0,1.0503093
366,1.5552357087768873e-08,0.4915207005604984,3.6002693,3.5997438,3.59999036875,-0.2883866685105638,191.23130000010133,48,3.6000986,3.5999575,-0.0001411,191.23130000010133,48,0.9548616363636362,283.0,1.0503478
367,1.4152112450401768e-08,0.1693458192011554,3.6002922,3.5997448,3.600002234375,0.0596180060132445,213.44979999982752,64,3.5999107,3.5997992,-0.0001115,213.44979999982752,64,0.954934818181818,282.0,1.0504283
368,1.5851738653196804e-08,-0.2360593721170386,3.6002083,3.5997038,3.6000042636363627,-0.6908430973528228,202.59129999997097,55,3.6002016,3.5998669,-0.0003347000000002,202.59129999997097,55,0.9548955454545454,281.0,1.0503851
369,2.114047914893941e-08,-0.0181636493288667,3.6003523,3.5997124,3.60002875,-0.6565710407118743,176.41339999996126,48,3.6000814,3.5998106,-0.0002708,176.41339999996126,48,0.9547403636363636,280.0,1.0502144
370,1.9001070390570113e-08,0.4120185425736468,3.6003046,3.5997419,3.600011667272727,-0.3558848194650248,195.34700000006703,55,3.6000023,3.5999155,-8.68000000000535e-05,195.34700000006703,55,0.9546756363636364,279.0,1.0501432
371,1.9303223923837186e-08,-0.1135685856626527,3.6002216,3.599638,3.599972003225806,-0.6293352135728596,210.1481000001077,62,3.5999765,3.5997496,-0.0002268999999999,210.1481000001077,62,0.9547031818181818,278.0,1.0501735
372,1.8149935929407536e-08,-0.0468488673809063,3.6002846,3.5997305,3.5999774352941167,-0.7647890712359651,179.98589999997057,51,3.6001568,3.5997639,-0.0003929,179.98589999997057,51,0.9543320909090908,277.0,1.0497653
373,1.3931396188743036e-08,0.208226522538011,3.6002083,3.5997133,3.5999392827586205,-0.9488480502796386,204.82220000005327,58,3.5999451,3.5998087,-0.0001363999999997,204.82220000005327,58,0.9543249090909092,276.0,1.0497574
374,1.719576413560569e-08,-0.5537002294456347,3.6002569,3.5996637,3.59997516,0.5832500176080355,196.4629999999888,60,3.6000376,3.599885,-0.0001525999999998,196.4629999999888,60,0.9539200909090908,275.0,1.0493121
375,1.908482686538146e-08,0.0956509955220544,3.600297,3.5997477,3.600009803076923,-0.586824476439674,220.65009999996985,65,3.5999908,3.5998402,-0.0001506,220.65009999996985,65,0.9538096363636362,274.0,1.0491906
376,1.898431175627729e-08,-0.0269297839550751,3.600255,3.5996504,3.599976677777777,-0.4023628524286131,225.22710000001825,63,3.5999746,3.5996504,-0.0003242000000001,225.22710000001825,63,0.9536121818181816,273.0,1.0489734
377,1.6908007903222546e-08,0.0336397749351614,3.600317,3.5996685,3.5999515112903224,0.2568222671267222,217.44589999993332,62,3.5998974,3.5997343,-0.0001630999999999,217.44589999993332,62,0.9535285454545454,272.0,1.0488814
378,1.7528353967210322e-08,0.1082669783334298,3.6003027,3.5997019,3.5999999262295086,-0.1813271931664566,209.0826000000816,61,3.5999918,3.5999308,-6.100000000008876e-05,209.0826000000816,61,0.9534487272727272,271.0,1.0487936
379,2.6212003799605757e-08,-0.1709758023932004,3.6002598,3.5996246,3.5999864468749996,-0.7885929163349519,212.01780000003055,64,3.600071,3.5998459,-0.0002250999999997,212.01780000003055,64,0.9532802727272726,270.0,1.0486083
380,1.8900721762710773e-08,-0.4092677596314907,3.6002932,3.5996885,3.6000285599999997,0.1124546189941742,206.12939999997616,60,3.5999889,3.5997534,-0.0002355,206.12939999997616,60,0.9530987272727272,269.0,1.0484086
381,2.0879344833425418e-08,0.0021675685384011,3.6002359,3.5997314,3.599976761016949,-0.9818305193452228,184.35350000020117,59,3.5998621,3.5997314,-0.0001307000000001,184.35350000020117,59,0.9526636363636364,268.0,1.04793
382,1.3602975824833706e-08,0.5056222334932057,3.6002455,3.5997677,3.599966379591837,0.0867091674218274,175.23420000006445,49,3.5998926,3.5999269,3.4299999999820585e-05,175.23420000006445,49,0.9528251818181818,267.0,1.0481077
383,1.6238392370369443e-08,0.0650888406640631,3.6002655,3.5997248,3.599969519999999,-0.5218747835988702,205.36979999998584,55,3.5999565,3.5999556,-8.999999998593466e-07,205.36979999998584,55,0.9528356363636362,266.0,1.0481192
384,1.6129955636358107e-08,0.2487746290066998,3.6002808,3.5997181,3.5999472999999997,-0.1521906564085671,199.05370000004768,56,3.5997181,3.5998564,0.0001383000000001,199.05370000004768,56,0.952553,265.0,1.0478083
385,2.0481566165160895e-08,0.0280473307428101,3.6003132,3.5996075,3.599993517307692,0.0859456669513432,190.63159999996424,52,3.6001606,3.5998249,-0.0003356999999999,190.63159999996424,52,0.9524312727272728,264.0,1.0476744
386,1.4603868059616626e-08,-0.3361222569789891,3.6002312,3.5997467,3.600010550847458,-0.8957544656981589,191.93599999998696,59,3.5998325,3.5997715,-6.100000000008876e-05,191.93599999998696,59,0.9526077272727272,263.0,1.0478685
387,1.9469312870587472e-08,0.0699063080397824,3.6002827,3.599741,3.600004341176471,-0.5962949113221465,185.5916999999899,51,3.5998945,3.5999346,4.010000000009839e-05,185.5916999999899,51,0.9522951818181818,262.0,1.0475247
388,1.1699887276837652e-08,-0.2984608534873815,3.600172,3.5997038,3.5999889866666672,-0.3377777113596303,193.41600000020117,60,3.5999422,3.5997849,-0.0001573000000001,193.41600000020117,60,0.9522126363636362,261.0,1.0474339
389,1.5975763217510534e-08,0.3282819983820998,3.6002884,3.5997343,3.5999698183333337,-0.4886730279105493,202.97280000010505,60,3.6001949,3.5997524,-0.0004425000000001,202.97280000010505,60,0.9519995454545456,260.0,1.0471995
390,2.3727476322111457e-08,-0.0898931502023777,3.6003284,3.599597,3.599978315384615,0.438658557381927,231.97120000002903,65,3.6000748,3.5999222,-0.0001525999999998,231.97120000002903,65,0.9520612727272726,259.0,1.0472674
391,1.662838205288129e-08,-0.3028226096612953,3.6002665,3.5996246,3.599989963076923,0.424876251125192,218.74419999984093,65,3.6000557,3.5998793,-0.0001763999999999,218.74419999984093,65,0.951866909090909,258.0,1.0470536
392,1.145783510284352e-08,-0.084944250231062,3.6002455,3.5997715,3.599992122413793,-0.5986723871292625,193.40259999991395,58,3.5998535,3.5998831,2.959999999996299e-05,193.40259999991395,58,0.9515596363636364,257.0,1.0467156
393,1.7241433009734762e-08,-0.8438042944160106,3.6002226,3.5996399,3.600005283928571,0.3991316417404458,204.75370000000112,56,3.6000128,3.5997391,-0.0002737000000001,204.75370000000112,56,0.9516189090909092,256.0,1.0467808
394,1.9400957044889195e-08,-0.5820919714889092,3.6002245,3.5997076,3.599996363999999,-0.4658060815986333,171.19739999994636,50,3.6000643,3.5997076,-0.0003567000000002,171.19739999994636,50,0.9514953636363636,255.0,1.0466449
395,2.0083728516058495e-08,-0.2912641375047112,3.6002798,3.5996599,3.5999939651162793,0.0431800419892396,138.34459999995306,43,3.6000376,3.5997715,-0.0002660999999997,138.34459999995306,43,0.951248818181818,254.0,1.0463737
396,1.4859927797976892e-08,-0.2959902768727409,3.6002617,3.5996761,3.6000184355555556,0.315576467636077,174.910400000168,45,3.6000423,3.5996761,-0.0003662000000002,174.910400000168,45,0.9514545454545452,253.0,1.0466
397,2.2262418221449077e-08,-0.2740198112189078,3.6003742,3.5997257,3.60005431969697,-0.1629061218528877,226.4790999998804,66,3.5999737,3.599762,-0.0002116999999999,226.4790999998804,66,0.9516583636363636,252.0,1.0468242
398,1.6105521466973898e-08,-0.6179536226601144,3.6002035,3.5997343,3.600026030508474,-0.5226547743883732,189.29360000020824,59,3.5998411,3.5997343,-0.0001067999999997,189.29360000020824,59,0.9512922727272726,251.0,1.0464215
399,1.5125342891118184e-08,-0.0748309158107679,3.6001911,3.59972,3.599957361363637,-0.6635087827364305,177.96380000002682,44,3.5998554,3.5998077,-4.770000000009489e-05,177.96380000002682,44,0.9511602727272724,250.0,1.0462763
400,2.2668671057234533e-08,-0.4661630344262476,3.6003246,3.5996828,3.6000123527272727,-0.0208027671277788,194.3922999999486,55,3.6002197,3.5997763,-0.0004433999999999,194.3922999999486,55,0.9511313636363636,249.0,1.0462445
401,1.7434383725493433e-08,-0.0959403855499504,3.6002417,3.5997295,3.599993854901961,-1.2138941439034652,168.6753999998327,51,3.5998325,3.5998011,-3.140000000012577e-05,168.6753999998327,51,0.9508152727272726,248.0,1.0458968
402,1.0695178354502573e-08,-0.5379111176222986,3.6002483,3.5996828,3.6000061758620685,1.4462464669874715,199.2757999999449,58,3.6001043,3.599988,-0.0001162999999997,199.2757999999449,58,0.9506339090909092,247.0,1.0456973
403,2.1174831595932176e-08,-0.3181173406039461,3.6003218,3.5996637,3.600010506,-0.2217512817840332,166.0631000001449,50,3.6001062,3.5998631,-0.0002431,166.0631000001449,50,0.9501486363636362,246.0,1.0451635
404,1.4803642346152597e-08,0.1550414470909352,3.6002283,3.5997248,3.5999639276923077,-0.7435347666452117,231.1946000000462,65,3.6000051,3.599823,-0.0001820999999999,231.1946000000462,65,0.9503032727272728,245.0,1.0453336
405,1.6646927536128462e-08,0.1995335566368085,3.600337,3.5997667,3.6000014015151507,-0.3243888132512884,199.0742999999784,66,3.6000252,3.5998421,-0.0001831000000001,199.0742999999784,66,0.9499233636363636,244.0,1.0449157
406,1.9038281627117017e-08,-0.2630115237469365,3.600338,3.5996599,3.60000828,0.1173034269493316,220.03899999987337,60,3.5999222,3.5996599,-0.0002623000000001,220.03899999987337,60,0.9498337272727272,243.0,1.0448171
407,1.4312046989788766e-08,0.6009136194764225,3.600296,3.5998087,3.6000077734693883,-0.058690535197746,184.8125,49,3.5998507,3.5998697,1.899999999999125e-05,184.8125,49,0.9496641818181818,242.0,1.0446306
408,2.238183174902149e-08,-0.2629222364788901,3.6002502,3.5997057,3.600015650980392,-0.7371228181735674,182.44709999999031,51,3.6000118,3.5997057,-0.0003060999999999,182.44709999999031,51,0.9493253636363636,241.0,1.0442579
409,2.7655881719467666e-08,-0.0954301067763624,3.6002951,3.5997,3.6000058153846157,-1.055518940537146,184.11770000006072,52,3.5998993,3.5998993,0.0,184.11770000006072,52,0.9494116363636362,240.0,1.0443528
410,1.4123751269838217e-08,0.0700404849917901,3.6003227,3.5997562,3.5999898875000005,-0.1065820030107826,214.80400000000373,64,3.5998497,3.5997648,-8.490000000005438e-05,214.80400000000373,64,0.9492660909090908,239.0,1.0441927
411,1.9610107543859526e-08,-0.0793708517331182,3.6002502,3.5997171,3.6000064508771934,-0.4591954724331253,202.0207000002265,57,3.5999355,3.5998659,-6.959999999978095e-05,202.0207000002265,57,0.9492017272727272,238.0,1.0441219
412,2.3134896459196845e-08,0.0436788622401593,3.6002789,3.5997438,3.6000058651515148,-0.8942377328415319,225.41840000008233,66,3.6000957,3.5998983,-0.0001973999999997,225.41840000008233,66,0.9490726363636364,237.0,1.0439799
413,2.1966729362946696e-08,0.2412125119956943,3.6003456,3.5997591,3.600035316949153,-0.1255535927715603,183.54139999998733,59,3.6003456,3.5997696,-0.0005759999999996,183.54139999998733,59,0.9489340909090908,236.0,1.0438275
414,2.317115536285012e-08,-0.3075359623470146,3.6003561,3.5996504,3.6000027660377363,-0.0681313217549113,163.153299999889,53,3.5998659,3.5998068,-5.910000000008963e-05,163.153299999889,53,0.9486822727272728,235.0,1.0435505
415,1.5158522045454802e-08,0.1005928870900921,3.6003075,3.5997858,3.6000424568181812,-0.2952101479116291,141.45230000000447,44,3.5999851,3.5997858,-0.0001993000000002,141.45230000000447,44,0.9485197272727272,234.0,1.0433717
416,1.8530022462875115e-08,0.3431842063777748,3.6003265,3.5997705,3.600017830158729,-0.4540328441019756,217.62349999998696,63,3.6000996,3.5998383,-0.0002613,217.62349999998696,63,0.9486881818181818,233.0,1.043557
417,1.6765543746696236e-08,-0.2629263684232749,3.6002293,3.5996742,3.5999985048387098,-0.1066927828393851,222.5350999999791,62,3.5997581,3.5997972,3.909999999995861e-05,222.5350999999791,62,0.948548818181818,232.0,1.0434037
418,1.3555564245279758e-08,-0.7530039481071265,3.6001968,3.5996447,3.5999945132075477,0.6039413617882468,181.56640000012703,53,3.6000757,3.5997057,-0.0003700000000002,181.56640000012703,53,0.9481434545454543,231.0,1.0429578
419,2.1396672912440412e-08,-0.5165950329070428,3.6002483,3.5996037,3.5999894783333337,-0.319495515058247,215.5385000000242,60,3.6000462,3.5999222,-0.000124,215.5385000000242,60,0.947966909090909,230.0,1.0427636
420,2.176852530919222e-08,0.005118656715483,3.6003876,3.5996571,3.600017269230769,0.9103887055230362,175.00119999982417,52,3.5998459,3.5996571,-0.0001888000000001,175.00119999982417,52,0.9476339090909088,229.0,1.0423973
421,2.5298749038106146e-08,-0.2196229504678112,3.6003742,3.5997257,3.6000496104166664,-0.4560075072673921,181.24240000010468,48,3.6000681,3.5998526,-0.0002154999999999,181.24240000010468,48,0.947578090909091,228.0,1.0423359
422,2.54502625377556e-08,0.2191957377716053,3.6002998,3.5997133,3.599987388095238,-0.6970478901481094,145.4328000000678,42,3.6002998,3.5997276,-0.0005722000000001,145.4328000000678,42,0.94745,227.0,1.042195
423,2.1691100457382162e-08,0.1400476838218607,3.600358,3.5997066,3.5999767245614036,-0.4718778319439951,190.6018000000622,57,3.5998526,3.5997353,-0.0001173000000003,190.6018000000622,57,0.9474883636363636,226.0,1.0422372
424,2.2284144234472126e-08,0.0219370942124408,3.6003294,3.5996618,3.599999748333333,-0.3641070780245039,196.3288000002503,60,3.6001425,3.5998421,-0.0003003999999999,196.3288000002503,60,0.947473909090909,225.0,1.0422213
425,1.4956602377101002e-08,-0.2515845604722366,3.6002512,3.5997887,3.600017814545454,-0.975809879890646,189.69189999997616,55,3.6001282,3.5998096,-0.0003185999999999,189.69189999997616,55,0.9473157272727272,224.0,1.0420473
426,2.3317196224427778e-08,-0.5863803635744703,3.6002636,3.5997114,3.600030671186441,-0.5479843227360366,219.2634000000544,59,3.6001511,3.5999289,-0.0002222,219.2634000000544,59,0.947443818181818,223.0,1.0421882
427,2.174602146697711e-08,0.1234368060796704,3.6002884,3.5996742,3.600002269491525,-0.5496241028448776,210.67900000000373,59,3.6000881,3.5998688,-0.0002192999999999,210.67900000000373,59,0.9472217272727272,222.0,1.0419439
428,1.8709391547868905e-08,-0.4439850589367753,3.600255,3.5996799,3.6000115574074067,0.03934870811366,179.83560000010766,54,3.5998735,3.5997162,-0.0001573000000001,179.83560000010766,54,0.9469239090909092,221.0,1.0416163
429,1.916404821740684e-08,0.0299047006972539,3.6002989,3.5996885,3.5999822728813564,-0.0899046632018758,178.18489999999292,59,3.5999527,3.6001291,0.0001764000000004,178.18489999999292,59,0.9467652727272728,220.0,1.0414418
430,1.4655500633877353e-08,-0.2386460773659116,3.6003513,3.5996599,3.6000433737704927,0.8515585866362034,209.3510000000242,61,3.6000576,3.5999069,-0.0001506999999998,209.3510000000242,61,0.946432818181818,219.0,1.0410761
431,1.7874238948045198e-08,0.1629865499059625,3.600297,3.5997381,3.5999909678571425,-0.4500292255930898,203.18450000020675,56,3.5998001,3.5997925,-7.599999999996499e-06,203.18450000020675,56,0.9460374545454544,218.0,1.0406412
432,1.5678508808741704e-08,0.2136620819672957,3.6002808,3.5998535,3.600048595081967,-1.0127958299605295,203.64259999990463,61,3.6000051,3.5998564,-0.0001487,203.64259999990463,61,0.9457392727272724,217.0,1.0403132
433,1.719683147098239e-08,-0.049878826151824,3.6002769,3.5996685,3.6000197897435897,0.2972618472445938,163.3921000000555,39,3.5999689,3.5996685,-0.0003003999999999,163.3921000000555,39,0.9453915454545454,216.0,1.0399307
434,1.9726740943862973e-08,0.3074258898568481,3.6003475,3.5997248,3.5999866224489794,-0.4589344063469704,165.63260000012815,49,3.600049,3.5998783,-0.0001706999999999,165.63260000012815,49,0.9453970909090909,215.0,1.0399368
435,1.7002638113202715e-08,-0.3245832810509054,3.600297,3.5997534,3.600000266666666,-0.3852651567648379,173.24860000004992,54,3.6000834,3.5997534,-0.0003299999999999,173.24860000004992,54,0.9449276363636364,214.0,1.0394204
436,1.4750388011844872e-08,0.3999733747348358,3.6001978,3.5997295,3.5999338486486487,-0.5712680036888336,230.3871999999974,74,3.5997925,3.5997496,-4.289999999995686e-05,230.3871999999974,74,0.9451410909090908,213.0,1.0396552
437,1.8448380903852893e-08,0.1270991169945277,3.6003027,3.5997019,3.5999840415384616,-0.3800689869819909,226.7720000001136,65,3.6001768,3.5997896,-0.0003872,226.7720000001136,65,0.944974818181818,212.0,1.0394723
438,2.2983027058823573e-08,0.2702919989047713,3.6002922,3.5996342,3.5999726999999995,0.0645916970517821,220.69919999991544,69,3.6002779,3.5998535,-0.0004243999999999,220.69919999991544,69,0.9448362727272728,211.0,1.0393199
439,1.6172351771630323e-08,-0.1846998940867044,3.6001835,3.5996466,3.5999612984126985,-0.8525584282449508,205.1366000000853,63,3.5999689,3.5996466,-0.0003223000000001,205.1366000000853,63,0.9444833636363636,210.0,1.0389317
440,1.4113175563098092e-08,0.0365405188829559,3.6002331,3.5997095,3.5999820477611935,-0.032201572683856,223.1547000000719,67,3.6000271,3.5998144,-0.0002127,223.1547000000719,67,0.9445401818181818,209.0,1.0389942
441,1.990888051151215e-08,-0.0622417648241618,3.600275,3.5996094,3.599994608695652,-0.3610681474867228,221.75179999996908,69,3.5999155,3.5996094,-0.0003060999999999,221.75179999996908,69,0.9442559090909092,208.0,1.0386815
442,1.5752390792492476e-08,-0.1276783382895975,3.6003456,3.5996704,3.6000267206896552,0.5434665392338434,207.28879999974745,58,3.6001005,3.5996704,-0.0004300999999999,207.28879999974745,58,0.944033727272727,207.0,1.0384371
443,2.0902884397168377e-08,-0.5172704049833937,3.6002312,3.599659,3.6000069833333335,-0.5095449480547383,159.96059999987483,48,3.6000271,3.5998259,-0.0002012000000002,159.96059999987483,48,0.9436895454545454,206.0,1.0380585
444,1.4349817547169092e-08,-0.5732366116944052,3.6002398,3.5997124,3.6000074509433966,0.1116420549459218,191.5104000000283,53,3.6000996,3.5997124,-0.0003872,191.5104000000283,53,0.9437132727272726,205.0,1.0380846
445,1.2207617459816072e-08,-0.0531068519969976,3.6001434,3.599679,3.599946190740741,-0.8041079840282013,200.32090000016615,54,3.5998783,3.599679,-0.0001992999999997,200.32090000016615,54,0.943482909090909,204.0,1.0378312
446,1.6670068022725287e-08,0.1575235454390481,3.6001778,3.59972,3.5999229125000007,-1.0149747719847635,200.80250000022352,56,3.5999079,3.5997677,-0.0001401999999997,200.80250000022352,56,0.9432549090909088,203.0,1.0375804
447,1.5494231672937012e-08,-0.4345203107387912,3.6002121,3.5996256,3.599992610526316,0.3035240770210086,193.82099999999627,57,3.5998974,3.5997896,-0.0001078000000003,193.82099999999627,57,0.942939,202.0,1.0372329
448,1.8660222901005732e-08,-0.3959258667225304,3.6002789,3.5997171,3.60000558245614,-0.4246767424458419,204.23399999993853,57,3.6001282,3.5998154,-0.0003127999999996,204.23399999993853,57,0.9428164545454544,201.0,1.0370981
449,2.5369056632724594e-08,0.1666154852027079,3.6002665,3.5996771,3.59995009423077,-0.5913326032320123,199.09030000003983,52,3.6001806,3.5998154,-0.0003651999999996,199.09030000003983,52,0.9425565454545454,200.0,1.0368122
450,2.0116957864805853e-08,-0.1603492672903735,3.6002922,3.5996552,3.5999772242424246,-0.2246183812336717,216.69359999988228,66,3.5997839,3.5997877,3.7999999999982496e-06,216.69359999988228,66,0.9425488181818182,199.0,1.0368037
451,2.6437609227636253e-08,0.2851549122905359,3.6003866,3.5996952,3.599991416666667,0.3300521960739617,153.67889999994077,42,3.6002016,3.599905,-0.0002965999999999,153.67889999994077,42,0.942228818181818,198.0,1.0364517
452,2.1247851642207405e-08,-0.7595406973986428,3.6002846,3.5996323,3.600004892592593,0.507540630446413,200.31859999988228,54,3.6000328,3.5997849,-0.0002479000000001,200.31859999988228,54,0.9422287272727272,197.0,1.0364516
453,1.8651440246735944e-08,0.252392771222919,3.6002579,3.5997534,3.5999778226415096,-0.7176994421127905,183.86659999983385,53,3.6000538,3.5998497,-0.0002040999999999,183.86659999983385,53,0.942006909090909,196.0,1.0362076
454,1.328544021276814e-08,0.2603353140528688,3.6002426,3.5997448,3.5999850021276596,-0.138196971313484,160.46470000012778,47,3.600091,3.5998631,-0.0002279,160.46470000012778,47,0.941736909090909,195.0,1.0359106
455,1.6431941285809486e-08,0.060212638894212,3.6002731,3.5997391,3.600002785185185,-0.2094610177671239,190.49860000004992,54,3.5998402,3.599967,0.0001267999999998,190.49860000004992,54,0.9417690909090908,194.0,1.035946
456,1.450374931544904e-08,0.2361245401625387,3.6002321,3.5997801,3.5999852638297867,-0.7381159712374323,174.40469999983907,47,3.5999622,3.5998888,-7.33999999997792e-05,174.40469999983907,47,0.9414414545454546,193.0,1.0355856
457,1.254059358001171e-08,-0.2377630626162285,3.6001968,3.5997772,3.6000006893617025,-0.6122726566336345,173.31110000004992,47,3.599926,3.5997944,-0.0001316,173.31110000004992,47,0.9412848181818182,192.0,1.0354133
458,1.7243555857924298e-08,0.2444576122822031,3.6002436,3.5997381,3.599963245901639,-0.9174491529468872,213.56710000010207,61,3.6001215,3.5998917,-0.0002298,213.56710000010207,61,0.9411290909090908,191.0,1.035242
459,9.010531477265996e-09,-0.2029914829926387,3.6001606,3.599721,3.5999638625,-0.1076292836197572,199.35419999994335,56,3.6000633,3.5998993,-0.0001639999999998,199.35419999994335,56,0.9407670909090908,190.0,1.0348438
460,1.8330829175918412e-08,-0.2859498304903407,3.6002712,3.5996971,3.600014866101695,-0.3179354185592764,222.37749999994412,59,3.5998907,3.5999985,0.0001077999999998,222.37749999994412,59,0.9405464545454544,189.0,1.0346011
461,2.9347401434343762e-08,-0.9385117326294908,3.6002636,3.5995407,3.60002886909091,0.9367526811130786,179.02770000020973,55,3.6000404,3.599658,-0.0003824000000003,179.02770000020973,55,0.9401136363636362,188.0,1.034125
462,1.6969121045332634e-08,-0.2055186279751335,3.6002245,3.5997057,3.5999856063829787,-0.8498239663132887,173.35670000012033,47,3.5999889,3.5997477,-0.0002412,173.35670000012033,47,0.9397520909090908,187.0,1.0337273
463,2.0748548525493163e-08,-0.3955553365439909,3.6002541,3.5996656,3.5999852215686268,-0.2566101350340966,190.9806999999564,51,3.5999432,3.5998182,-0.0001249999999997,190.9806999999564,51,0.9395220909090908,186.0,1.0334743
464,1.618250546099445e-08,0.3984275413124398,3.6002817,3.5997696,3.599991408333333,-0.0887609507029569,168.23660000017844,48,3.600071,3.599844,-0.0002269999999997,168.23660000017844,48,0.939224818181818,185.0,1.0331473
465,1.1075359740982292e-08,-0.535495094658232,3.6001844,3.5997353,3.599975406382978,0.1914572477984637,162.45270000002347,47,3.5999355,3.5997353,-0.0002002,162.45270000002347,47,0.938800818181818,184.0,1.0326809
466,2.1449628909086297e-08,0.2192567513418051,3.6003208,3.5996513,3.599964767272727,0.1898564021490014,173.77839999995194,55,3.6000538,3.5998497,-0.0002040999999999,173.77839999995194,55,0.9386024545454544,183.0,1.0324627
467,1.5310856058898e-08,-0.1062075658793561,3.6002645,3.5997019,3.6000116964912277,0.0557834476165428,185.16639999998733,57,3.6000481,3.5999565,-9.160000000019151e-05,185.16639999998733,57,0.9386411818181816,182.0,1.0325053
468,1.80841371867196e-08,0.3494108761214299,3.600359,3.5997505,3.60000408245614,0.2448752904501172,191.3226999999024,57,3.6001987,3.5997801,-0.0004186000000001,191.3226999999024,57,0.9383381818181818,181.0,1.032172
469,1.6144632445564922e-08,-0.2580737134403758,3.6002626,3.5996714,3.5999987792452828,0.1302622616824686,181.23670000000857,53,3.5999069,3.5998831,-2.3800000000129273e-05,181.23670000000857,53,0.937874,180.0,1.0316614
470,1.4264375156646961e-08,0.4468764373664284,3.6003075,3.599802,3.599986980701755,-0.5875024576485668,195.83559999987483,57,3.5998726,3.599824,-4.8599999999954235e-05,195.83559999987483,57,0.9377950909090907,179.0,1.0315746
471,1.7491222049320193e-08,-0.3983769828433138,3.6002283,3.5996981,3.599998640816327,-0.4145104986115737,180.9070000001229,49,3.6000395,3.5998659,-0.0001735999999996,180.9070000001229,49,0.9374961818181816,178.0,1.0312458
472,1.5356615032147163e-08,0.0635045738166356,3.6002598,3.599721,3.599976474576271,-0.2660357745590054,196.77840000018475,59,3.5999212,3.5998764,-4.4799999999955986e-05,196.77840000018475,59,0.9373816363636364,177.0,1.0311198
473,1.9890055853068185e-08,0.2566120694136019,3.600317,3.5997486,3.600015908000001,-0.4317196574047379,159.03790000011213,50,3.6001682,3.5999098,-0.0002584000000003,159.03790000011213,50,0.936948909090909,176.0,1.0306438
474,2.2471602187760552e-08,-0.1958136551064932,3.6002922,3.5996666,3.599987684,0.020288266619163,167.26600000006147,50,3.5998316,3.5999079,7.62999999999181e-05,167.26600000006147,50,0.9367654545454546,175.0,1.030442
475,1.4292650282469084e-08,0.4644464550748599,3.6002903,3.5997953,3.6000084339285716,-0.2631553115697373,185.5879999999888,56,3.5998173,3.5999594,0.0001420999999997,185.5879999999888,56,0.9364631818181818,174.0,1.0301095
476,1.1438218281704981e-08,-0.2807404478570154,3.6001968,3.5997858,3.600008938983051,-0.5190754563332081,207.54349999991248,59,3.6000538,3.5999413,-0.0001125000000001,207.54349999991248,59,0.9363012727272726,173.0,1.0299314
477,1.2338744898178529e-08,0.1995758408635133,3.6002197,3.5997238,3.5999738019230767,-0.6224627162437137,187.9828999999445,52,3.6000881,3.5998774,-0.0002106999999997,187.9828999999445,52,0.935943818181818,172.0,1.0295382
478,2.323167862369933e-08,-0.047516502952661,3.600317,3.599638,3.5999577120689654,-0.442475890774384,199.84740000008605,58,3.5998087,3.5996895,-0.0001191999999998,199.84740000008605,58,0.935660818181818,171.0,1.0292269
479,1.7755564837854237e-08,-0.4569322275222818,3.6002483,3.5996466,3.599969321153846,0.306457494392097,187.50090000010096,52,3.5998926,3.5996466,-0.0002460000000001,187.50090000010096,52,0.9354064545454543,170.0,1.0289471
480,1.4980417726065902e-08,-0.5503828129380338,3.6002512,3.5997448,3.60004341875,0.1337152997692854,175.1199000000488,48,3.6000853,3.5997448,-0.0003405,175.1199000000488,48,0.9353365454545456,169.0,1.0288702
481,1.89763586163303e-08,-0.1202874845935341,3.6002502,3.5997505,3.599991134,-0.8830775859012885,179.06340000010096,50,3.6001015,3.5997677,-0.0003337999999999,179.06340000010096,50,0.935226,168.0,1.0287486
482,1.5478799249250775e-08,-0.2592740190365552,3.6002884,3.5997276,3.5999925729729725,0.0462653283998992,148.28630000003614,37,3.5999765,3.5997887,-0.0001877999999999,148.28630000003614,37,0.9349266363636364,167.0,1.0284193
483,2.4181943754150153e-08,-0.2580620314501817,3.6002283,3.5997,3.5999973651162787,-0.9961417561906952,142.01130000012927,43,3.6001091,3.5997467,-0.0003624000000002,142.01130000012927,43,0.9347000909090908,166.0,1.0281701
484,3.0793891673653395e-08,0.11770585197923,3.600399,3.5996962,3.599985824074074,-0.4507490438783752,175.1430999999866,54,3.600399,3.5997286,-0.0006703999999997,175.1430999999866,54,0.934523909090909,165.0,1.0279763
485,1.0819224988684894e-08,0.820992004752602,3.600316,3.5998354,3.600007732692307,1.3299713243172469,174.28740000003015,52,3.599925,3.5998735,-5.149999999964905e-05,174.28740000003015,52,0.9343467272727272,164.0,1.0277814
486,2.8710668187069104e-08,-0.2103096904384641,3.6004181,3.5996466,3.6000284229166666,-0.116534042875362,167.70290000014938,48,3.5999155,3.5998039,-0.0001115999999998,167.70290000014938,48,0.9339565454545452,163.0,1.0273522
487,2.1680037149120453e-08,0.3436166388415653,3.6002874,3.5997334,3.5999675228070176,-0.6954033569536606,192.6893999997992,57,3.5999165,3.5998211,-9.539999999974567e-05,192.6893999997992,57,0.9339002727272726,162.0,1.0272903
488,2.9084562655138137e-08,-0.5199879933899418,3.6003647,3.5995502,3.5999797770833335,0.6278834091674628,164.97769999993034,48,3.6002121,3.5995502,-0.0006618999999998,164.97769999993034,48,0.933212818181818,161.0,1.0265341
489,2.221793073933976e-08,-0.1440093992711516,3.6003561,3.5996895,3.6000145543859654,0.0820651966917846,177.5230000000447,57,3.6000195,3.5996895,-0.0003299999999999,177.5230000000447,57,0.9326802727272728,160.0,1.0259483
490,1.0546150240804082e-08,-0.6516088427214469,3.6002111,3.5997286,3.600002042000001,0.0964951966595148,172.99109999998473,50,3.6000471,3.5998211,-0.0002259999999996,172.99109999998473,50,0.9321200909090908,159.0,1.0253321
491,2.152093461161563e-08,0.014679299036677,3.6003323,3.59972,3.6000059403846163,-0.3663519596959088,184.7349000000395,52,3.5999146,3.5997543,-0.0001603000000001,184.7349000000395,52,0.9318063636363636,158.0,1.024987
492,1.9160918792203653e-08,0.4748589544358451,3.6003294,3.5997658,3.5999752107142853,-0.0800312129247271,185.08559999987483,56,3.6001053,3.5997658,-0.0003394999999999,185.08559999987483,56,0.9314455454545454,157.0,1.0245901
493,2.07414156921368e-08,-0.2571146152635148,3.6002417,3.599679,3.5999770046511625,-0.1927936387412456,151.07300000009127,43,3.6000118,3.5997095,-0.0003022999999999,151.07300000009127,43,0.9308170909090908,156.0,1.0238988
494,1.2709773616166117e-08,-0.0415760237588629,3.6001978,3.5997,3.5999677955555565,-0.2668818032879501,159.20069999992847,45,3.6000528,3.5998449,-0.0002078999999999,159.20069999992847,45,0.930614818181818,155.0,1.0236763
495,1.6957989112032765e-08,0.3593706778136145,3.6002331,3.5997324,3.5999663136363633,-0.4786710997064514,158.7638000000734,44,3.5999651,3.5998297,-0.0001354,158.7638000000734,44,0.929696818181818,154.0,1.0226665
496,3.1697970077553973e-08,-0.6801147110587544,3.6002817,3.599555,3.6000089820000003,-0.3436277575534685,167.1485999999568,50,3.5997124,3.5997562,4.379999999981621e-05,167.1485999999568,50,0.9288487272727272,153.0,1.0217336
497,1.3447826721317338e-08,0.4563580775007772,3.6002398,3.5997543,3.599976062295082,-0.5961518107154804,209.54839999997057,61,3.5999794,3.5998306,-0.0001487999999998,209.54839999997057,61,0.9268134545454544,152.0,1.0194948
498,2.213343876318963e-08,-0.2096601145608043,3.6003199,3.5997248,3.600034592307693,-0.2740801028864994,178.2809000001289,52,3.5999632,3.599781,-0.0001821999999997,178.2809000001289,52,0.9271878181818182,151.0,1.0199066
499,2.1022205957447362e-08,-0.1536019189391239,3.6002874,3.5997171,3.6000335500000005,-1.00172336490673,189.8825000000652,48,3.6000271,3.599782,-0.0002451000000003,189.8825000000652,48,0.9272652727272724,150.0,1.0199918
500,2.0308868525491175e-08,0.631064745089415,3.6003265,3.5997353,3.59999394509804,0.0104823756358736,164.65870000002906,51,3.6001263,3.5999308,-0.0001954999999997,164.65870000002906,51,0.9277236363636364,149.0,1.020496
501,1.687577539913269e-08,-0.2697969418728922,3.6002798,3.599678,3.5999908867924515,0.1138371194785903,180.715799999889,53,3.6001492,3.5999584,-0.0001908000000003,180.715799999889,53,0.9267954545454544,148.0,1.019475
502,1.8282967844602196e-08,-0.8035861239633907,3.6002483,3.5996418,3.5999997964912285,0.1796166245174495,196.26560000004247,57,3.6000423,3.5996418,-0.0004005,196.26560000004247,57,0.9263686363636364,147.0,1.0190055
503,1.6102392646465323e-08,-0.1505083901872877,3.600234,3.5996504,3.599996668888889,0.1251312764417154,148.91339999996126,45,3.6001635,3.5998592,-0.0003042999999998,148.91339999996126,45,0.9256586363636364,146.0,1.0182245
504,1.6725335497574877e-08,-0.0099523918836717,3.6002598,3.59974,3.599992669565217,-0.6421792571654823,168.73480000020936,46,3.6001196,3.5998535,-0.0002661000000001,168.73480000020936,46,0.9253517272727272,145.0,1.0178869
505,1.8284228819672625e-08,0.1788894496095152,3.600234,3.5997353,3.599986642622951,-0.7460471374155389,190.8033999998588,61,3.599803,3.5997353,-6.770000000022591e-05,190.8033999998588,61,0.9250995454545454,144.0,1.0176095
506,1.2795276320751968e-08,-0.4657449300249375,3.6002178,3.5996828,3.6000206584905663,0.0387327521220193,190.82689999998547,53,3.5999298,3.5996828,-0.0002469999999998,190.82689999998547,53,0.9245794545454544,143.0,1.0170374
507,2.1031723718780036e-08,0.4991601727607507,3.6004448,3.5996695,3.6000006382978724,0.8719889379361883,169.6069000000134,47,3.6001263,3.5999537,-0.0001725999999999,169.6069000000134,47,0.9240733636363636,142.0,1.0164807
508,1.0883749224362573e-08,-0.3855600142019601,3.6001816,3.5997229,3.5999710525,0.0303080579038814,163.7097000000067,40,3.6000032,3.5998096,-0.0001936000000002,163.7097000000067,40,0.9235062727272726,141.0,1.0158569
509,2.344157023255731e-08,0.0759278000580193,3.6003103,3.5996532,3.5999657,-0.4474358773075169,160.31070000003092,44,3.6000214,3.5997877,-0.0002337000000003,160.31070000003092,44,0.923116818181818,140.0,1.0154285
510,1.7707755506074935e-08,-1.2410771115068076,3.6001959,3.5996313,3.600043176923077,1.4295415402866478,143.33719999995083,39,3.6001701,3.5996313,-0.0005388000000001,143.33719999995083,39,0.922655909090909,139.0,1.0149215
511,1.7760153024402146e-08,-0.3334727125611287,3.6003246,3.5996637,3.6000359439024394,0.6099202713282637,155.70470000011846,41,3.5999842,3.5998888,-9.540000000018978e-05,155.70470000011846,41,0.922356818181818,138.0,1.0145925
512,3.2880261781370015e-08,-0.322028131893294,3.6002932,3.5996084,3.599988992307692,-0.7054171624365413,142.74699999997392,39,3.5999069,3.5996084,-0.0002984999999999,142.74699999997392,39,0.921898,137.0,1.0140878
513,2.3058213008110865e-08,0.2938901905361221,3.6003857,3.5997639,3.6000154333333336,-0.6369216799177906,158.58459999994375,42,3.6001225,3.5998907,-0.0002317999999998,158.58459999994375,42,0.9214975454545452,136.0,1.0136473
514,1.3392065555193697e-08,-0.4596658219350176,3.6002741,3.5997257,3.6000290660714285,0.5586698343354883,168.6406999998726,56,3.5998211,3.5997343,-8.68000000000535e-05,168.6406999998726,56,0.9210671818181816,135.0,1.0131739
515,2.6018796623380383e-08,-0.3672704871749609,3.6003313,3.5996656,3.5999960214285713,-0.4993857574576905,185.14980000001376,56,3.5998945,3.5998373,-5.720000000009051e-05,185.14980000001376,56,0.9205732727272729,134.0,1.0126306
516,2.7221985719792567e-08,0.0653922284049434,3.6003065,3.5997009,3.6000238304347834,-0.8183985459255743,150.05199999990873,46,3.6000223,3.5997791,-0.0002431999999998,150.05199999990873,46,0.920031818181818,133.0,1.012035
517,3.072886964095554e-08,-0.0776729320856422,3.600358,3.5996428,3.59998898125,-0.6583997306675577,169.95360000012442,48,3.6001062,3.5996428,-0.0004634000000001,169.95360000012442,48,0.9193780909090908,132.0,1.0113159
518,2.380359789789112e-08,-0.4302572089131526,3.6003199,3.5996885,3.6000163351351353,-0.1866421057274405,124.31670000008307,37,3.6001596,3.5996885,-0.0004710999999999,124.31670000008307,37,0.918472818181818,131.0,1.0103201
519,1.5324573243820812e-08,-0.4108479463780293,3.600296,3.5996399,3.5999915415094335,1.5854562364830422,169.85259999986738,53,3.5998306,3.5999947,0.0001640999999996,169.85259999986738,53,0.9179167272727272,130.0,1.0097084
520,2.2390577854622825e-08,-0.2258535849510373,3.6002789,3.5996466,3.599987454166666,-0.1636267615177979,183.37910000002012,48,3.5998144,3.5998335,1.9099999999827588e-05,183.37910000002012,48,0.9173536363636362,129.0,1.009089
521,1.9601128516058538e-08,0.1829194690844195,3.6003189,3.5997953,3.6000251348837207,-0.7220058985035509,154.8351000000257,43,3.5998201,3.5997953,-2.480000000026905e-05,154.8351000000257,43,0.9166421818181816,128.0,1.0083064
522,1.7530772206098472e-08,-0.048643864139342,3.6002769,3.5997553,3.6000005169811327,-0.6724410761629263,177.94289999990724,53,3.6000671,3.5997553,-0.0003117999999999,177.94289999990724,53,0.916107,127.0,1.0077177
523,2.4630167689800028e-08,-0.3714790209811779,3.6002789,3.5997171,3.600045908,-0.6227537864659447,173.75350000010803,50,3.6002789,3.5997171,-0.0005618000000002,173.75350000010803,50,0.9154970909090908,126.0,1.0070468
524,1.8742756201540345e-08,0.006960578789764,3.600234,3.5996504,3.599988437209302,-0.4371663425360528,165.56440000003204,43,3.5999699,3.5996504,-0.0003195000000002,165.56440000003204,43,0.9148309090909088,125.0,1.006314
525,1.3911879874206749e-08,-0.5661616396718702,3.6002131,3.5996838,3.599947011111112,0.0481539603039213,180.43009999999776,54,3.5999451,3.5996962,-0.0002488999999998,180.43009999999776,54,0.9141713636363636,124.0,1.0055885
526,1.763476908562446e-08,-0.0426452601709495,3.6002712,3.5997372,3.599984150943397,-0.8956774050385206,184.31359999999404,53,3.5999355,3.5997372,-0.0001983,184.31359999999404,53,0.9134749090909088,123.0,1.0048224
527,2.281098834995193e-08,-0.6896433151752709,3.6002789,3.5996609,3.600053969767442,-0.0617435706823155,160.4839000001084,43,3.5998278,3.5996609,-0.0001668999999999,160.4839000001084,43,0.912662818181818,122.0,1.0039291
528,2.064429457013603e-08,-0.3505859536058847,3.6002884,3.599679,3.6000301384615385,-0.0504718677265487,173.22090000007302,52,3.5999594,3.5997047,-0.0002546999999997,173.22090000007302,52,0.9120641818181816,121.0,1.0032706
529,2.6508153147500025e-08,-0.0528407566939618,3.6002579,3.5996532,3.5999970047619043,-0.8627204154757937,141.91090000001714,42,3.5999165,3.5997257,-0.0001907999999999,141.91090000001714,42,0.9112276363636364,120.0,1.0023504
530,1.56869685307763e-08,-0.6935048932720684,3.6002798,3.5996456,3.6000396023809524,1.5256680899940511,149.1728000000585,42,3.6000481,3.5996456,-0.0004024999999998,149.1728000000585,42,0.910605,119.0,1.0016655
531,2.4988441697960218e-08,-0.0486337366707502,3.6003513,3.5996284,3.5999928439999995,0.1659034141138824,171.81099999998696,50,3.6002407,3.5996284,-0.0006123000000002,171.81099999998696,50,0.909963,118.0,1.0009593
532,1.3436668205784156e-08,0.1517749737795453,3.600255,3.5997381,3.600011863265306,-0.1493279061975063,166.2436999999918,49,3.5999117,3.5999241,1.2400000000134526e-05,166.2436999999918,49,0.9092744545454544,117.0,1.0002019
533,2.017655521772272e-08,-0.4813465367444739,3.6002054,3.5996504,3.599971354716981,-0.6952849278968269,189.9879999998957,53,3.5998373,3.5997181,-0.0001191999999998,189.9879999998957,53,0.9085331727272726,116.0,0.99938649
534,1.6846645399668087e-08,0.3816665602707615,3.6003256,3.5997591,3.6000112040816323,-0.0881051203000389,170.40849999990314,49,3.5997591,3.5999441,0.0001850000000001,170.40849999990314,49,0.9076607727272726,115.0,0.99842685
535,1.661770297560393e-08,0.1700852066757651,3.6002445,3.5997648,3.599964104878049,-0.536802074033599,158.1174999999348,41,3.5999212,3.5997772,-0.0001439999999996,158.1174999999348,41,0.906852918181818,114.0,0.99753821
536,1.457721198113196e-08,-0.2057834867315741,3.6002264,3.5996561,3.5999627264150944,-0.3202361730946981,188.0230000000447,53,3.6000729,3.5997372,-0.0003356999999999,188.0230000000447,53,0.9061265,113.0,0.99673915
537,1.2865720126854537e-08,0.0235246321474813,3.6002312,3.5998039,3.5999912818181827,-0.5003537267681399,141.14850000012666,44,3.6000776,3.5998058,-0.0002718000000001,141.14850000012666,44,0.9051472454545454,112.0,0.99566197
538,2.0551547937258737e-08,0.3967901313163594,3.6002941,3.5997467,3.599982292156863,-0.3705262585073559,176.03450000006706,51,3.5998039,3.5997725,-3.140000000012577e-05,176.03450000006706,51,0.9044234818181816,111.0,0.99486583
539,1.836704102103351e-08,-0.687431874901738,3.600174,3.5996666,3.599987781081081,-0.2900801548875948,125.46219999995084,37,3.5999231,3.5996666,-0.0002564999999998,125.46219999995084,37,0.903429118181818,110.0,0.99377203
540,1.5462187271399163e-08,-0.1172081240339115,3.6002302,3.5997639,3.5999930754716982,-0.7368135172049892,181.41969999996945,53,3.599967,3.599824,-0.000143,181.41969999996945,53,0.9029048636363636,109.0,0.99319535
541,2.6335803612581568e-08,-0.4818135274591913,3.6003103,3.5996857,3.6000340645833333,-0.693425296797658,170.10679999995045,48,3.6001072,3.5996857,-0.0004214999999998,170.10679999995045,48,0.9020405454545454,108.0,0.9922446
542,1.9467154516902664e-08,-0.1876614475543121,3.600256,3.599658,3.5999778282608683,-0.155754153420256,163.83009999990463,46,3.5998478,3.6000462,0.0001983999999999,163.83009999990463,46,0.9012089,107.0,0.99132979
543,1.990176151711159e-08,0.242748810241928,3.6003189,3.5997152,3.5999957978723405,-0.3794207148703994,164.5816000001505,47,3.599946,3.5997829,-0.0001630999999999,164.5816000001505,47,0.9004621090909091,106.0,0.99050832
544,1.5247557431979997e-08,-0.7929460718471167,3.6002121,3.5996466,3.6000132081632654,0.6599782535192129,177.15290000010282,49,3.6000195,3.5996466,-0.0003729000000003,177.15290000010282,49,0.8995919363636362,105.0,0.98955113
545,1.8180641363639338e-08,-0.1731991327817396,3.6002703,3.5997066,3.5999687666666667,-0.6697308635169823,174.05569999990985,45,3.6000252,3.5998058,-0.0002194000000002,174.05569999990985,45,0.8988159363636363,104.0,0.98869753
546,1.587036209276266e-08,-0.247304545540537,3.6002522,3.5997448,3.600011221153846,-0.5878305756158233,170.70549999992363,52,3.5999002,3.5998516,-4.8599999999954235e-05,170.70549999992363,52,0.8979070727272727,103.0,0.98769778
547,2.0654266526901483e-08,0.0546947728550204,3.6003046,3.5996714,3.5999954629629634,-0.5270467303094466,160.47820000024512,54,3.5997915,3.5996714,-0.0001200999999997,160.47820000024512,54,0.8967933909090908,102.0,0.98647273
548,1.4508622460683672e-08,0.3199992756920009,3.6002426,3.5997629,3.600001359574468,-0.8661051939325564,152.82449999987148,47,3.6000309,3.5997629,-0.0002680000000001,152.82449999987148,47,0.895725109090909,101.0,0.98529762
549,1.1927203680240422e-08,-0.7153532378933993,3.6002607,3.5997915,3.6000566153846156,0.3951100112075472,173.88470000005327,52,3.6000586,3.5997915,-0.0002671000000002,173.88470000005327,52,0.8950083363636363,100.0,0.98450917
550,1.5468405492762072e-08,-0.4560884837228703,3.600234,3.5996742,3.6000231630434785,0.0321575297649792,158.72239999985322,46,3.5999641,3.6000576,9.350000000019064e-05,158.72239999985322,46,0.8940105545454544,99.0,0.98341161
551,2.2277788503411263e-08,0.4852487158207891,3.6002941,3.5997429,3.5999679938775513,-0.4748778874071298,169.65830000001006,49,3.6001301,3.5998859,-0.0002442,169.65830000001006,49,0.893066909090909,98.0,0.9823736
552,1.6816418010097285e-08,0.2999537932317789,3.6002922,3.5997458,3.5999957711111112,-0.0091957332452907,166.44559999997728,45,3.5999966,3.5998669,-0.0001297,166.44559999997728,45,0.8921966272727272,97.0,0.98141629
553,2.5467313102550434e-08,-0.1295312969396068,3.6003418,3.5997028,3.600017885,-0.1428701612773291,152.5205999999307,40,3.5999126,3.5998173,-9.529999999990936e-05,152.5205999999307,40,0.8912439272727272,96.0,0.98036832
554,2.09391666807477e-08,-0.0891997453502383,3.6003361,3.5997334,3.6000139727272726,-0.2901090422269008,157.60230000014417,44,3.6000662,3.5997362,-0.0003299999999999,157.60230000014417,44,0.890493018181818,95.0,0.97954232
555,1.3650458503399992e-08,-0.4471933724199152,3.6001768,3.5996876,3.5999754938775506,0.0888420205001736,165.56789999990724,49,3.6000586,3.5999527,-0.0001059000000003,165.56789999990724,49,0.8896279909090908,94.0,0.97859079
556,1.9934756874402588e-08,0.1205097445818617,3.6002588,3.5997372,3.5999833847826084,-0.5825646364571528,159.2658999999985,46,3.6000214,3.5998688,-0.0001526000000002,159.2658999999985,46,0.8887708181818181,93.0,0.9776479
557,2.9405808199642526e-08,0.5156477494532148,3.600317,3.5997429,3.599980629411765,-1.0619617158167078,120.60800000000744,34,3.5997562,3.599864,0.0001078000000003,120.60800000000744,34,0.8876124272727272,92.0,0.97637367
558,2.8783816343432992e-08,-0.2909195108612288,3.6003189,3.599555,3.5999498955555547,0.0275375766188101,161.7974000000395,45,3.5999527,3.5998964,-5.629999999978707e-05,161.7974000000395,45,0.8869965,91.0,0.97569615
559,2.0837633090426263e-08,-0.1662378708578995,3.6002464,3.5997066,3.599987517948718,-0.9101345308968104,140.40639999997802,39,3.5997486,3.5997782,2.959999999996299e-05,140.40639999997802,39,0.8861167909090908,90.0,0.97472847
560,2.6184738097559477e-08,-0.0520959244798764,3.6003017,3.5996475,3.599993587804878,-0.5263348335241926,144.50430000014603,41,3.5999737,3.5999355,-3.8200000000099266e-05,144.50430000014603,41,0.8852838909090908,89.0,0.97381228
561,1.5468722536990485e-08,0.3171633780439621,3.6002655,3.5998192,3.6000078545454546,-0.627080507295382,140.4262999999337,44,3.6000013,3.5999222,-7.910000000022066e-05,140.4262999999337,44,0.8844172454545454,88.0,0.97285897
562,2.5554433364705673e-08,0.0360322533321635,3.6003332,3.5997162,3.600009205882353,-0.9355584111826104,175.86779999989085,51,3.6003075,3.5997162,-0.0005912999999999,175.86779999989085,51,0.883743709090909,87.0,0.97211808
563,2.1542169222210848e-08,-0.1629678868078614,3.6002541,3.5997,3.599976617777778,-0.6755251684087926,147.72479999996722,45,3.5999765,3.5997,-0.0002765,147.72479999996722,45,0.8827214363636363,86.0,0.97099358
564,1.4578865762484048e-08,0.0502085455053187,3.6002264,3.5996485,3.5999766717948725,0.7037945860902108,139.16460000001825,39,3.5999231,3.5997925,-0.0001305999999998,139.16460000001825,39,0.8817817363636363,85.0,0.96995991
565,1.8413012959832025e-08,-0.503549583120733,3.6002645,3.5997334,3.6000468772727263,-0.5537670139679736,136.83270000014454,44,3.6001616,3.5997334,-0.0004281999999999,136.83270000014454,44,0.8810501181818181,84.0,0.96915513
566,1.9617125243911137e-08,0.1599613063440499,3.6002998,3.5997038,3.5999797024390237,0.134538134488352,128.4543000000995,41,3.599987,3.5997448,-0.0002422000000001,128.4543000000995,41,0.8800157636363635,83.0,0.96801734
567,1.461253209989793e-08,-0.1649826213981636,3.6002131,3.5997715,3.600013691489362,-1.1757375015301084,165.79169999994338,47,3.599947,3.5998764,-7.059999999992073e-05,165.79169999994338,47,0.8793275454545454,82.0,0.9672603
568,1.8290628759397855e-08,0.4609658446802902,3.6004009,3.5997152,3.5999770263157895,0.5974326048519929,192.64520000014457,57,3.5998583,3.5999031,4.4799999999955986e-05,192.64520000014457,57,0.8785093363636363,81.0,0.96636027
569,2.0637882473115032e-08,0.322508658092132,3.6002703,3.5997829,3.600000377419354,-0.7040023389356973,120.47830000007524,31,3.6002293,3.5997877,-0.0004416000000002,120.47830000007524,31,0.8774727545454545,80.0,0.96522003
570,1.2560236271976102e-08,0.4749584123645047,3.6003618,3.5997314,3.5999816638297863,2.157510327861738,154.9317999999039,47,3.6001062,3.5997963,-0.0003098999999999,154.9317999999039,47,0.8768761181818181,79.0,0.96456373
571,1.8168647903590623e-08,-0.2259556208036139,3.6002197,3.599699,3.599984145238095,-0.5710339351160387,147.8676999998279,42,3.5999794,3.599699,-0.0002803999999998,147.8676999998279,42,0.8762059999999999,78.0,0.9638266
572,1.2885673384353153e-08,0.3032811621760797,3.6002789,3.5997629,3.5999979489795915,0.4656938984117529,166.16520000016317,49,3.599843,3.5997629,-8.009999999991635e-05,166.16520000016317,49,0.8754285363636363,77.0,0.96297139
573,1.8758487272731855e-08,-0.3498710393015867,3.6002216,3.5996799,3.5999833333333333,-0.5705199744885534,142.23340000002645,45,3.600009,3.5997,-0.0003090000000001,142.23340000002645,45,0.8746248999999999,76.0,0.96208739
574,1.4590606153847213e-08,0.1689680775552641,3.6002092,3.5997839,3.6000191,-1.1867069169955689,144.59239999996498,40,3.5998993,3.6000481,0.0001487999999998,144.59239999996498,40,0.8738907363636362,75.0,0.96127981
575,1.1008666113362776e-08,0.2512838799710271,3.6001787,3.59972,3.599978538461538,-0.1957241711701609,125.18409999995492,39,3.6001453,3.599864,-0.0002812999999997,125.18409999995492,39,0.8729473545454545,74.0,0.96024209
576,2.0915675360036892e-08,-0.5329624974660387,3.6002693,3.5996199,3.600008197619048,-0.0533476198631617,143.64959999988787,42,3.5998812,3.5999165,3.529999999996036e-05,143.64959999988787,42,0.872172009090909,73.0,0.95938921
577,1.9231917260467207e-08,-0.4144285476714892,3.6002884,3.5997086,3.5999991435897427,-0.0671384671018779,140.02779999980703,39,3.6000586,3.5997601,-0.0002984999999999,140.02779999980703,39,0.871388909090909,72.0,0.9585278
578,2.1426355793218433e-08,0.0163246462797147,3.600316,3.5996857,3.600012376470588,-0.3444938814904903,129.75019999989308,34,3.5999975,3.5996857,-0.0003117999999999,129.75019999989308,34,0.8703367272727272,71.0,0.9573704
579,2.1154886524382004e-08,-0.223091469712401,3.6002998,3.5996866,3.5999981439024387,-0.5991721589955232,159.76060000015423,41,3.5998745,3.5998211,-5.339999999964817e-05,159.76060000015423,41,0.8693441999999999,70.0,0.95627862
580,2.1889907975105645e-08,0.2509595753316603,3.6003685,3.5997047,3.600038121153846,0.213637849346707,177.7051999999676,52,3.6001444,3.59974,-0.0004043999999998,177.7051999999676,52,0.8684368545454544,69.0,0.95528054
581,2.0907248557079652e-08,-0.6961828108718645,3.6002741,3.5996313,3.6000334931818174,0.6762775970793937,152.08869999996386,44,3.6000662,3.600029,-3.719999999995949e-05,152.08869999996386,44,0.8674898999999999,68.0,0.95423889
582,1.7648000930225086e-08,-0.5194342809390338,3.6002274,3.5997019,3.59999,-0.4217319184762522,146.10630000010133,44,3.6000023,3.5999203,-8.199999999991547e-05,146.10630000010133,44,0.8665533,67.0,0.95320863
583,1.615099375791911e-08,-0.3397072748654283,3.6001644,3.5996857,3.5999442295454545,-0.4068878375433704,144.00489999982528,44,3.6000023,3.5997238,-0.0002784999999998,144.00489999982528,44,0.8658043909090908,66.0,0.95238483
584,2.0479621736538783e-08,-0.2421888520275279,3.6002245,3.5996695,3.599978242592593,-0.7100475084708968,163.84269999992102,54,3.5999832,3.5997429,-0.0002403000000001,163.84269999992102,54,0.8647948,65.0,0.95127428
585,2.0217122059793473e-08,-0.2938359889690273,3.6002331,3.5996552,3.5999919279069763,-0.1686074858189719,159.28309999988414,43,3.5999632,3.5996704,-0.0002927999999999,159.28309999988414,43,0.8639693272727272,64.0,0.95036626
586,2.9749402108834042e-08,0.4500526456231966,3.600338,3.5997868,3.60000404489796,-1.0684780598639816,154.43289999989793,49,3.6000156,3.5998154,-0.0002001999999996,154.43289999989793,49,0.8630442636363636,63.0,0.94934869
587,1.5878218555551194e-08,0.0073797759204125,3.6003456,3.5997057,3.6000282911111103,0.1729263501074398,148.65749999973923,45,3.5999641,3.5997057,-0.0002583999999998,148.65749999973923,45,0.8620000999999999,62.0,0.94820011
588,1.243521397162301e-08,-0.3529525512898425,3.6002464,3.5997305,3.599998841666667,0.3747037485868816,169.9169000000693,48,3.5998268,3.599761,-6.580000000022679e-05,169.9169000000693,48,0.8612188454545453,61.0,0.94734073
589,1.607927361539345e-08,0.3794078207634241,3.6003294,3.5997963,3.600030085,0.4169629310795368,134.9760000000242,40,3.6000433,3.5998182,-0.0002250999999997,134.9760000000242,40,0.8602374272727272,60.0,0.94626117
590,1.899215610975696e-08,-0.2733954765971477,3.6003075,3.5996914,3.599985480487805,-0.3360621748925121,147.75359999993816,41,3.600029,3.5997066,-0.0003223999999999,147.75359999993816,41,0.8593622636363636,59.0,0.94529849
591,1.3405860667642e-08,0.0384682597835692,3.6002111,3.5997038,3.599966483018868,0.2824394261903955,171.90780000016093,53,3.5998306,3.5999165,8.589999999975007e-05,171.90780000016093,53,0.8584769727272726,58.0,0.94432467
592,2.260567517644755e-08,0.2618168462092549,3.6002216,3.5997229,3.5999737800000005,-1.0997878589028467,133.78719999990426,35,3.599926,3.5997753,-0.0001506999999998,133.78719999990426,35,0.8574545363636363,57.0,0.94319999
593,1.8975341065308092e-08,-0.1414460840297922,3.6003199,3.5997734,3.6000455340000004,-0.6685253119995131,180.6983000000473,50,3.6001329,3.5998688,-0.0002641000000003,180.6983000000473,50,0.8566782181818181,56.0,0.94234604
594,2.218411721996664e-08,0.6492894929166535,3.6003103,3.5997324,3.5999694256410257,0.3227291164786279,128.05059999995865,39,3.6000614,3.5997572,-0.0003041999999999,128.05059999995865,39,0.8556218545454545,55.0,0.94118404
595,1.4596078010104657e-08,0.0775974057513049,3.6002874,3.5997562,3.6000211711111105,0.1122277210276108,161.71160000003874,45,3.5998821,3.5997562,-0.0001259,161.71160000003874,45,0.8548440727272727,54.0,0.94032848
596,1.9416458235305813e-08,-0.1558128032732683,3.6002607,3.5997257,3.60000115,-0.6818876676985708,170.64469999982975,52,3.5999851,3.5997467,-0.0002384000000001,170.64469999982975,52,0.8540241272727273,53.0,0.93942654
597,1.9841980816319625e-08,-0.0424059550288236,3.6002483,3.5997419,3.599981504081633,-1.0424088242530818,180.3007000000216,49,3.6000376,3.5997419,-0.0002956999999996,180.3007000000216,49,0.8531129363636363,52.0,0.93842423
598,1.1986737239818584e-08,-0.6788572774618769,3.6002073,3.5997467,3.600018803846154,0.1777381809508424,172.89980000001378,52,3.5999889,3.5999451,-4.38000000002603e-05,172.89980000001378,52,0.8521049636363636,51.0,0.93731546
599,2.4083425813952464e-08,0.5482335226344538,3.6003466,3.5996981,3.5999666883720933,0.3769481869804179,155.6984999999404,43,3.6001101,3.5996981,-0.0004120000000003,155.6984999999404,43,0.8511000363636363,50.0,0.93621004
600,2.1488570611670053e-08,0.0785882346239329,3.6003008,3.5996552,3.6000098421052633,0.8511706049461045,135.0104000000283,38,3.6002998,3.5996552,-0.0006446000000002,135.0104000000283,38,0.8501270181818181,49.0,0.93513972
601,2.3142578805120343e-08,-0.6695471808951482,3.6002312,3.5996284,3.600016710526317,-0.2953614132785955,139.1956999998074,38,3.5998154,3.5999289,0.0001134999999998,139.1956999998074,38,0.8492339181818181,48.0,0.93415731
602,2.4294759481968893e-08,-0.1694591625526837,3.6002445,3.5996151,3.599949944680851,-0.486024931147774,170.7257999998983,47,3.5999355,3.5999165,-1.899999999999125e-05,170.7257999998983,47,0.8485584909090909,47.0,0.93341434
603,2.1092410144544312e-08,-0.1315144726523016,3.6003551,3.5997248,3.6000201163265313,-0.0345374771663773,157.5050999999512,49,3.6001892,3.5998058,-0.0003834,157.5050999999512,49,0.847607309090909,46.0,0.93236804
604,2.476056539313793e-08,0.43481519839124,3.6003628,3.5997038,3.599990427906977,0.1596350761039415,143.91029999987222,43,3.5999756,3.599802,-0.0001736000000001,143.91029999987222,43,0.8466231818181817,45.0,0.9312855
605,1.6334170852264842e-08,-0.0435042695972207,3.6002254,3.5997038,3.5999895090909093,0.1146470740551972,120.30830000014976,33,3.5999537,3.5997038,-0.0002499,120.30830000014976,33,0.8455080363636364,44.0,0.93005884
606,1.5772872999997357e-08,0.241102568453485,3.6002607,3.5997419,3.6000234866666667,-0.5217963166061246,163.69149999995716,45,3.6001253,3.5998554,-0.0002699000000001,163.69149999995716,45,0.8448231181818181,43.0,0.92930543
607,2.2445561480762795e-08,-0.2478177990495127,3.6002359,3.5996609,3.5999856425000005,-0.4680988136000752,124.13779999990948,40,3.5998459,3.5996609,-0.0001850000000001,124.13779999990948,40,0.8437380999999999,42.0,0.92811191
608,2.420423713725458e-08,0.149781786363821,3.6003208,3.5996504,3.599979092156863,-0.1938022439447952,155.44229999999516,51,3.5996504,3.5999393,0.0002889000000001,155.44229999999516,51,0.8429322999999999,41.0,0.92722553
609,2.3970178858583088e-08,-0.0326302289905188,3.6003618,3.5997,3.599992802222222,-0.3217668045484374,152.50209999992512,45,3.6002665,3.5998917,-0.0003747999999998,152.50209999992512,45,0.8419203727272726,40.0,0.92611241
610,1.5202579750289194e-08,0.2413300798018392,3.600275,3.5998554,3.6000507023809525,-1.0333140343967302,145.7974999998696,42,3.6002502,3.6000462,-0.000204,145.7974999998696,42,0.8407363545454545,39.0,0.92480999
611,2.0489920525485673e-08,-0.0095857533579838,3.6002579,3.5996923,3.5999724215686273,-0.5243091582527319,175.0105999999214,51,3.5996923,3.5997868,9.449999999988634e-05,175.0105999999214,51,0.8398523636363636,38.0,0.9238376
612,1.5695641224350263e-08,-0.3424666667006888,3.6002541,3.5997028,3.6000124075000004,-0.292996666560799,140.3175999999512,40,3.6001072,3.5998392,-0.0002680000000001,140.3175999999512,40,0.8388163818181817,37.0,0.92269802
613,1.8296856573120553e-08,0.3668837968322861,3.6003504,3.599822,3.600049273469388,-0.4056836732435585,149.44650000007823,49,3.6001339,3.5998411,-0.0002927999999999,149.44650000007823,49,0.837786309090909,36.0,0.92156494
614,1.9417799609752623e-08,0.0516557792583949,3.6003666,3.5996704,3.6000001195121953,0.7981453600470876,158.87440000008792,41,3.6000242,3.5996704,-0.0003538,158.87440000008792,41,0.8368762545454544,35.0,0.92056388
615,1.8873114551504277e-08,-0.1351741259570491,3.6002588,3.5997963,3.6000462209302326,-1.134810820909076,134.98239999986254,43,3.5997963,3.5998411,4.4799999999955986e-05,134.98239999986254,43,0.8358828090909091,34.0,0.91947109
616,2.1030785681066776e-08,0.2013194034498636,3.6003323,3.5997267,3.60001571627907,-0.804817565781295,151.3560000001453,43,3.6001835,3.5997267,-0.0004567999999998,151.3560000001453,43,0.8348153363636364,33.0,0.91829687
617,2.2377174608970825e-08,0.257951466249649,3.6001987,3.5996513,3.5999090025,-0.4796535744532337,140.2332999999635,40,3.5999556,3.5996532,-0.0003023999999998,140.2332999999635,40,0.8338620454545453,32.0,0.91724825
618,2.6611590153846474e-08,-0.0486075267394275,3.6003036,3.5996637,3.59997289,-0.8692044957946194,145.8621999998577,40,3.600214,3.5998116,-0.0004024,145.8621999998577,40,0.8329365999999999,31.0,0.91623026
619,2.1578326215990756e-08,0.3154185695629939,3.6003437,3.5996599,3.5999902408163265,0.7810454238838012,170.8253000001423,49,3.5999546,3.5998755,-7.909999999977657e-05,170.8253000001423,49,0.8320629090909091,30.0,0.9152692
620,1.9394768902440252e-08,-0.0926928105768649,3.6002207,3.5996647,3.599965909756097,-0.8398028017881742,159.3645999999717,41,3.600009,3.5997934,-0.0002156000000002,159.3645999999717,41,0.8310176545454545,29.0,0.91411942
621,2.4710885993036164e-08,-0.141207329236597,3.600256,3.5996599,3.5999727285714287,-0.9390620133275678,136.87430000002496,42,3.5999985,3.5996599,-0.0003386,136.87430000002496,42,0.8300660999999999,28.0,0.91307271
622,1.4244997971007272e-08,-0.2308172232800379,3.6002579,3.5996971,3.5999807739130443,0.3638062342825017,172.34149999986403,46,3.6002579,3.5997677,-0.0004901999999997,172.34149999986403,46,0.8290853818181818,27.0,0.91199392
623,1.1881616141137029e-08,-0.0740854473612626,3.6002083,3.5997181,3.599997732432432,0.5945678968139525,149.60489999991842,37,3.5997906,3.5999603,0.0001696999999998,149.60489999991842,37,0.8280977909090909,26.0,0.91090757
624,1.7091303497585297e-08,-0.0279279114361426,3.6002102,3.599762,3.599989230434783,-1.1133621593436,145.11609999998473,46,3.6000366,3.5998497,-0.0001869000000001,145.11609999998473,46,0.8268621818181818,25.0,0.9095484
625,1.6391997336151872e-08,-0.4558449117879619,3.6002665,3.5997162,3.600038181818181,-0.0523156385468221,164.3448999999091,44,3.5999165,3.5999117,-4.800000000138027e-06,164.3448999999091,44,0.8260417545454545,24.0,0.90864593
626,1.4297246646470057e-08,0.1948774976637546,3.6002607,3.5998287,3.600021871111111,-0.9945106589407606,154.5142000000924,45,3.5999241,3.5998755,-4.8599999999954235e-05,154.5142000000924,45,0.8249775363636364,23.0,0.90747529
627,1.4386099339323317e-08,0.3970510666016373,3.6002789,3.5997639,3.5999894204545457,-0.5657014566519134,157.15279999980703,44,3.5999956,3.5999088,-8.68000000000535e-05,157.15279999980703,44,0.8239947636363636,22.0,0.90639424
628,1.7446879407943662e-08,0.1022554634503637,3.6002617,3.59972,3.5999725808510643,-0.3424038056044658,168.01119999983348,47,3.6000156,3.59972,-0.0002955999999998,168.01119999983348,47,0.823010209090909,21.0,0.90531123
629,2.1498771229231533e-08,0.5635432708358,3.6003838,3.5997715,3.600003486046512,-0.0749227451019827,158.80080000008456,43,3.6000061,3.5999165,-8.959999999991197e-05,158.80080000008456,43,0.8220230454545454,20.0,0.90422535
630,2.183936164232128e-08,-0.280922772197414,3.6002483,3.5996962,3.59999036440678,-0.5933138233459863,176.8359000000637,59,3.5999327,3.5997553,-0.0001774000000001,176.8359000000637,59,0.8209099545454545,19.0,0.90300095
631,2.1301376978620324e-08,-0.5217784308835287,3.6002312,3.5997038,3.599986861764706,-0.7437450242639119,128.48150000022724,34,3.5999632,3.5997972,-0.0001660000000001,128.48150000022724,34,0.8197446818181817,18.0,0.90171915
632,1.2308223535761212e-08,-0.4938284613842853,3.6002817,3.5997038,3.599997041025641,1.6989956662643158,133.0553999999538,39,3.5997038,3.60005,0.0003462,133.0553999999538,39,0.8187129818181818,17.0,0.90058428
633,2.0059023839037067e-08,0.0884880841847865,3.600296,3.5996828,3.5999699914893615,-0.4015877228911777,168.32529999990948,47,3.599966,3.5998526,-0.0001134,168.32529999990948,47,0.8177190999999999,16.0,0.89949101
634,1.9488452991591852e-08,-0.1556054590112661,3.6003046,3.5997133,3.6000032628571423,-0.2933330657204513,129.8416000001598,35,3.5999002,3.5998297,-7.050000000008438e-05,129.8416000001598,35,0.8165445636363635,15.0,0.89819902
635,1.4303843652729215e-08,0.1143684913459242,3.600172,3.5997648,3.599947802380952,-1.1185823527188343,146.76860000006857,42,3.6000175,3.5998144,-0.0002030999999997,146.76860000006857,42,0.8155738727272727,14.0,0.89713126
636,1.574197069082224e-08,-0.6449254788499608,3.6002016,3.5997019,3.6000102673913053,0.1691559363321468,168.278299999889,46,3.5999947,3.5997019,-0.0002927999999999,168.278299999889,46,0.8145364818181818,13.0,0.89599013
637,1.1884050846640293e-08,0.3309883097510503,3.6003771,3.5998116,3.6000305645833333,0.9693535688381374,175.12039999989793,48,3.5999517,3.5998945,-5.720000000009051e-05,175.12039999989793,48,0.8135321999999999,12.0,0.89488542
638,2.3796090155032992e-08,0.0683137387863493,3.6002846,3.5997257,3.5999821720930236,-0.9108640637563769,166.49729999992996,43,3.599781,3.599741,-4.000000000026205e-05,166.49729999992996,43,0.8124542272727272,11.0,0.89369965
639,9.124477689684872e-09,-0.0356473596520303,3.6003876,3.599967,3.600149976811594,-0.2258109286000249,244.20400000014345,69,3.6002007,3.6000404,-0.0001602999999996,244.20400000014345,69,0.8116178636363636,10.0,0.89277965
640,1.5424427962352278e-08,0.1455943181978527,3.600255,3.5997639,3.5999991325581404,-0.5402283567325865,152.8021999998018,43,3.599946,3.5999279,-1.81000000001319e-05,152.8021999998018,43,0.8102367181818181,9.0,0.89126039
641,6.2271287740405294e-09,-0.1720970867350331,3.6002455,3.5999432,3.6000934461538465,-0.8231497329049557,230.7824999999721,65,3.6002312,3.5999451,-0.0002861000000002,230.7824999999721,65,0.8094302636363636,8.0,0.89037329
642,1.5887485833338004e-08,0.3051352497600156,3.6002378,3.599741,3.5999630714285713,-0.2403345346513479,162.48870000010356,49,3.5998211,3.599741,-8.010000000036044e-05,162.48870000010356,49,0.8081382545454545,7.0,0.88895208
643,6.56248632745612e-09,0.2869112409733067,3.6002531,3.5998402,3.600026005970149,0.8388970967785827,221.60800000000745,67,3.6001072,3.6000614,-4.580000000009576e-05,221.60800000000745,67,0.807178509090909,6.0,0.88789636
644,1.5080249109761395e-08,0.7096070374139967,3.6002941,3.5996923,3.5999450195121954,1.7754516348093836,146.75539999990724,41,3.6000338,3.5999002,-0.0001335999999998,146.75539999990724,41,0.8058125909090909,5.0,0.88639385
645,2.1392650640112667e-08,-0.0894455020251648,3.6002073,3.5996456,3.5999789263157895,-0.8733361362767571,144.13980000000447,38,3.5998745,3.599823,-5.149999999964905e-05,144.13980000000447,38,0.8047519454545454,4.0,0.88522714
646,5.967645043717205e-09,0.6454480978713142,3.6001873,3.5998602,3.600028772131148,-0.3378952301240625,211.26869999989867,61,3.6000528,3.5999985,-5.429999999995161e-05,211.26869999989867,61,0.803830409090909,3.0,0.88421345
647,5.423501610760259e-09,0.1890281993942117,3.6002121,3.5998516,3.6000060092592596,-0.0325020620234415,183.7400999998208,54,3.599988,3.5999537,-3.4300000000264674e-05,183.7400999998208,54,0.8026144727272727,2.0,0.88287592
648,1.3619951289634146e-08,-0.1464644405302555,3.6002159,3.5997152,3.599962118181818,-0.5681461795355256,149.61270000017248,44,3.5998592,3.5997734,-8.579999999991372e-05,149.61270000017248,44,0.8013250636363636,1.0,0.88145757
649,7.311269402599653e-09,0.4969431622251032,3.6003313,3.5999613,3.600128107142857,-0.3786159701372757,222.20589999994263,56,3.6003313,3.6000919,-0.0002394000000003,222.20589999994263,56,0.8004039545454544,0.0,0.88044435
