cycle_number,relax_var,relax_ske,relax_max,relax_min,relax_mean,relax_kur,relax_duration_s,relax_points,relax_start_voltage,relax_end_voltage,relax_voltage_delta,window_s,window_points,SOH,RUL,discharge_capacity_in_Ah
1,1.5344262295010447e-08,1.4366940083371431,4.1995,4.1992,4.19926393442623,0.0651328507700741,1163.0,234,4.1992,4.1992,0.0,300.0,61,0.9902885072755876,532.0,0.1935008888888889
2,5.606557377023047e-09,3.5991253887301924,4.1995,4.1992,4.199219672131147,11.32409486610293,1178.0,237,4.1992,4.1992,0.0,300.0,61,0.9929257105067052,531.0,0.1940161944444444
3,2.28688524589098e-08,-0.0336238203588056,4.1995,4.1992,4.199352459016393,-2.0677966101697405,1099.0,221,4.1992,4.1992,0.0,300.0,61,0.9893431457593926,530.0,0.1933161666666666
4,1.9032786885157193e-08,0.921420901124905,4.1995,4.1992,4.199288524590164,-1.1911525514437409,1167.0,235,4.1992,4.1992,0.0,300.0,61,0.9885764788937024,529.0,0.1931663611111111
5,1.3524590163871388e-08,1.7051861374731514,4.1995,4.1992,4.199254098360655,0.9373147016904184,1163.0,234,4.1992,4.1992,0.0,300.0,61,0.9890504390884384,528.0,0.1932589722222222
6,8.114754098322831e-09,2.765843744567461,4.1995,4.1992,4.199229508196722,5.840391052494162,1241.0,250,4.1992,4.1995,0.0002999999999993,300.0,61,0.9879613541898564,527.0,0.1930461666666666
7,6.885245901607251e-09,3.12521349870969,4.1995,4.1992,4.199224590163934,8.029264423614334,1126.0,227,4.1992,4.1992,0.0,300.0,61,0.9855622683331188,526.0,0.1925773888888889
8,1.4459016393375229e-08,1.564593753712924,4.1995,4.1992,4.199259016393442,0.4620164840287013,1192.0,240,4.1992,4.1992,0.0,300.0,61,0.9846850012780152,525.0,0.1924059722222222
9,2.0163934426135532e-08,0.7519706664910636,4.1995,4.1992,4.199298360655738,-1.484326666765658,1196.0,241,4.1992,4.1992,0.0,300.0,61,0.9869309812170172,524.0,0.1928448333333333
10,6.885245901607251e-09,3.1252134987096905,4.1995,4.1992,4.199224590163934,8.029264423614334,1234.0,248,4.1992,4.1976,-0.0015999999999998,300.0,61,0.9919934276761478,523.0,0.1938340277777777
11,1.475409836058696e-09,7.810249675948984,4.1995,4.1992,4.199204918032787,61.00000000045582,1167.0,235,4.1992,4.1992,0.0,300.0,61,0.9889824867869736,522.0,0.1932456944444444
12,1.6180327868777036e-08,1.319135852606055,4.1995,4.1992,4.199268852459016,-0.2698256765079581,1139.0,229,4.1992,4.1775,-0.0217,300.0,61,0.985254492741756,521.0,0.19251725
13,1.0426229508148125e-08,2.240877502749858,4.1995,4.1992,4.199239344262295,3.122884112848615,1180.0,237,4.1992,4.1992,0.0,300.0,61,0.9894470644463608,520.0,0.1933364722222222
14,1.3524590163871392e-08,1.7051861374731505,4.1995,4.1992,4.199254098360655,0.9373147016904158,1135.0,229,4.1992,4.1979,-0.0013000000000005,300.0,61,0.9823838634039328,519.0,0.1919563333333333
15,1.0426229508148128e-08,2.240877502749857,4.1995,4.1992,4.199239344262295,3.122884112848615,1128.0,227,4.1992,4.1995,0.0002999999999993,300.0,61,0.9841772070921732,518.0,0.19230675
16,2.901639344248769e-09,5.3804968698256745,4.1995,4.1992,4.199209836065574,27.862683137098003,1074.0,216,4.1992,4.1995,0.0002999999999993,300.0,61,0.9858893776336848,517.0,0.1926413055555555
17,1.5344262295010447e-08,1.4366940083371436,4.1995,4.1992,4.19926393442623,0.0651328507700741,1169.0,235,4.1992,4.1992,0.0,300.0,61,0.9827897291375772,516.0,0.1920356388888889
18,2.213114754088045e-08,0.375975860074081,4.1995,4.1992,4.199322950819672,-1.9228131696887043,1106.0,223,4.1992,4.1992,0.0,300.0,61,0.9846034016524068,515.0,0.1923900277777777
19,1.9622950819580663e-08,0.8348624372608512,4.1995,4.1992,4.199293442622951,-1.348329913030249,1141.0,230,4.1992,4.1992,0.0,300.0,61,0.9884724180471076,514.0,0.1931460277777777
20,2.2573770491698057e-08,0.2369000925738995,4.1995,4.1992,4.199332786885247,-2.010940359006011,1005.0,202,4.1995,4.1992,-0.0002999999999993,300.0,61,0.9844832767680178,513.0,0.1923665555555555
21,9.295081967169792e-09,2.4787943014633536,4.1995,4.1992,4.199234426229508,4.283858877676468,1125.0,227,4.1992,4.1995,0.0002999999999993,300.0,61,0.9813607405720448,512.0,0.1917564166666666
22,2.2868852458909792e-08,0.0336238203770224,4.1995,4.1992,4.199347540983606,-2.0677966101688954,1076.0,217,4.1992,4.1992,0.0,300.0,61,0.9841331376079596,511.0,0.1922981388888889
23,1.5344262295010444e-08,1.4366940083371436,4.1995,4.1992,4.19926393442623,0.0651328507700741,1089.0,219,4.1992,4.1992,0.0,300.0,61,0.9846176176150562,510.0,0.1923928055555555
24,1.6967213114675017e-08,1.2101123118100543,4.1995,4.1992,4.1992737704918035,-0.5549259268722828,1138.0,229,4.1992,4.1992,0.0,300.0,61,0.9823215974875276,509.0,0.1919441666666666
25,2.213114754088045e-08,-0.3759758600925993,4.1995,4.1992,4.199377049180328,-1.922813169679106,1080.0,218,4.1995,4.1992,-0.0002999999999993,300.0,61,0.980537636334636,508.0,0.1915955833333333
26,2.1836065573668706e-08,-0.4473272967633674,4.1995,4.1992,4.199381967213114,-1.862076863547608,1113.0,224,4.1995,4.1995,0.0,300.0,61,0.9787501211910816,507.0,0.1912463055555555
27,1.6180327868777042e-08,-1.319135852606054,4.1995,4.1992,4.199431147540984,-0.2698256765079616,1061.0,214,4.1992,4.1995,0.0002999999999993,300.0,61,0.9768720503654498,506.0,0.1908793333333333
28,2.2573770491698063e-08,0.2369000926105712,4.1995,4.1992,4.199332786885245,-2.010940358994034,986.0,199,4.1992,4.1992,0.0,300.0,61,0.976278818244084,505.0,0.1907634166666666
29,2.2131147540880444e-08,-0.3759758600740812,4.1995,4.1992,4.1993770491803275,-1.922813169688703,1091.0,220,4.1995,4.1995,0.0,300.0,61,0.9778161324450062,504.0,0.1910638055555555
30,2.2573770491698063e-08,0.2369000926105711,4.1995,4.1992,4.199332786885245,-2.010940358994035,1107.0,223,4.1992,4.1995,0.0002999999999993,300.0,61,0.9763444959915252,503.0,0.19077625
31,1.6180327868777036e-08,-1.3191358526060553,4.1995,4.1992,4.199431147540984,-0.2698256765079581,1113.0,224,4.1995,4.1995,0.0,300.0,61,0.9779744982689222,502.0,0.19109475
32,2.2573770491698063e-08,-0.2369000925922352,4.1995,4.1992,4.199367213114754,-2.0109403590000223,1142.0,230,4.1995,4.1995,0.0,300.0,61,0.9775828484979272,501.0,0.1910182222222222
33,4.278688524570221e-09,-4.275398459367963,4.1995,4.1992,4.199485245901639,16.83004494240459,1075.0,217,4.1995,4.1995,0.0,300.0,61,0.9777433467162406,500.0,0.1910495833333333
34,5.606557377023046e-09,-3.5991253887301933,4.1995,4.1992,4.199480327868852,11.324094866102936,1093.0,220,4.1995,4.1995,0.0,300.0,61,0.981224267330609,499.0,0.19172975
35,5.606557377023047e-09,-3.599125388730193,4.1995,4.1992,4.199480327868852,11.324094866102932,1148.0,231,4.1995,4.1995,0.0,300.0,61,0.9849063438164686,498.0,0.1924492222222222
36,2.901639344248769e-09,-5.380496869825675,4.1995,4.1992,4.199490163934426,27.862683137098003,1234.0,248,4.1995,4.1992,-0.0002999999999993,300.0,61,0.9872752918323892,497.0,0.1929121111111111
37,1.475409836058696e-09,-7.810249675948981,4.1995,4.1992,4.199495081967213,61.00000000045575,1097.0,221,4.1995,4.1995,0.0,300.0,61,0.9820401214270664,496.0,0.1918891666666666
38,2.901639344248771e-09,-5.38049686977453,4.1995,4.1992,4.199490163934425,27.862683136718637,1141.0,230,4.1995,4.1995,0.0,300.0,61,0.9771482665197304,495.0,0.1909333055555555
39,1.7704918032704358e-08,-1.1082054477575287,4.1995,4.1992,4.199421311475411,-0.799191505896315,1150.0,231,4.1995,4.1995,0.0,300.0,61,0.9825692395568828,494.0,0.1919925555555555
40,1.475409836058696e-09,-7.810249675948984,4.1995,4.1992,4.199495081967213,61.00000000045575,1092.0,220,4.1995,4.1995,0.0,300.0,61,0.9771640462382716,493.0,0.1909363888888889
41,5.606557377023047e-09,-3.599125388730193,4.1995,4.1992,4.199480327868852,11.324094866102932,1065.0,214,4.1995,4.1995,0.0,300.0,61,0.9730306129382889,492.0,0.1901287222222222
42,1.1508196721257831e-08,-2.0381402237687776,4.1995,4.1992,4.199455737704918,2.2259437426231443,1045.0,211,4.1995,4.1995,0.0,300.0,61,0.9759205759853156,491.0,0.1906934166666666
43,5.6065573770230465e-09,-3.5991253887301924,4.1995,4.1992,4.199480327868852,11.32409486610293,1058.0,213,4.1995,4.1995,0.0,300.0,61,0.9719904309512212,490.0,0.1899254722222222
44,1.475409836058696e-09,-7.810249675948984,4.1995,4.1992,4.199495081967213,61.00000000045582,1030.0,208,4.1995,4.1995,0.0,300.0,61,0.9709739896217786,489.0,0.1897268611111111
45,6.885245901607251e-09,-3.12521349870969,4.1995,4.1992,4.199475409836066,8.029264423614336,1163.0,234,4.1995,4.1995,0.0,300.0,61,0.9729131890868036,488.0,0.1901057777777777
46,1.9032786885157186e-08,-0.9214209011448738,4.1995,4.1992,4.199411475409836,-1.191152551418375,1111.0,224,4.1995,4.1995,0.0,300.0,61,0.9738143389591584,487.0,0.1902818611111111
47,1.2540983606498916e-08,-1.86160398407002,4.1995,4.1992,4.199450819672131,1.5141472135256144,1126.0,227,4.1995,4.1995,0.0,300.0,61,0.972803157535896,486.0,0.1900842777777777
48,6.885245901607251e-09,-3.12521349870969,4.1995,4.1992,4.199475409836066,8.029264423614336,1062.0,214,4.1995,4.1995,0.0,300.0,61,0.9733402366047958,485.0,0.1901892222222222
49,1.475409836058696e-09,-7.810249675948985,4.1995,4.1992,4.199495081967213,61.00000000045582,1087.0,219,4.1995,4.1995,0.0,300.0,61,0.980231282339538,484.0,0.1915357222222222
50,2.0163934426135532e-08,0.7519706664716634,4.1995,4.1992,4.199298360655739,-1.4843266667857695,1152.0,232,4.1995,4.1995,0.0,300.0,61,0.9815411411380676,483.0,0.1917916666666666
51,1.6967213114675014e-08,1.2101123118100552,4.1995,4.1992,4.1992737704918035,-0.5549259268722806,1106.0,223,4.1992,4.1995,0.0002999999999993,300.0,61,0.9790731078624794,482.0,0.1913094166666666
52,1.5344262295010444e-08,-1.4366940083371431,4.1995,4.1992,4.19943606557377,0.0651328507700745,1081.0,218,4.1995,4.1787,-0.0207999999999994,300.0,61,0.9726447917119802,481.0,0.1900533333333333
53,1.475409836058696e-09,-7.810249675948981,4.1995,4.1992,4.199495081967213,61.00000000045575,1085.0,219,4.1995,4.1995,0.0,300.0,61,0.9773452997620532,480.0,0.1909718055555555
54,2.2131147540880444e-08,-0.3759758600740812,4.1995,4.1992,4.1993770491803275,-1.9228131696887032,1078.0,217,4.1995,4.1995,0.0,300.0,61,0.9691642975764913,479.0,0.18937325
55,2.2573770491698057e-08,0.2369000925738997,4.1995,4.1992,4.199332786885247,-2.0109403590060095,1053.0,212,4.1992,4.1992,0.0,300.0,61,0.9697133180540166,478.0,0.1894805277777777
56,1.7704918032704365e-08,1.1082054477368235,4.1995,4.1992,4.19927868852459,-0.7991915059279453,1080.0,217,4.1992,4.1992,0.0,300.0,61,0.9735145243068796,477.0,0.1902232777777777
57,1.9622950819580663e-08,0.8348624372608512,4.1995,4.1992,4.199293442622951,-1.348329913030249,1106.0,223,4.1992,4.1995,0.0002999999999993,300.0,61,0.9731751892784348,476.0,0.1901569722222222
58,2.2377049180223572e-08,-0.3059217425291319,4.1995,4.1992,4.199372131147541,-1.9722031329251823,1045.0,210,4.1995,4.1995,0.0,300.0,61,0.9747714997243526,475.0,0.1904688888888889
59,2.2131147540880448e-08,-0.3759758600740813,4.1995,4.1992,4.1993770491803275,-1.922813169688703,1080.0,217,4.1992,4.1992,0.0,300.0,61,0.9765905743049886,474.0,0.1908243333333333
60,1.4459016393375226e-08,1.5645937536900143,4.1995,4.1992,4.199259016393443,0.4620164839792879,1071.0,216,4.1992,4.1995,0.0002999999999993,300.0,61,0.9745397795331648,473.0,0.1904236111111111
61,2.272131147530393e-08,0.1686640598113304,4.1995,4.1992,4.199337704918033,-2.039553082804665,1080.0,218,4.1992,4.1992,0.0,300.0,61,0.9713005302838388,472.0,0.1897906666666667
62,2.2573770491698057e-08,-0.2369000925738997,4.1995,4.1992,4.199367213114753,-2.0109403590060095,1119.0,225,4.1992,4.1995,0.0002999999999993,300.0,61,0.9728193637333163,471.0,0.1900874444444444
63,2.109836065563936e-08,-0.5951052868532202,4.1995,4.1992,4.199391803278688,-1.7028033334289536,1052.0,212,4.1995,4.1787,-0.0207999999999994,300.0,61,0.971213102113544,470.0,0.1897735833333333
64,2.2573770491698057e-08,-0.2369000925922352,4.1995,4.1992,4.199367213114754,-2.0109403590000223,1062.0,214,4.1992,4.1995,0.0002999999999993,300.0,61,0.968729004800162,469.0,0.1892881944444444
65,9.295081967169788e-09,-2.4787943014919307,4.1995,4.1992,4.1994655737704925,4.283858877774125,1035.0,208,4.1995,4.1992,-0.0002999999999993,300.0,61,0.9622387070525108,468.0,0.18802
66,1.9622950819580676e-08,-0.8348624372805171,4.1995,4.1992,4.19940655737705,-1.3483299130076165,1079.0,217,4.1995,4.1992,-0.0002999999999993,300.0,61,0.9647358830515302,467.0,0.1885079444444444
67,4.278688524570219e-09,-4.275398459367965,4.1995,4.1992,4.199485245901639,16.830044942404598,1062.0,214,4.1995,4.1976,-0.0018999999999991,300.0,61,0.9672943298495696,466.0,0.1890078611111111
68,0.0,0.0,4.1995,4.1995,4.1995,0.0,1006.0,203,4.1995,4.1995,0.0,300.0,61,0.9649309260590822,465.0,0.1885460555555555
69,1.4459016393375226e-08,-1.5645937536900147,4.1995,4.1992,4.199440983606557,0.4620164839792879,1040.0,209,4.1995,4.1979,-0.0015999999999998,300.0,61,0.9618757735260676,464.0,0.1879490833333333
70,1.3524590163871392e-08,-1.7051861374731514,4.1995,4.1992,4.199445901639344,0.9373147016904184,1069.0,215,4.1992,4.1995,0.0002999999999993,300.0,61,0.9648400860577516,463.0,0.1885283055555555
71,0.0,0.0,4.1995,4.1995,4.1995,0.0,1047.0,211,4.1995,4.1995,0.0,300.0,61,0.9636944216278244,462.0,0.1883044444444444
72,2.9016393442487692e-09,-5.380496869825677,4.1995,4.1992,4.199490163934426,27.862683137098003,1068.0,215,4.1995,4.1995,0.0,300.0,61,0.9630994835909408,461.0,0.1881881944444444
73,2.901639344248769e-09,-5.3804968698256745,4.1995,4.1992,4.199490163934426,27.862683137098003,1116.0,225,4.1995,4.1793,-0.0201999999999999,300.0,61,0.9675858992435116,460.0,0.1890648333333333
74,0.0,0.0,4.1995,4.1995,4.1995,0.0,1038.0,209,4.1995,4.1995,0.0,300.0,61,0.9643136689608388,459.0,0.1884254444444444
75,1.6180327868777042e-08,-1.319135852606054,4.1995,4.1992,4.199431147540984,-0.2698256765079612,1128.0,227,4.1995,4.1995,0.0,300.0,61,0.9609415004607392,458.0,0.1877665277777777
76,1.0426229508148125e-08,-2.240877502749858,4.1995,4.1992,4.199460655737705,3.122884112848615,1087.0,219,4.1995,4.1793,-0.0201999999999999,300.0,61,0.9605826895634648,457.0,0.1876964166666666
77,0.0,0.0,4.1995,4.1995,4.1995,0.0,1044.0,210,4.1995,4.1995,0.0,300.0,61,0.9602813111552944,456.0,0.1876375277777777
78,1.2540983606498924e-08,-1.8616039840946168,4.1995,4.1992,4.199450819672132,1.5141472135887364,1099.0,221,4.1995,4.1995,0.0,300.0,61,0.9668832042097444,455.0,0.1889275277777777
79,2.109836065563936e-08,0.5951052868532202,4.1995,4.1992,4.1993081967213115,-1.7028033334289536,1157.0,233,4.1992,4.1995,0.0002999999999993,300.0,61,0.967253672196392,454.0,0.1889999166666666
80,1.8393442622865082e-08,-1.0122819576212063,4.1995,4.1992,4.199416393442623,-1.0094950258931754,1084.0,218,4.1995,4.1992,-0.0002999999999993,300.0,61,0.9621099104309058,453.0,0.1879948333333333
81,1.475409836058696e-09,-7.810249675948984,4.1995,4.1992,4.199495081967213,61.00000000045582,1110.0,224,4.1995,4.1995,0.0,300.0,61,0.9645820663356622,452.0,0.1884778888888889
82,5.606557377023047e-09,-3.5991253887301924,4.1995,4.1992,4.199480327868852,11.32409486610293,1166.0,235,4.1995,4.1992,-0.0002999999999993,300.0,61,0.9648282868087524,451.0,0.188526
83,1.0426229508148122e-08,-2.2408775027228804,4.1995,4.1992,4.199460655737704,3.1228841127652753,1155.0,233,4.1995,4.1995,0.0,300.0,61,0.963281732232108,450.0,0.1882238055555555
84,1.0426229508148125e-08,-2.2408775027228796,4.1995,4.1992,4.199460655737704,3.1228841127652753,1086.0,219,4.1995,4.1995,0.0,300.0,61,0.9636938529893184,449.0,0.1883043333333333
85,2.1836065573668706e-08,0.4473272967633673,4.1995,4.1992,4.199318032786886,-1.862076863547608,1167.0,235,4.1995,4.1995,0.0,300.0,61,0.9616605438515536,448.0,0.1879070277777778
86,8.114754098322835e-09,-2.765843744567459,4.1995,4.1992,4.199470491803278,5.840391052494157,1152.0,232,4.1995,4.1995,0.0,300.0,61,0.957066939840605,447.0,0.1870094444444444
87,1.5344262295010444e-08,1.4366940083371431,4.1995,4.1992,4.19926393442623,0.0651328507700741,1135.0,228,4.1992,4.1995,0.0002999999999993,300.0,61,0.9604328533171383,446.0,0.1876671388888889
88,0.0,0.0,4.1995,4.1995,4.1995,0.0,1155.0,233,4.1995,4.1995,0.0,300.0,61,0.9573016453839488,445.0,0.1870553055555555
89,4.278688524570219e-09,-4.275398459367966,4.1995,4.1992,4.199485245901639,16.830044942404605,1104.0,222,4.1995,4.1992,-0.0002999999999993,300.0,61,0.9549823110776752,444.0,0.1866021111111111
90,4.278688524570219e-09,-4.275398459367966,4.1995,4.1992,4.199485245901639,16.830044942404605,1116.0,225,4.1995,4.1995,0.0,300.0,61,0.9581592944105962,443.0,0.1872228888888888
91,0.0,0.0,4.1995,4.1995,4.1995,0.0,1105.0,222,4.1995,4.1995,0.0,300.0,61,0.9552302374662832,442.0,0.1866505555555555
92,0.0,0.0,4.1995,4.1995,4.1995,0.0,1066.0,215,4.1995,4.1995,0.0,300.0,61,0.9561650791701176,441.0,0.1868332222222222
93,4.278688524570219e-09,-4.275398459367966,4.1995,4.1992,4.199485245901639,16.830044942404598,1103.0,222,4.1995,4.1995,0.0,300.0,61,0.9607420505047662,440.0,0.1877275555555555
94,0.0,0.0,4.1995,4.1995,4.1995,0.0,1077.0,217,4.1995,4.1793,-0.0201999999999999,300.0,61,0.9586137787365024,439.0,0.1873116944444444
95,1.475409836058696e-09,-7.81024967594898,4.1995,4.1992,4.199495081967213,61.00000000045575,1087.0,219,4.1995,4.1995,0.0,300.0,61,0.9608978574554052,438.0,0.187758
96,1.475409836058696e-09,-7.81024967594898,4.1995,4.1992,4.199495081967213,61.00000000045575,1149.0,231,4.1995,4.1995,0.0,300.0,61,0.967187141491192,437.0,0.1889869166666666
97,0.0,0.0,4.1995,4.1995,4.1995,0.0,1148.0,231,4.1995,4.1995,0.0,300.0,61,0.9592914536760064,436.0,0.1874441111111111
98,1.2540983606498916e-08,-1.8616039840700205,4.1995,4.1992,4.199450819672131,1.5141472135256144,1153.0,232,4.1995,4.1995,0.0,300.0,61,0.9621327981307716,435.0,0.1879993055555555
99,8.114754098322833e-09,-2.7658437445674595,4.1995,4.1992,4.199470491803278,5.840391052494155,1073.0,216,4.1995,4.1995,0.0,300.0,61,0.961440338590112,434.0,0.187864
100,1.475409836058696e-09,-7.810249675948981,4.1995,4.1992,4.199495081967213,61.00000000045575,1048.0,211,4.1995,4.1995,0.0,300.0,61,0.9631896127941388,433.0,0.1882058055555555
101,0.0,0.0,4.1995,4.1995,4.1995,0.0,1154.0,232,4.1995,4.1995,0.0,300.0,61,0.965301536205356,432.0,0.1886184722222222
102,0.0,0.0,4.1995,4.1995,4.1995,0.0,1128.0,227,4.1995,4.1995,0.0,300.0,61,0.964631395726056,431.0,0.1884875277777777
103,0.0,0.0,4.1995,4.1995,4.1995,0.0,1066.0,215,4.1995,4.1995,0.0,300.0,61,0.9634321371169402,430.0,0.1882531944444444
104,0.0,0.0,4.1995,4.1995,4.1995,0.0,1172.0,236,4.1995,4.1995,0.0,300.0,61,0.96261841541488,429.0,0.1880941944444444
105,1.0426229508148125e-08,-2.2408775027498593,4.1995,4.1992,4.199460655737705,3.1228841128486193,1091.0,220,4.1995,4.1995,0.0,300.0,61,0.9604621382001964,428.0,0.1876728611111111
106,0.0,0.0,4.1995,4.1995,4.1995,0.0,1089.0,219,4.1995,4.1982,-0.0012999999999996,300.0,61,0.95682455767743,427.0,0.1869620833333333
107,0.0,0.0,4.1995,4.1995,4.1995,0.0,1121.0,226,4.1995,4.1995,0.0,300.0,61,0.963063659365064,426.0,0.1881811944444444
108,0.0,0.0,4.1995,4.1995,4.1995,0.0,1109.0,223,4.1995,4.1995,0.0,300.0,61,0.9637045149613056,425.0,0.1883064166666666
109,0.0,0.0,4.1995,4.1995,4.1995,0.0,1200.0,242,4.1995,4.1995,0.0,300.0,61,0.9629797851854316,424.0,0.1881648055555555
110,0.0,0.0,4.1995,4.1995,4.1995,0.0,1137.0,229,4.1995,4.1995,0.0,300.0,61,0.9602373838307072,423.0,0.1876289444444444
111,0.0,0.0,4.1995,4.1995,4.1995,0.0,1162.0,234,4.1995,4.1995,0.0,300.0,61,0.9611005770827876,422.0,0.1877976111111111
112,0.0,0.0,4.1995,4.1995,4.1995,0.0,1080.0,217,4.1995,4.1793,-0.0201999999999999,300.0,61,0.9581283036120202,421.0,0.1872168333333333
113,0.0,0.0,4.1995,4.1995,4.1995,0.0,1061.0,214,4.1995,4.1995,0.0,300.0,61,0.9509788116763092,420.0,0.1858198333333333
114,0.0,0.0,4.1995,4.1995,4.1995,0.0,1014.0,204,4.1995,4.1995,0.0,300.0,61,0.9496801834882732,419.0,0.1855660833333333
115,0.0,0.0,4.1995,4.1995,4.1995,0.0,1043.0,210,4.1995,4.1995,0.0,300.0,61,0.9548452691977336,418.0,0.1865753333333333
116,0.0,0.0,4.1995,4.1995,4.1995,0.0,1117.0,225,4.1995,4.1995,0.0,300.0,61,0.9535386800706134,417.0,0.1863200277777777
117,0.0,0.0,4.1995,4.1995,4.1995,0.0,1136.0,229,4.1995,4.1995,0.0,300.0,61,0.9577252810709054,416.0,0.1871380833333333
118,1.475409836058696e-09,-7.81024967594898,4.1995,4.1992,4.199495081967213,61.00000000045575,1219.0,245,4.1995,4.1995,0.0,300.0,61,0.9617599134304738,415.0,0.1879264444444444
119,5.606557377023047e-09,-3.5991253887301924,4.1995,4.1992,4.199480327868852,11.324094866102932,1148.0,231,4.1995,4.1995,0.0,300.0,61,0.9607227167955628,414.0,0.1877237777777777
120,1.4459016393375226e-08,-1.5645937536900143,4.1995,4.1992,4.199440983606557,0.4620164839792884,1148.0,231,4.1995,4.1995,0.0,300.0,61,0.953717232561492,413.0,0.1863549166666666
121,5.606557377023047e-09,-3.599125388730193,4.1995,4.1992,4.199480327868852,11.32409486610293,1115.0,224,4.1995,4.1992,-0.0002999999999993,300.0,61,0.9555788128704502,412.0,0.1867186666666666
122,1.6180327868777036e-08,-1.3191358526060553,4.1995,4.1992,4.199431147540984,-0.2698256765079581,1140.0,229,4.1995,4.1995,0.0,300.0,61,0.956895068852172,411.0,0.1869758611111111
123,1.3524590163871388e-08,-1.7051861374731514,4.1995,4.1992,4.199445901639344,0.9373147016904184,1229.0,247,4.1995,4.1995,0.0,300.0,61,0.9609079507888864,410.0,0.1877599722222222
124,0.0,0.0,4.1995,4.1995,4.1995,0.0,1104.0,222,4.1995,4.1995,0.0,300.0,61,0.9499733166381068,409.0,0.1856233611111111
125,0.0,0.0,4.1995,4.1995,4.1995,0.0,1003.0,202,4.1995,4.1995,0.0,300.0,61,0.9462534256915994,408.0,0.1848965
126,0.0,0.0,4.1995,4.1995,4.1995,0.0,979.0,197,4.1995,4.1995,0.0,300.0,61,0.9446254136489732,407.0,0.1845783888888889
127,6.885245901607251e-09,-3.12521349870969,4.1995,4.1992,4.199475409836066,8.029264423614336,1121.0,226,4.1995,4.1995,0.0,300.0,61,0.9502053211485474,406.0,0.1856686944444444
128,1.475409836058696e-09,-7.810249675948984,4.1995,4.1992,4.199495081967213,61.00000000045582,1101.0,222,4.1992,4.1995,0.0002999999999993,300.0,61,0.950954928859058,405.0,0.1858151666666666
129,0.0,0.0,4.1995,4.1995,4.1995,0.0,1104.0,222,4.1995,4.1995,0.0,300.0,61,0.948060274544357,404.0,0.1852495555555555
130,5.6065573770230465e-09,-3.599125388730192,4.1995,4.1992,4.199480327868852,11.32409486610293,1102.0,222,4.1995,4.1979,-0.0015999999999998,300.0,61,0.947620716979233,403.0,0.1851636666666666
131,0.0,0.0,4.1995,4.1995,4.1995,0.0,1099.0,221,4.1995,4.1796,-0.0198999999999998,300.0,61,0.9486863455394432,402.0,0.1853718888888889
132,4.27868852457022e-09,-4.275398459367966,4.1995,4.1992,4.199485245901639,16.830044942404605,1012.0,204,4.1995,4.1995,0.0,300.0,61,0.9422280337077534,401.0,0.1841099444444444
133,1.475409836058696e-09,-7.810249675948984,4.1995,4.1992,4.199495081967213,61.00000000045582,1097.0,221,4.1995,4.1995,0.0,300.0,61,0.94863900638382,400.0,0.1853626388888888
134,1.475409836058696e-09,-7.810249675948984,4.1995,4.1992,4.199495081967213,61.00000000045582,1128.0,227,4.1995,4.1995,0.0,300.0,61,0.9498759372939573,399.0,0.1856043333333333
135,0.0,0.0,4.1995,4.1995,4.1995,0.0,1116.0,225,4.1995,4.1995,0.0,300.0,61,0.9455140534741964,398.0,0.1847520277777777
136,9.295081967169792e-09,-2.478794301463354,4.1995,4.1992,4.199465573770492,4.283858877676466,1134.0,228,4.1992,4.1995,0.0002999999999993,300.0,61,0.9429307287415204,397.0,0.18424725
137,1.4459016393375229e-08,-1.5645937536900143,4.1995,4.1992,4.199440983606557,0.4620164839792879,1038.0,209,4.1995,4.1992,-0.0002999999999993,300.0,61,0.9406830428870006,396.0,0.1838080555555555
138,1.475409836058696e-09,-7.810249675948981,4.1995,4.1992,4.199495081967213,61.00000000045575,1082.0,218,4.1995,4.1995,0.0,300.0,61,0.9386539985380304,395.0,0.1834115833333333
139,2.901639344248769e-09,-5.3804968698256745,4.1995,4.1992,4.199490163934426,27.862683137098003,1080.0,217,4.1995,4.1793,-0.0201999999999999,300.0,61,0.9419626216850864,394.0,0.1840580833333333
140,1.475409836058696e-09,-7.810249675948984,4.1995,4.1992,4.199495081967213,61.00000000045582,1052.0,212,4.1995,4.1793,-0.0201999999999999,300.0,61,0.9387569221076132,393.0,0.1834316944444444
141,1.475409836058696e-09,-7.810249675948981,4.1995,4.1992,4.199495081967213,61.00000000045575,1074.0,216,4.1995,4.1995,0.0,300.0,61,0.9414192875926206,392.0,0.1839519166666667
142,1.475409836058696e-09,-7.81024967594898,4.1995,4.1992,4.199495081967213,61.00000000045575,1096.0,222,4.1995,4.1995,0.0,300.0,61,0.9386588319653312,391.0,0.1834125277777777
143,0.0,0.0,4.1995,4.1995,4.1995,0.0,1114.0,224,4.1995,4.1995,0.0,300.0,61,0.9447199498005928,390.0,0.1845968611111111
144,1.475409836058696e-09,-7.810249675948981,4.1995,4.1992,4.199495081967213,61.00000000045575,1131.0,228,4.1995,4.1982,-0.0012999999999996,300.0,61,0.9393222909421856,389.0,0.1835421666666666
145,0.0,0.0,4.1995,4.1995,4.1995,0.0,1080.0,217,4.1995,4.1995,0.0,300.0,61,0.9373304924153574,388.0,0.1831529722222222
146,5.6065573770230465e-09,-3.5991253887301924,4.1995,4.1992,4.199480327868852,11.32409486610293,1027.0,207,4.1995,4.1995,0.0,300.0,61,0.9369866082788648,387.0,0.1830857777777777
147,0.0,0.0,4.1995,4.1995,4.1995,0.0,1092.0,220,4.1995,4.1995,0.0,300.0,61,0.9417854907904728,386.0,0.1840234722222222
148,2.1836065573668706e-08,-0.4473272967633674,4.1995,4.1992,4.199381967213114,-1.862076863547608,1159.0,233,4.1995,4.1982,-0.0012999999999996,300.0,61,0.9457905539477304,385.0,0.1848060555555555
149,1.6180327868777042e-08,1.3191358525843973,4.1995,4.1992,4.199268852459017,-0.2698256765473448,1131.0,228,4.1995,4.1793,-0.0201999999999999,300.0,61,0.9430491477103914,384.0,0.1842703888888889
150,1.9622950819580663e-08,0.8348624372608523,4.1995,4.1992,4.199293442622951,-1.3483299130302475,1074.0,216,4.1995,4.1793,-0.0201999999999999,300.0,61,0.9430400494942957,383.0,0.1842686111111111
151,5.606557377023047e-09,-3.599125388730193,4.1995,4.1992,4.199480327868852,11.324094866102936,1117.0,225,4.1995,4.1995,0.0,300.0,61,0.9449287822919146,382.0,0.1846376666666666
152,4.27868852457022e-09,-4.275398459367965,4.1995,4.1992,4.199485245901639,16.830044942404598,1089.0,219,4.1995,4.1995,0.0,300.0,61,0.9439292579580248,381.0,0.1844423611111111
153,4.278688524570219e-09,-4.275398459367965,4.1995,4.1992,4.199485245901639,16.830044942404598,1059.0,213,4.1995,4.1995,0.0,300.0,61,0.9413826104089846,380.0,0.18394475
154,1.8393442622865082e-08,-1.0122819576212063,4.1995,4.1992,4.199416393442623,-1.009495025893175,1091.0,220,4.1995,4.1995,0.0,300.0,61,0.9385011769395476,379.0,0.1833817222222222
155,1.6967213114675014e-08,-1.2101123118312045,4.1995,4.1992,4.199426229508197,-0.5549259268369995,1101.0,222,4.1995,4.1995,0.0,300.0,61,0.9403375949946164,378.0,0.1837405555555555
156,1.475409836058696e-09,-7.81024967594898,4.1995,4.1992,4.199495081967213,61.00000000045575,1074.0,216,4.1995,4.1995,0.0,300.0,61,0.9437748726036508,377.0,0.1844121944444444
157,1.4459016393375226e-08,-1.5645937536900143,4.1995,4.1992,4.199440983606557,0.4620164839792879,1129.0,227,4.1992,4.1995,0.0002999999999993,300.0,61,0.9410199612017948,376.0,0.1838738888888889
158,4.278688524570219e-09,-4.275398459367965,4.1995,4.1992,4.199485245901639,16.830044942404598,1093.0,220,4.1995,4.1992,-0.0002999999999993,300.0,61,0.9397210486945056,375.0,0.1836200833333333
159,4.278688524570219e-09,-4.275398459367965,4.1995,4.1992,4.199485245901639,16.830044942404605,1094.0,220,4.1995,4.1995,0.0,300.0,61,0.9396621946091364,374.0,0.1836085833333333
160,1.6180327868777032e-08,-1.319135852606055,4.1995,4.1992,4.199431147540984,-0.2698256765079585,1084.0,218,4.1992,4.1979,-0.0013000000000005,300.0,61,0.937671817678573,373.0,0.1832196666666666
161,4.278688524570219e-09,-4.275398459367965,4.1995,4.1992,4.199485245901639,16.830044942404598,1147.0,231,4.1995,4.1995,0.0,300.0,61,0.9380971592810476,372.0,0.1833027777777778
162,1.5344262295010444e-08,-1.4366940083371431,4.1995,4.1992,4.19943606557377,0.0651328507700745,1007.0,203,4.1995,4.1992,-0.0002999999999993,300.0,61,0.9312744923266496,371.0,0.1819696388888888
163,0.0,0.0,4.1995,4.1995,4.1995,0.0,1033.0,208,4.1995,4.1995,0.0,300.0,61,0.9330496395826988,370.0,0.1823165
164,0.0,0.0,4.1995,4.1995,4.1995,0.0,1043.0,210,4.1995,4.179,-0.0204999999999992,300.0,61,0.9311071704462648,369.0,0.1819369444444444
165,1.0426229508148128e-08,-2.240877502749857,4.1995,4.1992,4.199460655737705,3.122884112848616,1033.0,208,4.1995,4.1995,0.0,300.0,61,0.9314428093244204,368.0,0.1820025277777777
166,1.0426229508148125e-08,-2.2408775027228804,4.1995,4.1992,4.199460655737704,3.1228841127652753,1135.0,228,4.1995,4.1995,0.0,300.0,61,0.9352273829009832,367.0,0.1827420277777777
167,1.9032786885157193e-08,-0.9214209011249052,4.1995,4.1992,4.1994114754098355,-1.191152551443741,1112.0,224,4.1995,4.1979,-0.0015999999999998,300.0,61,0.933958323915258,366.0,0.1824940555555555
168,8.114754098322831e-09,-2.765843744567461,4.1995,4.1992,4.199470491803278,5.840391052494162,1125.0,227,4.1995,4.1995,0.0,300.0,61,0.9372407896910387,365.0,0.1831354444444444
169,1.475409836058696e-09,-7.810249675948984,4.1995,4.1992,4.199495081967213,61.00000000045582,1047.0,211,4.1995,4.1995,0.0,300.0,61,0.9324107742212282,364.0,0.1821916666666666
170,4.2786885245702195e-09,-4.275398459367966,4.1995,4.1992,4.199485245901639,16.830044942404598,1100.0,222,4.1995,4.1995,0.0,300.0,61,0.9346850439259028,363.0,0.1826360555555555
171,1.475409836058696e-09,-7.810249675948984,4.1995,4.1992,4.199495081967213,61.00000000045582,1106.0,223,4.1995,4.1793,-0.0201999999999999,300.0,61,0.9353556108840824,362.0,0.1827670833333333
172,1.475409836058696e-09,-7.810249675948982,4.1995,4.1992,4.199495081967213,61.00000000045576,1045.0,211,4.1995,4.1995,0.0,300.0,61,0.9298415232915752,361.0,0.1816896388888888
173,0.0,0.0,4.1995,4.1995,4.1995,0.0,1110.0,224,4.1995,4.1982,-0.0012999999999996,300.0,61,0.9312479084764952,360.0,0.1819644444444444
174,1.2540983606498916e-08,-1.86160398407002,4.1995,4.1992,4.199450819672131,1.514147213525615,1148.0,231,4.1995,4.1995,0.0,300.0,61,0.9331171654052842,359.0,0.1823296944444444
175,0.0,0.0,4.1995,4.1995,4.1995,0.0,1102.0,222,4.1995,4.1982,-0.0012999999999996,300.0,61,0.9316335875431774,358.0,0.1820398055555555
176,0.0,0.0,4.1995,4.1995,4.1995,0.0,1132.0,228,4.1995,4.1995,0.0,300.0,61,0.9359391761508462,357.0,0.1828811111111111
177,9.295081967169792e-09,-2.478794301463354,4.1995,4.1992,4.199465573770492,4.283858877676468,1159.0,233,4.1995,4.1995,0.0,300.0,61,0.9385941493352756,356.0,0.1833998888888889
178,1.475409836058696e-09,-7.810249675948983,4.1995,4.1992,4.199495081967213,61.00000000045575,1091.0,220,4.1995,4.1995,0.0,300.0,61,0.9305051244280564,355.0,0.1818193055555555
179,2.901639344248769e-09,-5.3804968698256745,4.1995,4.1992,4.199490163934426,27.862683137098003,1102.0,222,4.1995,4.1995,0.0,300.0,61,0.9310366592715228,354.0,0.1819231666666666
180,6.885245901607251e-09,-3.125213498709689,4.1995,4.1992,4.199475409836066,8.029264423614336,1129.0,227,4.1995,4.1799,-0.0195999999999996,300.0,61,0.9325763901860956,353.0,0.1822240277777778
181,5.606557377023047e-09,-3.599125388730193,4.1995,4.1992,4.199480327868852,11.324094866102932,1128.0,227,4.1995,4.1995,0.0,300.0,61,0.9322916444542252,352.0,0.1821683888888889
182,1.1508196721257831e-08,-2.038140223768777,4.1995,4.1992,4.199455737704918,2.2259437426231443,1075.0,216,4.1995,4.1995,0.0,300.0,61,0.9351919851539858,351.0,0.1827351111111111
183,0.0,0.0,4.1995,4.1995,4.1995,0.0,1087.0,219,4.1995,4.1995,0.0,300.0,61,0.9313398857548378,350.0,0.1819824166666666
184,4.278688524570219e-09,-4.275398459367965,4.1995,4.1992,4.199485245901639,16.830044942404598,1147.0,231,4.1995,4.1995,0.0,300.0,61,0.9324023868032648,349.0,0.1821900277777777
185,2.9016393442487692e-09,-5.380496869825677,4.1995,4.1992,4.199490163934426,27.862683137098003,1017.0,205,4.1995,4.1992,-0.0002999999999993,300.0,61,0.925683780695462,348.0,0.1808772222222222
186,8.114754098322831e-09,-2.7658437445980426,4.1995,4.1992,4.199470491803279,5.840391052610773,1108.0,223,4.1995,4.1995,0.0,300.0,61,0.9287449039327892,347.0,0.1814753611111111
187,1.475409836058696e-09,-7.810249675948979,4.1995,4.1992,4.199495081967213,61.00000000045576,1111.0,224,4.1995,4.1995,0.0,300.0,61,0.9296143522084356,346.0,0.18164525
188,1.475409836058696e-09,-7.810249675948981,4.1995,4.1992,4.199495081967213,61.00000000045575,1117.0,225,4.1995,4.1995,0.0,300.0,61,0.932557056476892,345.0,0.18222025
189,0.0,0.0,4.1995,4.1995,4.1995,0.0,1104.0,222,4.1995,4.1995,0.0,300.0,61,0.9285881018647646,344.0,0.1814447222222222
190,0.0,0.0,4.1995,4.1995,4.1995,0.0,1053.0,212,4.1995,4.1995,0.0,300.0,61,0.9273747694526256,343.0,0.1812076388888888
191,0.0,0.0,4.1995,4.1995,4.1995,0.0,1085.0,219,4.1995,4.1995,0.0,300.0,61,0.9314843199353572,342.0,0.1820106388888888
192,0.0,0.0,4.1995,4.1995,4.1995,0.0,1071.0,216,4.1995,4.1995,0.0,300.0,61,0.9285829841182108,341.0,0.1814437222222222
193,0.0,0.0,4.1995,4.1995,4.1995,0.0,1122.0,226,4.1995,4.1995,0.0,300.0,61,0.930739687811774,340.0,0.1818651388888889
194,0.0,0.0,4.1995,4.1995,4.1995,0.0,1106.0,223,4.1995,4.1992,-0.0002999999999993,300.0,61,0.9294984921128416,339.0,0.1816226111111111
195,8.114754098322835e-09,-2.7658437445674595,4.1995,4.1992,4.199470491803278,5.840391052494155,1106.0,223,4.1995,4.1799,-0.0195999999999996,300.0,61,0.926566876295252,338.0,0.1810497777777777
196,4.27868852457022e-09,-4.275398459367965,4.1995,4.1992,4.199485245901639,16.830044942404598,1105.0,223,4.1995,4.1995,0.0,300.0,61,0.9294848447886984,337.0,0.1816199444444444
197,0.0,0.0,4.1995,4.1995,4.1995,0.0,1039.0,209,4.1995,4.1995,0.0,300.0,61,0.925088700498952,336.0,0.1807609444444444
198,2.901639344248769e-09,-5.3804968698256745,4.1995,4.1992,4.199490163934426,27.862683137098003,1024.0,206,4.1995,4.1976,-0.0018999999999991,300.0,61,0.9268890100088908,335.0,0.1811127222222222
199,1.2540983606498916e-08,-1.86160398407002,4.1995,4.1992,4.199450819672131,1.514147213525615,1031.0,208,4.1992,4.1995,0.0002999999999993,300.0,61,0.9217724007320652,334.0,0.1801129444444444
200,5.606557377023047e-09,-3.599125388730193,4.1995,4.1992,4.199480327868852,11.32409486610293,1006.0,203,4.1995,4.1995,0.0,300.0,61,0.9243692306292582,333.0,0.1806203611111111
201,1.9032786885157186e-08,-0.921420901144874,4.1995,4.1992,4.199411475409836,-1.191152551418375,1040.0,210,4.1995,4.1992,-0.0002999999999993,300.0,61,0.9231765113629612,332.0,0.1803873055555555
202,6.885245901607251e-09,-3.12521349870969,4.1995,4.1992,4.199475409836066,8.029264423614336,1087.0,219,4.1995,4.1995,0.0,300.0,61,0.9231546187804808,331.0,0.1803830277777778
203,0.0,0.0,4.1995,4.1995,4.1995,0.0,1123.0,226,4.1995,4.1995,0.0,300.0,61,0.9289464862831598,330.0,0.18151475
204,8.114754098322835e-09,-2.7658437445674595,4.1995,4.1992,4.199470491803278,5.840391052494157,1081.0,218,4.1995,4.1995,0.0,300.0,61,0.928247060920802,329.0,0.1813780833333333
205,2.90163934424877e-09,-5.380496869774528,4.1995,4.1992,4.199490163934425,27.86268313671863,1078.0,217,4.1995,4.1995,0.0,300.0,61,0.925842430838631,328.0,0.1809082222222222
206,4.2786885245702195e-09,-4.275398459410081,4.1995,4.1992,4.19948524590164,16.830044942652805,1083.0,218,4.1995,4.1995,0.0,300.0,61,0.925116279466492,327.0,0.1807663333333333
207,2.901639344248769e-09,-5.3804968698256745,4.1995,4.1992,4.199490163934426,27.862683137098003,1042.0,210,4.1995,4.1995,0.0,300.0,61,0.9255204392846188,326.0,0.1808453055555555
208,0.0,0.0,4.1995,4.1995,4.1995,0.0,1085.0,219,4.1995,4.1995,0.0,300.0,61,0.9240932987942304,325.0,0.1805664444444444
209,1.475409836058696e-09,-7.810249675948984,4.1995,4.1992,4.199495081967213,61.00000000045582,1107.0,223,4.1995,4.1995,0.0,300.0,61,0.9250949555225176,324.0,0.1807621666666666
210,0.0,0.0,4.1995,4.1995,4.1995,0.0,1098.0,221,4.1995,4.1995,0.0,300.0,61,0.9227807389627976,323.0,0.1803099722222222
211,1.475409836058696e-09,-7.810249675948984,4.1995,4.1992,4.199495081967213,61.00000000045575,1014.0,204,4.1995,4.1995,0.0,300.0,61,0.9218298332211694,322.0,0.1801241666666666
212,1.475409836058696e-09,-7.810249675948984,4.1995,4.1992,4.199495081967213,61.00000000045582,1085.0,218,4.1995,4.1995,0.0,300.0,61,0.9228836625323804,321.0,0.1803300833333333
213,0.0,0.0,4.1995,4.1995,4.1995,0.0,1127.0,227,4.1995,4.1995,0.0,300.0,61,0.9239259769138451,320.0,0.18053375
214,4.278688524570219e-09,-4.275398459367966,4.1995,4.1992,4.199485245901639,16.830044942404598,1118.0,225,4.1995,4.1995,0.0,300.0,61,0.9239627962571078,319.0,0.1805409444444444
215,0.0,0.0,4.1995,4.1995,4.1995,0.0,1015.0,204,4.1995,4.1995,0.0,300.0,61,0.9193625107437136,318.0,0.1796420555555555
216,0.0,0.0,4.1995,4.1995,4.1995,0.0,1098.0,221,4.1995,4.1995,0.0,300.0,61,0.921662511340784,317.0,0.1800914722222222
217,1.475409836058696e-09,-7.810249675948983,4.1995,4.1992,4.199495081967213,61.00000000045575,1055.0,213,4.1995,4.1995,0.0,300.0,61,0.9176648404841048,316.0,0.1793103333333333
218,6.885245901607251e-09,-3.125213498709689,4.1995,4.1992,4.199475409836066,8.029264423614336,1041.0,210,4.1995,4.1995,0.0,300.0,61,0.9178088481857446,315.0,0.1793384722222222
219,1.475409836058696e-09,-7.810249675948981,4.1995,4.1992,4.199495081967213,61.00000000045575,1095.0,220,4.1995,4.1796,-0.0198999999999998,300.0,61,0.9183174953293456,314.0,0.1794378611111111
220,5.6065573770230465e-09,-3.5991253887301924,4.1995,4.1992,4.199480327868852,11.32409486610293,1037.0,209,4.1995,4.1793,-0.0201999999999999,300.0,61,0.9182613422768796,313.0,0.1794268888888888
221,0.0,0.0,4.1995,4.1995,4.1995,0.0,1064.0,214,4.1995,4.1995,0.0,300.0,61,0.9197690872754908,312.0,0.1797214999999999
222,1.475409836058696e-09,-7.810249675948984,4.1995,4.1992,4.199495081967213,61.00000000045582,1157.0,233,4.1995,4.1995,0.0,300.0,61,0.9161671888189749,311.0,0.1790176944444444
223,4.278688524570219e-09,-4.275398459367966,4.1995,4.1992,4.199485245901639,16.830044942404598,1048.0,211,4.1995,4.1995,0.0,300.0,61,0.9195313963799904,310.0,0.1796750555555555
224,1.475409836058696e-09,-7.810249675948984,4.1995,4.1992,4.199495081967213,61.00000000045582,1122.0,226,4.1995,4.1995,0.0,300.0,61,0.91817533570285,309.0,0.1794100833333333
225,4.2786885245702195e-09,-4.275398459367966,4.1995,4.1992,4.199485245901639,16.830044942404605,1137.0,229,4.1995,4.1995,0.0,300.0,61,0.9212502484239474,308.0,0.1800109166666667
226,1.475409836058696e-09,-7.810249675948981,4.1995,4.1992,4.199495081967213,61.00000000045575,1137.0,229,4.1995,4.1995,0.0,300.0,61,0.9189621892355024,307.0,0.1795638333333333
227,0.0,0.0,4.1995,4.1995,4.1995,0.0,1141.0,230,4.1995,4.1995,0.0,300.0,61,0.9190059744004632,306.0,0.1795723888888889
228,0.0,0.0,4.1995,4.1995,4.1995,0.0,1109.0,223,4.1995,4.1995,0.0,300.0,61,0.9165487452564888,305.0,0.17909225
229,0.0,0.0,4.1995,4.1995,4.1995,0.0,1094.0,220,4.1995,4.1995,0.0,300.0,61,0.9132222099964944,304.0,0.17844225
230,1.475409836058696e-09,-7.810249675948982,4.1995,4.1992,4.199495081967213,61.00000000045576,1087.0,219,4.1995,4.1995,0.0,300.0,61,0.9143963063517204,303.0,0.1786716666666666
231,0.0,0.0,4.1995,4.1995,4.1995,0.0,1089.0,219,4.1995,4.1995,0.0,300.0,61,0.9139362778003812,302.0,0.1785817777777777
232,0.0,0.0,4.1995,4.1995,4.1995,0.0,1054.0,212,4.1995,4.1995,0.0,300.0,61,0.910654807141986,301.0,0.1779405833333333
233,4.278688524570219e-09,-4.275398459367965,4.1995,4.1992,4.199485245901639,16.830044942404605,1083.0,218,4.1995,4.1976,-0.0018999999999991,300.0,61,0.9111011883691816,300.0,0.1780278055555555
234,1.475409836058696e-09,-7.810249675948984,4.1995,4.1992,4.199495081967213,61.00000000045582,1098.0,221,4.1992,4.1995,0.0002999999999993,300.0,61,0.909911170135788,299.0,0.1777952777777778
235,0.0,0.0,4.1995,4.1995,4.1995,0.0,1053.0,212,4.1995,4.1995,0.0,300.0,61,0.909030349090022,298.0,0.1776231666666666
236,0.0,0.0,4.1995,4.1995,4.1995,0.0,1131.0,228,4.1995,4.1995,0.0,300.0,61,0.911927277958747,297.0,0.1781892222222222
237,0.0,0.0,4.1995,4.1995,4.1995,0.0,1147.0,231,4.1995,4.1995,0.0,300.0,61,0.9136336199555722,296.0,0.1785226388888889
238,0.0,0.0,4.1995,4.1995,4.1995,0.0,1130.0,228,4.1995,4.1796,-0.0198999999999998,300.0,61,0.9144216107652366,295.0,0.1786766111111111
239,0.0,0.0,4.1995,4.1995,4.1995,0.0,1108.0,223,4.1995,4.1995,0.0,300.0,61,0.909913729009065,294.0,0.1777957777777777
240,0.0,0.0,4.1995,4.1995,4.1995,0.0,1057.0,213,4.1995,4.1995,0.0,300.0,61,0.909420292945499,293.0,0.1776993611111111
241,0.0,0.0,4.1995,4.1995,4.1995,0.0,1133.0,228,4.1995,4.1995,0.0,300.0,61,0.9096092230891116,292.0,0.1777362777777777
242,1.4754098360674323e-09,7.810249675878441,4.1998,4.1995,4.199504918032787,60.99999999969619,1081.0,218,4.1995,4.1995,0.0,300.0,61,0.9074692942314752,291.0,0.1773181388888889
243,1.475409836058696e-09,-7.81024967594898,4.1995,4.1992,4.199495081967213,61.00000000045575,1058.0,213,4.1995,4.1995,0.0,300.0,61,0.9120402948618108,290.0,0.1782113055555555
244,0.0,0.0,4.1995,4.1995,4.1995,0.0,1152.0,232,4.1995,4.1995,0.0,300.0,61,0.912661248110343,289.0,0.1783326388888888
245,0.0,0.0,4.1995,4.1995,4.1995,0.0,1084.0,218,4.1995,4.1973,-0.0021999999999993,300.0,61,0.9090860756636082,288.0,0.1776340555555555
246,2.9016393442487692e-09,-5.380496869825677,4.1995,4.1992,4.199490163934426,27.862683137098003,1094.0,220,4.1995,4.1995,0.0,300.0,61,0.9123159423775856,287.0,0.1782651666666666
247,0.0,0.0,4.1995,4.1995,4.1995,0.0,1173.0,236,4.1995,4.1995,0.0,300.0,61,0.91336678633664,286.0,0.1784704999999999
248,0.0,0.0,4.1995,4.1995,4.1995,0.0,1123.0,226,4.1995,4.1799,-0.0195999999999996,300.0,61,0.9140492947034452,285.0,0.1786038611111111
249,0.0,0.0,4.1995,4.1995,4.1995,0.0,1091.0,220,4.1995,4.1995,0.0,300.0,61,0.9114898527880204,284.0,0.1781037499999999
250,1.475409836058696e-09,-7.810249675948979,4.1995,4.1992,4.199495081967213,61.00000000045576,1130.0,227,4.1995,4.1995,0.0,300.0,61,0.9089237293701502,283.0,0.1776023333333333
251,1.475409836058696e-09,-7.810249675948982,4.1995,4.1992,4.199495081967213,61.00000000045576,1099.0,221,4.1995,4.1995,0.0,300.0,61,0.9096969355786596,282.0,0.1777534166666667
252,4.278688524570219e-09,-4.275398459367966,4.1995,4.1992,4.199485245901639,16.830044942404605,1144.0,230,4.1995,4.1995,0.0,300.0,61,0.9141112763005972,281.0,0.1786159722222222
253,0.0,0.0,4.1995,4.1995,4.1995,0.0,1101.0,222,4.1995,4.1995,0.0,300.0,61,0.9099950443154204,280.0,0.1778116666666666
254,2.901639344248769e-09,-5.380496869825674,4.1995,4.1992,4.199490163934426,27.862683137098003,1090.0,220,4.1995,4.1995,0.0,300.0,61,0.9093136732256276,279.0,0.1776785277777778
255,2.901639344248768e-09,-5.380496869825677,4.1995,4.1992,4.199490163934426,27.86268313709799,1057.0,213,4.1995,4.1995,0.0,300.0,61,0.9126335269831766,278.0,0.1783272222222222
256,1.475409836058696e-09,-7.81024967594898,4.1995,4.1992,4.199495081967213,61.00000000045575,1139.0,229,4.1995,4.1995,0.0,300.0,61,0.9109571806675418,277.0,0.1779996666666666
257,0.0,0.0,4.1995,4.1995,4.1995,0.0,1128.0,227,4.1995,4.1995,0.0,300.0,61,0.9099191310748715,276.0,0.1777968333333333
258,0.0,0.0,4.1995,4.1995,4.1995,0.0,1081.0,218,4.1995,4.1899,-0.0095999999999998,300.0,61,0.9131826896203288,275.0,0.1784345277777778
259,0.0,0.0,4.1995,4.1995,4.1995,0.0,1078.0,217,4.1995,4.1995,0.0,300.0,61,0.9135889818328526,274.0,0.1785139166666666
260,1.4754098360674327e-09,7.810249675878441,4.1998,4.1995,4.199504918032787,60.99999999969619,1075.0,216,4.1995,4.1995,0.0,300.0,61,0.9118829241552804,273.0,0.1781805555555555
261,0.0,0.0,4.1995,4.1995,4.1995,0.0,1033.0,208,4.1995,4.1995,0.0,300.0,61,0.9052794673449388,272.0,0.17689025
262,0.0,0.0,4.1995,4.1995,4.1995,0.0,1106.0,223,4.1995,4.1995,0.0,300.0,61,0.9133991987314812,271.0,0.1784768333333333
263,0.0,0.0,4.1995,4.1995,4.1995,0.0,1093.0,220,4.1995,4.1995,0.0,300.0,61,0.9094885295662172,270.0,0.1777126944444444
264,1.475409836058696e-09,-7.810249675948984,4.1995,4.1992,4.199495081967213,61.00000000045575,999.0,201,4.1995,4.1995,0.0,300.0,61,0.9058887635040984,269.0,0.1770093055555555
265,1.475409836058696e-09,-7.810249675948979,4.1995,4.1992,4.199495081967213,61.00000000045576,1103.0,222,4.1995,4.1979,-0.0015999999999998,300.0,61,0.9129063313064216,268.0,0.1783805277777778
266,2.901639344248769e-09,-5.3804968698256745,4.1995,4.1992,4.199490163934426,27.862683137098003,1070.0,215,4.1995,4.1992,-0.0002999999999993,300.0,61,0.9104196751197624,267.0,0.1778946388888889
267,1.475409836058696e-09,-7.810249675948985,4.1995,4.1992,4.199495081967213,61.00000000045582,1111.0,224,4.1995,4.1799,-0.0195999999999996,300.0,61,0.9070902966672382,266.0,0.1772440833333333
268,1.475409836058696e-09,-7.81024967594898,4.1995,4.1992,4.199495081967213,61.00000000045575,1086.0,219,4.1995,4.1995,0.0,300.0,61,0.9093371295639994,265.0,0.1776831111111111
269,0.0,0.0,4.1995,4.1995,4.1995,0.0,1117.0,225,4.1995,4.1995,0.0,300.0,61,0.9022961054233044,264.0,0.1763073055555555
270,2.901639344248769e-09,-5.3804968698256745,4.1995,4.1992,4.199490163934426,27.862683137098003,1062.0,214,4.1995,4.1995,0.0,300.0,61,0.899652078530115,263.0,0.1757906666666666
271,1.475409836058696e-09,-7.810249675948983,4.1995,4.1992,4.199495081967213,61.00000000045575,1105.0,223,4.1995,4.1976,-0.0018999999999991,300.0,61,0.9020352425086852,262.0,0.1762563333333333
272,1.475409836058696e-09,-7.810249675948984,4.1995,4.1992,4.199495081967213,61.00000000045582,1085.0,218,4.1995,4.1995,0.0,300.0,61,0.8994359958978417,261.0,0.1757484444444444
273,0.0,0.0,4.1995,4.1995,4.1995,0.0,1050.0,211,4.1995,4.1995,0.0,300.0,61,0.8995777290454577,260.0,0.1757761388888888
274,0.0,0.0,4.1995,4.1995,4.1995,0.0,1095.0,220,4.1995,4.1995,0.0,300.0,61,0.9028775382956712,259.0,0.1764209166666666
275,1.475409836058696e-09,-7.81024967594898,4.1995,4.1992,4.199495081967213,61.00000000045575,1111.0,224,4.1995,4.1793,-0.0201999999999999,300.0,61,0.9025200068350347,258.0,0.1763510555555555
276,1.475409836058696e-09,-7.81024967594898,4.1995,4.1992,4.199495081967213,61.00000000045575,1037.0,209,4.1995,4.179,-0.0204999999999992,300.0,61,0.898326866491924,257.0,0.1755317222222222
277,0.0,0.0,4.1995,4.1995,4.1995,0.0,1026.0,207,4.1995,4.1995,0.0,300.0,61,0.8968374600851309,256.0,0.1752406944444444
278,5.606557377023047e-09,-3.599125388730193,4.1995,4.1992,4.199480327868852,11.32409486610293,1023.0,206,4.1995,4.1973,-0.0021999999999993,300.0,61,0.8944339672799717,255.0,0.1747710555555555
279,0.0,0.0,4.1995,4.1995,4.1995,0.0,1063.0,214,4.1995,4.1995,0.0,300.0,61,0.8967655273141242,254.0,0.1752266388888889
280,0.0,0.0,4.1995,4.1995,4.1995,0.0,1070.0,215,4.1995,4.179,-0.0204999999999992,300.0,61,0.8947616452190438,253.0,0.1748350833333333
281,0.0,0.0,4.1995,4.1995,4.1995,0.0,1044.0,210,4.1995,4.1995,0.0,300.0,61,0.8965191646814076,252.0,0.1751785
282,0.0,0.0,4.1995,4.1995,4.1995,0.0,1104.0,222,4.1995,4.1793,-0.0201999999999999,300.0,61,0.9007749974198028,251.0,0.1760100833333333
283,0.0,0.0,4.1995,4.1995,4.1995,0.0,1127.0,227,4.1995,4.1995,0.0,300.0,61,0.9022082507741302,250.0,0.1762901388888889
284,0.0,0.0,4.1995,4.1995,4.1995,0.0,1139.0,229,4.1995,4.1995,0.0,300.0,61,0.903785653989724,249.0,0.1765983611111111
285,0.0,0.0,4.1995,4.1995,4.1995,0.0,1144.0,230,4.1995,4.1995,0.0,300.0,61,0.9037921933325428,248.0,0.1765996388888888
286,0.0,0.0,4.1995,4.1995,4.1995,0.0,1164.0,234,4.1995,4.1995,0.0,300.0,61,0.9026816423303602,247.0,0.1763826388888889
287,0.0,0.0,4.1995,4.1995,4.1995,0.0,1170.0,236,4.1995,4.1995,0.0,300.0,61,0.903156739802108,246.0,0.1764754722222222
288,0.0,0.0,4.1995,4.1995,4.1995,0.0,1091.0,220,4.1995,4.1995,0.0,300.0,61,0.8992403842517841,245.0,0.1757102222222222
289,0.0,0.0,4.1995,4.1995,4.1995,0.0,1106.0,223,4.1995,4.1995,0.0,300.0,61,0.9017578890773924,244.0,0.1762021388888889
290,1.4754098360674323e-09,7.810249675878442,4.1998,4.1995,4.199504918032787,60.99999999969618,1151.0,232,4.1995,4.1995,0.0,300.0,61,0.899247492233109,243.0,0.1757116111111111
291,0.0,0.0,4.1995,4.1995,4.1995,0.0,1099.0,221,4.1995,4.1995,0.0,300.0,61,0.8986961972015594,242.0,0.1756038888888889
292,0.0,0.0,4.1995,4.1995,4.1995,0.0,1183.0,238,4.1995,4.1995,0.0,300.0,61,0.901378749353529,241.0,0.1761280555555555
293,0.0,0.0,4.1995,4.1995,4.1995,0.0,1156.0,233,4.1995,4.1995,0.0,300.0,61,0.8962918514386412,240.0,0.1751340833333333
294,0.0,0.0,4.1995,4.1995,4.1995,0.0,1035.0,208,4.1995,4.1995,0.0,300.0,61,0.8894198550938497,239.0,0.1737913055555555
295,0.0,0.0,4.1995,4.1995,4.1995,0.0,1058.0,213,4.1995,4.1995,0.0,300.0,61,0.8926045150466012,238.0,0.1744135833333333
296,0.0,0.0,4.1995,4.1995,4.1995,0.0,1022.0,206,4.1995,4.1995,0.0,300.0,61,0.8937662435143223,237.0,0.1746405833333333
297,2.901639344265952e-09,5.380496869776208,4.1998,4.1995,4.199509836065574,27.86268313673108,1071.0,216,4.1995,4.1995,0.0,300.0,61,0.8953769120825162,236.0,0.1749553055555555
298,0.0,0.0,4.1995,4.1995,4.1995,0.0,1105.0,223,4.1995,4.1796,-0.0198999999999998,300.0,61,0.8926954972075584,235.0,0.1744313611111111
299,0.0,0.0,4.1995,4.1995,4.1995,0.0,1097.0,221,4.1995,4.1995,0.0,300.0,61,0.8969075447809931,234.0,0.1752543888888889
300,0.0,0.0,4.1995,4.1995,4.1995,0.0,1106.0,223,4.1995,4.1995,0.0,300.0,61,0.8926218585210337,233.0,0.1744169722222222
301,0.0,0.0,4.1995,4.1995,4.1995,0.0,1053.0,212,4.1995,4.1995,0.0,300.0,61,0.8924320754196623,232.0,0.1743798888888889
302,0.0,0.0,4.1995,4.1995,4.1995,0.0,1145.0,231,4.1995,4.1995,0.0,300.0,61,0.8946990949833858,231.0,0.1748228611111111
303,0.0,0.0,4.1995,4.1995,4.1995,0.0,1080.0,217,4.1995,4.1995,0.0,300.0,61,0.8933164504560908,230.0,0.1745526944444444
304,0.0,0.0,4.1995,4.1995,4.1995,0.0,1128.0,227,4.1995,4.1995,0.0,300.0,61,0.8962098253341533,229.0,0.1751180555555555
305,0.0,0.0,4.1995,4.1995,4.1995,0.0,1096.0,221,4.1995,4.1995,0.0,300.0,61,0.8955995340576082,228.0,0.1749988055555555
306,0.0,0.0,4.1995,4.1995,4.1995,0.0,1096.0,221,4.1995,4.1995,0.0,300.0,61,0.8981444756911303,227.0,0.1754960833333333
307,1.4754098360674323e-09,7.810249675878442,4.1998,4.1995,4.199504918032787,60.99999999969619,1122.0,226,4.1995,4.1995,0.0,300.0,61,0.8968137194275062,226.0,0.1752360555555555
308,0.0,0.0,4.1995,4.1995,4.1995,0.0,1118.0,225,4.1995,4.1995,0.0,300.0,61,0.896692883744985,225.0,0.1752124444444444
309,0.0,0.0,4.1995,4.1995,4.1995,0.0,1097.0,221,4.1995,4.1995,0.0,300.0,61,0.8916898600097294,224.0,0.1742348611111111
310,0.0,0.0,4.1995,4.1995,4.1995,0.0,1116.0,225,4.1995,4.1995,0.0,300.0,61,0.8900012879662161,223.0,0.1739049166666667
311,0.0,0.0,4.1995,4.1995,4.1995,0.0,1028.0,207,4.1995,4.1995,0.0,300.0,61,0.8865716869770124,222.0,0.1732347777777777
312,2.901639344248769e-09,-5.380496869825674,4.1995,4.1992,4.199490163934426,27.862683137098003,1158.0,233,4.1995,4.1799,-0.0195999999999996,300.0,61,0.894914893296406,221.0,0.1748650277777778
313,0.0,0.0,4.1995,4.1995,4.1995,0.0,1143.0,230,4.1995,4.1995,0.0,300.0,61,0.8944847182666306,220.0,0.1747809722222222
314,1.475409836058696e-09,-7.810249675948981,4.1995,4.1992,4.199495081967213,61.00000000045575,1155.0,232,4.1995,4.1995,0.0,300.0,61,0.8939283054885273,219.0,0.17467225
315,1.475409836058696e-09,-7.81024967594898,4.1995,4.1992,4.199495081967213,61.00000000045575,1127.0,227,4.1995,4.1995,0.0,300.0,61,0.893846990182172,218.0,0.1746563611111111
316,0.0,0.0,4.1995,4.1995,4.1995,0.0,1104.0,222,4.1995,4.1995,0.0,300.0,61,0.89327835167619,217.0,0.17454525
317,0.0,0.0,4.1995,4.1995,4.1995,0.0,1073.0,216,4.1995,4.1796,-0.0198999999999998,300.0,61,0.8905186068470331,216.0,0.174006
318,0.0,0.0,4.1995,4.1995,4.1995,0.0,1111.0,224,4.1995,4.1995,0.0,300.0,61,0.8931714476370654,215.0,0.1745243611111111
319,0.0,0.0,4.1995,4.1995,4.1995,0.0,1083.0,218,4.1995,4.179,-0.0204999999999992,300.0,61,0.8857126163541003,214.0,0.1730669166666666
320,2.90163934424877e-09,-5.380496869825671,4.1995,4.1992,4.199490163934426,27.862683137097996,1101.0,222,4.1995,4.1995,0.0,300.0,61,0.8887094834402517,213.0,0.1736525
321,1.475409836058696e-09,-7.81024967594898,4.1995,4.1992,4.199495081967213,61.00000000045575,1068.0,215,4.1995,4.179,-0.0204999999999992,300.0,61,0.8877166406088071,212.0,0.1734585
322,1.475409836058696e-09,-7.810249675948982,4.1995,4.1992,4.199495081967213,61.00000000045576,1127.0,227,4.1995,4.1995,0.0,300.0,61,0.886980111583934,211.0,0.1733145833333333
323,0.0,0.0,4.1995,4.1995,4.1995,0.0,1129.0,227,4.1995,4.1979,-0.0015999999999998,300.0,61,0.8873157504620899,210.0,0.1733801666666666
324,4.278688524570219e-09,-4.275398459367965,4.1995,4.1992,4.199485245901639,16.830044942404598,1066.0,215,4.1995,4.1995,0.0,300.0,61,0.8849536261082409,209.0,0.1729186111111111
325,0.0,0.0,4.1995,4.1995,4.1995,0.0,1120.0,225,4.1995,4.1995,0.0,300.0,61,0.8841994692896824,208.0,0.17277125
326,0.0,0.0,4.1995,4.1995,4.1995,0.0,1055.0,212,4.1995,4.1995,0.0,300.0,61,0.8845865699526295,207.0,0.1728468888888888
327,0.0,0.0,4.1995,4.1995,4.1995,0.0,1181.0,238,4.1995,4.1995,0.0,300.0,61,0.8840773541705227,206.0,0.1727473888888888
328,0.0,0.0,4.1995,4.1995,4.1995,0.0,1129.0,227,4.1995,4.1995,0.0,300.0,61,0.885154497660479,205.0,0.1729578611111111
329,0.0,0.0,4.1995,4.1995,4.1995,0.0,1133.0,228,4.1995,4.1995,0.0,300.0,61,0.8874435519663093,204.0,0.1734051388888889
330,0.0,0.0,4.1995,4.1995,4.1995,0.0,1107.0,223,4.1995,4.1995,0.0,300.0,61,0.8816529639002687,203.0,0.1722736666666666
331,1.475409836058696e-09,-7.810249675948984,4.1995,4.1992,4.199495081967213,61.00000000045582,1206.0,243,4.1995,4.1796,-0.0198999999999998,300.0,61,0.888757249074754,202.0,0.1736618333333333
332,0.0,0.0,4.1995,4.1995,4.1995,0.0,1141.0,230,4.1995,4.1796,-0.0198999999999998,300.0,61,0.8837074548223814,201.0,0.1726751111111111
333,0.0,0.0,4.1995,4.1995,4.1995,0.0,1085.0,219,4.1995,4.1995,0.0,300.0,61,0.8849109782202922,200.0,0.1729102777777777
334,0.0,0.0,4.1995,4.1995,4.1995,0.0,1151.0,232,4.1995,4.1995,0.0,300.0,61,0.8866854146782088,199.0,0.173257
335,0.0,0.0,4.1995,4.1995,4.1995,0.0,1173.0,236,4.1995,4.1995,0.0,300.0,61,0.8864438854727931,198.0,0.1732098055555555
336,0.0,0.0,4.1995,4.1995,4.1995,0.0,1136.0,229,4.1995,4.1995,0.0,300.0,61,0.8846589292025157,197.0,0.1728610277777777
337,0.0,0.0,4.1995,4.1995,4.1995,0.0,1106.0,223,4.1995,4.1995,0.0,300.0,61,0.8829395085200529,196.0,0.1725250555555555
338,0.0,0.0,4.1995,4.1995,4.1995,0.0,1145.0,230,4.1995,4.1995,0.0,300.0,61,0.8835630206418622,195.0,0.1726468888888889
339,0.0,0.0,4.1995,4.1995,4.1995,0.0,1128.0,227,4.1995,4.179,-0.0204999999999992,300.0,61,0.8844655921104819,194.0,0.17282325
340,0.0,0.0,4.1995,4.1995,4.1995,0.0,1154.0,232,4.1995,4.1995,0.0,300.0,61,0.8876946058667003,193.0,0.1734541944444444
341,1.4754098360674323e-09,7.810249675878441,4.1998,4.1995,4.199504918032787,60.99999999969619,1186.0,239,4.1995,4.1995,0.0,300.0,61,0.8833344279624573,192.0,0.1726022222222222
342,0.0,0.0,4.1995,4.1995,4.1995,0.0,1151.0,232,4.1995,4.1799,-0.0195999999999996,300.0,61,0.883048260634322,191.0,0.1725463055555555
343,0.0,0.0,4.1995,4.1995,4.1995,0.0,1118.0,225,4.1995,4.1796,-0.0198999999999998,300.0,61,0.8784904808492501,190.0,0.1716557222222222
344,0.0,0.0,4.1995,4.1995,4.1995,0.0,1093.0,220,4.1995,4.1995,0.0,300.0,61,0.879421484243169,189.0,0.1718376388888888
345,0.0,0.0,4.1995,4.1995,4.1995,0.0,1132.0,228,4.1995,4.1976,-0.0018999999999991,300.0,61,0.8812206564760959,188.0,0.1721891944444444
346,1.4754098360674327e-09,7.810249675878441,4.1998,4.1995,4.199504918032787,60.99999999969619,1155.0,233,4.1995,4.1995,0.0,300.0,61,0.8809956177873537,187.0,0.1721452222222222
347,0.0,0.0,4.1995,4.1995,4.1995,0.0,1111.0,224,4.1995,4.1995,0.0,300.0,61,0.8796799304441378,186.0,0.1718881388888888
348,5.6065573770562446e-09,3.5991253886958128,4.1998,4.1995,4.199519672131148,11.32409486593236,1112.0,224,4.1995,4.1995,0.0,300.0,61,0.8811615180714738,185.0,0.1721776388888888
349,0.0,0.0,4.1995,4.1995,4.1995,0.0,1223.0,246,4.1995,4.1995,0.0,300.0,61,0.8857200086546779,184.0,0.1730683611111111
350,5.6065573770562446e-09,3.5991253886958128,4.1998,4.1995,4.199519672131148,11.32409486593236,1118.0,225,4.1995,4.1982,-0.0012999999999996,300.0,61,0.8825508441012142,183.0,0.1724491111111111
351,0.0,0.0,4.1995,4.1995,4.1995,0.0,1170.0,235,4.1995,4.1995,0.0,300.0,61,0.8834913721901083,182.0,0.1726328888888889
352,0.0,0.0,4.1995,4.1995,4.1995,0.0,1171.0,236,4.1995,4.1995,0.0,300.0,61,0.8836309729433269,181.0,0.1726601666666666
353,0.0,0.0,4.1995,4.1995,4.1995,0.0,1218.0,245,4.1995,4.1995,0.0,300.0,61,0.883403517540934,180.0,0.1726157222222222
354,0.0,0.0,4.1995,4.1995,4.1995,0.0,1166.0,235,4.1995,4.1995,0.0,300.0,61,0.8830556529348997,179.0,0.17254775
355,0.0,0.0,4.1995,4.1995,4.1995,0.0,1107.0,223,4.1995,4.1995,0.0,300.0,61,0.8755499089751912,178.0,0.1710811388888889
356,0.0,0.0,4.1995,4.1995,4.1995,0.0,1088.0,219,4.1995,4.1995,0.0,300.0,61,0.87297369222384,177.0,0.17057775
357,0.0,0.0,4.1995,4.1995,4.1995,0.0,1091.0,220,4.1995,4.1995,0.0,300.0,61,0.8746669555350277,176.0,0.1709086111111111
358,0.0,0.0,4.1995,4.1995,4.1995,0.0,1128.0,227,4.1995,4.1995,0.0,300.0,61,0.8782832121138198,175.0,0.1716152222222222
359,0.0,0.0,4.1995,4.1995,4.1995,0.0,1141.0,230,4.1995,4.1799,-0.0195999999999996,300.0,61,0.8730169087502945,174.0,0.1705861944444444
360,0.0,0.0,4.1995,4.1995,4.1995,0.0,1137.0,229,4.1995,4.1796,-0.0198999999999998,300.0,61,0.8743325960935103,173.0,0.1708432777777777
361,0.0,0.0,4.1995,4.1995,4.1995,0.0,1135.0,229,4.1995,4.1995,0.0,300.0,61,0.8760831497341758,172.0,0.1711853333333333
362,0.0,0.0,4.1995,4.1995,4.1995,0.0,1171.0,236,4.1995,4.1995,0.0,300.0,61,0.8741972601290866,171.0,0.1708168333333333
363,1.4754098360674323e-09,7.810249675878441,4.1998,4.1995,4.199504918032787,60.99999999969619,1149.0,231,4.1995,4.1995,0.0,300.0,61,0.8756565286950628,170.0,0.1711019722222222
364,0.0,0.0,4.1995,4.1995,4.1995,0.0,1149.0,231,4.1995,4.1995,0.0,300.0,61,0.8748799106555178,169.0,0.1709502222222222
365,0.0,0.0,4.1995,4.1995,4.1995,0.0,1085.0,219,4.1995,4.1995,0.0,300.0,61,0.8807547993800703,168.0,0.1720981666666666
366,1.475409836058696e-09,-7.810249675948981,4.1995,4.1992,4.199495081967213,61.00000000045575,1126.0,227,4.1995,4.1995,0.0,300.0,61,0.8822763338624515,167.0,0.1723954722222222
367,2.901639344248769e-09,-5.3804968698256745,4.1995,4.1992,4.199490163934426,27.862683137098003,1077.0,217,4.1995,4.1995,0.0,300.0,61,0.8810745163800586,166.0,0.1721606388888888
368,0.0,0.0,4.1995,4.1995,4.1995,0.0,1133.0,228,4.1995,4.1995,0.0,300.0,61,0.8826459488913397,165.0,0.1724676944444444
369,2.901639344248769e-09,-5.3804968698256745,4.1995,4.1992,4.199490163934426,27.862683137098003,1154.0,232,4.1995,4.1995,0.0,300.0,61,0.8809565238900674,164.0,0.1721375833333333
370,0.0,0.0,4.1995,4.1995,4.1995,0.0,1150.0,232,4.1995,4.1995,0.0,300.0,61,0.8788150312765395,163.0,0.1717191388888889
371,5.606557377023047e-09,-3.5991253887301924,4.1995,4.1992,4.199480327868852,11.324094866102932,1136.0,229,4.1995,4.1793,-0.0201999999999999,300.0,61,0.8814087336619495,162.0,0.1722259444444444
372,4.278688524570219e-09,-4.275398459367965,4.1995,4.1992,4.199485245901639,16.830044942404598,1163.0,234,4.1995,4.1995,0.0,300.0,61,0.8825337849460347,161.0,0.1724457777777777
373,0.0,0.0,4.1995,4.1995,4.1995,0.0,1186.0,239,4.1995,4.1995,0.0,300.0,61,0.8829258611959092,160.0,0.1725223888888888
374,0.0,0.0,4.1995,4.1995,4.1995,0.0,1253.0,252,4.1995,4.1982,-0.0012999999999996,300.0,61,0.882418209169694,159.0,0.1724231944444444
375,1.4459016393375226e-08,-1.5645937536900143,4.1995,4.1992,4.199440983606557,0.4620164839792879,1211.0,244,4.1995,4.1992,-0.0002999999999993,300.0,61,0.8804896716766561,158.0,0.1720463611111111
376,0.0,0.0,4.1995,4.1995,4.1995,0.0,1238.0,249,4.1995,4.1995,0.0,300.0,61,0.8809647691484042,157.0,0.1721391944444444
377,1.475409836058696e-09,-7.81024967594898,4.1995,4.1992,4.199495081967213,61.00000000045575,1210.0,243,4.1995,4.1995,0.0,300.0,61,0.8760063835358681,156.0,0.1711703333333333
378,0.0,0.0,4.1995,4.1995,4.1995,0.0,1228.0,247,4.1995,4.1995,0.0,300.0,61,0.8790204519368253,155.0,0.1717592777777777
379,0.0,0.0,4.1995,4.1995,4.1995,0.0,1228.0,247,4.1995,4.1995,0.0,300.0,61,0.8766519303997843,154.0,0.1712964722222222
380,0.0,0.0,4.1995,4.1995,4.1995,0.0,1205.0,242,4.1995,4.1995,0.0,300.0,61,0.8768183993224103,153.0,0.171329
381,0.0,0.0,4.1995,4.1995,4.1995,0.0,1161.0,235,4.1995,4.1896,-0.0098999999999991,300.0,61,0.8728039536298043,152.0,0.1705445833333333
382,4.27868852457022e-09,-4.275398459367966,4.1995,4.1992,4.199485245901639,16.830044942404598,1151.0,232,4.1995,4.1995,0.0,300.0,61,0.8748472139414241,151.0,0.1709438333333333
383,0.0,0.0,4.1995,4.1995,4.1995,0.0,1191.0,240,4.1995,4.1995,0.0,300.0,61,0.8711243376427603,150.0,0.1702163888888889
384,0.0,0.0,4.1995,4.1995,4.1995,0.0,1189.0,239,4.1995,4.1995,0.0,300.0,61,0.8718341406578523,149.0,0.1703550833333333
385,0.0,0.0,4.1995,4.1995,4.1995,0.0,1205.0,242,4.1995,4.1995,0.0,300.0,61,0.8713085765186985,148.0,0.1702523888888889
386,0.0,0.0,4.1995,4.1995,4.1995,0.0,1123.0,226,4.1995,4.1995,0.0,300.0,61,0.8702709534049078,147.0,0.1700496388888888
387,0.0,0.0,4.1995,4.1995,4.1995,0.0,1158.0,233,4.1995,4.1995,0.0,300.0,61,0.8699714230718819,146.0,0.1699911111111111
388,0.0,0.0,4.1995,4.1995,4.1995,0.0,1138.0,229,4.1995,4.1995,0.0,300.0,61,0.8681644320594978,145.0,0.1696380277777777
389,0.0,0.0,4.1995,4.1995,4.1995,0.0,1219.0,245,4.1995,4.1995,0.0,300.0,61,0.8690911706646218,144.0,0.1698191111111111
390,0.0,0.0,4.1995,4.1995,4.1995,0.0,1148.0,231,4.1995,4.1995,0.0,300.0,61,0.8693341214663025,143.0,0.1698665833333333
391,1.475409836058696e-09,-7.810249675948983,4.1995,4.1992,4.199495081967213,61.00000000045575,1171.0,236,4.1995,4.1995,0.0,300.0,61,0.8700088110536501,142.0,0.1699984166666666
392,1.6180327868777036e-08,-1.319135852606055,4.1995,4.1992,4.199431147540984,-0.2698256765079581,1187.0,239,4.1995,4.1995,0.0,300.0,61,0.8683736910296992,141.0,0.1696789166666666
393,0.0,0.0,4.1995,4.1995,4.1995,0.0,1215.0,245,4.1995,4.1976,-0.0018999999999991,300.0,61,0.8669031918532297,140.0,0.1693915833333333
394,4.278688524570219e-09,-4.275398459367966,4.1995,4.1992,4.199485245901639,16.830044942404605,1151.0,232,4.1995,4.1995,0.0,300.0,61,0.8667283355126405,139.0,0.1693574166666666
395,0.0,0.0,4.1995,4.1995,4.1995,0.0,1235.0,248,4.1995,4.1995,0.0,300.0,61,0.8672672626566847,138.0,0.1694627222222222
396,0.0,0.0,4.1995,4.1995,4.1995,0.0,1188.0,239,4.1995,4.1995,0.0,300.0,61,0.869605930672162,137.0,0.1699196944444444
397,2.901639344248771e-09,-5.38049686977453,4.1995,4.1992,4.199490163934425,27.862683136718637,1203.0,242,4.1995,4.1995,0.0,300.0,61,0.8654995077012135,136.0,0.1691173055555555
398,0.0,0.0,4.1995,4.1995,4.1995,0.0,1197.0,241,4.1995,4.1995,0.0,300.0,61,0.8590069353995382,135.0,0.1678486666666666
399,0.0,0.0,4.1995,4.1995,4.1995,0.0,1128.0,227,4.1995,4.1995,0.0,300.0,61,0.8582443911630164,134.0,0.1676996666666666
400,0.0,0.0,4.1995,4.1995,4.1995,0.0,1181.0,238,4.1995,4.1995,0.0,300.0,61,0.8609150019063606,133.0,0.1682215
401,0.0,0.0,4.1995,4.1995,4.1995,0.0,1151.0,232,4.1995,4.1995,0.0,300.0,61,0.8569291302986801,132.0,0.1674426666666666
402,0.0,0.0,4.1995,4.1995,4.1995,0.0,1136.0,229,4.1995,4.1995,0.0,300.0,61,0.8539670923210202,131.0,0.1668638888888888
403,1.475409836058696e-09,-7.810249675948985,4.1995,4.1992,4.199495081967213,61.00000000045582,1147.0,231,4.1995,4.1787,-0.0207999999999994,300.0,61,0.8532796083672881,130.0,0.1667295555555555
404,4.278688524570219e-09,-4.275398459367965,4.1995,4.1992,4.199485245901639,16.830044942404598,1116.0,225,4.1995,4.1995,0.0,300.0,61,0.8532344016060626,129.0,0.1667207222222222
405,2.901639344248769e-09,-5.380496869825674,4.1995,4.1992,4.199490163934426,27.862683137098003,1198.0,241,4.1995,4.1793,-0.0201999999999999,300.0,61,0.8528862526807751,128.0,0.1666526944444444
406,0.0,0.0,4.1995,4.1995,4.1995,0.0,1109.0,223,4.1995,4.1995,0.0,300.0,61,0.8537262739137369,127.0,0.1668168333333333
407,0.0,0.0,4.1995,4.1995,4.1995,0.0,1183.0,238,4.1995,4.1995,0.0,300.0,61,0.8541700962676558,126.0,0.1669035555555555
408,0.0,0.0,4.1995,4.1995,4.1995,0.0,1191.0,240,4.1995,4.1995,0.0,300.0,61,0.8527456568101711,125.0,0.1666252222222222
409,0.0,0.0,4.1995,4.1995,4.1995,0.0,1159.0,233,4.1995,4.1995,0.0,300.0,61,0.8569008405330076,124.0,0.1674371388888889
410,0.0,0.0,4.1995,4.1995,4.1995,0.0,1079.0,217,4.1995,4.1995,0.0,300.0,61,0.8488871602278306,123.0,0.1658712777777777
411,0.0,0.0,4.1995,4.1995,4.1995,0.0,1149.0,231,4.1995,4.1995,0.0,300.0,61,0.8506871854185165,122.0,0.166223
412,0.0,0.0,4.1995,4.1995,4.1995,0.0,1141.0,230,4.1995,4.1995,0.0,300.0,61,0.8541261689430688,121.0,0.1668949722222222
413,0.0,0.0,4.1995,4.1995,4.1995,0.0,1174.0,236,4.1995,4.1995,0.0,300.0,61,0.8539090911934102,120.0,0.1668525555555555
414,0.0,0.0,4.1995,4.1995,4.1995,0.0,1189.0,239,4.1995,4.1995,0.0,300.0,61,0.8540532410546766,119.0,0.1668807222222222
415,1.475409836058696e-09,-7.810249675948984,4.1995,4.1992,4.199495081967213,61.00000000045575,1110.0,223,4.1995,4.1995,0.0,300.0,61,0.8520806340774253,118.0,0.1664952777777777
416,0.0,0.0,4.1995,4.1995,4.1995,0.0,1221.0,246,4.1995,4.179,-0.0204999999999992,300.0,61,0.8517772654344838,117.0,0.166436
417,0.0,0.0,4.1995,4.1995,4.1995,0.0,1201.0,242,4.1995,4.1793,-0.0201999999999999,300.0,61,0.8550657019145774,116.0,0.1670785555555555
418,0.0,0.0,4.1995,4.1995,4.1995,0.0,1216.0,245,4.1995,4.1995,0.0,300.0,61,0.8523976500445102,115.0,0.1665572222222222
419,0.0,0.0,4.1995,4.1995,4.1995,0.0,1143.0,230,4.1995,4.1995,0.0,300.0,61,0.8505019514251929,114.0,0.1661868055555555
420,1.475409836058696e-09,-7.810249675948984,4.1995,4.1992,4.199495081967213,61.00000000045575,1154.0,232,4.1995,4.1976,-0.0018999999999991,300.0,61,0.8487730060477549,113.0,0.1658489722222222
421,0.0,0.0,4.1995,4.1995,4.1995,0.0,1210.0,244,4.1995,4.1995,0.0,300.0,61,0.853614109968432,112.0,0.1667949166666666
422,4.278688524570219e-09,-4.275398459367966,4.1995,4.1992,4.199485245901639,16.830044942404605,1165.0,234,4.1995,4.1995,0.0,300.0,61,0.8500510210899492,111.0,0.1660986944444444
423,0.0,0.0,4.1995,4.1995,4.1995,0.0,1189.0,239,4.1995,4.1995,0.0,300.0,61,0.8502419414683327,110.0,0.166136
424,0.0,0.0,4.1995,4.1995,4.1995,0.0,1154.0,232,4.1995,4.1995,0.0,300.0,61,0.848547540880133,109.0,0.1658049166666666
425,6.885245901607251e-09,-3.125213498709691,4.1995,4.1992,4.199475409836066,8.029264423614343,1168.0,235,4.1995,4.1995,0.0,300.0,61,0.8459431765227357,108.0,0.1652960277777777
426,0.0,0.0,4.1995,4.1995,4.1995,0.0,1171.0,236,4.1995,4.1995,0.0,300.0,61,0.8442251774365377,107.0,0.1649603333333333
427,0.0,0.0,4.1995,4.1995,4.1995,0.0,1118.0,225,4.1995,4.1973,-0.0021999999999993,300.0,61,0.843966162597063,106.0,0.1649097222222222
428,0.0,0.0,4.1995,4.1995,4.1995,0.0,1137.0,229,4.1995,4.1995,0.0,300.0,61,0.8382281735928258,105.0,0.1637885277777777
429,0.0,0.0,4.1995,4.1995,4.1995,0.0,1150.0,232,4.1995,4.1995,0.0,300.0,61,0.8414790799315246,104.0,0.16442375
430,0.0,0.0,4.1995,4.1995,4.1995,0.0,1242.0,250,4.1995,4.1995,0.0,300.0,61,0.8465941254524585,103.0,0.1654232222222222
431,0.0,0.0,4.1995,4.1995,4.1995,0.0,1171.0,236,4.1995,4.1995,0.0,300.0,61,0.8425272228576758,102.0,0.1646285555555555
432,0.0,0.0,4.1995,4.1995,4.1995,0.0,1206.0,243,4.1995,4.1995,0.0,300.0,61,0.8459589562412766,101.0,0.1652991111111111
433,1.4754098360674323e-09,7.810249675878442,4.1998,4.1995,4.199504918032787,60.99999999969619,1132.0,228,4.1995,4.1995,0.0,300.0,61,0.8542873779595147,100.0,0.1669264722222222
434,0.0,0.0,4.1995,4.1995,4.1995,0.0,1135.0,229,4.1995,4.1976,-0.0018999999999991,300.0,61,0.8513716840200922,99.0,0.16635675
435,0.0,0.0,4.1995,4.1995,4.1995,0.0,1218.0,245,4.1995,4.1995,0.0,300.0,61,0.8539434938230221,98.0,0.1668592777777778
436,0.0,0.0,4.1995,4.1995,4.1995,0.0,1175.0,236,4.1995,4.1995,0.0,300.0,61,0.8518174966087821,97.0,0.1664438611111111
437,0.0,0.0,4.1995,4.1995,4.1995,0.0,1131.0,228,4.1995,4.1995,0.0,300.0,61,0.8497024456857823,96.0,0.1660305833333333
438,1.4754098360674323e-09,7.810249675878442,4.1998,4.1995,4.199504918032787,60.99999999969618,1229.0,247,4.1995,4.179,-0.0204999999999992,300.0,61,0.8477225885675796,95.0,0.1656437222222222
439,2.901639344265952e-09,5.380496869776208,4.1998,4.1995,4.199509836065574,27.86268313673108,1264.0,254,4.1995,4.1793,-0.0201999999999999,300.0,61,0.8498881061579854,94.0,0.1660668611111111
440,0.0,0.0,4.1995,4.1995,4.1995,0.0,1207.0,243,4.1995,4.1995,0.0,300.0,61,0.8509413668306905,93.0,0.1662726666666666
441,0.0,0.0,4.1995,4.1995,4.1995,0.0,1219.0,245,4.1995,4.1979,-0.0015999999999998,300.0,61,0.8463786114586914,92.0,0.1653811111111111
442,0.0,0.0,4.1995,4.1995,4.1995,0.0,1212.0,244,4.1995,4.1995,0.0,300.0,61,0.8423043165633308,91.0,0.164585
443,0.0,0.0,4.1995,4.1995,4.1995,0.0,1193.0,240,4.1995,4.1995,0.0,300.0,61,0.8430775227718398,90.0,0.1647360833333333
444,0.0,0.0,4.1995,4.1995,4.1995,0.0,1263.0,254,4.1995,4.1979,-0.0015999999999998,300.0,61,0.845379797922934,89.0,0.1651859444444444
445,0.0,0.0,4.1995,4.1995,4.1995,0.0,1189.0,239,4.1995,4.1995,0.0,300.0,61,0.8446245038273635,88.0,0.1650383611111111
446,0.0,0.0,4.1995,4.1995,4.1995,0.0,1149.0,231,4.1995,4.1995,0.0,300.0,61,0.8401764712739466,87.0,0.1641692222222222
447,1.4754098360674323e-09,7.810249675878441,4.1998,4.1995,4.199504918032787,60.99999999969619,1207.0,243,4.1995,4.1995,0.0,300.0,61,0.8417008489488575,86.0,0.1644670833333333
448,0.0,0.0,4.1995,4.1995,4.1995,0.0,1224.0,246,4.1995,4.1995,0.0,300.0,61,0.8430935868096338,85.0,0.1647392222222222
449,0.0,0.0,4.1995,4.1995,4.1995,0.0,1214.0,244,4.1995,4.1995,0.0,300.0,61,0.8427062018274335,84.0,0.1646635277777777
450,0.0,0.0,4.1995,4.1995,4.1995,0.0,1192.0,240,4.1995,4.1995,0.0,300.0,61,0.8435846061595492,83.0,0.1648351666666666
451,0.0,0.0,4.1995,4.1995,4.1995,0.0,1170.0,235,4.1995,4.1995,0.0,300.0,61,0.8388130182962282,82.0,0.1639028055555555
452,2.901639344265952e-09,5.380496869776208,4.1998,4.1995,4.199509836065574,27.86268313673108,1276.0,257,4.1995,4.1995,0.0,300.0,61,0.842660426427702,81.0,0.1646545833333333
453,0.0,0.0,4.1995,4.1995,4.1995,0.0,1198.0,241,4.1995,4.1995,0.0,300.0,61,0.8426521811693652,80.0,0.1646529722222222
454,0.0,0.0,4.1995,4.1995,4.1995,0.0,1247.0,251,4.1995,4.1995,0.0,300.0,61,0.8446245038273635,79.0,0.1650383611111111
455,0.0,0.0,4.1995,4.1995,4.1995,0.0,1210.0,244,4.1995,4.1995,0.0,300.0,61,0.8414078579586501,78.0,0.1644098333333333
456,0.0,0.0,4.1995,4.1995,4.1995,0.0,1283.0,258,4.1995,4.1982,-0.0012999999999996,300.0,61,0.8429767315966545,77.0,0.1647163888888889
457,1.4754098360674323e-09,7.810249675878442,4.1998,4.1995,4.199504918032787,60.99999999969618,1215.0,244,4.1995,4.1995,0.0,300.0,61,0.8374009467262485,76.0,0.1636268888888888
458,0.0,0.0,4.1995,4.1995,4.1995,0.0,1252.0,252,4.1995,4.1995,0.0,300.0,61,0.8361650109334968,75.0,0.1633853888888888
459,0.0,0.0,4.1995,4.1995,4.1995,0.0,1247.0,251,4.1995,4.1995,0.0,300.0,61,0.8347529393635172,74.0,0.1631094722222222
460,0.0,0.0,4.1995,4.1995,4.1995,0.0,1227.0,247,4.1995,4.1995,0.0,300.0,61,0.8332849990603249,73.0,0.1628226388888889
461,0.0,0.0,4.1995,4.1995,4.1995,0.0,1215.0,244,4.1995,4.1995,0.0,300.0,61,0.8321400454285303,72.0,0.1625989166666666
462,0.0,0.0,4.1995,4.1995,4.1995,0.0,1119.0,225,4.1995,4.1778,-0.0216999999999991,300.0,61,0.8247338132073684,71.0,0.1611517499999999
463,0.0,0.0,4.1995,4.1995,4.1995,0.0,1190.0,239,4.1995,4.1995,0.0,300.0,61,0.8238919438992622,70.0,0.16098725
464,0.0,0.0,4.1995,4.1995,4.1995,0.0,1211.0,244,4.1995,4.1995,0.0,300.0,61,0.8307468810888745,69.0,0.1623266944444444
465,0.0,0.0,4.1995,4.1995,4.1995,0.0,1093.0,220,4.1995,4.1995,0.0,300.0,61,0.8285623141085183,68.0,0.1618998333333333
466,0.0,0.0,4.1995,4.1995,4.1995,0.0,1270.0,256,4.1995,4.1995,0.0,300.0,61,0.832007694816263,67.0,0.1625730555555555
467,0.0,0.0,4.1995,4.1995,4.1995,0.0,1205.0,242,4.1995,4.1995,0.0,300.0,61,0.8246402721731344,66.0,0.1611334722222222
468,0.0,0.0,4.1995,4.1995,4.1995,0.0,1189.0,239,4.1995,4.1995,0.0,300.0,61,0.8253203638262889,65.0,0.1612663611111111
469,0.0,0.0,4.1995,4.1995,4.1995,0.0,1181.0,238,4.1995,4.1995,0.0,300.0,61,0.8266025014976517,64.0,0.1615168888888889
470,0.0,0.0,4.1995,4.1995,4.1995,0.0,1221.0,246,4.1995,4.1787,-0.0207999999999994,300.0,61,0.82575963707216,63.0,0.1613521944444444
471,0.0,0.0,4.1995,4.1995,4.1995,0.0,1148.0,231,4.1995,4.1995,0.0,300.0,61,0.8218933217103622,62.0,0.1605967222222222
472,0.0,0.0,4.1995,4.1995,4.1995,0.0,1208.0,243,4.1995,4.1976,-0.0018999999999991,300.0,61,0.8253891690855126,61.0,0.1612798055555555
473,1.475409836058696e-09,-7.810249675948985,4.1995,4.1992,4.199495081967213,61.00000000045582,1245.0,251,4.1995,4.1995,0.0,300.0,61,0.8236610766658334,60.0,0.1609421388888888
474,0.0,0.0,4.1995,4.1995,4.1995,0.0,1149.0,232,4.1995,4.1889,-0.0105999999999992,300.0,61,0.8223874685720606,59.0,0.1606932777777777
475,0.0,0.0,4.1995,4.1995,4.1995,0.0,1165.0,234,4.1995,4.1973,-0.0021999999999993,300.0,61,0.8225725604057578,58.0,0.1607294444444444
476,0.0,0.0,4.1995,4.1995,4.1995,0.0,1267.0,255,4.1995,4.1995,0.0,300.0,61,0.8275430295865459,57.0,0.1617006666666667
477,0.0,0.0,4.1995,4.1995,4.1995,0.0,1288.0,259,4.1995,4.1995,0.0,300.0,61,0.828588045000914,56.0,0.1619048611111111
478,0.0,0.0,4.1995,4.1995,4.1995,0.0,1200.0,241,4.1995,4.1995,0.0,300.0,61,0.8254532830770622,55.0,0.1612923333333333
479,0.0,0.0,4.1995,4.1995,4.1995,0.0,1197.0,241,4.1995,4.1995,0.0,300.0,61,0.822779829141188,54.0,0.1607699444444444
480,0.0,0.0,4.1995,4.1995,4.1995,0.0,1200.0,241,4.1995,4.1995,0.0,300.0,61,0.8225038973061604,53.0,0.1607160277777777
481,1.475409836058696e-09,-7.810249675948984,4.1995,4.1992,4.199495081967213,61.00000000045582,1205.0,242,4.1995,4.1995,0.0,300.0,61,0.820502005445851,52.0,0.1603248611111111
482,1.4754098360674323e-09,7.810249675878442,4.1998,4.1995,4.199504918032787,60.99999999969618,1233.0,248,4.1995,4.1995,0.0,300.0,61,0.8227548090469249,51.0,0.1607650555555555
483,0.0,0.0,4.1995,4.1995,4.1995,0.0,1253.0,252,4.1995,4.1973,-0.0021999999999993,300.0,61,0.8212945453635633,50.0,0.1604797222222222
484,0.0,0.0,4.1995,4.1995,4.1995,0.0,1248.0,251,4.1995,4.1995,0.0,300.0,61,0.8235101031424955,49.0,0.1609126388888889
485,0.0,0.0,4.1995,4.1995,4.1995,0.0,1211.0,244,4.1995,4.1995,0.0,300.0,61,0.8201859845961514,48.0,0.1602631111111111
486,0.0,0.0,4.1995,4.1995,4.1995,0.0,1286.0,259,4.1995,4.1995,0.0,300.0,61,0.8261512868431551,47.0,0.1614287222222222
487,0.0,0.0,4.1995,4.1995,4.1995,0.0,1346.0,271,4.1995,4.1985,-0.0009999999999994,300.0,61,0.8295274358127962,46.0,0.1620884166666666
488,1.5344262295010444e-08,-1.4366940083371431,4.1995,4.1992,4.19943606557377,0.0651328507700741,1277.0,257,4.1995,4.1992,-0.0002999999999993,300.0,61,0.8285219407745936,45.0,0.1618919444444444
489,4.278688524570219e-09,-4.275398459367966,4.1995,4.1992,4.199485245901639,16.830044942404605,1183.0,238,4.1995,4.1995,0.0,300.0,61,0.8267216312646548,44.0,0.1615401666666666
490,6.885245901607251e-09,-3.125213498676488,4.1995,4.1992,4.199475409836065,8.0292644234713,1200.0,241,4.1995,4.1976,-0.0018999999999991,300.0,61,0.8249759110512903,43.0,0.1611990555555555
491,0.0,0.0,4.1995,4.1995,4.1995,0.0,1295.0,261,4.1995,4.1995,0.0,300.0,61,0.8269866168084424,42.0,0.1615919444444444
492,0.0,0.0,4.1995,4.1995,4.1995,0.0,1299.0,262,4.1995,4.1896,-0.0098999999999991,300.0,61,0.8278046032992976,41.0,0.1617517777777778
493,0.0,0.0,4.1995,4.1995,4.1995,0.0,1263.0,254,4.1995,4.1995,0.0,300.0,61,0.8252131754679113,40.0,0.1612454166666666
494,0.0,0.0,4.1995,4.1995,4.1995,0.0,1254.0,252,4.1995,4.1995,0.0,300.0,61,0.8265041270361169,39.0,0.1614976666666666
495,0.0,0.0,4.1995,4.1995,4.1995,0.0,1254.0,252,4.1995,4.1995,0.0,300.0,61,0.8236785622998926,38.0,0.1609455555555555
496,0.0,0.0,4.1995,4.1995,4.1995,0.0,1266.0,255,4.1995,4.1995,0.0,300.0,61,0.8239702738534612,37.0,0.1610025555555555
497,4.278688524570219e-09,-4.275398459367966,4.1995,4.1992,4.199485245901639,16.830044942404605,1238.0,249,4.1995,4.1995,0.0,300.0,61,0.8223169573973188,36.0,0.1606795
498,1.475409836058696e-09,-7.810249675948984,4.1995,4.1992,4.199495081967213,61.00000000045582,1261.0,254,4.1995,4.1995,0.0,300.0,61,0.823147596094932,35.0,0.1608418055555555
499,1.2540983606498918e-08,-1.8616039840700187,4.1995,4.1992,4.199450819672131,1.5141472135256109,1285.0,258,4.1995,4.1979,-0.0015999999999998,300.0,61,0.8203960965241118,34.0,0.1603041666666666
500,0.0,0.0,4.1995,4.1995,4.1995,0.0,1246.0,251,4.1995,4.1995,0.0,300.0,61,0.8165502521485295,33.0,0.1595526944444444
501,0.0,0.0,4.1995,4.1995,4.1995,0.0,1281.0,258,4.1995,4.179,-0.0204999999999992,300.0,61,0.8203670959603067,32.0,0.1602984999999999
502,1.475409836058696e-09,-7.810249675948985,4.1995,4.1992,4.199495081967213,61.00000000045582,1199.0,241,4.1995,4.1784,-0.0210999999999996,300.0,61,0.8151357638648994,31.0,0.1592763055555555
503,1.7704918032704365e-08,-1.1082054477368235,4.1995,4.1992,4.19942131147541,-0.7991915059279453,1239.0,249,4.1995,4.1784,-0.0210999999999996,300.0,61,0.8140766746475081,30.0,0.1590693611111111
504,1.475409836058696e-09,-7.810249675948984,4.1995,4.1992,4.199495081967213,61.00000000045582,1307.0,263,4.1995,4.1995,0.0,300.0,61,0.81819958813513,29.0,0.1598749722222222
505,1.0426229508148125e-08,-2.240877502749858,4.1995,4.1992,4.199460655737705,3.122884112848615,1259.0,253,4.1995,4.1995,0.0,300.0,61,0.817556031505985,28.0,0.1597492222222222
506,0.0,0.0,4.1995,4.1995,4.1995,0.0,1220.0,245,4.1995,4.1995,0.0,300.0,61,0.8146286804771901,27.0,0.1591772222222222
507,2.0655737704821752e-08,-0.6722061615570091,4.1995,4.1992,4.199396721311475,-1.6017784086272902,1320.0,265,4.1995,4.1995,0.0,300.0,61,0.8176106208025593,26.0,0.1597598888888889
508,5.606557377023047e-09,-3.599125388730193,4.1995,4.1992,4.199480327868852,11.324094866102932,1194.0,240,4.1995,4.1995,0.0,300.0,61,0.8143217578435864,25.0,0.15911725
509,1.6180327868777042e-08,-1.3191358526060544,4.1995,4.1992,4.199431147540984,-0.2698256765079612,1247.0,251,4.1995,4.1995,0.0,300.0,61,0.8144768539960928,24.0,0.1591475555555555
510,8.114754098322833e-09,-2.7658437445674595,4.1995,4.1992,4.199470491803278,5.840391052494155,1304.0,262,4.1995,4.1995,0.0,300.0,61,0.8149337550356494,23.0,0.1592368333333333
511,1.1508196721257838e-08,-2.038140223743097,4.1995,4.1992,4.199455737704917,2.225943742550985,1331.0,268,4.1995,4.1979,-0.0015999999999998,300.0,61,0.8148933817017247,22.0,0.1592289444444444
512,0.0,0.0,4.1995,4.1995,4.1995,0.0,1225.0,246,4.1995,4.1995,0.0,300.0,61,0.809296130727718,21.0,0.15813525
513,0.0,0.0,4.1995,4.1995,4.1995,0.0,1169.0,235,4.1995,4.1995,0.0,300.0,61,0.8085294638620278,20.0,0.1579854444444444
514,0.0,0.0,4.1995,4.1995,4.1995,0.0,1226.0,247,4.1995,4.1995,0.0,300.0,61,0.8062291789457044,19.0,0.1575359722222222
515,4.278688524570219e-09,-4.275398459367965,4.1995,4.1992,4.199485245901639,16.830044942404598,1244.0,250,4.1995,4.1995,0.0,300.0,61,0.8100328019122175,18.0,0.1582791944444444
516,0.0,0.0,4.1995,4.1995,4.1995,0.0,1246.0,251,4.1995,4.1979,-0.0015999999999998,300.0,61,0.8076864572769097,17.0,0.1578207222222222
517,2.901639344248768e-09,-5.380496869825678,4.1995,4.1992,4.199490163934426,27.86268313709799,1219.0,245,4.1995,4.1995,0.0,300.0,61,0.8054697622209656,16.0,0.1573875833333333
518,6.885245901607252e-09,-3.125213498676485,4.1995,4.1992,4.199475409836065,8.029264423471288,1249.0,251,4.1995,4.1995,0.0,300.0,61,0.8054781496389288,15.0,0.1573892222222222
519,2.901639344248769e-09,-5.3804968698256745,4.1995,4.1992,4.199490163934426,27.862683137098003,1286.0,259,4.1995,4.1784,-0.0210999999999996,300.0,61,0.8083109645161042,14.0,0.15794275
520,4.2786885245702195e-09,-4.275398459367966,4.1995,4.1992,4.199485245901639,16.830044942404605,1242.0,250,4.1995,4.1995,0.0,300.0,61,0.8072919643133846,13.0,0.1577436388888888
521,1.475409836058696e-09,-7.810249675948982,4.1995,4.1992,4.199495081967213,61.00000000045576,1310.0,263,4.1995,4.1995,0.0,300.0,61,0.807755120376507,12.0,0.1578341388888889
522,6.885245901607251e-09,-3.12521349870969,4.1995,4.1992,4.199475409836066,8.029264423614334,1303.0,262,4.1995,4.1995,0.0,300.0,61,0.8089648987979835,11.0,0.1580705277777777
523,6.885245901607252e-09,-3.125213498676485,4.1995,4.1992,4.199475409836065,8.029264423471288,1256.0,253,4.1995,4.1995,0.0,300.0,61,0.8059498352796407,10.0,0.1574813888888888
524,8.114754098322831e-09,-2.7658437445980413,4.1995,4.1992,4.199470491803279,5.840391052610766,1213.0,244,4.1995,4.1995,0.0,300.0,61,0.802796450444718,9.0,0.1568652222222222
525,6.885245901607251e-09,-3.125213498709689,4.1995,4.1992,4.199475409836066,8.029264423614334,1188.0,239,4.1995,4.1995,0.0,300.0,61,0.8019970868649339,8.0,0.1567090277777778
526,9.295081967169792e-09,-2.478794301463354,4.1995,4.1992,4.199465573770492,4.283858877676467,1172.0,236,4.1995,4.1995,0.0,300.0,61,0.802039592593256,7.0,0.1567173333333333
527,1.2540983606498916e-08,-1.86160398407002,4.1995,4.1992,4.199450819672131,1.5141472135256162,1261.0,254,4.1995,4.1995,0.0,300.0,61,0.8056953695482139,6.0,0.1574316666666666
528,1.3524590163871385e-08,-1.7051861374494632,4.1995,4.1992,4.1994459016393435,0.9373147016347368,1258.0,253,4.1995,4.1995,0.0,300.0,61,0.8053874517972246,5.0,0.1573715
529,1.4459016393375229e-08,-1.564593753712924,4.1995,4.1992,4.199440983606558,0.4620164840287022,1269.0,255,4.1995,4.1992,-0.0002999999999993,300.0,61,0.8001279720957711,4.0,0.1563438055555555
530,1.9622950819580676e-08,-0.8348624372805171,4.1995,4.1992,4.19940655737705,-1.3483299130076158,1237.0,249,4.1995,4.1992,-0.0002999999999993,300.0,61,0.79846811629681,3.0,0.1560194722222222
531,2.2377049180223572e-08,-0.3059217425291322,4.1995,4.1992,4.199372131147541,-1.9722031329251817,1256.0,253,4.1995,4.1781,-0.0213999999999998,300.0,61,0.7987530041883069,2.0,0.1560751388888888
532,1.8393442622865082e-08,-1.0122819576212063,4.1995,4.1992,4.199416393442623,-1.0094950258931754,1206.0,243,4.1995,4.1995,0.0,300.0,61,0.7948957870426049,1.0,0.1553214444444444
533,1.3524590163871392e-08,-1.7051861374731516,4.1995,4.1992,4.199445901639344,0.9373147016904192,1140.0,230,4.1995,4.1995,0.0,300.0,61,0.7895318200156775,0.0,0.1542733333333333
534,2.901639344248769e-09,-5.3804968698256745,4.1995,4.1992,4.199490163934426,27.862683137098003,1232.0,248,4.1995,4.1995,0.0,300.0,61,0.7953299425419221,-1.0,0.1554062777777777
535,0.0,0.0,4.1995,4.1995,4.1995,0.0,1189.0,239,4.1995,4.1995,0.0,300.0,61,0.7939757299399263,-2.0,0.1551416666666666
536,1.6180327868777036e-08,-1.319135852606055,4.1995,4.1992,4.199431147540984,-0.2698256765079585,1188.0,239,4.1995,4.1995,0.0,300.0,61,0.7943233102267077,-3.0,0.1552095833333333
537,2.0163934426135532e-08,-0.7519706664910641,4.1995,4.1992,4.199401639344262,-1.484326666765657,1195.0,240,4.1995,4.1992,-0.0002999999999993,300.0,61,0.7936359684326021,-4.0,0.1550752777777778
538,2.2868852458909805e-08,-0.0336238203588056,4.1995,4.1992,4.199352459016393,-2.067796610169742,1220.0,245,4.1995,4.1995,0.0,300.0,61,0.7939734553859021,-5.0,0.1551412222222222
539,2.149180327858835e-08,-0.5202643571708595,4.1995,4.1992,4.199386885245902,-1.7891099053428916,1294.0,260,4.1992,4.1995,0.0002999999999993,300.0,61,0.8007430967996172,-6.0,0.156464
540,1.6967213114675014e-08,-1.2101123118100554,4.1995,4.1992,4.199426229508196,-0.5549259268722806,1220.0,246,4.1992,4.1976,-0.0015999999999998,300.0,61,0.8019343944696494,-7.0,0.1566967777777778
541,1.8393442622865082e-08,-1.012281957621206,4.1995,4.1992,4.199416393442623,-1.0094950258931754,1293.0,260,4.1995,4.1995,0.0,300.0,61,0.7990613484181757,-8.0,0.1561353888888889
542,1.8393442622865082e-08,1.0122819576212063,4.1995,4.1992,4.199283606557377,-1.0094950258931754,1293.0,260,4.1992,4.1992,0.0,300.0,61,0.8003065245866495,-9.0,0.1563786944444444
543,2.2868852458909802e-08,-0.0336238203770225,4.1995,4.1992,4.199352459016394,-2.0677966101688967,1296.0,261,4.1995,4.1992,-0.0002999999999993,300.0,61,0.79889160982414,-10.0,0.1561022222222222
544,1.9032786885157193e-08,-0.9214209011448736,4.1995,4.1992,4.199411475409836,-1.1911525514183767,1194.0,240,4.1995,4.1992,-0.0002999999999993,300.0,61,0.7941592580177319,-11.0,0.1551775277777778
545,9.29508196716979e-09,-2.4787943014633544,4.1995,4.1992,4.199465573770492,4.283858877676471,1213.0,244,4.1995,4.1995,0.0,300.0,61,0.8119324810010768,-12.0,0.1586503888888889
546,1.475409836058696e-09,-7.810249675948984,4.1995,4.1992,4.199495081967213,61.00000000045582,1202.0,242,4.1995,4.1995,0.0,300.0,61,0.8034182566510093,-13.0,0.1569867222222222
547,8.114754098322831e-09,-2.765843744598042,4.1995,4.1992,4.199470491803279,5.840391052610773,1241.0,250,4.1992,4.1995,0.0002999999999993,300.0,61,0.8041067357221268,-14.0,0.15712125
548,4.27868852457022e-09,-4.275398459367966,4.1995,4.1992,4.199485245901639,16.830044942404598,1183.0,238,4.1995,4.1995,0.0,300.0,61,0.8021062654580824,-15.0,0.1567303611111111
549,1.475409836058696e-09,-7.810249675948985,4.1995,4.1992,4.199495081967213,61.00000000045582,1205.0,242,4.1995,4.1995,0.0,300.0,61,0.8008590990548377,-16.0,0.1564866666666667
550,4.27868852457022e-09,-4.275398459367966,4.1995,4.1992,4.199485245901639,16.830044942404598,1283.0,258,4.1995,4.1995,0.0,300.0,61,0.8016455261086105,-17.0,0.1566403333333333
551,4.27868852457022e-09,-4.27539845941008,4.1995,4.1992,4.19948524590164,16.830044942652805,1282.0,258,4.1995,4.1781,-0.0213999999999998,300.0,61,0.8020784021712893,-18.0,0.1567249166666666
552,2.149180327858835e-08,0.5202643571520679,4.1995,4.1992,4.199313114754099,-1.7891099053563704,1228.0,247,4.1995,4.1995,0.0,300.0,61,0.7986310312287738,-19.0,0.1560513055555555
553,1.2540983606498916e-08,-1.86160398407002,4.1995,4.1992,4.199450819672131,1.5141472135256144,1243.0,250,4.1995,4.1995,0.0,300.0,61,0.7951994400047994,-20.0,0.1553807777777777
554,4.278688524570219e-09,-4.275398459367965,4.1995,4.1992,4.199485245901639,16.830044942404598,1285.0,259,4.1995,4.1995,0.0,300.0,61,0.7965269265970141,-21.0,0.1556401666666666
555,0.0,0.0,4.1995,4.1995,4.1995,0.0,1326.0,267,4.1995,4.1995,0.0,300.0,61,0.8003417801740204,-22.0,0.1563855833333333
556,0.0,0.0,4.1995,4.1995,4.1995,0.0,1268.0,255,4.1995,4.1995,0.0,300.0,61,0.7969663420025117,-23.0,0.1557260277777777
557,0.0,0.0,4.1995,4.1995,4.1995,0.0,1266.0,255,4.1995,4.1995,0.0,300.0,61,0.794536265347198,-24.0,0.1552511944444444
558,0.0,0.0,4.1995,4.1995,4.1995,0.0,1219.0,245,4.1995,4.1973,-0.0021999999999993,300.0,61,0.792327389070711,-25.0,0.1548195833333333
559,1.2540983606498916e-08,-1.86160398407002,4.1995,4.1992,4.199450819672131,1.514147213525615,1243.0,250,4.1995,4.1995,0.0,300.0,61,0.7928273644770957,-26.0,0.1549172777777777
560,4.278688524570219e-09,-4.275398459367965,4.1995,4.1992,4.199485245901639,16.830044942404605,1288.0,259,4.1995,4.1995,0.0,300.0,61,0.7949603275130338,-27.0,0.1553340555555555
561,0.0,0.0,4.1995,4.1995,4.1995,0.0,1245.0,250,4.1995,4.1995,0.0,300.0,61,0.7903321787128469,-28.0,0.1544297222222222
562,9.295081967169792e-09,-2.478794301463354,4.1995,4.1992,4.199465573770492,4.283858877676466,1209.0,243,4.1995,4.1995,0.0,300.0,61,0.7907983201281257,-29.0,0.1545208055555555
563,4.2786885245702195e-09,-4.275398459367966,4.1995,4.1992,4.199485245901639,16.830044942404605,1221.0,246,4.1995,4.1995,0.0,300.0,61,0.7912151321530103,-30.0,0.15460225
564,2.90163934424877e-09,-5.380496869774528,4.1995,4.1992,4.199490163934425,27.86268313671863,1202.0,242,4.1995,4.1995,0.0,300.0,61,0.7886332290165993,-31.0,0.1540977499999999
565,4.27868852457022e-09,-4.27539845941008,4.1995,4.1992,4.19948524590164,16.830044942652812,1272.0,256,4.1992,4.1995,0.0002999999999993,300.0,61,0.7901675578653652,-32.0,0.1543975555555555
566,5.6065573770230465e-09,-3.5991253887301924,4.1995,4.1992,4.199480327868852,11.32409486610293,1204.0,242,4.1995,4.1995,0.0,300.0,61,0.7881973676017643,-33.0,0.1540125833333333
567,1.475409836058696e-09,-7.810249675948985,4.1995,4.1992,4.199495081967213,61.00000000045582,1214.0,244,4.1995,4.1992,-0.0002999999999993,300.0,61,0.7892189266777607,-34.0,0.1542121944444444
568,1.4459016393375224e-08,-1.5645937537129246,4.1995,4.1992,4.199440983606558,0.4620164840287049,1313.0,264,4.1995,4.1995,0.0,300.0,61,0.7910017505536406,-35.0,0.1545605555555555
569,0.0,0.0,4.1995,4.1995,4.1995,0.0,1175.0,237,4.1995,4.1995,0.0,300.0,61,0.7896806611446181,-36.0,0.1543024166666666
570,5.606557377023047e-09,-3.5991253887301924,4.1995,4.1992,4.199480327868852,11.324094866102932,1215.0,245,4.1992,4.1995,0.0002999999999993,300.0,61,0.7915618594820327,-37.0,0.1546699999999999
571,1.475409836058696e-09,-7.810249675948984,4.1995,4.1992,4.199495081967213,61.00000000045582,1269.0,255,4.1995,4.1995,0.0,300.0,61,0.7950368093920884,-38.0,0.155349
572,0.0,0.0,4.1995,4.1995,4.1995,0.0,1191.0,240,4.1995,4.1775,-0.0219999999999993,300.0,61,0.7902599616225872,-39.0,0.1544156111111111
573,5.606557377023047e-09,-3.599125388730193,4.1995,4.1992,4.199480327868852,11.324094866102936,1223.0,246,4.1995,4.1995,0.0,300.0,61,0.7914832452085808,-40.0,0.1546546388888889
574,0.0,0.0,4.1995,4.1995,4.1995,0.0,1240.0,250,4.1995,4.1995,0.0,300.0,61,0.7941379340737577,-41.0,0.1551733611111111
575,0.0,0.0,4.1995,4.1995,4.1995,0.0,1274.0,256,4.1995,4.1995,0.0,300.0,61,0.7877258241206787,-42.0,0.1539204444444444
576,1.4459016393375229e-08,-1.5645937537129238,4.1995,4.1992,4.199440983606558,0.4620164840287009,1313.0,264,4.1995,4.1995,0.0,300.0,61,0.7916484346945687,-43.0,0.1546869166666666
577,0.0,0.0,4.1995,4.1995,4.1995,0.0,1306.0,263,4.1995,4.1781,-0.0213999999999998,300.0,61,0.7900416044362901,-44.0,0.1543729444444444
578,6.885245901607251e-09,-3.12521349870969,4.1995,4.1992,4.199475409836066,8.029264423614336,1273.0,256,4.1995,4.1995,0.0,300.0,61,0.7898469879076178,-45.0,0.1543349166666666
579,1.475409836058696e-09,-7.810249675948984,4.1995,4.1992,4.199495081967213,61.00000000045582,1193.0,240,4.1995,4.1995,0.0,300.0,61,0.7838814013413614,-46.0,0.15316925
580,1.475409836058696e-09,-7.81024967594898,4.1995,4.1992,4.199495081967213,61.00000000045575,1256.0,253,4.1995,4.1995,0.0,300.0,61,0.7877117503176557,-47.0,0.1539176944444444
581,1.475409836058696e-09,-7.81024967594898,4.1995,4.1992,4.199495081967213,61.00000000045575,1229.0,247,4.1995,4.1992,-0.0002999999999993,300.0,61,0.7874542992340723,-48.0,0.1538673888888888
582,2.9016393442487692e-09,-5.380496869825677,4.1995,4.1992,4.199490163934426,27.862683137098003,1253.0,252,4.1995,4.1784,-0.0210999999999996,300.0,61,0.7850718460536346,-49.0,0.1534018611111111
583,1.475409836058696e-09,-7.810249675948984,4.1995,4.1992,4.199495081967213,61.00000000045582,1280.0,257,4.1995,4.1995,0.0,300.0,61,0.7897888446203811,-50.0,0.1543235555555555
584,0.0,0.0,4.1995,4.1995,4.1995,0.0,1232.0,248,4.1995,4.1995,0.0,300.0,61,0.790929249144128,-51.0,0.1545463888888888
585,2.901639344248769e-09,-5.3804968698256745,4.1995,4.1992,4.199490163934426,27.862683137098003,1306.0,263,4.1995,4.1992,-0.0002999999999993,300.0,61,0.7936001442067252,-52.0,0.1550682777777778
586,6.885245901607251e-09,-3.125213498709691,4.1995,4.1992,4.199475409836066,8.029264423614343,1258.0,253,4.1995,4.1995,0.0,300.0,61,0.7920213193948662,-53.0,0.1547597777777777
587,1.9032786885157193e-08,-0.9214209011249052,4.1995,4.1992,4.1994114754098355,-1.191152551443741,1319.0,265,4.1995,4.1995,0.0,300.0,61,0.7929072581871862,-54.0,0.1549328888888889
588,4.2786885245702195e-09,-4.275398459367966,4.1995,4.1992,4.199485245901639,16.830044942404605,1197.0,241,4.1995,4.1992,-0.0002999999999993,300.0,61,0.7879736083496605,-55.0,0.1539688611111111
589,5.606557377023047e-09,-3.599125388730193,4.1995,4.1992,4.199480327868852,11.324094866102936,1261.0,254,4.1995,4.1995,0.0,300.0,61,0.7911449052975217,-56.0,0.1545885277777778
590,4.278688524570219e-09,-4.275398459367965,4.1995,4.1992,4.199485245901639,16.830044942404605,1285.0,258,4.1995,4.1995,0.0,300.0,61,0.7891585088365002,-57.0,0.1542003888888888
591,1.0426229508148128e-08,-2.240877502749857,4.1995,4.1992,4.199460655737705,3.122884112848616,1203.0,242,4.1992,4.1995,0.0002999999999993,300.0,61,0.7860028494475535,-58.0,0.1535837777777778
592,1.1508196721257838e-08,-2.038140223743097,4.1995,4.1992,4.199455737704917,2.225943742550985,1212.0,244,4.1995,4.1973,-0.0021999999999993,300.0,61,0.7866449844804335,-59.0,0.15370925
593,1.8393442622865082e-08,-1.012281957621206,4.1995,4.1992,4.199416393442623,-1.009495025893175,1309.0,263,4.1995,4.1995,0.0,300.0,61,0.7853638419264561,-60.0,0.1534589166666666
594,1.6967213114675014e-08,-1.2101123118100554,4.1995,4.1992,4.199426229508196,-0.5549259268722806,1312.0,264,4.1995,4.1995,0.0,300.0,61,0.7871048708721464,-61.0,0.1537991111111111
595,2.901639344248769e-09,-5.380496869825675,4.1995,4.1992,4.199490163934426,27.862683137098003,1225.0,246,4.1995,4.1781,-0.0213999999999998,300.0,61,0.785857277990022,-62.0,0.1535553333333333
596,1.2540983606498918e-08,-1.8616039840700187,4.1995,4.1992,4.199450819672131,1.5141472135256109,1265.0,255,4.1995,4.1784,-0.0210999999999996,300.0,61,0.78967085213039,-63.0,0.1543005
597,6.885245901607251e-09,-3.12521349870969,4.1995,4.1992,4.199475409836066,8.029264423614336,1300.0,262,4.1995,4.1995,0.0,300.0,61,0.7930680407247526,-64.0,0.1549643055555555
598,0.0,0.0,4.1995,4.1995,4.1995,0.0,1360.0,273,4.1995,4.1995,0.0,300.0,61,0.7952376809443266,-65.0,0.15538825
599,1.475409836058696e-09,-7.810249675948979,4.1995,4.1992,4.199495081967213,61.00000000045576,1232.0,248,4.1995,4.1992,-0.0002999999999993,300.0,61,0.7903711304505066,-66.0,0.1544373333333333
600,0.0,0.0,4.1995,4.1995,4.1995,0.0,1264.0,254,4.1995,4.1995,0.0,300.0,61,0.7925603886985371,-67.0,0.1548651111111111
601,0.0,0.0,4.1995,4.1995,4.1995,0.0,1261.0,254,4.1995,4.1995,0.0,300.0,61,0.7939238416762553,-68.0,0.1551315277777777
602,6.885245901607251e-09,-3.125213498709689,4.1995,4.1992,4.199475409836066,8.029264423614336,1266.0,255,4.1995,4.1787,-0.0207999999999994,300.0,61,0.795285446578829,-69.0,0.1553975833333333
603,4.278688524570219e-09,-4.275398459367965,4.1995,4.1992,4.199485245901639,16.830044942404598,1187.0,239,4.1995,4.1995,0.0,300.0,61,0.7961388308166815,-70.0,0.1555643333333333
604,0.0,0.0,4.1995,4.1995,4.1995,0.0,1232.0,248,4.1995,4.1995,0.0,300.0,61,0.8004808122887329,-71.0,0.15641275
605,0.0,0.0,4.1995,4.1995,4.1995,0.0,1232.0,248,4.1995,4.1995,0.0,300.0,61,0.7978596730954093,-72.0,0.1559005833333333
606,0.0,0.0,4.1995,4.1995,4.1995,0.0,1191.0,240,4.1995,4.1995,0.0,300.0,61,0.7978896687766,-73.0,0.1559064444444444
607,1.475409836058696e-09,-7.810249675948979,4.1995,4.1992,4.199495081967213,61.00000000045576,1226.0,247,4.1995,4.1787,-0.0207999999999994,300.0,61,0.7975962513075131,-74.0,0.1558491111111111
608,0.0,0.0,4.1995,4.1995,4.1995,0.0,1234.0,248,4.1995,4.1995,0.0,300.0,61,0.7985164505698185,-75.0,0.1560289166666666
609,0.0,0.0,4.1995,4.1995,4.1995,0.0,1201.0,242,4.1995,4.1787,-0.0207999999999994,300.0,61,0.7972810834155726,-76.0,0.1557875277777777
610,0.0,0.0,4.1995,4.1995,4.1995,0.0,1173.0,236,4.1995,4.1995,0.0,300.0,61,0.7955337994463167,-77.0,0.1554461111111111
611,0.0,0.0,4.1995,4.1995,4.1995,0.0,1169.0,235,4.1995,4.1995,0.0,300.0,61,0.7946312279776968,-78.0,0.1552697499999999
612,4.278688524570219e-09,-4.275398459367965,4.1995,4.1992,4.199485245901639,16.830044942404605,1201.0,242,4.1995,4.1995,0.0,300.0,61,0.7933274820431067,-79.0,0.155015
613,0.0,0.0,4.1995,4.1995,4.1995,0.0,1227.0,247,4.1995,4.1995,0.0,300.0,61,0.7935010589470577,-80.0,0.1550489166666666
614,1.475409836058696e-09,-7.810249675948984,4.1995,4.1992,4.199495081967213,61.00000000045582,1173.0,236,4.1995,4.1995,0.0,300.0,61,0.7897578538218052,-81.0,0.1543175
615,6.885245901607251e-09,-3.12521349870969,4.1995,4.1992,4.199475409836066,8.029264423614334,1249.0,251,4.1995,4.1995,0.0,300.0,61,0.7922959717932555,-82.0,0.1548134444444444
616,9.295081967169792e-09,-2.478794301463354,4.1995,4.1992,4.199465573770492,4.283858877676468,1150.0,231,4.1995,4.1973,-0.0021999999999993,300.0,61,0.7872166083385719,-83.0,0.1538209444444444
617,2.901639344248769e-09,-5.3804968698256745,4.1995,4.1992,4.199490163934426,27.862683137098003,1182.0,238,4.1995,4.1995,0.0,300.0,61,0.7869972560348895,-84.0,0.1537780833333333
618,2.1491803278588347e-08,-0.5202643571708596,4.1995,4.1992,4.199386885245902,-1.789109905342892,1249.0,251,4.1995,4.1995,0.0,300.0,61,0.7909994759996166,-85.0,0.1545601111111111
619,5.606557377023047e-09,-3.599125388730193,4.1995,4.1992,4.199480327868852,11.32409486610293,1261.0,254,4.1995,4.1979,-0.0015999999999998,300.0,61,0.7920965218372823,-86.0,0.1547744722222222
620,2.0655737704821752e-08,0.6722061615570092,4.1995,4.1992,4.199303278688525,-1.6017784086272902,1185.0,239,4.1995,4.1995,0.0,300.0,61,0.791385439385552,-87.0,0.1546355277777777
621,2.28688524589098e-08,-0.0336238203770225,4.1995,4.1992,4.199352459016394,-2.0677966101688967,1273.0,256,4.1992,4.1979,-0.0013000000000005,300.0,61,0.791619007651884,-88.0,0.1546811666666666
622,2.0163934426135532e-08,0.7519706664910636,4.1995,4.1992,4.199298360655738,-1.484326666765658,1258.0,253,4.1992,4.1992,0.0,300.0,61,0.7894512155074545,-89.0,0.1542575833333333
623,2.2377049180223572e-08,-0.3059217425291323,4.1995,4.1992,4.199372131147541,-1.9722031329251817,1264.0,254,4.1992,4.1976,-0.0015999999999998,300.0,61,0.7875653259023654,-90.0,0.1538890833333333
624,2.1098360655639365e-08,-0.5951052868532198,4.1995,4.1992,4.199391803278688,-1.7028033334289547,1259.0,253,4.1992,4.1992,0.0,300.0,61,0.7883607090126076,-91.0,0.1540445
625,2.2573770491698057e-08,-0.2369000925922354,4.1995,4.1992,4.199367213114754,-2.0109403590000223,1205.0,242,4.1995,4.1976,-0.0018999999999991,300.0,61,0.7885237661041979,-92.0,0.1540763611111111
626,2.28688524589098e-08,0.0336238203770225,4.1995,4.1992,4.199347540983606,-2.0677966101688967,1309.0,263,4.1992,4.1992,0.0,300.0,61,0.794014965996839,-93.0,0.1551493333333333
627,2.0655737704821746e-08,-0.6722061615761775,4.1995,4.1992,4.199396721311476,-1.601778408609526,1160.0,233,4.1992,4.1992,0.0,300.0,61,0.787979863373226,-94.0,0.1539700833333333
628,1.7704918032704365e-08,1.1082054477368235,4.1995,4.1992,4.19927868852459,-0.7991915059279453,1291.0,260,4.1995,4.1979,-0.0015999999999998,300.0,61,0.7936369635499875,-95.0,0.1550754722222222
629,9.295081967169792e-09,-2.478794301463354,4.1995,4.1992,4.199465573770492,4.283858877676468,1247.0,251,4.1995,4.1995,0.0,300.0,61,0.7894975595456919,-96.0,0.1542666388888889
630,1.2540983606498916e-08,-1.86160398407002,4.1995,4.1992,4.199450819672131,1.514147213525615,1275.0,257,4.1995,4.1992,-0.0002999999999993,300.0,61,0.7871630141593831,-97.0,0.1538104722222222
631,2.2819672131041168e-08,-0.1009801002872351,4.1995,4.1992,4.19935737704918,-2.0584226808276167,1228.0,247,4.1992,4.1995,0.0002999999999993,300.0,61,0.7859785401514228,-98.0,0.1535790277777778
632,1.1508196721257831e-08,-2.0381402237687776,4.1995,4.1992,4.199455737704918,2.225943742623145,1314.0,264,4.1995,4.1995,0.0,300.0,61,0.7912053231387822,-99.0,0.1546003333333333
633,1.0426229508148128e-08,2.240877502749857,4.1995,4.1992,4.199239344262295,3.122884112848615,1194.0,240,4.1992,4.1992,0.0,300.0,61,0.7839231962715509,-100.0,0.1531774166666666
634,2.109836065563936e-08,0.595105286872186,4.1995,4.1992,4.199308196721311,-1.7028033334133943,1193.0,240,4.1992,4.1992,0.0,300.0,61,0.7865426295493568,-101.0,0.15368925
635,2.1836065573668712e-08,-0.4473272967633674,4.1995,4.1992,4.199381967213114,-1.8620768635476088,1242.0,250,4.1995,4.1992,-0.0002999999999993,300.0,61,0.7898457084709795,-102.0,0.1543346666666666
636,8.114754098322835e-09,-2.765843744567459,4.1995,4.1992,4.199470491803278,5.840391052494157,1309.0,263,4.1995,4.1992,-0.0002999999999993,300.0,61,0.7882927567111427,-103.0,0.1540312222222222
637,1.8393442622865082e-08,-1.0122819576212063,4.1995,4.1992,4.199416393442623,-1.0094950258931754,1270.0,255,4.1995,4.1787,-0.0207999999999994,300.0,61,0.7889745542798151,-104.0,0.1541644444444444
638,2.2573770491698057e-08,-0.2369000925738997,4.1995,4.1992,4.199367213114753,-2.0109403590060095,1250.0,252,4.1992,4.1992,0.0,300.0,61,0.7865449041033808,-105.0,0.1536896944444444
639,6.885245901607251e-09,-3.125213498709689,4.1995,4.1992,4.199475409836066,8.029264423614336,1209.0,243,4.1995,4.1995,0.0,300.0,61,0.7853745038984435,-106.0,0.153461
640,2.901639344248769e-09,-5.3804968698256745,4.1995,4.1992,4.199490163934426,27.862683137098003,1353.0,272,4.1995,4.1995,0.0,300.0,61,0.7895090744754379,-107.0,0.1542688888888888
641,1.9622950819580676e-08,-0.8348624372805171,4.1995,4.1992,4.19940655737705,-1.348329913007616,1246.0,251,4.1995,4.1995,0.0,300.0,61,0.7822816790644077,-108.0,0.1528566666666666
642,1.696721311467501e-08,-1.2101123118312045,4.1995,4.1992,4.199426229508197,-0.5549259268369999,1222.0,246,4.1995,4.1995,0.0,300.0,61,0.7838438711999665,-109.0,0.1531619166666666
643,6.885245901607251e-09,-3.12521349870969,4.1995,4.1992,4.199475409836066,8.029264423614336,1286.0,259,4.1995,4.1995,0.0,300.0,61,0.7836107294125139,-110.0,0.1531163611111111
644,1.8393442622865092e-08,-1.0122819576008928,4.1995,4.1992,4.199416393442622,-1.009495025921523,1192.0,240,4.1995,4.1995,0.0,300.0,61,0.7810804302205208,-111.0,0.1526219444444444
645,2.2131147540880448e-08,0.3759758600740812,4.1995,4.1992,4.199322950819672,-1.9228131696887032,1313.0,264,4.1992,4.1995,0.0002999999999993,300.0,61,0.7858167624964708,-112.0,0.1535474166666666
646,2.2573770491698057e-08,-0.2369000925738997,4.1995,4.1992,4.199367213114753,-2.0109403590060095,1300.0,261,4.1995,4.1995,0.0,300.0,61,0.7872136229864155,-113.0,0.1538203611111111
647,1.8393442622865082e-08,1.012281957621206,4.1995,4.1992,4.199283606557377,-1.009495025893175,1272.0,256,4.1992,4.1992,0.0,300.0,61,0.7870276781949594,-114.0,0.1537840277777777
648,2.2573770491698057e-08,-0.2369000925738995,4.1995,4.1992,4.199367213114753,-2.010940359006011,1337.0,269,4.1992,4.1992,0.0,300.0,61,0.7878554737000425,-115.0,0.1539457777777777
649,1.2540983606498924e-08,1.8616039840454175,4.1995,4.1992,4.19924918032787,1.5141472134624765,1237.0,249,4.1992,4.1995,0.0002999999999993,300.0,61,0.7879296810250732,-116.0,0.1539602777777777
650,2.149180327858835e-08,0.5202643571708595,4.1995,4.1992,4.199313114754098,-1.7891099053428916,1330.0,268,4.1995,4.1995,0.0,300.0,61,0.7886350770917437,-117.0,0.1540981111111111
651,1.6967213114675017e-08,-1.2101123118100543,4.1995,4.1992,4.199426229508196,-0.5549259268722828,1305.0,262,4.1995,4.1995,0.0,300.0,61,0.7883641208436434,-118.0,0.1540451666666666
652,2.0163934426135532e-08,0.7519706664910641,4.1995,4.1992,4.199298360655738,-1.484326666765657,1326.0,267,4.1992,4.1992,0.0,300.0,61,0.7924139642832467,-119.0,0.1548365
653,2.1098360655639365e-08,-0.5951052868532198,4.1995,4.1992,4.199391803278688,-1.7028033334289547,1323.0,266,4.1995,4.1992,-0.0002999999999993,300.0,61,0.7881655238454294,-120.0,0.1540063611111111
654,8.114754098322833e-09,-2.76584374459804,4.1995,4.1992,4.199470491803279,5.8403910526107605,1280.0,258,4.1995,4.1995,0.0,300.0,61,0.7876649798005386,-121.0,0.1539085555555555
655,2.0163934426135532e-08,-0.7519706664910641,4.1995,4.1992,4.199401639344262,-1.484326666765657,1329.0,267,4.1995,4.1995,0.0,300.0,61,0.788360851172234,-122.0,0.1540445277777777
656,1.0426229508148125e-08,-2.2408775027228804,4.1995,4.1992,4.199460655737704,3.1228841127652753,1290.0,260,4.1995,4.1995,0.0,300.0,61,0.7901999702602062,-123.0,0.1544038888888889
657,1.2540983606498916e-08,-1.8616039840700205,4.1995,4.1992,4.199450819672131,1.5141472135256144,1354.0,272,4.1992,4.1995,0.0002999999999993,300.0,61,0.7890345456421962,-124.0,0.1541761666666666
658,5.6065573770230465e-09,-3.5991253887301924,4.1995,4.1992,4.199480327868852,11.32409486610293,1298.0,261,4.1995,4.1995,0.0,300.0,61,0.7886018117391439,-125.0,0.1540916111111111
659,6.885245901607251e-09,-3.12521349870969,4.1995,4.1992,4.199475409836066,8.029264423614336,1289.0,259,4.1995,4.1995,0.0,300.0,61,0.7821919763400891,-126.0,0.1528391388888889
660,1.475409836058696e-09,-7.81024967594898,4.1995,4.1992,4.199495081967213,61.00000000045575,1318.0,265,4.1995,4.1781,-0.0213999999999998,300.0,61,0.7833096353235965,-127.0,0.1530575277777777
661,4.278688524570219e-09,-4.275398459367965,4.1995,4.1992,4.199485245901639,16.830044942404598,1295.0,261,4.1995,4.1784,-0.0210999999999996,300.0,61,0.7898216834941016,-128.0,0.1543299722222222
662,9.295081967169792e-09,-2.478794301463353,4.1995,4.1992,4.199465573770492,4.283858877676468,1323.0,266,4.1995,4.1995,0.0,300.0,61,0.7874217446796048,-129.0,0.1538610277777777
663,2.2573770491698063e-08,-0.2369000925922351,4.1995,4.1992,4.199367213114754,-2.0109403590000223,1358.0,273,4.1992,4.1995,0.0002999999999993,300.0,61,0.7889837946555373,-130.0,0.15416625
664,6.885245901607252e-09,-3.1252134986764855,4.1995,4.1992,4.199475409836065,8.02926442347129,1356.0,273,4.1995,4.1995,0.0,300.0,61,0.7868906363150178,-131.0,0.15375725
665,1.3524590163871392e-08,-1.7051861374731505,4.1995,4.1992,4.199445901639344,0.9373147016904158,1250.0,252,4.1995,4.1778,-0.0216999999999991,300.0,61,0.7834209463111425,-132.0,0.1530792777777777
666,0.0,0.0,4.1995,4.1995,4.1995,0.0,1353.0,272,4.1995,4.1992,-0.0002999999999993,300.0,61,0.7884189944594706,-133.0,0.1540558888888888
667,6.885245901607251e-09,-3.125213498709689,4.1995,4.1992,4.199475409836066,8.029264423614336,1409.0,283,4.1995,4.1982,-0.0012999999999996,300.0,61,0.7889785347493569,-134.0,0.1541652222222222
668,6.885245901607251e-09,-3.125213498676489,4.1995,4.1992,4.199475409836065,8.0292644234713,1314.0,264,4.1995,4.1995,0.0,300.0,61,0.7882957420632992,-135.0,0.1540318055555555
669,1.3524590163871388e-08,-1.7051861374731507,4.1995,4.1992,4.199445901639344,0.9373147016904192,1353.0,272,4.1995,4.1995,0.0,300.0,61,0.7906258805011867,-136.0,0.1544871111111111
670,1.5344262295010444e-08,-1.4366940083371431,4.1995,4.1992,4.19943606557377,0.0651328507700745,1339.0,269,4.1995,4.1995,0.0,300.0,61,0.7872886832692051,-137.0,0.1538350277777777
671,1.3524590163871392e-08,-1.7051861374731514,4.1995,4.1992,4.199445901639344,0.9373147016904192,1390.0,279,4.1992,4.1995,0.0002999999999993,300.0,61,0.7861643427832523,-138.0,0.1536153333333333
672,5.606557377023046e-09,-3.5991253887301933,4.1995,4.1992,4.199480327868852,11.324094866102936,1380.0,278,4.1995,4.1973,-0.0021999999999993,300.0,61,0.785904901464898,-139.0,0.1535646388888888
673,0.0,0.0,4.1995,4.1995,4.1995,0.0,1361.0,274,4.1995,4.1995,0.0,300.0,61,0.7840019527046296,-140.0,0.1531928055555555
674,4.278688524570219e-09,-4.275398459367965,4.1995,4.1992,4.199485245901639,16.830044942404605,1304.0,262,4.1995,4.1995,0.0,300.0,61,0.7811426961369259,-141.0,0.1526341111111111
675,9.295081967169788e-09,-2.4787943014633544,4.1995,4.1992,4.199465573770492,4.283858877676472,1343.0,270,4.1995,4.1784,-0.0210999999999996,300.0,61,0.7792393208977778,-142.0,0.1522621944444444
676,5.606557377023047e-09,-3.5991253887301924,4.1995,4.1992,4.199480327868852,11.32409486610293,1459.0,293,4.1995,4.1995,0.0,300.0,61,0.7823477832907281,-143.0,0.1528695833333333
677,0.0,0.0,4.1995,4.1995,4.1995,0.0,1373.0,276,4.1995,4.1995,0.0,300.0,61,0.7814646876909381,-144.0,0.1526970277777777
678,6.885245901607251e-09,-3.12521349870969,4.1995,4.1992,4.199475409836066,8.029264423614336,1331.0,268,4.1995,4.1995,0.0,300.0,61,0.7810319537878858,-145.0,0.1526124722222222
679,1.475409836058696e-09,-7.810249675948984,4.1995,4.1992,4.199495081967213,61.00000000045582,1368.0,275,4.1995,4.1995,0.0,300.0,61,0.7790263657772876,-146.0,0.1522205833333333
680,1.475409836058696e-09,-7.810249675948984,4.1995,4.1992,4.199495081967213,61.00000000045582,1381.0,278,4.1995,4.1781,-0.0213999999999998,300.0,61,0.7738992366881016,-147.0,0.15121875
681,0.0,0.0,4.1995,4.1995,4.1995,0.0,1358.0,273,4.1995,4.1995,0.0,300.0,61,0.7762851016995752,-148.0,0.1516849444444444
682,0.0,0.0,4.1995,4.1995,4.1995,0.0,1321.0,266,4.1995,4.1995,0.0,300.0,61,0.7737607732118948,-149.0,0.1511916944444444
683,0.0,0.0,4.1995,4.1995,4.1995,0.0,1383.0,278,4.1995,4.1995,0.0,300.0,61,0.7797620418444017,-150.0,0.1523643333333333
684,1.475409836058696e-09,-7.81024967594898,4.1995,4.1992,4.199495081967213,61.00000000045575,1327.0,267,4.1995,4.1995,0.0,300.0,61,0.7777959742099692,-151.0,0.1519801666666666
685,4.2786885245702195e-09,-4.275398459367966,4.1995,4.1992,4.199485245901639,16.830044942404605,1491.0,300,4.1995,4.1995,0.0,300.0,61,0.7832163786086155,-152.0,0.1530393055555555
686,8.114754098322833e-09,-2.765843744567459,4.1995,4.1992,4.199470491803278,5.840391052494155,1368.0,275,4.1995,4.1995,0.0,300.0,61,0.7737309196903308,-153.0,0.1511858611111111
687,0.0,0.0,4.1995,4.1995,4.1995,0.0,1455.0,293,4.1995,4.1995,0.0,300.0,61,0.7747834695649034,-154.0,0.1513915277777777
688,0.0,0.0,4.1995,4.1995,4.1995,0.0,1399.0,281,4.1995,4.1995,0.0,300.0,61,0.7745828823319182,-155.0,0.1513523333333333
689,0.0,0.0,4.1995,4.1995,4.1995,0.0,1413.0,284,4.1995,4.1995,0.0,300.0,61,0.7733992612817169,-156.0,0.1511210555555555
690,1.475409836058696e-09,-7.810249675948979,4.1995,4.1992,4.199495081967213,61.00000000045576,1324.0,266,4.1995,4.197,-0.0024999999999995,300.0,61,0.769855363952811,-157.0,0.1504285833333333
691,0.0,0.0,4.1995,4.1995,4.1995,0.0,1338.0,269,4.1995,4.1995,0.0,300.0,61,0.7715692404098405,-158.0,0.1507634722222222
692,0.0,0.0,4.1995,4.1995,4.1995,0.0,1341.0,270,4.1995,4.1995,0.0,300.0,61,0.7725333669967329,-159.0,0.1509518611111111
693,0.0,0.0,4.1995,4.1995,4.1995,0.0,1410.0,283,4.1995,4.1995,0.0,300.0,61,0.7688711928585827,-160.0,0.1502362777777778
694,5.606557377023047e-09,-3.599125388730193,4.1995,4.1992,4.199480327868852,11.324094866102932,1377.0,277,4.1995,4.1995,0.0,300.0,61,0.7698678739999426,-161.0,0.1504310277777777
695,0.0,0.0,4.1995,4.1995,4.1995,0.0,1353.0,272,4.1995,4.1995,0.0,300.0,61,0.7681957924731028,-162.0,0.1501043055555555
696,0.0,0.0,4.1995,4.1995,4.1995,0.0,1445.0,291,4.1995,4.1995,0.0,300.0,61,0.7723125930967855,-163.0,0.1509087222222222
697,0.0,0.0,4.1995,4.1995,4.1995,0.0,1408.0,283,4.1995,4.1995,0.0,300.0,61,0.7699854400110543,-164.0,0.150454
698,0.0,0.0,4.1995,4.1995,4.1995,0.0,1408.0,283,4.1995,4.1995,0.0,300.0,61,0.7661766992979873,-165.0,0.1497097777777777
699,0.0,0.0,4.1995,4.1995,4.1995,0.0,1355.0,273,4.1995,4.1995,0.0,300.0,61,0.7637679465866478,-166.0,0.1492391111111111
700,0.0,0.0,4.1995,4.1995,4.1995,0.0,1366.0,275,4.1995,4.1995,0.0,300.0,61,0.7608312130225042,-167.0,0.1486652777777778
701,0.0,0.0,4.1995,4.1995,4.1995,0.0,1380.0,277,4.1995,4.1995,0.0,300.0,61,0.7666000506656908,-168.0,0.1497925
702,0.0,0.0,4.1995,4.1995,4.1995,0.0,1342.0,270,4.1995,4.1995,0.0,300.0,61,0.7607462015658598,-169.0,0.1486486666666666
703,0.0,0.0,4.1995,4.1995,4.1995,0.0,1363.0,274,4.1995,4.1995,0.0,300.0,61,0.7623462081620666,-170.0,0.1489613055555555
704,1.475409836058696e-09,-7.810249675948984,4.1995,4.1992,4.199495081967213,61.00000000045582,1425.0,287,4.1995,4.1995,0.0,300.0,61,0.7578351988941119,-171.0,0.1480798611111111
705,0.0,0.0,4.1995,4.1995,4.1995,0.0,1352.0,272,4.1995,4.1995,0.0,300.0,61,0.7606260766814712,-172.0,0.1486251944444444
706,0.0,0.0,4.1995,4.1995,4.1995,0.0,1412.0,284,4.1995,4.1772,-0.0222999999999995,300.0,61,0.7611833424173334,-173.0,0.1487340833333333
707,0.0,0.0,4.1995,4.1995,4.1995,0.0,1320.0,266,4.1995,4.1967,-0.0027999999999996,300.0,61,0.757816860302294,-174.0,0.1480762777777778
708,0.0,0.0,4.1995,4.1995,4.1995,0.0,1416.0,285,4.1995,4.1781,-0.0213999999999998,300.0,61,0.7552939534108787,-175.0,0.1475833055555555
709,0.0,0.0,4.1995,4.1995,4.1995,0.0,1285.0,259,4.1995,4.1995,0.0,300.0,61,0.7509502660233089,-176.0,0.1467345555555555
710,1.475409836058696e-09,-7.81024967594898,4.1995,4.1992,4.199495081967213,61.00000000045575,1292.0,260,4.1995,4.1995,0.0,300.0,61,0.7492734932287948,-177.0,0.1464069166666666
711,1.9032786885157186e-08,-0.921420901144874,4.1995,4.1992,4.199411475409836,-1.191152551418375,1356.0,273,4.1995,4.1995,0.0,300.0,61,0.7507724243305631,-178.0,0.1466998055555555
712,0.0,0.0,4.1995,4.1995,4.1995,0.0,1331.0,268,4.1995,4.1995,0.0,300.0,61,0.74865467237466,-179.0,0.146286
713,1.475409836058696e-09,-7.810249675948985,4.1995,4.1992,4.199495081967213,61.00000000045582,1400.0,282,4.1995,4.1995,0.0,300.0,61,0.7516552356111001,-180.0,0.1468723055555555
714,6.885245901607251e-09,-3.12521349870969,4.1995,4.1992,4.199475409836066,8.029264423614336,1453.0,292,4.1992,4.1995,0.0002999999999993,300.0,61,0.7529544324376424,-181.0,0.1471261666666666
715,1.475409836058696e-09,-7.810249675948984,4.1995,4.1992,4.199495081967213,61.00000000045582,1436.0,289,4.1995,4.1995,0.0,300.0,61,0.7521904666048556,-182.0,0.1469768888888888
716,6.885245901607251e-09,-3.12521349870969,4.1995,4.1992,4.199475409836066,8.029264423614336,1385.0,278,4.1995,4.1995,0.0,300.0,61,0.753060483519008,-183.0,0.1471468888888888
717,0.0,0.0,4.1995,4.1995,4.1995,0.0,1408.0,283,4.1995,4.1995,0.0,300.0,61,0.7564997513628132,-184.0,0.1478189166666666
718,0.0,0.0,4.1995,4.1995,4.1995,0.0,1405.0,283,4.1995,4.1995,0.0,300.0,61,0.7516587896017626,-185.0,0.146873
719,1.475409836058696e-09,-7.81024967594898,4.1995,4.1992,4.199495081967213,61.00000000045575,1427.0,287,4.1995,4.1772,-0.0222999999999995,300.0,61,0.7533907203313571,-186.0,0.1472114166666666
720,2.901639344248769e-09,-5.3804968698256745,4.1995,4.1992,4.199490163934426,27.862683137098003,1424.0,286,4.1995,4.1775,-0.0219999999999993,300.0,61,0.7544334611917013,-187.0,0.1474151666666666
721,1.475409836058696e-09,-7.810249675948984,4.1995,4.1992,4.199495081967213,61.00000000045582,1431.0,288,4.1995,4.1995,0.0,300.0,61,0.753313811973423,-188.0,0.1471963888888889
722,2.90163934424877e-09,-5.38049686982567,4.1995,4.1992,4.199490163934426,27.862683137097996,1423.0,286,4.1995,4.1995,0.0,300.0,61,0.7512436834923957,-189.0,0.1467918888888889
723,1.475409836058696e-09,-7.810249675948984,4.1995,4.1992,4.199495081967213,61.00000000045582,1395.0,280,4.1992,4.1995,0.0002999999999993,300.0,61,0.7493694509766793,-190.0,0.1464256666666666
724,5.6065573770230465e-09,-3.5991253887301924,4.1995,4.1992,4.199480327868852,11.324094866102929,1464.0,294,4.1995,4.1995,0.0,300.0,61,0.7551141214833618,-191.0,0.1475481666666666
725,0.0,0.0,4.1995,4.1995,4.1995,0.0,1434.0,289,4.1995,4.1883,-0.0111999999999996,300.0,61,0.75760689053396,-192.0,0.1480352499999999
726,0.0,0.0,4.1995,4.1995,4.1995,0.0,1478.0,297,4.1995,4.1995,0.0,300.0,61,0.7562430110773625,-193.0,0.14776875
727,2.901639344265952e-09,5.380496869776207,4.1998,4.1995,4.199509836065574,27.86268313673108,1445.0,290,4.1995,4.1995,0.0,300.0,61,0.7524170690494894,-194.0,0.1470211666666666
728,0.0,0.0,4.1995,4.1995,4.1995,0.0,1361.0,274,4.1995,4.1995,0.0,300.0,61,0.7495698960500379,-195.0,0.1464648333333333
729,0.0,0.0,4.1995,4.1995,4.1995,0.0,1350.0,271,4.1995,4.1765,-0.0229999999999996,300.0,61,0.7491027595173738,-196.0,0.1463735555555555
730,2.901639344265952e-09,5.380496869776207,4.1998,4.1995,4.199509836065574,27.86268313673108,1407.0,283,4.1995,4.1995,0.0,300.0,61,0.7490649450567259,-197.0,0.1463661666666666
731,4.278688524595554e-09,4.275398459370035,4.1998,4.1995,4.19951475409836,16.830044942416812,1451.0,292,4.1995,4.1995,0.0,300.0,61,0.7482387133075342,-198.0,0.1462047222222222
732,0.0,0.0,4.1995,4.1995,4.1995,0.0,1442.0,290,4.1995,4.1973,-0.0021999999999993,300.0,61,0.7492368160451591,-199.0,0.14639975
733,0.0,0.0,4.1995,4.1995,4.1995,0.0,1385.0,278,4.1995,4.1995,0.0,300.0,61,0.7431984437501368,-200.0,0.1452198611111111
734,0.0,0.0,4.1995,4.1995,4.1995,0.0,1446.0,291,4.1995,4.1995,0.0,300.0,61,0.7475881908566909,-201.0,0.1460776111111111
735,0.0,0.0,4.1995,4.1995,4.1995,0.0,1397.0,281,4.1995,4.1995,0.0,300.0,61,0.7411519137671079,-202.0,0.1448199722222222
736,0.0,0.0,4.1995,4.1995,4.1995,0.0,1509.0,303,4.1995,4.1995,0.0,300.0,61,0.7451898157980856,-203.0,0.1456089722222222
737,1.4754098360674323e-09,7.810249675878442,4.1998,4.1995,4.199504918032787,60.99999999969619,1522.0,306,4.1995,4.1995,0.0,300.0,61,0.7467535716895358,-204.0,0.1459145277777777
738,0.0,0.0,4.1995,4.1995,4.1995,0.0,1527.0,307,4.1995,4.1995,0.0,300.0,61,0.7468473970430229,-205.0,0.1459328611111111
739,0.0,0.0,4.1995,4.1995,4.1995,0.0,1479.0,297,4.1995,4.1995,0.0,300.0,61,0.7460457589092149,-206.0,0.1457762222222222
740,0.0,0.0,4.1995,4.1995,4.1995,0.0,1562.0,315,4.1995,4.1889,-0.0105999999999992,300.0,61,0.7485533125609687,-207.0,0.1462661944444444
741,1.475409836058696e-09,-7.810249675948979,4.1995,4.1992,4.199495081967213,61.00000000045576,1532.0,308,4.1995,4.1995,0.0,300.0,61,0.7475913183684737,-208.0,0.1460782222222222
742,0.0,0.0,4.1995,4.1995,4.1995,0.0,1598.0,321,4.1995,4.1995,0.0,300.0,61,0.7483242934026844,-209.0,0.1462214444444444
743,0.0,0.0,4.1995,4.1995,4.1995,0.0,1596.0,321,4.1995,4.1995,0.0,300.0,61,0.7492318404582318,-210.0,0.1463987777777778
744,0.0,0.0,4.1995,4.1995,4.1995,0.0,1507.0,303,4.1995,4.1973,-0.0021999999999993,300.0,61,0.7426831151040907,-211.0,0.1451191666666666
745,0.0,0.0,4.1995,4.1995,4.1995,0.0,1588.0,319,4.1995,4.1772,-0.0222999999999995,300.0,61,0.7400079552526987,-212.0,0.1445964444444444
746,0.0,0.0,4.1995,4.1995,4.1995,0.0,1558.0,313,4.1995,4.1995,0.0,300.0,61,0.7389146055653221,-213.0,0.1443828055555555
747,0.0,0.0,4.1995,4.1995,4.1995,0.0,1424.0,286,4.1995,4.1995,0.0,300.0,61,0.7313571155015689,-214.0,0.1429060833333333
748,0.0,0.0,4.1995,4.1995,4.1995,0.0,1439.0,289,4.1995,4.1995,0.0,300.0,61,0.7295993117199524,-215.0,0.1425626111111111
749,0.0,0.0,4.1995,4.1995,4.1995,0.0,1469.0,295,4.1995,4.1995,0.0,300.0,61,0.7271494748765556,-216.0,0.1420839166666666
750,0.0,0.0,4.1995,4.1995,4.1995,0.0,1479.0,297,4.1995,4.1765,-0.0229999999999996,300.0,61,0.7264473484812946,-217.0,0.1419467222222222
751,0.0,0.0,4.1995,4.1995,4.1995,0.0,1479.0,297,4.1995,4.1995,0.0,300.0,61,0.7247944585040315,-218.0,0.14162375
752,0.0,0.0,4.1995,4.1995,4.1995,0.0,1531.0,308,4.1995,4.1995,0.0,300.0,61,0.72497301099491,-219.0,0.1416586388888889
753,0.0,0.0,4.1995,4.1995,4.1995,0.0,1490.0,300,4.1995,4.1995,0.0,300.0,61,0.7200629596553824,-220.0,0.1406992222222222
754,0.0,0.0,4.1995,4.1995,4.1995,0.0,1532.0,308,4.1995,4.1995,0.0,300.0,61,0.7235731651528089,-221.0,0.1413851111111111
755,0.0,0.0,4.1995,4.1995,4.1995,0.0,1503.0,302,4.1995,4.1995,0.0,300.0,61,0.7218365431555399,-222.0,0.1410457777777777
756,1.4754098360674323e-09,7.810249675878441,4.1998,4.1995,4.199504918032787,60.99999999969619,1409.0,283,4.1995,4.1995,0.0,300.0,61,0.7158509120819477,-223.0,0.1398761944444444
757,0.0,0.0,4.1995,4.1995,4.1995,0.0,1537.0,309,4.1995,4.1995,0.0,300.0,61,0.7196849572085309,-224.0,0.1406253611111111
758,0.0,0.0,4.1995,4.1995,4.1995,0.0,1546.0,311,4.1995,4.1995,0.0,300.0,61,0.7187336249880231,-225.0,0.1404394722222222
759,0.0,0.0,4.1995,4.1995,4.1995,0.0,1477.0,297,4.1995,4.1995,0.0,300.0,61,0.716968002426949,-226.0,0.1400944722222222
760,0.0,0.0,4.1995,4.1995,4.1995,0.0,1438.0,289,4.1995,4.1995,0.0,300.0,61,0.7180232533344252,-227.0,0.1403006666666666
761,0.0,0.0,4.1995,4.1995,4.1995,0.0,1478.0,297,4.1995,4.197,-0.0024999999999995,300.0,61,0.7166450157555514,-228.0,0.1400313611111111
762,0.0,0.0,4.1995,4.1995,4.1995,0.0,1452.0,292,4.1995,4.1995,0.0,300.0,61,0.71281779429104,-229.0,0.1392835277777777
763,0.0,0.0,4.1995,4.1995,4.1995,0.0,1423.0,286,4.1995,4.1995,0.0,300.0,61,0.715723394896981,-230.0,0.1398512777777777
764,0.0,0.0,4.1995,4.1995,4.1995,0.0,1479.0,297,4.1995,4.1995,0.0,300.0,61,0.7111319232804301,-231.0,0.1389541111111111
765,0.0,0.0,4.1995,4.1995,4.1995,0.0,1529.0,307,4.1995,4.1995,0.0,300.0,61,0.711430600655697,-232.0,0.1390124722222222
766,0.0,0.0,4.1995,4.1995,4.1995,0.0,1472.0,296,4.1995,4.1995,0.0,300.0,61,0.7100402795085713,-233.0,0.1387408055555555
767,0.0,0.0,4.1995,4.1995,4.1995,0.0,1564.0,314,4.1995,4.1995,0.0,300.0,61,0.7113615110772202,-234.0,0.1389989722222222
768,0.0,0.0,4.1995,4.1995,4.1995,0.0,1467.0,295,4.1995,4.1995,0.0,300.0,61,0.7094568564014339,-235.0,0.1386268055555555
769,1.475409836058696e-09,-7.810249675948979,4.1995,4.1992,4.199495081967213,61.00000000045576,1433.0,288,4.1995,4.1762,-0.0232999999999998,300.0,61,0.7034317049516757,-236.0,0.1374495
770,2.9016393442487692e-09,-5.380496869825677,4.1995,4.1992,4.199490163934426,27.862683137098003,1488.0,299,4.1995,4.1995,0.0,300.0,61,0.7059088364433596,-237.0,0.1379335277777778
771,2.901639344248769e-09,-5.380496869825674,4.1995,4.1992,4.199490163934426,27.862683137098003,1536.0,309,4.1995,4.1995,0.0,300.0,61,0.706931248477115,-238.0,0.1381333055555555
772,0.0,0.0,4.1995,4.1995,4.1995,0.0,1568.0,315,4.1995,4.1995,0.0,300.0,61,0.7041533072157667,-239.0,0.1375905
773,2.901639344248769e-09,-5.3804968698256745,4.1995,4.1992,4.199490163934426,27.862683137098003,1424.0,286,4.1995,4.1995,0.0,300.0,61,0.7016439054888685,-240.0,0.1371001666666666
774,0.0,0.0,4.1995,4.1995,4.1995,0.0,1476.0,297,4.1995,4.1967,-0.0027999999999996,300.0,61,0.7042243870290144,-241.0,0.1376043888888888
775,0.0,0.0,4.1995,4.1995,4.1995,0.0,1465.0,295,4.1995,4.1995,0.0,300.0,61,0.7018216050219879,-242.0,0.1371348888888889
776,0.0,0.0,4.1995,4.1995,4.1995,0.0,1413.0,284,4.1995,4.1995,0.0,300.0,61,0.6985527865703506,-243.0,0.1364961666666666
777,0.0,0.0,4.1995,4.1995,4.1995,0.0,1489.0,299,4.1995,4.1995,0.0,300.0,61,0.7026073212776285,-244.0,0.1372884166666667
778,6.885245901607251e-09,-3.125213498709691,4.1995,4.1992,4.199475409836066,8.029264423614343,1476.0,297,4.1995,4.1995,0.0,300.0,61,0.6982519768006862,-245.0,0.1364373888888888
779,6.885245901607251e-09,-3.12521349870969,4.1995,4.1992,4.199475409836066,8.029264423614336,1539.0,309,4.1995,4.1995,0.0,300.0,61,0.7005178590873977,-246.0,0.1368801388888889
780,2.109836065563936e-08,-0.5951052868532202,4.1995,4.1992,4.199391803278688,-1.7028033334289534,1642.0,330,4.1995,4.1992,-0.0002999999999993,300.0,61,0.7032729126488803,-247.0,0.1374184722222222
781,1.475409836058696e-09,-7.81024967594898,4.1995,4.1992,4.199495081967213,61.00000000045575,1515.0,305,4.1995,4.1995,0.0,300.0,61,0.6964739863521072,-248.0,0.1360899722222222
782,1.0426229508148125e-08,-2.240877502749859,4.1995,4.1992,4.199460655737705,3.1228841128486193,1463.0,294,4.1992,4.1995,0.0002999999999993,300.0,61,0.6976406904067556,-249.0,0.1363179444444444
783,6.885245901607252e-09,-3.125213498676485,4.1995,4.1992,4.199475409836065,8.029264423471288,1564.0,314,4.1995,4.1995,0.0,300.0,61,0.6954643686847363,-250.0,0.1358926944444444
784,4.278688524570219e-09,-4.275398459410082,4.1995,4.1992,4.19948524590164,16.830044942652812,1535.0,309,4.1992,4.1995,0.0002999999999993,300.0,61,0.6951494851120488,-251.0,0.1358311666666666
785,2.901639344248769e-09,-5.380496869825674,4.1995,4.1992,4.199490163934426,27.862683137098003,1537.0,309,4.1995,4.1995,0.0,300.0,61,0.6931568336274617,-252.0,0.1354418055555555
786,0.0,0.0,4.1995,4.1995,4.1995,0.0,1511.0,304,4.1995,4.1765,-0.0229999999999996,300.0,61,0.690935447303843,-253.0,0.1350077499999999
787,1.3524590163871392e-08,-1.7051861374731505,4.1995,4.1992,4.199445901639344,0.9373147016904158,1405.0,283,4.1992,4.1992,0.0,300.0,61,0.6916840598969684,-254.0,0.1351540277777777
788,8.114754098322835e-09,-2.765843744567459,4.1995,4.1992,4.199470491803278,5.840391052494157,1529.0,307,4.1995,4.1992,-0.0002999999999993,300.0,61,0.6954586822996766,-255.0,0.1358915833333333
789,2.1836065573668706e-08,0.4473272967820104,4.1995,4.1992,4.199318032786885,-1.8620768635361111,1572.0,316,4.1992,4.1995,0.0002999999999993,300.0,61,0.6933761859311441,-256.0,0.1354846666666666
790,1.770491803270436e-08,1.108205447736824,4.1995,4.1992,4.19927868852459,-0.7991915059279457,1508.0,303,4.1992,4.1995,0.0002999999999993,300.0,61,0.6888047588219289,-257.0,0.1345914166666666
791,2.2377049180223572e-08,0.3059217425291319,4.1995,4.1992,4.199327868852459,-1.9722031329251823,1496.0,301,4.1992,4.1995,0.0002999999999993,300.0,61,0.6869962040536532,-258.0,0.1342380277777777
792,1.770491803270436e-08,1.1082054477368235,4.1995,4.1992,4.19927868852459,-0.7991915059279457,1475.0,297,4.1992,4.1995,0.0002999999999993,300.0,61,0.6890007969468661,-259.0,0.1346297222222222
793,1.0426229508148125e-08,2.240877502749858,4.1995,4.1992,4.199239344262295,3.122884112848615,1547.0,311,4.1992,4.1992,0.0,300.0,61,0.692091347226878,-260.0,0.1352336111111111
794,6.885245901607251e-09,3.12521349870969,4.1995,4.1992,4.199224590163934,8.029264423614336,1524.0,306,4.1992,4.1992,0.0,300.0,61,0.6868830449909629,-261.0,0.1342159166666666
795,1.475409836058696e-09,7.810249675948984,4.1995,4.1992,4.199204918032787,61.00000000045582,1554.0,312,4.1992,4.1995,0.0002999999999993,300.0,61,0.689524939489755,-262.0,0.1347321388888889
796,0.0,0.0,4.1992,4.1992,4.1992,0.0,1502.0,302,4.1992,4.1992,0.0,300.0,61,0.6866918402933264,-263.0,0.1341785555555555
797,1.3524590163871392e-08,1.7051861374731514,4.1995,4.1992,4.199254098360655,0.9373147016904184,1590.0,319,4.1995,4.1992,-0.0002999999999993,300.0,61,0.6816184475429558,-264.0,0.1331872222222222
798,1.475409836058696e-09,7.810249675948983,4.1995,4.1992,4.199204918032787,61.00000000045575,1499.0,301,4.1992,4.1992,0.0,300.0,61,0.6830208522583336,-265.0,0.13346125
799,5.606557377023047e-09,3.599125388730193,4.1995,4.1992,4.199219672131147,11.32409486610293,1531.0,308,4.1992,4.1992,0.0,300.0,61,0.6824800770391448,-266.0,0.1333555833333333
800,4.27868852457022e-09,4.27539845941008,4.1995,4.1992,4.19921475409836,16.830044942652812,1536.0,309,4.1992,4.1992,0.0,300.0,61,0.6838837611911611,-267.0,0.1336298611111111
801,0.0,0.0,4.1992,4.1992,4.1992,0.0,1646.0,331,4.1992,4.1992,0.0,300.0,61,0.682390374314826,-268.0,0.1333380555555555
802,1.475409836058696e-09,7.810249675948984,4.1995,4.1992,4.199204918032787,61.00000000045582,1526.0,307,4.1992,4.1992,0.0,300.0,61,0.6765208876560805,-269.0,0.1321911666666666
803,1.475409836058696e-09,7.810249675948983,4.1995,4.1992,4.199204918032787,61.00000000045575,1591.0,320,4.1992,4.1992,0.0,300.0,61,0.6769263269108458,-270.0,0.1322703888888889
804,1.8393442622865092e-08,1.0122819576008928,4.1995,4.1992,4.199283606557378,-1.0094950259215223,1512.0,304,4.1995,4.1992,-0.0002999999999993,300.0,61,0.6721690971698008,-271.0,0.1313408333333333
805,2.901639344248769e-09,5.3804968698256745,4.1995,4.1992,4.199209836065574,27.862683137098003,1479.0,297,4.1992,4.1992,0.0,300.0,61,0.6737288725917093,-272.0,0.1316456111111111
806,0.0,0.0,4.1992,4.1992,4.1992,0.0,1558.0,313,4.1992,4.1992,0.0,300.0,61,0.6729623478856457,-273.0,0.1314958333333333
807,1.0426229508148125e-08,2.2408775027498584,4.1995,4.1992,4.199239344262295,3.122884112848615,1478.0,297,4.1992,4.1992,0.0,300.0,61,0.6711930291742828,-274.0,0.1311501111111111
808,1.475409836058696e-09,7.810249675948981,4.1995,4.1992,4.199204918032787,61.00000000045575,1514.0,304,4.1992,4.1992,0.0,300.0,61,0.6745481385192028,-275.0,0.1318056944444444
809,1.475409836058696e-09,7.810249675948984,4.1995,4.1992,4.199204918032787,61.00000000045582,1547.0,311,4.1995,4.1992,-0.0002999999999993,300.0,61,0.6709816378096841,-276.0,0.1311088055555555
810,1.475409836058696e-09,7.81024967594898,4.1995,4.1992,4.199204918032787,61.00000000045575,1556.0,313,4.1992,4.1992,0.0,300.0,61,0.6709608825042157,-277.0,0.13110475
811,0.0,0.0,4.1992,4.1992,4.1992,0.0,1514.0,304,4.1992,4.1992,0.0,300.0,61,0.6666161999992607,-278.0,0.1302558055555555
812,0.0,0.0,4.1992,4.1992,4.1992,0.0,1595.0,321,4.1992,4.1992,0.0,300.0,61,0.6674323384149714,-279.0,0.1304152777777777
813,1.2540983606498921e-08,1.8616039840700176,4.1995,4.1992,4.199249180327869,1.514147213525607,1551.0,312,4.1992,4.1967,-0.0025000000000003,300.0,61,0.6674321962553448,-280.0,0.1304152499999999
814,1.475409836058696e-09,7.810249675948985,4.1995,4.1992,4.199204918032787,61.00000000045582,1593.0,320,4.1992,4.1992,0.0,300.0,61,0.6675989494972241,-281.0,0.1304478333333333
815,6.885245901607251e-09,3.12521349870969,4.1995,4.1992,4.199224590163934,8.029264423614336,1537.0,309,4.1992,4.1992,0.0,300.0,61,0.6634677907512653,-282.0,0.1296406111111111
816,1.475409836058696e-09,7.810249675948979,4.1995,4.1992,4.199204918032787,61.00000000045576,1454.0,292,4.1992,4.1992,0.0,300.0,61,0.6570976178880027,-283.0,0.1283958888888889
817,8.114754098322836e-09,2.765843744567458,4.1995,4.1992,4.199229508196722,5.840391052494152,1456.0,293,4.1992,4.1992,0.0,300.0,61,0.6578651377114518,-284.0,0.1285458611111111
818,1.9032786885157193e-08,0.921420901124905,4.1995,4.1992,4.199288524590164,-1.1911525514437409,1537.0,309,4.1992,4.1992,0.0,300.0,61,0.6584708798799491,-285.0,0.1286642222222222
819,1.1508196721257836e-08,2.0381402237430963,4.1995,4.1992,4.199244262295083,2.225943742550985,1529.0,307,4.1992,4.1992,0.0,300.0,61,0.6592756455255399,-286.0,0.1288214722222222
820,9.295081967169792e-09,2.478794301463354,4.1995,4.1992,4.199234426229508,4.283858877676467,1535.0,309,4.1992,4.1992,0.0,300.0,61,0.6577235467234623,-287.0,0.1285181944444444
821,8.114754098322835e-09,2.765843744567459,4.1995,4.1992,4.199229508196722,5.840391052494157,1588.0,319,4.1992,4.1995,0.0002999999999993,300.0,61,0.6572599641814605,-288.0,0.1284276111111111
822,1.475409836058696e-09,7.810249675948984,4.1995,4.1992,4.199204918032787,61.00000000045582,1538.0,309,4.1992,4.1992,0.0,300.0,61,0.6564615957190618,-289.0,0.1282716111111111
823,8.114754098322835e-09,2.7658437445674595,4.1995,4.1992,4.199229508196722,5.840391052494155,1523.0,307,4.1992,4.1868,-0.0124000000000004,300.0,61,0.6525141072105353,-290.0,0.1275002777777777
824,2.901639344248769e-09,5.3804968698256745,4.1995,4.1992,4.199209836065574,27.86268313709801,1572.0,316,4.1992,4.1992,0.0,300.0,61,0.65343473295172,-291.0,0.1276801666666666
825,5.606557377023048e-09,3.599125388730193,4.1995,4.1992,4.199219672131147,11.32409486610293,1581.0,318,4.1992,4.1992,0.0,300.0,61,0.6531866644034854,-292.0,0.1276316944444444
826,1.2540983606498916e-08,1.8616039840700205,4.1995,4.1992,4.199249180327869,1.5141472135256144,1554.0,312,4.1992,4.1995,0.0002999999999993,300.0,61,0.6491534536401821,-293.0,0.1268436111111111
827,2.2819672131041168e-08,0.100980100287235,4.1995,4.1992,4.1993426229508195,-2.0584226808276167,1536.0,309,4.1995,4.1744,-0.0250999999999992,300.0,61,0.6419675688400882,-294.0,0.1254394999999999
828,4.2786885245702195e-09,4.275398459367966,4.1995,4.1992,4.199214754098361,16.830044942404605,1479.0,297,4.1992,4.1744,-0.0247999999999999,300.0,61,0.6445511778920172,-295.0,0.1259443333333333
829,2.109836065563936e-08,0.5951052868532202,4.1995,4.1992,4.1993081967213115,-1.7028033334289538,1466.0,295,4.1992,4.1995,0.0002999999999993,300.0,61,0.6378196352582031,-296.0,0.124629
830,1.9032786885157186e-08,0.9214209011448738,4.1995,4.1992,4.199288524590163,-1.191152551418375,1515.0,304,4.1992,4.1995,0.0002999999999993,300.0,61,0.6389616035378414,-297.0,0.1248521388888889
831,2.2868852458909792e-08,0.0336238203770224,4.1995,4.1992,4.199347540983606,-2.0677966101688954,1528.0,307,4.1992,4.1992,0.0,300.0,61,0.6416538225444128,-298.0,0.1253781944444444
832,2.0655737704821746e-08,0.6722061615761775,4.1995,4.1992,4.199303278688524,-1.6017784086095257,1549.0,311,4.1995,4.1992,-0.0002999999999993,300.0,61,0.643428401161956,-299.0,0.1257249444444444
833,1.4459016393375226e-08,1.5645937536900143,4.1995,4.1992,4.199259016393443,0.4620164839792884,1540.0,310,4.1995,4.1995,0.0,300.0,61,0.6411636561522563,-300.0,0.1252824166666666
834,6.885245901607251e-09,3.125213498709691,4.1995,4.1992,4.199224590163934,8.029264423614343,1599.0,321,4.1992,4.1992,0.0,300.0,61,0.6425379132615883,-301.0,0.1255509444444444
835,2.901639344248769e-09,5.3804968698256745,4.1995,4.1992,4.199209836065574,27.862683137098003,1641.0,330,4.1992,4.1992,0.0,300.0,61,0.6379386228655798,-302.0,0.1246522499999999
836,1.6967213114675017e-08,1.2101123118100543,4.1995,4.1992,4.1992737704918035,-0.5549259268722828,1595.0,321,4.1992,4.197,-0.0022000000000002,300.0,61,0.6381947945125247,-303.0,0.1247023055555555
837,2.2131147540880448e-08,-0.3759758600740812,4.1995,4.1992,4.1993770491803275,-1.922813169688703,1561.0,314,4.1995,4.1992,-0.0002999999999993,300.0,61,0.6363977546739953,-304.0,0.1243511666666666
838,2.0163934426135532e-08,-0.7519706664910636,4.1995,4.1992,4.199401639344262,-1.484326666765658,1653.0,332,4.1995,4.1995,0.0,300.0,61,0.6372656391937502,-305.0,0.12452075
839,2.0163934426135532e-08,-0.7519706664910636,4.1995,4.1992,4.199401639344262,-1.484326666765658,1619.0,325,4.1992,4.1992,0.0,300.0,61,0.6396506512474649,-306.0,0.1249867777777777
840,2.2573770491698057e-08,-0.2369000925922352,4.1995,4.1992,4.199367213114754,-2.0109403590000223,1611.0,324,4.1995,4.1995,0.0,300.0,61,0.6336365882485735,-307.0,0.1238116388888889
841,1.6967213114675014e-08,-1.2101123118312047,4.1995,4.1992,4.199426229508197,-0.554925926836999,1561.0,314,4.1995,4.1995,0.0,300.0,61,0.6288061462998834,-308.0,0.1228677777777777
842,1.6967213114675017e-08,1.2101123118100543,4.1995,4.1992,4.1992737704918035,-0.5549259268722828,1589.0,319,4.1992,4.1995,0.0002999999999993,300.0,61,0.6282538561509484,-309.0,0.1227598611111111
843,1.9622950819580663e-08,-0.8348624372608525,4.1995,4.1992,4.199406557377049,-1.3483299130302475,1517.0,305,4.1992,4.1737,-0.0255,300.0,61,0.6259434779011439,-310.0,0.1223084166666666
844,2.2721311475303938e-08,-0.1686640598113302,4.1995,4.1992,4.199362295081967,-2.0395530828046655,1623.0,326,4.1995,4.1992,-0.0002999999999993,300.0,61,0.6271956198913161,-311.0,0.1225530833333333
845,1.0426229508148125e-08,2.240877502749857,4.1995,4.1992,4.199239344262295,3.122884112848615,1643.0,330,4.1992,4.1992,0.0,300.0,61,0.6290404253643481,-312.0,0.1229135555555555
846,4.278688524570219e-09,4.275398459367965,4.1995,4.1992,4.199214754098361,16.830044942404598,1535.0,308,4.1992,4.1995,0.0002999999999993,300.0,61,0.6240725150568368,-313.0,0.1219428333333333
847,6.885245901607251e-09,-3.125213498709689,4.1995,4.1992,4.199475409836066,8.029264423614336,1588.0,319,4.1995,4.1747,-0.0247999999999999,300.0,61,0.6257488613724715,-314.0,0.1222703888888888
848,2.2377049180223572e-08,-0.3059217425291319,4.1995,4.1992,4.199372131147541,-1.9722031329251823,1499.0,301,4.1992,4.1992,0.0,300.0,61,0.6224554493054507,-315.0,0.1216268611111111
849,2.1836065573668706e-08,0.4473272967820104,4.1995,4.1992,4.199318032786885,-1.8620768635361111,1553.0,312,4.1992,4.1961,-0.0030999999999998,300.0,61,0.620621021485153,-316.0,0.1212684166666666
850,1.9622950819580676e-08,0.834862437280517,4.1995,4.1992,4.19929344262295,-1.348329913007616,1573.0,316,4.1992,4.1992,0.0,300.0,61,0.6207121458057366,-317.0,0.1212862222222222
851,1.9622950819580663e-08,-0.8348624372608524,4.1995,4.1992,4.199406557377049,-1.3483299130302475,1570.0,316,4.1992,4.1992,0.0,300.0,61,0.6168061679081467,-318.0,0.1205229999999999
852,1.9032786885157193e-08,0.921420901124905,4.1995,4.1992,4.199288524590164,-1.1911525514437409,1578.0,317,4.1992,4.1995,0.0002999999999993,300.0,61,0.6167048080944554,-319.0,0.1205031944444444
853,8.114754098322835e-09,2.765843744567459,4.1995,4.1992,4.199229508196722,5.840391052494155,1471.0,296,4.1992,4.1958,-0.0034,300.0,61,0.6105488697883215,-320.0,0.1193003333333333
854,1.2540983606498916e-08,1.86160398407002,4.1995,4.1992,4.199249180327869,1.514147213525615,1593.0,320,4.1992,4.1992,0.0,300.0,61,0.6116113708367487,-321.0,0.1195079444444444
855,1.475409836058696e-09,7.810249675948984,4.1995,4.1992,4.199204918032787,61.00000000045582,1541.0,310,4.1992,4.1992,0.0,300.0,61,0.613002118462754,-322.0,0.1197796944444444
856,9.295081967169792e-09,2.478794301463353,4.1995,4.1992,4.199234426229508,4.283858877676468,1540.0,309,4.1992,4.1995,0.0002999999999993,300.0,61,0.6068824308613764,-323.0,0.1185839166666666
857,2.2573770491698057e-08,-0.2369000925738995,4.1995,4.1992,4.199367213114753,-2.0109403590060104,1615.0,324,4.1995,4.1967,-0.0027999999999996,300.0,61,0.6107940951440262,-324.0,0.1193482499999999
858,1.475409836058696e-09,7.81024967594898,4.1995,4.1992,4.199204918032787,61.00000000045575,1577.0,317,4.1992,4.1992,0.0,300.0,61,0.6107331086642596,-325.0,0.1193363333333333
859,1.770491803270436e-08,-1.108205447736824,4.1995,4.1992,4.19942131147541,-0.7991915059279457,1593.0,320,4.1995,4.1995,0.0,300.0,61,0.6103246840573381,-326.0,0.1192565277777777
860,2.0655737704821746e-08,0.6722061615761776,4.1995,4.1992,4.199303278688524,-1.6017784086095257,1683.0,338,4.1992,4.1992,0.0,300.0,61,0.6100513110955873,-327.0,0.1192031111111111
861,1.6180327868777042e-08,1.3191358526060544,4.1995,4.1992,4.199268852459016,-0.2698256765079612,1498.0,301,4.1992,4.1992,0.0,300.0,61,0.606690088886728,-328.0,0.1185463333333333
862,8.114754098322833e-09,2.7658437445980404,4.1995,4.1992,4.199229508196721,5.840391052610762,1647.0,331,4.1992,4.1992,0.0,300.0,61,0.6079517555718754,-329.0,0.1187928611111111
863,2.281967213104117e-08,-0.1009801002872348,4.1995,4.1992,4.19935737704918,-2.0584226808276176,1755.0,353,4.1992,4.1995,0.0002999999999993,300.0,61,0.6096239792583418,-330.0,0.1191196111111111
864,6.885245901607251e-09,3.125213498709691,4.1995,4.1992,4.199224590163934,8.029264423614343,1607.0,323,4.1995,4.1992,-0.0002999999999993,300.0,61,0.6061473234327683,-331.0,0.1184402777777777
865,4.278688524570219e-09,4.275398459367966,4.1995,4.1992,4.199214754098361,16.830044942404605,1698.0,341,4.1992,4.1992,0.0,300.0,61,0.6072772081441543,-332.0,0.1186610555555555
866,1.4459016393375226e-08,1.5645937536900143,4.1995,4.1992,4.199259016393443,0.4620164839792884,1687.0,339,4.1995,4.1995,0.0,300.0,61,0.6012494978211194,-333.0,0.11748325
867,2.1491803278588344e-08,0.5202643571708597,4.1995,4.1992,4.199313114754098,-1.7891099053428916,1621.0,326,4.1995,4.1995,0.0,300.0,61,0.601374171813556,-334.0,0.1175076111111111
868,1.8393442622865082e-08,1.0122819576212063,4.1995,4.1992,4.199283606557377,-1.009495025893175,1660.0,333,4.1992,4.1995,0.0002999999999993,300.0,61,0.605746148966798,-335.0,0.1183618888888888
869,1.4459016393375226e-08,1.564593753712924,4.1995,4.1992,4.199259016393442,0.4620164840287022,1659.0,333,4.1992,4.1992,0.0,300.0,61,0.6044153927031738,-336.0,0.1181018611111111
870,0.0,0.0,4.1992,4.1992,4.1992,0.0,1615.0,324,4.1992,4.1992,0.0,300.0,61,0.5997407577051228,-337.0,0.1171884444444444
871,0.0,0.0,4.1992,4.1992,4.1992,0.0,1672.0,336,4.1992,4.1992,0.0,300.0,61,0.6002634786517468,-338.0,0.1172905833333333
872,0.0,0.0,4.1992,4.1992,4.1992,0.0,1712.0,344,4.1992,4.197,-0.0022000000000002,300.0,61,0.5978336863156859,-339.0,0.1168158055555555
873,1.475409836058696e-09,7.810249675948984,4.1995,4.1992,4.199204918032787,61.00000000045582,1527.0,307,4.1992,4.1992,0.0,300.0,61,0.5927472148796775,-340.0,0.1158219166666666
874,0.0,0.0,4.1992,4.1992,4.1992,0.0,1544.0,310,4.1992,4.1992,0.0,300.0,61,0.5916551446289392,-341.0,0.1156085277777777
875,9.295081967169792e-09,2.478794301463354,4.1995,4.1992,4.199234426229508,4.283858877676467,1588.0,319,4.1992,4.1992,0.0,300.0,61,0.5923014022909877,-342.0,0.1157348055555555
876,1.475409836058696e-09,7.810249675948981,4.1995,4.1992,4.199204918032787,61.00000000045575,1559.0,313,4.1992,4.1992,0.0,300.0,61,0.5880231083316061,-343.0,0.1148988333333333
877,1.4459016393375226e-08,1.5645937536900143,4.1995,4.1992,4.199259016393443,0.4620164839792884,1554.0,312,4.1992,4.1992,0.0,300.0,61,0.5893702129522773,-344.0,0.1151620555555555
878,1.2540983606498916e-08,1.8616039840700205,4.1995,4.1992,4.199249180327869,1.514147213525615,1764.0,354,4.1995,4.1992,-0.0002999999999993,300.0,61,0.5968799373815277,-345.0,0.1166294444444444
879,1.2540983606498916e-08,1.8616039840700205,4.1995,4.1992,4.199249180327869,1.514147213525615,1743.0,350,4.1995,4.1992,-0.0002999999999993,300.0,61,0.5956188393348864,-346.0,0.1163830277777777
880,5.6065573770230465e-09,3.5991253887301924,4.1995,4.1992,4.199219672131147,11.32409486610293,1797.0,361,4.1992,4.1992,0.0,300.0,61,0.5932682299107834,-347.0,0.1159237222222222
881,1.770491803270436e-08,1.1082054477368235,4.1995,4.1992,4.19927868852459,-0.7991915059279457,1654.0,332,4.1992,4.1992,0.0,300.0,61,0.5900764619767068,-348.0,0.1153000555555555
882,2.272131147530393e-08,0.1686640598113304,4.1995,4.1992,4.199337704918033,-2.039553082804665,1661.0,334,4.1992,4.1995,0.0002999999999993,300.0,61,0.5886982243978331,-349.0,0.11503075
883,1.9032786885157186e-08,0.9214209011249056,4.1995,4.1992,4.199288524590164,-1.1911525514437402,1644.0,330,4.1992,4.1992,0.0,300.0,61,0.5817103679574477,-350.0,0.1136653333333333
884,1.0426229508148125e-08,2.240877502749858,4.1995,4.1992,4.199239344262295,3.122884112848616,1723.0,346,4.1992,4.1992,0.0,300.0,61,0.580800972826756,-351.0,0.1134876388888889
885,0.0,0.0,4.1992,4.1992,4.1992,0.0,1621.0,326,4.1992,4.1992,0.0,300.0,61,0.5712098893059852,-352.0,0.1116135555555555
886,9.295081967169792e-09,2.4787943014633536,4.1995,4.1992,4.199234426229508,4.283858877676468,1613.0,324,4.1992,4.1992,0.0,300.0,61,0.570364039528337,-353.0,0.1114482777777777
887,6.885245901607251e-09,3.12521349870969,4.1995,4.1992,4.199224590163934,8.029264423614336,1734.0,348,4.1992,4.1992,0.0,300.0,61,0.5700510040307941,-354.0,0.1113871111111111
888,4.27868852457022e-09,4.275398459367966,4.1995,4.1992,4.199214754098361,16.830044942404605,1667.0,335,4.1992,4.1992,0.0,300.0,61,0.5718626863108525,-355.0,0.1117411111111111
889,4.278688524570219e-09,4.275398459367966,4.1995,4.1992,4.199214754098361,16.830044942404605,1751.0,352,4.1992,4.1992,0.0,300.0,61,0.5737762970431082,-356.0,0.1121150277777777
890,1.3524590163871392e-08,1.7051861374731516,4.1995,4.1992,4.199254098360655,0.9373147016904184,1770.0,355,4.1992,4.1967,-0.0025000000000003,300.0,61,0.5688044062660551,-357.0,0.1111435277777777
891,2.9016393442487692e-09,5.380496869825677,4.1995,4.1992,4.199209836065574,27.862683137098003,1688.0,339,4.1992,4.1961,-0.0030999999999998,300.0,61,0.5631312420514999,-358.0,0.110035
892,1.4459016393375226e-08,1.5645937537129238,4.1995,4.1992,4.199259016393442,0.4620164840287022,1703.0,342,4.1992,4.1992,0.0,300.0,61,0.564053715867829,-359.0,0.11021525
893,1.475409836058696e-09,7.810249675948984,4.1995,4.1992,4.199204918032787,61.00000000045582,1715.0,344,4.1992,4.1964,-0.0028000000000005,300.0,61,0.5583634924980944,-360.0,0.1091033888888888
894,1.5344262295010447e-08,1.4366940083371431,4.1995,4.1992,4.19926393442623,0.0651328507700745,1578.0,317,4.1992,4.1992,0.0,300.0,61,0.5573464825301457,-361.0,0.1089046666666666
895,2.0163934426135532e-08,0.7519706664910641,4.1995,4.1992,4.199298360655738,-1.4843266667656567,1689.0,339,4.1995,4.1992,-0.0002999999999993,300.0,61,0.5559345531197926,-362.0,0.1086287777777777
896,1.4459016393375229e-08,1.5645937536900143,4.1995,4.1992,4.199259016393443,0.4620164839792879,1669.0,335,4.1992,4.1995,0.0002999999999993,300.0,61,0.5542610499966877,-363.0,0.1083017777777777
897,1.2540983606498916e-08,1.8616039840700205,4.1995,4.1992,4.199249180327869,1.514147213525615,1619.0,325,4.1992,4.1992,0.0,300.0,61,0.552428043772655,-364.0,0.1079436111111111
898,4.278688524570219e-09,4.275398459367965,4.1995,4.1992,4.199214754098361,16.830044942404598,1752.0,352,4.1992,4.1734,-0.0258000000000002,300.0,61,0.5524776574823018,-365.0,0.1079533055555555
899,0.0,0.0,4.1992,4.1992,4.1992,0.0,1653.0,332,4.1992,4.1992,0.0,300.0,61,0.5466361762699758,-366.0,0.1068118888888888
900,2.901639344248769e-09,5.3804968698256745,4.1995,4.1992,4.199209836065574,27.862683137098003,1658.0,333,4.1992,4.1992,0.0,300.0,61,0.5466364605892289,-367.0,0.1068119444444444
901,5.6065573770230465e-09,3.5991253887301924,4.1995,4.1992,4.199219672131147,11.32409486610293,1749.0,351,4.1992,4.1995,0.0002999999999993,300.0,61,0.5442143448729988,-368.0,0.1063386666666666
902,1.475409836058696e-09,7.81024967594898,4.1995,4.1992,4.199204918032787,61.00000000045575,1726.0,347,4.1992,4.1992,0.0,300.0,61,0.5438404650553158,-369.0,0.1062656111111111
903,1.9032786885157193e-08,0.9214209011448736,4.1995,4.1992,4.199288524590163,-1.1911525514183767,1699.0,341,4.1992,4.1995,0.0002999999999993,300.0,61,0.5400254693186829,-370.0,0.1055201666666666
904,1.1508196721257838e-08,2.0381402237430963,4.1995,4.1992,4.199244262295083,2.225943742550985,1626.0,327,4.1992,4.1992,0.0,300.0,61,0.5389595564392198,-371.0,0.1053118888888888
905,1.5344262295010444e-08,1.4366940083371436,4.1995,4.1992,4.19926393442623,0.0651328507700741,1715.0,345,4.1992,4.1992,0.0,300.0,61,0.5385474356820094,-372.0,0.1052313611111111
906,8.114754098322833e-09,2.765843744567459,4.1995,4.1992,4.199229508196722,5.840391052494157,1652.0,332,4.1992,4.1992,0.0,300.0,61,0.5335419952331034,-373.0,0.1042533055555555
907,2.9016393442487692e-09,5.380496869825677,4.1995,4.1992,4.199209836065574,27.862683137097996,1673.0,336,4.1992,4.1992,0.0,300.0,61,0.5343663789071507,-374.0,0.1044143888888888
908,5.606557377023047e-09,3.5991253887301924,4.1995,4.1992,4.199219672131147,11.32409486610293,1676.0,337,4.1992,4.1992,0.0,300.0,61,0.5342438373091116,-375.0,0.1043904444444444
909,1.475409836058696e-09,7.810249675948985,4.1995,4.1992,4.199204918032787,61.00000000045582,1713.0,344,4.1992,4.1992,0.0,300.0,61,0.5294223514168908,-376.0,0.1034483333333333
910,1.2540983606498921e-08,1.8616039840700176,4.1995,4.1992,4.199249180327869,1.5141472135256064,1724.0,346,4.1995,4.1728,-0.0266999999999999,300.0,61,0.531365957830337,-377.0,0.1038281111111111
911,2.901639344248769e-09,5.3804968698256745,4.1995,4.1992,4.199209836065574,27.862683137098003,1723.0,347,4.1992,4.1865,-0.0127000000000006,300.0,61,0.5351058932841801,-378.0,0.1045588888888888
912,2.901639344248769e-09,5.3804968698256745,4.1995,4.1992,4.199209836065574,27.862683137098003,1741.0,350,4.1992,4.1992,0.0,300.0,61,0.5270312264992367,-379.0,0.1029811111111111
913,2.901639344248769e-09,5.3804968698256745,4.1995,4.1992,4.199209836065574,27.862683137098003,1711.0,344,4.1992,4.1992,0.0,300.0,61,0.5244687992316557,-380.0,0.1024804166666666
914,0.0,0.0,4.1992,4.1992,4.1992,0.0,1697.0,341,4.1992,4.1992,0.0,300.0,61,0.5285854576957119,-381.0,0.1032848055555555
915,0.0,0.0,4.1992,4.1992,4.1992,0.0,1776.0,357,4.1992,4.1992,0.0,300.0,61,0.524380802422855,-382.0,0.1024632222222222
916,0.0,0.0,4.1992,4.1992,4.1992,0.0,1791.0,360,4.1992,4.1992,0.0,300.0,61,0.5264331609505702,-383.0,0.10286425
917,0.0,0.0,4.1992,4.1992,4.1992,0.0,1742.0,350,4.1992,4.1992,0.0,300.0,61,0.519816625454591,-384.0,0.1015713888888888
918,4.27868852457022e-09,4.275398459367966,4.1995,4.1992,4.199214754098361,16.830044942404605,1708.0,343,4.1992,4.1992,0.0,300.0,61,0.5183705777338788,-385.0,0.1012888333333333
919,6.885245901607251e-09,3.12521349870969,4.1995,4.1992,4.199224590163934,8.029264423614336,1807.0,363,4.1992,4.1995,0.0002999999999993,300.0,61,0.5231295133904417,-386.0,0.1022187222222222
920,1.6180327868777042e-08,1.3191358526060546,4.1995,4.1992,4.199268852459016,-0.2698256765079612,1655.0,333,4.1992,4.1992,0.0,300.0,61,0.5177102462688074,-387.0,0.1011598055555555
921,6.885245901607251e-09,3.125213498709689,4.1995,4.1992,4.199224590163934,8.029264423614334,1730.0,347,4.1992,4.1995,0.0002999999999993,300.0,61,0.5149273294205318,-388.0,0.1006160277777777
922,1.1508196721257838e-08,2.0381402237430963,4.1995,4.1992,4.199244262295083,2.225943742550985,1747.0,351,4.1992,4.1995,0.0002999999999993,300.0,61,0.5165354391154486,-389.0,0.10093025
923,9.295081967169792e-09,2.478794301463353,4.1995,4.1992,4.199234426229508,4.283858877676468,1671.0,336,4.1992,4.1992,0.0,300.0,61,0.5118590982018797,-390.0,0.1000165
924,1.2540983606498916e-08,1.86160398407002,4.1995,4.1992,4.199249180327869,1.514147213525615,1669.0,335,4.1995,4.1992,-0.0002999999999993,300.0,61,0.5090002681130555,-391.0,0.0994578888888888
925,9.295081967169792e-09,2.478794301463354,4.1995,4.1992,4.199234426229508,4.283858877676467,1704.0,342,4.1992,4.1992,0.0,300.0,61,0.5107894891721277,-392.0,0.0998075
926,2.0163934426135532e-08,0.751970666491064,4.1995,4.1992,4.199298360655738,-1.484326666765657,1705.0,343,4.1992,4.1992,0.0,300.0,61,0.5078278776733472,-393.0,0.0992288055555555
927,2.281967213104117e-08,0.1009801002872347,4.1995,4.1992,4.1993426229508195,-2.0584226808276176,1587.0,319,4.1995,4.1992,-0.0002999999999993,300.0,61,0.5043121279504875,-394.0,0.0985418333333333
928,9.295081967169792e-09,-2.478794301463354,4.1995,4.1992,4.199465573770492,4.283858877676467,1707.0,343,4.1995,4.1995,0.0,300.0,61,0.5065212885462274,-395.0,0.0989735
929,1.1508196721257838e-08,2.0381402237430963,4.1995,4.1992,4.199244262295083,2.225943742550985,1629.0,327,4.1992,4.1992,0.0,300.0,61,0.503886786348013,-396.0,0.0984587222222222
930,1.0426229508148125e-08,2.2408775027498593,4.1995,4.1992,4.199239344262295,3.122884112848622,1622.0,326,4.1992,4.1992,0.0,300.0,61,0.5045849322737322,-397.0,0.0985951388888888
931,1.475409836058696e-09,7.810249675948985,4.1995,4.1992,4.199204918032787,61.00000000045582,1696.0,341,4.1992,4.1992,0.0,300.0,61,0.5033430257766678,-398.0,0.0983524722222222
932,2.109836065563936e-08,0.5951052868532202,4.1995,4.1992,4.1993081967213115,-1.7028033334289538,1646.0,331,4.1995,4.1992,-0.0002999999999993,300.0,61,0.4982464610071782,-399.0,0.0973566111111111
933,6.885245901607251e-09,3.125213498709691,4.1995,4.1992,4.199224590163934,8.029264423614343,1588.0,319,4.1995,4.1992,-0.0002999999999993,300.0,61,0.5007564313725825,-400.0,0.0978470555555555
934,1.3524590163871392e-08,1.7051861374731516,4.1995,4.1992,4.199254098360655,0.9373147016904192,1636.0,329,4.1992,4.1992,0.0,300.0,61,0.5007842946593756,-401.0,0.0978525
935,1.475409836058696e-09,7.810249675948984,4.1995,4.1992,4.199204918032787,61.00000000045582,1778.0,357,4.1992,4.1992,0.0,300.0,61,0.5047400284262389,-402.0,0.0986254444444444
936,0.0,0.0,4.1992,4.1992,4.1992,0.0,1726.0,347,4.1992,4.1992,0.0,300.0,61,0.5018234815290576,-403.0,0.0980555555555555
937,4.2786885245702195e-09,4.275398459367965,4.1995,4.1992,4.199214754098361,16.830044942404605,1757.0,354,4.1992,4.1861,-0.0131000000000005,300.0,61,0.4993989490991771,-404.0,0.0975818055555555
938,8.114754098322831e-09,2.765843744567461,4.1995,4.1992,4.199229508196722,5.840391052494162,1725.0,347,4.1992,4.1992,0.0,300.0,61,0.4989673524731368,-405.0,0.0974974722222222
939,1.8393442622865082e-08,1.0122819576212063,4.1995,4.1992,4.199283606557377,-1.009495025893175,1627.0,327,4.1992,4.1992,0.0,300.0,61,0.4987804125642952,-406.0,0.0974609444444444
940,0.0,0.0,4.1992,4.1992,4.1992,0.0,1651.0,332,4.1992,4.1995,0.0002999999999993,300.0,61,0.4948253895955644,-407.0,0.0966881388888888
941,6.885245901607251e-09,3.125213498709689,4.1995,4.1992,4.199224590163934,8.029264423614334,1631.0,328,4.1992,4.1951,-0.0041000000000002,300.0,61,0.4938090904257481,-408.0,0.0964895555555555
942,5.606557377023047e-09,3.5991253887301924,4.1995,4.1992,4.199219672131147,11.324094866102932,1660.0,333,4.1992,4.1728,-0.0264000000000006,300.0,61,0.4934190044106445,-409.0,0.0964133333333333
943,1.475409836058696e-09,7.810249675948981,4.1995,4.1992,4.199204918032787,61.00000000045575,1675.0,336,4.1992,4.1722,-0.0270000000000001,300.0,61,0.4932781242207875,-410.0,0.0963858055555555
944,0.0,0.0,4.1992,4.1992,4.1992,0.0,1706.0,343,4.1992,4.1992,0.0,300.0,61,0.4955145794648145,-411.0,0.0968228055555555
945,4.278688524570219e-09,4.275398459367965,4.1995,4.1992,4.199214754098361,16.830044942404605,1661.0,334,4.1992,4.1992,0.0,300.0,61,0.4896748041680065,-412.0,0.0956817222222222
946,0.0,0.0,4.1992,4.1992,4.1992,0.0,1704.0,342,4.1992,4.1992,0.0,300.0,61,0.4929980697565915,-413.0,0.0963310833333333
947,2.901639344248769e-09,5.3804968698256745,4.1995,4.1992,4.199209836065574,27.862683137098003,1608.0,323,4.1992,4.1719,-0.0273000000000003,300.0,61,0.4893169883881174,-414.0,0.0956118055555555
948,2.901639344248769e-09,5.380496869825677,4.1995,4.1992,4.199209836065574,27.862683137097996,1695.0,340,4.1992,4.1728,-0.0264000000000006,300.0,61,0.4905462426784238,-415.0,0.095852
949,0.0,0.0,4.1992,4.1992,4.1992,0.0,1782.0,358,4.1992,4.1992,0.0,300.0,61,0.4934184357721385,-416.0,0.0964132222222222
950,2.901639344248769e-09,5.3804968698256745,4.1995,4.1992,4.199209836065574,27.862683137098003,1715.0,344,4.1992,4.1992,0.0,300.0,61,0.4935303153981905,-417.0,0.0964350833333333
951,4.278688524570219e-09,4.275398459367965,4.1995,4.1992,4.199214754098361,16.830044942404605,1725.0,347,4.1992,4.1992,0.0,300.0,61,0.4919573191310179,-418.0,0.0961277222222222
952,1.475409836058696e-09,7.81024967594898,4.1995,4.1992,4.199204918032787,61.00000000045575,1680.0,338,4.1992,4.1961,-0.0030999999999998,300.0,61,0.4876423479880005,-419.0,0.0952845833333333
953,0.0,0.0,4.1992,4.1992,4.1992,0.0,1521.0,306,4.1992,4.1992,0.0,300.0,61,0.4684324598192924,-420.0,0.091531
954,5.606557377056244e-09,-3.599125388732605,4.1992,4.1989,4.199180327868853,11.324094866114905,1664.0,334,4.1989,4.1992,0.0003000000000001,300.0,61,0.4837790179783593,-421.0,0.0945296944444444
955,0.0,0.0,4.1992,4.1992,4.1992,0.0,1929.0,387,4.1992,4.1706,-0.0285999999999999,300.0,61,0.4445348579668955,-422.0,0.0868614444444444
956,0.0,0.0,4.1992,4.1992,4.1992,0.0,1909.0,383,4.1992,4.1992,0.0,300.0,61,0.4421002322035339,-423.0,0.0863857222222222
957,0.0,0.0,4.1992,4.1992,4.1992,0.0,1863.0,374,4.1992,4.1992,0.0,300.0,61,0.4379410680111555,-424.0,0.0855730277777777
958,0.0,0.0,4.1992,4.1992,4.1992,0.0,1914.0,384,4.1992,4.1992,0.0,300.0,61,0.4365400848920425,-425.0,0.0852992777777777
959,1.4754098360674331e-09,-7.810249675950155,4.1992,4.1989,4.199195081967214,61.000000000468354,1768.0,355,4.1992,4.1992,0.0,300.0,61,0.4345342125621912,-426.0,0.0849073333333333
960,0.0,0.0,4.1992,4.1992,4.1992,0.0,1807.0,363,4.1992,4.1992,0.0,300.0,61,0.435455691261135,-427.0,0.0850873888888888
961,0.0,0.0,4.1992,4.1992,4.1992,0.0,1735.0,348,4.1992,4.1992,0.0,300.0,61,0.4329651967645606,-428.0,0.08460075
962,0.0,0.0,4.1992,4.1992,4.1992,0.0,1867.0,375,4.1992,4.1992,0.0,300.0,61,0.4404699456068837,-429.0,0.0860671666666666
963,2.901639344248769e-09,5.3804968698256745,4.1995,4.1992,4.199209836065574,27.862683137098003,1817.0,365,4.1992,4.1703,-0.0289000000000001,300.0,61,0.4382313579684593,-430.0,0.08562975
964,0.0,0.0,4.1992,4.1992,4.1992,0.0,1884.0,378,4.1992,4.1992,0.0,300.0,61,0.428890048911441,-431.0,0.0838044722222222
965,0.0,0.0,4.1992,4.1992,4.1992,0.0,1887.0,379,4.1992,4.1992,0.0,300.0,61,0.4329002298152521,-432.0,0.0845880555555555
966,1.475409836058696e-09,7.810249675948985,4.1995,4.1992,4.199204918032787,61.00000000045582,1803.0,362,4.1992,4.1992,0.0,300.0,61,0.4328038455884883,-433.0,0.0845692222222222
967,0.0,0.0,4.1992,4.1992,4.1992,0.0,1890.0,379,4.1992,4.1992,0.0,300.0,61,0.4313285129847181,-434.0,0.0842809444444444
968,0.0,0.0,4.1992,4.1992,4.1992,0.0,1745.0,351,4.1992,4.1992,0.0,300.0,61,0.4264605408946333,-435.0,0.08332975
969,1.4754098360674323e-09,-7.810249675950162,4.1992,4.1989,4.199195081967214,61.000000000468425,1708.0,343,4.1992,4.1992,0.0,300.0,61,0.423086666479016,-436.0,0.0826705
970,0.0,0.0,4.1992,4.1992,4.1992,0.0,1735.0,348,4.1992,4.1945,-0.0047000000000005,300.0,61,0.4216571092749774,-437.0,0.0823911666666666
971,0.0,0.0,4.1992,4.1992,4.1992,0.0,1809.0,363,4.1992,4.1992,0.0,300.0,61,0.4204133547027683,-438.0,0.0821481388888888
972,5.6065573770562446e-09,-3.599125388732605,4.1992,4.1989,4.199180327868853,11.324094866114905,1869.0,375,4.1992,4.1992,0.0,300.0,61,0.4214445806333666,-439.0,0.0823496388888889
973,4.278688524595554e-09,-4.275398459370035,4.1992,4.1989,4.199185245901639,16.830044942416812,1891.0,380,4.1992,4.1954,-0.0038,300.0,61,0.4239046529698709,-440.0,0.0828303333333333
974,1.4754098360674323e-09,-7.810249675878441,4.1992,4.1989,4.199195081967213,60.99999999969619,1945.0,390,4.1992,4.1992,0.0,300.0,61,0.429316669950554,-441.0,0.0838878333333333
975,0.0,0.0,4.1992,4.1992,4.1992,0.0,1859.0,373,4.1992,4.1992,0.0,300.0,61,0.4246664864082602,-442.0,0.0829791944444444
976,0.0,0.0,4.1992,4.1992,4.1992,0.0,1945.0,391,4.1992,4.1992,0.0,300.0,61,0.4331410482225356,-443.0,0.0846351111111111
977,0.0,0.0,4.1992,4.1992,4.1992,0.0,1823.0,366,4.1992,4.1992,0.0,300.0,61,0.423210061034814,-444.0,0.0826946111111111
978,0.0,0.0,4.1992,4.1992,4.1992,0.0,1909.0,383,4.1992,4.1992,0.0,300.0,61,0.4208379855071103,-445.0,0.0822311111111111
979,0.0,0.0,4.1992,4.1992,4.1992,0.0,1828.0,367,4.1992,4.1992,0.0,300.0,61,0.4245900045292057,-446.0,0.08296425
980,0.0,0.0,4.1992,4.1992,4.1992,0.0,1821.0,366,4.1992,4.1992,0.0,300.0,61,0.4196482515929697,-447.0,0.0819986388888888
981,0.0,0.0,4.1992,4.1992,4.1992,0.0,1773.0,356,4.1992,4.1992,0.0,300.0,61,0.4162435285384028,-448.0,0.0813333611111111
982,0.0,0.0,4.1992,4.1992,4.1992,0.0,1947.0,391,4.1992,4.1992,0.0,300.0,61,0.4191387514916098,-449.0,0.0818990833333333
983,0.0,0.0,4.1992,4.1992,4.1992,0.0,1732.0,348,4.1992,4.1951,-0.0041000000000002,300.0,61,0.4148003240102207,-450.0,0.0810513611111111
984,0.0,0.0,4.1992,4.1992,4.1992,0.0,1855.0,373,4.1992,4.1992,0.0,300.0,61,0.4127239405056276,-451.0,0.0806456388888888
985,0.0,0.0,4.1992,4.1992,4.1992,0.0,1892.0,380,4.1992,4.1958,-0.0034,300.0,61,0.4151449189448457,-452.0,0.0811186944444444
986,0.0,0.0,4.1992,4.1992,4.1992,0.0,1871.0,376,4.1992,4.1958,-0.0034,300.0,61,0.4102429707040285,-453.0,0.0801608611111111
987,0.0,0.0,4.1992,4.1992,4.1992,0.0,1743.0,350,4.1992,4.1992,0.0,300.0,61,0.403599140559762,-454.0,0.0788626666666666
988,0.0,0.0,4.1992,4.1992,4.1992,0.0,1787.0,359,4.1992,4.1992,0.0,300.0,61,0.4066296994773928,-455.0,0.0794548333333333
989,0.0,0.0,4.1992,4.1992,4.1992,0.0,1692.0,340,4.1992,4.1992,0.0,300.0,61,0.4038379687322744,-456.0,0.0789093333333333
990,0.0,0.0,4.1992,4.1992,4.1992,0.0,1738.0,349,4.1992,4.1992,0.0,300.0,61,0.4084594360300161,-457.0,0.0798123611111111
991,0.0,0.0,4.1992,4.1992,4.1992,0.0,1770.0,356,4.1992,4.1992,0.0,300.0,61,0.3979944972851776,-458.0,0.0777675277777777
992,0.0,0.0,4.1992,4.1992,4.1992,0.0,1826.0,367,4.1992,4.1992,0.0,300.0,61,0.3930990883871791,-459.0,0.0768109722222222
993,0.0,0.0,4.1992,4.1992,4.1992,0.0,1651.0,332,4.1992,4.1992,0.0,300.0,61,0.3893816141543222,-460.0,0.0760845833333333
994,0.0,0.0,4.1992,4.1992,4.1992,0.0,1801.0,362,4.1992,4.1948,-0.0044000000000004,300.0,61,0.3904596106020375,-461.0,0.0762952222222222
995,0.0,0.0,4.1992,4.1992,4.1992,0.0,1773.0,356,4.1992,4.1992,0.0,300.0,61,0.3927968570212497,-462.0,0.0767519166666666
996,0.0,0.0,4.1992,4.1992,4.1992,0.0,1802.0,362,4.1992,4.1992,0.0,300.0,61,0.3974046769948478,-463.0,0.0776522777777777
997,0.0,0.0,4.1992,4.1992,4.1992,0.0,1706.0,343,4.1992,4.1992,0.0,300.0,61,0.3973536416889359,-464.0,0.0776423055555555
998,0.0,0.0,4.1992,4.1992,4.1992,0.0,1756.0,353,4.1992,4.1992,0.0,300.0,61,0.3962713804524259,-465.0,0.0774308333333333
999,0.0,0.0,4.1992,4.1992,4.1992,0.0,1686.0,339,4.1992,4.1992,0.0,300.0,61,0.3921402217064671,-466.0,0.0766236111111111
1000,0.0,0.0,4.1992,4.1992,4.1992,0.0,1695.0,340,4.1992,4.1992,0.0,300.0,61,0.3939888654894143,-467.0,0.0769848333333333
1001,0.0,0.0,4.1992,4.1992,4.1992,0.0,1688.0,339,4.1992,4.1992,0.0,300.0,61,0.3946008626814773,-468.0,0.0771044166666666
1002,0.0,0.0,4.1992,4.1992,4.1992,0.0,1751.0,352,4.1992,4.1992,0.0,300.0,61,0.3930962451946492,-469.0,0.0768104166666666
1003,0.0,0.0,4.1992,4.1992,4.1992,0.0,1805.0,363,4.1992,4.1992,0.0,300.0,61,0.3900437936945382,-470.0,0.0762139722222222
1004,1.475409836058696e-09,7.81024967594898,4.1995,4.1992,4.199204918032787,61.00000000045575,1725.0,346,4.1992,4.1992,0.0,300.0,61,0.3871556787226559,-471.0,0.0756496388888888
1005,4.278688524570219e-09,4.275398459367966,4.1995,4.1992,4.199214754098361,16.830044942404605,1710.0,343,4.1992,4.1948,-0.0044000000000004,300.0,61,0.3842291806516199,-472.0,0.0750778055555555
1006,4.278688524570219e-09,4.275398459367965,4.1995,4.1992,4.199214754098361,16.830044942404598,1652.0,332,4.1992,4.1992,0.0,300.0,61,0.3803460904538958,-473.0,0.0743190555555555
1007,0.0,0.0,4.1992,4.1992,4.1992,0.0,1719.0,345,4.1992,4.1992,0.0,300.0,61,0.3828785220402863,-474.0,0.0748138888888888
1008,2.9016393442487692e-09,5.380496869825675,4.1995,4.1992,4.199209836065574,27.862683137098003,1729.0,347,4.1992,4.1992,0.0,300.0,61,0.390095397638956,-475.0,0.0762240555555555
1009,0.0,0.0,4.1992,4.1992,4.1992,0.0,1665.0,335,4.1992,4.1992,0.0,300.0,61,0.3896777326563124,-476.0,0.0761424444444444
1010,0.0,0.0,4.1992,4.1992,4.1992,0.0,1698.0,341,4.1992,4.1992,0.0,300.0,61,0.3883226670965574,-477.0,0.0758776666666666
1011,0.0,0.0,4.1992,4.1992,4.1992,0.0,1710.0,344,4.1992,4.1939,-0.0053,300.0,61,0.3842161019659823,-478.0,0.07507525
1012,4.278688524570219e-09,4.275398459367966,4.1995,4.1992,4.199214754098361,16.830044942404605,1684.0,338,4.1992,4.1992,0.0,300.0,61,0.3857195821757985,-479.0,0.0753690277777777
1013,0.0,0.0,4.1992,4.1992,4.1992,0.0,1821.0,366,4.1992,4.1958,-0.0034,300.0,61,0.3874925970374502,-480.0,0.0757154722222222
1014,1.475409836058696e-09,7.81024967594898,4.1995,4.1992,4.199204918032787,61.00000000045575,1674.0,336,4.1992,4.1682,-0.0310000000000005,300.0,61,0.3845309855386698,-481.0,0.0751367777777777
1015,0.0,0.0,4.1992,4.1992,4.1992,0.0,1705.0,343,4.1992,4.1992,0.0,300.0,61,0.3847664018801464,-482.0,0.0751827777777777
1016,2.901639344248769e-09,5.380496869825674,4.1995,4.1992,4.199209836065574,27.862683137098003,1794.0,360,4.1992,4.1992,0.0,300.0,61,0.3865789371179637,-483.0,0.0755369444444444
1017,5.606557377023047e-09,3.599125388730193,4.1995,4.1992,4.199219672131147,11.324094866102932,1637.0,329,4.1992,4.1992,0.0,300.0,61,0.3885872261614654,-484.0,0.0759293611111111
1018,8.114754098322835e-09,2.765843744567459,4.1995,4.1992,4.199229508196722,5.840391052494157,1569.0,315,4.1992,4.1992,0.0,300.0,61,0.3808472031372923,-485.0,0.0744169722222222
1019,2.901639344248769e-09,5.3804968698256745,4.1995,4.1992,4.199209836065574,27.862683137098003,1722.0,346,4.1992,4.1992,0.0,300.0,61,0.3864242674443367,-486.0,0.0755067222222222
1020,1.0426229508148125e-08,2.240877502749857,4.1995,4.1992,4.199239344262295,3.122884112848616,1813.0,364,4.1992,4.1697,-0.0295000000000005,300.0,61,0.3795094810519699,-487.0,0.0741555833333333
1021,1.475409836058696e-09,7.81024967594898,4.1995,4.1992,4.199204918032787,61.00000000045575,1701.0,342,4.1992,4.1992,0.0,300.0,61,0.3768675865531778,-488.0,0.0736393611111111
1022,0.0,0.0,4.1992,4.1992,4.1992,0.0,1759.0,353,4.1992,4.1691,-0.0301,300.0,61,0.3771349888106158,-489.0,0.0736916111111111
1023,4.2786885245702195e-09,4.275398459367966,4.1995,4.1992,4.199214754098361,16.830044942404605,1797.0,361,4.1992,4.1688,-0.0304000000000002,300.0,61,0.3775169717270092,-490.0,0.07376625
1024,6.885245901607251e-09,3.12521349870969,4.1995,4.1992,4.199224590163934,8.029264423614336,1723.0,346,4.1992,4.1992,0.0,300.0,61,0.3887094834402516,-491.0,0.07595325
1025,0.0,0.0,4.1992,4.1992,4.1992,0.0,1767.0,355,4.1992,4.1992,0.0,300.0,61,0.3906088782098577,-492.0,0.0763243888888888
1026,0.0,0.0,4.1992,4.1992,4.1992,0.0,1676.0,337,4.1992,4.1992,0.0,300.0,61,0.3893843151872256,-493.0,0.0760851111111111
1027,0.0,0.0,4.1992,4.1992,4.1992,0.0,1748.0,351,4.1992,4.1948,-0.0044000000000004,300.0,61,0.3891931104895892,-494.0,0.07604775
1028,1.475409836058696e-09,7.81024967594898,4.1995,4.1992,4.199204918032787,61.00000000045575,1610.0,324,4.1992,4.1992,0.0,300.0,61,0.3870064111148357,-495.0,0.0756204722222222
1029,0.0,0.0,4.1992,4.1992,4.1992,0.0,1678.0,337,4.1992,4.1992,0.0,300.0,61,0.385880364713365,-496.0,0.0754004444444444
1030,0.0,0.0,4.1992,4.1992,4.1992,0.0,1699.0,341,4.1992,4.1992,0.0,300.0,61,0.3860401521335459,-497.0,0.0754316666666666
1031,0.0,0.0,4.1992,4.1992,4.1992,0.0,1725.0,347,4.1992,4.1992,0.0,300.0,61,0.3885738631565749,-498.0,0.07592675
1032,0.0,0.0,4.1992,4.1992,4.1992,0.0,1725.0,346,4.1992,4.1992,0.0,300.0,61,0.3829595530273887,-499.0,0.0748297222222222
1033,1.475409836058696e-09,7.810249675948983,4.1995,4.1992,4.199204918032787,61.00000000045575,1707.0,343,4.1992,4.1992,0.0,300.0,61,0.3800734282902774,-500.0,0.0742657777777777
1034,0.0,0.0,4.1992,4.1992,4.1992,0.0,1701.0,342,4.1992,4.1948,-0.0044000000000004,300.0,61,0.3768845035487308,-501.0,0.0736426666666666
1035,0.0,0.0,4.1992,4.1992,4.1992,0.0,1808.0,363,4.1992,4.1992,0.0,300.0,61,0.3814296311270443,-502.0,0.0745307777777777
1036,0.0,0.0,4.1992,4.1992,4.1992,0.0,1758.0,353,4.1992,4.1992,0.0,300.0,61,0.3761189739600525,-503.0,0.0734930833333333
1037,0.0,0.0,4.1992,4.1992,4.1992,0.0,1716.0,345,4.1992,4.1992,0.0,300.0,61,0.3766833476772396,-504.0,0.0736033611111111
1038,4.2786885245955535e-09,-4.275398459370035,4.1992,4.1989,4.199185245901639,16.83004494241682,1855.0,373,4.1992,4.1992,0.0,300.0,61,0.3802795597486959,-505.0,0.0743060555555555
1039,0.0,0.0,4.1992,4.1992,4.1992,0.0,1607.0,323,4.1992,4.1992,0.0,300.0,61,0.3778183501351796,-506.0,0.0738251388888888
1040,0.0,0.0,4.1992,4.1992,4.1992,0.0,1691.0,340,4.1992,4.1688,-0.0304000000000002,300.0,61,0.3772927859960258,-507.0,0.0737224444444444
1041,0.0,0.0,4.1992,4.1992,4.1992,0.0,1703.0,342,4.1992,4.1992,0.0,300.0,61,0.3773355760436009,-508.0,0.0737308055555555
1042,0.0,0.0,4.1992,4.1992,4.1992,0.0,1715.0,344,4.1992,4.1992,0.0,300.0,61,0.3772126079666823,-509.0,0.0737067777777777
1043,0.0,0.0,4.1992,4.1992,4.1992,0.0,1653.0,332,4.1992,4.1992,0.0,300.0,61,0.3759347350841144,-510.0,0.0734570833333333
1044,0.0,0.0,4.1992,4.1992,4.1992,0.0,1633.0,328,4.1992,4.1992,0.0,300.0,61,0.3743654349672308,-511.0,0.0731504444444444
1045,0.0,0.0,4.1992,4.1992,4.1992,0.0,1696.0,341,4.1992,4.1694,-0.0297999999999998,300.0,61,0.3712336583955353,-512.0,0.0725385
1046,0.0,0.0,4.1992,4.1992,4.1992,0.0,1637.0,329,4.1992,4.1951,-0.0041000000000002,300.0,61,0.3723558664870906,-513.0,0.0727577777777777
1047,0.0,0.0,4.1992,4.1992,4.1992,0.0,1750.0,352,4.1992,4.1992,0.0,300.0,61,0.3745485365661569,-514.0,0.0731862222222222
1048,0.0,0.0,4.1992,4.1992,4.1992,0.0,1675.0,336,4.1992,4.1992,0.0,300.0,61,0.3716298572745782,-515.0,0.0726159166666666
1049,0.0,0.0,4.1992,4.1992,4.1992,0.0,1676.0,337,4.1992,4.1992,0.0,300.0,61,0.3691325391159319,-516.0,0.0721279444444444
1050,0.0,0.0,4.1992,4.1992,4.1992,0.0,1743.0,350,4.1992,4.1992,0.0,300.0,61,0.3771880143512985,-517.0,0.0737019722222222
1051,0.0,0.0,4.1992,4.1992,4.1992,0.0,1600.0,321,4.1992,4.1992,0.0,300.0,61,0.3818096238086668,-518.0,0.0746050277777777
1052,0.0,0.0,4.1992,4.1992,4.1992,0.0,1683.0,338,4.1992,4.1992,0.0,300.0,61,0.3863256086635488,-519.0,0.0754874444444444
1053,6.885245901607251e-09,3.12521349870969,4.1995,4.1992,4.199224590163934,8.029264423614336,1741.0,350,4.1992,4.1716,-0.0276000000000005,300.0,61,0.3907275814979814,-520.0,0.0763475833333333
1054,2.901639344248769e-09,5.380496869825675,4.1995,4.1992,4.199209836065574,27.862683137098003,1615.0,325,4.1992,4.1992,0.0,300.0,61,0.3810438099007356,-521.0,0.0744553888888888
1055,0.0,0.0,4.1992,4.1992,4.1992,0.0,1680.0,337,4.1992,4.171,-0.0282,300.0,61,0.3825697513315381,-522.0,0.0747535555555555
1056,0.0,0.0,4.1992,4.1992,4.1992,0.0,1685.0,338,4.1992,4.1992,0.0,300.0,61,0.3824349840056204,-523.0,0.0747272222222222
1057,0.0,0.0,4.1992,4.1992,4.1992,0.0,1568.0,315,4.1992,4.1992,0.0,300.0,61,0.3767446184762592,-524.0,0.0736153333333333
1058,6.885245901607251e-09,3.12521349870969,4.1995,4.1992,4.199224590163934,8.029264423614336,1712.0,344,4.1992,4.1992,0.0,300.0,61,0.3851583359703943,-525.0,0.0752593611111111
1059,4.278688524570219e-09,4.275398459367965,4.1995,4.1992,4.199214754098361,16.830044942404598,1625.0,327,4.1992,4.1992,0.0,300.0,61,0.3812769516881882,-526.0,0.0745009444444444
1060,0.0,0.0,4.1992,4.1992,4.1992,0.0,1673.0,336,4.1992,4.1992,0.0,300.0,61,0.3817841772355241,-527.0,0.0746000555555555
1061,1.475409836058696e-09,7.810249675948984,4.1995,4.1992,4.199204918032787,61.00000000045582,1673.0,336,4.1992,4.1992,0.0,300.0,61,0.3804238517695887,-528.0,0.0743342499999999
1062,0.0,0.0,4.1992,4.1992,4.1992,0.0,1841.0,370,4.1992,4.1992,0.0,300.0,61,0.409312109469736,-529.0,0.0799789722222222
1063,5.6065573770562446e-09,-3.599125388732605,4.1992,4.1989,4.199180327868853,11.324094866114905,1855.0,372,4.1992,4.1961,-0.0030999999999998,300.0,61,0.4072486624911541,-530.0,0.0795757777777777
1064,2.901639344265952e-09,-5.380496869776208,4.1992,4.1989,4.199190163934426,27.86268313673108,1946.0,391,4.1992,4.1964,-0.0028000000000005,300.0,61,0.4076852347041217,-531.0,0.0796610833333333
1065,1.4754098360674323e-09,-7.810249675878441,4.1992,4.1989,4.199195081967213,60.99999999969619,1788.0,359,4.1992,4.1992,0.0,300.0,61,0.4019256374366572,-532.0,0.0785356666666666
1066,2.901639344265952e-09,-5.380496869776206,4.1992,4.1989,4.199190163934426,27.86268313673107,1838.0,369,4.1992,4.1706,-0.0285999999999999,300.0,61,0.3978115378458779,-533.0,0.0777317777777777
1067,0.0,0.0,4.1992,4.1992,4.1992,0.0,1767.0,355,4.1992,4.1992,0.0,300.0,61,0.396737095388825,-534.0,0.0775218333333333
1068,1.4754098360674327e-09,-7.810249675878441,4.1992,4.1989,4.199195081967213,60.99999999969619,1788.0,359,4.1992,4.1992,0.0,300.0,61,0.396831489380818,-535.0,0.0775402777777777
1069,1.4754098360674323e-09,-7.810249675950162,4.1992,4.1989,4.199195081967214,61.000000000468425,1852.0,372,4.1992,4.1706,-0.0285999999999999,300.0,61,0.3944406487824171,-536.0,0.0770731111111111
1070,1.4754098360674323e-09,-7.810249675950162,4.1992,4.1989,4.199195081967214,61.000000000468425,1743.0,350,4.1992,4.1992,0.0,300.0,61,0.390285322899954,-537.0,0.0762611666666666
1071,1.4754098360674323e-09,-7.810249675950162,4.1992,4.1989,4.199195081967214,61.000000000468425,1740.0,350,4.1992,4.1992,0.0,300.0,61,0.3870311468898458,-538.0,0.0756253055555555
1072,0.0,0.0,4.1992,4.1992,4.1992,0.0,1775.0,356,4.1992,4.1992,0.0,300.0,61,0.3851830717454046,-539.0,0.0752641944444444
1073,0.0,0.0,4.1992,4.1992,4.1992,0.0,1687.0,339,4.1992,4.1992,0.0,300.0,61,0.3828065892692797,-540.0,0.0747998333333333
1074,2.901639344265952e-09,-5.380496869776208,4.1992,4.1989,4.199190163934426,27.86268313673108,1812.0,364,4.1992,4.1992,0.0,300.0,61,0.384445547603146,-541.0,0.0751200833333333
1075,0.0,0.0,4.1992,4.1992,4.1992,0.0,1828.0,367,4.1992,4.1992,0.0,300.0,61,0.3902800629937736,-542.0,0.0762601388888888
1076,0.0,0.0,4.1992,4.1992,4.1992,0.0,1804.0,362,4.1992,4.1992,0.0,300.0,61,0.3886239033451014,-543.0,0.0759365277777777
1077,0.0,0.0,4.1992,4.1992,4.1992,0.0,1761.0,354,4.1992,4.1951,-0.0041000000000002,300.0,61,0.3849908719303827,-544.0,0.0752266388888888
1078,0.0,0.0,4.1992,4.1992,4.1992,0.0,1764.0,354,4.1992,4.1992,0.0,300.0,61,0.3836213060887252,-545.0,0.0749590277777777
1079,0.0,0.0,4.1992,4.1992,4.1992,0.0,1764.0,354,4.1992,4.1992,0.0,300.0,61,0.3830785406347654,-546.0,0.0748529722222222
1080,0.0,0.0,4.1992,4.1992,4.1992,0.0,1779.0,357,4.1992,4.1992,0.0,300.0,61,0.3804409109247683,-547.0,0.0743375833333333
1081,0.0,0.0,4.1992,4.1992,4.1992,0.0,1788.0,359,4.1992,4.1992,0.0,300.0,61,0.3812537796690694,-548.0,0.0744964166666666
1082,0.0,0.0,4.1992,4.1992,4.1992,0.0,1786.0,359,4.1992,4.1992,0.0,300.0,61,0.3802441620016985,-549.0,0.0742991388888889
1083,0.0,0.0,4.1992,4.1992,4.1992,0.0,1750.0,352,4.1992,4.1992,0.0,300.0,61,0.3809404598522734,-550.0,0.0744351944444444
1084,0.0,0.0,4.1992,4.1992,4.1992,0.0,1688.0,339,4.1992,4.1992,0.0,300.0,61,0.3728875434901836,-551.0,0.0728616666666666
1085,4.2786885245955535e-09,-4.275398459370035,4.1992,4.1989,4.199185245901639,16.83004494241682,1757.0,353,4.1992,4.1992,0.0,300.0,61,0.3793276588896821,-552.0,0.0741200555555555
1086,0.0,0.0,4.1992,4.1992,4.1992,0.0,1755.0,352,4.1992,4.1992,0.0,300.0,61,0.3766070079578115,-553.0,0.0735884444444444
1087,0.0,0.0,4.1992,4.1992,4.1992,0.0,1734.0,348,4.1992,4.1992,0.0,300.0,61,0.3744828588187161,-554.0,0.0731733888888889
1088,1.4754098360674323e-09,-7.810249675878441,4.1992,4.1989,4.199195081967213,60.99999999969619,1704.0,342,4.1992,4.17,-0.0292000000000003,300.0,61,0.3758876802477444,-555.0,0.0734478888888888
1089,4.2786885245955535e-09,-4.275398459370035,4.1992,4.1989,4.199185245901639,16.83004494241682,1718.0,345,4.1992,4.1954,-0.0038,300.0,61,0.3728878278094367,-556.0,0.0728617222222222
1090,0.0,0.0,4.1992,4.1992,4.1992,0.0,1777.0,357,4.1992,4.1992,0.0,300.0,61,0.3764570295518588,-557.0,0.0735591388888888
1091,1.4754098360674323e-09,-7.810249675950162,4.1992,4.1989,4.199195081967214,61.000000000468425,1805.0,362,4.1992,4.1992,0.0,300.0,61,0.3728680676213538,-558.0,0.0728578611111111
1092,0.0,0.0,4.1992,4.1992,4.1992,0.0,1647.0,331,4.1992,4.1992,0.0,300.0,61,0.3664812620817912,-559.0,0.0716098888888888
1093,1.475409836058696e-09,7.810249675948982,4.1995,4.1992,4.199204918032787,61.00000000045576,1640.0,329,4.1992,4.1992,0.0,300.0,61,0.3687474286877557,-560.0,0.0720526944444444
1094,0.0,0.0,4.1992,4.1992,4.1992,0.0,1689.0,339,4.1992,4.1992,0.0,300.0,61,0.3704196523742221,-561.0,0.0723794444444444
1095,0.0,0.0,4.1992,4.1992,4.1992,0.0,1891.0,380,4.1992,4.1716,-0.0276000000000005,300.0,61,0.3763185660756522,-562.0,0.0735320833333333
1096,0.0,0.0,4.1992,4.1992,4.1992,0.0,1749.0,351,4.1992,4.1706,-0.0285999999999999,300.0,61,0.3701253819473764,-563.0,0.0723219444444444
1097,0.0,0.0,4.1992,4.1992,4.1992,0.0,1725.0,346,4.1992,4.1992,0.0,300.0,61,0.3720669981260518,-564.0,0.0727013333333333
1098,0.0,0.0,4.1992,4.1992,4.1992,0.0,1745.0,350,4.1992,4.1992,0.0,300.0,61,0.3683925982600229,-565.0,0.0719833611111111
1099,0.0,0.0,4.1992,4.1992,4.1992,0.0,1739.0,349,4.1992,4.1992,0.0,300.0,61,0.3648522549217795,-566.0,0.0712915833333333
1100,0.0,0.0,4.1992,4.1992,4.1992,0.0,1640.0,329,4.1992,4.1992,0.0,300.0,61,0.3618499857698214,-567.0,0.0707049444444444
1101,1.475409836058696e-09,7.81024967594898,4.1995,4.1992,4.199204918032787,61.00000000045575,1653.0,332,4.1992,4.1992,0.0,300.0,61,0.3607233707298447,-568.0,0.0704848055555555
1102,0.0,0.0,4.1992,4.1992,4.1992,0.0,1605.0,322,4.1992,4.1951,-0.0041000000000002,300.0,61,0.3577039002630806,-569.0,0.0698948055555555
1103,0.0,0.0,4.1992,4.1992,4.1992,0.0,1702.0,342,4.1992,4.1992,0.0,300.0,61,0.3630144152704458,-570.0,0.0709324722222222
1104,0.0,0.0,4.1992,4.1992,4.1992,0.0,1558.0,313,4.1992,4.1688,-0.0304000000000002,300.0,61,0.3599102176662905,-571.0,0.0703259166666666
1105,1.4754098360674323e-09,-7.810249675950162,4.1992,4.1989,4.199195081967214,61.000000000468425,1577.0,317,4.1992,4.1992,0.0,300.0,61,0.3585112247819484,-572.0,0.0700525555555555
1106,0.0,0.0,4.1992,4.1992,4.1992,0.0,1664.0,334,4.1992,4.1992,0.0,300.0,61,0.35942346310517,-573.0,0.0702308055555555
1107,0.0,0.0,4.1992,4.1992,4.1992,0.0,1591.0,320,4.1992,4.1992,0.0,300.0,61,0.3584173994284614,-574.0,0.0700342222222222
1108,0.0,0.0,4.1992,4.1992,4.1992,0.0,1742.0,350,4.1992,4.1992,0.0,300.0,61,0.3598863348490392,-575.0,0.07032125
1109,2.901639344265952e-09,-5.380496869776207,4.1992,4.1989,4.199190163934426,27.86268313673108,1581.0,318,4.1992,4.1992,0.0,300.0,61,0.3575379999789603,-576.0,0.0698623888888888
1110,1.4754098360674323e-09,-7.810249675950162,4.1992,4.1989,4.199195081967214,61.000000000468425,1715.0,345,4.1992,4.1992,0.0,300.0,61,0.3615124988165211,-577.0,0.070639
1111,0.0,0.0,4.1992,4.1992,4.1992,0.0,1711.0,344,4.1992,4.1992,0.0,300.0,61,0.3615604066106501,-578.0,0.0706483611111111
1112,0.0,0.0,4.1992,4.1992,4.1992,0.0,1743.0,350,4.1992,4.1961,-0.0030999999999998,300.0,61,0.3624551592998126,-579.0,0.0708231944444444
1113,0.0,0.0,4.1992,4.1992,4.1992,0.0,1741.0,350,4.1992,4.1992,0.0,300.0,61,0.3584330369873759,-580.0,0.0700372777777777
1114,0.0,0.0,4.1992,4.1992,4.1992,0.0,1762.0,354,4.1992,4.1961,-0.0030999999999998,300.0,61,0.3569498856041486,-581.0,0.0697474722222222
1115,0.0,0.0,4.1992,4.1992,4.1992,0.0,1708.0,343,4.1992,4.1992,0.0,300.0,61,0.3535683345687004,-582.0,0.0690867222222222
1116,0.0,0.0,4.1992,4.1992,4.1992,0.0,1666.0,335,4.1992,4.1992,0.0,300.0,61,0.3502348334870078,-583.0,0.0684353611111111
1117,0.0,0.0,4.1992,4.1992,4.1992,0.0,1611.0,324,4.1992,4.1992,0.0,300.0,61,0.3479044107298674,-584.0,0.06798
1118,0.0,0.0,4.1992,4.1992,4.1992,0.0,1705.0,343,4.1992,4.1992,0.0,300.0,61,0.3491393514052336,-585.0,0.0682213055555555
1119,1.475409836058696e-09,7.810249675948984,4.1995,4.1992,4.199204918032787,61.00000000045575,1653.0,332,4.1992,4.1992,0.0,300.0,61,0.3476675727921259,-586.0,0.0679337222222222
1120,1.475409836058696e-09,7.810249675948981,4.1995,4.1992,4.199204918032787,61.00000000045575,1673.0,336,4.1992,4.1992,0.0,300.0,61,0.3475932233074688,-587.0,0.0679191944444444
1121,0.0,0.0,4.1992,4.1992,4.1992,0.0,1745.0,351,4.1992,4.1992,0.0,300.0,61,0.3505013827866869,-588.0,0.0684874444444444
1122,2.901639344248769e-09,5.3804968698256745,4.1995,4.1992,4.199209836065574,27.862683137098003,1703.0,342,4.1992,4.1992,0.0,300.0,61,0.3527438087350266,-589.0,0.0689256111111111
1123,0.0,0.0,4.1992,4.1992,4.1992,0.0,1698.0,341,4.1992,4.1992,0.0,300.0,61,0.3498411934812419,-590.0,0.0683584444444444
1124,0.0,0.0,4.1992,4.1992,4.1992,0.0,1705.0,342,4.1992,4.1992,0.0,300.0,61,0.3501619055986157,-591.0,0.0684211111111111
1125,0.0,0.0,4.1992,4.1992,4.1992,0.0,1674.0,336,4.1992,4.1992,0.0,300.0,61,0.3461537149295756,-592.0,0.0676379166666666
1126,0.0,0.0,4.1992,4.1992,4.1992,0.0,1617.0,325,4.1992,4.1992,0.0,300.0,61,0.344786423641942,-593.0,0.06737075
1127,0.0,0.0,4.1992,4.1992,4.1992,0.0,1575.0,317,4.1992,4.1992,0.0,300.0,61,0.3422854093330069,-594.0,0.0668820555555555
1128,0.0,0.0,4.1992,4.1992,4.1992,0.0,1654.0,332,4.1992,4.17,-0.0292000000000003,300.0,61,0.3447598397917873,-595.0,0.0673655555555555
1129,0.0,0.0,4.1992,4.1992,4.1992,0.0,1643.0,330,4.1992,4.1992,0.0,300.0,61,0.3435140949848073,-596.0,0.0671221388888888
1130,0.0,0.0,4.1992,4.1992,4.1992,0.0,1606.0,323,4.1992,4.1992,0.0,300.0,61,0.3432775413663189,-597.0,0.0670759166666666
1131,1.475409836058696e-09,7.810249675948979,4.1995,4.1992,4.199204918032787,61.00000000045576,1675.0,336,4.1992,4.1954,-0.0038,300.0,61,0.3437523545188138,-598.0,0.0671686944444444
1132,0.0,0.0,4.1992,4.1992,4.1992,0.0,1646.0,331,4.1992,4.1992,0.0,300.0,61,0.3428972643654435,-599.0,0.0670016111111111
1133,0.0,0.0,4.1992,4.1992,4.1992,0.0,1675.0,336,4.1992,4.1992,0.0,300.0,61,0.3450801254302816,-600.0,0.0674281388888888
1134,0.0,0.0,4.1992,4.1992,4.1992,0.0,1622.0,326,4.1992,4.1992,0.0,300.0,61,0.3438724794032025,-601.0,0.0671921666666666
1135,0.0,0.0,4.1992,4.1992,4.1992,0.0,1688.0,339,4.1992,4.1992,0.0,300.0,61,0.3436581026864472,-602.0,0.0671502777777777
1136,0.0,0.0,4.1992,4.1992,4.1992,0.0,1543.0,310,4.1992,4.1992,0.0,300.0,61,0.3393509503228871,-603.0,0.0663086666666666
1137,0.0,0.0,4.1992,4.1992,4.1992,0.0,1632.0,328,4.1992,4.1992,0.0,300.0,61,0.3418966027545418,-604.0,0.0668060833333333
1138,0.0,0.0,4.1992,4.1992,4.1992,0.0,1530.0,308,4.1992,4.1992,0.0,300.0,61,0.3426041312156098,-605.0,0.0669443333333333
1139,0.0,0.0,4.1992,4.1992,4.1992,0.0,1601.0,322,4.1992,4.1992,0.0,300.0,61,0.3412253249982301,-606.0,0.0666749166666666
1140,0.0,0.0,4.1992,4.1992,4.1992,0.0,1566.0,315,4.1992,4.1992,0.0,300.0,61,0.3383436072095402,-607.0,0.0661118333333333
1141,0.0,0.0,4.1992,4.1992,4.1992,0.0,1579.0,317,4.1992,4.1992,0.0,300.0,61,0.3377692823184984,-608.0,0.0659996111111111
1142,0.0,0.0,4.1992,4.1992,4.1992,0.0,1640.0,330,4.1992,4.1992,0.0,300.0,61,0.3397386196243403,-609.0,0.0663844166666666
1143,1.4754098360674323e-09,-7.810249675878441,4.1992,4.1989,4.199195081967213,60.99999999969619,1561.0,314,4.1992,4.1992,0.0,300.0,61,0.3399038091103281,-610.0,0.0664166944444444
1144,0.0,0.0,4.1992,4.1992,4.1992,0.0,1588.0,319,4.1992,4.1992,0.0,300.0,61,0.3413512784273051,-611.0,0.0666995277777777
1145,2.9016393442659523e-09,-5.380496869776205,4.1992,4.1989,4.199190163934426,27.862683136731057,1548.0,311,4.1992,4.1992,0.0,300.0,61,0.3406079257403602,-612.0,0.0665542777777777
1146,0.0,0.0,4.1992,4.1992,4.1992,0.0,1531.0,308,4.1992,4.1992,0.0,300.0,61,0.3402557963455309,-613.0,0.0664854722222222
1147,1.4754098360674323e-09,-7.810249675950162,4.1992,4.1989,4.199195081967214,61.000000000468425,1493.0,300,4.1992,4.1992,0.0,300.0,61,0.3410578609582184,-614.0,0.0666421944444444
1148,6.885245901648021e-09,-3.1252134986792086,4.1992,4.1989,4.199175409836066,8.02926442348302,1607.0,323,4.1989,4.1992,0.0003000000000001,300.0,61,0.3367055018334327,-615.0,0.06579175
1149,4.278688524595555e-09,-4.275398459370033,4.1992,4.1989,4.199185245901639,16.83004494241679,1539.0,309,4.1992,4.1992,0.0,300.0,61,0.3378997848556213,-616.0,0.0660251111111111
1150,1.1508196721325976e-08,-2.0381402237725657,4.1992,4.1989,4.199155737704919,2.2259437426337874,1618.0,325,4.1992,4.1992,0.0,300.0,61,0.3414689865980434,-617.0,0.0667225277777777
1151,1.4754098360674323e-09,-7.810249675950162,4.1992,4.1989,4.199195081967214,61.000000000468425,1660.0,334,4.1992,4.1992,0.0,300.0,61,0.3433236010853034,-618.0,0.0670849166666666
1152,9.295081967224822e-09,-2.478794301438061,4.1992,4.1989,4.199165573770491,4.28385887759004,1615.0,325,4.1989,4.1992,0.0003000000000001,300.0,61,0.3394605553949151,-619.0,0.0663300833333333
1153,1.0426229508209856e-08,-2.2408775027264194,4.1992,4.1989,4.199160655737705,3.122884112776208,1612.0,324,4.1989,4.1992,0.0003000000000001,300.0,61,0.3384691341597357,-620.0,0.0661363611111111
1154,1.3524590163951461e-08,-1.7051861374537358,4.1992,4.1989,4.199145901639344,0.9373147016447811,1584.0,318,4.1992,4.1992,0.0,300.0,61,0.3417938213445855,-621.0,0.066786
1155,1.3524590163951464e-08,-1.7051861374537365,4.1992,4.1989,4.199145901639344,0.9373147016447811,1487.0,299,4.1989,4.1992,0.0003000000000001,300.0,61,0.3359937085835698,-622.0,0.0656526666666666
1156,4.278688524595554e-09,-4.275398459370035,4.1992,4.1989,4.199185245901639,16.830044942416812,1637.0,329,4.1992,4.1954,-0.0038,300.0,61,0.3393333225292017,-623.0,0.0663052222222222
1157,1.1508196721325976e-08,-2.038140223772566,4.1992,4.1989,4.199155737704919,2.225943742633788,1598.0,321,4.1992,4.1992,0.0,300.0,61,0.3397879490147342,-624.0,0.0663940555555555
1158,2.016393442625492e-08,-0.7519706664780242,4.1992,4.1989,4.199101639344262,-1.4843266667791746,1574.0,316,4.1989,4.1992,0.0003000000000001,300.0,61,0.3373993829703571,-625.0,0.0659273333333333
1159,1.1508196721325981e-08,2.038140223746885,4.1992,4.1989,4.1989442622950826,2.225943742561631,1580.0,318,4.1989,4.1834,-0.0155000000000002,300.0,61,0.3349543795542614,-626.0,0.0654495833333333
1160,1.8393442622974e-08,-1.0122819576065545,4.1992,4.1989,4.1991163934426226,-1.0094950259136208,1642.0,330,4.1992,4.1992,0.0,300.0,61,0.3355203170273398,-627.0,0.0655601666666666
1161,1.6180327868872846e-08,-1.319135852611025,4.1992,4.1989,4.199131147540984,-0.2698256764989222,1540.0,310,4.1989,4.1992,0.0003000000000001,300.0,61,0.3336597318357669,-628.0,0.0651966111111111
1162,5.6065573770562446e-09,-3.599125388732605,4.1992,4.1989,4.199180327868853,11.324094866114905,1515.0,304,4.1992,4.1992,0.0,300.0,61,0.3313890161217546,-629.0,0.0647529166666666
1163,0.0,0.0,4.1992,4.1992,4.1992,0.0,1630.0,327,4.1992,4.1992,0.0,300.0,61,0.3324195312542203,-630.0,0.0649542777777777
1164,1.1508196721325976e-08,-2.0381402237725657,4.1992,4.1989,4.199155737704919,2.2259437426337874,1490.0,300,4.1992,4.1989,-0.0003000000000001,300.0,61,0.3245984772429448,-631.0,0.0634260555555555
