cycle_number,relax_var,relax_ske,relax_max,relax_min,relax_mean,relax_kur,relax_duration_s,relax_points,relax_start_voltage,relax_end_voltage,relax_voltage_delta,window_s,window_points,SOH,RUL,discharge_capacity_in_Ah
1,0.0,0.0,4.1995,4.1995,4.1995,0.0,849.0,171,4.1995,4.1995,0.0,300.0,61,1.0040215856514667,536.0,0.171691011111111
2,1.9032786885269888e-08,-0.921420901150766,4.1998,4.1995,4.199711475409837,-1.1911525514108927,834.0,168,4.1998,4.1995,-0.0003000000000001,300.0,61,1.0045934394407012,535.0,0.1717888
3,9.29508196722483e-09,-2.4787943014666327,4.1998,4.1995,4.199765573770492,4.283858877687673,814.0,164,4.1998,4.1995,-0.0003000000000001,300.0,61,1.0038046957584466,534.0,0.171653922222222
4,1.9622950819696852e-08,0.8348624372473114,4.1998,4.1995,4.199593442622951,-1.3483299130458313,822.0,166,4.1995,4.1995,0.0,300.0,61,1.003256688161765,533.0,0.171560211111111
5,8.114754098370882e-09,-2.7658437446010486,4.1998,4.1995,4.199770491803279,5.840391052622232,815.0,165,4.1998,4.1998,0.0,300.0,61,1.003613146506017,532.0,0.171621166666667
6,2.2573770491831726e-08,0.2369000925636799,4.1998,4.1995,4.199632786885247,-2.0109403590093473,820.0,165,4.1998,4.1998,0.0,300.0,61,1.002280943547187,531.0,0.171393355555556
7,2.1836065573798007e-08,-0.4473272967893449,4.1998,4.1995,4.199681967213115,-1.86207686353159,815.0,165,4.1998,4.1995,-0.0003000000000001,300.0,61,1.001897130306301,530.0,0.171327722222222
8,2.2131147541011493e-08,-0.3759758601001888,4.1998,4.1995,4.199677049180329,-1.9228131696751725,822.0,166,4.1998,4.1998,0.0,300.0,61,1.001954828995638,529.0,0.171337588888889
9,2.1491803278715604e-08,-0.5202643571779448,4.1998,4.1995,4.199686885245902,-1.7891099053378108,824.0,166,4.1995,4.1998,0.0003000000000001,300.0,61,1.0007226890791234,528.0,0.171126888888889
10,2.2377049180356063e-08,0.3059217425185652,4.1998,4.1995,4.199627868852459,-1.972203132929638,818.0,165,4.1998,4.1995,-0.0003000000000001,300.0,61,1.0005232127545078,527.0,0.171092777777778
11,1.4754098360674323e-09,-7.810249675950162,4.1998,4.1995,4.199795081967213,61.000000000468425,824.0,166,4.1998,4.1995,-0.0003000000000001,300.0,61,1.0000397263273175,526.0,0.1710101
12,1.770491803280919e-08,-1.1082054477629588,4.1998,4.1995,4.199721311475411,-0.7991915058880181,830.0,168,4.1995,4.1998,0.0003000000000001,300.0,61,0.999327784278844,525.0,0.170888355555556
13,2.286885245904521e-08,0.0336238203495475,4.1998,4.1995,4.199647540983607,-2.0677966101701704,821.0,166,4.1995,4.1998,0.0003000000000001,300.0,61,0.9987454043773656,524.0,0.170788766666667
14,1.7704918032809198e-08,-1.1082054477215506,4.1998,4.1995,4.199721311475409,-0.7991915059512795,831.0,168,4.1998,4.1995,-0.0003000000000001,300.0,61,0.9979376877026688,523.0,0.170650644444444
15,2.016393442625492e-08,0.7519706664780241,4.1998,4.1995,4.199598360655738,-1.4843266667791746,836.0,169,4.1995,4.1998,0.0003000000000001,300.0,61,0.9979632882472624,522.0,0.170655022222222
16,2.2868852459045218e-08,-0.0336238203859818,4.1998,4.1995,4.199652459016394,-2.067796610168481,826.0,167,4.1995,4.1998,0.0003000000000001,300.0,61,0.9964458387081444,521.0,0.170395533333333
17,8.11475409837088e-09,-2.7658437446010495,4.1998,4.1995,4.199770491803279,5.840391052622236,827.0,167,4.1998,4.1995,-0.0003000000000001,300.0,61,0.9961778127019436,520.0,0.1703497
18,1.8393442622973992e-08,-1.0122819576268671,4.1998,4.1995,4.199716393442623,-1.0094950258852764,827.0,167,4.1998,4.1995,-0.0003000000000001,300.0,61,0.9958746996549308,519.0,0.170297866666667
19,2.2377049180356067e-08,-0.3059217425369813,4.1998,4.1995,4.199672131147541,-1.9722031329218723,831.0,168,4.1998,4.1995,-0.0003000000000001,300.0,61,0.9947341759005324,518.0,0.170102833333333
20,1.6967213114775483e-08,-1.2101123118364052,4.1998,4.1995,4.199726229508197,-0.5549259268283233,838.0,169,4.1995,4.1998,0.0003000000000001,300.0,61,0.9944417838937656,517.0,0.170052833333333
21,2.2377049180356073e-08,-0.3059217425369813,4.1998,4.1995,4.199672131147541,-1.9722031329218723,834.0,168,4.1998,4.1995,-0.0003000000000001,300.0,61,0.9931533097839492,516.0,0.1698325
22,2.016393442625492e-08,-0.7519706664974246,4.1998,4.1995,4.199701639344262,-1.4843266667590636,835.0,169,4.1998,4.1998,0.0,300.0,61,0.993255452058315,515.0,0.169849966666667
23,8.020085869746953e-31,0.0,4.1998,4.1998,4.199800000000001,0.0,833.0,168,4.1998,4.1998,0.0,300.0,61,0.9931013289827456,514.0,0.169823611111111
24,5.6065573770562446e-09,-3.599125388732605,4.1998,4.1995,4.199780327868853,11.324094866114905,839.0,169,4.1998,4.1998,0.0,300.0,61,0.991904665963054,513.0,0.169618977777778
25,1.5344262295101298e-08,-1.436694008364123,4.1998,4.1995,4.199736065573771,0.0651328508235109,836.0,169,4.1995,4.1998,0.0003000000000001,300.0,61,0.9918295537053124,512.0,0.169606133333333
26,8.020085869746953e-31,0.0,4.1998,4.1998,4.199800000000001,0.0,836.0,169,4.1998,4.1998,0.0,300.0,61,0.9910662806156498,511.0,0.169475611111111
27,1.3524590163951464e-08,1.7051861374537365,4.1998,4.1995,4.199554098360656,0.9373147016447811,844.0,170,4.1995,4.1995,0.0,300.0,61,0.990785129457142,510.0,0.169427533333333
28,8.020085869746953e-31,0.0,4.1998,4.1998,4.199800000000001,0.0,843.0,170,4.1998,4.1998,0.0,300.0,61,0.9905302286032422,509.0,0.169383944444444
29,1.9032786885269884e-08,-0.9214209011507668,4.1998,4.1995,4.199711475409837,-1.1911525514108898,846.0,171,4.1998,4.1995,-0.0003000000000001,300.0,61,0.989602501253775,508.0,0.1692253
30,2.1836065573798e-08,0.4473272967520593,4.1998,4.1995,4.199618032786886,-1.8620768635545824,841.0,170,4.1998,4.1998,0.0,300.0,61,0.9892255104930486,507.0,0.169160833333333
31,2.257377049183173e-08,-0.236900092600351,4.1998,4.1995,4.199667213114754,-2.010940358997372,839.0,169,4.1995,4.1998,0.0003000000000001,300.0,61,0.9888013471552344,506.0,0.1690883
32,2.1836065573798007e-08,-0.4473272967893449,4.1998,4.1995,4.199681967213115,-1.86207686353159,845.0,171,4.1998,4.1998,0.0,300.0,61,0.9886883538886208,505.0,0.169068977777778
33,1.6967213114775483e-08,-1.2101123118364052,4.1998,4.1995,4.199726229508197,-0.5549259268283238,843.0,170,4.1998,4.1998,0.0,300.0,61,0.9883887495456832,504.0,0.169017744444444
34,2.2377049180356073e-08,-0.3059217425369813,4.1998,4.1995,4.199672131147541,-1.972203132921872,842.0,170,4.1998,4.1998,0.0,300.0,61,0.9871028094999236,503.0,0.168797844444444
35,2.1491803278715607e-08,0.5202643571591531,4.1998,4.1995,4.199613114754098,-1.7891099053512884,842.0,170,4.1998,4.1998,0.0,300.0,61,0.9874713533804572,502.0,0.168860866666667
36,2.016393442625492e-08,0.7519706664780241,4.1998,4.1995,4.199598360655738,-1.4843266667791746,837.0,169,4.1995,4.1998,0.0003000000000001,300.0,61,0.9867587615719634,501.0,0.168739011111111
37,6.885245901648018e-09,-3.125213498712412,4.1998,4.1995,4.199775409836066,8.029264423626056,848.0,171,4.1998,4.1998,0.0,300.0,61,0.9866326431530428,500.0,0.168717444444444
38,1.4459016393460842e-08,-1.5645937537174308,4.1998,4.1995,4.199740983606558,0.4620164840384229,843.0,170,4.1998,4.1998,0.0,300.0,61,0.9863609135147584,499.0,0.168670977777778
39,2.0655737704944056e-08,-0.6722061615827769,4.1998,4.1995,4.199696721311476,-1.6017784086034108,844.0,170,4.1995,4.1998,0.0003000000000001,300.0,61,0.9851069416617344,498.0,0.168456544444444
40,1.6180327868872846e-08,-1.319135852611025,4.1998,4.1995,4.199731147540984,-0.2698256764989222,841.0,170,4.1998,4.1998,0.0,300.0,61,0.9855689860084323,497.0,0.168535555555556
41,2.2131147541011493e-08,-0.3759758600816707,4.1998,4.1995,4.199677049180328,-1.9228131696847692,843.0,170,4.1998,4.1995,-0.0003000000000001,300.0,61,0.9848374212075024,496.0,0.168410455555556
42,9.29508196722483e-09,-2.4787943014666327,4.1998,4.1995,4.199765573770492,4.283858877687673,850.0,171,4.1998,4.1998,0.0,300.0,61,0.9837552459024556,495.0,0.1682254
43,1.3524590163951464e-08,-1.7051861374537356,4.1998,4.1995,4.199745901639344,0.9373147016447811,843.0,170,4.1998,4.1998,0.0,300.0,61,0.9840976694303828,494.0,0.168283955555556
44,4.278688524595554e-09,-4.275398459412154,4.1998,4.1995,4.19978524590164,16.83004494266504,846.0,171,4.1998,4.1998,0.0,300.0,61,0.9832074982097774,493.0,0.168131733333333
45,1.2540983606573182e-08,-1.8616039840986496,4.1998,4.1995,4.199750819672132,1.514147213599088,847.0,171,4.1998,4.1998,0.0,300.0,61,0.9822927010846086,492.0,0.1679753
46,1.2540983606573177e-08,1.8616039840740517,4.1998,4.1995,4.199549180327868,1.5141472135359608,844.0,170,4.1995,4.1995,0.0,300.0,61,0.9825562437467096,491.0,0.168020366666667
47,2.2819672131176293e-08,0.1009801002776679,4.1998,4.1995,4.19964262295082,-2.0584226808289494,849.0,171,4.1998,4.1998,0.0,300.0,61,0.981537809899138,490.0,0.167846211111111
48,2.016393442625492e-08,0.7519706664780244,4.1998,4.1995,4.199598360655738,-1.4843266667791748,846.0,171,4.1995,4.1995,0.0,300.0,61,0.9814278705045938,489.0,0.167827411111111
49,1.8393442622973992e-08,-1.0122819576268671,4.1998,4.1995,4.199716393442623,-1.0094950258852764,849.0,171,4.1998,4.1998,0.0,300.0,61,0.9812586080206792,488.0,0.167798466666667
50,1.6180327868872843e-08,-1.3191358526110255,4.1998,4.1995,4.199731147540984,-0.2698256764989208,847.0,171,4.1995,4.1995,0.0,300.0,61,0.9805517341003192,487.0,0.167677588888889
51,1.3524590163951474e-08,-1.705186137477422,4.1998,4.1995,4.199745901639345,0.937314701700461,850.0,172,4.1998,4.1998,0.0,300.0,61,0.980519960835586,486.0,0.167672155555556
52,1.9622950819696852e-08,0.8348624372473112,4.1998,4.1995,4.199593442622951,-1.3483299130458315,868.0,175,4.1995,4.1998,0.0003000000000001,300.0,61,0.9822781464602712,485.0,0.167972811111111
53,2.2131147541011493e-08,-0.3759758600816708,4.1998,4.1995,4.199677049180328,-1.9228131696847692,858.0,173,4.1998,4.1995,-0.0003000000000001,300.0,61,0.9816554164618592,484.0,0.167866322222222
54,1.9622950819696855e-08,-0.8348624372669775,4.1998,4.1995,4.199706557377049,-1.3483299130231987,842.0,170,4.1995,4.1995,0.0,300.0,61,0.9799604524866362,483.0,0.167576477777778
55,2.2721311475438467e-08,0.1686640598014435,4.1998,4.1995,4.199637704918033,-2.0395530828069632,844.0,170,4.1998,4.1995,-0.0003000000000001,300.0,61,0.9795875552140044,482.0,0.167512711111111
56,1.618032786887285e-08,-1.3191358526110253,4.1998,4.1995,4.199731147540984,-0.2698256764989226,842.0,170,4.1998,4.1995,-0.0003000000000001,300.0,61,0.9789008238541138,481.0,0.167395277777778
57,2.2573770491831726e-08,0.2369000925636799,4.1998,4.1995,4.199632786885247,-2.0109403590093473,844.0,170,4.1995,4.1995,0.0,300.0,61,0.9782314410866207,480.0,0.167280811111111
58,1.4754098360674323e-09,7.810249675878442,4.1998,4.1995,4.199504918032787,60.99999999969618,844.0,170,4.1995,4.1995,0.0,300.0,61,0.9774888953414352,479.0,0.167153833333333
59,2.2377049180356063e-08,0.3059217425185652,4.1998,4.1995,4.199627868852459,-1.972203132929638,842.0,170,4.1998,4.1995,-0.0003000000000001,300.0,61,0.9766555131461494,478.0,0.167011322222222
60,2.2377049180356073e-08,-0.3059217425369813,4.1998,4.1995,4.199672131147541,-1.9722031329218723,841.0,170,4.1995,4.1998,0.0003000000000001,300.0,61,0.9766961881230932,477.0,0.167018277777778
61,2.28688524590452e-08,-0.033623820367765,4.1998,4.1995,4.199652459016393,-2.0677966101693244,844.0,170,4.1998,4.1995,-0.0003000000000001,300.0,61,0.9759054301847944,476.0,0.166883055555556
62,2.016393442625492e-08,0.7519706664780244,4.1998,4.1995,4.199598360655738,-1.4843266667791748,841.0,170,4.1995,4.1998,0.0003000000000001,300.0,61,0.9762770279373916,475.0,0.1669466
63,2.2573770491831726e-08,0.2369000926003512,4.1998,4.1995,4.199632786885245,-2.010940358997371,849.0,171,4.1998,4.1995,-0.0003000000000001,300.0,61,0.975128577110813,474.0,0.166750211111111
64,2.2819672131176293e-08,-0.1009801002959048,4.1998,4.1995,4.1996573770491805,-2.0584226808264097,840.0,170,4.1995,4.1998,0.0003000000000001,300.0,61,0.974597073418512,473.0,0.166659322222222
65,2.286885245904521e-08,0.0336238203495475,4.1998,4.1995,4.199647540983607,-2.0677966101701704,845.0,171,4.1995,4.1998,0.0003000000000001,300.0,61,0.9740117695969662,472.0,0.166559233333333
66,9.295081967224822e-09,2.478794301438061,4.1998,4.1995,4.1995344262295085,4.283858877590039,845.0,171,4.1995,4.1995,0.0,300.0,61,0.97315025279303,471.0,0.166411911111111
67,8.114754098370882e-09,-2.765843744601048,4.1998,4.1995,4.199770491803279,5.840391052622232,843.0,170,4.1995,4.1995,0.0,300.0,61,0.9728923630430618,470.0,0.166367811111111
68,1.8393442622973992e-08,-1.0122819576268671,4.1998,4.1995,4.199716393442623,-1.0094950258852764,849.0,171,4.1998,4.1998,0.0,300.0,61,0.9719327324768536,469.0,0.166203711111111
69,2.016393442625492e-08,-0.7519706664974246,4.1998,4.1995,4.199701639344262,-1.484326666759063,845.0,170,4.1995,4.1998,0.0003000000000001,300.0,61,0.9716650313506572,468.0,0.166157933333333
70,1.2540983606573177e-08,1.8616039840494512,4.1998,4.1995,4.199549180327869,1.514147213472827,849.0,171,4.1995,4.1998,0.0003000000000001,300.0,61,0.9711912263476934,467.0,0.166076911111111
71,2.2868852459045205e-08,0.0336238203677647,4.1998,4.1995,4.199647540983606,-2.067796610169325,846.0,171,4.1998,4.1995,-0.0003000000000001,300.0,61,0.970902667925018,466.0,0.166027566666667
72,1.9622950819696852e-08,0.8348624372473111,4.1998,4.1995,4.199593442622951,-1.3483299130458315,848.0,171,4.1995,4.1998,0.0003000000000001,300.0,61,0.9696448624879088,465.0,0.165812477777778
73,1.2540983606573182e-08,-1.86160398409865,4.1998,4.1995,4.199750819672132,1.514147213599088,851.0,172,4.1998,4.1998,0.0,300.0,61,0.9699126285901062,464.0,0.165858266666667
74,8.114754098370879e-09,-2.765843744601051,4.1998,4.1995,4.199770491803279,5.840391052622243,847.0,171,4.1998,4.1995,-0.0003000000000001,300.0,61,0.9695872287745724,463.0,0.165802622222222
75,2.0655737704944056e-08,0.6722061615636088,4.1998,4.1995,4.1996032786885245,-1.6017784086211737,860.0,173,4.1995,4.1998,0.0003000000000001,300.0,61,0.9684160363474668,462.0,0.165602344444444
76,2.1491803278715604e-08,-0.5202643571779448,4.1998,4.1995,4.199686885245902,-1.789109905337811,850.0,171,4.1995,4.1995,0.0,300.0,61,0.9684084991312976,461.0,0.165601055555556
77,1.8393442622974e-08,1.0122819576065545,4.1998,4.1995,4.199583606557377,-1.0094950259136215,846.0,171,4.1995,4.1998,0.0003000000000001,300.0,61,0.9673159276660088,460.0,0.165414222222222
78,2.2819672131176297e-08,0.1009801002776679,4.1998,4.1995,4.19964262295082,-2.0584226808289494,848.0,171,4.1995,4.1995,0.0,300.0,61,0.9671582309103632,459.0,0.165387255555556
79,2.2573770491831733e-08,-0.236900092600351,4.1998,4.1995,4.199667213114754,-2.010940358997372,854.0,172,4.1998,4.1998,0.0,300.0,61,0.9666617492828736,458.0,0.165302355555556
80,1.53442622951013e-08,1.436694008319643,4.1998,4.1995,4.19956393442623,0.0651328507354143,853.0,172,4.1995,4.1995,0.0,300.0,61,0.9661003566298816,457.0,0.165206355555556
81,5.6065573770562446e-09,-3.599125388732605,4.1998,4.1995,4.199780327868853,11.324094866114905,849.0,171,4.1998,4.1998,0.0,300.0,61,0.9658427917599176,456.0,0.165162311111111
82,2.272131147543846e-08,-0.1686640598379957,4.1998,4.1995,4.199662295081968,-2.0395530827984647,853.0,172,4.1995,4.1995,0.0,300.0,61,0.964817990264204,455.0,0.164987066666667
83,2.2819672131176297e-08,0.1009801002776679,4.1998,4.1995,4.19964262295082,-2.0584226808289494,853.0,172,4.1995,4.1995,0.0,300.0,61,0.9649880324601346,454.0,0.165016144444444
84,2.1491803278715604e-08,-0.5202643571779448,4.1998,4.1995,4.199686885245902,-1.7891099053378108,857.0,173,4.1995,4.1998,0.0003000000000001,300.0,61,0.9642225501864194,453.0,0.164885244444444
85,2.016393442625492e-08,-0.7519706664974248,4.1998,4.1995,4.199701639344262,-1.484326666759063,853.0,172,4.1998,4.1998,0.0,300.0,61,0.9639090409791649,452.0,0.164831633333333
86,2.2819672131176297e-08,0.1009801002776679,4.1998,4.1995,4.19964262295082,-2.0584226808289494,852.0,172,4.1998,4.1995,-0.0003000000000001,300.0,61,0.9635648630992028,451.0,0.164772777777778
87,1.2540983606573178e-08,-1.8616039840986505,4.1998,4.1995,4.199750819672132,1.514147213599088,858.0,173,4.1998,4.1995,-0.0003000000000001,300.0,61,0.9628525961707196,450.0,0.164650977777778
88,4.278688524595554e-09,-4.275398459412154,4.1998,4.1995,4.19978524590164,16.83004494266504,855.0,172,4.1998,4.1995,-0.0003000000000001,300.0,61,0.9631704587700723,449.0,0.164705333333333
89,1.6967213114775476e-08,-1.2101123118364052,4.1998,4.1995,4.199726229508197,-0.554925926828322,866.0,175,4.1995,4.1998,0.0003000000000001,300.0,61,0.962437724401115,448.0,0.164580033333333
90,1.4754098360674331e-09,-7.810249675950155,4.1998,4.1995,4.199795081967213,61.000000000468354,852.0,172,4.1998,4.1998,0.0,300.0,61,0.9617923177781827,447.0,0.164469666666667
91,2.2868852459045205e-08,0.0336238203677647,4.1998,4.1995,4.199647540983606,-2.067796610169325,858.0,173,4.1998,4.1998,0.0,300.0,61,0.9617143465763744,446.0,0.164456333333333
92,2.2819672131176293e-08,0.100980100277668,4.1998,4.1995,4.19964262295082,-2.0584226808289494,858.0,173,4.1995,4.1998,0.0003000000000001,300.0,61,0.9611349555709704,445.0,0.164357255555556
93,2.2573770491831726e-08,-0.2369000926003512,4.1998,4.1995,4.199667213114754,-2.010940358997371,852.0,172,4.1995,4.1998,0.0003000000000001,300.0,61,0.960950878558709,444.0,0.164325777777778
94,1.4459016393460842e-08,-1.5645937537174304,4.1998,4.1995,4.199740983606558,0.4620164840384229,855.0,173,4.1998,4.1998,0.0,300.0,61,0.960521062308762,443.0,0.164252277777778
95,2.2377049180356063e-08,0.3059217425185653,4.1998,4.1995,4.199627868852459,-1.972203132929638,855.0,173,4.1995,4.1995,0.0,300.0,61,0.9599974856886414,442.0,0.164162744444444
96,2.0655737704944052e-08,-0.6722061615827769,4.1998,4.1995,4.199696721311476,-1.6017784086034108,857.0,173,4.1995,4.1998,0.0003000000000001,300.0,61,0.9595870322871476,441.0,0.164092555555556
97,1.5344262295101298e-08,-1.4366940083641233,4.1998,4.1995,4.199736065573771,0.0651328508235109,858.0,173,4.1998,4.1995,-0.0003000000000001,300.0,61,0.9597781916835664,440.0,0.164125244444444
98,1.2540983606573177e-08,-1.8616039840740517,4.1998,4.1995,4.199750819672131,1.5141472135359608,857.0,173,4.1998,4.1998,0.0,300.0,61,0.958977362465036,439.0,0.1639883
99,1.3524590163951473e-08,-1.7051861374774222,4.1998,4.1995,4.199745901639345,0.937314701700461,861.0,174,4.1998,4.1998,0.0,300.0,61,0.9582940098572188,438.0,0.163871444444444
100,9.295081967224829e-09,-2.4787943014952094,4.1998,4.1995,4.199765573770493,4.283858877785325,858.0,173,4.1998,4.1998,0.0,300.0,61,0.9583710713950035,437.0,0.163884622222222
101,2.1836065573798007e-08,-0.4473272967893449,4.1998,4.1995,4.199681967213115,-1.86207686353159,858.0,173,4.1995,4.1998,0.0003000000000001,300.0,61,0.9576076683533392,436.0,0.163754077777778
102,2.2131147541011493e-08,-0.3759758601001888,4.1998,4.1995,4.199677049180329,-1.9228131696751725,861.0,174,4.1998,4.1998,0.0,300.0,61,0.9579292345847816,435.0,0.163809066666667
103,1.0426229508209862e-08,-2.240877502753397,4.1998,4.1995,4.199760655737705,3.1228841128595493,862.0,174,4.1998,4.1995,-0.0003000000000001,300.0,61,0.9567353005571492,434.0,0.1636049
104,2.0655737704944056e-08,0.6722061615444407,4.1998,4.1995,4.199603278688525,-1.601778408638935,880.0,177,4.1998,4.1995,-0.0003000000000001,300.0,61,0.9539549124768018,433.0,0.163129444444444
105,2.1098360655764292e-08,-0.5951052868600601,4.1998,4.1995,4.1996918032786885,-1.7028033334233432,877.0,177,4.1998,4.1998,0.0,300.0,61,0.9534188604644002,432.0,0.163037777777778
106,8.114754098370879e-09,-2.7658437446010504,4.1998,4.1995,4.199770491803279,5.840391052622239,862.0,174,4.1998,4.1995,-0.0003000000000001,300.0,61,0.9521077747060585,431.0,0.162813577777778
107,2.1098360655764292e-08,0.5951052868600604,4.1998,4.1995,4.199608196721311,-1.702803333423343,863.0,174,4.1995,4.1998,0.0003000000000001,300.0,61,0.951883932380877,430.0,0.1627753
108,1.6967213114775483e-08,-1.2101123118364048,4.1998,4.1995,4.199726229508197,-0.5549259268283233,861.0,174,4.1998,4.1998,0.0,300.0,61,0.951120334411204,429.0,0.162644722222222
109,1.5344262295101295e-08,-1.4366940083641233,4.1998,4.1995,4.199736065573771,0.0651328508235109,861.0,174,4.1998,4.1998,0.0,300.0,61,0.950683370801093,428.0,0.16257
110,1.4459016393460842e-08,-1.5645937536945205,4.1998,4.1995,4.199740983606557,0.4620164839890068,868.0,175,4.1998,4.1998,0.0,300.0,61,0.9498269221252702,427.0,0.162423544444444
111,1.9032786885269884e-08,-0.9214209011507668,4.1998,4.1995,4.199711475409837,-1.1911525514108898,856.0,173,4.1998,4.1998,0.0,300.0,61,0.9495176363581176,426.0,0.162370655555556
112,1.2540983606573178e-08,-1.8616039840986505,4.1998,4.1995,4.199750819672132,1.514147213599088,858.0,173,4.1998,4.1998,0.0,300.0,61,0.9496245868565876,425.0,0.162388944444444
113,2.0655737704944066e-08,-0.6722061615827765,4.1998,4.1995,4.199696721311476,-1.6017784086034117,868.0,175,4.1995,4.1998,0.0003000000000001,300.0,61,0.9488017307735452,424.0,0.162248233333333
114,2.2377049180356073e-08,-0.3059217425369813,4.1998,4.1995,4.199672131147541,-1.9722031329218723,860.0,173,4.1995,4.1998,0.0003000000000001,300.0,61,0.9489535147130608,423.0,0.162274188888889
115,2.016393442625492e-08,-0.7519706664974249,4.1998,4.1995,4.199701639344262,-1.484326666759064,865.0,175,4.1995,4.1995,0.0,300.0,61,0.9479547685939468,422.0,0.1621034
116,1.9032786885269888e-08,-0.921420901150766,4.1998,4.1995,4.199711475409837,-1.1911525514108925,861.0,174,4.1998,4.1995,-0.0003000000000001,300.0,61,0.9475100078636512,421.0,0.162027344444444
117,2.0655737704944066e-08,0.6722061615636084,4.1998,4.1995,4.1996032786885245,-1.6017784086211744,866.0,175,4.1995,4.1995,0.0,300.0,61,0.9466817587724856,420.0,0.161885711111111
118,2.1098360655764292e-08,-0.5951052868600603,4.1998,4.1995,4.1996918032786885,-1.7028033334233432,863.0,174,4.1998,4.1995,-0.0003000000000001,300.0,61,0.9464542128152202,419.0,0.1618468
119,1.6180327868872846e-08,-1.3191358526110253,4.1998,4.1995,4.199731147540984,-0.2698256764989226,865.0,174,4.1995,4.1998,0.0003000000000001,300.0,61,0.945816278432456,418.0,0.161737711111111
120,6.885245901648019e-09,-3.1252134987124123,4.1998,4.1995,4.199775409836066,8.029264423626058,867.0,175,4.1998,4.1998,0.0,300.0,61,0.9456559826367472,417.0,0.1617103
121,4.278688524595554e-09,4.275398459370035,4.1998,4.1995,4.19951475409836,16.830044942416812,869.0,175,4.1995,4.1995,0.0,300.0,61,0.9447005755106356,416.0,0.161546922222222
122,2.286885245904521e-08,0.0336238203495475,4.1998,4.1995,4.199647540983607,-2.0677966101701704,863.0,174,4.1998,4.1995,-0.0003000000000001,300.0,61,0.9448604814503392,415.0,0.161574266666667
123,2.2868852459045208e-08,-0.0336238203859818,4.1998,4.1995,4.199652459016394,-2.067796610168481,873.0,176,4.1998,4.1995,-0.0003000000000001,300.0,61,0.9441526978659556,414.0,0.161453233333333
124,2.257377049183173e-08,-0.236900092600351,4.1998,4.1995,4.199667213114754,-2.0109403589973724,869.0,175,4.1998,4.1998,0.0,300.0,61,0.943285658101894,413.0,0.161304966666667
125,2.1491803278715607e-08,0.5202643571591531,4.1998,4.1995,4.199613114754098,-1.7891099053512889,869.0,175,4.1998,4.1995,-0.0003000000000001,300.0,61,0.943628926317838,412.0,0.161363666666667
126,2.2819672131176293e-08,-0.1009801002959048,4.1998,4.1995,4.1996573770491805,-2.05842268082641,865.0,175,4.1995,4.1995,0.0,300.0,61,0.9426276461346615,411.0,0.161192444444444
127,2.1836065573798004e-08,-0.4473272967893449,4.1998,4.1995,4.199681967213115,-1.8620768635315896,867.0,175,4.1995,4.1995,0.0,300.0,61,0.9427673445378952,410.0,0.161216333333333
128,1.8393442622974e-08,1.0122819576065545,4.1998,4.1995,4.199583606557377,-1.0094950259136215,869.0,175,4.1995,4.1995,0.0,300.0,61,0.941730392529899,409.0,0.161039011111111
129,1.6180327868872846e-08,1.3191358525893682,4.1998,4.1995,4.1995688524590165,-0.2698256765383067,875.0,177,4.1995,4.1995,0.0,300.0,61,0.9417517046583954,408.0,0.161042655555556
130,1.6180327868872843e-08,-1.3191358526110255,4.1998,4.1995,4.199731147540984,-0.2698256764989208,870.0,176,4.1998,4.1995,-0.0003000000000001,300.0,61,0.9416780218726902,407.0,0.161030055555556
131,2.016393442625492e-08,-0.7519706664974248,4.1998,4.1995,4.199701639344262,-1.484326666759063,879.0,177,4.1998,4.1995,-0.0003000000000001,300.0,61,0.9408148156927084,406.0,0.160882444444444
132,1.7704918032809188e-08,-1.1082054477629593,4.1998,4.1995,4.199721311475411,-0.7991915058880172,871.0,176,4.1998,4.1995,-0.0003000000000001,300.0,61,0.940644253688765,405.0,0.160853277777778
133,1.7704918032809195e-08,1.108205447721551,4.1998,4.1995,4.19957868852459,-0.7991915059512786,874.0,176,4.1995,4.1995,0.0,300.0,61,0.9394412879969262,404.0,0.160647566666667
134,2.2131147541011496e-08,0.3759758600631525,4.1998,4.1995,4.1996229508196725,-1.9228131696943684,875.0,176,4.1998,4.1998,0.0,300.0,61,0.9395019106063252,403.0,0.160657933333333
135,1.8393442622973992e-08,-1.012281957626867,4.1998,4.1995,4.199716393442623,-1.0094950258852764,877.0,177,4.1995,4.1998,0.0003000000000001,300.0,61,0.9391284935256868,402.0,0.160594077777778
136,6.885245901648021e-09,3.125213498679208,4.1998,4.1995,4.199524590163934,8.02926442348302,878.0,177,4.1995,4.1995,0.0,300.0,61,0.9387079038679546,401.0,0.160522155555556
137,1.9032786885269884e-08,0.9214209011108296,4.1998,4.1995,4.1995885245901645,-1.19115255146162,874.0,176,4.1995,4.1998,0.0003000000000001,300.0,61,0.93822656164881,400.0,0.160439844444444
138,2.2721311475438467e-08,0.1686640598014436,4.1998,4.1995,4.199637704918033,-2.0395530828069637,878.0,177,4.1995,4.1995,0.0,300.0,61,0.93787770549674,399.0,0.160380188888889
139,1.3524590163951464e-08,1.705186137453736,4.1998,4.1995,4.199554098360656,0.9373147016447811,875.0,176,4.1995,4.1998,0.0003000000000001,300.0,61,0.937311504619638,398.0,0.160283366666667
140,0.0,0.0,4.1995,4.1995,4.1995,0.0,882.0,178,4.1995,4.1998,0.0003000000000001,300.0,61,0.937484925567648,397.0,0.160313022222222
141,1.0426229508209856e-08,2.24087750272642,4.1998,4.1995,4.199539344262295,3.122884112776208,878.0,177,4.1998,4.1995,-0.0003000000000001,300.0,61,0.9372737535627615,396.0,0.160276911111111
142,2.28688524590452e-08,0.0336238203677649,4.1998,4.1995,4.199647540983606,-2.0677966101693244,875.0,177,4.1995,4.1995,0.0,300.0,61,0.9360829383832052,395.0,0.160073277777778
143,5.6065573770562446e-09,3.599125388695813,4.1998,4.1995,4.199519672131148,11.32409486593236,879.0,177,4.1995,4.1995,0.0,300.0,61,0.936928666018776,394.0,0.1602179
144,1.2540983606573178e-08,1.8616039840494512,4.1998,4.1995,4.199549180327869,1.514147213472827,878.0,177,4.1998,4.1995,-0.0003000000000001,300.0,61,0.9357647509038424,393.0,0.160018866666667
145,1.2540983606573177e-08,1.8616039840494512,4.1998,4.1995,4.199549180327869,1.514147213472827,877.0,177,4.1995,4.1995,0.0,300.0,61,0.936056753054598,392.0,0.1600688
146,2.1836065573798e-08,0.4473272967520593,4.1998,4.1995,4.199618032786886,-1.862076863554582,879.0,177,4.1998,4.1995,-0.0003000000000001,300.0,61,0.9361820267854958,391.0,0.160090222222222
147,2.1836065573798004e-08,-0.4473272967893449,4.1998,4.1995,4.199681967213115,-1.8620768635315896,879.0,177,4.1998,4.1995,-0.0003000000000001,300.0,61,0.9352006292587852,390.0,0.1599224
148,0.0,0.0,4.1995,4.1995,4.1995,0.0,875.0,177,4.1995,4.1995,0.0,300.0,61,0.9351759383782152,389.0,0.159918177777778
149,1.3524590163951461e-08,1.705186137453736,4.1998,4.1995,4.199554098360656,0.9373147016447811,881.0,178,4.1995,4.1995,0.0,300.0,61,0.9345524936437876,388.0,0.159811566666667
150,2.0655737704944066e-08,0.6722061615636084,4.1998,4.1995,4.1996032786885245,-1.6017784086211744,880.0,178,4.1995,4.1995,0.0,300.0,61,0.9345976519648316,387.0,0.159819288888889
151,1.3524590163951464e-08,1.705186137453736,4.1998,4.1995,4.199554098360656,0.9373147016447811,879.0,177,4.1995,4.1995,0.0,300.0,61,0.9337137834163736,386.0,0.159668144444444
152,8.114754098370884e-09,2.765843744570468,4.1998,4.1995,4.199529508196721,5.840391052505627,882.0,178,4.1998,4.1998,0.0,300.0,61,0.9336894823918144,385.0,0.159663988888889
153,2.1836065573798e-08,0.4473272967520592,4.1998,4.1995,4.199618032786886,-1.8620768635545824,879.0,177,4.1998,4.1998,0.0,300.0,61,0.9335228839239584,384.0,0.1596355
154,8.11475409837088e-09,2.765843744539887,4.1998,4.1995,4.199529508196722,5.84039105238903,884.0,178,4.1998,4.1995,-0.0003000000000001,300.0,61,0.933093132650012,383.0,0.159562011111111
155,2.0655737704944056e-08,0.6722061615444407,4.1998,4.1995,4.199603278688525,-1.6017784086389353,880.0,177,4.1995,4.1995,0.0,300.0,61,0.9331464779472454,382.0,0.159571133333333
156,2.2819672131176297e-08,0.1009801002776679,4.1998,4.1995,4.19964262295082,-2.05842268082895,885.0,178,4.1998,4.1998,0.0,300.0,61,0.9322249882939244,381.0,0.159413555555556
157,2.2377049180356063e-08,-0.3059217425369814,4.1998,4.1995,4.199672131147541,-1.9722031329218712,874.0,176,4.1998,4.1995,-0.0003000000000001,300.0,61,0.9324579272593132,380.0,0.159453388888889
158,2.1098360655764292e-08,0.5951052868410942,4.1998,4.1995,4.199608196721312,-1.702803333438903,881.0,178,4.1995,4.1995,0.0,300.0,61,0.931804073756182,379.0,0.159341577777778
159,2.1098360655764292e-08,-0.5951052868790263,4.1998,4.1995,4.199691803278689,-1.7028033334077832,884.0,178,4.1998,4.1995,-0.0003000000000001,300.0,61,0.931672172473127,378.0,0.159319022222222
160,2.109836065576428e-08,-0.595105286879027,4.1998,4.1995,4.199691803278689,-1.702803333407781,878.0,177,4.1998,4.1995,-0.0003000000000001,300.0,61,0.9315829604230658,377.0,0.159303766666667
161,2.257377049183173e-08,-0.236900092600351,4.1998,4.1995,4.199667213114754,-2.010940358997372,889.0,179,4.1998,4.1998,0.0,300.0,61,0.9309337202160362,376.0,0.159192744444444
162,2.2868852459045205e-08,0.0336238203677648,4.1998,4.1995,4.199647540983606,-2.067796610169325,881.0,178,4.1998,4.1995,-0.0003000000000001,300.0,61,0.9310472982666692,375.0,0.159212166666667
163,1.4754098360674323e-09,7.810249675878441,4.1998,4.1995,4.199504918032787,60.99999999969619,890.0,179,4.1995,4.1995,0.0,300.0,61,0.9304690118532856,374.0,0.159113277777778
164,2.2721311475438467e-08,0.1686640598014435,4.1998,4.1995,4.199637704918033,-2.0395530828069637,887.0,179,4.1995,4.1995,0.0,300.0,61,0.9300684348040154,373.0,0.159044777777778
165,1.53442622951013e-08,1.4366940083196431,4.1998,4.1995,4.19956393442623,0.0651328507354143,886.0,179,4.1995,4.1998,0.0003000000000001,300.0,61,0.9297093124437048,372.0,0.158983366666667
166,2.10983606557643e-08,0.5951052868410937,4.1998,4.1995,4.199608196721312,-1.7028033334389034,887.0,179,4.1995,4.1995,0.0,300.0,61,0.9296291970338508,371.0,0.158969666666667
167,1.2540983606573177e-08,1.8616039840494512,4.1998,4.1995,4.199549180327869,1.514147213472827,883.0,178,4.1995,4.1998,0.0003000000000001,300.0,61,0.929213805456234,370.0,0.158898633333333
168,2.2819672131176293e-08,-0.1009801002959048,4.1998,4.1995,4.1996573770491805,-2.0584226808264097,891.0,180,4.1998,4.1995,-0.0003000000000001,300.0,61,0.9287687198459342,369.0,0.158822522222222
169,9.295081967224822e-09,2.478794301438061,4.1998,4.1995,4.1995344262295085,4.28385887759004,881.0,178,4.1995,4.1995,0.0,300.0,61,0.928628371682686,368.0,0.158798522222222
170,5.6065573770562446e-09,3.5991253886958123,4.1998,4.1995,4.199519672131148,11.32409486593236,883.0,178,4.1995,4.1995,0.0,300.0,61,0.9280361804049854,367.0,0.158697255555556
171,2.016393442625492e-08,0.7519706664586239,4.1998,4.1995,4.199598360655739,-1.4843266667992847,884.0,178,4.1998,4.1995,-0.0003000000000001,300.0,61,0.9280955684703563,366.0,0.158707411111111
172,1.9032786885269884e-08,0.9214209011108294,4.1998,4.1995,4.1995885245901645,-1.19115255146162,885.0,178,4.1995,4.1995,0.0,300.0,61,0.9274344376550596,365.0,0.158594355555556
173,1.3524590163951473e-08,-1.7051861374774222,4.1998,4.1995,4.199745901639345,0.937314701700462,885.0,179,4.1995,4.1998,0.0003000000000001,300.0,61,0.9275556828738636,364.0,0.158615088888889
174,1.6180327868872846e-08,1.3191358525893682,4.1998,4.1995,4.1995688524590165,-0.2698256765383067,886.0,179,4.1995,4.1995,0.0,300.0,61,0.9270512741741878,363.0,0.158528833333333
175,1.4754098360674323e-09,7.810249675878442,4.1998,4.1995,4.199504918032787,60.99999999969618,886.0,179,4.1995,4.1995,0.0,300.0,61,0.9264045680312208,362.0,0.158418244444444
176,0.0,0.0,4.1995,4.1995,4.1995,0.0,885.0,179,4.1995,4.1995,0.0,300.0,61,0.9267594019754338,361.0,0.158478922222222
177,1.4459016393460842e-08,1.5645937536945205,4.1998,4.1995,4.199559016393442,0.4620164839890068,892.0,180,4.1995,4.1998,0.0003000000000001,300.0,61,0.9258567553625476,360.0,0.158324566666667
178,1.6967213114775483e-08,1.2101123118152564,4.1998,4.1995,4.199573770491803,-0.5549259268636053,887.0,179,4.1995,4.1995,0.0,300.0,61,0.9257111441431778,359.0,0.158299666666667
179,6.885245901648021e-09,3.1252134986792086,4.1998,4.1995,4.199524590163934,8.02926442348302,889.0,179,4.1995,4.1995,0.0,300.0,61,0.9254840530179184,358.0,0.158260833333333
180,1.2540983606573178e-08,1.8616039840494512,4.1998,4.1995,4.199549180327869,1.5141472134728282,889.0,179,4.1995,4.1995,0.0,300.0,61,0.9250627486241708,357.0,0.158188788888889
181,2.2819672131176293e-08,-0.1009801002959048,4.1998,4.1995,4.1996573770491805,-2.0584226808264106,887.0,179,4.1998,4.1995,-0.0003000000000001,300.0,61,0.9249767203981808,356.0,0.158174077777778
182,2.2868852459045208e-08,-0.0336238203859818,4.1998,4.1995,4.199652459016394,-2.067796610168481,891.0,180,4.1998,4.1998,0.0,300.0,61,0.92428764990223,355.0,0.158056244444444
183,9.295081967224829e-09,-2.478794301466633,4.1998,4.1995,4.199765573770492,4.283858877687677,885.0,179,4.1998,4.1998,0.0,300.0,61,0.924300450174527,354.0,0.158058433333333
184,2.2377049180356063e-08,0.3059217425185652,4.1998,4.1995,4.199627868852459,-1.972203132929638,889.0,179,4.1995,4.1995,0.0,300.0,61,0.9240646522650714,353.0,0.158018111111111
185,1.0426229508209856e-08,2.240877502726418,4.1998,4.1995,4.199539344262295,3.122884112776208,893.0,180,4.1995,4.1995,0.0,300.0,61,0.9233933202175352,352.0,0.157903311111111
186,2.2721311475438464e-08,-0.1686640598197195,4.1998,4.1995,4.199662295081967,-2.039553082802714,885.0,178,4.1998,4.1998,0.0,300.0,61,0.9228557737570964,351.0,0.157811388888889
187,6.885245901648021e-09,3.1252134986792086,4.1998,4.1995,4.199524590163934,8.02926442348302,888.0,179,4.1995,4.1995,0.0,300.0,61,0.9231867615087562,350.0,0.157867988888889
188,2.2721311475438464e-08,-0.1686640598379957,4.1998,4.1995,4.199662295081968,-2.0395530827984647,892.0,180,4.1998,4.1998,0.0,300.0,61,0.9224657228200696,349.0,0.157744688888889
189,1.5344262295101305e-08,-1.4366940083418822,4.1998,4.1995,4.19973606557377,0.0651328507794604,886.0,179,4.1998,4.1995,-0.0003000000000001,300.0,61,0.9225222519413798,348.0,0.157754355555556
190,5.606557377056247e-09,3.5991253886958092,4.1998,4.1995,4.199519672131148,11.324094865932349,887.0,179,4.1995,4.1995,0.0,300.0,61,0.9220618319947208,347.0,0.157675622222222
191,2.109836065576428e-08,-0.595105286879027,4.1998,4.1995,4.199691803278689,-1.7028033334077808,895.0,180,4.1995,4.1998,0.0003000000000001,300.0,61,0.9215834786716504,346.0,0.157593822222222
192,2.1098360655764292e-08,0.5951052868410942,4.1998,4.1995,4.199608196721312,-1.7028033334389028,892.0,180,4.1995,4.1995,0.0,300.0,61,0.9214402065883348,345.0,0.157569322222222
193,2.901639344265952e-09,5.380496869776207,4.1998,4.1995,4.199509836065574,27.86268313673108,890.0,180,4.1995,4.1998,0.0003000000000001,300.0,61,0.9206862900428888,344.0,0.1574404
194,1.3524590163951461e-08,1.705186137453736,4.1998,4.1995,4.199554098360656,0.9373147016447811,884.0,178,4.1995,4.1995,0.0,300.0,61,0.9207239761237582,343.0,0.157446844444444
195,1.4754098360674323e-09,7.810249675878442,4.1998,4.1995,4.199504918032787,60.99999999969618,887.0,179,4.1995,4.1998,0.0003000000000001,300.0,61,0.9205263841031904,342.0,0.157413055555556
196,2.2721311475438464e-08,0.1686640598197195,4.1998,4.1995,4.1996377049180325,-2.0395530828027137,880.0,177,4.1995,4.1998,0.0003000000000001,300.0,61,0.9201061843014636,341.0,0.1573412
197,2.2131147541011493e-08,-0.3759758600816708,4.1998,4.1995,4.199677049180328,-1.9228131696847692,884.0,178,4.1998,4.1995,-0.0003000000000001,300.0,61,0.9199370517695508,340.0,0.157312277777778
198,2.2573770491831726e-08,0.2369000926003512,4.1998,4.1995,4.199632786885245,-2.010940358997371,895.0,181,4.1998,4.1995,-0.0003000000000001,300.0,61,0.9196362128825852,339.0,0.157260833333333
199,5.606557377056245e-09,3.5991253886958123,4.1998,4.1995,4.199519672131148,11.32409486593236,887.0,179,4.1995,4.1995,0.0,300.0,61,0.9189669600670998,338.0,0.157146388888889
200,1.2540983606573177e-08,1.8616039840494516,4.1998,4.1995,4.199549180327869,1.514147213472827,881.0,178,4.1998,4.1995,-0.0003000000000001,300.0,61,0.9186350626514164,337.0,0.157089633333333
201,1.6967213114775483e-08,1.210112311815256,4.1998,4.1995,4.199573770491803,-0.5549259268636058,880.0,178,4.1998,4.1995,-0.0003000000000001,300.0,61,0.918671514188264,336.0,0.157095866666667
202,2.28196721311763e-08,0.1009801002776678,4.1998,4.1995,4.19964262295082,-2.05842268082895,886.0,179,4.1998,4.1995,-0.0003000000000001,300.0,61,0.9184558588392716,335.0,0.157058988888889
203,1.9032786885269884e-08,-0.9214209011507668,4.1998,4.1995,4.199711475409837,-1.1911525514108898,884.0,178,4.1998,4.1995,-0.0003000000000001,300.0,61,0.91782461698466,334.0,0.156951044444444
204,2.0655737704944066e-08,-0.6722061615827765,4.1998,4.1995,4.199696721311476,-1.6017784086034117,881.0,178,4.1998,4.1998,0.0,300.0,61,0.9178400162970204,333.0,0.156953677777778
205,1.6967213114775483e-08,-1.210112311836405,4.1998,4.1995,4.199726229508197,-0.5549259268283224,889.0,179,4.1998,4.1998,0.0,300.0,61,0.9176055179075936,332.0,0.156913577777778
206,2.257377049183173e-08,-0.236900092600351,4.1998,4.1995,4.199667213114754,-2.010940358997372,885.0,179,4.1998,4.1998,0.0,300.0,61,0.9170196293020338,331.0,0.156813388888889
207,2.0655737704944066e-08,-0.6722061615827765,4.1998,4.1995,4.199696721311476,-1.6017784086034117,885.0,179,4.1998,4.1995,-0.0003000000000001,300.0,61,0.9170451648706268,330.0,0.156817755555556
208,1.6180327868872846e-08,1.3191358525893682,4.1998,4.1995,4.1995688524590165,-0.2698256765383067,882.0,178,4.1995,4.1998,0.0003000000000001,300.0,61,0.9169523791404776,329.0,0.156801888888889
209,1.9622950819696855e-08,-0.8348624372669774,4.1998,4.1995,4.199706557377049,-1.3483299130231987,883.0,178,4.1995,4.1998,0.0003000000000001,300.0,61,0.916407945223878,328.0,0.156708788888889
210,1.1508196721325976e-08,2.038140223772566,4.1998,4.1995,4.199544262295081,2.2259437426337874,878.0,177,4.1995,4.1995,0.0,300.0,61,0.916505604154138,327.0,0.156725488888889
211,1.9622950819696852e-08,0.8348624372669775,4.1998,4.1995,4.19959344262295,-1.3483299130231987,918.0,185,4.1998,4.1995,-0.0003000000000001,300.0,61,0.9109266996890296,326.0,0.155771477777778
212,2.2131147541011493e-08,-0.3759758601001889,4.1998,4.1995,4.199677049180329,-1.9228131696751711,907.0,183,4.1998,4.1995,-0.0003000000000001,300.0,61,0.9104675792624052,325.0,0.155692966666667
213,2.1098360655764292e-08,-0.5951052868790266,4.1998,4.1995,4.199691803278689,-1.7028033334077817,897.0,181,4.1998,4.1998,0.0,300.0,61,0.909442582838683,324.0,0.155517688888889
214,1.4459016393460842e-08,1.5645937536945205,4.1998,4.1995,4.199559016393442,0.4620164839890064,897.0,181,4.1995,4.1995,0.0,300.0,61,0.9092530478422972,323.0,0.155485277777778
215,1.9622950819696865e-08,-0.834862437286643,4.1998,4.1995,4.19970655737705,-1.3483299130005648,898.0,181,4.1998,4.1998,0.0,300.0,61,0.9085592340982376,322.0,0.155366633333333
216,1.8393442622973992e-08,-1.0122819576268671,4.1998,4.1995,4.199716393442623,-1.0094950258852768,892.0,180,4.1998,4.1998,0.0,300.0,61,0.9085722292985428,321.0,0.155368855555556
217,1.53442622951013e-08,1.4366940083196431,4.1998,4.1995,4.19956393442623,0.0651328507354143,898.0,181,4.1995,4.1995,0.0,300.0,61,0.9076374845409072,320.0,0.155209011111111
218,1.0426229508209862e-08,-2.240877502753397,4.1998,4.1995,4.199760655737705,3.12288411285955,890.0,180,4.1998,4.1998,0.0,300.0,61,0.9075777066195252,319.0,0.155198788888889
219,2.2819672131176293e-08,-0.1009801002959048,4.1998,4.1995,4.1996573770491805,-2.05842268082641,899.0,181,4.1995,4.1998,0.0003000000000001,300.0,61,0.907288758340839,318.0,0.155149377777778
220,8.020085869746953e-31,0.0,4.1998,4.1998,4.199800000000001,0.0,896.0,181,4.1998,4.1998,0.0,300.0,61,0.9066141774932248,317.0,0.155034022222222
221,1.0426229508209862e-08,-2.240877502753396,4.1998,4.1995,4.199760655737705,3.1228841128595484,893.0,180,4.1998,4.1998,0.0,300.0,61,0.9064189895847063,316.0,0.155000644444444
222,2.2377049180356067e-08,-0.3059217425369814,4.1998,4.1995,4.199672131147541,-1.9722031329218723,897.0,181,4.1998,4.1998,0.0,300.0,61,0.9058268632830064,315.0,0.154899388888889
223,2.016393442625492e-08,-0.7519706664974248,4.1998,4.1995,4.199701639344262,-1.484326666759063,894.0,180,4.1998,4.1998,0.0,300.0,61,0.9052375309493668,314.0,0.154798611111111
224,9.29508196722483e-09,-2.4787943014666323,4.1998,4.1995,4.199765573770492,4.283858877687671,902.0,182,4.1998,4.1998,0.0,300.0,61,0.9046289007432802,313.0,0.154694533333333
225,1.9622950819696855e-08,-0.8348624372669774,4.1998,4.1995,4.199706557377049,-1.3483299130231987,901.0,182,4.1998,4.1998,0.0,300.0,61,0.904573931046008,312.0,0.154685133333333
226,1.4459016393460844e-08,-1.5645937537174306,4.1998,4.1995,4.199740983606558,0.4620164840384224,903.0,182,4.1998,4.1998,0.0,300.0,61,0.903616184783848,311.0,0.154521355555556
227,1.9622950819696855e-08,-0.8348624372669774,4.1998,4.1995,4.199706557377049,-1.3483299130231987,897.0,181,4.1998,4.1998,0.0,300.0,61,0.9039838839763528,310.0,0.154584233333333
228,2.109836065576428e-08,-0.595105286879027,4.1998,4.1995,4.199691803278689,-1.7028033334077806,903.0,182,4.1998,4.1998,0.0,300.0,61,0.9026995033546312,309.0,0.1543646
229,1.8393442622973992e-08,-1.0122819576268671,4.1998,4.1995,4.199716393442623,-1.0094950258852768,898.0,181,4.1998,4.1998,0.0,300.0,61,0.9031388061007964,308.0,0.154439722222222
230,1.6967213114775483e-08,-1.210112311836405,4.1998,4.1995,4.199726229508197,-0.5549259268283233,904.0,182,4.1998,4.1998,0.0,300.0,61,0.9023042543374836,307.0,0.154297011111111
231,2.109836065576428e-08,-0.595105286879027,4.1998,4.1995,4.199691803278689,-1.702803333407781,903.0,182,4.1995,4.1998,0.0003000000000001,300.0,61,0.901649426194328,306.0,0.154185033333333
232,1.9622950819696852e-08,0.8348624372669772,4.1998,4.1995,4.19959344262295,-1.3483299130231987,901.0,182,4.1995,4.1995,0.0,300.0,61,0.9016880219392212,305.0,0.154191633333333
233,2.0655737704944052e-08,-0.6722061615827769,4.1998,4.1995,4.199696721311476,-1.601778408603411,903.0,182,4.1998,4.1995,-0.0003000000000001,300.0,61,0.9015499479360264,304.0,0.154168022222222
234,2.90163934426595e-09,-5.3804968698273505,4.1998,4.1995,4.199790163934426,27.862683137110437,901.0,182,4.1998,4.1998,0.0,300.0,61,0.9014018026526,303.0,0.154142688888889
235,6.885245901648019e-09,-3.1252134987124123,4.1998,4.1995,4.199775409836066,8.029264423626056,906.0,183,4.1998,4.1998,0.0,300.0,61,0.9005728388254133,302.0,0.154000933333333
236,2.257377049183173e-08,-0.236900092600351,4.1998,4.1995,4.199667213114754,-2.010940358997372,904.0,182,4.1998,4.1995,-0.0003000000000001,300.0,61,0.900883099232596,301.0,0.154053988888889
237,1.9032786885269884e-08,-0.9214209011507668,4.1998,4.1995,4.199711475409837,-1.19115255141089,910.0,184,4.1998,4.1998,0.0,300.0,61,0.8997304899419217,300.0,0.153856888888889
238,2.2377049180356063e-08,0.3059217425185652,4.1998,4.1995,4.199627868852459,-1.972203132929638,903.0,182,4.1995,4.1998,0.0003000000000001,300.0,61,0.8997347783580191,299.0,0.153857622222222
239,1.8393442622974e-08,1.0122819576065534,4.1998,4.1995,4.199583606557377,-1.0094950259136244,901.0,182,4.1995,4.1995,0.0,300.0,61,0.8992727340113269,298.0,0.153778611111111
240,2.2131147541011496e-08,-0.3759758601001888,4.1998,4.1995,4.199677049180329,-1.9228131696751725,906.0,183,4.1998,4.1995,-0.0003000000000001,300.0,61,0.8988500001455432,297.0,0.153706322222222
241,2.2721311475438467e-08,0.1686640598014435,4.1998,4.1995,4.199637704918033,-2.0395530828069632,906.0,183,4.1995,4.1998,0.0003000000000001,300.0,61,0.8987347327188764,296.0,0.153686611111111
242,2.2377049180356073e-08,-0.3059217425369813,4.1998,4.1995,4.199672131147541,-1.9722031329218723,903.0,182,4.1995,4.1998,0.0003000000000001,300.0,61,0.8982808103723727,295.0,0.153608988888889
243,2.2721311475438464e-08,0.1686640598014435,4.1998,4.1995,4.199637704918033,-2.039553082806963,908.0,183,4.1998,4.1995,-0.0003000000000001,300.0,61,0.8977578835122723,294.0,0.153519566666667
244,2.0655737704944066e-08,0.6722061615636084,4.1998,4.1995,4.1996032786885245,-1.6017784086211744,912.0,184,4.1995,4.1998,0.0003000000000001,300.0,61,0.8977934253850902,293.0,0.153525644444444
245,1.903278688526988e-08,-0.9214209011507676,4.1998,4.1995,4.199711475409837,-1.1911525514108885,909.0,183,4.1995,4.1998,0.0003000000000001,300.0,61,0.8973702366873006,292.0,0.153453277777778
246,1.6180327868872846e-08,1.3191358525893682,4.1998,4.1995,4.1995688524590165,-0.2698256765383067,903.0,182,4.1995,4.1995,0.0,300.0,61,0.8972886268294094,291.0,0.153439322222222
247,1.3524590163951464e-08,1.705186137453736,4.1998,4.1995,4.199554098360656,0.9373147016447811,908.0,183,4.1995,4.1995,0.0,300.0,61,0.8969191732848579,290.0,0.153376144444444
248,1.9622950819696865e-08,-0.834862437286643,4.1998,4.1995,4.19970655737705,-1.3483299130005648,910.0,183,4.1995,4.1995,0.0,300.0,61,0.8967735620654882,289.0,0.153351244444444
249,2.1491803278715607e-08,-0.520264357196736,4.1998,4.1995,4.199686885245903,-1.7891099053243336,903.0,182,4.1998,4.1998,0.0,300.0,61,0.8961933913480623,288.0,0.153252033333333
250,2.2573770491831733e-08,-0.2369000925820154,4.1998,4.1995,4.199667213114753,-2.01094035900336,910.0,183,4.1998,4.1995,-0.0003000000000001,300.0,61,0.8964006647928623,287.0,0.153287477777778
251,1.6180327868872846e-08,-1.319135852611025,4.1998,4.1995,4.199731147540984,-0.2698256764989222,911.0,184,4.1998,4.1995,-0.0003000000000001,300.0,61,0.8959598675986599,286.0,0.1532121
252,1.8393442622974e-08,1.0122819576065534,4.1998,4.1995,4.199583606557377,-1.0094950259136244,911.0,184,4.1995,4.1998,0.0003000000000001,300.0,61,0.8956700096559499,285.0,0.153162533333333
253,8.11475409837088e-09,2.765843744570469,4.1998,4.1995,4.199529508196721,5.840391052505634,910.0,183,4.1995,4.1995,0.0,300.0,61,0.8956353124711489,284.0,0.1531566
254,1.4459016393460844e-08,-1.5645937537174306,4.1998,4.1995,4.199740983606558,0.4620164840384229,910.0,184,4.1998,4.1998,0.0,300.0,61,0.894827075988445,283.0,0.153018388888889
255,1.4459016393460842e-08,1.5645937536945216,4.1998,4.1995,4.199559016393442,0.4620164839890104,904.0,182,4.1995,4.1995,0.0,300.0,61,0.8949158981825014,282.0,0.153033577777778
256,8.114754098370884e-09,2.765843744570468,4.1998,4.1995,4.199529508196721,5.840391052505629,912.0,184,4.1995,4.1995,0.0,300.0,61,0.8944741263482743,281.0,0.152958033333333
257,1.53442622951013e-08,1.4366940083196431,4.1998,4.1995,4.19956393442623,0.0651328507354143,904.0,182,4.1995,4.1995,0.0,300.0,61,0.8943863437702435,280.0,0.152943022222222
258,0.0,0.0,4.1995,4.1995,4.1995,0.0,908.0,183,4.1995,4.1998,0.0003000000000001,300.0,61,0.8944542436918143,279.0,0.152954633333333
259,1.7704918032809198e-08,1.1082054477215506,4.1998,4.1995,4.19957868852459,-0.79919150595128,907.0,183,4.1995,4.1995,0.0,300.0,61,0.8937923331644954,278.0,0.152841444444444
260,1.7704918032809198e-08,1.108205447721551,4.1998,4.1995,4.19957868852459,-0.79919150595128,911.0,184,4.1995,4.1998,0.0003000000000001,300.0,61,0.8939824529449004,277.0,0.152873955555556
261,1.8393442622973995e-08,1.0122819575862416,4.1998,4.1995,4.199583606557378,-1.009495025941968,907.0,183,4.1995,4.1995,0.0,300.0,61,0.8934178764678316,276.0,0.152777411111111
262,1.7704918032809195e-08,1.108205447721551,4.1998,4.1995,4.19957868852459,-0.7991915059512786,909.0,183,4.1995,4.1998,0.0003000000000001,300.0,61,0.8928776659913285,275.0,0.152685033333333
263,2.2868852459045205e-08,0.0336238203677647,4.1998,4.1995,4.199647540983606,-2.067796610169325,914.0,184,4.1998,4.1998,0.0,300.0,61,0.8930467335472404,274.0,0.152713944444444
264,2.2131147541011496e-08,0.3759758600631525,4.1998,4.1995,4.1996229508196725,-1.9228131696943684,913.0,184,4.1995,4.1995,0.0,300.0,61,0.8932532272800243,273.0,0.152749255555556
265,2.016393442625492e-08,0.751970666478024,4.1998,4.1995,4.199598360655738,-1.484326666779174,917.0,185,4.1998,4.1998,0.0,300.0,61,0.8923136742982789,272.0,0.152588588888889
266,1.8393442622973992e-08,-1.0122819576268671,4.1998,4.1995,4.199716393442623,-1.0094950258852764,907.0,183,4.1995,4.1995,0.0,300.0,61,0.8927289359238885,271.0,0.1526596
267,2.1098360655764292e-08,0.5951052868410942,4.1998,4.1995,4.199608196721312,-1.7028033334389028,917.0,185,4.1995,4.1995,0.0,300.0,61,0.8920602029164098,270.0,0.152545244444444
268,1.8393442622974e-08,1.0122819576065534,4.1998,4.1995,4.199583606557377,-1.009495025913624,910.0,184,4.1998,4.1995,-0.0003000000000001,300.0,61,0.8917492277732176,269.0,0.152492066666667
269,1.2540983606573177e-08,1.8616039840494512,4.1998,4.1995,4.199549180327869,1.514147213472827,909.0,183,4.1998,4.1995,-0.0003000000000001,300.0,61,0.891965143026213,268.0,0.152528988888889
270,1.8393442622974e-08,1.0122819576065534,4.1998,4.1995,4.199583606557377,-1.009495025913624,916.0,185,4.1995,4.1995,0.0,300.0,61,0.8910863426058743,267.0,0.152378711111111
271,1.53442622951013e-08,1.4366940083196431,4.1998,4.1995,4.19956393442623,0.0651328507354143,913.0,184,4.1995,4.1995,0.0,300.0,61,0.8910075916920498,266.0,0.152365244444444
272,2.901639344265952e-09,5.380496869776207,4.1998,4.1995,4.199509836065574,27.86268313673108,914.0,184,4.1995,4.1995,0.0,300.0,61,0.890483625215924,265.0,0.152275644444444
273,2.1491803278715607e-08,0.5202643571591531,4.1998,4.1995,4.199613114754098,-1.789109905351289,914.0,184,4.1995,4.1995,0.0,300.0,61,0.8907671804864867,264.0,0.152324133333333
274,2.257377049183173e-08,0.236900092600351,4.1998,4.1995,4.199632786885245,-2.010940358997372,907.0,183,4.1998,4.1995,-0.0003000000000001,300.0,61,0.889876294529872,263.0,0.152171788888889
275,1.0426229508209856e-08,2.2408775027264185,4.1998,4.1995,4.199539344262295,3.122884112776208,910.0,183,4.1995,4.1995,0.0,300.0,61,0.890035810613565,262.0,0.152199066666667
276,1.6180327868872846e-08,1.3191358525893682,4.1998,4.1995,4.1995688524590165,-0.2698256765383067,915.0,184,4.1998,4.1995,-0.0003000000000001,300.0,61,0.8897739573275038,261.0,0.152154288888889
277,1.9032786885269888e-08,0.9214209011307972,4.1998,4.1995,4.199588524590164,-1.191152551436258,915.0,185,4.1995,4.1995,0.0,300.0,61,0.889267534371784,260.0,0.152067688888889
278,2.2721311475438467e-08,0.1686640598014435,4.1998,4.1995,4.199637704918033,-2.0395530828069632,915.0,184,4.1998,4.1995,-0.0003000000000001,300.0,61,0.8896745440452031,259.0,0.152137288888889
279,8.114754098370886e-09,2.7658437445704664,4.1998,4.1995,4.199529508196721,5.840391052505623,913.0,184,4.1995,4.1995,0.0,300.0,61,0.8885112786902836,258.0,0.151938366666667
280,5.606557377056245e-09,3.5991253886958123,4.1998,4.1995,4.199519672131148,11.32409486593236,911.0,184,4.1995,4.1995,0.0,300.0,61,0.8886935363744976,257.0,0.151969533333333
281,8.114754098370884e-09,2.765843744570468,4.1998,4.1995,4.199529508196721,5.840391052505627,915.0,185,4.1995,4.1995,0.0,300.0,61,0.8885759298117766,256.0,0.151949422222222
282,2.2377049180356073e-08,-0.3059217425369813,4.1998,4.1995,4.199672131147541,-1.972203132921872,915.0,185,4.1998,4.1995,-0.0003000000000001,300.0,61,0.8879890665661985,255.0,0.151849066666667
283,1.3524590163951464e-08,1.705186137453736,4.1998,4.1995,4.199554098360656,0.9373147016447811,915.0,185,4.1995,4.1995,0.0,300.0,61,0.8877814032653933,254.0,0.151813555555556
284,1.7704918032809195e-08,1.108205447721551,4.1998,4.1995,4.19957868852459,-0.7991915059512786,915.0,185,4.1995,4.1998,0.0003000000000001,300.0,61,0.8874156533529257,253.0,0.151751011111111
285,2.2819672131176293e-08,-0.1009801002959048,4.1998,4.1995,4.1996573770491805,-2.05842268082641,915.0,184,4.1995,4.1995,0.0,300.0,61,0.8874483362816826,252.0,0.1517566
286,1.4754098360674327e-09,7.810249675878441,4.1998,4.1995,4.199504918032787,60.99999999969619,915.0,185,4.1995,4.1995,0.0,300.0,61,0.8870780380491143,251.0,0.151693277777778
287,1.042622950820986e-08,2.24087750272642,4.1998,4.1995,4.199539344262295,3.122884112776208,916.0,185,4.1995,4.1995,0.0,300.0,61,0.8868327536434347,250.0,0.151651333333333
288,0.0,0.0,4.1995,4.1995,4.1995,0.0,913.0,184,4.1995,4.1995,0.0,300.0,61,0.8862948823029916,249.0,0.151559355555556
289,5.6065573770562446e-09,3.5991253886958123,4.1998,4.1995,4.199519672131148,11.32409486593236,918.0,185,4.1995,4.1995,0.0,300.0,61,0.8861400444914069,248.0,0.151532877777778
290,1.9622950819696852e-08,0.8348624372473114,4.1998,4.1995,4.199593442622951,-1.3483299130458315,917.0,185,4.1995,4.1995,0.0,300.0,61,0.8855424602055768,247.0,0.151430688888889
291,2.2573770491831726e-08,0.2369000926003512,4.1998,4.1995,4.199632786885245,-2.010940358997371,913.0,184,4.1995,4.1998,0.0003000000000001,300.0,61,0.8851930192694873,246.0,0.151370933333333
292,1.4459016393460842e-08,1.5645937536945216,4.1998,4.1995,4.199559016393442,0.4620164839890095,913.0,184,4.1995,4.1995,0.0,300.0,61,0.884475034452876,245.0,0.151248155555556
293,1.3524590163951464e-08,1.705186137453736,4.1998,4.1995,4.199554098360656,0.9373147016447811,907.0,183,4.1995,4.1995,0.0,300.0,61,0.8844558665324311,244.0,0.151244877777778
294,0.0,0.0,4.1995,4.1995,4.1995,0.0,919.0,185,4.1995,4.1995,0.0,300.0,61,0.884476204020903,243.0,0.151248355555556
295,0.0,0.0,4.1995,4.1995,4.1995,0.0,913.0,184,4.1995,4.1995,0.0,300.0,61,0.8841098693244219,242.0,0.151185711111111
296,1.4754098360674323e-09,7.810249675878441,4.1998,4.1995,4.199504918032787,60.99999999969619,908.0,183,4.1995,4.1995,0.0,300.0,61,0.8833826579155957,241.0,0.151061355555556
297,0.0,0.0,4.1995,4.1995,4.1995,0.0,917.0,185,4.1995,4.1995,0.0,300.0,61,0.8838133188535596,240.0,0.151135
298,2.0655737704944056e-08,0.6722061615444407,4.1998,4.1995,4.199603278688525,-1.6017784086389353,905.0,183,4.1995,4.1995,0.0,300.0,61,0.8836214447211198,239.0,0.151102188888889
299,2.2819672131176297e-08,0.100980100277668,4.1998,4.1995,4.19964262295082,-2.0584226808289494,908.0,183,4.1998,4.1995,-0.0003000000000001,300.0,61,0.883110668373296,238.0,0.151014844444444
300,1.6180327868872846e-08,1.3191358525893682,4.1998,4.1995,4.1995688524590165,-0.2698256765383067,909.0,183,4.1995,4.1998,0.0003000000000001,300.0,61,0.883374600891408,237.0,0.151059977777778
301,1.4754098360674323e-09,7.810249675878442,4.1998,4.1995,4.199504918032787,60.99999999969618,909.0,183,4.1995,4.1995,0.0,300.0,61,0.8823869006925502,236.0,0.150891077777778
302,1.4459016393460842e-08,1.5645937536945205,4.1998,4.1995,4.199559016393442,0.4620164839890064,905.0,183,4.1995,4.1995,0.0,300.0,61,0.8826063896256278,235.0,0.150928611111111
303,2.2131147541011493e-08,0.3759758600816708,4.1998,4.1995,4.199622950819672,-1.922813169684769,911.0,184,4.1998,4.1998,0.0,300.0,61,0.8821798871517594,234.0,0.150855677777778
304,2.0655737704944066e-08,0.6722061615636084,4.1998,4.1995,4.1996032786885245,-1.6017784086211744,905.0,183,4.1998,4.1995,-0.0003000000000001,300.0,61,0.8818856758169513,233.0,0.150805366666667
305,2.901639344265952e-09,5.380496869776206,4.1998,4.1995,4.199509836065574,27.86268313673107,907.0,183,4.1995,4.1995,0.0,300.0,61,0.8819203080257515,232.0,0.150811288888889
306,2.1098360655764295e-08,0.595105286841094,4.1998,4.1995,4.199608196721312,-1.7028033334389034,904.0,182,4.1995,4.1995,0.0,300.0,61,0.8812160981214557,231.0,0.150690866666667
307,4.278688524595555e-09,4.2753984593700345,4.1998,4.1995,4.19951475409836,16.83004494241679,907.0,183,4.1995,4.1995,0.0,300.0,61,0.8812886763151347,230.0,0.150703277777778
308,0.0,0.0,4.1995,4.1995,4.1995,0.0,907.0,183,4.1995,4.1995,0.0,300.0,61,0.880838002768703,229.0,0.150626211111111
309,1.2540983606573177e-08,1.8616039840494512,4.1998,4.1995,4.199549180327869,1.5141472134728282,911.0,184,4.1995,4.1998,0.0003000000000001,300.0,61,0.8807659443830367,228.0,0.150613888888889
310,1.2540983606573177e-08,1.8616039840494512,4.1998,4.1995,4.199549180327869,1.514147213472827,909.0,183,4.1995,4.1995,0.0,300.0,61,0.8800701813589338,227.0,0.150494911111111
311,2.2868852459045205e-08,-0.0336238203677647,4.1998,4.1995,4.199652459016393,-2.067796610169325,911.0,184,4.1998,4.1995,-0.0003000000000001,300.0,61,0.8803875891262807,226.0,0.150549188888889
312,2.1098360655764295e-08,0.5951052868410939,4.1998,4.1995,4.199608196721312,-1.7028033334389037,906.0,183,4.1995,4.1995,0.0,300.0,61,0.8801945454258139,225.0,0.150516177777778
313,2.2868852459045218e-08,0.0336238203495475,4.1998,4.1995,4.199647540983607,-2.067796610170171,916.0,185,4.1998,4.1995,-0.0003000000000001,300.0,61,0.8796483571571737,224.0,0.150422777777778
314,2.2377049180356063e-08,0.3059217425185652,4.1998,4.1995,4.199627868852459,-1.972203132929638,905.0,183,4.1998,4.1995,-0.0003000000000001,300.0,61,0.8795783780035522,223.0,0.150410811111111
315,2.286885245904521e-08,-0.0336238203859818,4.1998,4.1995,4.199652459016394,-2.0677966101684815,911.0,184,4.1995,4.1995,0.0,300.0,61,0.8794819536173201,222.0,0.150394322222222
316,2.2868852459045205e-08,-0.0336238203677647,4.1998,4.1995,4.199652459016393,-2.067796610169325,909.0,183,4.1998,4.1998,0.0,300.0,61,0.8795191198901828,221.0,0.150400677777778
317,1.3524590163951473e-08,-1.705186137477423,4.1998,4.1995,4.199745901639345,0.9373147017004636,916.0,185,4.1995,4.1995,0.0,300.0,61,0.8789036672039366,220.0,0.150295433333333
318,1.6967213114775473e-08,1.2101123117941075,4.1998,4.1995,4.199573770491804,-0.554925926898886,914.0,184,4.1995,4.1998,0.0003000000000001,300.0,61,0.8785408412115426,219.0,0.150233388888889
319,5.606557377056245e-09,3.5991253886958123,4.1998,4.1995,4.199519672131148,11.32409486593236,951.0,192,4.1995,4.1995,0.0,300.0,61,0.8699415273165344,218.0,0.148762877777778
320,2.016393442625492e-08,0.7519706664780242,4.1998,4.1995,4.199598360655738,-1.4843266667791746,940.0,190,4.1995,4.1995,0.0,300.0,61,0.870114753336542,217.0,0.1487925
321,1.9622950819696855e-08,0.8348624372473112,4.1998,4.1995,4.199593442622951,-1.3483299130458315,932.0,188,4.1995,4.1998,0.0003000000000001,300.0,61,0.8688968431643548,216.0,0.148584233333333
322,6.885245901648021e-09,3.125213498679208,4.1998,4.1995,4.199524590163934,8.02926442348302,932.0,188,4.1995,4.1995,0.0,300.0,61,0.8688752061558539,215.0,0.148580533333333
323,1.7704918032809198e-08,1.1082054477215502,4.1998,4.1995,4.19957868852459,-0.7991915059512795,931.0,188,4.1995,4.1998,0.0003000000000001,300.0,61,0.8680956240898132,214.0,0.148447222222222
324,2.2131147541011503e-08,0.3759758600631523,4.1998,4.1995,4.1996229508196725,-1.9228131696943696,927.0,187,4.1998,4.1995,-0.0003000000000001,300.0,61,0.8681639788433958,213.0,0.148458911111111
325,9.295081967224829e-09,2.478794301438061,4.1998,4.1995,4.1995344262295085,4.28385887759004,933.0,188,4.1995,4.1995,0.0,300.0,61,0.8672043482771876,212.0,0.148294811111111
326,2.2377049180356063e-08,0.3059217425185653,4.1998,4.1995,4.199627868852459,-1.972203132929638,926.0,187,4.1995,4.1995,0.0,300.0,61,0.86695815420749,211.0,0.148252711111111
327,1.2540983606573177e-08,1.8616039840494512,4.1998,4.1995,4.199549180327869,1.514147213472827,936.0,189,4.1995,4.1995,0.0,300.0,61,0.8668235889083765,210.0,0.1482297
328,2.1491803278715604e-08,0.5202643571591532,4.1998,4.1995,4.199613114754098,-1.789109905351288,932.0,188,4.1995,4.1995,0.0,300.0,61,0.8663199599207227,209.0,0.148143577777778
329,2.286885245904521e-08,-0.0336238203859818,4.1998,4.1995,4.199652459016394,-2.067796610168481,930.0,188,4.1995,4.1998,0.0003000000000001,300.0,61,0.8657786448521934,208.0,0.148051011111111
330,1.7704918032809195e-08,1.108205447721551,4.1998,4.1995,4.19957868852459,-0.7991915059512791,936.0,189,4.1995,4.1995,0.0,300.0,61,0.865567537823308,207.0,0.148014911111111
331,1.1508196721325976e-08,2.0381402237212063,4.1998,4.1995,4.199544262295083,2.2259437424894823,932.0,188,4.1995,4.1995,0.0,300.0,61,0.8645239582631602,206.0,0.147836455555556
332,6.885245901648021e-09,3.125213498679208,4.1998,4.1995,4.199524590163934,8.02926442348302,934.0,188,4.1995,4.1995,0.0,300.0,61,0.8648168051019327,205.0,0.147886533333333
333,9.29508196722482e-09,2.4787943014380622,4.1998,4.1995,4.1995344262295085,4.283858877590043,935.0,189,4.1995,4.1995,0.0,300.0,61,0.8641194826537977,204.0,0.147767288888889
334,1.3524590163951466e-08,1.7051861374300472,4.1998,4.1995,4.1995540983606565,0.937314701589095,936.0,189,4.1995,4.1995,0.0,300.0,61,0.8638667909839504,203.0,0.147724077777778
335,1.8393442622974e-08,1.0122819576065545,4.1998,4.1995,4.199583606557377,-1.0094950259136215,933.0,188,4.1998,4.1995,-0.0003000000000001,300.0,61,0.8638837497203429,202.0,0.147726977777778
336,1.2540983606573177e-08,1.8616039840740517,4.1998,4.1995,4.199549180327868,1.5141472135359608,937.0,189,4.1995,4.1995,0.0,300.0,61,0.8630619332533201,201.0,0.147586444444444
337,1.53442622951013e-08,1.4366940083196431,4.1998,4.1995,4.19956393442623,0.0651328507354143,934.0,188,4.1995,4.1998,0.0003000000000001,300.0,61,0.8628939702894344,200.0,0.147557722222222
338,1.1508196721325973e-08,2.038140223721207,4.1998,4.1995,4.199544262295083,2.225943742489486,940.0,190,4.1995,4.1995,0.0,300.0,61,0.8625071681524855,199.0,0.147491577777778
339,6.885245901648021e-09,3.1252134986792086,4.1998,4.1995,4.199524590163934,8.02926442348302,933.0,188,4.1995,4.1995,0.0,300.0,61,0.8616619603249215,198.0,0.147347044444444
340,1.6967213114775483e-08,1.2101123118152564,4.1998,4.1995,4.199573770491803,-0.5549259268636053,942.0,190,4.1995,4.1998,0.0003000000000001,300.0,61,0.8617757982795579,197.0,0.147366511111111
341,5.6065573770562446e-09,3.5991253886958123,4.1998,4.1995,4.199519672131148,11.32409486593236,937.0,189,4.1995,4.1995,0.0,300.0,61,0.8622043150094761,196.0,0.147439788888889
342,4.2786885245955535e-09,4.275398459370035,4.1998,4.1995,4.19951475409836,16.83004494241682,938.0,189,4.1998,4.1995,-0.0003000000000001,300.0,61,0.8613469566696355,195.0,0.147293177777778
343,1.9622950819696852e-08,0.8348624372473114,4.1998,4.1995,4.199593442622951,-1.3483299130458313,940.0,189,4.1998,4.1998,0.0,300.0,61,0.8613215510530443,194.0,0.147288833333333
344,8.114754098370884e-09,2.7658437445704673,4.1998,4.1995,4.199529508196721,5.840391052505629,936.0,189,4.1995,4.1995,0.0,300.0,61,0.8607544405119245,193.0,0.147191855555556
345,1.4754098360674327e-09,7.81024967587844,4.1998,4.1995,4.199504918032787,60.99999999969621,942.0,190,4.1995,4.1995,0.0,300.0,61,0.8607495673118079,192.0,0.147191022222222
346,4.278688524595554e-09,4.275398459370036,4.1998,4.1995,4.19951475409836,16.830044942416812,938.0,189,4.1995,4.1995,0.0,300.0,61,0.8605422938670135,191.0,0.147155577777778
347,2.0655737704944066e-08,0.6722061615636084,4.1998,4.1995,4.1996032786885245,-1.6017784086211744,939.0,189,4.1995,4.1995,0.0,300.0,61,0.8601756342905282,190.0,0.147092877777778
348,1.4754098360674323e-09,7.810249675878441,4.1998,4.1995,4.199504918032787,60.99999999969619,943.0,190,4.1995,4.1995,0.0,300.0,61,0.859893508491996,189.0,0.147044633333333
349,0.0,0.0,4.1995,4.1995,4.1995,0.0,939.0,189,4.1995,4.1995,0.0,300.0,61,0.8598219699143423,188.0,0.1470324
350,6.885245901648021e-09,3.125213498679208,4.1998,4.1995,4.199524590163934,8.02926442348302,940.0,189,4.1995,4.1995,0.0,300.0,61,0.8594034594886552,187.0,0.146960833333333
351,1.6180327868872846e-08,1.3191358525893682,4.1998,4.1995,4.1995688524590165,-0.2698256765383067,944.0,190,4.1995,4.1995,0.0,300.0,61,0.8590401136882483,186.0,0.1468987
352,5.606557377056245e-09,3.5991253886958123,4.1998,4.1995,4.199519672131148,11.32409486593236,943.0,190,4.1995,4.1995,0.0,300.0,61,0.8581597538438773,185.0,0.146748155555556
353,1.2540983606573177e-08,1.8616039840494512,4.1998,4.1995,4.199549180327869,1.514147213472827,941.0,190,4.1995,4.1995,0.0,300.0,61,0.8589127607252998,184.0,0.146876922222222
354,8.114754098370884e-09,2.765843744570468,4.1998,4.1995,4.199529508196721,5.840391052505629,941.0,190,4.1995,4.1995,0.0,300.0,61,0.858152281603703,183.0,0.146746877777778
355,1.4754098360674323e-09,7.810249675878441,4.1998,4.1995,4.199504918032787,60.99999999969619,936.0,189,4.1995,4.1995,0.0,300.0,61,0.858276710646584,182.0,0.146768155555556
356,0.0,0.0,4.1995,4.1995,4.1995,0.0,941.0,190,4.1995,4.1995,0.0,300.0,61,0.8576705495285533,181.0,0.1466645
357,4.2786885245955535e-09,4.275398459370035,4.1998,4.1995,4.19951475409836,16.830044942416826,935.0,188,4.1995,4.1995,0.0,300.0,61,0.8579305185105721,180.0,0.146708955555556
358,4.2786885245955535e-09,4.2753984593700345,4.1998,4.1995,4.19951475409836,16.83004494241682,940.0,189,4.1995,4.1995,0.0,300.0,61,0.8577663891307719,179.0,0.146680888888889
359,2.901639344265952e-09,5.380496869776207,4.1998,4.1995,4.199509836065574,27.86268313673108,941.0,190,4.1995,4.1995,0.0,300.0,61,0.8570864802510352,178.0,0.146564622222222
360,5.606557377056245e-09,3.5991253886958123,4.1998,4.1995,4.199519672131148,11.32409486593236,936.0,189,4.1995,4.1995,0.0,300.0,61,0.8572968075679046,177.0,0.146600588888889
361,4.2786885245955535e-09,4.275398459370035,4.1998,4.1995,4.19951475409836,16.83004494241682,941.0,190,4.1995,4.1995,0.0,300.0,61,0.8567995462283988,176.0,0.146515555555556
362,1.6180327868872846e-08,1.3191358525893682,4.1998,4.1995,4.1995688524590165,-0.2698256765383067,939.0,189,4.1995,4.1995,0.0,300.0,61,0.8567982467083641,175.0,0.146515333333333
363,9.29508196722482e-09,2.4787943014380622,4.1998,4.1995,4.1995344262295085,4.283858877590043,939.0,189,4.1995,4.1995,0.0,300.0,61,0.856571415487114,174.0,0.146476544444444
364,1.4459016393460842e-08,1.5645937536945211,4.1998,4.1995,4.199559016393442,0.4620164839890095,946.0,191,4.1995,4.1995,0.0,300.0,61,0.8563942259310136,173.0,0.146446244444444
365,2.901639344265952e-09,5.380496869776207,4.1998,4.1995,4.199509836065574,27.86268313673108,944.0,190,4.1995,4.1995,0.0,300.0,61,0.8553963894759232,172.0,0.146275611111111
366,2.901639344265952e-09,5.380496869776208,4.1998,4.1995,4.199509836065574,27.86268313673108,938.0,189,4.1995,4.1995,0.0,300.0,61,0.8560988450281783,171.0,0.146395733333333
367,2.901639344265952e-09,5.380496869776207,4.1998,4.1995,4.199509836065574,27.86268313673107,945.0,190,4.1995,4.1995,0.0,300.0,61,0.8551043873251675,170.0,0.146225677777778
368,8.114754098370886e-09,2.7658437445704664,4.1998,4.1995,4.199529508196721,5.840391052505623,938.0,189,4.1995,4.1995,0.0,300.0,61,0.8555091878145342,169.0,0.1462949
369,0.0,0.0,4.1995,4.1995,4.1995,0.0,945.0,191,4.1995,4.1995,0.0,300.0,61,0.8555168549827109,168.0,0.146296211111111
370,1.4754098360674323e-09,7.810249675878442,4.1998,4.1995,4.199504918032787,60.99999999969619,942.0,190,4.1995,4.1995,0.0,300.0,61,0.8543415040915098,167.0,0.146095222222222
371,0.0,0.0,4.1995,4.1995,4.1995,0.0,940.0,190,4.1995,4.1995,0.0,300.0,61,0.8548114755103882,166.0,0.146175588888889
372,0.0,0.0,4.1995,4.1995,4.1995,0.0,948.0,191,4.1995,4.1995,0.0,300.0,61,0.8545474130402745,165.0,0.146130433333333
373,2.1836065573798e-08,0.4473272967520593,4.1998,4.1995,4.199618032786886,-1.8620768635545824,944.0,190,4.1998,4.1998,0.0,300.0,61,0.854232279432981,164.0,0.146076544444444
374,1.53442622951013e-08,1.4366940083196431,4.1998,4.1995,4.19956393442623,0.0651328507354143,943.0,190,4.1995,4.1995,0.0,300.0,61,0.8541786742317442,163.0,0.146067377777778
375,2.016393442625492e-08,0.7519706664780241,4.1998,4.1995,4.199598360655738,-1.4843266667791746,942.0,190,4.1995,4.1995,0.0,300.0,61,0.8538272190396107,162.0,0.146007277777778
376,1.6180327868872846e-08,1.3191358525893682,4.1998,4.1995,4.1995688524590165,-0.2698256765383067,942.0,190,4.1995,4.1995,0.0,300.0,61,0.8536064955624995,161.0,0.145969533333333
377,0.0,0.0,4.1995,4.1995,4.1995,0.0,938.0,189,4.1995,4.1995,0.0,300.0,61,0.8533948037496003,160.0,0.145933333333333
378,6.885245901648021e-09,3.125213498679208,4.1998,4.1995,4.199524590163934,8.02926442348302,943.0,190,4.1995,4.1995,0.0,300.0,61,0.8527427045985099,159.0,0.145821822222222
379,4.2786885245955535e-09,4.275398459370035,4.1998,4.1995,4.19951475409836,16.83004494241682,946.0,191,4.1995,4.1995,0.0,300.0,61,0.8529684962037346,158.0,0.145860433333333
380,1.8393442622974e-08,1.0122819576065534,4.1998,4.1995,4.199583606557377,-1.009495025913624,945.0,190,4.1995,4.1995,0.0,300.0,61,0.8527868882795349,157.0,0.145829377777778
381,2.901639344265952e-09,5.380496869776209,4.1998,4.1995,4.199509836065574,27.86268313673108,947.0,191,4.1995,4.1995,0.0,300.0,61,0.8521057448557704,156.0,0.1457129
382,6.885245901648021e-09,3.125213498679208,4.1998,4.1995,4.199524590163934,8.02926442348302,944.0,190,4.1995,4.1995,0.0,300.0,61,0.8519595488523871,155.0,0.1456879
383,2.901639344265953e-09,5.380496869776203,4.1998,4.1995,4.199509836065574,27.862683136731036,940.0,189,4.1995,4.1995,0.0,300.0,61,0.8514989339777254,154.0,0.145609133333333
384,5.6065573770562446e-09,3.5991253886958123,4.1998,4.1995,4.199519672131148,11.32409486593236,937.0,189,4.1995,4.1995,0.0,300.0,61,0.8513129076854209,153.0,0.145577322222222
385,1.7704918032809198e-08,1.1082054477215508,4.1998,4.1995,4.19957868852459,-0.79919150595128,945.0,190,4.1995,4.1995,0.0,300.0,61,0.8515077707139291,152.0,0.145610644444444
386,9.295081967224822e-09,2.478794301438061,4.1998,4.1995,4.1995344262295085,4.283858877590039,943.0,190,4.1995,4.1995,0.0,300.0,61,0.8505313113633362,151.0,0.145443666666667
387,4.2786885245955535e-09,4.275398459370035,4.1998,4.1995,4.19951475409836,16.83004494241682,946.0,191,4.1995,4.1995,0.0,300.0,61,0.8508290314022254,150.0,0.145494577777778
388,4.2786885245955535e-09,4.275398459370036,4.1998,4.1995,4.19951475409836,16.83004494241682,943.0,190,4.1995,4.1995,0.0,300.0,61,0.8502986323019507,149.0,0.145403877777778
389,1.2540983606573177e-08,1.8616039840494512,4.1998,4.1995,4.199549180327869,1.514147213472827,944.0,190,4.1995,4.1995,0.0,300.0,61,0.8503008414860032,148.0,0.145404255555556
390,1.2540983606573177e-08,1.8616039840494512,4.1998,4.1995,4.199549180327869,1.514147213472827,943.0,190,4.1995,4.1995,0.0,300.0,61,0.8504160439366693,147.0,0.145423955555556
391,1.2540983606573177e-08,1.8616039840494512,4.1998,4.1995,4.199549180327869,1.514147213472827,943.0,190,4.1995,4.1995,0.0,300.0,61,0.8495747996451982,146.0,0.1452801
392,1.6967213114775476e-08,1.2101123118152557,4.1998,4.1995,4.199573770491803,-0.5549259268636044,945.0,191,4.1995,4.1995,0.0,300.0,61,0.8498300903551088,145.0,0.145323755555556
393,2.2573770491831726e-08,0.2369000925636799,4.1998,4.1995,4.199632786885247,-2.0109403590093473,941.0,190,4.1998,4.1995,-0.0003000000000001,300.0,61,0.8493557005681258,144.0,0.145242633333333
394,4.2786885245955535e-09,4.275398459370035,4.1998,4.1995,4.19951475409836,16.83004494241682,939.0,189,4.1995,4.1995,0.0,300.0,61,0.8494963736113839,143.0,0.145266688888889
395,2.2377049180356063e-08,0.3059217425185652,4.1998,4.1995,4.199627868852459,-1.972203132929638,937.0,189,4.1995,4.1995,0.0,300.0,61,0.8486006794306535,142.0,0.145113522222222
396,0.0,0.0,4.1995,4.1995,4.1995,0.0,941.0,190,4.1995,4.1995,0.0,300.0,61,0.8486635112241108,141.0,0.145124266666667
397,1.2540983606573177e-08,1.8616039840494512,4.1998,4.1995,4.199549180327869,1.514147213472827,939.0,189,4.1995,4.1995,0.0,300.0,61,0.8483205029121701,140.0,0.145065611111111
398,8.11475409837088e-09,2.765843744539887,4.1998,4.1995,4.199529508196722,5.840391052389029,943.0,190,4.1995,4.1995,0.0,300.0,61,0.848003939832846,139.0,0.145011477777778
399,0.0,0.0,4.1995,4.1995,4.1995,0.0,937.0,189,4.1995,4.1995,0.0,300.0,61,0.847575747982938,138.0,0.144938255555556
400,2.1836065573798004e-08,0.447327296770702,4.1998,4.1995,4.199618032786885,-1.862076863543085,938.0,189,4.1995,4.1995,0.0,300.0,61,0.8472314401509686,137.0,0.144879377777778
401,1.7704918032809198e-08,1.1082054477215506,4.1998,4.1995,4.19957868852459,-0.7991915059512804,934.0,188,4.1998,4.1995,-0.0003000000000001,300.0,61,0.8476768506412725,136.0,0.144955544444444
402,1.4754098360674323e-09,7.810249675878441,4.1998,4.1995,4.199504918032787,60.99999999969619,940.0,189,4.1995,4.1995,0.0,300.0,61,0.8468957091511996,135.0,0.144821966666667
403,1.4754098360674323e-09,7.810249675878441,4.1998,4.1995,4.199504918032787,60.99999999969619,939.0,189,4.1995,4.1995,0.0,300.0,61,0.8468365160138251,134.0,0.144811844444444
404,1.4754098360674323e-09,7.810249675878441,4.1998,4.1995,4.199504918032787,60.99999999969619,937.0,189,4.1995,4.1995,0.0,300.0,61,0.846590581848137,133.0,0.144769788888889
406,0.0,0.0,4.1995,4.1995,4.1995,0.0,933.0,188,4.1995,4.1995,0.0,300.0,61,0.8463302879861138,131.0,0.144725277777778
407,0.0,0.0,4.1995,4.1995,4.1995,0.0,936.0,189,4.1995,4.1995,0.0,300.0,61,0.8465521810312462,130.0,0.144763222222222
408,1.3524590163951464e-08,1.7051861374537365,4.1998,4.1995,4.199554098360656,0.9373147016447811,932.0,188,4.1995,4.1995,0.0,300.0,61,0.8455903412809858,129.0,0.144598744444444
409,0.0,0.0,4.1995,4.1995,4.1995,0.0,930.0,187,4.1995,4.1995,0.0,300.0,61,0.8456195155056616,128.0,0.144603733333333
410,0.0,0.0,4.1995,4.1995,4.1995,0.0,934.0,188,4.1995,4.1995,0.0,300.0,61,0.8454787774864083,127.0,0.144579666666667
411,1.4754098360674323e-09,7.810249675878442,4.1998,4.1995,4.199504918032787,60.99999999969618,937.0,189,4.1995,4.1995,0.0,300.0,61,0.8454306952452911,126.0,0.144571444444444
412,0.0,0.0,4.1995,4.1995,4.1995,0.0,939.0,189,4.1995,4.1995,0.0,300.0,61,0.8447229766369142,125.0,0.144450422222222
413,0.0,0.0,4.1995,4.1995,4.1995,0.0,933.0,188,4.1995,4.1995,0.0,300.0,61,0.8450590325166931,124.0,0.144507888888889
414,1.4754098360674327e-09,7.810249675878441,4.1998,4.1995,4.199504918032787,60.99999999969619,934.0,188,4.1995,4.1995,0.0,300.0,61,0.8441036253905814,123.0,0.144344511111111
415,0.0,0.0,4.1995,4.1995,4.1995,0.0,936.0,189,4.1995,4.1995,0.0,300.0,61,0.8441752289442418,122.0,0.144356755555556
416,0.0,0.0,4.1995,4.1995,4.1995,0.0,936.0,189,4.1995,4.1995,0.0,300.0,61,0.8439945306840599,121.0,0.144325855555556
417,8.114754098370884e-09,2.765843744539885,4.1998,4.1995,4.199529508196722,5.840391052389023,941.0,190,4.1995,4.1995,0.0,300.0,61,0.8429154092510827,120.0,0.144141322222222
418,0.0,0.0,4.1995,4.1995,4.1995,0.0,936.0,189,4.1995,4.1995,0.0,300.0,61,0.8436731593806202,119.0,0.1442709
419,9.29508196722482e-09,2.4787943014380622,4.1998,4.1995,4.1995344262295085,4.283858877590043,938.0,189,4.1995,4.1995,0.0,300.0,61,0.8429206723072045,118.0,0.144142222222222
420,6.885245901648019e-09,3.125213498679209,4.1998,4.1995,4.199524590163934,8.029264423483024,939.0,189,4.1995,4.1995,0.0,300.0,61,0.8430964323912745,117.0,0.144172277777778
421,0.0,0.0,4.1995,4.1995,4.1995,0.0,940.0,190,4.1995,4.1995,0.0,300.0,61,0.8423115222931111,116.0,0.144038055555556
422,1.0426229508209856e-08,2.240877502726418,4.1998,4.1995,4.199539344262295,3.122884112776208,934.0,188,4.1995,4.1995,0.0,300.0,61,0.8422529789157511,115.0,0.144028044444444
423,8.114754098370884e-09,2.765843744570468,4.1998,4.1995,4.199529508196721,5.840391052505627,943.0,190,4.1995,4.1995,0.0,300.0,61,0.8425496593386209,114.0,0.144078777777778
424,2.901639344265952e-09,5.380496869776207,4.1998,4.1995,4.199509836065574,27.86268313673108,937.0,189,4.1995,4.1995,0.0,300.0,61,0.8417672183285134,113.0,0.143944977777778
425,6.885245901648021e-09,3.125213498679208,4.1998,4.1995,4.199524590163934,8.02926442348302,929.0,187,4.1995,4.1995,0.0,300.0,61,0.842319969173304,112.0,0.1440395
426,1.4459016393460842e-08,1.5645937536945216,4.1998,4.1995,4.199559016393442,0.4620164839890104,943.0,190,4.1998,4.1995,-0.0003000000000001,300.0,61,0.8420404424148351,111.0,0.1439917
427,1.4754098360674323e-09,7.810249675878441,4.1998,4.1995,4.199504918032787,60.99999999969619,936.0,189,4.1995,4.1995,0.0,300.0,61,0.84166247701409,110.0,0.143927066666667
428,0.0,0.0,4.1995,4.1995,4.1995,0.0,935.0,189,4.1995,4.1995,0.0,300.0,61,0.8414344762248129,109.0,0.143888077777778
429,0.0,0.0,4.1995,4.1995,4.1995,0.0,988.0,199,4.1995,4.1995,0.0,300.0,61,0.8262397083211669,108.0,0.141289722222222
430,0.0,0.0,4.1995,4.1995,4.1995,0.0,982.0,198,4.1995,4.1995,0.0,300.0,61,0.8250564953337866,107.0,0.141087388888889
431,1.4459016393460842e-08,1.5645937536945216,4.1998,4.1995,4.199559016393442,0.4620164839890104,975.0,196,4.1995,4.1995,0.0,300.0,61,0.8254874811517606,106.0,0.141161088888889
432,0.0,0.0,4.1995,4.1995,4.1995,0.0,969.0,195,4.1995,4.1995,0.0,300.0,61,0.8255970306902939,105.0,0.141179822222222
433,0.0,0.0,4.1995,4.1995,4.1995,0.0,971.0,196,4.1995,4.1995,0.0,300.0,61,0.8250437600374905,104.0,0.141085211111111
434,6.885245901648021e-09,3.125213498679208,4.1998,4.1995,4.199524590163934,8.02926442348302,971.0,196,4.1995,4.1995,0.0,300.0,61,0.825494888415934,103.0,0.141162355555556
435,2.901639344265951e-09,5.380496869776206,4.1998,4.1995,4.199509836065574,27.86268313673108,964.0,194,4.1995,4.1995,0.0,300.0,61,0.8247198546699939,102.0,0.141029822222222
436,1.6967213114775483e-08,1.210112311815256,4.1998,4.1995,4.199573770491803,-0.5549259268636058,964.0,194,4.1995,4.1995,0.0,300.0,61,0.8247572158708592,101.0,0.141036211111111
437,9.295081967224829e-09,2.478794301466633,4.1998,4.1995,4.199534426229508,4.283858877687677,971.0,196,4.1998,4.1995,-0.0003000000000001,300.0,61,0.8249734560038648,100.0,0.141073188888889
438,1.042622950820986e-08,2.240877502726418,4.1998,4.1995,4.199539344262295,3.122884112776209,966.0,195,4.1995,4.1995,0.0,300.0,61,0.8247451303345776,99.0,0.141034144444444
439,1.3524590163951464e-08,1.7051861374537358,4.1998,4.1995,4.199554098360656,0.9373147016447804,963.0,194,4.1998,4.1995,-0.0003000000000001,300.0,61,0.8246856123172047,98.0,0.141023966666667
440,0.0,0.0,4.1995,4.1995,4.1995,0.0,964.0,194,4.1995,4.1995,0.0,300.0,61,0.8246371402200822,97.0,0.141015677777778
441,1.9622950819696852e-08,0.8348624372473116,4.1998,4.1995,4.199593442622951,-1.3483299130458302,961.0,194,4.1995,4.1995,0.0,300.0,61,0.8238081763928955,96.0,0.140873922222222
442,1.042622950820986e-08,2.24087750272642,4.1998,4.1995,4.199539344262295,3.122884112776208,966.0,195,4.1995,4.1995,0.0,300.0,61,0.8242308452826783,95.0,0.1409462
443,0.0,0.0,4.1995,4.1995,4.1995,0.0,970.0,195,4.1995,4.1995,0.0,300.0,61,0.8237290356230659,94.0,0.140860388888889
444,0.0,0.0,4.1995,4.1995,4.1995,0.0,967.0,195,4.1995,4.1995,0.0,300.0,61,0.8236406032850206,93.0,0.140845266666667
445,1.53442622951013e-08,1.4366940083196436,4.1998,4.1995,4.19956393442623,0.0651328507354143,968.0,195,4.1998,4.1995,-0.0003000000000001,300.0,61,0.823803108264782,92.0,0.140873055555556
446,2.901639344265952e-09,5.380496869776207,4.1998,4.1995,4.199509836065574,27.86268313673108,964.0,194,4.1995,4.1995,0.0,300.0,61,0.8232045493389274,91.0,0.1407707
447,0.0,0.0,4.1995,4.1995,4.1995,0.0,961.0,194,4.1995,4.1995,0.0,300.0,61,0.8232690055324177,90.0,0.140781722222222
448,0.0,0.0,4.1995,4.1995,4.1995,0.0,965.0,194,4.1995,4.1995,0.0,300.0,61,0.8237034350784722,89.0,0.140856011111111
449,1.7704918032809198e-08,1.108205447742254,4.1998,4.1995,4.199578688524589,-0.7991915059196493,967.0,195,4.1995,4.1995,0.0,300.0,61,0.8230103360704335,88.0,0.140737488888889
450,1.6967213114775473e-08,1.2101123117941075,4.1998,4.1995,4.199573770491804,-0.5549259268988855,963.0,194,4.1995,4.1995,0.0,300.0,61,0.8233986976314205,87.0,0.1408039
451,0.0,0.0,4.1995,4.1995,4.1995,0.0,967.0,195,4.1995,4.1995,0.0,300.0,61,0.8235869980837781,86.0,0.1408361
452,5.6065573770562446e-09,3.599125388695812,4.1998,4.1995,4.199519672131148,11.32409486593236,967.0,195,4.1995,4.1995,0.0,300.0,61,0.8236903749021718,85.0,0.140853777777778
453,2.901639344265952e-09,5.380496869776207,4.1998,4.1995,4.199509836065574,27.86268313673108,966.0,195,4.1995,4.1995,0.0,300.0,61,0.8231061106966513,84.0,0.140753866666667
454,6.885245901648021e-09,3.1252134986792086,4.1998,4.1995,4.199524590163934,8.02926442348302,963.0,194,4.1995,4.1995,0.0,300.0,61,0.8231918140426313,83.0,0.140768522222222
455,1.3524590163951461e-08,1.7051861374537365,4.1998,4.1995,4.199554098360656,0.9373147016447811,969.0,195,4.1995,4.1995,0.0,300.0,61,0.8230915560723137,82.0,0.140751377777778
456,1.042622950820986e-08,2.240877502726418,4.1998,4.1995,4.199539344262295,3.122884112776209,969.0,195,4.1995,4.1995,0.0,300.0,61,0.8229776531416765,81.0,0.1407319
457,1.0426229508209856e-08,2.2408775027264185,4.1998,4.1995,4.199539344262295,3.122884112776208,970.0,195,4.1995,4.1995,0.0,300.0,61,0.8221568762906791,80.0,0.140591544444444
458,5.6065573770562446e-09,3.5991253886958128,4.1998,4.1995,4.199519672131148,11.32409486593236,963.0,194,4.1998,4.1995,-0.0003000000000001,300.0,61,0.8226935130871,79.0,0.140683311111111
459,1.3524590163951464e-08,1.7051861374537365,4.1998,4.1995,4.199554098360656,0.9373147016447811,967.0,195,4.1995,4.1995,0.0,300.0,61,0.8217969092423519,78.0,0.140529988888889
460,1.0426229508209856e-08,2.2408775027264194,4.1998,4.1995,4.199539344262295,3.122884112776209,967.0,195,4.1995,4.1995,0.0,300.0,61,0.8222994986139804,77.0,0.140615933333333
461,6.885245901648019e-09,3.125213498679209,4.1998,4.1995,4.199524590163934,8.029264423483024,967.0,195,4.1995,4.1995,0.0,300.0,61,0.8220137991353719,76.0,0.140567077777778
462,0.0,0.0,4.1995,4.1995,4.1995,0.0,966.0,195,4.1995,4.1995,0.0,300.0,61,0.8219678611023061,75.0,0.140559222222222
463,0.0,0.0,4.1995,4.1995,4.1995,0.0,965.0,194,4.1995,4.1995,0.0,300.0,61,0.821929265357413,74.0,0.140552622222222
464,2.016393442625492e-08,0.7519706664780241,4.1998,4.1995,4.199598360655738,-1.484326666779174,968.0,195,4.1995,4.1998,0.0003000000000001,300.0,61,0.8216946370159844,73.0,0.1405125
465,2.0655737704944066e-08,0.6722061615636084,4.1998,4.1995,4.1996032786885245,-1.6017784086211744,962.0,194,4.1995,4.1995,0.0,300.0,61,0.8218734509721238,72.0,0.140543077777778
466,0.0,0.0,4.1995,4.1995,4.1995,0.0,966.0,195,4.1995,4.1995,0.0,300.0,61,0.8215193967399269,71.0,0.140482533333333
467,2.1836065573798e-08,0.4473272967520592,4.1998,4.1995,4.199618032786886,-1.8620768635545824,961.0,194,4.1995,4.1995,0.0,300.0,61,0.8214632574746278,70.0,0.140472933333333
468,2.2819672131176297e-08,0.1009801002776679,4.1998,4.1995,4.19964262295082,-2.0584226808289494,964.0,194,4.1995,4.1995,0.0,300.0,61,0.8213807379527187,69.0,0.140458822222222
469,2.1836065573798007e-08,0.447327296770702,4.1998,4.1995,4.199618032786885,-1.8620768635430855,961.0,194,4.1995,4.1995,0.0,300.0,61,0.8212403897894708,68.0,0.140434822222222
470,2.2573770491831716e-08,-0.2369000926003512,4.1998,4.1995,4.199667213114754,-2.0109403589973716,960.0,194,4.1998,4.1995,-0.0003000000000001,300.0,61,0.8211461745872911,67.0,0.140418711111111
471,1.9622950819696865e-08,-0.8348624372669768,4.1998,4.1995,4.199706557377049,-1.3483299130231996,963.0,194,4.1998,4.1998,0.0,300.0,61,0.8210164824882883,66.0,0.140396533333333
472,2.1491803278715604e-08,-0.5202643571779448,4.1998,4.1995,4.199686885245902,-1.7891099053378108,964.0,194,4.1998,4.1998,0.0,300.0,61,0.8203136370800221,65.0,0.140276344444444
473,1.6180327868872846e-08,1.3191358525893675,4.1998,4.1995,4.1995688524590165,-0.2698256765383067,967.0,195,4.1995,4.1998,0.0003000000000001,300.0,61,0.8204114909382906,64.0,0.140293077777778
474,1.4459016393460844e-08,1.5645937536716108,4.1998,4.1995,4.199559016393443,0.4620164839395944,965.0,194,4.1995,4.1998,0.0003000000000001,300.0,61,0.8199332025912213,63.0,0.140211288888889
475,2.2721311475438464e-08,-0.1686640598197195,4.1998,4.1995,4.199662295081967,-2.0395530828027137,968.0,195,4.1995,4.1995,0.0,300.0,61,0.8193533567537996,62.0,0.140112133333333
476,1.8393442622973995e-08,1.0122819575862416,4.1998,4.1995,4.199583606557378,-1.009495025941968,967.0,195,4.1998,4.1995,-0.0003000000000001,300.0,61,0.8195929232713457,61.0,0.1401531
477,2.2573770491831733e-08,-0.236900092600351,4.1998,4.1995,4.199667213114754,-2.010940358997372,970.0,195,4.1995,4.1995,0.0,300.0,61,0.8192966327044868,60.0,0.140102433333333
478,1.6967213114775483e-08,-1.210112311836405,4.1998,4.1995,4.199726229508197,-0.5549259268283233,968.0,195,4.1998,4.1998,0.0,300.0,61,0.8190241883301812,59.0,0.140055844444444
479,1.4754098360674323e-09,7.810249675878441,4.1998,4.1995,4.199504918032787,60.99999999969619,963.0,194,4.1995,4.1995,0.0,300.0,61,0.8186998931066795,58.0,0.140000388888889
480,4.278688524595554e-09,4.275398459370035,4.1998,4.1995,4.19951475409836,16.830044942416812,967.0,195,4.1995,4.1998,0.0003000000000001,300.0,61,0.8178148549901942,57.0,0.139849044444444
481,1.7704918032809198e-08,1.1082054477215506,4.1998,4.1995,4.19957868852459,-0.79919150595128,965.0,195,4.1995,4.1995,0.0,300.0,61,0.8182157569194748,56.0,0.1399176
482,0.0,0.0,4.1995,4.1995,4.1995,0.0,971.0,196,4.1995,4.1995,0.0,300.0,61,0.8173429992672797,55.0,0.139768355555556
483,2.2573770491831726e-08,0.2369000925636799,4.1998,4.1995,4.199632786885247,-2.0109403590093473,962.0,194,4.1998,4.1995,-0.0003000000000001,300.0,61,0.8174081701967852,54.0,0.1397795
484,1.6967213114775483e-08,1.2101123118152564,4.1998,4.1995,4.199573770491803,-0.5549259268636053,973.0,196,4.1995,4.1995,0.0,300.0,61,0.8173097965305101,53.0,0.139762677777778
485,1.9622950819696865e-08,-0.834862437286643,4.1998,4.1995,4.19970655737705,-1.3483299130005648,966.0,195,4.1998,4.1998,0.0,300.0,61,0.8168027887907765,52.0,0.139675977777778
486,2.2131147541011493e-08,-0.3759758600816708,4.1998,4.1995,4.199677049180328,-1.922813169684769,963.0,194,4.1998,4.1995,-0.0003000000000001,300.0,61,0.8165251463363499,51.0,0.1396285
487,1.4754098360674323e-09,7.810249675878441,4.1998,4.1995,4.199504918032787,60.99999999969619,970.0,196,4.1995,4.1995,0.0,300.0,61,0.816712147268679,50.0,0.139660477777778
488,1.5344262295101295e-08,-1.4366940083641233,4.1998,4.1995,4.199736065573771,0.0651328508235118,961.0,194,4.1998,4.1998,0.0,300.0,61,0.8159431562908827,49.0,0.139528977777778
489,2.2377049180356067e-08,-0.3059217425369813,4.1998,4.1995,4.199672131147541,-1.972203132921872,966.0,195,4.1998,4.1995,-0.0003000000000001,300.0,61,0.8160474427732941,48.0,0.139546811111111
490,1.903278688526989e-08,0.9214209011307972,4.1998,4.1995,4.199588524590164,-1.191152551436258,965.0,194,4.1995,4.1995,0.0,300.0,61,0.8158773356013568,47.0,0.139517722222222
491,1.6967213114775483e-08,1.2101123118152564,4.1998,4.1995,4.199573770491803,-0.5549259268636053,968.0,195,4.1995,4.1995,0.0,300.0,61,0.8152894977157541,46.0,0.1394172
492,5.606557377056245e-09,3.599125388695812,4.1998,4.1995,4.199519672131148,11.32409486593236,964.0,194,4.1995,4.1998,0.0003000000000001,300.0,61,0.8154540819275604,45.0,0.139445344444444
493,1.7704918032809198e-08,1.108205447721551,4.1998,4.1995,4.19957868852459,-0.79919150595128,967.0,195,4.1998,4.1995,-0.0003000000000001,300.0,61,0.8144532565764014,44.0,0.1392742
494,0.0,0.0,4.1995,4.1995,4.1995,0.0,964.0,194,4.1995,4.1995,0.0,300.0,61,0.8141403321531603,43.0,0.139220688888889
495,0.0,0.0,4.1995,4.1995,4.1995,0.0,968.0,195,4.1995,4.1995,0.0,300.0,61,0.8143683329424375,42.0,0.139259677777778
496,2.2721311475438467e-08,0.1686640598014435,4.1998,4.1995,4.199637704918033,-2.0395530828069632,964.0,194,4.1995,4.1995,0.0,300.0,61,0.8132660150769272,41.0,0.139071177777778
497,1.4459016393460842e-08,1.5645937536945211,4.1998,4.1995,4.199559016393442,0.4620164839890095,966.0,195,4.1995,4.1995,0.0,300.0,61,0.8137239659355247,40.0,0.139149488888889
498,2.2721311475438467e-08,0.1686640598014435,4.1998,4.1995,4.199637704918033,-2.0395530828069632,965.0,195,4.1995,4.1998,0.0003000000000001,300.0,61,0.813194281571265,39.0,0.139058911111111
499,1.042622950820986e-08,2.2408775027264194,4.1998,4.1995,4.199539344262295,3.122884112776208,969.0,195,4.1995,4.1995,0.0,300.0,61,0.8128640085556206,38.0,0.139002433333333
500,2.1491803278715607e-08,0.5202643571591532,4.1998,4.1995,4.199613114754098,-1.7891099053512884,966.0,195,4.1998,4.1995,-0.0003000000000001,300.0,61,0.8129334679012293,37.0,0.139014311111111
501,2.0655737704944066e-08,0.6722061615444399,4.1998,4.1995,4.199603278688525,-1.6017784086389375,966.0,195,4.1995,4.1995,0.0,300.0,61,0.8120941079138065,36.0,0.138870777777778
502,2.2377049180356073e-08,-0.3059217425369813,4.1998,4.1995,4.199672131147541,-1.972203132921872,956.0,193,4.1995,4.1998,0.0003000000000001,300.0,61,0.8126807112553812,35.0,0.138971088888889
503,1.618032786887285e-08,1.3191358525893682,4.1998,4.1995,4.1995688524590165,-0.2698256765383067,970.0,195,4.1995,4.1995,0.0,300.0,61,0.8119635711267867,34.0,0.138848455555556
504,2.1836065573798e-08,0.4473272967520593,4.1998,4.1995,4.199618032786886,-1.8620768635545824,955.0,192,4.1995,4.1995,0.0,300.0,61,0.8120768892734047,33.0,0.138867833333333
505,2.2377049180356067e-08,-0.3059217425553973,4.1998,4.1995,4.199672131147542,-1.9722031329141052,962.0,194,4.1998,4.1995,-0.0003000000000001,300.0,61,0.8114158884101096,32.0,0.1387548
506,2.1098360655764295e-08,0.595105286841094,4.1998,4.1995,4.199608196721312,-1.7028033334389034,956.0,193,4.1995,4.1995,0.0,300.0,61,0.8115229038845861,31.0,0.1387731
507,2.1098360655764295e-08,0.5951052868410939,4.1998,4.1995,4.199608196721312,-1.7028033334389037,958.0,193,4.1998,4.1995,-0.0003000000000001,300.0,61,0.8111711887884491,30.0,0.138712955555556
508,2.0655737704944056e-08,-0.6722061615827769,4.1998,4.1995,4.199696721311476,-1.6017784086034108,956.0,193,4.1998,4.1995,-0.0003000000000001,300.0,61,0.8106990081855184,29.0,0.138632211111111
509,1.6180327868872846e-08,1.3191358525893682,4.1998,4.1995,4.1995688524590165,-0.2698256765383062,958.0,193,4.1998,4.1995,-0.0003000000000001,300.0,61,0.8104634052040655,28.0,0.138591922222222
510,2.149180327871561e-08,0.5202643571591532,4.1998,4.1995,4.199613114754098,-1.7891099053512884,960.0,193,4.1998,4.1995,-0.0003000000000001,300.0,61,0.8104476160357,27.0,0.138589222222222
511,2.2819672131176293e-08,0.1009801002776679,4.1998,4.1995,4.19964262295082,-2.0584226808289494,955.0,193,4.1995,4.1995,0.0,300.0,61,0.8097721255240683,26.0,0.138473711111111
512,1.903278688526989e-08,0.921420901130797,4.1998,4.1995,4.199588524590164,-1.191152551436258,963.0,194,4.1995,4.1998,0.0003000000000001,300.0,61,0.809774984468135,25.0,0.1384742
513,1.6967213114775476e-08,1.2101123117941073,4.1998,4.1995,4.199573770491804,-0.5549259268988846,959.0,193,4.1995,4.1995,0.0,300.0,61,0.8095982497440463,24.0,0.138443977777778
514,1.9032786885269888e-08,0.921420901130797,4.1998,4.1995,4.199588524590164,-1.191152551436258,960.0,193,4.1998,4.1998,0.0,300.0,61,0.8089390032327859,23.0,0.138331244444444
515,9.295081967224822e-09,2.478794301438061,4.1998,4.1995,4.1995344262295085,4.283858877590039,961.0,194,4.1995,4.1998,0.0003000000000001,300.0,61,0.8087852050372265,22.0,0.138304944444444
516,1.7704918032809198e-08,1.108205447742254,4.1998,4.1995,4.199578688524589,-0.7991915059196493,958.0,193,4.1995,4.1998,0.0003000000000001,300.0,61,0.8092903284729177,21.0,0.138391322222222
517,1.903278688526988e-08,0.9214209011108296,4.1998,4.1995,4.1995885245901645,-1.19115255146162,966.0,195,4.1995,4.1995,0.0,300.0,61,0.8087605791326574,20.0,0.138300733333333
518,1.1508196721325976e-08,2.038140223772567,4.1998,4.1995,4.199544262295081,2.225943742633791,955.0,192,4.1995,4.1995,0.0,300.0,61,0.8080706639486956,19.0,0.138182755555556
519,1.1508196721325976e-08,2.038140223772567,4.1998,4.1995,4.199544262295081,2.225943742633791,959.0,193,4.1995,4.1995,0.0,300.0,61,0.8082994444499888,18.0,0.138221877777778
520,5.606557377056245e-09,3.5991253886958123,4.1998,4.1995,4.199519672131148,11.32409486593236,962.0,194,4.1998,4.1995,-0.0003000000000001,300.0,61,0.8080449334521,17.0,0.138178355555556
521,1.8393442622974e-08,1.0122819576065536,4.1998,4.1995,4.199583606557377,-1.0094950259136244,955.0,193,4.1995,4.1995,0.0,300.0,61,0.8076360394746328,16.0,0.138108433333333
522,9.295081967224822e-09,2.478794301438061,4.1998,4.1995,4.1995344262295085,4.283858877590039,965.0,195,4.1995,4.1995,0.0,300.0,61,0.8077132959404201,15.0,0.138121644444444
523,2.1836065573798e-08,0.4473272967520593,4.1998,4.1995,4.199618032786886,-1.8620768635545824,958.0,193,4.1998,4.1995,-0.0003000000000001,300.0,61,0.8077847045660778,14.0,0.138133855555556
524,2.1491803278715604e-08,0.5202643571591532,4.1998,4.1995,4.199613114754098,-1.789109905351288,966.0,195,4.1998,4.1995,-0.0003000000000001,300.0,61,0.8065066915924982,13.0,0.137915311111111
525,1.1508196721325976e-08,2.0381402237725657,4.1998,4.1995,4.199544262295081,2.225943742633788,962.0,194,4.1995,4.1995,0.0,300.0,61,0.8072801659144003,12.0,0.138047577777778
526,2.901639344265951e-09,5.380496869776206,4.1998,4.1995,4.199509836065574,27.86268313673108,964.0,194,4.1995,4.1995,0.0,300.0,61,0.8060169674691674,11.0,0.137831566666667
527,1.1508196721325976e-08,2.038140223772566,4.1998,4.1995,4.199544262295081,2.2259437426337874,962.0,194,4.1995,4.1995,0.0,300.0,61,0.8061695311206989,10.0,0.137857655555556
528,6.885245901648021e-09,3.125213498679208,4.1998,4.1995,4.199524590163934,8.02926442348302,961.0,194,4.1995,4.1995,0.0,300.0,61,0.8059399709073837,9.0,0.1378184
529,1.4754098360674323e-09,7.810249675878441,4.1998,4.1995,4.199504918032787,60.99999999969619,961.0,194,4.1995,4.1995,0.0,300.0,61,0.8056564806128217,8.0,0.137769922222222
530,1.53442622951013e-08,1.436694008319643,4.1998,4.1995,4.19956393442623,0.0651328507354143,965.0,195,4.1998,4.1995,-0.0003000000000001,300.0,61,0.805571816882861,7.0,0.137755444444444
531,4.2786885245955535e-09,4.275398459370035,4.1998,4.1995,4.19951475409836,16.83004494241682,964.0,194,4.1995,4.1995,0.0,300.0,61,0.8053245831971441,6.0,0.137713166666667
532,1.4459016393460842e-08,1.5645937536945216,4.1998,4.1995,4.199559016393442,0.4620164839890086,960.0,193,4.1998,4.1995,-0.0003000000000001,300.0,61,0.8046065983805268,5.0,0.137590388888889
533,0.0,0.0,4.1995,4.1995,4.1995,0.0,967.0,195,4.1995,4.1995,0.0,300.0,61,0.8049807301971864,4.0,0.137654366666667
534,1.6180327868872846e-08,1.3191358525893682,4.1998,4.1995,4.1995688524590165,-0.2698256765383067,969.0,195,4.1998,4.1995,-0.0003000000000001,300.0,61,0.8042515045323104,3.0,0.137529666666667
535,1.6180327868872846e-08,1.3191358525893682,4.1998,4.1995,4.1995688524590165,-0.2698256765383067,964.0,194,4.1995,4.1995,0.0,300.0,61,0.8046071831645404,2.0,0.137590488888889
536,0.0,0.0,4.1995,4.1995,4.1995,0.0,961.0,194,4.1995,4.1995,0.0,300.0,61,0.8043550113027058,1.0,0.137547366666667
537,5.606557377056245e-09,3.5991253886958123,4.1998,4.1995,4.199519672131148,11.32409486593236,1019.0,205,4.1995,4.1995,0.0,300.0,61,0.8001089595564413,0.0,0.136821277777778
538,1.4459016393460844e-08,1.5645937536716097,4.1998,4.1995,4.199559016393443,0.4620164839395912,1009.0,203,4.1995,4.1995,0.0,300.0,61,0.8003086957850605,-1.0,0.136855433333333
539,2.1836065573798e-08,0.4473272967520593,4.1998,4.1995,4.199618032786886,-1.8620768635545824,995.0,201,4.1995,4.1995,0.0,300.0,61,0.7991080692292758,-2.0,0.136650122222222
540,1.6967213114775476e-08,1.210112311815256,4.1998,4.1995,4.199573770491803,-0.5549259268636044,986.0,199,4.1995,4.1995,0.0,300.0,61,0.7995160535427195,-3.0,0.136719888888889
541,1.4459016393460842e-08,1.5645937536945211,4.1998,4.1995,4.199559016393442,0.4620164839890095,993.0,200,4.1995,4.1995,0.0,300.0,61,0.7987025540038938,-4.0,0.136580777777778
542,2.149180327871561e-08,0.5202643571591532,4.1998,4.1995,4.199613114754098,-1.7891099053512884,990.0,200,4.1998,4.1998,0.0,300.0,61,0.7987512860050195,-5.0,0.136589111111111
543,2.2573770491831726e-08,0.2369000926003512,4.1998,4.1995,4.199632786885245,-2.010940358997371,991.0,200,4.1995,4.1995,0.0,300.0,61,0.797869106832607,-6.0,0.136438255555556
544,1.6180327868872846e-08,1.3191358525893675,4.1998,4.1995,4.1995688524590165,-0.2698256765383067,984.0,198,4.1995,4.1995,0.0,300.0,61,0.7977863274066888,-7.0,0.1364241
545,2.2819672131176293e-08,-0.1009801002959048,4.1998,4.1995,4.1996573770491805,-2.05842268082641,990.0,199,4.1995,4.1995,0.0,300.0,61,0.7975326610968171,-8.0,0.136380722222222
546,2.149180327871561e-08,0.5202643571591532,4.1998,4.1995,4.199613114754098,-1.7891099053512884,991.0,200,4.1995,4.1998,0.0003000000000001,300.0,61,0.7969762066199426,-9.0,0.136285566666667
547,2.0655737704944066e-08,-0.6722061615827765,4.1998,4.1995,4.199696721311476,-1.6017784086034117,985.0,199,4.1995,4.1998,0.0003000000000001,300.0,61,0.796730077526246,-10.0,0.136243477777778
548,2.2819672131176293e-08,0.1009801002776679,4.1998,4.1995,4.19964262295082,-2.0584226808289494,991.0,200,4.1998,4.1998,0.0,300.0,61,0.7964985680328877,-11.0,0.136203888888889
549,2.286885245904521e-08,0.0336238203495475,4.1998,4.1995,4.199647540983607,-2.0677966101701704,987.0,199,4.1998,4.1995,-0.0003000000000001,300.0,61,0.7956725931017693,-12.0,0.136062644444444
550,1.4459016393460842e-08,1.5645937536945216,4.1998,4.1995,4.199559016393442,0.4620164839890095,987.0,199,4.1995,4.1998,0.0003000000000001,300.0,61,0.7957199606068656,-13.0,0.136070744444444
551,5.606557377056247e-09,3.5991253886958097,4.1998,4.1995,4.199519672131148,11.324094865932343,993.0,200,4.1995,4.1995,0.0,300.0,61,0.7950602592635991,-14.0,0.135957933333333
552,2.1491803278715607e-08,0.5202643571591532,4.1998,4.1995,4.199613114754098,-1.789109905351289,994.0,200,4.1998,4.1995,-0.0003000000000001,300.0,61,0.7934556119304637,-15.0,0.135683533333333
553,2.1491803278715607e-08,-0.5202643571779445,4.1998,4.1995,4.199686885245902,-1.7891099053378114,984.0,198,4.1995,4.1995,0.0,300.0,61,0.7935433945084946,-16.0,0.135698544444444
554,2.2377049180356063e-08,0.3059217425185652,4.1998,4.1995,4.199627868852459,-1.972203132929638,991.0,200,4.1998,4.1995,-0.0003000000000001,300.0,61,0.7929031859656832,-17.0,0.135589066666667
555,2.109836065576428e-08,-0.595105286879027,4.1998,4.1995,4.199691803278689,-1.702803333407781,991.0,200,4.1995,4.1995,0.0,300.0,61,0.7928461370363602,-18.0,0.135579311111111
556,1.53442622951013e-08,1.4366940083196431,4.1998,4.1995,4.19956393442623,0.0651328507354143,990.0,200,4.1995,4.1998,0.0003000000000001,300.0,61,0.7926028019107296,-19.0,0.1355377
557,1.8393442622974e-08,1.0122819576065534,4.1998,4.1995,4.199583606557377,-1.0094950259136244,998.0,201,4.1995,4.1998,0.0003000000000001,300.0,61,0.7917950202600375,-20.0,0.135399566666667
558,2.2573770491831726e-08,0.2369000925636799,4.1998,4.1995,4.199632786885247,-2.0109403590093473,994.0,200,4.1998,4.1995,-0.0003000000000001,300.0,61,0.7917368017626876,-21.0,0.135389611111111
559,1.9622950819696855e-08,0.8348624372473114,4.1998,4.1995,4.199593442622951,-1.3483299130458315,994.0,200,4.1995,4.1998,0.0003000000000001,300.0,61,0.7915215362697064,-22.0,0.1353528
560,2.1098360655764295e-08,0.595105286841094,4.1998,4.1995,4.199608196721312,-1.7028033334389037,998.0,201,4.1998,4.1998,0.0,300.0,61,0.7908769743347911,-23.0,0.135242577777778
561,1.7704918032809195e-08,1.108205447721551,4.1998,4.1995,4.19957868852459,-0.7991915059512786,995.0,201,4.1995,4.1995,0.0,300.0,61,0.7908071901091721,-24.0,0.135230644444444
562,2.1098360655764292e-08,0.5951052868410943,4.1998,4.1995,4.199608196721312,-1.702803333438903,994.0,200,4.1998,4.1995,-0.0003000000000001,300.0,61,0.7903951772836405,-25.0,0.135160188888889
563,1.042622950820986e-08,2.2408775027264194,4.1998,4.1995,4.199539344262295,3.122884112776208,992.0,200,4.1998,4.1995,-0.0003000000000001,300.0,61,0.7898406071108083,-26.0,0.135065355555556
564,8.11475409837088e-09,2.765843744570469,4.1998,4.1995,4.199529508196721,5.840391052505634,1000.0,202,4.1995,4.1995,0.0,300.0,61,0.7901293604614862,-27.0,0.135114733333333
565,1.4459016393460842e-08,1.5645937536945216,4.1998,4.1995,4.199559016393442,0.4620164839890095,996.0,201,4.1995,4.1995,0.0,300.0,61,0.7894938301907831,-28.0,0.135006055555556
566,8.114754098370882e-09,2.7658437445704673,4.1998,4.1995,4.199529508196721,5.840391052505627,992.0,200,4.1995,4.1995,0.0,300.0,61,0.7895684226405061,-29.0,0.135018811111111
567,1.3524590163951461e-08,1.705186137453736,4.1998,4.1995,4.199554098360656,0.9373147016447811,997.0,201,4.1995,4.1995,0.0,300.0,61,0.7893886990203488,-30.0,0.134988077777778
568,2.2377049180356063e-08,0.3059217425185653,4.1998,4.1995,4.199627868852459,-1.972203132929638,996.0,201,4.1995,4.1998,0.0003000000000001,300.0,61,0.7901338438055919,-31.0,0.1351155
569,2.901639344265952e-09,5.380496869776207,4.1998,4.1995,4.199509836065574,27.86268313673108,996.0,201,4.1995,4.1995,0.0,300.0,61,0.7887953381746151,-32.0,0.134886611111111
570,1.4754098360674327e-09,7.810249675878441,4.1998,4.1995,4.199504918032787,60.99999999969619,995.0,201,4.1995,4.1998,0.0003000000000001,300.0,61,0.7890148920836993,-33.0,0.134924155555556
571,2.21311475410115e-08,0.3759758600631525,4.1998,4.1995,4.1996229508196725,-1.9228131696943684,996.0,201,4.1995,4.1998,0.0003000000000001,300.0,61,0.7890663530768903,-34.0,0.134932955555556
572,2.0655737704944056e-08,0.6722061615444407,4.1998,4.1995,4.199603278688525,-1.6017784086389348,996.0,201,4.1995,4.1998,0.0003000000000001,300.0,61,0.7884216611899673,-35.0,0.134822711111111
573,0.0,0.0,4.1995,4.1995,4.1995,0.0,1000.0,201,4.1995,4.1995,0.0,300.0,61,0.788074949245943,-36.0,0.134763422222222
574,2.1491803278715607e-08,0.5202643571591531,4.1998,4.1995,4.199613114754098,-1.7891099053512889,996.0,201,4.1995,4.1995,0.0,300.0,61,0.7885097686480083,-37.0,0.134837777777778
575,2.1836065573798004e-08,-0.4473272967893449,4.1998,4.1995,4.199681967213115,-1.8620768635315896,994.0,200,4.1995,4.1995,0.0,300.0,61,0.7879951587160989,-38.0,0.134749777777778
576,1.2540983606573177e-08,1.8616039840494512,4.1998,4.1995,4.199549180327869,1.514147213472827,995.0,200,4.1995,4.1995,0.0,300.0,61,0.787787040583282,-39.0,0.134714188888889
577,1.1508196721325976e-08,2.038140223772566,4.1998,4.1995,4.199544262295081,2.2259437426337874,999.0,201,4.1998,4.1995,-0.0003000000000001,300.0,61,0.7881269950231473,-40.0,0.134772322222222
578,4.2786885245955535e-09,4.275398459370036,4.1998,4.1995,4.19951475409836,16.83004494241682,995.0,200,4.1995,4.1995,0.0,300.0,61,0.7875057594727725,-41.0,0.134666088888889
579,1.2540983606573177e-08,1.8616039840494512,4.1998,4.1995,4.199549180327869,1.514147213472827,997.0,201,4.1995,4.1995,0.0,300.0,61,0.7868194179688869,-42.0,0.134548722222222
580,0.0,0.0,4.1995,4.1995,4.1995,0.0,995.0,200,4.1995,4.1995,0.0,300.0,61,0.78718932634545,-43.0,0.134611977777778
581,0.0,0.0,4.1995,4.1995,4.1995,0.0,997.0,201,4.1995,4.1995,0.0,300.0,61,0.7869727613324344,-44.0,0.134574944444444
582,1.7704918032809188e-08,-1.1082054477629593,4.1998,4.1995,4.199721311475411,-0.7991915058880172,999.0,201,4.1998,4.1998,0.0,300.0,61,0.7870982949673415,-45.0,0.134596411111111
583,2.2721311475438467e-08,-0.1686640598379957,4.1998,4.1995,4.199662295081968,-2.0395530827984647,992.0,200,4.1995,4.1995,0.0,300.0,61,0.7862510728837334,-46.0,0.134451533333333
584,1.2540983606573177e-08,1.8616039840494512,4.1998,4.1995,4.199549180327869,1.5141472134728282,995.0,200,4.1995,4.1995,0.0,300.0,61,0.7862782328523651,-47.0,0.134456177777778
585,1.4459016393460842e-08,1.5645937536945211,4.1998,4.1995,4.199559016393442,0.4620164839890104,995.0,201,4.1998,4.1995,-0.0003000000000001,300.0,61,0.7858024785693525,-48.0,0.134374822222222
586,2.901639344265952e-09,5.380496869776208,4.1998,4.1995,4.199509836065574,27.86268313673108,997.0,201,4.1995,4.1995,0.0,300.0,61,0.7854007969280559,-49.0,0.134306133333333
587,0.0,0.0,4.1995,4.1995,4.1995,0.0,991.0,200,4.1995,4.1995,0.0,300.0,61,0.7854981309783118,-50.0,0.134322777777778
588,8.11475409837088e-09,2.765843744539887,4.1998,4.1995,4.199529508196722,5.84039105238903,996.0,201,4.1995,4.1995,0.0,300.0,61,0.7854599250894237,-51.0,0.134316244444444
589,0.0,0.0,4.1995,4.1995,4.1995,0.0,999.0,201,4.1995,4.1998,0.0003000000000001,300.0,61,0.7854519330412426,-52.0,0.134314877777778
590,0.0,0.0,4.1995,4.1995,4.1995,0.0,996.0,201,4.1995,4.1995,0.0,300.0,61,0.784665528495042,-53.0,0.1341804
591,1.1508196721325976e-08,2.038140223772566,4.1998,4.1995,4.199544262295081,2.2259437426337865,993.0,200,4.1998,4.1995,-0.0003000000000001,300.0,61,0.784683461871459,-54.0,0.134183466666667
592,5.6065573770562446e-09,3.5991253886958123,4.1998,4.1995,4.199519672131148,11.32409486593236,995.0,200,4.1995,4.1995,0.0,300.0,61,0.7849155561488309,-55.0,0.134223155555556
593,2.1491803278715604e-08,0.5202643571591532,4.1998,4.1995,4.199613114754098,-1.789109905351288,997.0,201,4.1998,4.1995,-0.0003000000000001,300.0,61,0.784760848289248,-56.0,0.1341967
594,2.2819672131176293e-08,0.1009801002776679,4.1998,4.1995,4.19964262295082,-2.0584226808289494,992.0,200,4.1998,4.1995,-0.0003000000000001,300.0,61,0.7847843046257902,-57.0,0.134200711111111
595,1.1508196721325976e-08,2.0381402237725657,4.1998,4.1995,4.199544262295081,2.225943742633788,998.0,201,4.1995,4.1995,0.0,300.0,61,0.7838429323160032,-58.0,0.134039733333333
596,1.9032786885269888e-08,0.9214209011307972,4.1998,4.1995,4.199588524590164,-1.191152551436258,993.0,200,4.1998,4.1995,-0.0003000000000001,300.0,61,0.7840070616958035,-59.0,0.1340678
597,1.4459016393460842e-08,1.5645937536945216,4.1998,4.1995,4.199559016393442,0.4620164839890095,992.0,200,4.1998,4.1995,-0.0003000000000001,300.0,61,0.7836132421506923,-60.0,0.134000455555556
598,1.53442622951013e-08,1.4366940083196431,4.1998,4.1995,4.19956393442623,0.0651328507354143,992.0,200,4.1995,4.1995,0.0,300.0,61,0.7837303289054006,-61.0,0.134020477777778
599,2.2573770491831726e-08,0.2369000925636799,4.1998,4.1995,4.199632786885247,-2.0109403590093473,988.0,199,4.1995,4.1995,0.0,300.0,61,0.7832218916936309,-62.0,0.133933533333333
600,1.1508196721325976e-08,2.0381402237725657,4.1998,4.1995,4.199544262295081,2.2259437426337874,996.0,201,4.1995,4.1998,0.0003000000000001,300.0,61,0.7830337861692815,-63.0,0.133901366666667
601,4.278688524595554e-09,4.275398459370035,4.1998,4.1995,4.19951475409836,16.830044942416812,997.0,201,4.1995,4.1995,0.0,300.0,61,0.7828955172380784,-64.0,0.133877722222222
602,2.2377049180356067e-08,-0.3059217425369813,4.1998,4.1995,4.199672131147541,-1.9722031329218723,989.0,199,4.1998,4.1995,-0.0003000000000001,300.0,61,0.7826376274881103,-65.0,0.133833622222222
603,9.29508196722482e-09,2.4787943014380622,4.1998,4.1995,4.1995344262295085,4.283858877590043,991.0,200,4.1995,4.1995,0.0,300.0,61,0.782700719185571,-66.0,0.133844411111111
604,5.606557377056245e-09,3.5991253886958123,4.1998,4.1995,4.199519672131148,11.32409486593236,995.0,200,4.1995,4.1998,0.0003000000000001,300.0,61,0.7827440581785733,-67.0,0.133851822222222
605,4.2786885245955535e-09,4.275398459370035,4.1998,4.1995,4.19951475409836,16.83004494241682,997.0,201,4.1995,4.1995,0.0,300.0,61,0.7820822126272553,-68.0,0.133738644444444
606,0.0,0.0,4.1995,4.1995,4.1995,0.0,992.0,200,4.1995,4.1995,0.0,300.0,61,0.7815724758954626,-69.0,0.133651477777778
607,1.77049180328092e-08,1.108205447721551,4.1998,4.1995,4.19957868852459,-0.79919150595128,991.0,200,4.1998,4.1995,-0.0003000000000001,300.0,61,0.7815525932390026,-70.0,0.133648077777778
608,0.0,0.0,4.1995,4.1995,4.1995,0.0,996.0,201,4.1995,4.1998,0.0003000000000001,300.0,61,0.782065188914862,-71.0,0.133735733333333
609,6.885245901648021e-09,3.125213498679208,4.1998,4.1995,4.199524590163934,8.02926442348302,989.0,199,4.1995,4.1995,0.0,300.0,61,0.7814205620039457,-72.0,0.1336255
610,8.114754098370884e-09,2.765843744570468,4.1998,4.1995,4.199529508196721,5.840391052505629,995.0,200,4.1995,4.1995,0.0,300.0,61,0.7811895723186001,-73.0,0.133586
611,4.278688524595554e-09,4.27539845932792,4.1998,4.1995,4.199514754098361,16.830044942168577,992.0,200,4.1998,4.1995,-0.0003000000000001,300.0,61,0.7812344707356405,-74.0,0.133593677777778
612,1.1508196721325976e-08,2.038140223772566,4.1998,4.1995,4.199544262295081,2.2259437426337874,993.0,200,4.1995,4.1995,0.0,300.0,61,0.780040861588018,-75.0,0.133389566666667
613,1.4754098360674327e-09,7.810249675878441,4.1998,4.1995,4.199504918032787,60.99999999969619,987.0,199,4.1995,4.1995,0.0,300.0,61,0.7808045895096926,-76.0,0.133520166666667
614,0.0,0.0,4.1995,4.1995,4.1995,0.0,994.0,200,4.1995,4.1995,0.0,300.0,61,0.7801256552699803,-77.0,0.133404066666667
615,1.8393442622974e-08,1.0122819576065545,4.1998,4.1995,4.199583606557377,-1.0094950259136215,992.0,200,4.1998,4.1995,-0.0003000000000001,300.0,61,0.780160092550778,-78.0,0.133409955555556
616,1.2540983606573177e-08,-1.8616039840740517,4.1998,4.1995,4.199750819672131,1.5141472135359608,990.0,200,4.1998,4.1995,-0.0003000000000001,300.0,61,0.7799153929291118,-79.0,0.133368111111111
617,2.016393442625492e-08,0.7519706664780242,4.1998,4.1995,4.199598360655738,-1.484326666779174,987.0,199,4.1995,4.1995,0.0,300.0,61,0.7796552939950913,-80.0,0.133323633333333
618,2.2868852459045205e-08,0.0336238203677647,4.1998,4.1995,4.199647540983606,-2.067796610169325,987.0,199,4.1998,4.1995,-0.0003000000000001,300.0,61,0.7795208586479795,-81.0,0.133300644444444
619,1.042622950820986e-08,2.2408775027264194,4.1998,4.1995,4.199539344262295,3.122884112776208,988.0,199,4.1995,4.1998,0.0003000000000001,300.0,61,0.7789547227468783,-82.0,0.133203833333333
620,1.3524590163951473e-08,-1.7051861374774222,4.1998,4.1995,4.199745901639345,0.937314701700461,992.0,200,4.1995,4.1998,0.0003000000000001,300.0,61,0.778568440417942,-83.0,0.133137777777778
621,2.2819672131176293e-08,0.1009801002594314,4.1998,4.1995,4.199642622950821,-2.058422680831488,987.0,199,4.1995,4.1995,0.0,300.0,61,0.778039015957686,-84.0,0.133047244444444
623,2.2573770491831733e-08,0.236900092600351,4.1998,4.1995,4.199632786885245,-2.010940358997372,987.0,199,4.1995,4.1998,0.0003000000000001,300.0,61,0.7772708696679126,-86.0,0.132915888888889
624,1.4459016393460842e-08,1.5645937536945205,4.1998,4.1995,4.199559016393442,0.4620164839890064,991.0,200,4.1995,4.1995,0.0,300.0,61,0.7769140214676554,-87.0,0.132854866666667
625,1.1508196721325976e-08,-2.0381402237725657,4.1998,4.1995,4.199755737704918,2.2259437426337874,984.0,198,4.1998,4.1998,0.0,300.0,61,0.77738308322251,-88.0,0.132935077777778
626,1.3524590163951473e-08,-1.7051861374774224,4.1998,4.1995,4.199745901639345,0.9373147017004602,992.0,200,4.1998,4.1998,0.0,300.0,61,0.7758467256669564,-89.0,0.132672355555556
627,1.3524590163951473e-08,-1.705186137477422,4.1998,4.1995,4.199745901639345,0.937314701700461,990.0,199,4.1998,4.1998,0.0,300.0,61,0.7758391234747805,-90.0,0.132671055555556
628,1.2540983606573178e-08,-1.8616039840986505,4.1998,4.1995,4.199750819672132,1.514147213599088,987.0,199,4.1998,4.1998,0.0,300.0,61,0.7765333920508463,-91.0,0.132789777777778
629,2.2819672131176293e-08,-0.1009801002959048,4.1998,4.1995,4.1996573770491805,-2.05842268082641,987.0,199,4.1998,4.1998,0.0,300.0,61,0.7752104156842253,-92.0,0.132563544444444
630,1.1508196721325976e-08,-2.038140223772566,4.1998,4.1995,4.199755737704918,2.2259437426337874,987.0,199,4.1998,4.1998,0.0,300.0,61,0.7751694158272773,-93.0,0.132556533333333
631,8.114754098370877e-09,-2.7658437446010504,4.1998,4.1995,4.199770491803279,5.840391052622243,990.0,200,4.1998,4.1998,0.0,300.0,61,0.7752075567401645,-94.0,0.132563055555556
632,6.885245901648018e-09,-3.1252134987124123,4.1998,4.1995,4.199775409836066,8.029264423626056,993.0,200,4.1998,4.1995,-0.0003000000000001,300.0,61,0.7746882685361469,-95.0,0.132474255555556
633,2.2868852459045205e-08,0.0336238203677647,4.1998,4.1995,4.199647540983606,-2.0677966101693244,978.0,197,4.1995,4.1998,0.0003000000000001,300.0,61,0.7729188420631968,-96.0,0.132171677777778
634,2.2819672131176297e-08,0.100980100277668,4.1998,4.1995,4.19964262295082,-2.0584226808289494,994.0,200,4.1998,4.1995,-0.0003000000000001,300.0,61,0.7743799574090073,-97.0,0.132421533333333
635,2.901639344265951e-09,5.380496869776206,4.1998,4.1995,4.199509836065574,27.86268313673108,983.0,198,4.1995,4.1995,0.0,300.0,61,0.7747987927147046,-98.0,0.132493155555556
636,8.114754098370886e-09,2.7658437445704664,4.1998,4.1995,4.199529508196721,5.840391052505623,992.0,200,4.1995,4.1995,0.0,300.0,61,0.774100560602546,-99.0,0.132373755555556
637,6.885245901648021e-09,3.125213498679208,4.1998,4.1995,4.199524590163934,8.02926442348302,991.0,200,4.1995,4.1995,0.0,300.0,61,0.7743246628317308,-100.0,0.132412077777778
638,5.6065573770562446e-09,3.5991253886958123,4.1998,4.1995,4.199519672131148,11.32409486593236,992.0,200,4.1998,4.1995,-0.0003000000000001,300.0,61,0.7735315007813713,-101.0,0.132276444444444
639,2.901639344265952e-09,5.380496869776207,4.1998,4.1995,4.199509836065574,27.86268313673108,989.0,199,4.1995,4.1995,0.0,300.0,61,0.7739655404714206,-102.0,0.132350666666667
640,0.0,0.0,4.1995,4.1995,4.1995,0.0,989.0,199,4.1995,4.1995,0.0,300.0,61,0.7730920031072035,-103.0,0.132201288888889
641,2.901639344265952e-09,5.380496869776207,4.1998,4.1995,4.199509836065574,27.86268313673108,989.0,199,4.1995,4.1995,0.0,300.0,61,0.7736971895852096,-104.0,0.132304777777778
642,9.295081967224824e-09,2.478794301438061,4.1998,4.1995,4.1995344262295085,4.283858877590039,989.0,199,4.1995,4.1995,0.0,300.0,61,0.7736752926726997,-105.0,0.132301033333333
643,0.0,0.0,4.1995,4.1995,4.1995,0.0,989.0,199,4.1995,4.1998,0.0003000000000001,300.0,61,0.7725788876233256,-106.0,0.132113544444444
644,0.0,0.0,4.1995,4.1995,4.1995,0.0,986.0,199,4.1995,4.1995,0.0,300.0,61,0.773206295893846,-107.0,0.132220833333333
645,1.4459016393460842e-08,1.5645937536945211,4.1998,4.1995,4.199559016393442,0.4620164839890104,991.0,200,4.1995,4.1995,0.0,300.0,61,0.7732253988382901,-108.0,0.1322241
646,1.6967213114775483e-08,1.2101123118152564,4.1998,4.1995,4.199573770491803,-0.5549259268636053,990.0,200,4.1995,4.1995,0.0,300.0,61,0.7725033205335781,-109.0,0.132100622222222
647,0.0,0.0,4.1995,4.1995,4.1995,0.0,985.0,198,4.1995,4.1995,0.0,300.0,61,0.7726067623279727,-110.0,0.132118311111111
648,1.042622950820986e-08,2.2408775027264194,4.1998,4.1995,4.199539344262295,3.122884112776209,987.0,199,4.1995,4.1995,0.0,300.0,61,0.7723912369309881,-111.0,0.132081455555556
649,0.0,0.0,4.1995,4.1995,4.1995,0.0,988.0,199,4.1995,4.1995,0.0,300.0,61,0.7722556320158492,-112.0,0.132058266666667
650,1.9032786885269888e-08,0.921420901130797,4.1998,4.1995,4.199588524590164,-1.191152551436258,985.0,199,4.1995,4.1995,0.0,300.0,61,0.7716896910427508,-113.0,0.131961488888889
651,1.1508196721325973e-08,2.038140223721207,4.1998,4.1995,4.199544262295083,2.225943742489489,986.0,199,4.1995,4.1995,0.0,300.0,61,0.7709963321307027,-114.0,0.131842922222222
652,6.885245901648021e-09,3.125213498679208,4.1998,4.1995,4.199524590163934,8.02926442348302,986.0,199,4.1995,4.1998,0.0003000000000001,300.0,61,0.7719683731131969,-115.0,0.132009144444444
653,1.4459016393460842e-08,1.5645937536945205,4.1998,4.1995,4.199559016393442,0.4620164839890068,1034.0,208,4.1995,4.1995,0.0,300.0,61,0.7786493355398123,-116.0,0.133151611111111
654,1.6967213114775486e-08,1.2101123118152557,4.1998,4.1995,4.199573770491803,-0.554925926863608,1030.0,208,4.1995,4.1995,0.0,300.0,61,0.7770329925264062,-117.0,0.132875211111111
655,2.2573770491831726e-08,0.2369000925636799,4.1998,4.1995,4.199632786885247,-2.0109403590093473,1014.0,204,4.1998,4.1995,-0.0003000000000001,300.0,61,0.7749869632150549,-118.0,0.132525333333333
656,0.0,0.0,4.1995,4.1995,4.1995,0.0,1012.0,204,4.1995,4.1995,0.0,300.0,61,0.7746586394794593,-119.0,0.132469188888889
657,6.885245901648021e-09,3.1252134986792077,4.1998,4.1995,4.199524590163934,8.02926442348302,1015.0,204,4.1995,4.1995,0.0,300.0,61,0.7737136934895903,-120.0,0.1323076
658,2.901639344265952e-09,5.380496869776208,4.1998,4.1995,4.199509836065574,27.86268313673108,1011.0,204,4.1995,4.1995,0.0,300.0,61,0.7737749658590095,-121.0,0.132318077777778
659,0.0,0.0,4.1995,4.1995,4.1995,0.0,1012.0,204,4.1995,4.1995,0.0,300.0,61,0.7727459409231935,-122.0,0.132142111111111
660,4.2786885245955535e-09,4.275398459370035,4.1998,4.1995,4.19951475409836,16.83004494241682,1004.0,202,4.1995,4.1998,0.0003000000000001,300.0,61,0.7720784424597485,-123.0,0.132027966666667
661,9.295081967224824e-09,2.478794301438061,4.1998,4.1995,4.1995344262295085,4.283858877590039,1005.0,202,4.1995,4.1995,0.0,300.0,61,0.7726120253840943,-124.0,0.132119211111111
662,0.0,0.0,4.1995,4.1995,4.1995,0.0,1007.0,203,4.1995,4.1995,0.0,300.0,61,0.7714408979329898,-125.0,0.131918944444444
663,2.2868852459045205e-08,-0.0336238203859816,4.1998,4.1995,4.199652459016394,-2.0677966101684806,1008.0,203,4.1995,4.1995,0.0,300.0,61,0.77099100409858,-126.0,0.131842011111111
664,1.4754098360674327e-09,7.810249675878441,4.1998,4.1995,4.199504918032787,60.99999999969619,1012.0,204,4.1995,4.1995,0.0,300.0,61,0.7701021323980095,-127.0,0.131690011111111
665,2.016393442625492e-08,0.751970666478024,4.1998,4.1995,4.199598360655738,-1.484326666779174,1004.0,202,4.1995,4.1995,0.0,300.0,61,0.7697898577347827,-128.0,0.131636611111111
666,1.2540983606573177e-08,1.8616039840494512,4.1998,4.1995,4.199549180327869,1.514147213472827,1009.0,203,4.1998,4.1995,-0.0003000000000001,300.0,61,0.7684543409998744,-129.0,0.131408233333333
667,0.0,0.0,4.1995,4.1995,4.1995,0.0,1005.0,203,4.1995,4.1995,0.0,300.0,61,0.7681128271359708,-130.0,0.131349833333333
668,0.0,0.0,4.1995,4.1995,4.1995,0.0,1006.0,203,4.1995,4.1995,0.0,300.0,61,0.7669471576689965,-131.0,0.1311505
669,0.0,0.0,4.1995,4.1995,4.1995,0.0,1010.0,204,4.1995,4.1995,0.0,300.0,61,0.7672961437730741,-132.0,0.131210177777778
670,0.0,0.0,4.1995,4.1995,4.1995,0.0,1003.0,202,4.1995,4.1995,0.0,300.0,61,0.7665814077565347,-133.0,0.131087955555556
671,0.0,0.0,4.1995,4.1995,4.1995,0.0,1006.0,203,4.1995,4.1995,0.0,300.0,61,0.7658180047148645,-134.0,0.130957411111111
672,1.4459016393460842e-08,1.5645937536945216,4.1998,4.1995,4.199559016393442,0.4620164839890104,1008.0,203,4.1995,4.1995,0.0,300.0,61,0.7653320491996183,-135.0,0.130874311111111
673,5.6065573770562446e-09,3.5991253886958123,4.1998,4.1995,4.199519672131148,11.32409486593236,1015.0,204,4.1995,4.1995,0.0,300.0,61,0.7633695140502006,-136.0,0.130538711111111
674,1.53442622951013e-08,1.4366940083196431,4.1998,4.1995,4.19956393442623,0.0651328507354143,1007.0,203,4.1998,4.1995,-0.0003000000000001,300.0,61,0.7624499087009219,-137.0,0.130381455555556
675,0.0,0.0,4.1995,4.1995,4.1995,0.0,1018.0,205,4.1995,4.1995,0.0,300.0,61,0.7616243236258146,-138.0,0.130240277777778
676,5.6065573770562446e-09,3.5991253886958123,4.1998,4.1995,4.199519672131148,11.324094865932356,1016.0,205,4.1998,4.1995,-0.0003000000000001,300.0,61,0.7604665812310204,-139.0,0.1300423
677,1.7704918032809198e-08,1.1082054477215508,4.1998,4.1995,4.19957868852459,-0.79919150595128,1018.0,205,4.1995,4.1995,0.0,300.0,61,0.7603294168918435,-140.0,0.130018844444444
678,8.114754098370882e-09,2.7658437445704673,4.1998,4.1995,4.199529508196721,5.840391052505627,1018.0,205,4.1998,4.1995,-0.0003000000000001,300.0,61,0.7602910160749586,-141.0,0.130012277777778
679,1.042622950820986e-08,2.2408775027264185,4.1998,4.1995,4.199539344262295,3.122884112776208,1015.0,205,4.1998,4.1998,0.0,300.0,61,0.759414099958662,-142.0,0.129862322222222
680,1.618032786887285e-08,1.3191358525893682,4.1998,4.1995,4.1995688524590165,-0.2698256765383067,1014.0,204,4.1995,4.1995,0.0,300.0,61,0.7587471862792308,-143.0,0.129748277777778
681,1.9032786885269888e-08,0.9214209011307972,4.1998,4.1995,4.199588524590164,-1.1911525514362578,1014.0,204,4.1995,4.1998,0.0003000000000001,300.0,61,0.7594185833027679,-144.0,0.129863088888889
682,1.53442622951013e-08,1.4366940083196431,4.1998,4.1995,4.19956393442623,0.0651328507354143,1014.0,204,4.1995,4.1998,0.0003000000000001,300.0,61,0.7578540261625569,-145.0,0.129595544444444
683,8.114754098370884e-09,2.765843744539885,4.1998,4.1995,4.199529508196722,5.840391052389023,1020.0,205,4.1995,4.1995,0.0,300.0,61,0.758236409931407,-146.0,0.129660933333333
684,6.885245901648021e-09,3.125213498679208,4.1998,4.1995,4.199524590163934,8.029264423483019,1013.0,204,4.1995,4.1995,0.0,300.0,61,0.7569185666689121,-147.0,0.129435577777778
685,0.0,0.0,4.1995,4.1995,4.1995,0.0,1012.0,204,4.1995,4.1995,0.0,300.0,61,0.7562252077568641,-148.0,0.129317011111111
686,0.0,0.0,4.1995,4.1995,4.1995,0.0,1019.0,205,4.1995,4.1995,0.0,300.0,61,0.7565077883874024,-149.0,0.129365333333333
687,4.2786885245955535e-09,4.275398459370035,4.1998,4.1995,4.19951475409836,16.83004494241682,1019.0,205,4.1995,4.1995,0.0,300.0,61,0.7561549037232385,-150.0,0.129304988888889
688,1.4459016393460842e-08,1.5645937536716108,4.1998,4.1995,4.199559016393443,0.4620164839395944,1021.0,206,4.1998,4.1995,-0.0003000000000001,300.0,61,0.7546843018812038,-151.0,0.129053511111111
689,0.0,0.0,4.1995,4.1995,4.1995,0.0,1024.0,206,4.1995,4.1998,0.0003000000000001,300.0,61,0.7537715190120793,-152.0,0.128897422222222
690,0.0,0.0,4.1995,4.1995,4.1995,0.0,1020.0,205,4.1995,4.1995,0.0,300.0,61,0.7535621013592335,-153.0,0.128861611111111
691,4.2786885245955535e-09,4.275398459370035,4.1998,4.1995,4.19951475409836,16.83004494241682,1024.0,206,4.1995,4.1998,0.0003000000000001,300.0,61,0.7528351498544107,-154.0,0.1287373
692,1.53442622951013e-08,1.4366940083196436,4.1998,4.1995,4.19956393442623,0.0651328507354143,1012.0,204,4.1995,4.1995,0.0,300.0,61,0.7541359044285113,-155.0,0.128959733333333
693,2.0655737704944066e-08,0.6722061615636084,4.1998,4.1995,4.1996032786885245,-1.6017784086211744,1013.0,204,4.1995,4.1995,0.0,300.0,61,0.7539719699767196,-156.0,0.1289317
694,1.8393442622973992e-08,-1.0122819576268671,4.1998,4.1995,4.199716393442623,-1.0094950258852768,1018.0,205,4.1995,4.1998,0.0003000000000001,300.0,61,0.7513489537720193,-157.0,0.128483155555556
695,1.4459016393460842e-08,-1.5645937537174306,4.1998,4.1995,4.199740983606558,0.4620164840384229,1023.0,206,4.1998,4.1995,-0.0003000000000001,300.0,61,0.7521793470712366,-158.0,0.128625155555556
696,1.8393442622974e-08,1.0122819576065534,4.1998,4.1995,4.199583606557377,-1.0094950259136244,1019.0,205,4.1995,4.1995,0.0,300.0,61,0.7528255334061907,-159.0,0.128735655555556
697,1.9622950819696855e-08,0.8348624372473114,4.1998,4.1995,4.199593442622951,-1.3483299130458315,1016.0,205,4.1998,4.1995,-0.0003000000000001,300.0,61,0.7535044026698963,-160.0,0.128851744444444
698,2.1836065573798007e-08,-0.4473272967893449,4.1998,4.1995,4.199681967213115,-1.86207686353159,1017.0,205,4.1998,4.1998,0.0,300.0,61,0.7533476805542694,-161.0,0.128824944444444
699,1.5344262295101305e-08,-1.436694008341882,4.1998,4.1995,4.19973606557377,0.0651328507794604,1012.0,204,4.1995,4.1995,0.0,300.0,61,0.7537375365632935,-162.0,0.128891611111111
700,1.1508196721325976e-08,2.038140223772566,4.1998,4.1995,4.199544262295081,2.2259437426337874,1011.0,204,4.1995,4.1995,0.0,300.0,61,0.7536973813943623,-163.0,0.128884744444444
701,1.9622950819696855e-08,0.8348624372473112,4.1998,4.1995,4.199593442622951,-1.3483299130458315,1017.0,205,4.1995,4.1995,0.0,300.0,61,0.7534639226209606,-164.0,0.128844822222222
702,5.6065573770562446e-09,3.5991253886958123,4.1998,4.1995,4.199519672131148,11.32409486593236,1005.0,203,4.1995,4.1998,0.0003000000000001,300.0,61,0.7529074031680855,-165.0,0.128749655555556
703,1.903278688526989e-08,0.9214209011307972,4.1998,4.1995,4.199588524590164,-1.191152551436258,1013.0,204,4.1995,4.1998,0.0003000000000001,300.0,61,0.7530564581155297,-166.0,0.128775144444444
704,2.2131147541011496e-08,-0.3759758601001888,4.1998,4.1995,4.199677049180329,-1.9228131696751725,1011.0,204,4.1998,4.1995,-0.0003000000000001,300.0,61,0.7525971427609026,-167.0,0.1286966
705,2.016393442625492e-08,0.7519706664780244,4.1998,4.1995,4.199598360655738,-1.4843266667791746,1010.0,203,4.1995,4.1995,0.0,300.0,61,0.7526142964252978,-168.0,0.128699533333333
706,1.4459016393460842e-08,1.5645937536945216,4.1998,4.1995,4.199559016393442,0.4620164839890095,1010.0,204,4.1995,4.1995,0.0,300.0,61,0.7519132053690721,-169.0,0.128579644444444
707,1.9032786885269884e-08,-0.9214209011507668,4.1998,4.1995,4.199711475409837,-1.1911525514108898,1014.0,204,4.1998,4.1995,-0.0003000000000001,300.0,61,0.752083897325023,-170.0,0.128608833333333
708,1.9032786885269884e-08,0.921420901130798,4.1998,4.1995,4.199588524590164,-1.191152551436255,1009.0,203,4.1998,4.1995,-0.0003000000000001,300.0,61,0.7522437382887259,-171.0,0.128636166666667
709,1.3524590163951473e-08,-1.7051861374774224,4.1998,4.1995,4.199745901639345,0.9373147017004602,1006.0,203,4.1995,4.1995,0.0,300.0,61,0.7520065758832349,-172.0,0.128595611111111
710,2.016393442625492e-08,0.7519706664780241,4.1998,4.1995,4.199598360655738,-1.4843266667791746,1005.0,203,4.1995,4.1995,0.0,300.0,61,0.7520932538692395,-173.0,0.128610433333333
711,2.257377049183173e-08,-0.236900092600351,4.1998,4.1995,4.199667213114754,-2.010940358997372,1011.0,204,4.1998,4.1995,-0.0003000000000001,300.0,61,0.7525679685362269,-174.0,0.128691611111111
712,6.885245901648018e-09,-3.1252134987124123,4.1998,4.1995,4.199775409836066,8.029264423626056,1011.0,204,4.1998,4.1998,0.0,300.0,61,0.7517579127254815,-175.0,0.128553088888889
713,2.21311475410115e-08,-0.3759758601001887,4.1998,4.1995,4.199677049180329,-1.9228131696751725,1004.0,202,4.1995,4.1995,0.0,300.0,61,0.752252120192918,-176.0,0.1286376
714,2.1098360655764292e-08,-0.5951052868600601,4.1998,4.1995,4.1996918032786885,-1.702803333423343,1006.0,203,4.1998,4.1998,0.0,300.0,61,0.7522825289616217,-177.0,0.1286428
715,8.020085869746953e-31,0.0,4.1998,4.1998,4.199800000000001,0.0,1004.0,202,4.1998,4.1998,0.0,300.0,61,0.752922347648428,-178.0,0.128752211111111
716,1.0426229508209862e-08,-2.240877502753398,4.1998,4.1995,4.199760655737705,3.12288411285955,1005.0,202,4.1995,4.1998,0.0003000000000001,300.0,61,0.7527554892765684,-179.0,0.128723677777778
717,1.0426229508209862e-08,-2.240877502753397,4.1998,4.1995,4.199760655737705,3.1228841128595493,1009.0,203,4.1998,4.1998,0.0,300.0,61,0.7531276718131791,-180.0,0.128787322222222
718,2.1491803278715604e-08,0.5202643571591532,4.1998,4.1995,4.199613114754098,-1.789109905351288,1004.0,202,4.1998,4.1995,-0.0003000000000001,300.0,61,0.7519054082488937,-181.0,0.128578311111111
720,1.0426229508209862e-08,-2.240877502753397,4.1998,4.1995,4.199760655737705,3.1228841128595493,1011.0,204,4.1998,4.1998,0.0,300.0,61,0.7520257438036798,-183.0,0.128598888888889
721,2.2573770491831716e-08,-0.2369000926003511,4.1998,4.1995,4.199667213114754,-2.0109403589973716,1002.0,202,4.1998,4.1998,0.0,300.0,61,0.7522149539200552,-184.0,0.128631244444444
722,1.5344262295101305e-08,-1.4366940083418822,4.1998,4.1995,4.19973606557377,0.0651328507794604,1002.0,202,4.1995,4.1998,0.0003000000000001,300.0,61,0.7521207387178755,-185.0,0.128615133333333
723,1.3524590163951473e-08,-1.705186137477422,4.1998,4.1995,4.199745901639345,0.937314701700461,1000.0,201,4.1995,4.1998,0.0003000000000001,300.0,61,0.7517173677005452,-186.0,0.128546155555556
724,1.6180327868872846e-08,-1.319135852611025,4.1998,4.1995,4.199731147540984,-0.2698256764989226,1004.0,202,4.1998,4.1998,0.0,300.0,61,0.7516993693481273,-187.0,0.128543077777778
725,1.5344262295101305e-08,-1.4366940083418822,4.1998,4.1995,4.19973606557377,0.0651328507794604,1006.0,203,4.1998,4.1995,-0.0003000000000001,300.0,61,0.7509203720661002,-188.0,0.128409866666667
726,2.0655737704944066e-08,-0.6722061615827765,4.1998,4.1995,4.199696721311476,-1.6017784086034113,1005.0,202,4.1998,4.1998,0.0,300.0,61,0.7503461141648103,-189.0,0.128311666666667
727,8.114754098370882e-09,2.765843744539885,4.1998,4.1995,4.199529508196722,5.840391052389025,1003.0,202,4.1995,4.1995,0.0,300.0,61,0.7505748296901028,-190.0,0.128350777777778
728,2.2868852459045205e-08,-0.0336238203859817,4.1998,4.1995,4.199652459016394,-2.0677966101684806,1004.0,202,4.1998,4.1995,-0.0003000000000001,300.0,61,0.750736165101837,-191.0,0.128378366666667
729,1.9032786885269884e-08,-0.9214209011507668,4.1998,4.1995,4.199711475409837,-1.1911525514108898,1003.0,202,4.1995,4.1998,0.0003000000000001,300.0,61,0.7509314179863564,-192.0,0.128411755555556
730,2.2868852459045208e-08,-0.0336238203859818,4.1998,4.1995,4.199652459016394,-2.067796610168481,1008.0,203,4.1995,4.1995,0.0,300.0,61,0.7494736813926196,-193.0,0.128162477777778
731,2.0655737704944066e-08,-0.6722061615827765,4.1998,4.1995,4.199696721311476,-1.6017784086034117,1000.0,201,4.1998,4.1998,0.0,300.0,61,0.7500788678706257,-194.0,0.128265966666667
732,2.2131147541011493e-08,-0.3759758601001888,4.1998,4.1995,4.199677049180329,-1.9228131696751725,1008.0,203,4.1998,4.1998,0.0,300.0,61,0.7497918688719825,-195.0,0.128216888888889
733,2.2868852459045205e-08,-0.0336238203859817,4.1998,4.1995,4.199652459016394,-2.0677966101684806,1007.0,203,4.1998,4.1998,0.0,300.0,61,0.7501765268008858,-196.0,0.128282666666667
734,5.606557377056243e-09,-3.599125388732608,4.1998,4.1995,4.199780327868853,11.324094866114914,1002.0,202,4.1998,4.1998,0.0,300.0,61,0.7490890884397173,-197.0,0.128096711111111
735,2.2819672131176297e-08,0.1009801002776679,4.1998,4.1995,4.19964262295082,-2.0584226808289494,1002.0,202,4.1998,4.1998,0.0,300.0,61,0.7497128580541547,-198.0,0.128203377777778
736,2.2131147541011496e-08,-0.3759758601001888,4.1998,4.1995,4.199677049180329,-1.9228131696751725,1008.0,203,4.1998,4.1995,-0.0003000000000001,300.0,61,0.749277323916074,-199.0,0.1281289
737,2.272131147543847e-08,0.1686640598014434,4.1998,4.1995,4.199637704918033,-2.039553082806964,1004.0,202,4.1998,4.1995,-0.0003000000000001,300.0,61,0.749365431374115,-200.0,0.128143966666667
738,2.2819672131176297e-08,0.1009801002776679,4.1998,4.1995,4.19964262295082,-2.05842268082895,1004.0,202,4.1995,4.1995,0.0,300.0,61,0.7491857727299528,-201.0,0.128113244444444
739,2.1836065573798e-08,0.4473272967520593,4.1998,4.1995,4.199618032786886,-1.8620768635545824,1005.0,202,4.1995,4.1995,0.0,300.0,61,0.7486606366857999,-202.0,0.128023444444444
740,1.9622950819696865e-08,-0.834862437286643,4.1998,4.1995,4.19970655737705,-1.3483299130005648,1002.0,202,4.1998,4.1995,-0.0003000000000001,300.0,61,0.7489636847568176,-203.0,0.128075266666667
741,2.2819672131176297e-08,0.1009801002776679,4.1998,4.1995,4.19964262295082,-2.05842268082895,1003.0,202,4.1995,4.1998,0.0003000000000001,300.0,61,0.7489037119074271,-204.0,0.128065011111111
742,1.4459016393460844e-08,1.5645937536716104,4.1998,4.1995,4.199559016393443,0.4620164839395948,1003.0,202,4.1995,4.1998,0.0003000000000001,300.0,61,0.7483333525662297,-205.0,0.127967477777778
743,1.9032786885269888e-08,0.9214209011307972,4.1998,4.1995,4.199588524590164,-1.191152551436258,1002.0,202,4.1995,4.1995,0.0,300.0,61,0.7490122868059419,-206.0,0.128083577777778
744,1.3524590163951464e-08,1.705186137453736,4.1998,4.1995,4.199554098360656,0.9373147016447804,1003.0,202,4.1998,4.1995,-0.0003000000000001,300.0,61,0.7479542175974516,-207.0,0.127902644444444
745,8.114754098370882e-09,2.7658437445704673,4.1998,4.1995,4.199529508196721,5.840391052505627,999.0,201,4.1995,4.1995,0.0,300.0,61,0.748400212871775,-208.0,0.127978911111111
746,4.2786885245955535e-09,4.275398459370035,4.1998,4.1995,4.19951475409836,16.83004494241682,1002.0,202,4.1995,4.1995,0.0,300.0,61,0.748242711044132,-209.0,0.127951977777778
747,4.2786885245955535e-09,4.2753984593700345,4.1998,4.1995,4.19951475409836,16.830044942416826,1004.0,202,4.1995,4.1995,0.0,300.0,61,0.7479033413882742,-210.0,0.127893944444444
748,1.2540983606573178e-08,1.8616039840494512,4.1998,4.1995,4.199549180327869,1.514147213472827,1000.0,202,4.1995,4.1998,0.0003000000000001,300.0,61,0.7478177679942959,-211.0,0.127879311111111
749,8.114754098370884e-09,2.765843744570468,4.1998,4.1995,4.199529508196721,5.840391052505627,1000.0,202,4.1995,4.1995,0.0,300.0,61,0.7479061353563402,-212.0,0.127894422222222
750,1.53442622951013e-08,1.4366940083196431,4.1998,4.1995,4.19956393442623,0.0651328507354138,1000.0,202,4.1995,4.1995,0.0,300.0,61,0.7475966546611794,-213.0,0.1278415
751,1.2540983606573177e-08,1.8616039840494512,4.1998,4.1995,4.199549180327869,1.514147213472827,999.0,201,4.1995,4.1995,0.0,300.0,61,0.747908214588391,-214.0,0.127894777777778
752,1.1508196721325976e-08,2.038140223772566,4.1998,4.1995,4.199544262295081,2.2259437426337874,1004.0,202,4.1998,4.1995,-0.0003000000000001,300.0,61,0.7469818517349532,-215.0,0.127736366666667
753,0.0,0.0,4.1995,4.1995,4.1995,0.0,999.0,201,4.1995,4.1995,0.0,300.0,61,0.7474387629775254,-216.0,0.1278145
754,9.295081967224824e-09,2.478794301438061,4.1998,4.1995,4.1995344262295085,4.28385887759004,999.0,201,4.1998,4.1995,-0.0003000000000001,300.0,61,0.7465240308283575,-217.0,0.127658077777778
755,1.4754098360674323e-09,7.810249675878442,4.1998,4.1995,4.199504918032787,60.99999999969618,997.0,201,4.1998,4.1995,-0.0003000000000001,300.0,61,0.746835265875559,-218.0,0.1277113
756,2.901639344265952e-09,5.380496869776208,4.1998,4.1995,4.199509836065574,27.86268313673108,1001.0,202,4.1995,4.1995,0.0,300.0,61,0.7464430057544799,-219.0,0.127644222222222
757,2.901639344265952e-09,5.380496869776207,4.1998,4.1995,4.199509836065574,27.86268313673108,1002.0,202,4.1995,4.1995,0.0,300.0,61,0.7463748459289058,-220.0,0.127632566666667
758,1.4754098360674323e-09,7.810249675878441,4.1998,4.1995,4.199504918032787,60.99999999969619,1002.0,202,4.1995,4.1995,0.0,300.0,61,0.7459503577110814,-221.0,0.127559977777778
759,0.0,0.0,4.1995,4.1995,4.1995,0.0,1006.0,203,4.1995,4.1995,0.0,300.0,61,0.7460740070419404,-222.0,0.127581122222222
760,0.0,0.0,4.1995,4.1995,4.1995,0.0,1001.0,202,4.1995,4.1995,0.0,300.0,61,0.7453495246251735,-223.0,0.127457233333333
761,0.0,0.0,4.1995,4.1995,4.1995,0.0,999.0,201,4.1995,4.1995,0.0,300.0,61,0.7452649908472203,-224.0,0.127442777777778
762,0.0,0.0,4.1995,4.1995,4.1995,0.0,1005.0,203,4.1995,4.1995,0.0,300.0,61,0.7453096943362524,-225.0,0.127450422222222
763,0.0,0.0,4.1995,4.1995,4.1995,0.0,1005.0,202,4.1995,4.1995,0.0,300.0,61,0.7455970831909066,-226.0,0.127499566666667
764,0.0,0.0,4.1995,4.1995,4.1995,0.0,1003.0,202,4.1995,4.1995,0.0,300.0,61,0.7448772140702469,-227.0,0.127376466666667
765,0.0,0.0,4.1995,4.1995,4.1995,0.0,1000.0,201,4.1995,4.1995,0.0,300.0,61,0.7440843119238967,-228.0,0.127240877777778
766,0.0,0.0,4.1995,4.1995,4.1995,0.0,1005.0,203,4.1995,4.1995,0.0,300.0,61,0.7444214723956961,-229.0,0.127298533333333
767,0.0,0.0,4.1995,4.1995,4.1995,0.0,997.0,201,4.1995,4.1995,0.0,300.0,61,0.7441217381007628,-230.0,0.127247277777778
768,0.0,0.0,4.1995,4.1995,4.1995,0.0,1003.0,202,4.1995,4.1995,0.0,300.0,61,0.7444657210527221,-231.0,0.1273061
769,0.0,0.0,4.1995,4.1995,4.1995,0.0,1012.0,204,4.1995,4.1995,0.0,300.0,61,0.7443572761062149,-232.0,0.127287555555556
770,1.4754098360674323e-09,7.810249675878442,4.1998,4.1995,4.199504918032787,60.99999999969619,988.0,199,4.1995,4.1995,0.0,300.0,61,0.746565745421321,-233.0,0.127665211111111
771,0.0,0.0,4.1995,4.1995,4.1995,0.0,1046.0,211,4.1995,4.1995,0.0,300.0,61,0.7548865721738857,-234.0,0.1290881
772,0.0,0.0,4.1995,4.1995,4.1995,0.0,1040.0,209,4.1995,4.1995,0.0,300.0,61,0.7537960149646469,-235.0,0.128901611111111
773,0.0,0.0,4.1995,4.1995,4.1995,0.0,1031.0,208,4.1995,4.1995,0.0,300.0,61,0.7522009840797372,-236.0,0.128628855555556
774,0.0,0.0,4.1995,4.1995,4.1995,0.0,1020.0,206,4.1995,4.1995,0.0,300.0,61,0.751585856273501,-237.0,0.128523666666667
775,0.0,0.0,4.1995,4.1995,4.1995,0.0,1028.0,207,4.1995,4.1995,0.0,300.0,61,0.749760615415256,-238.0,0.128211544444444
776,2.901639344265952e-09,5.380496869776207,4.1998,4.1995,4.199509836065574,27.86268313673108,1020.0,205,4.1995,4.1995,0.0,300.0,61,0.7497517786790522,-239.0,0.128210033333333
777,2.901639344265952e-09,5.380496869776208,4.1998,4.1995,4.199509836065574,27.86268313673108,1027.0,207,4.1995,4.1995,0.0,300.0,61,0.7488638166425052,-240.0,0.128058188888889
778,2.2377049180356063e-08,0.3059217425185652,4.1998,4.1995,4.199627868852459,-1.972203132929638,1027.0,207,4.1995,4.1998,0.0003000000000001,300.0,61,0.7476617606146841,-241.0,0.127852633333333
779,1.0426229508209856e-08,2.2408775027264185,4.1998,4.1995,4.199539344262295,3.122884112776208,1020.0,206,4.1995,4.1998,0.0003000000000001,300.0,61,0.7478525301551036,-242.0,0.127885255555556
780,2.016393442625492e-08,0.7519706664780242,4.1998,4.1995,4.199598360655738,-1.4843266667791746,1035.0,208,4.1995,4.1995,0.0,300.0,61,0.7462011650768864,-243.0,0.127602866666667
781,1.0426229508209856e-08,2.2408775027264194,4.1998,4.1995,4.199539344262295,3.122884112776206,1020.0,205,4.1995,4.1995,0.0,300.0,61,0.7461305361632505,-244.0,0.127590788888889
782,2.901639344265952e-09,5.380496869776206,4.1998,4.1995,4.199509836065574,27.86268313673107,1031.0,208,4.1998,4.1995,-0.0003000000000001,300.0,61,0.7452077469898949,-245.0,0.127432988888889
783,1.9622950819696852e-08,0.8348624372473114,4.1998,4.1995,4.199593442622951,-1.3483299130458313,1022.0,206,4.1995,4.1995,0.0,300.0,61,0.7452043032618146,-246.0,0.1274324
784,9.295081967224822e-09,2.478794301438061,4.1998,4.1995,4.1995344262295085,4.283858877590039,1024.0,206,4.1998,4.1995,-0.0003000000000001,300.0,61,0.7438427311503066,-247.0,0.127199566666667
785,0.0,0.0,4.1995,4.1995,4.1995,0.0,1025.0,207,4.1995,4.1995,0.0,300.0,61,0.7440087448341491,-248.0,0.127227955555556
786,0.0,0.0,4.1995,4.1995,4.1995,0.0,1027.0,207,4.1995,4.1995,0.0,300.0,61,0.7428511323913567,-249.0,0.12703
787,2.901639344265952e-09,5.380496869776206,4.1998,4.1995,4.199509836065574,27.86268313673108,1021.0,206,4.1995,4.1995,0.0,300.0,61,0.7433889387558047,-250.0,0.127121966666667
789,4.2786885245955535e-09,4.275398459370036,4.1998,4.1995,4.19951475409836,16.83004494241682,1033.0,208,4.1995,4.1995,0.0,300.0,61,0.7417170412611129,-252.0,0.126836066666667
790,0.0,0.0,4.1995,4.1995,4.1995,0.0,1027.0,207,4.1995,4.1995,0.0,300.0,61,0.742441913533885,-253.0,0.126960022222222
791,0.0,0.0,4.1995,4.1995,4.1995,0.0,1035.0,208,4.1995,4.1995,0.0,300.0,61,0.7406414285322168,-254.0,0.126652133333333
792,0.0,0.0,4.1995,4.1995,4.1995,0.0,1040.0,209,4.1995,4.1995,0.0,300.0,61,0.7428861544561678,-255.0,0.127035988888889
793,0.0,0.0,4.1995,4.1995,4.1995,0.0,1023.0,206,4.1995,4.1995,0.0,300.0,61,0.7445213405100086,-256.0,0.127315611111111
794,2.901639344265952e-09,5.380496869776206,4.1998,4.1995,4.199509836065574,27.86268313673108,1028.0,207,4.1995,4.1995,0.0,300.0,61,0.7436628775781418,-257.0,0.127168811111111
795,1.8393442622974e-08,1.0122819576065545,4.1998,4.1995,4.199583606557377,-1.0094950259136208,1018.0,205,4.1995,4.1995,0.0,300.0,61,0.7431259808777173,-258.0,0.127077
796,8.114754098370886e-09,2.7658437445704664,4.1998,4.1995,4.199529508196721,5.840391052505623,1028.0,207,4.1995,4.1995,0.0,300.0,61,0.7425423664322112,-259.0,0.1269772
797,2.2819672131176293e-08,0.100980100277668,4.1998,4.1995,4.19964262295082,-2.0584226808289494,1017.0,205,4.1998,4.1995,-0.0003000000000001,300.0,61,0.741768892110309,-260.0,0.126844933333333
798,1.9032786885269884e-08,-0.9214209011507668,4.1998,4.1995,4.199711475409837,-1.19115255141089,1027.0,207,4.1998,4.1998,0.0,300.0,61,0.7412331000019108,-261.0,0.126753311111111
799,1.9622950819696852e-08,0.8348624372473116,4.1998,4.1995,4.199593442622951,-1.3483299130458302,1026.0,207,4.1995,4.1995,0.0,300.0,61,0.7399201949155277,-262.0,0.1265288
800,1.6967213114775476e-08,1.2101123117941073,4.1998,4.1995,4.199573770491804,-0.5549259268988855,1019.0,205,4.1995,4.1995,0.0,300.0,61,0.7419041071694428,-263.0,0.126868055555556
801,2.901639344265952e-09,5.380496869776208,4.1998,4.1995,4.199509836065574,27.86268313673108,1020.0,206,4.1995,4.1995,0.0,300.0,61,0.7428074035423433,-264.0,0.127022522222222
802,4.2786885245955535e-09,4.275398459370036,4.1998,4.1995,4.19951475409836,16.83004494241682,1020.0,206,4.1995,4.1995,0.0,300.0,61,0.7414726665194569,-265.0,0.126794277777778
803,1.4754098360674331e-09,7.810249675878435,4.1998,4.1995,4.199504918032787,60.99999999969615,1015.0,205,4.1995,4.1995,0.0,300.0,61,0.7404459157436941,-266.0,0.1266187
804,0.0,0.0,4.1995,4.1995,4.1995,0.0,1027.0,207,4.1995,4.1995,0.0,300.0,61,0.739603891740207,-267.0,0.126474711111111
805,0.0,0.0,4.1995,4.1995,4.1995,0.0,1014.0,204,4.1995,4.1995,0.0,300.0,61,0.7408584483772385,-268.0,0.126689244444444
806,0.0,0.0,4.1995,4.1995,4.1995,0.0,1011.0,204,4.1995,4.1995,0.0,300.0,61,0.7410507123656893,-269.0,0.126722122222222
807,0.0,0.0,4.1995,4.1995,4.1995,0.0,1018.0,205,4.1995,4.1995,0.0,300.0,61,0.7401015429357239,-270.0,0.126559811111111
808,0.0,0.0,4.1995,4.1995,4.1995,0.0,1014.0,204,4.1995,4.1995,0.0,300.0,61,0.7415586947454472,-271.0,0.126808988888889
809,0.0,0.0,4.1995,4.1995,4.1995,0.0,1008.0,203,4.1995,4.1995,0.0,300.0,61,0.7409279726988481,-272.0,0.126701133333333
810,0.0,0.0,4.1995,4.1995,4.1995,0.0,1013.0,204,4.1995,4.1995,0.0,300.0,61,0.740782101575475,-273.0,0.126676188888889
811,0.0,0.0,4.1995,4.1995,4.1995,0.0,1014.0,204,4.1995,4.1995,0.0,300.0,61,0.7399799078609088,-274.0,0.126539011111111
812,0.0,0.0,4.1995,4.1995,4.1995,0.0,1005.0,202,4.1995,4.1995,0.0,300.0,61,0.7387631022807479,-275.0,0.126330933333333
813,5.606557377056245e-09,3.5991253886958123,4.1998,4.1995,4.199519672131148,11.32409486593236,1000.0,201,4.1998,4.1995,-0.0003000000000001,300.0,61,0.738033031927855,-276.0,0.126206088888889
814,0.0,0.0,4.1995,4.1995,4.1995,0.0,1004.0,202,4.1995,4.1995,0.0,300.0,61,0.7418481628321462,-277.0,0.126858488888889
815,0.0,0.0,4.1995,4.1995,4.1995,0.0,1012.0,204,4.1995,4.1995,0.0,300.0,61,0.7405732687066428,-278.0,0.126640477777778
816,0.0,0.0,4.1995,4.1995,4.1995,0.0,1004.0,202,4.1995,4.1995,0.0,300.0,61,0.7387048837834038,-279.0,0.126320977777778
817,1.4754098360674323e-09,7.810249675878441,4.1998,4.1995,4.199504918032787,60.99999999969619,1009.0,203,4.1995,4.1995,0.0,300.0,61,0.7400550850946515,-280.0,0.126551866666667
818,0.0,0.0,4.1995,4.1995,4.1995,0.0,1001.0,202,4.1995,4.1995,0.0,300.0,61,0.737889889796541,-281.0,0.126181611111111
819,0.0,0.0,4.1995,4.1995,4.1995,0.0,1001.0,202,4.1995,4.1995,0.0,300.0,61,0.7376012014218581,-282.0,0.126132244444444
820,0.0,0.0,4.1995,4.1995,4.1995,0.0,1006.0,203,4.1995,4.1995,0.0,300.0,61,0.7411352461436482,-283.0,0.126736577777778
821,0.0,0.0,4.1995,4.1995,4.1995,0.0,1000.0,202,4.1995,4.1995,0.0,300.0,61,0.7405908772030495,-284.0,0.126643488888889
822,0.0,0.0,4.1995,4.1995,4.1995,0.0,1003.0,202,4.1995,4.1995,0.0,300.0,61,0.7404936731048013,-285.0,0.126626866666667
823,0.0,0.0,4.1995,4.1995,4.1995,0.0,1003.0,202,4.1995,4.1995,0.0,300.0,61,0.7406757358610127,-286.0,0.126658
824,0.0,0.0,4.1995,4.1995,4.1995,0.0,998.0,201,4.1995,4.1995,0.0,300.0,61,0.7401547582809553,-287.0,0.126568911111111
825,0.0,0.0,4.1995,4.1995,4.1995,0.0,1006.0,203,4.1995,4.1995,0.0,300.0,61,0.7398767259705237,-288.0,0.126521366666667
826,0.0,0.0,4.1995,4.1995,4.1995,0.0,1000.0,201,4.1995,4.1995,0.0,300.0,61,0.7392008456028809,-289.0,0.126405788888889
827,0.0,0.0,4.1995,4.1995,4.1995,0.0,1006.0,203,4.1995,4.1995,0.0,300.0,61,0.7384297753930339,-290.0,0.126273933333333
829,0.0,0.0,4.1995,4.1995,4.1995,0.0,1001.0,202,4.1995,4.1995,0.0,300.0,61,0.737483984715148,-292.0,0.1261122
830,0.0,0.0,4.1995,4.1995,4.1995,0.0,994.0,200,4.1995,4.1995,0.0,300.0,61,0.7392390514917632,-293.0,0.126412322222222
831,1.4754098360674323e-09,7.810249675878441,4.1998,4.1995,4.199504918032787,60.99999999969619,1004.0,202,4.1995,4.1995,0.0,300.0,61,0.73725111072576,-294.0,0.126072377777778
832,2.901639344265952e-09,5.380496869776206,4.1998,4.1995,4.199509836065574,27.86268313673108,997.0,201,4.1995,4.1995,0.0,300.0,61,0.7379631177502343,-295.0,0.126194133333333
833,1.4754098360674323e-09,7.810249675878441,4.1998,4.1995,4.199504918032787,60.99999999969619,1008.0,203,4.1995,4.1995,0.0,300.0,61,0.7373874303769141,-296.0,0.126095688888889
834,1.8393442622974e-08,1.0122819576065545,4.1998,4.1995,4.199583606557377,-1.0094950259136215,996.0,201,4.1995,4.1995,0.0,300.0,61,0.7372210268370606,-297.0,0.126067233333333
836,8.114754098370884e-09,2.7658437445704673,4.1998,4.1995,4.199529508196721,5.840391052505627,994.0,200,4.1995,4.1995,0.0,300.0,61,0.7355727806069194,-299.0,0.125785377777778
837,8.114754098370886e-09,2.7658437445704664,4.1998,4.1995,4.199529508196721,5.840391052505623,996.0,201,4.1995,4.1995,0.0,300.0,61,0.7349522597925597,-300.0,0.125679266666667
838,2.901639344265952e-09,5.380496869776207,4.1998,4.1995,4.199509836065574,27.86268313673108,992.0,200,4.1995,4.1995,0.0,300.0,61,0.7350539472349137,-301.0,0.125696655555556
839,0.0,0.0,4.1995,4.1995,4.1995,0.0,997.0,201,4.1995,4.1995,0.0,300.0,61,0.7349612914567663,-302.0,0.125680811111111
840,0.0,0.0,4.1995,4.1995,4.1995,0.0,998.0,201,4.1995,4.1995,0.0,300.0,61,0.7343549354107329,-303.0,0.125577122222222
841,0.0,0.0,4.1995,4.1995,4.1995,0.0,999.0,201,4.1995,4.1995,0.0,300.0,61,0.7337311657963013,-304.0,0.125470455555556
842,0.0,0.0,4.1995,4.1995,4.1995,0.0,996.0,201,4.1995,4.1995,0.0,300.0,61,0.7336021234573131,-305.0,0.125448388888889
843,0.0,0.0,4.1995,4.1995,4.1995,0.0,1001.0,202,4.1995,4.1995,0.0,300.0,61,0.7336852277632356,-306.0,0.1254626
844,1.4754098360674323e-09,7.810249675878442,4.1998,4.1995,4.199504918032787,60.99999999969618,999.0,201,4.1995,4.1995,0.0,300.0,61,0.7326452868591707,-307.0,0.125284766666667
845,0.0,0.0,4.1995,4.1995,4.1995,0.0,997.0,201,4.1995,4.1995,0.0,300.0,61,0.7355333401740034,-308.0,0.125778633333333
846,0.0,0.0,4.1995,4.1995,4.1995,0.0,1006.0,203,4.1995,4.1995,0.0,300.0,61,0.7356389911524505,-309.0,0.1257967
847,4.2786885245955535e-09,4.275398459370036,4.1998,4.1995,4.19951475409836,16.83004494241682,998.0,201,4.1995,4.1995,0.0,300.0,61,0.7355760943829922,-310.0,0.125785944444444
848,0.0,0.0,4.1995,4.1995,4.1995,0.0,1004.0,202,4.1995,4.1995,0.0,300.0,61,0.7346251706009862,-311.0,0.125623333333333
849,0.0,0.0,4.1995,4.1995,4.1995,0.0,1004.0,202,4.1995,4.1995,0.0,300.0,61,0.7353716798822648,-312.0,0.125750988888889
850,0.0,0.0,4.1995,4.1995,4.1995,0.0,1003.0,202,4.1995,4.1995,0.0,300.0,61,0.7343793014112988,-313.0,0.125581288888889
851,0.0,0.0,4.1995,4.1995,4.1995,0.0,1001.0,202,4.1995,4.1995,0.0,300.0,61,0.7344152981161286,-314.0,0.125587444444444
852,0.0,0.0,4.1995,4.1995,4.1995,0.0,1004.0,202,4.1995,4.1995,0.0,300.0,61,0.7340472090676128,-315.0,0.1255245
853,0.0,0.0,4.1995,4.1995,4.1995,0.0,1013.0,204,4.1995,4.1995,0.0,300.0,61,0.7331808840395666,-316.0,0.125376355555556
854,0.0,0.0,4.1995,4.1995,4.1995,0.0,999.0,201,4.1995,4.1995,0.0,300.0,61,0.7320451035332772,-317.0,0.125182133333333
855,0.0,0.0,4.1995,4.1995,4.1995,0.0,996.0,201,4.1995,4.1995,0.0,300.0,61,0.7324335300702709,-318.0,0.125248555555556
856,0.0,0.0,4.1995,4.1995,4.1995,0.0,1000.0,202,4.1995,4.1995,0.0,300.0,61,0.7315156140970261,-319.0,0.125091588888889
857,0.0,0.0,4.1995,4.1995,4.1995,0.0,998.0,201,4.1995,4.1995,0.0,300.0,61,0.7316321810437219,-320.0,0.125111522222222
858,0.0,0.0,4.1995,4.1995,4.1995,0.0,1001.0,202,4.1995,4.1995,0.0,300.0,61,0.7308930790266166,-321.0,0.124985133333333
859,0.0,0.0,4.1995,4.1995,4.1995,0.0,996.0,201,4.1995,4.1995,0.0,300.0,61,0.7308344706732616,-322.0,0.124975111111111
860,0.0,0.0,4.1995,4.1995,4.1995,0.0,997.0,201,4.1995,4.1995,0.0,300.0,61,0.7294127307843604,-323.0,0.124731988888889
861,0.0,0.0,4.1995,4.1995,4.1995,0.0,998.0,201,4.1995,4.1995,0.0,300.0,61,0.7330357926282035,-324.0,0.125351544444444
862,0.0,0.0,4.1995,4.1995,4.1995,0.0,999.0,201,4.1995,4.1995,0.0,300.0,61,0.7325124109360912,-325.0,0.125262044444444
863,0.0,0.0,4.1995,4.1995,4.1995,0.0,1000.0,201,4.1995,4.1995,0.0,300.0,61,0.7318543989688646,-326.0,0.125149522222222
864,0.0,0.0,4.1995,4.1995,4.1995,0.0,994.0,200,4.1995,4.1995,0.0,300.0,61,0.7315855932506476,-327.0,0.125103555555556
865,0.0,0.0,4.1995,4.1995,4.1995,0.0,992.0,200,4.1995,4.1995,0.0,300.0,61,0.7316687625325711,-328.0,0.125117777777778
866,0.0,0.0,4.1995,4.1995,4.1995,0.0,995.0,201,4.1995,4.1995,0.0,300.0,61,0.7316009275870011,-329.0,0.125106177777778
867,0.0,0.0,4.1995,4.1995,4.1995,0.0,989.0,199,4.1995,4.1995,0.0,300.0,61,0.7313727968457224,-330.0,0.125067166666667
868,0.0,0.0,4.1995,4.1995,4.1995,0.0,998.0,201,4.1995,4.1995,0.0,300.0,61,0.7313970978702815,-331.0,0.125071322222222
869,0.0,0.0,4.1995,4.1995,4.1995,0.0,989.0,199,4.1995,4.1995,0.0,300.0,61,0.73113212573615,-332.0,0.125026011111111
870,0.0,0.0,4.1995,4.1995,4.1995,0.0,994.0,200,4.1995,4.1995,0.0,300.0,61,0.7310506458302665,-333.0,0.125012077777778
871,0.0,0.0,4.1995,4.1995,4.1995,0.0,996.0,201,4.1995,4.1995,0.0,300.0,61,0.7304433151442087,-334.0,0.124908222222222
872,0.0,0.0,4.1995,4.1995,4.1995,0.0,990.0,200,4.1995,4.1995,0.0,300.0,61,0.7304009507912309,-335.0,0.124900977777778
873,0.0,0.0,4.1995,4.1995,4.1995,0.0,989.0,199,4.1995,4.1995,0.0,300.0,61,0.7304281107598568,-336.0,0.124905622222222
874,0.0,0.0,4.1995,4.1995,4.1995,0.0,996.0,201,4.1995,4.1995,0.0,300.0,61,0.7299144754679721,-337.0,0.124817788888889
875,0.0,0.0,4.1995,4.1995,4.1995,0.0,998.0,201,4.1995,4.1995,0.0,300.0,61,0.729271732861098,-338.0,0.124707877777778
876,0.0,0.0,4.1995,4.1995,4.1995,0.0,995.0,200,4.1995,4.1995,0.0,300.0,61,0.7295385243232709,-339.0,0.1247535
877,0.0,0.0,4.1995,4.1995,4.1995,0.0,994.0,200,4.1995,4.1995,0.0,300.0,61,0.7295652294598909,-340.0,0.124758066666667
878,0.0,0.0,4.1995,4.1995,4.1995,0.0,997.0,201,4.1995,4.1995,0.0,300.0,61,0.7298097341535487,-341.0,0.124799877777778
879,0.0,0.0,4.1995,4.1995,4.1995,0.0,994.0,200,4.1995,4.1995,0.0,300.0,61,0.7297418992079788,-342.0,0.124788277777778
880,0.0,0.0,4.1995,4.1995,4.1995,0.0,999.0,201,4.1995,4.1995,0.0,300.0,61,0.7295567825796923,-343.0,0.124756622222222
881,0.0,0.0,4.1995,4.1995,4.1995,0.0,998.0,201,4.1995,4.1995,0.0,300.0,61,0.7288811621160587,-344.0,0.124641088888889
882,0.0,0.0,4.1995,4.1995,4.1995,0.0,999.0,201,4.1995,4.1995,0.0,300.0,61,0.7287830483537867,-345.0,0.124624311111111
883,0.0,0.0,4.1995,4.1995,4.1995,0.0,994.0,200,4.1995,4.1995,0.0,300.0,61,0.7285571917725613,-346.0,0.124585688888889
884,0.0,0.0,4.1995,4.1995,4.1995,0.0,990.0,200,4.1995,4.1995,0.0,300.0,61,0.7282722720059688,-347.0,0.124536966666667
885,0.0,0.0,4.1995,4.1995,4.1995,0.0,996.0,201,4.1995,4.1995,0.0,300.0,61,0.7281246465305491,-348.0,0.124511722222222
886,0.0,0.0,4.1995,4.1995,4.1995,0.0,993.0,200,4.1995,4.1995,0.0,300.0,61,0.7281956653001959,-349.0,0.124523866666667
887,0.0,0.0,4.1995,4.1995,4.1995,0.0,999.0,201,4.1995,4.1995,0.0,300.0,61,0.726838836436791,-350.0,0.124291844444444
888,0.0,0.0,4.1995,4.1995,4.1995,0.0,994.0,200,4.1995,4.1995,0.0,300.0,61,0.7271960095170582,-351.0,0.124352922222222
889,0.0,0.0,4.1995,4.1995,4.1995,0.0,993.0,200,4.1995,4.1995,0.0,300.0,61,0.7262024614780651,-352.0,0.124183022222222
890,0.0,0.0,4.1995,4.1995,4.1995,0.0,989.0,199,4.1995,4.1995,0.0,300.0,61,0.7261401494926264,-353.0,0.124172366666667
891,0.0,0.0,4.1995,4.1995,4.1995,0.0,1074.0,216,4.1995,4.1995,0.0,300.0,61,0.736458858339424,-354.0,0.1259369
892,0.0,0.0,4.1995,4.1995,4.1995,0.0,1058.0,213,4.1995,4.1995,0.0,300.0,61,0.735311447128871,-355.0,0.125740688888889
893,0.0,0.0,4.1995,4.1995,4.1995,0.0,1044.0,210,4.1995,4.1995,0.0,300.0,61,0.7331779601194988,-356.0,0.125375855555556
894,0.0,0.0,4.1995,4.1995,4.1995,0.0,1040.0,209,4.1995,4.1995,0.0,300.0,61,0.7332671071935594,-357.0,0.1253911
895,0.0,0.0,4.1995,4.1995,4.1995,0.0,1042.0,210,4.1995,4.1995,0.0,300.0,61,0.7319367235627711,-358.0,0.1251636
896,0.0,0.0,4.1995,4.1995,4.1995,0.0,1036.0,209,4.1995,4.1995,0.0,300.0,61,0.7306320054525774,-359.0,0.124940488888889
898,2.901639344265953e-09,5.380496869776203,4.1998,4.1995,4.199509836065574,27.862683136731036,1034.0,208,4.1995,4.1995,0.0,300.0,61,0.7285154771795977,-361.0,0.124578555555556
899,0.0,0.0,4.1995,4.1995,4.1995,0.0,1032.0,208,4.1995,4.1995,0.0,300.0,61,0.7284961143311445,-362.0,0.124575244444444
900,0.0,0.0,4.1995,4.1995,4.1995,0.0,1041.0,210,4.1995,4.1995,0.0,300.0,61,0.7267698968992009,-363.0,0.124280055555556
901,8.11475409837088e-09,2.765843744539887,4.1998,4.1995,4.199529508196722,5.840391052389029,1026.0,207,4.1995,4.1995,0.0,300.0,61,0.7260243622579468,-364.0,0.124152566666667
902,0.0,0.0,4.1995,4.1995,4.1995,0.0,1037.0,209,4.1995,4.1995,0.0,300.0,61,0.7250324386189867,-365.0,0.123982944444444
903,0.0,0.0,4.1995,4.1995,4.1995,0.0,1034.0,208,4.1995,4.1995,0.0,300.0,61,0.7235377306803956,-366.0,0.123727344444444
904,0.0,0.0,4.1995,4.1995,4.1995,0.0,1033.0,208,4.1995,4.1995,0.0,300.0,61,0.7219835697004324,-367.0,0.123461577777778
905,0.0,0.0,4.1995,4.1995,4.1995,0.0,1030.0,208,4.1995,4.1995,0.0,300.0,61,0.7220485457019356,-368.0,0.123472688888889
906,0.0,0.0,4.1995,4.1995,4.1995,0.0,1036.0,209,4.1995,4.1995,0.0,300.0,61,0.7206591638617813,-369.0,0.1232351
907,1.4754098360674327e-09,7.810249675878441,4.1998,4.1995,4.199504918032787,60.99999999969619,1025.0,207,4.1995,4.1995,0.0,300.0,61,0.719540472043892,-370.0,0.1230438
908,0.0,0.0,4.1995,4.1995,4.1995,0.0,1031.0,208,4.1995,4.1995,0.0,300.0,61,0.7193270258789524,-371.0,0.1230073
909,0.0,0.0,4.1995,4.1995,4.1995,0.0,1028.0,207,4.1995,4.1995,0.0,300.0,61,0.717134280756205,-372.0,0.122632333333333
910,0.0,0.0,4.1995,4.1995,4.1995,0.0,1033.0,208,4.1995,4.1995,0.0,300.0,61,0.7169171959351825,-373.0,0.122595211111111
911,0.0,0.0,4.1995,4.1995,4.1995,0.0,1034.0,208,4.1995,4.1995,0.0,300.0,61,0.7164512530283982,-374.0,0.122515533333333
912,4.2786885245955535e-09,4.275398459370035,4.1998,4.1995,4.19951475409836,16.83004494241682,1034.0,208,4.1995,4.1995,0.0,300.0,61,0.7159087683918477,-375.0,0.122422766666667
913,0.0,0.0,4.1995,4.1995,4.1995,0.0,1036.0,209,4.1995,4.1995,0.0,300.0,61,0.7155958439686065,-376.0,0.122369255555556
914,0.0,0.0,4.1995,4.1995,4.1995,0.0,1045.0,210,4.1995,4.1995,0.0,300.0,61,0.7153104693700022,-377.0,0.122320455555556
915,0.0,0.0,4.1995,4.1995,4.1995,0.0,1047.0,211,4.1995,4.1995,0.0,300.0,61,0.7138565663603509,-378.0,0.122071833333333
916,0.0,0.0,4.1995,4.1995,4.1995,0.0,1046.0,211,4.1995,4.1995,0.0,300.0,61,0.7146609692589694,-379.0,0.122209388888889
917,0.0,0.0,4.1995,4.1995,4.1995,0.0,1047.0,211,4.1995,4.1995,0.0,300.0,61,0.7158606861507304,-380.0,0.122414544444444
918,1.4754098360674323e-09,7.810249675878441,4.1998,4.1995,4.199504918032787,60.99999999969619,1036.0,209,4.1995,4.1995,0.0,300.0,61,0.7136589093637766,-381.0,0.122038033333333
919,0.0,0.0,4.1995,4.1995,4.1995,0.0,1039.0,209,4.1995,4.1995,0.0,300.0,61,0.7145385544721383,-382.0,0.122188455555556
920,0.0,0.0,4.1995,4.1995,4.1995,0.0,1034.0,208,4.1995,4.1995,0.0,300.0,61,0.7145449870962871,-383.0,0.122189555555556
921,0.0,0.0,4.1995,4.1995,4.1995,0.0,1044.0,210,4.1995,4.1995,0.0,300.0,61,0.7133941971336545,-384.0,0.121992766666667
922,0.0,0.0,4.1995,4.1995,4.1995,0.0,1033.0,208,4.1995,4.1995,0.0,300.0,61,0.7125754995147078,-385.0,0.121852766666667
923,0.0,0.0,4.1995,4.1995,4.1995,0.0,1038.0,209,4.1995,4.1995,0.0,300.0,61,0.7113835147671186,-386.0,0.121648933333333
924,0.0,0.0,4.1995,4.1995,4.1995,0.0,1028.0,207,4.1995,4.1995,0.0,300.0,61,0.7123866792543374,-387.0,0.121820477777778
925,0.0,0.0,4.1995,4.1995,4.1995,0.0,1044.0,210,4.1995,4.1995,0.0,300.0,61,0.7109153626762876,-388.0,0.121568877777778
926,0.0,0.0,4.1995,4.1995,4.1995,0.0,1038.0,209,4.1995,4.1995,0.0,300.0,61,0.7112310810675947,-389.0,0.121622866666667
927,0.0,0.0,4.1995,4.1995,4.1995,0.0,1039.0,209,4.1995,4.1995,0.0,300.0,61,0.7116376359090021,-390.0,0.121692388888889
928,0.0,0.0,4.1995,4.1995,4.1995,0.0,1044.0,210,4.1995,4.1995,0.0,300.0,61,0.7116295788848144,-391.0,0.121691011111111
929,0.0,0.0,4.1995,4.1995,4.1995,0.0,1033.0,208,4.1995,4.1995,0.0,300.0,61,0.7114245796000734,-392.0,0.121655955555556
930,0.0,0.0,4.1995,4.1995,4.1995,0.0,1036.0,209,4.1995,4.1995,0.0,300.0,61,0.7117298368551378,-393.0,0.121708155555556
931,1.4754098360674323e-09,7.810249675878442,4.1998,4.1995,4.199504918032787,60.99999999969618,1035.0,208,4.1995,4.1995,0.0,300.0,61,0.7106366156298348,-394.0,0.121521211111111
932,2.901639344265952e-09,5.380496869776208,4.1998,4.1995,4.199509836065574,27.86268313673108,1031.0,208,4.1995,4.1995,0.0,300.0,61,0.7101160928817893,-395.0,0.1214322
933,1.4754098360674323e-09,7.810249675878441,4.1998,4.1995,4.199504918032787,60.99999999969619,1026.0,207,4.1995,4.1995,0.0,300.0,61,0.7104210902328503,-396.0,0.121484355555556
934,0.0,0.0,4.1995,4.1995,4.1995,0.0,1027.0,207,4.1995,4.1995,0.0,300.0,61,0.7104450014013984,-397.0,0.121488444444444
935,1.4754098360674327e-09,7.81024967587844,4.1998,4.1995,4.199504918032787,60.99999999969621,1018.0,205,4.1995,4.1995,0.0,300.0,61,0.7106513651821749,-398.0,0.121523733333333
936,1.4754098360674323e-09,7.810249675878442,4.1998,4.1995,4.199504918032787,60.99999999969619,1029.0,207,4.1995,4.1995,0.0,300.0,61,0.7106802145268464,-399.0,0.121528666666667
937,0.0,0.0,4.1995,4.1995,4.1995,0.0,1035.0,208,4.1995,4.1995,0.0,300.0,61,0.7112042459789731,-400.0,0.121618277777778
938,0.0,0.0,4.1995,4.1995,4.1995,0.0,1025.0,207,4.1995,4.1995,0.0,300.0,61,0.7105254416912626,-401.0,0.1215022
939,1.4754098360674323e-09,7.810249675878442,4.1998,4.1995,4.199504918032787,60.99999999969618,1030.0,208,4.1995,4.1995,0.0,300.0,61,0.7105716396283317,-402.0,0.1215101
940,0.0,0.0,4.1995,4.1995,4.1995,0.0,1028.0,207,4.1995,4.1995,0.0,300.0,61,0.7094072047053852,-403.0,0.121310977777778
941,0.0,0.0,4.1995,4.1995,4.1995,0.0,1021.0,206,4.1995,4.1995,0.0,300.0,61,0.7087037745131055,-404.0,0.121190688888889
942,0.0,0.0,4.1995,4.1995,4.1995,0.0,1026.0,207,4.1995,4.1995,0.0,300.0,61,0.7085217117568942,-405.0,0.121159555555556
943,0.0,0.0,4.1995,4.1995,4.1995,0.0,1022.0,206,4.1995,4.1995,0.0,300.0,61,0.7086519236639036,-406.0,0.121181822222222
944,1.4754098360674323e-09,7.810249675878441,4.1998,4.1995,4.199504918032787,60.99999999969619,1029.0,207,4.1995,4.1998,0.0003000000000001,300.0,61,0.7083320468085009,-407.0,0.121127122222222
945,0.0,0.0,4.1995,4.1995,4.1995,0.0,1033.0,208,4.1995,4.1995,0.0,300.0,61,0.7089988955119373,-408.0,0.121241155555556
946,0.0,0.0,4.1995,4.1995,4.1995,0.0,1037.0,209,4.1995,4.1995,0.0,300.0,61,0.7090164390323432,-409.0,0.121244155555556
947,0.0,0.0,4.1995,4.1995,4.1995,0.0,1031.0,208,4.1995,4.1995,0.0,300.0,61,0.7074764428207009,-410.0,0.120980811111111
948,0.0,0.0,4.1995,4.1995,4.1995,0.0,1020.0,205,4.1995,4.1995,0.0,300.0,61,0.7075123095735288,-411.0,0.120986944444444
949,0.0,0.0,4.1995,4.1995,4.1995,0.0,1017.0,205,4.1995,4.1995,0.0,300.0,61,0.7064279250844356,-412.0,0.120801511111111
950,0.0,0.0,4.1995,4.1995,4.1995,0.0,1012.0,204,4.1995,4.1995,0.0,300.0,61,0.705500782518982,-413.0,0.120642966666667
951,0.0,0.0,4.1995,4.1995,4.1995,0.0,1024.0,206,4.1995,4.1995,0.0,300.0,61,0.7065018027981433,-414.0,0.120814144444444
952,0.0,0.0,4.1995,4.1995,4.1995,0.0,1032.0,208,4.1995,4.1995,0.0,300.0,61,0.7068489045981787,-415.0,0.1208735
953,0.0,0.0,4.1995,4.1995,4.1995,0.0,1031.0,208,4.1995,4.1995,0.0,300.0,61,0.7057162429399656,-416.0,0.120679811111111
954,0.0,0.0,4.1995,4.1995,4.1995,0.0,1026.0,207,4.1995,4.1995,0.0,300.0,61,0.706759107764098,-417.0,0.120858144444444
955,0.0,0.0,4.1995,4.1995,4.1995,0.0,1029.0,207,4.1995,4.1995,0.0,300.0,61,0.7056370371941352,-418.0,0.120666266666667
956,0.0,0.0,4.1995,4.1995,4.1995,0.0,1015.0,205,4.1995,4.1995,0.0,300.0,61,0.7041264751111778,-419.0,0.120407955555556
957,0.0,0.0,4.1995,4.1995,4.1995,0.0,1026.0,207,4.1995,4.1995,0.0,300.0,61,0.7041796254804026,-420.0,0.120417044444444
958,0.0,0.0,4.1995,4.1995,4.1995,0.0,1020.0,205,4.1995,4.1995,0.0,300.0,61,0.7050510186365739,-421.0,0.120566055555556
959,0.0,0.0,4.1995,4.1995,4.1995,0.0,1031.0,208,4.1995,4.1995,0.0,300.0,61,0.7055102040391993,-422.0,0.120644577777778
960,0.0,0.0,4.1995,4.1995,4.1995,0.0,1034.0,208,4.1995,4.1995,0.0,300.0,61,0.7047992366307445,-423.0,0.120523
961,0.0,0.0,4.1995,4.1995,4.1995,0.0,1032.0,208,4.1995,4.1995,0.0,300.0,61,0.7041186130149927,-424.0,0.120406611111111
962,0.0,0.0,4.1995,4.1995,4.1995,0.0,1015.0,205,4.1995,4.1995,0.0,300.0,61,0.7030040146851981,-425.0,0.120216011111111
963,0.0,0.0,4.1995,4.1995,4.1995,0.0,1017.0,205,4.1995,4.1995,0.0,300.0,61,0.7038897675376985,-426.0,0.120367477777778
964,0.0,0.0,4.1995,4.1995,4.1995,0.0,1025.0,207,4.1995,4.1995,0.0,300.0,61,0.7036431186359892,-427.0,0.1203253
965,0.0,0.0,4.1995,4.1995,4.1995,0.0,1027.0,207,4.1995,4.1995,0.0,300.0,61,0.7023371010057667,-428.0,0.120101966666667
966,0.0,0.0,4.1995,4.1995,4.1995,0.0,1028.0,207,4.1995,4.1995,0.0,300.0,61,0.7020398357988834,-429.0,0.120051133333333
967,0.0,0.0,4.1995,4.1995,4.1995,0.0,1029.0,207,4.1995,4.1995,0.0,300.0,61,0.7031808143852877,-430.0,0.120246244444444
968,0.0,0.0,4.1995,4.1995,4.1995,0.0,1028.0,207,4.1995,4.1995,0.0,300.0,61,0.7013501155429243,-431.0,0.119933188888889
969,0.0,0.0,4.1995,4.1995,4.1995,0.0,1021.0,206,4.1995,4.1995,0.0,300.0,61,0.7005153688516029,-432.0,0.119790444444444
970,0.0,0.0,4.1995,4.1995,4.1995,0.0,1017.0,205,4.1995,4.1995,0.0,300.0,61,0.7020042289500588,-433.0,0.120045044444444
971,0.0,0.0,4.1995,4.1995,4.1995,0.0,1029.0,207,4.1995,4.1995,0.0,300.0,61,0.702484141697167,-434.0,0.120127111111111
972,0.0,0.0,4.1995,4.1995,4.1995,0.0,1032.0,208,4.1995,4.1995,0.0,300.0,61,0.7015824047482986,-435.0,0.119972911111111
973,1.4754098360674323e-09,7.810249675878441,4.1998,4.1995,4.199504918032787,60.99999999969619,1030.0,207,4.1995,4.1995,0.0,300.0,61,0.7014812371139574,-436.0,0.119955611111111
974,0.0,0.0,4.1995,4.1995,4.1995,0.0,1031.0,208,4.1995,4.1995,0.0,300.0,61,0.7006412273665202,-437.0,0.119811966666667
975,0.0,0.0,4.1995,4.1995,4.1995,0.0,1024.0,206,4.1995,4.1995,0.0,300.0,61,0.7006140024218874,-438.0,0.119807311111111
976,0.0,0.0,4.1995,4.1995,4.1995,0.0,1028.0,207,4.1995,4.1995,0.0,300.0,61,0.6998192809474958,-439.0,0.119671411111111
977,0.0,0.0,4.1995,4.1995,4.1995,0.0,1024.0,206,4.1995,4.1995,0.0,300.0,61,0.7008335563309718,-440.0,0.119844855555556
978,0.0,0.0,4.1995,4.1995,4.1995,0.0,1032.0,208,4.1995,4.1995,0.0,300.0,61,0.7013267241823828,-441.0,0.119929188888889
979,1.3524590163951461e-08,1.705186137453736,4.1998,4.1995,4.199554098360656,0.9373147016447804,1033.0,208,4.1995,4.1995,0.0,300.0,61,0.7000709330013176,-442.0,0.119714444444444
980,1.4754098360674323e-09,7.810249675878442,4.1998,4.1995,4.199504918032787,60.99999999969618,1028.0,207,4.1995,4.1995,0.0,300.0,61,0.6986625781687269,-443.0,0.119473611111111
981,0.0,0.0,4.1995,4.1995,4.1995,0.0,1025.0,206,4.1995,4.1995,0.0,300.0,61,0.6984832444045748,-444.0,0.119442944444444
982,0.0,0.0,4.1995,4.1995,4.1995,0.0,1020.0,205,4.1995,4.1995,0.0,300.0,61,0.6981241220442644,-445.0,0.119381533333333
983,0.0,0.0,4.1995,4.1995,4.1995,0.0,1019.0,205,4.1995,4.1995,0.0,300.0,61,0.6976699397937574,-446.0,0.119303866666667
984,0.0,0.0,4.1995,4.1995,4.1995,0.0,1019.0,205,4.1995,4.1995,0.0,300.0,61,0.6999054391254877,-447.0,0.119686144444444
985,0.0,0.0,4.1995,4.1995,4.1995,0.0,1031.0,208,4.1995,4.1995,0.0,300.0,61,0.6994495025229401,-448.0,0.119608177777778
986,4.278688524595555e-09,4.275398459370033,4.1998,4.1995,4.19951475409836,16.83004494241679,1029.0,207,4.1995,4.1995,0.0,300.0,61,0.6982274988626581,-449.0,0.119399211111111
987,0.0,0.0,4.1995,4.1995,4.1995,0.0,1022.0,206,4.1995,4.1995,0.0,300.0,61,0.697712823954748,-450.0,0.1193112
988,0.0,0.0,4.1995,4.1995,4.1995,0.0,1023.0,206,4.1995,4.1995,0.0,300.0,61,0.6976032094402137,-451.0,0.119292455555556
989,0.0,0.0,4.1995,4.1995,4.1995,0.0,1024.0,206,4.1995,4.1995,0.0,300.0,61,0.6977659093479778,-452.0,0.119320277777778
990,4.278688524595555e-09,4.275398459327917,4.1998,4.1995,4.199514754098361,16.83004494216857,1024.0,206,4.1995,4.1995,0.0,300.0,61,0.6975922284959584,-453.0,0.119290577777778
991,0.0,0.0,4.1995,4.1995,4.1995,0.0,1026.0,207,4.1995,4.1995,0.0,300.0,61,0.6976962550743664,-454.0,0.119308366666667
992,0.0,0.0,4.1995,4.1995,4.1995,0.0,1033.0,208,4.1995,4.1995,0.0,300.0,61,0.6978672069343207,-455.0,0.1193376
993,0.0,0.0,4.1995,4.1995,4.1995,0.0,1028.0,207,4.1995,4.1995,0.0,300.0,61,0.6963955654762608,-456.0,0.119085944444444
994,0.0,0.0,4.1995,4.1995,4.1995,0.0,1017.0,205,4.1995,4.1995,0.0,300.0,61,0.6965111577829378,-457.0,0.119105711111111
995,0.0,0.0,4.1995,4.1995,4.1995,0.0,1023.0,206,4.1995,4.1995,0.0,300.0,61,0.6966233713375354,-458.0,0.1191249
996,0.0,0.0,4.1995,4.1995,4.1995,0.0,1030.0,208,4.1995,4.1995,0.0,300.0,61,0.6963326037308076,-459.0,0.119075177777778
997,0.0,0.0,4.1995,4.1995,4.1995,0.0,1030.0,207,4.1995,4.1995,0.0,300.0,61,0.6959979773230649,-460.0,0.119017955555556
998,0.0,0.0,4.1995,4.1995,4.1995,0.0,1029.0,207,4.1995,4.1995,0.0,300.0,61,0.6948438086083526,-461.0,0.118820588888889
999,0.0,0.0,4.1995,4.1995,4.1995,0.0,1027.0,207,4.1995,4.1995,0.0,300.0,61,0.6947235380295673,-462.0,0.118800022222222
1000,0.0,0.0,4.1995,4.1995,4.1995,0.0,1027.0,207,4.1995,4.1995,0.0,300.0,61,0.6948729828330285,-463.0,0.118825577777778
1001,0.0,0.0,4.1995,4.1995,4.1995,0.0,1026.0,207,4.1995,4.1995,0.0,300.0,61,0.6939005519945235,-464.0,0.118659288888889
1002,0.0,0.0,4.1995,4.1995,4.1995,0.0,1024.0,206,4.1995,4.1995,0.0,300.0,61,0.6945106116726404,-465.0,0.118763611111111
1003,0.0,0.0,4.1995,4.1995,4.1995,0.0,1026.0,207,4.1995,4.1995,0.0,300.0,61,0.6949024169617077,-466.0,0.118830611111111
1004,0.0,0.0,4.1995,4.1995,4.1995,0.0,1028.0,207,4.1995,4.1995,0.0,300.0,61,0.6935172585616498,-467.0,0.118593744444444
1005,0.0,0.0,4.1995,4.1995,4.1995,0.0,1024.0,206,4.1995,4.1995,0.0,300.0,61,0.6942360880662899,-468.0,0.118716666666667
1006,0.0,0.0,4.1995,4.1995,4.1995,0.0,1024.0,206,4.1995,4.1995,0.0,300.0,61,0.693219343594758,-469.0,0.1185428
1007,0.0,0.0,4.1995,4.1995,4.1995,0.0,1025.0,206,4.1995,4.1995,0.0,300.0,61,0.6913289318070074,-470.0,0.118219533333333
1008,0.0,0.0,4.1995,4.1995,4.1995,0.0,1034.0,208,4.1995,4.1995,0.0,300.0,61,0.693609264579783,-471.0,0.118609477777778
1009,0.0,0.0,4.1995,4.1995,4.1995,0.0,1034.0,208,4.1995,4.1995,0.0,300.0,61,0.6929422859243449,-472.0,0.118495422222222
1010,0.0,0.0,4.1995,4.1995,4.1995,0.0,1026.0,207,4.1995,4.1995,0.0,300.0,61,0.6916972157835317,-473.0,0.118282511111111
1011,0.0,0.0,4.1995,4.1995,4.1995,0.0,1027.0,207,4.1995,4.1995,0.0,300.0,61,0.6910818280732921,-474.0,0.118177277777778
1012,0.0,0.0,4.1995,4.1995,4.1995,0.0,1020.0,205,4.1995,4.1995,0.0,300.0,61,0.6920026029905978,-475.0,0.118334733333333
1013,0.0,0.0,4.1995,4.1995,4.1995,0.0,1108.0,223,4.1995,4.1995,0.0,300.0,61,0.7125890145230199,-476.0,0.121855077777778
1014,0.0,0.0,4.1995,4.1995,4.1995,0.0,1091.0,220,4.1995,4.1995,0.0,300.0,61,0.7112937829090445,-477.0,0.121633588888889
1015,0.0,0.0,4.1995,4.1995,4.1995,0.0,1083.0,218,4.1995,4.1995,0.0,300.0,61,0.7090947351141501,-478.0,0.121257544444444
1016,0.0,0.0,4.1995,4.1995,4.1995,0.0,1063.0,214,4.1995,4.1995,0.0,300.0,61,0.7076403772724927,-479.0,0.121008844444444
1017,0.0,0.0,4.1995,4.1995,4.1995,0.0,1054.0,212,4.1995,4.1995,0.0,300.0,61,0.7063423516904571,-480.0,0.120786877777778
1018,0.0,0.0,4.1995,4.1995,4.1995,0.0,1058.0,213,4.1995,4.1995,0.0,300.0,61,0.7064042738198909,-481.0,0.120797466666667
1019,0.0,0.0,4.1995,4.1995,4.1995,0.0,1060.0,213,4.1995,4.1995,0.0,300.0,61,0.7051767471994836,-482.0,0.120587555555556
1020,0.0,0.0,4.1995,4.1995,4.1995,0.0,1065.0,214,4.1995,4.1995,0.0,300.0,61,0.7022567906679043,-483.0,0.120088233333333
1021,0.0,0.0,4.1995,4.1995,4.1995,0.0,1053.0,212,4.1995,4.1995,0.0,300.0,61,0.7018426986103219,-484.0,0.120017422222222
1022,0.0,0.0,4.1995,4.1995,4.1995,0.0,1053.0,212,4.1995,4.1995,0.0,300.0,61,0.7012000859554496,-485.0,0.119907533333333
1023,0.0,0.0,4.1995,4.1995,4.1995,0.0,1047.0,211,4.1995,4.1995,0.0,300.0,61,0.7007599385212675,-486.0,0.119832266666667
1024,0.0,0.0,4.1995,4.1995,4.1995,0.0,1052.0,212,4.1995,4.1995,0.0,300.0,61,0.7007828100737961,-487.0,0.119836177777778
1025,0.0,0.0,4.1995,4.1995,4.1995,0.0,1054.0,212,4.1995,4.1995,0.0,300.0,61,0.699312468135765,-488.0,0.119584744444444
1026,0.0,0.0,4.1995,4.1995,4.1995,0.0,1051.0,212,4.1995,4.1995,0.0,300.0,61,0.6971788511743912,-489.0,0.119219888888889
1027,0.0,0.0,4.1995,4.1995,4.1995,0.0,1054.0,212,4.1995,4.1995,0.0,300.0,61,0.697075669284,-490.0,0.119202244444444
1028,0.0,0.0,4.1995,4.1995,4.1995,0.0,1052.0,212,4.1995,4.1995,0.0,300.0,61,0.6962801031215913,-491.0,0.1190662
1029,0.0,0.0,4.1995,4.1995,4.1995,0.0,1047.0,211,4.1995,4.1995,0.0,300.0,61,0.6950010505319923,-492.0,0.118847477777778
1030,0.0,0.0,4.1995,4.1995,4.1995,0.0,1050.0,211,4.1995,4.1995,0.0,300.0,61,0.6951875316563085,-493.0,0.118879366666667
1031,0.0,0.0,4.1995,4.1995,4.1995,0.0,1052.0,212,4.1995,4.1995,0.0,300.0,61,0.6934001068309407,-494.0,0.118573711111111
1032,0.0,0.0,4.1995,4.1995,4.1995,0.0,1041.0,210,4.1995,4.1995,0.0,300.0,61,0.6934198595353991,-495.0,0.118577088888889
1033,0.0,0.0,4.1995,4.1995,4.1995,0.0,1037.0,209,4.1995,4.1995,0.0,300.0,61,0.6920473714556364,-496.0,0.118342388888889
1034,0.0,0.0,4.1995,4.1995,4.1995,0.0,1042.0,210,4.1995,4.1995,0.0,300.0,61,0.6930334472544553,-497.0,0.118511011111111
1035,0.0,0.0,4.1995,4.1995,4.1995,0.0,1046.0,211,4.1995,4.1995,0.0,300.0,61,0.692631245805146,-498.0,0.118442233333333
1036,0.0,0.0,4.1995,4.1995,4.1995,0.0,1043.0,210,4.1995,4.1995,0.0,300.0,61,0.6909327081498411,-499.0,0.118151777777778
1037,0.0,0.0,4.1995,4.1995,4.1995,0.0,1033.0,208,4.1995,4.1995,0.0,300.0,61,0.690190357332658,-500.0,0.118024833333333
1038,0.0,0.0,4.1995,4.1995,4.1995,0.0,1034.0,208,4.1995,4.1995,0.0,300.0,61,0.6900201202087191,-501.0,0.117995722222222
1039,0.0,0.0,4.1995,4.1995,4.1995,0.0,1041.0,210,4.1995,4.1995,0.0,300.0,61,0.6902654695903996,-502.0,0.118037677777778
1040,0.0,0.0,4.1995,4.1995,4.1995,0.0,1045.0,210,4.1995,4.1995,0.0,300.0,61,0.6893031750081272,-503.0,0.117873122222222
1041,0.0,0.0,4.1995,4.1995,4.1995,0.0,1042.0,210,4.1995,4.1995,0.0,300.0,61,0.6877848158049913,-504.0,0.117613477777778
1042,0.0,0.0,4.1995,4.1995,4.1995,0.0,1039.0,209,4.1995,4.1995,0.0,300.0,61,0.6863047924427393,-505.0,0.117360388888889
1043,0.0,0.0,4.1995,4.1995,4.1995,0.0,1034.0,208,4.1995,4.1995,0.0,300.0,61,0.6869201151769782,-506.0,0.117465611111111
1044,0.0,0.0,4.1995,4.1995,4.1995,0.0,1044.0,210,4.1995,4.1995,0.0,300.0,61,0.6872229683199875,-507.0,0.1175174
1045,0.0,0.0,4.1995,4.1995,4.1995,0.0,1043.0,210,4.1995,4.1995,0.0,300.0,61,0.687054485548089,-508.0,0.117488588888889
1046,0.0,0.0,4.1995,4.1995,4.1995,0.0,1053.0,212,4.1995,4.1995,0.0,300.0,61,0.6858613962084794,-509.0,0.117284566666667
1047,0.0,0.0,4.1995,4.1995,4.1995,0.0,1040.0,210,4.1995,4.1995,0.0,300.0,61,0.6843740305580549,-510.0,0.117030222222222
1048,0.0,0.0,4.1995,4.1995,4.1995,0.0,1041.0,210,4.1995,4.1995,0.0,300.0,61,0.6844523916158685,-511.0,0.117043622222222
1049,0.0,0.0,4.1995,4.1995,4.1995,0.0,1045.0,210,4.1995,4.1995,0.0,300.0,61,0.6848151526322676,-512.0,0.117105655555556
1050,0.0,0.0,4.1995,4.1995,4.1995,0.0,1037.0,209,4.1995,4.1995,0.0,300.0,61,0.6829372812128045,-513.0,0.116784533333333
1051,0.0,0.0,4.1995,4.1995,4.1995,0.0,1035.0,209,4.1995,4.1995,0.0,300.0,61,0.682992900670091,-514.0,0.116794044444444
1052,0.0,0.0,4.1995,4.1995,4.1995,0.0,1031.0,208,4.1995,4.1995,0.0,300.0,61,0.6830501445274164,-515.0,0.116803833333333
1053,0.0,0.0,4.1995,4.1995,4.1995,0.0,1040.0,210,4.1995,4.1995,0.0,300.0,61,0.6832782752686952,-516.0,0.116842844444444
1054,0.0,0.0,4.1995,4.1995,4.1995,0.0,1044.0,210,4.1995,4.1995,0.0,300.0,61,0.6829936154061121,-517.0,0.116794166666667
1055,0.0,0.0,4.1995,4.1995,4.1995,0.0,1041.0,210,4.1995,4.1995,0.0,300.0,61,0.6817431522571694,-518.0,0.116580333333333
1056,0.0,0.0,4.1995,4.1995,4.1995,0.0,1034.0,208,4.1995,4.1995,0.0,300.0,61,0.682399214944353,-519.0,0.116692522222222
1057,0.0,0.0,4.1995,4.1995,4.1995,0.0,1044.0,210,4.1995,4.1995,0.0,300.0,61,0.6828829612755467,-520.0,0.116775244444444
1058,0.0,0.0,4.1995,4.1995,4.1995,0.0,1501.0,302,4.1995,4.1995,0.0,300.0,61,0.6781363344137036,-521.0,0.115963555555556
1059,0.0,0.0,4.1995,4.1995,4.1995,0.0,1078.0,217,4.1995,4.1995,0.0,300.0,61,0.6938365506330391,-522.0,0.118648344444444
1060,0.0,0.0,4.1995,4.1995,4.1995,0.0,1046.0,211,4.1995,4.1995,0.0,300.0,61,0.6920058517906755,-523.0,0.118335288888889
1061,8.114754098370884e-09,2.765843744570468,4.1998,4.1995,4.199529508196721,5.840391052505627,1055.0,212,4.1995,4.1995,0.0,300.0,61,0.6905754700935731,-524.0,0.118090688888889
1062,1.3524590163951464e-08,1.7051861374537356,4.1998,4.1995,4.199554098360656,0.9373147016447804,1062.0,214,4.1995,4.1995,0.0,300.0,61,0.6881566084855968,-525.0,0.117677055555556
1063,2.901639344265952e-09,5.380496869776208,4.1998,4.1995,4.199509836065574,27.86268313673108,1046.0,211,4.1995,4.1995,0.0,300.0,61,0.6868026385662588,-526.0,0.117445522222222
1064,5.606557377056245e-09,3.5991253886958128,4.1998,4.1995,4.199519672131148,11.32409486593236,1050.0,211,4.1995,4.1995,0.0,300.0,61,0.6851950673130558,-527.0,0.117170622222222
1065,0.0,0.0,4.1995,4.1995,4.1995,0.0,1050.0,211,4.1995,4.1995,0.0,300.0,61,0.685797784703006,-528.0,0.117273688888889
1066,1.4754098360674323e-09,7.810249675878441,4.1998,4.1995,4.199504918032787,60.99999999969619,1062.0,214,4.1995,4.1995,0.0,300.0,61,0.6835784643956462,-529.0,0.116894177777778
1067,0.0,0.0,4.1995,4.1995,4.1995,0.0,1051.0,212,4.1995,4.1995,0.0,300.0,61,0.6831561203858735,-530.0,0.116821955555556
1068,0.0,0.0,4.1995,4.1995,4.1995,0.0,1049.0,211,4.1995,4.1995,0.0,300.0,61,0.6819701134304212,-531.0,0.116619144444444
1069,0.0,0.0,4.1995,4.1995,4.1995,0.0,1052.0,212,4.1995,4.1995,0.0,300.0,61,0.6823304053587644,-532.0,0.116680755555556
1070,0.0,0.0,4.1995,4.1995,4.1995,0.0,1061.0,214,4.1995,4.1995,0.0,300.0,61,0.6807390781059328,-533.0,0.116408633333333
1071,0.0,0.0,4.1995,4.1995,4.1995,0.0,1051.0,212,4.1995,4.1995,0.0,300.0,61,0.6792244875108815,-534.0,0.116149633333333
1072,0.0,0.0,4.1995,4.1995,4.1995,0.0,1051.0,212,4.1995,4.1995,0.0,300.0,61,0.6800417556577977,-535.0,0.116289388888889
1073,0.0,0.0,4.1995,4.1995,4.1995,0.0,1063.0,214,4.1995,4.1995,0.0,300.0,61,0.6778158727742873,-536.0,0.115908755555556
1074,0.0,0.0,4.1995,4.1995,4.1995,0.0,1048.0,211,4.1995,4.1995,0.0,300.0,61,0.6772988587303173,-537.0,0.115820344444444
1075,0.0,0.0,4.1995,4.1995,4.1995,0.0,1054.0,212,4.1995,4.1995,0.0,300.0,61,0.6769372672819511,-538.0,0.115758511111111
1076,0.0,0.0,4.1995,4.1995,4.1995,0.0,1053.0,212,4.1995,4.1995,0.0,300.0,61,0.6766546216754119,-539.0,0.115710177777778
1077,1.4754098360674327e-09,7.810249675878441,4.1998,4.1995,4.199504918032787,60.99999999969619,1055.0,212,4.1995,4.1995,0.0,300.0,61,0.6758559366649272,-540.0,0.1155736
1078,4.278688524595555e-09,4.275398459370034,4.1998,4.1995,4.19951475409836,16.83004494241679,1048.0,211,4.1995,4.1995,0.0,300.0,61,0.6749097561310302,-541.0,0.1154118
1079,2.2573770491831733e-08,-0.236900092600351,4.1998,4.1995,4.199667213114754,-2.010940358997372,1050.0,212,4.1995,4.1998,0.0003000000000001,300.0,61,0.6745097638657734,-542.0,0.1153434
1080,1.4459016393460842e-08,1.5645937536945216,4.1998,4.1995,4.199559016393442,0.4620164839890095,1049.0,211,4.1995,4.1995,0.0,300.0,61,0.6734290830087639,-543.0,0.1151586
1081,1.8393442622974e-08,1.0122819576065545,4.1998,4.1995,4.199583606557377,-1.0094950259136208,1047.0,211,4.1998,4.1995,-0.0003000000000001,300.0,61,0.6728825048841128,-544.0,0.115065133333333
1082,8.114754098370884e-09,2.765843744570468,4.1998,4.1995,4.199529508196721,5.840391052505627,1056.0,213,4.1995,4.1995,0.0,300.0,61,0.6737216049675323,-545.0,0.115208622222222
1083,2.0655737704944066e-08,0.6722061615636084,4.1998,4.1995,4.1996032786885245,-1.6017784086211744,1055.0,212,4.1995,4.1995,0.0,300.0,61,0.6723246859112029,-546.0,0.114969744444444
1084,0.0,0.0,4.1995,4.1995,4.1995,0.0,1052.0,212,4.1995,4.1995,0.0,300.0,61,0.6703808638502182,-547.0,0.114637344444444
1085,0.0,0.0,4.1995,4.1995,4.1995,0.0,1051.0,212,4.1995,4.1995,0.0,300.0,61,0.6724725063146251,-548.0,0.114995022222222
1086,0.0,0.0,4.1995,4.1995,4.1995,0.0,1059.0,213,4.1995,4.1995,0.0,300.0,61,0.6711868911488755,-549.0,0.114775177777778
1087,0.0,0.0,4.1995,4.1995,4.1995,0.0,1049.0,211,4.1995,4.1995,0.0,300.0,61,0.6707947609797981,-550.0,0.114708122222222
1088,0.0,0.0,4.1995,4.1995,4.1995,0.0,1055.0,212,4.1995,4.1995,0.0,300.0,61,0.6712781824309876,-551.0,0.114790788888889
1089,0.0,0.0,4.1995,4.1995,4.1995,0.0,1059.0,213,4.1995,4.1995,0.0,300.0,61,0.6690437227152768,-552.0,0.114408688888889
1090,0.0,0.0,4.1995,4.1995,4.1995,0.0,1050.0,211,4.1995,4.1995,0.0,300.0,61,0.6694620382129557,-553.0,0.114480222222222
1091,0.0,0.0,4.1995,4.1995,4.1995,0.0,1059.0,213,4.1995,4.1995,0.0,300.0,61,0.6691619140620114,-554.0,0.1144289
1092,0.0,0.0,4.1995,4.1995,4.1995,0.0,1054.0,212,4.1995,4.1995,0.0,300.0,61,0.6686643278424954,-555.0,0.114343811111111
1093,0.0,0.0,4.1995,4.1995,4.1995,0.0,1057.0,213,4.1995,4.1995,0.0,300.0,61,0.6690240349868192,-556.0,0.114405322222222
1094,0.0,0.0,4.1995,4.1995,4.1995,0.0,1065.0,214,4.1995,4.1995,0.0,300.0,61,0.6680542681643785,-557.0,0.114239488888889
1095,0.0,0.0,4.1995,4.1995,4.1995,0.0,1054.0,212,4.1995,4.1995,0.0,300.0,61,0.6678421864954684,-558.0,0.114203222222222
1096,0.0,0.0,4.1995,4.1995,4.1995,0.0,1059.0,213,4.1995,4.1995,0.0,300.0,61,0.6672267338092279,-559.0,0.114097977777778
1097,4.2786885245955535e-09,4.275398459370035,4.1998,4.1995,4.19951475409836,16.83004494241682,1062.0,214,4.1995,4.1995,0.0,300.0,61,0.66757636967332,-560.0,0.114157766666667
1098,0.0,0.0,4.1995,4.1995,4.1995,0.0,1052.0,212,4.1995,4.1995,0.0,300.0,61,0.6663756131655278,-561.0,0.113952433333333
1099,0.0,0.0,4.1995,4.1995,4.1995,0.0,1060.0,214,4.1995,4.1995,0.0,300.0,61,0.666346763820862,-562.0,0.1139475
1100,0.0,0.0,4.1995,4.1995,4.1995,0.0,1064.0,214,4.1995,4.1995,0.0,300.0,61,0.6659017431865633,-563.0,0.1138714
1101,0.0,0.0,4.1995,4.1995,4.1995,0.0,1054.0,212,4.1995,4.1995,0.0,300.0,61,0.6660419613978095,-564.0,0.113895377777778
1102,0.0,0.0,4.1995,4.1995,4.1995,0.0,1064.0,214,4.1995,4.1995,0.0,300.0,61,0.6653938257828061,-565.0,0.113784544444444
1103,0.0,0.0,4.1995,4.1995,4.1995,0.0,1056.0,213,4.1995,4.1995,0.0,300.0,61,0.6639247183888088,-566.0,0.113533322222222
1104,0.0,0.0,4.1995,4.1995,4.1995,0.0,1056.0,213,4.1995,4.1995,0.0,300.0,61,0.6643792904953326,-567.0,0.113611055555556
1105,0.0,0.0,4.1995,4.1995,4.1995,0.0,1051.0,212,4.1995,4.1995,0.0,300.0,61,0.6634329150334273,-568.0,0.113449222222222
1106,0.0,0.0,4.1995,4.1995,4.1995,0.0,1057.0,213,4.1995,4.1995,0.0,300.0,61,0.6644833820497416,-569.0,0.113628855555556
1107,0.0,0.0,4.1995,4.1995,4.1995,0.0,1061.0,214,4.1995,4.1995,0.0,300.0,61,0.6634997103629718,-570.0,0.113460644444444
1108,0.0,0.0,4.1995,4.1995,4.1995,0.0,1056.0,213,4.1995,4.1995,0.0,300.0,61,0.6639213396367294,-571.0,0.113532744444444
1109,0.0,0.0,4.1995,4.1995,4.1995,0.0,1068.0,215,4.1995,4.1995,0.0,300.0,61,0.6631263582583342,-572.0,0.1133968
1110,0.0,0.0,4.1995,4.1995,4.1995,0.0,1054.0,212,4.1995,4.1995,0.0,300.0,61,0.6627910171145761,-573.0,0.113339455555556
1111,0.0,0.0,4.1995,4.1995,4.1995,0.0,1065.0,215,4.1995,4.1995,0.0,300.0,61,0.6624479438266346,-574.0,0.113280788888889
1112,0.0,0.0,4.1995,4.1995,4.1995,0.0,1054.0,212,4.1995,4.1995,0.0,300.0,61,0.661891619301762,-575.0,0.113185655555556
1113,0.0,0.0,4.1995,4.1995,4.1995,0.0,1057.0,213,4.1995,4.1995,0.0,300.0,61,0.661961013671364,-576.0,0.113197522222222
1114,0.0,0.0,4.1995,4.1995,4.1995,0.0,1053.0,212,4.1995,4.1995,0.0,300.0,61,0.6604653960687551,-577.0,0.112941766666667
1115,0.0,0.0,4.1995,4.1995,4.1995,0.0,1059.0,213,4.1995,4.1995,0.0,300.0,61,0.6618002630436433,-578.0,0.113170033333333
1116,0.0,0.0,4.1995,4.1995,4.1995,0.0,1061.0,214,4.1995,4.1995,0.0,300.0,61,0.6607668197397281,-579.0,0.112993311111111
1117,0.0,0.0,4.1995,4.1995,4.1995,0.0,1057.0,213,4.1995,4.1995,0.0,300.0,61,0.6619907077040524,-580.0,0.1132026
1118,0.0,0.0,4.1995,4.1995,4.1995,0.0,1075.0,216,4.1995,4.1995,0.0,300.0,61,0.6603740398106364,-581.0,0.112926144444444
1119,0.0,0.0,4.1995,4.1995,4.1995,0.0,1058.0,213,4.1995,4.1995,0.0,300.0,61,0.6603397974578471,-582.0,0.112920288888889
1120,0.0,0.0,4.1995,4.1995,4.1995,0.0,1065.0,215,4.1995,4.1995,0.0,300.0,61,0.6585461349363387,-583.0,0.112613566666667
1121,0.0,0.0,4.1995,4.1995,4.1995,0.0,1051.0,212,4.1995,4.1995,0.0,300.0,61,0.6591301392378501,-584.0,0.112713433333333
1122,0.0,0.0,4.1995,4.1995,4.1995,0.0,1057.0,213,4.1995,4.1995,0.0,300.0,61,0.6582472453294224,-585.0,0.112562455555556
1123,0.0,0.0,4.1995,4.1995,4.1995,0.0,1061.0,214,4.1995,4.1995,0.0,300.0,61,0.6588425554551993,-586.0,0.112664255555556
1124,0.0,0.0,4.1995,4.1995,4.1995,0.0,1060.0,214,4.1995,4.1995,0.0,300.0,61,0.6580079387158797,-587.0,0.112521533333333
1126,0.0,0.0,4.1995,4.1995,4.1995,0.0,1063.0,214,4.1995,4.1995,0.0,300.0,61,0.6575412810730802,-589.0,0.112441733333333
1127,0.0,0.0,4.1995,4.1995,4.1995,0.0,1064.0,214,4.1995,4.1995,0.0,300.0,61,0.6569753400999875,-590.0,0.112344955555556
1128,0.0,0.0,4.1995,4.1995,4.1995,0.0,1062.0,214,4.1995,4.1995,0.0,300.0,61,0.6568394752808393,-591.0,0.112321722222222
1129,0.0,0.0,4.1995,4.1995,4.1995,0.0,1070.0,216,4.1995,4.1995,0.0,300.0,61,0.6571004189028768,-592.0,0.112366344444444
1130,0.0,0.0,4.1995,4.1995,4.1995,0.0,1062.0,214,4.1995,4.1995,0.0,300.0,61,0.6570883983426019,-593.0,0.112364288888889
1131,0.0,0.0,4.1995,4.1995,4.1995,0.0,1068.0,215,4.1995,4.1995,0.0,300.0,61,0.6560926411195565,-594.0,0.112194011111111
1132,0.0,0.0,4.1995,4.1995,4.1995,0.0,1061.0,214,4.1995,4.1995,0.0,300.0,61,0.6563370808372133,-595.0,0.112235811111111
1133,0.0,0.0,4.1995,4.1995,4.1995,0.0,1058.0,213,4.1995,4.1995,0.0,300.0,61,0.6558992075630786,-596.0,0.112160933333333
1134,0.0,0.0,4.1995,4.1995,4.1995,0.0,1063.0,214,4.1995,4.1995,0.0,300.0,61,0.6559255878196885,-597.0,0.112165444444444
1135,0.0,0.0,4.1995,4.1995,4.1995,0.0,1070.0,215,4.1995,4.1995,0.0,300.0,61,0.6553011684452424,-598.0,0.112058666666667
1136,0.0,0.0,4.1995,4.1995,4.1995,0.0,1072.0,216,4.1995,4.1995,0.0,300.0,61,0.6551428869055774,-599.0,0.1120316
1137,0.0,0.0,4.1995,4.1995,4.1995,0.0,1065.0,214,4.1995,4.1995,0.0,300.0,61,0.6546071597731801,-600.0,0.111939988888889
1138,2.901639344265952e-09,5.380496869776208,4.1998,4.1995,4.199509836065574,27.86268313673108,1064.0,214,4.1995,4.1995,0.0,300.0,61,0.6541625289948922,-601.0,0.111863955555556
1139,0.0,0.0,4.1995,4.1995,4.1995,0.0,1060.0,213,4.1995,4.1995,0.0,300.0,61,0.6545553089239782,-602.0,0.111931122222222
1140,0.0,0.0,4.1995,4.1995,4.1995,0.0,1071.0,216,4.1995,4.1995,0.0,300.0,61,0.6530903599940764,-603.0,0.111680611111111
1141,0.0,0.0,4.1995,4.1995,4.1995,0.0,1145.0,231,4.1995,4.1995,0.0,300.0,61,0.6906866440321453,-604.0,0.1181097
1142,0.0,0.0,4.1995,4.1995,4.1995,0.0,1102.0,222,4.1995,4.1995,0.0,300.0,61,0.6877111330192861,-605.0,0.117600877777778
1143,0.0,0.0,4.1995,4.1995,4.1995,0.0,1098.0,221,4.1995,4.1995,0.0,300.0,61,0.6848864962819186,-606.0,0.117117855555556
1144,0.0,0.0,4.1995,4.1995,4.1995,0.0,1086.0,219,4.1995,4.1995,0.0,300.0,61,0.6824540546896234,-607.0,0.1167019
1145,0.0,0.0,4.1995,4.1995,4.1995,0.0,1092.0,220,4.1995,4.1995,0.0,300.0,61,0.6797990053161804,-608.0,0.116247877777778
1146,0.0,0.0,4.1995,4.1995,4.1995,0.0,1087.0,219,4.1995,4.1995,0.0,300.0,61,0.6768242090393365,-609.0,0.115739177777778
1147,0.0,0.0,4.1995,4.1995,4.1995,0.0,1087.0,219,4.1995,4.1995,0.0,300.0,61,0.6751194986638862,-610.0,0.115447666666667
1148,0.0,0.0,4.1995,4.1995,4.1995,0.0,1086.0,219,4.1995,4.1995,0.0,300.0,61,0.6707271209622366,-611.0,0.114696555555556
1149,0.0,0.0,4.1995,4.1995,4.1995,0.0,1091.0,220,4.1995,4.1995,0.0,300.0,61,0.6699863295690917,-612.0,0.114569877777778
1150,0.0,0.0,4.1995,4.1995,4.1995,0.0,1094.0,220,4.1995,4.1995,0.0,300.0,61,0.6665167410407977,-613.0,0.113976566666667
1151,0.0,0.0,4.1995,4.1995,4.1995,0.0,1090.0,219,4.1995,4.1995,0.0,300.0,61,0.6640809206964231,-614.0,0.113560033333333
1152,0.0,0.0,4.1995,4.1995,4.1995,0.0,1095.0,220,4.1995,4.1995,0.0,300.0,61,0.6618106592038852,-615.0,0.113171811111111
1153,0.0,0.0,4.1995,4.1995,4.1995,0.0,1088.0,219,4.1995,4.1995,0.0,300.0,61,0.6613331505688377,-616.0,0.113090155555556
1154,0.0,0.0,4.1995,4.1995,4.1995,0.0,1093.0,220,4.1995,4.1995,0.0,300.0,61,0.6591140901654813,-617.0,0.112710688888889
1155,0.0,0.0,4.1995,4.1995,4.1995,0.0,1101.0,222,4.1995,4.1995,0.0,300.0,61,0.6589789400823542,-618.0,0.112687577777778
1156,0.0,0.0,4.1995,4.1995,4.1995,0.0,1095.0,220,4.1995,4.1995,0.0,300.0,61,0.6567958763838335,-619.0,0.112314266666667
1157,0.0,0.0,4.1995,4.1995,4.1995,0.0,1094.0,220,4.1995,4.1995,0.0,300.0,61,0.6569935333804078,-620.0,0.112348066666667
1158,0.0,0.0,4.1995,4.1995,4.1995,0.0,1095.0,220,4.1995,4.1995,0.0,300.0,61,0.6539750732305515,-621.0,0.1118319
1159,0.0,0.0,4.1995,4.1995,4.1995,0.0,1093.0,220,4.1995,4.1995,0.0,300.0,61,0.6540613613605509,-622.0,0.111846655555556
1160,0.0,0.0,4.1995,4.1995,4.1995,0.0,1101.0,222,4.1995,4.1995,0.0,300.0,61,0.652563079741872,-623.0,0.111590444444444
1161,0.0,0.0,4.1995,4.1995,4.1995,0.0,1095.0,221,4.1995,4.1995,0.0,300.0,61,0.6508069083732306,-624.0,0.111290133333333
1162,0.0,0.0,4.1995,4.1995,4.1995,0.0,1097.0,221,4.1995,4.1995,0.0,300.0,61,0.6484452906225797,-625.0,0.110886288888889
1163,0.0,0.0,4.1995,4.1995,4.1995,0.0,1104.0,222,4.1995,4.1995,0.0,300.0,61,0.6474088584225961,-626.0,0.110709055555556
1164,0.0,0.0,4.1995,4.1995,4.1995,0.0,1104.0,222,4.1995,4.1995,0.0,300.0,61,0.644258367037683,-627.0,0.110170311111111
1165,0.0,0.0,4.1995,4.1995,4.1995,0.0,1110.0,223,4.1995,4.1995,0.0,300.0,61,0.641665109841672,-628.0,0.109726855555556
1166,0.0,0.0,4.1995,4.1995,4.1995,0.0,1096.0,221,4.1995,4.1995,0.0,300.0,61,0.6385284583450811,-629.0,0.109190477777778
1167,0.0,0.0,4.1995,4.1995,4.1995,0.0,1119.0,225,4.1995,4.1995,0.0,300.0,61,0.6329580007601654,-630.0,0.108237911111111
1168,0.0,0.0,4.1995,4.1995,4.1995,0.0,1123.0,226,4.1995,4.1995,0.0,300.0,61,0.6298084840152767,-631.0,0.107699333333333
1169,0.0,0.0,4.1995,4.1995,4.1995,0.0,1160.0,234,4.1995,4.1995,0.0,300.0,61,0.6189647690763278,-632.0,0.105845022222222
1170,0.0,0.0,4.1995,4.1995,4.1995,0.0,1128.0,227,4.1995,4.1995,0.0,300.0,61,0.629340721780451,-633.0,0.107619344444444
1171,5.6065573770562446e-09,3.5991253886958123,4.1998,4.1995,4.199519672131148,11.32409486593236,1129.0,227,4.1995,4.1995,0.0,300.0,61,0.633090096971223,-634.0,0.1082605
1172,0.0,0.0,4.1995,4.1995,4.1995,0.0,1129.0,227,4.1995,4.1995,0.0,300.0,61,0.6316738150664463,-635.0,0.108018311111111
1173,0.0,0.0,4.1995,4.1995,4.1995,0.0,1125.0,226,4.1995,4.1995,0.0,300.0,61,0.637116269928399,-636.0,0.108948988888889
1174,1.4754098360674323e-09,7.810249675878442,4.1998,4.1995,4.199504918032787,60.99999999969618,1122.0,226,4.1995,4.1995,0.0,300.0,61,0.636988267205436,-637.0,0.1089271
1175,1.4754098360674323e-09,7.810249675878442,4.1998,4.1995,4.199504918032787,60.99999999969618,1114.0,224,4.1995,4.1995,0.0,300.0,61,0.6377620664073423,-638.0,0.109059422222222
1176,1.6180327868872846e-08,1.3191358525893682,4.1998,4.1995,4.1995688524590165,-0.2698256765383067,1123.0,226,4.1995,4.1995,0.0,300.0,61,0.6439753965511337,-639.0,0.110121922222222
1177,0.0,0.0,4.1995,4.1995,4.1995,0.0,1097.0,221,4.1995,4.1995,0.0,300.0,61,0.6472804658436222,-640.0,0.1106871
1178,2.0655737704944056e-08,0.6722061615444407,4.1998,4.1995,4.199603278688525,-1.6017784086389353,1122.0,226,4.1995,4.1995,0.0,300.0,61,0.6436579887837868,-641.0,0.110067644444444
1179,5.6065573770562446e-09,3.5991253886958128,4.1998,4.1995,4.199519672131148,11.32409486593236,1115.0,225,4.1995,4.1995,0.0,300.0,61,0.643957333222715,-642.0,0.110118833333333
1180,1.1508196721325976e-08,2.0381402237725657,4.1998,4.1995,4.199544262295081,2.2259437426337856,1092.0,220,4.1995,4.1995,0.0,300.0,61,0.6456875141907575,-643.0,0.1104147
1181,4.2786885245955535e-09,4.275398459370035,4.1998,4.1995,4.19951475409836,16.83004494241682,1119.0,225,4.1995,4.1995,0.0,300.0,61,0.6432486399743135,-644.0,0.109997644444444
1182,0.0,0.0,4.1995,4.1995,4.1995,0.0,1090.0,220,4.1995,4.1995,0.0,300.0,61,0.6431492916680196,-645.0,0.109980655555556
1183,1.042622950820986e-08,2.2408775027264194,4.1998,4.1995,4.199539344262295,3.122884112776209,1121.0,226,4.1995,4.1995,0.0,300.0,61,0.6387737427507549,-646.0,0.109232422222222
1184,1.4754098360674323e-09,7.810249675878442,4.1998,4.1995,4.199504918032787,60.99999999969618,1119.0,225,4.1995,4.1995,0.0,300.0,61,0.6350999346497361,-647.0,0.108604188888889
1185,2.901639344265952e-09,5.380496869776206,4.1998,4.1995,4.199509836065574,27.86268313673107,1106.0,223,4.1995,4.1995,0.0,300.0,61,0.6407813062692148,-648.0,0.109575722222222
1186,2.901639344265952e-09,5.380496869776207,4.1998,4.1995,4.199509836065574,27.86268313673108,1108.0,223,4.1995,4.1995,0.0,300.0,61,0.6373240631812059,-649.0,0.108984522222222
1187,5.6065573770562446e-09,3.5991253886958123,4.1998,4.1995,4.199519672131148,11.32409486593236,1119.0,225,4.1995,4.1995,0.0,300.0,61,0.631348935058931,-650.0,0.107962755555556
1188,1.4754098360674323e-09,7.810249675878442,4.1998,4.1995,4.199504918032787,60.99999999969619,1109.0,223,4.1995,4.1995,0.0,300.0,61,0.6324362434680919,-651.0,0.108148688888889
1189,4.2786885245955535e-09,4.275398459370035,4.1998,4.1995,4.19951475409836,16.830044942416826,1118.0,225,4.1995,4.1995,0.0,300.0,61,0.6311519278223712,-652.0,0.107929066666667
1190,1.4754098360674323e-09,7.810249675878442,4.1998,4.1995,4.199504918032787,60.99999999969618,1115.0,224,4.1995,4.1995,0.0,300.0,61,0.6317284598837142,-653.0,0.108027655555556
1191,6.885245901648021e-09,3.125213498679208,4.1998,4.1995,4.199524590163934,8.02926442348302,1117.0,225,4.1995,4.1995,0.0,300.0,61,0.6253194220233916,-654.0,0.106931688888889
1192,4.2786885245955535e-09,4.2753984593700345,4.1998,4.1995,4.19951475409836,16.830044942416826,1106.0,223,4.1998,4.1995,-0.0003000000000001,300.0,61,0.6296056289385815,-655.0,0.107664644444444
1193,6.885245901648021e-09,3.125213498679208,4.1998,4.1995,4.199524590163934,8.02926442348302,1114.0,224,4.1995,4.1995,0.0,300.0,61,0.6306798121954413,-656.0,0.107848333333333
1194,0.0,0.0,4.1995,4.1995,4.1995,0.0,1109.0,223,4.1995,4.1995,0.0,300.0,61,0.6299585136027513,-657.0,0.107724988888889
1195,1.8393442622974e-08,1.0122819576065545,4.1998,4.1995,4.199583606557377,-1.0094950259136215,1118.0,225,4.1995,4.1995,0.0,300.0,61,0.621474532110411,-658.0,0.1062742
1196,0.0,0.0,4.1995,4.1995,4.1995,0.0,1123.0,226,4.1995,4.1995,0.0,300.0,61,0.6264719663380649,-659.0,0.107128777777778
1197,0.0,0.0,4.1995,4.1995,4.1995,0.0,1109.0,223,4.1995,4.1995,0.0,300.0,61,0.6270603890076811,-660.0,0.1072294
1198,0.0,0.0,4.1995,4.1995,4.1995,0.0,1116.0,225,4.1995,4.1995,0.0,300.0,61,0.6291779568966861,-661.0,0.107591511111111
1199,1.6180327868872846e-08,1.3191358525893682,4.1998,4.1995,4.1995688524590165,-0.2698256765383067,1118.0,225,4.1995,4.1995,0.0,300.0,61,0.6261346109382571,-662.0,0.107071088888889
1200,0.0,0.0,4.1995,4.1995,4.1995,0.0,1120.0,226,4.1995,4.1995,0.0,300.0,61,0.6258275343551513,-663.0,0.107018577777778
1201,4.2786885245955535e-09,4.275398459327921,4.1998,4.1995,4.199514754098361,16.830044942168577,1116.0,225,4.1995,4.1995,0.0,300.0,61,0.6199753408277142,-664.0,0.106017833333333
1202,2.901639344265952e-09,5.380496869776206,4.1998,4.1995,4.199509836065574,27.86268313673107,1121.0,226,4.1995,4.1995,0.0,300.0,61,0.6199271286346011,-665.0,0.106009588888889
1203,1.2540983606573177e-08,1.8616039840494512,4.1998,4.1995,4.199549180327869,1.514147213472827,1120.0,226,4.1995,4.1995,0.0,300.0,61,0.6197728106310291,-666.0,0.1059832
1205,2.901639344265952e-09,5.380496869776208,4.1998,4.1995,4.199509836065574,27.86268313673108,1114.0,224,4.1995,4.1995,0.0,300.0,61,0.6191410489684106,-668.0,0.105875166666667
1206,1.4754098360674323e-09,7.810249675878441,4.1998,4.1995,4.199504918032787,60.99999999969619,1099.0,221,4.1995,4.1995,0.0,300.0,61,0.6224706791894616,-669.0,0.106444544444444
1207,1.4754098360674323e-09,7.810249675878441,4.1998,4.1995,4.199504918032787,60.99999999969619,1099.0,221,4.1995,4.1995,0.0,300.0,61,0.6243243795363614,-670.0,0.106761533333333
1208,1.1508196721325976e-08,2.0381402237725657,4.1998,4.1995,4.199544262295081,2.2259437426337874,1095.0,220,4.1995,4.1995,0.0,300.0,61,0.6225784743759601,-671.0,0.106462977777778
1209,1.4754098360674323e-09,7.810249675878442,4.1998,4.1995,4.199504918032787,60.99999999969618,1112.0,224,4.1995,4.1995,0.0,300.0,61,0.6210921483415611,-672.0,0.106208811111111
1210,0.0,0.0,4.1995,4.1995,4.1995,0.0,1102.0,222,4.1995,4.1998,0.0003000000000001,300.0,61,0.6200698159339032,-673.0,0.106033988888889
1211,1.8393442622974e-08,1.0122819576065545,4.1998,4.1995,4.199583606557377,-1.0094950259136215,1097.0,221,4.1998,4.1995,-0.0003000000000001,300.0,61,0.6203583093805777,-674.0,0.106083322222222
1212,0.0,0.0,4.1995,4.1995,4.1995,0.0,1118.0,225,4.1995,4.1995,0.0,300.0,61,0.6138228282213304,-675.0,0.104965733333333
1213,1.042622950820986e-08,2.2408775027264185,4.1998,4.1995,4.199539344262295,3.122884112776208,1116.0,225,4.1998,4.1995,-0.0003000000000001,300.0,61,0.6143065095765232,-676.0,0.105048444444444
1214,1.4754098360674323e-09,7.810249675878441,4.1998,4.1995,4.199504918032787,60.99999999969619,1112.0,224,4.1995,4.1995,0.0,300.0,61,0.6137130187787936,-677.0,0.104946955555556
1215,0.0,0.0,4.1995,4.1995,4.1995,0.0,1108.0,223,4.1995,4.1995,0.0,300.0,61,0.6129641703614609,-678.0,0.1048189
1217,8.11475409837088e-09,2.765843744570469,4.1998,4.1995,4.199529508196721,5.840391052505632,1121.0,226,4.1995,4.1995,0.0,300.0,61,0.6151222832754022,-680.0,0.105187944444444
1218,1.4754098360674323e-09,7.810249675878441,4.1998,4.1995,4.199504918032787,60.99999999969619,1103.0,222,4.1995,4.1995,0.0,300.0,61,0.6139852682250908,-681.0,0.104993511111111
1219,1.4754098360674323e-09,7.810249675878442,4.1998,4.1995,4.199504918032787,60.99999999969619,1114.0,224,4.1995,4.1995,0.0,300.0,61,0.6106763653485169,-682.0,0.104427677777778
1220,1.3524590163951464e-08,1.7051861374537365,4.1998,4.1995,4.199554098360656,0.9373147016447811,1125.0,227,4.1995,4.1995,0.0,300.0,61,0.6061743731323274,-683.0,0.103657822222222
1221,4.2786885245955535e-09,4.275398459370035,4.1998,4.1995,4.19951475409836,16.83004494241682,1125.0,226,4.1995,4.1995,0.0,300.0,61,0.6092333133311192,-684.0,0.104180911111111
1222,1.4754098360674323e-09,7.810249675878441,4.1998,4.1995,4.199504918032787,60.99999999969619,1120.0,226,4.1995,4.1995,0.0,300.0,61,0.6066930765523314,-685.0,0.103746522222222
1223,1.7704918032809198e-08,1.1082054477215508,4.1998,4.1995,4.19957868852459,-0.79919150595128,1117.0,225,4.1995,4.1995,0.0,300.0,61,0.6072309478927803,-686.0,0.1038385
1224,1.9622950819696852e-08,0.8348624372473114,4.1998,4.1995,4.199593442622951,-1.3483299130458308,1132.0,228,4.1995,4.1998,0.0003000000000001,300.0,61,0.6045050097016982,-687.0,0.103372355555556
1225,1.042622950820986e-08,2.2408775027264185,4.1998,4.1995,4.199539344262295,3.1228841127762097,1130.0,228,4.1998,4.1995,-0.0003000000000001,300.0,61,0.6013055913876508,-688.0,0.102825244444444
1226,2.901639344265952e-09,5.380496869776208,4.1998,4.1995,4.199509836065574,27.86268313673108,1115.0,225,4.1995,4.1995,0.0,300.0,61,0.6036527844659717,-689.0,0.103226622222222
1227,2.901639344265952e-09,5.380496869776206,4.1998,4.1995,4.199509836065574,27.86268313673107,1118.0,225,4.1998,4.1998,0.0,300.0,61,0.6021366344468883,-690.0,0.102967355555556
1228,1.4754098360674323e-09,7.810249675878441,4.1998,4.1995,4.199504918032787,60.99999999969619,1118.0,225,4.1995,4.1995,0.0,300.0,61,0.6012824599311187,-691.0,0.102821288888889
1229,0.0,0.0,4.1995,4.1995,4.1995,0.0,1119.0,225,4.1995,4.1995,0.0,300.0,61,0.601187854872928,-692.0,0.102805111111111
1230,0.0,0.0,4.1995,4.1995,4.1995,0.0,1120.0,226,4.1995,4.1998,0.0003000000000001,300.0,61,0.6002021689301201,-693.0,0.102636555555556
1231,1.4754098360674323e-09,7.810249675878442,4.1998,4.1995,4.199504918032787,60.99999999969618,1112.0,224,4.1995,4.1995,0.0,300.0,61,0.5998507137379866,-694.0,0.102576455555556
1232,0.0,0.0,4.1995,4.1995,4.1995,0.0,1124.0,226,4.1995,4.1995,0.0,300.0,61,0.5981957100036807,-695.0,0.102293444444444
1233,0.0,0.0,4.1995,4.1995,4.1995,0.0,1118.0,225,4.1995,4.1995,0.0,300.0,61,0.599370541086869,-696.0,0.102494344444444
1234,0.0,0.0,4.1995,4.1995,4.1995,0.0,1124.0,226,4.1995,4.1995,0.0,300.0,61,0.6011678422644662,-697.0,0.102801688888889
1235,0.0,0.0,4.1995,4.1995,4.1995,0.0,1108.0,223,4.1995,4.1995,0.0,300.0,61,0.6020438487167391,-698.0,0.102951488888889
1236,0.0,0.0,4.1995,4.1995,4.1995,0.0,1118.0,225,4.1995,4.1995,0.0,300.0,61,0.6005316622337428,-699.0,0.1026929
1237,0.0,0.0,4.1995,4.1995,4.1995,0.0,1123.0,226,4.1995,4.1995,0.0,300.0,61,0.5999718290047888,-700.0,0.102597166666667
1238,5.6065573770562446e-09,3.5991253886958128,4.1998,4.1995,4.199519672131148,11.32409486593236,1116.0,225,4.1995,4.1995,0.0,300.0,61,0.5989319530767191,-701.0,0.102419344444444
1239,0.0,0.0,4.1995,4.1995,4.1995,0.0,1117.0,225,4.1995,4.1995,0.0,300.0,61,0.5991884133546568,-702.0,0.1024632
1240,2.901639344265952e-09,5.380496869776206,4.1998,4.1995,4.199509836065574,27.86268313673107,1112.0,224,4.1995,4.1995,0.0,300.0,61,0.5983990199123876,-703.0,0.102328211111111
1241,0.0,0.0,4.1995,4.1995,4.1995,0.0,1121.0,226,4.1995,4.1995,0.0,300.0,61,0.5975148914599262,-704.0,0.102177022222222
1242,1.3524590163951464e-08,1.7051861374537356,4.1998,4.1995,4.199554098360656,0.9373147016447804,1127.0,227,4.1995,4.1995,0.0,300.0,61,0.5967840413950113,-705.0,0.102052044444444
1243,0.0,0.0,4.1995,4.1995,4.1995,0.0,1115.0,225,4.1995,4.1995,0.0,300.0,61,0.5966073066709225,-706.0,0.102021822222222
1244,0.0,0.0,4.1995,4.1995,4.1995,0.0,1123.0,226,4.1995,4.1995,0.0,300.0,61,0.5965665667179836,-707.0,0.102014855555556
1245,1.4754098360674323e-09,7.810249675878441,4.1998,4.1995,4.199504918032787,60.99999999969619,1116.0,225,4.1995,4.1995,0.0,300.0,61,0.5955072629654655,-708.0,0.101833711111111
1246,0.0,0.0,4.1995,4.1995,4.1995,0.0,1118.0,225,4.1995,4.1995,0.0,300.0,61,0.5942417253841785,-709.0,0.1016173
1247,5.606557377056245e-09,3.5991253886958123,4.1998,4.1995,4.199519672131148,11.324094865932356,1122.0,226,4.1995,4.1995,0.0,300.0,61,0.5924571595028775,-710.0,0.101312133333333
1248,0.0,0.0,4.1995,4.1995,4.1995,0.0,1122.0,226,4.1995,4.1995,0.0,300.0,61,0.5904295833759559,-711.0,0.100965411111111
1249,0.0,0.0,4.1995,4.1995,4.1995,0.0,1124.0,226,4.1995,4.1995,0.0,300.0,61,0.5888489121873753,-712.0,0.100695111111111
1250,0.0,0.0,4.1995,4.1995,4.1995,0.0,1115.0,224,4.1995,4.1995,0.0,300.0,61,0.5892491643566413,-713.0,0.100763555555556
1251,0.0,0.0,4.1995,4.1995,4.1995,0.0,1116.0,225,4.1995,4.1995,0.0,300.0,61,0.5910117683494316,-714.0,0.101064966666667
1252,0.0,0.0,4.1995,4.1995,4.1995,0.0,1121.0,226,4.1995,4.1995,0.0,300.0,61,0.5904512203844565,-715.0,0.100969111111111
1253,0.0,0.0,4.1995,4.1995,4.1995,0.0,1129.0,227,4.1995,4.1995,0.0,300.0,61,0.5874762291796101,-716.0,0.100460377777778
1254,0.0,0.0,4.1995,4.1995,4.1995,0.0,1121.0,226,4.1995,4.1995,0.0,300.0,61,0.5878998077334107,-717.0,0.100532811111111
1255,0.0,0.0,4.1995,4.1995,4.1995,0.0,1127.0,227,4.1995,4.1995,0.0,300.0,61,0.5875627772136129,-718.0,0.100475177777778
1256,0.0,0.0,4.1995,4.1995,4.1995,0.0,1118.0,225,4.1995,4.1995,0.0,300.0,61,0.5885307247080123,-719.0,0.1006407
1257,0.0,0.0,4.1995,4.1995,4.1995,0.0,1113.0,224,4.1995,4.1995,0.0,300.0,61,0.5883718583843338,-720.0,0.100613533333333
1258,0.0,0.0,4.1995,4.1995,4.1995,0.0,1119.0,225,4.1995,4.1995,0.0,300.0,61,0.5866275776239716,-721.0,0.100315255555556
1259,0.0,0.0,4.1995,4.1995,4.1995,0.0,1127.0,227,4.1995,4.1995,0.0,300.0,61,0.5831796910801769,-722.0,0.0997256555555556
1260,0.0,0.0,4.1995,4.1995,4.1995,0.0,1124.0,226,4.1995,4.1995,0.0,300.0,61,0.5847419090843301,-723.0,0.0999928
1261,0.0,0.0,4.1995,4.1995,4.1995,0.0,1123.0,226,4.1995,4.1995,0.0,300.0,61,0.5821142795835206,-724.0,0.0995434666666667
1262,0.0,0.0,4.1995,4.1995,4.1995,0.0,1129.0,227,4.1995,4.1995,0.0,300.0,61,0.583902484120904,-725.0,0.0998492555555556
1263,0.0,0.0,4.1995,4.1995,4.1995,0.0,1114.0,224,4.1995,4.1995,0.0,300.0,61,0.5838415366314931,-726.0,0.0998388333333333
1264,0.0,0.0,4.1995,4.1995,4.1995,0.0,1118.0,225,4.1995,4.1995,0.0,300.0,61,0.5819406637075026,-727.0,0.0995137777777778
1265,0.0,0.0,4.1995,4.1995,4.1995,0.0,1125.0,227,4.1995,4.1995,0.0,300.0,61,0.5809632297168821,-728.0,0.0993466333333333
1266,0.0,0.0,4.1995,4.1995,4.1995,0.0,1130.0,227,4.1995,4.1995,0.0,300.0,61,0.5782770568387179,-729.0,0.0988872888888889
1267,0.0,0.0,4.1995,4.1995,4.1995,0.0,1117.0,225,4.1995,4.1995,0.0,300.0,61,0.5804607702972541,-730.0,0.0992607111111111
1268,0.0,0.0,4.1995,4.1995,4.1995,0.0,1126.0,227,4.1995,4.1995,0.0,300.0,61,0.5789677517347022,-731.0,0.0990054
1269,0.0,0.0,4.1995,4.1995,4.1995,0.0,1124.0,226,4.1995,4.1995,0.0,300.0,61,0.577483764836359,-732.0,0.0987516333333333
1270,0.0,0.0,4.1995,4.1995,4.1995,0.0,1118.0,225,4.1995,4.1995,0.0,300.0,61,0.5800907969446919,-733.0,0.0991974444444444
1271,0.0,0.0,4.1995,4.1995,4.1995,0.0,1122.0,226,4.1995,4.1995,0.0,300.0,61,0.5783660089847764,-734.0,0.0989025
1272,0.0,0.0,4.1995,4.1995,4.1995,0.0,1265.0,255,4.1995,4.1995,0.0,300.0,61,0.6086637337019378,-735.0,0.104083511111111
1273,0.0,0.0,4.1995,4.1995,4.1995,0.0,1208.0,243,4.1995,4.1995,0.0,300.0,61,0.6025789910651229,-736.0,0.103043
1274,0.0,0.0,4.1995,4.1995,4.1995,0.0,1186.0,239,4.1995,4.1995,0.0,300.0,61,0.5977475055453108,-737.0,0.1022168
1275,0.0,0.0,4.1995,4.1995,4.1995,0.0,1180.0,237,4.1995,4.1995,0.0,300.0,61,0.5948779054149019,-738.0,0.101726088888889
1276,0.0,0.0,4.1995,4.1995,4.1995,0.0,1174.0,236,4.1995,4.1995,0.0,300.0,61,0.5907217804547199,-739.0,0.101015377777778
1277,0.0,0.0,4.1995,4.1995,4.1995,0.0,1171.0,236,4.1995,4.1995,0.0,300.0,61,0.588046003736794,-740.0,0.100557811111111
1278,0.0,0.0,4.1995,4.1995,4.1995,0.0,1171.0,236,4.1995,4.1995,0.0,300.0,61,0.5846420409700187,-741.0,0.0999757222222222
1279,0.0,0.0,4.1995,4.1995,4.1995,0.0,1160.0,233,4.1995,4.1995,0.0,300.0,61,0.5836855942278846,-742.0,0.0998121666666667
1280,0.0,0.0,4.1995,4.1995,4.1995,0.0,1161.0,234,4.1995,4.1995,0.0,300.0,61,0.5817729606476215,-743.0,0.0994851
1281,0.0,0.0,4.1995,4.1995,4.1995,0.0,1152.0,232,4.1995,4.1995,0.0,300.0,61,0.5799946324624667,-744.0,0.099181
1282,0.0,0.0,4.1995,4.1995,4.1995,0.0,1154.0,232,4.1995,4.1995,0.0,300.0,61,0.578436767850414,-745.0,0.0989146
1283,0.0,0.0,4.1995,4.1995,4.1995,0.0,1159.0,233,4.1995,4.1995,0.0,300.0,61,0.5763720904266322,-746.0,0.0985615333333333
1284,5.6065573770562446e-09,3.599125388695812,4.1998,4.1995,4.199519672131148,11.32409486593236,1160.0,233,4.1995,4.1995,0.0,300.0,61,0.5751929709273447,-747.0,0.0983599
1285,0.0,0.0,4.1995,4.1995,4.1995,0.0,1149.0,231,4.1995,4.1995,0.0,300.0,61,0.5749901158506501,-748.0,0.0983252111111111
1286,0.0,0.0,4.1995,4.1995,4.1995,0.0,1154.0,232,4.1995,4.1995,0.0,300.0,61,0.5729951576764822,-749.0,0.0979840666666667
1288,0.0,0.0,4.1995,4.1995,4.1995,0.0,1152.0,232,4.1995,4.1995,0.0,300.0,61,0.5696388223188082,-751.0,0.0974101222222222
1289,0.0,0.0,4.1995,4.1995,4.1995,0.0,1146.0,231,4.1995,4.1995,0.0,300.0,61,0.5697379756971032,-752.0,0.0974270777777778
1290,0.0,0.0,4.1995,4.1995,4.1995,0.0,1154.0,232,4.1995,4.1995,0.0,300.0,61,0.568651836855967,-753.0,0.0972413444444444
1291,0.0,0.0,4.1995,4.1995,4.1995,0.0,1138.0,229,4.1995,4.1995,0.0,300.0,61,0.5681069481073574,-754.0,0.0971481666666667
1293,0.0,0.0,4.1995,4.1995,4.1995,0.0,1144.0,230,4.1995,4.1995,0.0,300.0,61,0.564707208780679,-756.0,0.0965668
1294,0.0,0.0,4.1995,4.1995,4.1995,0.0,1150.0,232,4.1995,4.1995,0.0,300.0,61,0.5646285228428578,-757.0,0.0965533444444444
1295,0.0,0.0,4.1995,4.1995,4.1995,0.0,1144.0,230,4.1995,4.1995,0.0,300.0,61,0.5640900667183971,-758.0,0.0964612666666667
1296,0.0,0.0,4.1995,4.1995,4.1995,0.0,1138.0,229,4.1995,4.1995,0.0,300.0,61,0.5634054145905525,-759.0,0.0963441888888889
1297,0.0,0.0,4.1995,4.1995,4.1995,0.0,1143.0,230,4.1995,4.1995,0.0,300.0,61,0.5622368861795101,-760.0,0.0961443666666667
1298,0.0,0.0,4.1995,4.1995,4.1995,0.0,1146.0,231,4.1995,4.1995,0.0,300.0,61,0.5609456830776285,-761.0,0.0959235666666667
1299,0.0,0.0,4.1995,4.1995,4.1995,0.0,1143.0,230,4.1995,4.1995,0.0,300.0,61,0.5608200844667217,-762.0,0.0959020888888889
1300,0.0,0.0,4.1995,4.1995,4.1995,0.0,1151.0,232,4.1995,4.1995,0.0,300.0,61,0.559891122573223,-763.0,0.0957432333333333
1301,0.0,0.0,4.1995,4.1995,4.1995,0.0,1141.0,230,4.1995,4.1995,0.0,300.0,61,0.5598093177873305,-764.0,0.0957292444444445
1302,0.0,0.0,4.1995,4.1995,4.1995,0.0,1141.0,230,4.1995,4.1995,0.0,300.0,61,0.5591633913563819,-765.0,0.0956187888888889
1303,0.0,0.0,4.1995,4.1995,4.1995,0.0,1137.0,229,4.1995,4.1995,0.0,300.0,61,0.5586428686083358,-766.0,0.0955297777777778
1304,0.0,0.0,4.1995,4.1995,4.1995,0.0,1148.0,231,4.1995,4.1995,0.0,300.0,61,0.5569412121049553,-767.0,0.0952387888888889
1305,0.0,0.0,4.1995,4.1995,4.1995,0.0,1143.0,230,4.1995,4.1995,0.0,300.0,61,0.5561060105816269,-768.0,0.0950959666666667
1306,0.0,0.0,4.1995,4.1995,4.1995,0.0,1150.0,231,4.1995,4.1995,0.0,300.0,61,0.5554732093029824,-769.0,0.0949877555555556
1307,4.2786885245955535e-09,4.275398459370036,4.1998,4.1995,4.19951475409836,16.83004494241682,1138.0,229,4.1995,4.1995,0.0,300.0,61,0.5538461452493278,-770.0,0.0947095222222222
1308,0.0,0.0,4.1995,4.1995,4.1995,0.0,1140.0,229,4.1995,4.1995,0.0,300.0,61,0.554212479945806,-771.0,0.0947721666666667
1309,0.0,0.0,4.1995,4.1995,4.1995,0.0,1145.0,230,4.1995,4.1995,0.0,300.0,61,0.5530770243195287,-772.0,0.094578
1310,0.0,0.0,4.1995,4.1995,4.1995,0.0,1136.0,229,4.1995,4.1995,0.0,300.0,61,0.5525287568188402,-773.0,0.0944842444444444
1311,0.0,0.0,4.1995,4.1995,4.1995,0.0,1133.0,228,4.1995,4.1995,0.0,300.0,61,0.5524671595694148,-774.0,0.0944737111111111
1312,0.0,0.0,4.1995,4.1995,4.1995,0.0,1134.0,228,4.1995,4.1995,0.0,300.0,61,0.5507631639299803,-775.0,0.0941823222222222
1313,1.4754098360674323e-09,7.810249675878442,4.1998,4.1995,4.199504918032787,60.99999999969618,1138.0,229,4.1995,4.1995,0.0,300.0,61,0.5481936229745149,-776.0,0.0937429222222222
1314,0.0,0.0,4.1995,4.1995,4.1995,0.0,1140.0,229,4.1995,4.1995,0.0,300.0,61,0.5474508823013262,-777.0,0.0936159111111111
1315,0.0,0.0,4.1995,4.1995,4.1995,0.0,1140.0,230,4.1995,4.1995,0.0,300.0,61,0.5466299754983284,-778.0,0.0934755333333333
1316,0.0,0.0,4.1995,4.1995,4.1995,0.0,1140.0,230,4.1995,4.1995,0.0,300.0,61,0.5459728731951218,-779.0,0.0933631666666667
1317,0.0,0.0,4.1995,4.1995,4.1995,0.0,1136.0,229,4.1995,4.1995,0.0,300.0,61,0.5446555497406356,-780.0,0.0931379
1318,0.0,0.0,4.1995,4.1995,4.1995,0.0,1135.0,228,4.1995,4.1995,0.0,300.0,61,0.5450524231578203,-781.0,0.0932057666666667
1319,0.0,0.0,4.1995,4.1995,4.1995,0.0,1130.0,228,4.1995,4.1995,0.0,300.0,61,0.5425554603960345,-782.0,0.0927787777777778
1320,0.0,0.0,4.1995,4.1995,4.1995,0.0,1126.0,227,4.1995,4.1995,0.0,300.0,61,0.5437382185514061,-783.0,0.0929810333333333
1321,0.0,0.0,4.1995,4.1995,4.1995,0.0,1138.0,229,4.1995,4.1995,0.0,300.0,61,0.5425623153641931,-784.0,0.09277995
1322,0.0,0.0,4.1995,4.1995,4.1995,0.0,1126.0,227,4.1995,4.1995,0.0,300.0,61,0.5411216999468538,-785.0,0.0925336
1323,0.0,0.0,4.1995,4.1995,4.1995,0.0,1133.0,228,4.1995,4.1995,0.0,300.0,61,0.5402185335259526,-786.0,0.0923791555555556
1324,0.0,0.0,4.1995,4.1995,4.1995,0.0,1127.0,227,4.1995,4.1995,0.0,300.0,61,0.5394278080756532,-787.0,0.0922439388888889
1325,0.0,0.0,4.1995,4.1995,4.1995,0.0,1135.0,228,4.1995,4.1995,0.0,300.0,61,0.5384514461890578,-788.0,0.0920769777777778
1326,0.0,0.0,4.1995,4.1995,4.1995,0.0,1126.0,227,4.1995,4.1995,0.0,300.0,61,0.5374521477739314,-789.0,0.0919060944444444
1327,0.0,0.0,4.1995,4.1995,4.1995,0.0,1136.0,229,4.1995,4.1995,0.0,300.0,61,0.5375398653759613,-790.0,0.0919210944444444
1328,0.0,0.0,4.1995,4.1995,4.1995,0.0,1136.0,229,4.1995,4.1995,0.0,300.0,61,0.5358640368331787,-791.0,0.0916345222222222
1329,0.0,0.0,4.1995,4.1995,4.1995,0.0,1133.0,228,4.1995,4.1995,0.0,300.0,61,0.5356493561242105,-792.0,0.0915978111111111
1330,0.0,0.0,4.1995,4.1995,4.1995,0.0,1134.0,228,4.1995,4.1995,0.0,300.0,61,0.5348120753688338,-793.0,0.0914546333333333
1331,0.0,0.0,4.1995,4.1995,4.1995,0.0,1138.0,229,4.1995,4.1995,0.0,300.0,61,0.5338457197864699,-794.0,0.0912893833333333
1332,0.0,0.0,4.1995,4.1995,4.1995,0.0,1135.0,229,4.1995,4.1995,0.0,300.0,61,0.5336937734069537,-795.0,0.0912634
1333,0.0,0.0,4.1995,4.1995,4.1995,0.0,1129.0,227,4.1995,4.1995,0.0,300.0,61,0.532915945692953,-796.0,0.0911303888888889
1334,0.0,0.0,4.1995,4.1995,4.1995,0.0,1136.0,229,4.1995,4.1995,0.0,300.0,61,0.5321608270914777,-797.0,0.0910012611111111
1335,0.0,0.0,4.1995,4.1995,4.1995,0.0,1138.0,229,4.1995,4.1995,0.0,300.0,61,0.5317422192017902,-798.0,0.0909296777777778
1336,0.0,0.0,4.1995,4.1995,4.1995,0.0,1137.0,229,4.1995,4.1995,0.0,300.0,61,0.5316882566325413,-799.0,0.09092045
1337,0.0,0.0,4.1995,4.1995,4.1995,0.0,1141.0,230,4.1995,4.1995,0.0,300.0,61,0.5292554576722402,-800.0,0.0905044333333333
1338,0.0,0.0,4.1995,4.1995,4.1995,0.0,1131.0,228,4.1995,4.1995,0.0,300.0,61,0.5285185973271879,-801.0,0.0903784277777778
1339,0.0,0.0,4.1995,4.1995,4.1995,0.0,1135.0,229,4.1995,4.1995,0.0,300.0,61,0.5286607973064784,-802.0,0.0904027444444444
1340,0.0,0.0,4.1995,4.1995,4.1995,0.0,1135.0,229,4.1995,4.1995,0.0,300.0,61,0.5269262954343381,-803.0,0.0901061388888889
1341,0.0,0.0,4.1995,4.1995,4.1995,0.0,1131.0,228,4.1995,4.1995,0.0,300.0,61,0.5266206808112656,-804.0,0.0900538777777778
1342,0.0,0.0,4.1995,4.1995,4.1995,0.0,1131.0,228,4.1995,4.1995,0.0,300.0,61,0.5275315793763455,-805.0,0.0902096444444444
1343,0.0,0.0,4.1995,4.1995,4.1995,0.0,1130.0,228,4.1995,4.1995,0.0,300.0,61,0.5262691606431306,-806.0,0.0899937666666667
1344,0.0,0.0,4.1995,4.1995,4.1995,0.0,1133.0,228,4.1995,4.1995,0.0,300.0,61,0.5253187891571366,-807.0,0.08983125
1345,0.0,0.0,4.1995,4.1995,4.1995,0.0,1128.0,227,4.1995,4.1995,0.0,300.0,61,0.5255259651379313,-808.0,0.0898666777777778
1346,0.0,0.0,4.1995,4.1995,4.1995,0.0,1129.0,227,4.1995,4.1995,0.0,300.0,61,0.5249875739894714,-809.0,0.0897746111111111
1347,0.0,0.0,4.1995,4.1995,4.1995,0.0,1124.0,226,4.1995,4.1995,0.0,300.0,61,0.5238108910902399,-810.0,0.0895733944444444
1348,0.0,0.0,4.1995,4.1995,4.1995,0.0,1127.0,227,4.1995,4.1995,0.0,300.0,61,0.5241475317540307,-811.0,0.0896309611111111
1349,0.0,0.0,4.1995,4.1995,4.1995,0.0,1131.0,228,4.1995,4.1995,0.0,300.0,61,0.5234329256894931,-812.0,0.0895087611111111
1350,0.0,0.0,4.1995,4.1995,4.1995,0.0,1125.0,227,4.1995,4.1995,0.0,300.0,61,0.523289621118177,-813.0,0.0894842555555556
1351,0.0,0.0,4.1995,4.1995,4.1995,0.0,1129.0,227,4.1995,4.1995,0.0,300.0,61,0.5227885261945804,-814.0,0.0893985666666667
1352,0.0,0.0,4.1995,4.1995,4.1995,0.0,1130.0,227,4.1995,4.1995,0.0,300.0,61,0.5223323296880229,-815.0,0.0893205555555556
1353,0.0,0.0,4.1995,4.1995,4.1995,0.0,1130.0,227,4.1995,4.1995,0.0,300.0,61,0.5214977454367085,-816.0,0.0891778388888889
1354,0.0,0.0,4.1995,4.1995,4.1995,0.0,1129.0,227,4.1995,4.1995,0.0,300.0,61,0.5213058063282667,-817.0,0.0891450166666667
1355,0.0,0.0,4.1995,4.1995,4.1995,0.0,1130.0,227,4.1995,4.1995,0.0,300.0,61,0.5207640689157296,-818.0,0.0890523777777778
1356,0.0,0.0,4.1995,4.1995,4.1995,0.0,1128.0,227,4.1995,4.1995,0.0,300.0,61,0.519271765089194,-819.0,0.0887971888888889
1357,0.0,0.0,4.1995,4.1995,4.1995,0.0,1122.0,226,4.1995,4.1995,0.0,300.0,61,0.5190768695726835,-820.0,0.0887638611111111
1358,0.0,0.0,4.1995,4.1995,4.1995,0.0,1123.0,226,4.1995,4.1995,0.0,300.0,61,0.5182043718244919,-821.0,0.0886146611111111
1359,0.0,0.0,4.1995,4.1995,4.1995,0.0,1125.0,226,4.1995,4.1995,0.0,300.0,61,0.5180640236612438,-822.0,0.0885906611111111
1360,0.0,0.0,4.1995,4.1995,4.1995,0.0,1121.0,226,4.1995,4.1995,0.0,300.0,61,0.5174949638400744,-823.0,0.08849335
1361,0.0,0.0,4.1995,4.1995,4.1995,0.0,1123.0,226,4.1995,4.1995,0.0,300.0,61,0.5164748081284657,-824.0,0.0883189
1362,0.0,0.0,4.1995,4.1995,4.1995,0.0,1124.0,226,4.1995,4.1995,0.0,300.0,61,0.5160260188860798,-825.0,0.0882421555555556
1363,0.0,0.0,4.1995,4.1995,4.1995,0.0,1125.0,226,4.1995,4.1995,0.0,300.0,61,0.515709390830752,-826.0,0.0881880111111111
1364,2.901639344248769e-09,-5.380496869825675,4.1995,4.1992,4.199490163934426,27.862683137098003,1126.0,227,4.1995,4.1992,-0.0002999999999993,300.0,61,0.514470785802088,-827.0,0.0879762055555556
1365,0.0,0.0,4.1995,4.1995,4.1995,0.0,1129.0,227,4.1995,4.1995,0.0,300.0,61,0.5146130182693794,-828.0,0.0880005277777778
1366,0.0,0.0,4.1995,4.1995,4.1995,0.0,1125.0,226,4.1995,4.1995,0.0,300.0,61,0.513367460808554,-829.0,0.0877875333333333
1367,0.0,0.0,4.1995,4.1995,4.1995,0.0,1123.0,226,4.1995,4.1995,0.0,300.0,61,0.5131980358846332,-830.0,0.0877585611111111
1368,4.278688524570219e-09,-4.275398459367965,4.1995,4.1992,4.199485245901639,16.830044942404605,1127.0,227,4.1995,4.1995,0.0,300.0,61,0.5129051240698544,-831.0,0.0877084722222222
1369,0.0,0.0,4.1995,4.1995,4.1995,0.0,1125.0,227,4.1995,4.1995,0.0,300.0,61,0.5145186731151957,-832.0,0.0879843944444444
1370,0.0,0.0,4.1995,4.1995,4.1995,0.0,1121.0,226,4.1995,4.1995,0.0,300.0,61,0.5140358039600211,-833.0,0.0879018222222222
1371,1.0426229508148128e-08,-2.240877502749857,4.1995,4.1992,4.199460655737705,3.122884112848616,1119.0,225,4.1992,4.1995,0.0002999999999993,300.0,61,0.5140814496010777,-834.0,0.0879096277777778
1372,1.4459016393375226e-08,-1.5645937536900143,4.1995,4.1992,4.199440983606557,0.4620164839792884,1121.0,226,4.1992,4.1995,0.0002999999999993,300.0,61,0.5124371344190245,-835.0,0.0876284444444445
1373,1.3524590163871388e-08,-1.7051861374731514,4.1995,4.1992,4.199445901639344,0.9373147016904184,1114.0,224,4.1995,4.1995,0.0,300.0,61,0.512457082051486,-836.0,0.0876318555555556
1374,2.901639344248769e-09,-5.380496869825674,4.1995,4.1992,4.199490163934426,27.862683137098003,1121.0,226,4.1995,4.1995,0.0,300.0,61,0.5115243840379009,-837.0,0.0874723611111111
1375,4.278688524570219e-09,-4.275398459367965,4.1995,4.1992,4.199485245901639,16.830044942404605,1121.0,226,4.1995,4.1995,0.0,300.0,61,0.5114597654044055,-838.0,0.0874613111111111
1376,4.2786885245702195e-09,-4.275398459367966,4.1995,4.1992,4.199485245901639,16.830044942404605,1121.0,226,4.1995,4.1995,0.0,300.0,61,0.5109480793925638,-839.0,0.0873738111111111
1377,1.475409836058696e-09,-7.810249675948984,4.1995,4.1992,4.199495081967213,61.00000000045582,1124.0,226,4.1995,4.1995,0.0,300.0,61,0.5105546172154583,-840.0,0.0873065277777778
1378,0.0,0.0,4.1995,4.1995,4.1995,0.0,1132.0,228,4.1995,4.1995,0.0,300.0,61,0.5104260946844839,-841.0,0.08728455
1379,8.114754098322831e-09,-2.765843744567461,4.1995,4.1992,4.199470491803278,5.840391052494162,1126.0,227,4.1995,4.1995,0.0,300.0,61,0.5082930949951212,-842.0,0.0869198
1380,1.2540983606498918e-08,-1.8616039840700187,4.1995,4.1992,4.199450819672131,1.5141472135256129,1120.0,226,4.1995,4.1995,0.0,300.0,61,0.5090652048209894,-843.0,0.0870518333333333
1381,8.114754098322835e-09,-2.765843744567459,4.1995,4.1992,4.199470491803278,5.840391052494157,1126.0,227,4.1995,4.1992,-0.0002999999999993,300.0,61,0.5079722759876967,-844.0,0.0868649388888889
1382,1.9032786885157193e-08,-0.921420901124905,4.1995,4.1992,4.1994114754098355,-1.1911525514437409,1125.0,226,4.1995,4.1995,0.0,300.0,61,0.507245909266887,-845.0,0.0867407277777778
1383,1.8393442622865082e-08,-1.012281957621206,4.1995,4.1992,4.199416393442623,-1.0094950258931754,1124.0,226,4.1992,4.1995,0.0002999999999993,300.0,61,0.5066080398601249,-846.0,0.08663165
1384,1.475409836058696e-09,-7.81024967594898,4.1995,4.1992,4.199495081967213,61.00000000045575,1125.0,226,4.1995,4.1992,-0.0002999999999993,300.0,61,0.5063778298867971,-847.0,0.0865922833333333
1385,1.2540983606498918e-08,-1.8616039840700187,4.1995,4.1992,4.199450819672131,1.5141472135256109,1130.0,227,4.1995,4.1995,0.0,300.0,61,0.5053245039264207,-848.0,0.0864121611111111
1386,6.885245901607251e-09,-3.125213498709689,4.1995,4.1992,4.199475409836066,8.029264423614334,1119.0,225,4.1995,4.1995,0.0,300.0,61,0.5056823917427031,-849.0,0.0864733611111111
1387,1.475409836058696e-09,-7.810249675948984,4.1995,4.1992,4.199495081967213,61.00000000045582,1127.0,227,4.1995,4.1995,0.0,300.0,61,0.5052743099652593,-850.0,0.0864035777777778
1388,1.1508196721257838e-08,-2.038140223743097,4.1995,4.1992,4.199455737704917,2.225943742550985,1121.0,226,4.1992,4.1995,0.0002999999999993,300.0,61,0.5058951231716263,-851.0,0.0865097388888889
1389,1.5344262295010444e-08,-1.436694008359383,4.1995,4.1992,4.199436065573771,0.0651328508141211,1126.0,227,4.1995,4.1995,0.0,300.0,61,0.5057663082486452,-852.0,0.0864877111111111
1390,2.901639344248769e-09,-5.3804968698256745,4.1995,4.1992,4.199490163934426,27.862683137098003,1121.0,226,4.1995,4.1995,0.0,300.0,61,0.5050985173931912,-853.0,0.0863735166666667
1391,1.475409836058696e-09,-7.81024967594898,4.1995,4.1992,4.199495081967213,61.00000000045575,1125.0,226,4.1995,4.1995,0.0,300.0,61,0.5035788911580229,-854.0,0.0861136555555555
1392,1.475409836058696e-09,-7.810249675948979,4.1995,4.1992,4.199495081967213,61.00000000045576,1127.0,227,4.1995,4.1995,0.0,300.0,61,0.5017644363160325,-855.0,0.0858033777777778
1393,5.606557377023046e-09,-3.599125388730193,4.1995,4.1992,4.199480327868852,11.324094866102936,1123.0,226,4.1995,4.1995,0.0,300.0,61,0.5013860810592764,-856.0,0.0857386777777778
1394,2.901639344248769e-09,-5.380496869825674,4.1995,4.1992,4.199490163934426,27.862683137098003,1123.0,226,4.1995,4.1995,0.0,300.0,61,0.5013173689376862,-857.0,0.0857269277777778
1395,6.885245901607251e-09,-3.12521349870969,4.1995,4.1992,4.199475409836066,8.029264423614336,1126.0,227,4.1995,4.1995,0.0,300.0,61,0.5005590665121374,-858.0,0.0855972555555556
1396,1.7704918032704365e-08,-1.1082054477368235,4.1995,4.1992,4.19942131147541,-0.7991915059279457,1119.0,225,4.1992,4.1995,0.0002999999999993,300.0,61,0.5005411006477212,-859.0,0.0855941833333333
1397,2.1836065573668712e-08,-0.44732729678201,4.1995,4.1992,4.199381967213115,-1.862076863536112,1128.0,227,4.1992,4.1995,0.0002999999999993,300.0,61,0.4997033650603343,-860.0,0.0854509277777778
1398,1.9622950819580663e-08,-0.8348624372608512,4.1995,4.1992,4.199406557377049,-1.348329913030249,1124.0,226,4.1992,4.1995,0.0002999999999993,300.0,61,0.4981596977046102,-861.0,0.0851869555555556
1399,5.6065573770230465e-09,-3.5991253887301924,4.1995,4.1992,4.199480327868852,11.32409486610293,1124.0,226,4.1995,4.1995,0.0,300.0,61,0.4977571713752945,-862.0,0.0851181222222222
1400,1.3524590163871385e-08,-1.7051861374494637,4.1995,4.1992,4.1994459016393435,0.9373147016347368,1126.0,227,4.1995,4.1992,-0.0002999999999993,300.0,61,0.4971504254732533,-863.0,0.0850143666666667
1401,9.295081967169788e-09,-2.478794301463355,4.1995,4.1992,4.199465573770492,4.283858877676472,1124.0,226,4.1995,4.1995,0.0,300.0,61,0.4967076140230051,-864.0,0.0849386444444444
1402,2.901639344248769e-09,-5.380496869825674,4.1995,4.1992,4.199490163934426,27.862683137098003,1122.0,226,4.1995,4.1995,0.0,300.0,61,0.4950940324896634,-865.0,0.0846627166666667
1403,9.29508196716979e-09,-2.4787943014633553,4.1995,4.1992,4.199465573770492,4.283858877676471,1122.0,226,4.1995,4.1995,0.0,300.0,61,0.4946465102793065,-866.0,0.0845861888888889
1404,2.901639344248769e-09,-5.3804968698256745,4.1995,4.1992,4.199490163934426,27.862683137098003,1119.0,225,4.1995,4.1995,0.0,300.0,61,0.4929679852324616,-867.0,0.0842991555555556
1405,1.3524590163871392e-08,-1.7051861374731514,4.1995,4.1992,4.199445901639344,0.9373147016904184,1124.0,226,4.1995,4.1995,0.0,300.0,61,0.4923133195293111,-868.0,0.0841872055555556
1406,2.9016393442487692e-09,-5.380496869825677,4.1995,4.1992,4.199490163934426,27.862683137098003,1129.0,227,4.1995,4.1995,0.0,300.0,61,0.4923830062909234,-869.0,0.0841991222222222
1407,5.606557377023048e-09,-3.599125388730193,4.1995,4.1992,4.199480327868852,11.32409486610293,1122.0,226,4.1995,4.1992,-0.0002999999999993,300.0,61,0.4921532511496062,-870.0,0.0841598333333333
1408,5.6065573770230465e-09,-3.5991253887301924,4.1995,4.1992,4.199480327868852,11.32409486610293,1129.0,227,4.1995,4.1995,0.0,300.0,61,0.491139333134142,-871.0,0.08398645
1409,5.606557377023047e-09,-3.599125388730193,4.1995,4.1992,4.199480327868852,11.324094866102936,1119.0,225,4.1995,4.1995,0.0,300.0,61,0.4901244729666559,-872.0,0.0838129055555556
1410,1.2540983606498918e-08,-1.8616039840700187,4.1995,4.1992,4.199450819672131,1.5141472135256109,1127.0,227,4.1995,4.1995,0.0,300.0,61,0.4893397577964956,-873.0,0.0836787166666667
1411,0.0,0.0,4.1995,4.1995,4.1995,0.0,1123.0,226,4.1995,4.1995,0.0,300.0,61,0.487739203951455,-874.0,0.0834050166666667
1412,1.475409836058696e-09,-7.810249675948984,4.1995,4.1992,4.199495081967213,61.00000000045582,1119.0,225,4.1995,4.1995,0.0,300.0,61,0.4876731558459262,-875.0,0.0833937222222222
1413,2.901639344248769e-09,-5.3804968698256745,4.1995,4.1992,4.199490163934426,27.862683137098003,1117.0,225,4.1995,4.1995,0.0,300.0,61,0.4873776125030866,-876.0,0.0833431833333333
1414,4.278688524570219e-09,-4.275398459367966,4.1995,4.1992,4.199485245901639,16.830044942404598,1124.0,226,4.1995,4.1995,0.0,300.0,61,0.4863443641271746,-877.0,0.0831664944444444
1415,1.770491803270436e-08,-1.108205447736824,4.1995,4.1992,4.19942131147541,-0.7991915059279453,1121.0,226,4.1995,4.1992,-0.0002999999999993,300.0,61,0.4859272506855221,-878.0,0.0830951666666667
1416,5.606557377023047e-09,-3.5991253887301924,4.1995,4.1992,4.199480327868852,11.32409486610293,1353.0,272,4.1995,4.1995,0.0,300.0,61,0.5014774698053909,-879.0,0.0857543055555555
1417,2.901639344248769e-09,-5.3804968698256745,4.1995,4.1992,4.199490163934426,27.862683137098003,1254.0,252,4.1995,4.1995,0.0,300.0,61,0.4931670392130676,-880.0,0.0843331944444444
1418,9.295081967169792e-09,-2.478794301463354,4.1995,4.1992,4.199465573770492,4.283858877676466,1222.0,246,4.1995,4.1995,0.0,300.0,61,0.4886614733167985,-881.0,0.0835627277777778
1419,4.278688524570219e-09,-4.275398459367965,4.1995,4.1992,4.199485245901639,16.830044942404598,1205.0,243,4.1995,4.1995,0.0,300.0,61,0.4858624696120227,-882.0,0.0830840888888889
1420,0.0,0.0,4.1995,4.1995,4.1995,0.0,1193.0,240,4.1995,4.1995,0.0,300.0,61,0.4827553497081164,-883.0,0.0825527611111111
1421,1.475409836058696e-09,-7.810249675948984,4.1995,4.1992,4.199495081967213,61.00000000045582,1191.0,240,4.1995,4.1995,0.0,300.0,61,0.4808390124957677,-884.0,0.0822250611111111
1422,4.278688524570219e-09,-4.275398459367965,4.1995,4.1992,4.199485245901639,16.830044942404605,1187.0,239,4.1995,4.1995,0.0,300.0,61,0.479115166687874,-885.0,0.0819302777777778
1423,2.901639344248769e-09,-5.3804968698256745,4.1995,4.1992,4.199490163934426,27.862683137098003,1185.0,239,4.1995,4.1995,0.0,300.0,61,0.4783526083342266,-886.0,0.0817998777777778
1424,0.0,0.0,4.1995,4.1995,4.1995,0.0,1181.0,238,4.1995,4.1995,0.0,300.0,61,0.4776765980145821,-887.0,0.0816842777777778
1425,0.0,0.0,4.1995,4.1995,4.1995,0.0,1177.0,237,4.1995,4.1995,0.0,300.0,61,0.4761154521144535,-888.0,0.0814173166666667
1426,2.90163934424877e-09,-5.380496869825671,4.1995,4.1992,4.199490163934426,27.862683137097996,1173.0,236,4.1995,4.1995,0.0,300.0,61,0.4756262153111315,-889.0,0.0813336555555556
1427,0.0,0.0,4.1995,4.1995,4.1995,0.0,1168.0,235,4.1995,4.1995,0.0,300.0,61,0.4742695813757356,-890.0,0.0811016666666667
1428,4.278688524570219e-09,-4.275398459367966,4.1995,4.1992,4.199485245901639,16.830044942404605,1174.0,236,4.1995,4.1995,0.0,300.0,61,0.4736493204653811,-891.0,0.0809956
1429,6.885245901607251e-09,-3.125213498709689,4.1995,4.1992,4.199475409836066,8.029264423614336,1169.0,235,4.1995,4.1995,0.0,300.0,61,0.4717342827730624,-892.0,0.0806681222222222
1430,4.278688524570219e-09,-4.275398459367965,4.1995,4.1992,4.199485245901639,16.830044942404598,1169.0,235,4.1995,4.1995,0.0,300.0,61,0.4711050876625016,-893.0,0.0805605277777778
1431,0.0,0.0,4.1995,4.1995,4.1995,0.0,1171.0,236,4.1995,4.1995,0.0,300.0,61,0.4704139054465056,-894.0,0.0804423333333333
1432,2.90163934424877e-09,-5.38049686982567,4.1995,4.1992,4.199490163934426,27.862683137097996,1166.0,235,4.1995,4.1995,0.0,300.0,61,0.4690457057828426,-895.0,0.0802083666666667
1433,5.606557377023047e-09,-3.5991253887301924,4.1995,4.1992,4.199480327868852,11.32409486610293,1166.0,235,4.1995,4.1995,0.0,300.0,61,0.4688600693465463,-896.0,0.0801766222222222
1434,1.9032786885157193e-08,-0.921420901124905,4.1995,4.1992,4.1994114754098355,-1.1911525514437409,1164.0,234,4.1992,4.1995,0.0002999999999993,300.0,61,0.4671828763077322,-897.0,0.0798898166666667
1435,5.6065573770230465e-09,-3.5991253887301924,4.1995,4.1992,4.199480327868852,11.32409486610293,1161.0,234,4.1995,4.1992,-0.0002999999999993,300.0,61,0.4673578566797816,-898.0,0.0799197388888889
1436,6.885245901607251e-09,-3.12521349870969,4.1995,4.1992,4.199475409836066,8.029264423614336,1166.0,235,4.1995,4.1995,0.0,300.0,61,0.4660080777125442,-899.0,0.0796889222222222
1437,4.278688524570219e-09,-4.275398459367965,4.1995,4.1992,4.199485245901639,16.830044942404605,1164.0,234,4.1995,4.1995,0.0,300.0,61,0.4650224892337354,-900.0,0.0795203833333333
1438,4.278688524570219e-09,-4.275398459367965,4.1995,4.1992,4.199485245901639,16.830044942404598,1166.0,235,4.1995,4.1995,0.0,300.0,61,0.4637714737887843,-901.0,0.0793064555555556
1439,0.0,0.0,4.1995,4.1995,4.1995,0.0,1157.0,233,4.1995,4.1995,0.0,300.0,61,0.4635244350310669,-902.0,0.0792642111111111
1440,8.114754098322835e-09,-2.765843744567459,4.1995,4.1992,4.199470491803278,5.840391052494157,1166.0,235,4.1995,4.1995,0.0,300.0,61,0.4629244141451813,-903.0,0.0791616055555556
1441,1.475409836058696e-09,-7.810249675948981,4.1995,4.1992,4.199495081967213,61.00000000045575,1163.0,234,4.1995,4.1992,-0.0002999999999993,300.0,61,0.4609393648112426,-904.0,0.0788221555555556
1442,0.0,0.0,4.1995,4.1995,4.1995,0.0,1163.0,234,4.1995,4.1995,0.0,300.0,61,0.4600598496548884,-905.0,0.0786717555555556
1443,0.0,0.0,4.1995,4.1995,4.1995,0.0,1164.0,234,4.1995,4.1995,0.0,300.0,61,0.4586231977736404,-906.0,0.0784260833333333
1444,4.27868852457022e-09,-4.275398459367965,4.1995,4.1992,4.199485245901639,16.830044942404598,1160.0,234,4.1995,4.1995,0.0,300.0,61,0.4586321319738473,-907.0,0.0784276111111111
1445,1.3524590163871388e-08,-1.7051861374731514,4.1995,4.1992,4.199445901639344,0.9373147016904184,1161.0,234,4.1995,4.1995,0.0,300.0,61,0.457623801894512,-908.0,0.0782551833333333
1446,6.885245901607251e-09,-3.12521349870969,4.1995,4.1992,4.199475409836066,8.029264423614336,1152.0,232,4.1995,4.1995,0.0,300.0,61,0.4565192423569501,-909.0,0.0780663
1447,9.295081967169783e-09,-2.478794301491932,4.1995,4.1992,4.1994655737704925,4.283858877774129,1159.0,233,4.1995,4.1992,-0.0002999999999993,300.0,61,0.4557888471240469,-910.0,0.0779414
1448,6.885245901607252e-09,-3.1252134986764855,4.1995,4.1992,4.199475409836065,8.02926442347129,1155.0,233,4.1995,4.1995,0.0,300.0,61,0.4543926752917361,-911.0,0.07770265
1449,0.0,0.0,4.1995,4.1995,4.1995,0.0,1157.0,233,4.1995,4.1995,0.0,300.0,61,0.4538251424066021,-912.0,0.0776056
1450,0.0,0.0,4.1995,4.1995,4.1995,0.0,1154.0,232,4.1995,4.1995,0.0,300.0,61,0.4535165063994594,-913.0,0.0775528222222222
1451,0.0,0.0,4.1995,4.1995,4.1995,0.0,1155.0,232,4.1995,4.1995,0.0,300.0,61,0.4524958633678394,-914.0,0.0773782888888889
1452,0.0,0.0,4.1995,4.1995,4.1995,0.0,1153.0,232,4.1995,4.1995,0.0,300.0,61,0.4519233598185903,-915.0,0.0772803888888889
1453,0.0,0.0,4.1995,4.1995,4.1995,0.0,1158.0,233,4.1995,4.1995,0.0,300.0,61,0.4502492206518469,-916.0,0.0769941055555556
1454,0.0,0.0,4.1995,4.1995,4.1995,0.0,1152.0,232,4.1995,4.1995,0.0,300.0,61,0.4506066861241191,-917.0,0.0770552333333333
1455,0.0,0.0,4.1995,4.1995,4.1995,0.0,1156.0,233,4.1995,4.1995,0.0,300.0,61,0.4495925731806505,-918.0,0.0768818166666667
1456,0.0,0.0,4.1995,4.1995,4.1995,0.0,1153.0,232,4.1995,4.1995,0.0,300.0,61,0.4486778735194819,-919.0,0.0767254
1457,0.0,0.0,4.1995,4.1995,4.1995,0.0,1161.0,234,4.1995,4.1995,0.0,300.0,61,0.4470062684167969,-920.0,0.07643955
1458,0.0,0.0,4.1995,4.1995,4.1995,0.0,1149.0,231,4.1995,4.1995,0.0,300.0,61,0.4461885129498721,-921.0,0.0762997111111111
1459,0.0,0.0,4.1995,4.1995,4.1995,0.0,1149.0,231,4.1995,4.1995,0.0,300.0,61,0.4465553999423628,-922.0,0.07636245
1460,0.0,0.0,4.1995,4.1995,4.1995,0.0,1151.0,232,4.1995,4.1995,0.0,300.0,61,0.444715636947786,-923.0,0.0760478444444444
1461,1.475409836058696e-09,-7.810249675948984,4.1995,4.1992,4.199495081967213,61.00000000045582,1151.0,232,4.1995,4.1995,0.0,300.0,61,0.4443681777797454,-924.0,0.0759884277777778
1462,0.0,0.0,4.1995,4.1995,4.1995,0.0,1152.0,232,4.1995,4.1995,0.0,300.0,61,0.4431350632232079,-925.0,0.0757775611111111
1463,0.0,0.0,4.1995,4.1995,4.1995,0.0,1147.0,231,4.1995,4.1995,0.0,300.0,61,0.4439265358975249,-926.0,0.0759129055555556
1464,0.0,0.0,4.1995,4.1995,4.1995,0.0,1154.0,232,4.1995,4.1995,0.0,300.0,61,0.4428798374893017,-927.0,0.0757339166666667
1465,0.0,0.0,4.1995,4.1995,4.1995,0.0,1147.0,231,4.1995,4.1995,0.0,300.0,61,0.4418460043293762,-928.0,0.0755571277777778
1466,0.0,0.0,4.1995,4.1995,4.1995,0.0,1153.0,232,4.1995,4.1995,0.0,300.0,61,0.4416191406201257,-929.0,0.0755183333333333
1467,1.475409836058696e-09,-7.810249675948984,4.1995,4.1992,4.199495081967213,61.00000000045582,1152.0,232,4.1995,4.1995,0.0,300.0,61,0.4409152555958366,-930.0,0.0753979666666667
1468,0.0,0.0,4.1995,4.1995,4.1995,0.0,1152.0,232,4.1995,4.1995,0.0,300.0,61,0.4400989620889455,-931.0,0.0752583777777778
1469,5.6065573770230465e-09,-3.5991253887301924,4.1995,4.1992,4.199480327868852,11.324094866102929,1150.0,232,4.1995,4.1995,0.0,300.0,61,0.438233143717766,-932.0,0.0749393166666667
1470,2.901639344248769e-09,-5.3804968698256745,4.1995,4.1992,4.199490163934426,27.862683137098003,1148.0,231,4.1995,4.1995,0.0,300.0,61,0.4384983757559038,-933.0,0.0749846722222222
1471,0.0,0.0,4.1995,4.1995,4.1995,0.0,1147.0,231,4.1995,4.1995,0.0,300.0,61,0.437659827968498,-934.0,0.0748412777777778
1472,0.0,0.0,4.1995,4.1995,4.1995,0.0,1148.0,231,4.1995,4.1995,0.0,300.0,61,0.4362072894548828,-935.0,0.0745928888888889
1473,0.0,0.0,4.1995,4.1995,4.1995,0.0,1147.0,231,4.1995,4.1995,0.0,300.0,61,0.4343112572430039,-936.0,0.0742686611111111
1474,0.0,0.0,4.1995,4.1995,4.1995,0.0,1147.0,231,4.1995,4.1995,0.0,300.0,61,0.432717980710132,-937.0,0.0739962055555556
1475,0.0,0.0,4.1995,4.1995,4.1995,0.0,1146.0,231,4.1995,4.1995,0.0,300.0,61,0.4321190969042718,-938.0,0.0738937944444444
1476,0.0,0.0,4.1995,4.1995,4.1995,0.0,1153.0,232,4.1995,4.1995,0.0,300.0,61,0.4312722646766742,-939.0,0.0737489833333333
1477,0.0,0.0,4.1995,4.1995,4.1995,0.0,1146.0,231,4.1995,4.1995,0.0,300.0,61,0.4300406770561727,-940.0,0.0735383777777778
1478,0.0,0.0,4.1995,4.1995,4.1995,0.0,1145.0,230,4.1995,4.1995,0.0,300.0,61,0.4298625453480503,-941.0,0.0735079166666667
1479,0.0,0.0,4.1995,4.1995,4.1995,0.0,1147.0,231,4.1995,4.1995,0.0,300.0,61,0.4279249284952091,-942.0,0.0731765777777778
1480,0.0,0.0,4.1995,4.1995,4.1995,0.0,1148.0,231,4.1995,4.1995,0.0,300.0,61,0.4285105247087613,-943.0,0.0732767166666667
1481,0.0,0.0,4.1995,4.1995,4.1995,0.0,1150.0,231,4.1995,4.1995,0.0,300.0,61,0.4267760228366206,-944.0,0.0729801111111111
1482,0.0,0.0,4.1995,4.1995,4.1995,0.0,1143.0,230,4.1995,4.1995,0.0,300.0,61,0.4263925344757455,-945.0,0.0729145333333333
1483,0.0,0.0,4.1995,4.1995,4.1995,0.0,1145.0,230,4.1995,4.1995,0.0,300.0,61,0.4258738960317429,-946.0,0.0728258444444444
1484,0.0,0.0,4.1995,4.1995,4.1995,0.0,1144.0,230,4.1995,4.1995,0.0,300.0,61,0.4255443377521165,-947.0,0.0727694888888889
1485,0.0,0.0,4.1995,4.1995,4.1995,0.0,1150.0,232,4.1995,4.1995,0.0,300.0,61,0.4245906524900462,-948.0,0.0726064055555556
1486,0.0,0.0,4.1995,4.1995,4.1995,0.0,1149.0,231,4.1995,4.1995,0.0,300.0,61,0.4237494081985775,-949.0,0.07246255
1487,0.0,0.0,4.1995,4.1995,4.1995,0.0,1147.0,231,4.1995,4.1995,0.0,300.0,61,0.4241007659267085,-950.0,0.0725226333333333
1488,0.0,0.0,4.1995,4.1995,4.1995,0.0,1149.0,231,4.1995,4.1995,0.0,300.0,61,0.4228086206728053,-951.0,0.0723016722222222
1489,0.0,0.0,4.1995,4.1995,4.1995,0.0,1153.0,232,4.1995,4.1995,0.0,300.0,61,0.4214079330083902,-952.0,0.07206215
1490,0.0,0.0,4.1995,4.1995,4.1995,0.0,1145.0,231,4.1995,4.1995,0.0,300.0,61,0.4210620982403866,-953.0,0.0720030111111111
1491,0.0,0.0,4.1995,4.1995,4.1995,0.0,1144.0,230,4.1995,4.1995,0.0,300.0,61,0.4200399282727314,-954.0,0.0718282166666667
1492,0.0,0.0,4.1995,4.1995,4.1995,0.0,1143.0,230,4.1995,4.1995,0.0,300.0,61,0.4195039737243281,-955.0,0.0717365666666667
1493,0.0,0.0,4.1995,4.1995,4.1995,0.0,1146.0,231,4.1995,4.1995,0.0,300.0,61,0.4194550792831967,-956.0,0.0717282055555556
1494,0.0,0.0,4.1995,4.1995,4.1995,0.0,1144.0,230,4.1995,4.1995,0.0,300.0,61,0.418080739387391,-957.0,0.0714931888888889
1495,0.0,0.0,4.1995,4.1995,4.1995,0.0,1151.0,232,4.1995,4.1995,0.0,300.0,61,0.4177617397080085,-958.0,0.0714386388888889
1496,0.0,0.0,4.1995,4.1995,4.1995,0.0,1147.0,231,4.1995,4.1995,0.0,300.0,61,0.4165399634637335,-959.0,0.0712297111111111
1497,0.0,0.0,4.1995,4.1995,4.1995,0.0,1150.0,231,4.1995,4.1995,0.0,300.0,61,0.4158105103828522,-960.0,0.0711049722222222
1498,0.0,0.0,4.1995,4.1995,4.1995,0.0,1144.0,230,4.1995,4.1995,0.0,300.0,61,0.4141568711445829,-961.0,0.0708221944444444
1499,0.0,0.0,4.1995,4.1995,4.1995,0.0,1145.0,230,4.1995,4.1995,0.0,300.0,61,0.413579169515214,-962.0,0.0707234055555556
1500,0.0,0.0,4.1995,4.1995,4.1995,0.0,1146.0,231,4.1995,4.1995,0.0,300.0,61,0.4122820535971951,-963.0,0.0705015944444444
1501,0.0,0.0,4.1995,4.1995,4.1995,0.0,1144.0,230,4.1995,4.1995,0.0,300.0,61,0.4119641585098383,-964.0,0.0704472333333333
1502,0.0,0.0,4.1995,4.1995,4.1995,0.0,1150.0,231,4.1995,4.1995,0.0,300.0,61,0.4111896445719145,-965.0,0.0703147888888889
1503,0.0,0.0,4.1995,4.1995,4.1995,0.0,1142.0,230,4.1995,4.1995,0.0,300.0,61,0.4095772001185989,-966.0,0.0700390555555556
1504,0.0,0.0,4.1995,4.1995,4.1995,0.0,1146.0,231,4.1995,4.1995,0.0,300.0,61,0.4096344439759231,-967.0,0.0700488444444444
1505,0.0,0.0,4.1995,4.1995,4.1995,0.0,1146.0,231,4.1995,4.1995,0.0,300.0,61,0.407964300833272,-968.0,0.0697632444444444
1506,0.0,0.0,4.1995,4.1995,4.1995,0.0,1149.0,231,4.1995,4.1995,0.0,300.0,61,0.40712981404596,-969.0,0.0696205444444444
1507,0.0,0.0,4.1995,4.1995,4.1995,0.0,1142.0,230,4.1995,4.1995,0.0,300.0,61,0.4059422801544777,-970.0,0.0694174722222222
1508,0.0,0.0,4.1995,4.1995,4.1995,0.0,1140.0,230,4.1995,4.1995,0.0,300.0,61,0.405230857914014,-971.0,0.0692958166666667
1509,0.0,0.0,4.1995,4.1995,4.1995,0.0,1142.0,230,4.1995,4.1995,0.0,300.0,61,0.4049750473960936,-972.0,0.0692520722222222
1510,0.0,0.0,4.1995,4.1995,4.1995,0.0,1141.0,230,4.1995,4.1995,0.0,300.0,61,0.4035299811226513,-973.0,0.0690049611111111
1511,0.0,0.0,4.1995,4.1995,4.1995,0.0,1149.0,231,4.1995,4.1995,0.0,300.0,61,0.4027266503280605,-974.0,0.0688675888888889
1512,0.0,0.0,4.1995,4.1995,4.1995,0.0,1142.0,230,4.1995,4.1995,0.0,300.0,61,0.4012100454769623,-975.0,0.0686082444444444
1513,0.0,0.0,4.1995,4.1995,4.1995,0.0,1138.0,229,4.1995,4.1995,0.0,300.0,61,0.400455609123503,-976.0,0.0684792333333333
1514,0.0,0.0,4.1995,4.1995,4.1995,0.0,1139.0,229,4.1995,4.1995,0.0,300.0,61,0.3998681935819087,-977.0,0.0683787833333333
1515,0.0,0.0,4.1995,4.1995,4.1995,0.0,1139.0,229,4.1995,4.1995,0.0,300.0,61,0.3984672785014882,-978.0,0.0681392222222222
1516,0.0,0.0,4.1995,4.1995,4.1995,0.0,1142.0,230,4.1995,4.1995,0.0,300.0,61,0.3972593746335348,-979.0,0.0679326666666667
1517,0.0,0.0,4.1995,4.1995,4.1995,0.0,1138.0,229,4.1995,4.1995,0.0,300.0,61,0.396034187149181,-980.0,0.0677231555555556
1518,0.0,0.0,4.1995,4.1995,4.1995,0.0,1137.0,229,4.1995,4.1995,0.0,300.0,61,0.3956402376520639,-981.0,0.0676557888888889
1519,0.0,0.0,4.1995,4.1995,4.1995,0.0,1142.0,230,4.1995,4.1995,0.0,300.0,61,0.3940032647581803,-982.0,0.0673758611111111
1520,0.0,0.0,4.1995,4.1995,4.1995,0.0,1139.0,229,4.1995,4.1995,0.0,300.0,61,0.3923132064710681,-983.0,0.0670868555555555
1521,0.0,0.0,4.1995,4.1995,4.1995,0.0,1135.0,229,4.1995,4.1995,0.0,300.0,61,0.39015749766918,-984.0,0.0667182222222222
1522,0.0,0.0,4.1995,4.1995,4.1995,0.0,1132.0,228,4.1995,4.1995,0.0,300.0,61,0.3898306683816163,-985.0,0.0666623333333333
1523,0.0,0.0,4.1995,4.1995,4.1995,0.0,1133.0,228,4.1995,4.1995,0.0,300.0,61,0.3893499434344915,-986.0,0.0665801277777778
1524,0.0,0.0,4.1995,4.1995,4.1995,0.0,1130.0,227,4.1995,4.1995,0.0,300.0,61,0.3888095380299853,-987.0,0.0664877166666667
1525,0.0,0.0,4.1995,4.1995,4.1995,0.0,1131.0,228,4.1995,4.1995,0.0,300.0,61,0.3882491849930169,-988.0,0.0663918944444444
1526,0.0,0.0,4.1995,4.1995,4.1995,0.0,1133.0,228,4.1995,4.1995,0.0,300.0,61,0.3871362760392616,-989.0,0.0662015833333333
1527,0.0,0.0,4.1995,4.1995,4.1995,0.0,1127.0,227,4.1995,4.1995,0.0,300.0,61,0.387239782809657,-990.0,0.0662192833333333
1528,0.0,0.0,4.1995,4.1995,4.1995,0.0,1127.0,227,4.1995,4.1995,0.0,300.0,61,0.3863220617644189,-991.0,0.06606235
1529,0.0,0.0,4.1995,4.1995,4.1995,0.0,1130.0,227,4.1995,4.1995,0.0,300.0,61,0.3859996183569568,-992.0,0.0660072111111111
1530,0.0,0.0,4.1995,4.1995,4.1995,0.0,1126.0,227,4.1995,4.1995,0.0,300.0,61,0.3856672011332641,-993.0,0.0659503666666667
1531,0.0,0.0,4.1995,4.1995,4.1995,0.0,1129.0,227,4.1995,4.1995,0.0,300.0,61,0.3835846228210681,-994.0,0.0655942388888889
1533,0.0,0.0,4.1995,4.1995,4.1995,0.0,1119.0,225,4.1995,4.1995,0.0,300.0,61,0.3832383007330535,-996.0,0.0655350166666667
1534,0.0,0.0,4.1995,4.1995,4.1995,0.0,1120.0,225,4.1995,4.1995,0.0,300.0,61,0.3832605550135682,-997.0,0.0655388222222222
1535,0.0,0.0,4.1995,4.1995,4.1995,0.0,1124.0,226,4.1995,4.1995,0.0,300.0,61,0.382571029685611,-998.0,0.0654209111111111
1536,0.0,0.0,4.1995,4.1995,4.1995,0.0,1127.0,227,4.1995,4.1995,0.0,300.0,61,0.3815671504623786,-999.0,0.0652492444444444
1537,0.0,0.0,4.1995,4.1995,4.1995,0.0,1126.0,227,4.1995,4.1995,0.0,300.0,61,0.3813542890814525,-1000.0,0.0652128444444444
1538,0.0,0.0,4.1995,4.1995,4.1995,0.0,1119.0,225,4.1995,4.1995,0.0,300.0,61,0.3800954115403192,-1001.0,0.0649975722222222
1539,0.0,0.0,4.1995,4.1995,4.1995,0.0,1124.0,226,4.1995,4.1995,0.0,300.0,61,0.3803740611227678,-1002.0,0.0650452222222222
1540,1.475409836058696e-09,-7.810249675948984,4.1995,4.1992,4.199495081967213,61.00000000045582,1119.0,225,4.1995,4.1995,0.0,300.0,61,0.3788260728629437,-1003.0,0.0647805111111111
1541,0.0,0.0,4.1995,4.1995,4.1995,0.0,1118.0,225,4.1995,4.1995,0.0,300.0,61,0.3793896422119859,-1004.0,0.0648768833333333
1542,0.0,0.0,4.1995,4.1995,4.1995,0.0,1125.0,226,4.1995,4.1995,0.0,300.0,61,0.3780070828519903,-1005.0,0.0646404611111111
1543,1.475409836058696e-09,-7.810249675948979,4.1995,4.1992,4.199495081967213,61.00000000045576,1120.0,225,4.1995,4.1995,0.0,300.0,61,0.3788696717599529,-1006.0,0.0647879666666667
1544,0.0,0.0,4.1995,4.1995,4.1995,0.0,1125.0,226,4.1995,4.1995,0.0,300.0,61,0.3785928090175453,-1007.0,0.0647406222222222
1545,0.0,0.0,4.1995,4.1995,4.1995,0.0,1124.0,226,4.1995,4.1995,0.0,300.0,61,0.3766943402056105,-1008.0,0.0644159777777778
1546,0.0,0.0,4.1995,4.1995,4.1995,0.0,1124.0,226,4.1995,4.1995,0.0,300.0,61,0.3764030852788699,-1009.0,0.0643661722222222
1547,0.0,0.0,4.1995,4.1995,4.1995,0.0,1120.0,225,4.1995,4.1995,0.0,300.0,61,0.3749527559493059,-1010.0,0.0641181611111111
1548,0.0,0.0,4.1995,4.1995,4.1995,0.0,1121.0,226,4.1995,4.1995,0.0,300.0,61,0.3752656153965462,-1011.0,0.0641716611111111
1549,0.0,0.0,4.1995,4.1995,4.1995,0.0,1118.0,225,4.1995,4.1995,0.0,300.0,61,0.3758525761061297,-1012.0,0.0642720333333333
1550,0.0,0.0,4.1995,4.1995,4.1995,0.0,1124.0,226,4.1995,4.1995,0.0,300.0,61,0.3756365958771316,-1013.0,0.0642351
1551,0.0,0.0,4.1995,4.1995,4.1995,0.0,1122.0,226,4.1995,4.1995,0.0,300.0,61,0.3741514718987623,-1014.0,0.0639811388888889
1552,0.0,0.0,4.1995,4.1995,4.1995,0.0,1124.0,226,4.1995,4.1995,0.0,300.0,61,0.3740826298251693,-1015.0,0.0639693666666667
1553,0.0,0.0,4.1995,4.1995,4.1995,0.0,1117.0,225,4.1995,4.1995,0.0,300.0,61,0.3739929629430938,-1016.0,0.0639540333333333
1554,1.475409836058696e-09,-7.81024967594898,4.1995,4.1992,4.199495081967213,61.00000000045575,1116.0,225,4.1995,4.1995,0.0,300.0,61,0.3731611076838427,-1017.0,0.0638117833333333
1555,0.0,0.0,4.1995,4.1995,4.1995,0.0,1113.0,224,4.1995,4.1995,0.0,300.0,61,0.3739113530852055,-1018.0,0.0639400777777778
1556,0.0,0.0,4.1995,4.1995,4.1995,0.0,1119.0,225,4.1995,4.1995,0.0,300.0,61,0.3735707488853228,-1019.0,0.0638818333333333
1557,0.0,0.0,4.1995,4.1995,4.1995,0.0,1118.0,225,4.1995,4.1995,0.0,300.0,61,0.3738970258768739,-1020.0,0.0639376277777778
1558,0.0,0.0,4.1995,4.1995,4.1995,0.0,1124.0,226,4.1995,4.1995,0.0,300.0,61,0.372986549655803,-1021.0,0.0637819333333333
1559,0.0,0.0,4.1995,4.1995,4.1995,0.0,1116.0,225,4.1995,4.1995,0.0,300.0,61,0.3720323445857205,-1022.0,0.0636187611111111
1560,0.0,0.0,4.1995,4.1995,4.1995,0.0,1113.0,224,4.1995,4.1995,0.0,300.0,61,0.372569306262147,-1023.0,0.0637105833333333
1561,1.475409836058696e-09,-7.810249675948983,4.1995,4.1992,4.199495081967213,61.00000000045575,1113.0,224,4.1995,4.1995,0.0,300.0,61,0.3714257611236826,-1024.0,0.0635150333333333
1562,5.606557377023047e-09,-3.5991253887301924,4.1995,4.1992,4.199480327868852,11.324094866102936,1115.0,224,4.1995,4.1995,0.0,300.0,61,0.3718076900605213,-1025.0,0.0635803444444444
1563,1.475409836058696e-09,-7.810249675948984,4.1995,4.1992,4.199495081967213,61.00000000045582,1121.0,226,4.1995,4.1995,0.0,300.0,61,0.3709889924415746,-1026.0,0.0634403444444444
1564,2.901639344248769e-09,-5.3804968698256745,4.1995,4.1992,4.199490163934426,27.862683137098003,1115.0,224,4.1995,4.1995,0.0,300.0,61,0.3707383475157742,-1027.0,0.0633974833333333
1565,1.475409836058696e-09,-7.810249675948984,4.1995,4.1992,4.199495081967213,61.00000000045582,1113.0,224,4.1995,4.1995,0.0,300.0,61,0.370198624359284,-1028.0,0.0633051888888889
1566,1.475409836058696e-09,-7.810249675948984,4.1995,4.1992,4.199495081967213,61.00000000045582,1114.0,224,4.1995,4.1995,0.0,300.0,61,0.3681435308957241,-1029.0,0.0629537611111111
1567,1.475409836058696e-09,-7.810249675948985,4.1995,4.1992,4.199495081967213,61.00000000045582,1113.0,224,4.1995,4.1995,0.0,300.0,61,0.3691401003187873,-1030.0,0.0631241777777778
1568,1.475409836058696e-09,-7.810249675948984,4.1995,4.1992,4.199495081967213,61.00000000045582,1115.0,225,4.1995,4.1995,0.0,300.0,61,0.3678745627374997,-1031.0,0.0629077666666667
1569,0.0,0.0,4.1995,4.1995,4.1995,0.0,1112.0,224,4.1995,4.1995,0.0,300.0,61,0.3683639944688262,-1032.0,0.0629914611111111
1570,0.0,0.0,4.1995,4.1995,4.1995,0.0,1112.0,224,4.1995,4.1995,0.0,300.0,61,0.3685327046567305,-1033.0,0.0630203111111111
1571,0.0,0.0,4.1995,4.1995,4.1995,0.0,1111.0,224,4.1995,4.1995,0.0,300.0,61,0.3660330778788834,-1034.0,0.0625928666666667
1572,0.0,0.0,4.1995,4.1995,4.1995,0.0,1108.0,223,4.1995,4.1995,0.0,300.0,61,0.3659136195001187,-1035.0,0.0625724388888889
1573,1.3524590163871392e-08,-1.7051861374731514,4.1995,4.1992,4.199445901639344,0.9373147016904192,1111.0,224,4.1995,4.1995,0.0,300.0,61,0.3651760444190493,-1036.0,0.0624463111111111
1574,1.475409836058696e-09,-7.810249675948984,4.1995,4.1992,4.199495081967213,61.00000000045582,1107.0,223,4.1995,4.1995,0.0,300.0,61,0.3664272223040048,-1037.0,0.0626602666666667
1575,1.475409836058696e-09,-7.810249675948984,4.1995,4.1992,4.199495081967213,61.00000000045582,1114.0,224,4.1995,4.1995,0.0,300.0,61,0.3646630588871777,-1038.0,0.0623585888888889
1576,0.0,0.0,4.1995,4.1995,4.1995,0.0,1105.0,223,4.1995,4.1995,0.0,300.0,61,0.3638415348121659,-1039.0,0.0622181055555556
1577,0.0,0.0,4.1995,4.1995,4.1995,0.0,1109.0,223,4.1995,4.1995,0.0,300.0,61,0.3642631315979224,-1040.0,0.0622902
1578,0.0,0.0,4.1995,4.1995,4.1995,0.0,1112.0,224,4.1995,4.1995,0.0,300.0,61,0.3639264584461311,-1041.0,0.0622326277777778
1579,0.0,0.0,4.1995,4.1995,4.1995,0.0,1460.0,294,4.1995,4.1995,0.0,300.0,61,0.3586405632598025,-1042.0,0.0613287222222222
1580,0.0,0.0,4.1995,4.1995,4.1995,0.0,1295.0,261,4.1995,4.1995,0.0,300.0,61,0.3501308512708673,-1043.0,0.0598735333333333
1581,0.0,0.0,4.1995,4.1995,4.1995,0.0,1249.0,251,4.1995,4.1995,0.0,300.0,61,0.3481939166660421,-1044.0,0.0595423111111111
1582,0.0,0.0,4.1995,4.1995,4.1995,0.0,1231.0,248,4.1995,4.1995,0.0,300.0,61,0.3403724304850342,-1045.0,0.0582048111111111
1583,0.0,0.0,4.1995,4.1995,4.1995,0.0,1213.0,244,4.1995,4.1995,0.0,300.0,61,0.3363675371683514,-1046.0,0.0575199611111111
1584,0.0,0.0,4.1995,4.1995,4.1995,0.0,1196.0,241,4.1995,4.1995,0.0,300.0,61,0.3426036738886706,-1047.0,0.0585863611111111
1585,0.0,0.0,4.1995,4.1995,4.1995,0.0,1196.0,241,4.1995,4.1995,0.0,300.0,61,0.3443704688335585,-1048.0,0.0588884888888889
1586,2.9016393442487692e-09,-5.380496869825675,4.1995,4.1992,4.199490163934426,27.862683137098003,1184.0,238,4.1995,4.1995,0.0,300.0,61,0.3479210824357284,-1049.0,0.0594956555555556
1587,0.0,0.0,4.1995,4.1995,4.1995,0.0,1185.0,239,4.1995,4.1995,0.0,300.0,61,0.3505318506641479,-1050.0,0.0599421055555556
1588,0.0,0.0,4.1995,4.1995,4.1995,0.0,1176.0,237,4.1995,4.1995,0.0,300.0,61,0.3519157420321744,-1051.0,0.0601787555555556
1589,0.0,0.0,4.1995,4.1995,4.1995,0.0,1184.0,238,4.1995,4.1995,0.0,300.0,61,0.352291530736871,-1052.0,0.0602430166666667
1590,0.0,0.0,4.1995,4.1995,4.1995,0.0,1183.0,238,4.1995,4.1995,0.0,300.0,61,0.3537889676675249,-1053.0,0.0604990833333333
1591,0.0,0.0,4.1995,4.1995,4.1995,0.0,1172.0,236,4.1995,4.1995,0.0,300.0,61,0.3537610604748792,-1054.0,0.0604943111111111
1592,0.0,0.0,4.1995,4.1995,4.1995,0.0,1172.0,236,4.1995,4.1995,0.0,300.0,61,0.3540255452890001,-1055.0,0.0605395388888889
1593,0.0,0.0,4.1995,4.1995,4.1995,0.0,1168.0,235,4.1995,4.1995,0.0,300.0,61,0.3527552969476034,-1056.0,0.0603223222222222
1594,0.0,0.0,4.1995,4.1995,4.1995,0.0,1168.0,235,4.1995,4.1995,0.0,300.0,61,0.3531392726284894,-1057.0,0.0603879833333333
1595,0.0,0.0,4.1995,4.1995,4.1995,0.0,1165.0,234,4.1995,4.1995,0.0,300.0,61,0.3526776181378059,-1058.0,0.0603090388888889
1596,0.0,0.0,4.1995,4.1995,4.1995,0.0,1164.0,234,4.1995,4.1995,0.0,300.0,61,0.3537219124339735,-1059.0,0.0604876166666667
1597,0.0,0.0,4.1995,4.1995,4.1995,0.0,1171.0,236,4.1995,4.1995,0.0,300.0,61,0.3528120859729175,-1060.0,0.0603320333333333
1598,0.0,0.0,4.1995,4.1995,4.1995,0.0,1167.0,235,4.1995,4.1995,0.0,300.0,61,0.352490747157481,-1061.0,0.0602770833333333
1599,0.0,0.0,4.1995,4.1995,4.1995,0.0,1164.0,234,4.1995,4.1995,0.0,300.0,61,0.3512116945678807,-1062.0,0.0600583611111111
1600,0.0,0.0,4.1995,4.1995,4.1995,0.0,1163.0,234,4.1995,4.1995,0.0,300.0,61,0.3512193942240592,-1063.0,0.0600596777777778
1601,0.0,0.0,4.1995,4.1995,4.1995,0.0,1158.0,233,4.1995,4.1995,0.0,300.0,61,0.3510004250989914,-1064.0,0.0600222333333333
1602,0.0,0.0,4.1995,4.1995,4.1995,0.0,1159.0,233,4.1995,4.1995,0.0,300.0,61,0.3524490650525168,-1065.0,0.0602699555555556
1603,0.0,0.0,4.1995,4.1995,4.1995,0.0,1160.0,233,4.1995,4.1995,0.0,300.0,61,0.3525199213821562,-1066.0,0.0602820722222222
1604,0.0,0.0,4.1995,4.1995,4.1995,0.0,1165.0,234,4.1995,4.1995,0.0,300.0,61,0.3525184919101234,-1067.0,0.0602818277777778
1605,0.0,0.0,4.1995,4.1995,4.1995,0.0,1161.0,234,4.1995,4.1995,0.0,300.0,61,0.3511507795664708,-1068.0,0.0600479444444444
1606,0.0,0.0,4.1995,4.1995,4.1995,0.0,1165.0,234,4.1995,4.1995,0.0,300.0,61,0.3512470090246981,-1069.0,0.0600644
1607,0.0,0.0,4.1995,4.1995,4.1995,0.0,1154.0,232,4.1995,4.1995,0.0,300.0,61,0.3513952517721287,-1070.0,0.06008975
1608,0.0,0.0,4.1995,4.1995,4.1995,0.0,1153.0,232,4.1995,4.1995,0.0,300.0,61,0.3505011170154364,-1071.0,0.05993685
1609,0.0,0.0,4.1995,4.1995,4.1995,0.0,1152.0,232,4.1995,4.1995,0.0,300.0,61,0.3518081742616847,-1072.0,0.0601603611111111
1610,0.0,0.0,4.1995,4.1995,4.1995,0.0,1161.0,234,4.1995,4.1995,0.0,300.0,61,0.3507731715337322,-1073.0,0.0599833722222222
1611,0.0,0.0,4.1995,4.1995,4.1995,0.0,1155.0,233,4.1995,4.1995,0.0,300.0,61,0.3495545791135312,-1074.0,0.0597749888888889
1612,0.0,0.0,4.1995,4.1995,4.1995,0.0,1160.0,233,4.1995,4.1995,0.0,300.0,61,0.3491435734160198,-1075.0,0.0597047055555556
1613,0.0,0.0,4.1995,4.1995,4.1995,0.0,1154.0,232,4.1995,4.1995,0.0,300.0,61,0.3479121157475205,-1076.0,0.0594941222222222
1614,0.0,0.0,4.1995,4.1995,4.1995,0.0,1150.0,232,4.1995,4.1995,0.0,300.0,61,0.3467015478635052,-1077.0,0.0592871111111111
1615,0.0,0.0,4.1995,4.1995,4.1995,0.0,1155.0,232,4.1995,4.1995,0.0,300.0,61,0.3468911803238938,-1078.0,0.0593195388888889
1616,0.0,0.0,4.1995,4.1995,4.1995,0.0,1149.0,231,4.1995,4.1995,0.0,300.0,61,0.346014524111606,-1079.0,0.0591696277777778
1617,0.0,0.0,4.1995,4.1995,4.1995,0.0,1155.0,233,4.1995,4.1995,0.0,300.0,61,0.3456586180633695,-1080.0,0.0591087666666667
1618,0.0,0.0,4.1995,4.1995,4.1995,0.0,1153.0,232,4.1995,4.1995,0.0,300.0,61,0.34469245740901,-1081.0,0.05894355
1619,0.0,0.0,4.1995,4.1995,4.1995,0.0,1150.0,232,4.1995,4.1995,0.0,300.0,61,0.3430280971304928,-1082.0,0.0586589388888889
1620,0.0,0.0,4.1995,4.1995,4.1995,0.0,1148.0,231,4.1995,4.1995,0.0,300.0,61,0.3434379007719768,-1083.0,0.0587290166666667
1621,0.0,0.0,4.1995,4.1995,4.1995,0.0,1152.0,232,4.1995,4.1995,0.0,300.0,61,0.3417102538679945,-1084.0,0.0584335833333333
1622,0.0,0.0,4.1995,4.1995,4.1995,0.0,1141.0,230,4.1995,4.1995,0.0,300.0,61,0.3412064949283366,-1085.0,0.0583474388888889
1623,0.0,0.0,4.1995,4.1995,4.1995,0.0,1151.0,232,4.1995,4.1995,0.0,300.0,61,0.3400058358845503,-1086.0,0.0581421222222222
1624,0.0,0.0,4.1995,4.1995,4.1995,0.0,1145.0,231,4.1995,4.1995,0.0,300.0,61,0.3397449572385129,-1087.0,0.0580975111111111
1625,0.0,0.0,4.1995,4.1995,4.1995,0.0,1145.0,231,4.1995,4.1995,0.0,300.0,61,0.3395642589783312,-1088.0,0.0580666111111111
1626,0.0,0.0,4.1995,4.1995,4.1995,0.0,1145.0,231,4.1995,4.1995,0.0,300.0,61,0.3390048156053841,-1089.0,0.0579709444444444
1627,0.0,0.0,4.1995,4.1995,4.1995,0.0,1142.0,230,4.1995,4.1995,0.0,300.0,61,0.3391963323698163,-1090.0,0.0580036944444444
1628,0.0,0.0,4.1995,4.1995,4.1995,0.0,1147.0,231,4.1995,4.1995,0.0,300.0,61,0.3394176081429372,-1091.0,0.0580415333333333
1629,0.0,0.0,4.1995,4.1995,4.1995,0.0,1140.0,229,4.1995,4.1995,0.0,300.0,61,0.3375848950445238,-1092.0,0.0577281333333333
1630,0.0,0.0,4.1995,4.1995,4.1995,0.0,1136.0,229,4.1995,4.1995,0.0,300.0,61,0.3374434747772512,-1093.0,0.05770395
1631,0.0,0.0,4.1995,4.1995,4.1995,0.0,1133.0,228,4.1995,4.1995,0.0,300.0,61,0.3366235426142761,-1094.0,0.0575637388888889
1632,0.0,0.0,4.1995,4.1995,4.1995,0.0,1132.0,228,4.1995,4.1995,0.0,300.0,61,0.3361589966915253,-1095.0,0.0574843
1633,0.0,0.0,4.1995,4.1995,4.1995,0.0,1137.0,229,4.1995,4.1995,0.0,300.0,61,0.3363887843208429,-1096.0,0.0575235944444444
1634,0.0,0.0,4.1995,4.1995,4.1995,0.0,1136.0,229,4.1995,4.1995,0.0,300.0,61,0.3350402398976347,-1097.0,0.0572929888888889
1635,0.0,0.0,4.1995,4.1995,4.1995,0.0,1137.0,229,4.1995,4.1995,0.0,300.0,61,0.3339435424562544,-1098.0,0.05710545
1636,0.0,0.0,4.1995,4.1995,4.1995,0.0,1137.0,229,4.1995,4.1995,0.0,300.0,61,0.3334252288922595,-1099.0,0.0570168166666667
1637,0.0,0.0,4.1995,4.1995,4.1995,0.0,1136.0,229,4.1995,4.1995,0.0,300.0,61,0.3321377619104645,-1100.0,0.0567966555555556
1638,0.0,0.0,4.1995,4.1995,4.1995,0.0,1132.0,228,4.1995,4.1995,0.0,300.0,61,0.3318111600389062,-1101.0,0.0567408055555556
1639,0.0,0.0,4.1995,4.1995,4.1995,0.0,1135.0,229,4.1995,4.1995,0.0,300.0,61,0.3315058053198393,-1102.0,0.0566885888888889
1640,0.0,0.0,4.1995,4.1995,4.1995,0.0,1136.0,229,4.1995,4.1995,0.0,300.0,61,0.3315668502732521,-1103.0,0.0566990277777778
1641,0.0,0.0,4.1995,4.1995,4.1995,0.0,1139.0,229,4.1995,4.1995,0.0,300.0,61,0.3303387388688307,-1104.0,0.0564890166666667
1642,0.0,0.0,4.1995,4.1995,4.1995,0.0,1141.0,230,4.1995,4.1995,0.0,300.0,61,0.3292791102363084,-1105.0,0.0563078166666667
1643,0.0,0.0,4.1995,4.1995,4.1995,0.0,1131.0,228,4.1995,4.1995,0.0,300.0,61,0.3278560708273756,-1106.0,0.0560644722222222
1644,0.0,0.0,4.1995,4.1995,4.1995,0.0,1137.0,229,4.1995,4.1995,0.0,300.0,61,0.3269197341577068,-1107.0,0.0559043555555556
1645,0.0,0.0,4.1995,4.1995,4.1995,0.0,1131.0,228,4.1995,4.1995,0.0,300.0,61,0.3262273498856834,-1108.0,0.0557859555555556
1646,0.0,0.0,4.1995,4.1995,4.1995,0.0,1138.0,229,4.1995,4.1995,0.0,300.0,61,0.3256149835595116,-1109.0,0.0556812388888889
1647,0.0,0.0,4.1995,4.1995,4.1995,0.0,1144.0,230,4.1995,4.1995,0.0,300.0,61,0.3236030016729492,-1110.0,0.0553371833333333
1648,0.0,0.0,4.1995,4.1995,4.1995,0.0,1160.0,233,4.1995,4.1995,0.0,300.0,61,0.3277630251932223,-1111.0,0.0560485611111111
1649,0.0,0.0,4.1995,4.1995,4.1995,0.0,1122.0,226,4.1995,4.1995,0.0,300.0,61,0.3325991564971423,-1112.0,0.0568755555555556
1650,0.0,0.0,4.1995,4.1995,4.1995,0.0,1126.0,227,4.1995,4.1995,0.0,300.0,61,0.3329528208733265,-1113.0,0.0569360333333333
1651,0.0,0.0,4.1995,4.1995,4.1995,0.0,1125.0,227,4.1995,4.1995,0.0,300.0,61,0.3311106862546952,-1114.0,0.0566210222222222
1652,0.0,0.0,4.1995,4.1995,4.1995,0.0,1119.0,225,4.1995,4.1995,0.0,300.0,61,0.3302544649948805,-1115.0,0.0564746055555556
1653,0.0,0.0,4.1995,4.1995,4.1995,0.0,1115.0,225,4.1995,4.1995,0.0,300.0,61,0.3296298182044245,-1116.0,0.0563677888888889
1654,0.0,0.0,4.1995,4.1995,4.1995,0.0,1108.0,223,4.1995,4.1995,0.0,300.0,61,0.3285681428278548,-1117.0,0.0561862388888889
1655,0.0,0.0,4.1995,4.1995,4.1995,0.0,1113.0,224,4.1995,4.1995,0.0,300.0,61,0.327950838325569,-1118.0,0.0560806777777778
1656,0.0,0.0,4.1995,4.1995,4.1995,0.0,1111.0,224,4.1995,4.1995,0.0,300.0,61,0.3269893559433178,-1119.0,0.0559162611111111
1657,0.0,0.0,4.1995,4.1995,4.1995,0.0,1109.0,223,4.1995,4.1995,0.0,300.0,61,0.325732915002241,-1120.0,0.0557014055555556
1658,0.0,0.0,4.1995,4.1995,4.1995,0.0,1107.0,223,4.1995,4.1995,0.0,300.0,61,0.3247176324907448,-1121.0,0.0555277888888889
1659,0.0,0.0,4.1995,4.1995,4.1995,0.0,1102.0,222,4.1995,4.1995,0.0,300.0,61,0.3236048210009913,-1122.0,0.0553374944444444
1660,0.0,0.0,4.1995,4.1995,4.1995,0.0,1106.0,223,4.1995,4.1995,0.0,300.0,61,0.322344124131816,-1123.0,0.0551219111111111
1661,0.0,0.0,4.1995,4.1995,4.1995,0.0,1104.0,222,4.1995,4.1995,0.0,300.0,61,0.321976230011302,-1124.0,0.055059
1662,0.0,0.0,4.1995,4.1995,4.1995,0.0,1099.0,221,4.1995,4.1995,0.0,300.0,61,0.3195229636105274,-1125.0,0.0546394833333333
1663,0.0,0.0,4.1995,4.1995,4.1995,0.0,1092.0,220,4.1995,4.1995,0.0,300.0,61,0.319242852068045,-1126.0,0.0545915833333333
1664,0.0,0.0,4.1995,4.1995,4.1995,0.0,1094.0,220,4.1995,4.1995,0.0,300.0,61,0.3178886222447052,-1127.0,0.0543600055555556
1665,0.0,0.0,4.1995,4.1995,4.1995,0.0,1093.0,220,4.1995,4.1995,0.0,300.0,61,0.3177642906658274,-1128.0,0.0543387444444444
1666,0.0,0.0,4.1995,4.1995,4.1995,0.0,1094.0,220,4.1995,4.1995,0.0,300.0,61,0.3176874890320503,-1129.0,0.0543256111111111
1667,0.0,0.0,4.1995,4.1995,4.1995,0.0,1101.0,222,4.1995,4.1995,0.0,300.0,61,0.3159404792796205,-1130.0,0.0540268666666667
1668,0.0,0.0,4.1995,4.1995,4.1995,0.0,1092.0,220,4.1995,4.1995,0.0,300.0,61,0.3153340257695854,-1131.0,0.0539231611111111
1669,0.0,0.0,4.1995,4.1995,4.1995,0.0,1100.0,221,4.1995,4.1995,0.0,300.0,61,0.3149047293276506,-1132.0,0.05384975
1670,0.0,0.0,4.1995,4.1995,4.1995,0.0,1090.0,219,4.1995,4.1995,0.0,300.0,61,0.3145427155352724,-1133.0,0.0537878444444444
1671,0.0,0.0,4.1995,4.1995,4.1995,0.0,1093.0,220,4.1995,4.1995,0.0,300.0,61,0.3145956060004968,-1134.0,0.0537968888888889
1672,1.475409836058696e-09,-7.810249675948984,4.1995,4.1992,4.199495081967213,61.00000000045582,1089.0,219,4.1995,4.1995,0.0,300.0,61,0.3137038428678589,-1135.0,0.0536443944444444
1673,0.0,0.0,4.1995,4.1995,4.1995,0.0,1084.0,218,4.1995,4.1995,0.0,300.0,61,0.3136976376597154,-1136.0,0.0536433333333333
1674,0.0,0.0,4.1995,4.1995,4.1995,0.0,1083.0,218,4.1995,4.1995,0.0,300.0,61,0.3138953596322911,-1137.0,0.0536771444444444
1675,0.0,0.0,4.1995,4.1995,4.1995,0.0,1079.0,217,4.1995,4.1995,0.0,300.0,61,0.3121935082009063,-1138.0,0.0533861222222222
1676,0.0,0.0,4.1995,4.1995,4.1995,0.0,1077.0,217,4.1995,4.1995,0.0,300.0,61,0.3117293846221657,-1139.0,0.0533067555555556
1677,0.0,0.0,4.1995,4.1995,4.1995,0.0,1086.0,219,4.1995,4.1995,0.0,300.0,61,0.3116751946369114,-1140.0,0.0532974888888889
1678,0.0,0.0,4.1995,4.1995,4.1995,0.0,1086.0,219,4.1995,4.1995,0.0,300.0,61,0.309658404526238,-1141.0,0.0529526111111111
1679,0.0,0.0,4.1995,4.1995,4.1995,0.0,1080.0,217,4.1995,4.1995,0.0,300.0,61,0.30941779839267,-1142.0,0.0529114666666667
1680,1.475409836058696e-09,-7.810249675948984,4.1995,4.1992,4.199495081967213,61.00000000045582,1083.0,218,4.1995,4.1995,0.0,300.0,61,0.308533767404211,-1143.0,0.0527602944444444
1681,0.0,0.0,4.1995,4.1995,4.1995,0.0,1076.0,217,4.1995,4.1995,0.0,300.0,61,0.3070954586349254,-1144.0,0.0525143388888889
1682,0.0,0.0,4.1995,4.1995,4.1995,0.0,1077.0,217,4.1995,4.1995,0.0,300.0,61,0.3066134341677701,-1145.0,0.0524319111111111
1683,1.0426229508148128e-08,-2.240877502749857,4.1995,4.1992,4.199460655737705,3.122884112848616,1072.0,216,4.1995,4.1995,0.0,300.0,61,0.3051451064857894,-1146.0,0.0521808222222222
1684,0.0,0.0,4.1995,4.1995,4.1995,0.0,1072.0,216,4.1995,4.1995,0.0,300.0,61,0.3045413494798172,-1147.0,0.0520775777777778
1685,0.0,0.0,4.1995,4.1995,4.1995,0.0,1075.0,217,4.1995,4.1995,0.0,300.0,61,0.3030738015098544,-1148.0,0.0518266222222222
1686,5.6065573770230465e-09,-3.599125388730192,4.1995,4.1992,4.199480327868852,11.32409486610293,1074.0,216,4.1995,4.1995,0.0,300.0,61,0.3016638222772242,-1149.0,0.0515855111111111
1687,0.0,0.0,4.1995,4.1995,4.1995,0.0,1066.0,215,4.1995,4.1995,0.0,300.0,61,0.3014737349848254,-1150.0,0.0515530055555556
1688,0.0,0.0,4.1995,4.1995,4.1995,0.0,1071.0,216,4.1995,4.1995,0.0,300.0,61,0.3004420785209502,-1151.0,0.0513765888888889
1689,0.0,0.0,4.1995,4.1995,4.1995,0.0,1067.0,215,4.1995,4.1995,0.0,300.0,61,0.2991934022120527,-1152.0,0.0511630611111111
1690,0.0,0.0,4.1995,4.1995,4.1995,0.0,1075.0,216,4.1995,4.1995,0.0,300.0,61,0.2976841721371257,-1153.0,0.0509049777777778
1691,0.0,0.0,4.1995,4.1995,4.1995,0.0,1069.0,215,4.1995,4.1995,0.0,300.0,61,0.296782175284251,-1154.0,0.0507507333333333
1692,0.0,0.0,4.1995,4.1995,4.1995,0.0,1063.0,214,4.1995,4.1995,0.0,300.0,61,0.2955686185041665,-1155.0,0.0505432111111111
1693,0.0,0.0,4.1995,4.1995,4.1995,0.0,1066.0,215,4.1995,4.1995,0.0,300.0,61,0.2956184550973197,-1156.0,0.0505517333333333
1694,0.0,0.0,4.1995,4.1995,4.1995,0.0,1067.0,215,4.1995,4.1995,0.0,300.0,61,0.2931243187915998,-1157.0,0.0501252277777778
1695,0.0,0.0,4.1995,4.1995,4.1995,0.0,1058.0,213,4.1995,4.1995,0.0,300.0,61,0.2933526444608835,-1158.0,0.0501642722222222
1696,0.0,0.0,4.1995,4.1995,4.1995,0.0,1058.0,213,4.1995,4.1995,0.0,300.0,61,0.2918388010898497,-1159.0,0.0499054
1697,0.0,0.0,4.1995,4.1995,4.1995,0.0,1055.0,213,4.1995,4.1995,0.0,300.0,61,0.2912058698592023,-1160.0,0.0497971666666667
1698,0.0,0.0,4.1995,4.1995,4.1995,0.0,1065.0,215,4.1995,4.1995,0.0,300.0,61,0.2909392733250326,-1161.0,0.0497515777777778
1699,0.0,0.0,4.1995,4.1995,4.1995,0.0,1061.0,214,4.1995,4.1995,0.0,300.0,61,0.2892247190853534,-1162.0,0.0494583833333333
1700,0.0,0.0,4.1995,4.1995,4.1995,0.0,1057.0,213,4.1995,4.1995,0.0,300.0,61,0.2885174228209848,-1163.0,0.0493374333333333
1701,0.0,0.0,4.1995,4.1995,4.1995,0.0,1059.0,213,4.1995,4.1995,0.0,300.0,61,0.2884587170036262,-1164.0,0.0493273944444444
1702,0.0,0.0,4.1995,4.1995,4.1995,0.0,1054.0,212,4.1995,4.1995,0.0,300.0,61,0.2867064766830757,-1165.0,0.0490277555555556
1703,0.0,0.0,4.1995,4.1995,4.1995,0.0,1057.0,213,4.1995,4.1995,0.0,300.0,61,0.2863580428750117,-1166.0,0.0489681722222222
1704,0.0,0.0,4.1995,4.1995,4.1995,0.0,1060.0,213,4.1995,4.1995,0.0,300.0,61,0.2842339124098544,-1167.0,0.0486049388888889
1705,0.0,0.0,4.1995,4.1995,4.1995,0.0,1052.0,212,4.1995,4.1995,0.0,300.0,61,0.283478144048364,-1168.0,0.0484757
1706,0.0,0.0,4.1995,4.1995,4.1995,0.0,1056.0,213,4.1995,4.1995,0.0,300.0,61,0.2816458208059599,-1169.0,0.0481623666666667
1707,0.0,0.0,4.1995,4.1995,4.1995,0.0,1051.0,212,4.1995,4.1995,0.0,300.0,61,0.2807264428726831,-1170.0,0.04800515
1708,0.0,0.0,4.1995,4.1995,4.1995,0.0,1051.0,212,4.1995,4.1995,0.0,300.0,61,0.2802441909895224,-1171.0,0.0479226833333333
1709,1.475409836058696e-09,-7.81024967594898,4.1995,4.1992,4.199495081967213,61.00000000045575,1054.0,212,4.1995,4.1995,0.0,300.0,61,0.278734895938594,-1172.0,0.0476645888888889
1710,1.475409836058696e-09,-7.810249675948985,4.1995,4.1992,4.199495081967213,61.00000000045582,1048.0,211,4.1995,4.1995,0.0,300.0,61,0.279718989969368,-1173.0,0.0478328722222222
1711,0.0,0.0,4.1995,4.1995,4.1995,0.0,1054.0,212,4.1995,4.1995,0.0,300.0,61,0.2785871405111743,-1174.0,0.0476393222222222
1712,0.0,0.0,4.1995,4.1995,4.1995,0.0,1051.0,212,4.1995,4.1995,0.0,300.0,61,0.2772131904713779,-1175.0,0.0474043722222222
1713,0.0,0.0,4.1995,4.1995,4.1995,0.0,1050.0,212,4.1995,4.1995,0.0,300.0,61,0.2771800527106114,-1176.0,0.0473987055555556
1714,0.0,0.0,4.1995,4.1995,4.1995,0.0,1050.0,212,4.1995,4.1995,0.0,300.0,61,0.275738267725245,-1177.0,0.0471521555555556
1715,0.0,0.0,4.1995,4.1995,4.1995,0.0,1047.0,211,4.1995,4.1995,0.0,300.0,61,0.2755524038729433,-1178.0,0.0471203722222222
1716,0.0,0.0,4.1995,4.1995,4.1995,0.0,1048.0,211,4.1995,4.1995,0.0,300.0,61,0.2751270384790992,-1179.0,0.0470476333333333
1717,0.0,0.0,4.1995,4.1995,4.1995,0.0,1052.0,212,4.1995,4.1995,0.0,300.0,61,0.2736728430774458,-1180.0,0.0467989611111111
1718,0.0,0.0,4.1995,4.1995,4.1995,0.0,1047.0,211,4.1995,4.1995,0.0,300.0,61,0.272677703126416,-1181.0,0.0466287888888889
1719,0.0,0.0,4.1995,4.1995,4.1995,0.0,1046.0,211,4.1995,4.1995,0.0,300.0,61,0.2715213089836544,-1182.0,0.0464310416666667
1720,0.0,0.0,4.1995,4.1995,4.1995,0.0,1042.0,210,4.1995,4.1995,0.0,300.0,61,0.2725754309000491,-1183.0,0.0466113
1721,0.0,0.0,4.1995,4.1995,4.1995,0.0,1048.0,211,4.1995,4.1995,0.0,300.0,61,0.2717879217618241,-1184.0,0.0464766333333333
1722,0.0,0.0,4.1995,4.1995,4.1995,0.0,1044.0,210,4.1995,4.1995,0.0,300.0,61,0.2707777398664463,-1185.0,0.0463038888888889
1723,1.475409836058696e-09,-7.81024967594898,4.1995,4.1992,4.199495081967213,61.00000000045575,1046.0,211,4.1995,4.1995,0.0,300.0,61,0.2718607273715089,-1186.0,0.0464890833333333
1724,0.0,0.0,4.1995,4.1995,4.1995,0.0,1043.0,210,4.1995,4.1995,0.0,300.0,61,0.2701763057525278,-1187.0,0.0462010416666667
1725,0.0,0.0,4.1995,4.1995,4.1995,0.0,1040.0,210,4.1995,4.1995,0.0,300.0,61,0.2690561519746047,-1188.0,0.0460094916666667
1727,0.0,0.0,4.1995,4.1995,4.1995,0.0,1045.0,211,4.1995,4.1995,0.0,300.0,61,0.2682912219969022,-1190.0,0.0458786861111111
1728,0.0,0.0,4.1995,4.1995,4.1995,0.0,1039.0,209,4.1995,4.1995,0.0,300.0,61,0.2684482202605354,-1191.0,0.0459055333333333
1729,0.0,0.0,4.1995,4.1995,4.1995,0.0,1043.0,210,4.1995,4.1995,0.0,300.0,61,0.2667307258567886,-1192.0,0.0456118361111111
1730,0.0,0.0,4.1995,4.1995,4.1995,0.0,1035.0,209,4.1995,4.1995,0.0,300.0,61,0.2664449614021751,-1193.0,0.0455629694444444
1731,0.0,0.0,4.1995,4.1995,4.1995,0.0,1039.0,209,4.1995,4.1995,0.0,300.0,61,0.2652673688389229,-1194.0,0.0453615972222222
1732,0.0,0.0,4.1995,4.1995,4.1995,0.0,1032.0,208,4.1995,4.1995,0.0,300.0,61,0.2652669140069122,-1195.0,0.0453615194444444
1733,0.0,0.0,4.1995,4.1995,4.1995,0.0,1033.0,208,4.1995,4.1995,0.0,300.0,61,0.2654390029468949,-1196.0,0.0453909472222222
1734,0.0,0.0,4.1995,4.1995,4.1995,0.0,1035.0,208,4.1995,4.1995,0.0,300.0,61,0.2648969568983511,-1197.0,0.0452982555555556
1735,0.0,0.0,4.1995,4.1995,4.1995,0.0,1037.0,209,4.1995,4.1995,0.0,300.0,61,0.2634992418860045,-1198.0,0.0450592416666667
1736,0.0,0.0,4.1995,4.1995,4.1995,0.0,1033.0,208,4.1995,4.1995,0.0,300.0,61,0.26330936576561,-1199.0,0.0450267722222222
1737,0.0,0.0,4.1995,4.1995,4.1995,0.0,1031.0,208,4.1995,4.1995,0.0,300.0,61,0.2622942619381181,-1200.0,0.0448531861111111
1738,0.0,0.0,4.1995,4.1995,4.1995,0.0,1032.0,208,4.1995,4.1995,0.0,300.0,61,0.2634859867816976,-1201.0,0.045056975
1739,0.0,0.0,4.1995,4.1995,4.1995,0.0,1034.0,208,4.1995,4.1995,0.0,300.0,61,0.2618482829077971,-1202.0,0.0447769222222222
1740,0.0,0.0,4.1995,4.1995,4.1995,0.0,1037.0,209,4.1995,4.1995,0.0,300.0,61,0.2625231236594145,-1203.0,0.0448923222222222
1741,0.0,0.0,4.1995,4.1995,4.1995,0.0,1033.0,208,4.1995,4.1995,0.0,300.0,61,0.262111516933889,-1204.0,0.0448219361111111
1742,0.0,0.0,4.1995,4.1995,4.1995,0.0,1030.0,207,4.1995,4.1995,0.0,300.0,61,0.2613294657797906,-1205.0,0.0446882027777778
1743,0.0,0.0,4.1995,4.1995,4.1995,0.0,1031.0,208,4.1995,4.1995,0.0,300.0,61,0.2624316049612965,-1206.0,0.0448766722222222
1744,0.0,0.0,4.1995,4.1995,4.1995,0.0,1032.0,208,4.1995,4.1995,0.0,300.0,61,0.2621200937660877,-1207.0,0.0448234027777778
1745,0.0,0.0,4.1995,4.1995,4.1995,0.0,1034.0,208,4.1995,4.1995,0.0,300.0,61,0.2624387360774619,-1208.0,0.0448778916666667
1746,0.0,0.0,4.1995,4.1995,4.1995,0.0,1033.0,208,4.1995,4.1995,0.0,300.0,61,0.2621506812187952,-1209.0,0.0448286333333333
1747,0.0,0.0,4.1995,4.1995,4.1995,0.0,1029.0,207,4.1995,4.1995,0.0,300.0,61,0.2606076311350857,-1210.0,0.0445647666666667
1748,0.0,0.0,4.1995,4.1995,4.1995,0.0,1032.0,208,4.1995,4.1995,0.0,300.0,61,0.2617339413891508,-1211.0,0.0447573694444444
1749,0.0,0.0,4.1995,4.1995,4.1995,0.0,1025.0,206,4.1995,4.1995,0.0,300.0,61,0.2606229329834394,-1212.0,0.0445673833333333
1750,6.885245901607251e-09,-3.12521349870969,4.1995,4.1992,4.199475409836066,8.029264423614336,1030.0,207,4.1995,4.1995,0.0,300.0,61,0.2608060840876783,-1213.0,0.0445987027777778
1751,0.0,0.0,4.1995,4.1995,4.1995,0.0,1032.0,208,4.1995,4.1995,0.0,300.0,61,0.2601893156374045,-1214.0,0.0444932333333333
1752,0.0,0.0,4.1995,4.1995,4.1995,0.0,1027.0,207,4.1995,4.1995,0.0,300.0,61,0.2593282861534781,-1215.0,0.0443459944444444
1753,0.0,0.0,4.1995,4.1995,4.1995,0.0,1024.0,206,4.1995,4.1995,0.0,300.0,61,0.2601121079036176,-1216.0,0.0444800305555555
1754,0.0,0.0,4.1995,4.1995,4.1995,0.0,1027.0,207,4.1995,4.1995,0.0,300.0,61,0.2584805929938607,-1217.0,0.0442010361111111
1755,0.0,0.0,4.1995,4.1995,4.1995,0.0,1023.0,206,4.1995,4.1995,0.0,300.0,61,0.2589555350768522,-1218.0,0.0442822527777778
1756,0.0,0.0,4.1995,4.1995,4.1995,0.0,1026.0,207,4.1995,4.1995,0.0,300.0,61,0.2575477650282726,-1219.0,0.0440415194444444
1757,0.0,0.0,4.1995,4.1995,4.1995,0.0,1021.0,206,4.1995,4.1995,0.0,300.0,61,0.2569011076173078,-1220.0,0.0439309388888889
1758,0.0,0.0,4.1995,4.1995,4.1995,0.0,1025.0,206,4.1995,4.1995,0.0,300.0,61,0.2577026678158575,-1221.0,0.0440680083333333
1759,0.0,0.0,4.1995,4.1995,4.1995,0.0,1024.0,206,4.1995,4.1995,0.0,300.0,61,0.2569345052820806,-1222.0,0.04393665
1760,0.0,0.0,4.1995,4.1995,4.1995,0.0,1021.0,206,4.1995,4.1995,0.0,300.0,61,0.25825541866065,-1223.0,0.0441625305555556
1761,0.0,0.0,4.1995,4.1995,4.1995,0.0,1024.0,206,4.1995,4.1995,0.0,300.0,61,0.2571974956481667,-1224.0,0.0439816222222222
1762,0.0,0.0,4.1995,4.1995,4.1995,0.0,1020.0,205,4.1995,4.1995,0.0,300.0,61,0.257538603412061,-1225.0,0.0440399527777778
1763,0.0,0.0,4.1995,4.1995,4.1995,0.0,1021.0,206,4.1995,4.1995,0.0,300.0,61,0.2564175562141171,-1226.0,0.04384825
1764,0.0,0.0,4.1995,4.1995,4.1995,0.0,1019.0,205,4.1995,4.1995,0.0,300.0,61,0.2558929074899753,-1227.0,0.0437585333333333
1765,0.0,0.0,4.1995,4.1995,4.1995,0.0,1018.0,205,4.1995,4.1995,0.0,300.0,61,0.255143961608643,-1228.0,0.0436304611111111
1766,0.0,0.0,4.1995,4.1995,4.1995,0.0,1019.0,205,4.1995,4.1995,0.0,300.0,61,0.2554570647158892,-1229.0,0.0436840027777778
1767,0.0,0.0,4.1995,4.1995,4.1995,0.0,1015.0,204,4.1995,4.1995,0.0,300.0,61,0.2547978994246342,-1230.0,0.0435712833333333
1768,0.0,0.0,4.1995,4.1995,4.1995,0.0,1018.0,205,4.1995,4.1995,0.0,300.0,61,0.2548934466348455,-1231.0,0.0435876222222222
1769,0.0,0.0,4.1995,4.1995,4.1995,0.0,1015.0,204,4.1995,4.1995,0.0,300.0,61,0.2540280150268177,-1232.0,0.0434396305555556
1770,0.0,0.0,4.1995,4.1995,4.1995,0.0,1010.0,204,4.1995,4.1995,0.0,300.0,61,0.25510276682369,-1233.0,0.0436234166666667
1771,0.0,0.0,4.1995,4.1995,4.1995,0.0,1019.0,205,4.1995,4.1995,0.0,300.0,61,0.2548234999692268,-1234.0,0.0435756611111111
1772,0.0,0.0,4.1995,4.1995,4.1995,0.0,1011.0,204,4.1995,4.1995,0.0,300.0,61,0.2537358341920558,-1235.0,0.0433896666666667
1773,0.0,0.0,4.1995,4.1995,4.1995,0.0,1015.0,205,4.1995,4.1995,0.0,300.0,61,0.2540141913824977,-1236.0,0.0434372666666667
1774,0.0,0.0,4.1995,4.1995,4.1995,0.0,1011.0,204,4.1995,4.1995,0.0,300.0,61,0.2526993045280681,-1237.0,0.0432124166666667
1775,0.0,0.0,4.1995,4.1995,4.1995,0.0,1007.0,203,4.1995,4.1995,0.0,300.0,61,0.252983119702636,-1238.0,0.04326095
1776,0.0,0.0,4.1995,4.1995,4.1995,0.0,1013.0,204,4.1995,4.1995,0.0,300.0,61,0.2535255718511897,-1239.0,0.0433537111111111
1777,0.0,0.0,4.1995,4.1995,4.1995,0.0,1010.0,203,4.1995,4.1995,0.0,300.0,61,0.2523582617401752,-1240.0,0.0431540972222222
1778,0.0,0.0,4.1995,4.1995,4.1995,0.0,1324.0,266,4.1995,4.1995,0.0,300.0,61,0.2816973142871512,-1241.0,0.0481711722222222
1779,0.0,0.0,4.1995,4.1995,4.1995,0.0,1212.0,244,4.1995,4.1995,0.0,300.0,61,0.2736062426759044,-1242.0,0.0467875722222222
1780,0.0,0.0,4.1995,4.1995,4.1995,0.0,1160.0,234,4.1995,4.1995,0.0,300.0,61,0.2677667357127642,-1243.0,0.0457889972222222
1781,0.0,0.0,4.1995,4.1995,4.1995,0.0,1126.0,227,4.1995,4.1995,0.0,300.0,61,0.2676997292112137,-1244.0,0.0457775388888889
1782,0.0,0.0,4.1995,4.1995,4.1995,0.0,1112.0,224,4.1995,4.1995,0.0,300.0,61,0.2656770750164044,-1245.0,0.0454316583333333
1783,0.0,0.0,4.1995,4.1995,4.1995,0.0,1099.0,221,4.1995,4.1995,0.0,300.0,61,0.2654514620951835,-1246.0,0.0453930777777778
1784,0.0,0.0,4.1995,4.1995,4.1995,0.0,1088.0,219,4.1995,4.1995,0.0,300.0,61,0.2668648850558935,-1247.0,0.0456347777777778
1785,0.0,0.0,4.1995,4.1995,4.1995,0.0,1081.0,218,4.1995,4.1995,0.0,300.0,61,0.2652794056432018,-1248.0,0.0453636555555556
1786,0.0,0.0,4.1995,4.1995,4.1995,0.0,1079.0,217,4.1995,4.1995,0.0,300.0,61,0.2656835726165548,-1249.0,0.0454327694444444
1787,0.0,0.0,4.1995,4.1995,4.1995,0.0,1075.0,217,4.1995,4.1995,0.0,300.0,61,0.264456484584157,-1250.0,0.0452229333333333
1788,0.0,0.0,4.1995,4.1995,4.1995,0.0,1072.0,216,4.1995,4.1995,0.0,300.0,61,0.2633948416955883,-1251.0,0.0450413888888889
1789,0.0,0.0,4.1995,4.1995,4.1995,0.0,1073.0,216,4.1995,4.1995,0.0,300.0,61,0.2629799049499854,-1252.0,0.0449704333333333
1790,0.0,0.0,4.1995,4.1995,4.1995,0.0,1064.0,214,4.1995,4.1995,0.0,300.0,61,0.261876693664455,-1253.0,0.0447817805555556
1791,0.0,0.0,4.1995,4.1995,4.1995,0.0,1070.0,216,4.1995,4.1995,0.0,300.0,61,0.2621042558657208,-1254.0,0.0448206944444444
1792,6.885245901648021e-09,3.125213498679208,4.1998,4.1995,4.199524590163934,8.02926442348302,1064.0,214,4.1995,4.1995,0.0,300.0,61,0.2604018521383234,-1255.0,0.0445295777777778
1793,6.885245901648019e-09,3.1252134986792095,4.1998,4.1995,4.199524590163934,8.029264423483024,1066.0,215,4.1995,4.1995,0.0,300.0,61,0.2605607509500006,-1256.0,0.04455675
1794,0.0,0.0,4.1995,4.1995,4.1995,0.0,1069.0,215,4.1995,4.1995,0.0,300.0,61,0.2602616339270783,-1257.0,0.0445056
1795,0.0,0.0,4.1995,4.1995,4.1995,0.0,1062.0,214,4.1995,4.1995,0.0,300.0,61,0.2596961315419911,-1258.0,0.0444088972222222
1796,1.4754098360674327e-09,7.810249675878441,4.1998,4.1995,4.199504918032787,60.99999999969619,1067.0,215,4.1995,4.1995,0.0,300.0,61,0.260275262643394,-1259.0,0.0445079305555556
1797,6.885245901648021e-09,3.125213498679208,4.1998,4.1995,4.199524590163934,8.02926442348302,1065.0,215,4.1995,4.1995,0.0,300.0,61,0.2586927883707713,-1260.0,0.0442373222222222
1798,0.0,0.0,4.1995,4.1995,4.1995,0.0,1061.0,214,4.1995,4.1995,0.0,300.0,61,0.259443845972153,-1261.0,0.0443657555555556
1799,0.0,0.0,4.1995,4.1995,4.1995,0.0,1063.0,214,4.1995,4.1995,0.0,300.0,61,0.2583280293423299,-1262.0,0.0441749472222222
1800,0.0,0.0,4.1995,4.1995,4.1995,0.0,1060.0,214,4.1995,4.1995,0.0,300.0,61,0.2577521307970026,-1263.0,0.0440764666666667
1801,0.0,0.0,4.1995,4.1995,4.1995,0.0,1061.0,214,4.1995,4.1995,0.0,300.0,61,0.2584536441972372,-1264.0,0.0441964277777778
1802,0.0,0.0,4.1995,4.1995,4.1995,0.0,1055.0,213,4.1995,4.1995,0.0,300.0,61,0.2569713466749332,-1265.0,0.04394295
1803,0.0,0.0,4.1995,4.1995,4.1995,0.0,1061.0,214,4.1995,4.1995,0.0,300.0,61,0.2578001318181132,-1266.0,0.044084675
1804,0.0,0.0,4.1995,4.1995,4.1995,0.0,1057.0,213,4.1995,4.1995,0.0,300.0,61,0.2570655943651145,-1267.0,0.0439590666666667
1805,0.0,0.0,4.1995,4.1995,4.1995,0.0,1057.0,213,4.1995,4.1995,0.0,300.0,61,0.2560973544787067,-1268.0,0.0437934944444444
1806,6.885245901648021e-09,3.1252134986792086,4.1998,4.1995,4.199524590163934,8.02926442348302,1055.0,213,4.1995,4.1995,0.0,300.0,61,0.2564081996699006,-1269.0,0.04384665
1807,1.4754098360674323e-09,7.810249675878442,4.1998,4.1995,4.199504918032787,60.99999999969618,1053.0,212,4.1995,4.1995,0.0,300.0,61,0.2552709896915827,-1270.0,0.0436521833333333
1808,0.0,0.0,4.1995,4.1995,4.1995,0.0,1055.0,213,4.1995,4.1995,0.0,300.0,61,0.2549894324330669,-1271.0,0.0436040361111111
1809,0.0,0.0,4.1995,4.1995,4.1995,0.0,1053.0,212,4.1995,4.1995,0.0,300.0,61,0.2545355588185631,-1272.0,0.0435264222222222
1810,0.0,0.0,4.1995,4.1995,4.1995,0.0,1051.0,212,4.1995,4.1995,0.0,300.0,61,0.2546056679241856,-1273.0,0.0435384111111111
1811,0.0,0.0,4.1995,4.1995,4.1995,0.0,1057.0,213,4.1995,4.1995,0.0,300.0,61,0.2542819249966935,-1274.0,0.04348305
1812,0.0,0.0,4.1995,4.1995,4.1995,0.0,1047.0,211,4.1995,4.1995,0.0,300.0,61,0.2534372369771456,-1275.0,0.0433386055555556
1813,4.278688524595555e-09,4.275398459370034,4.1998,4.1995,4.19951475409836,16.83004494241679,1054.0,212,4.1995,4.1995,0.0,300.0,61,0.2538158521379074,-1276.0,0.04340335
1814,0.0,0.0,4.1995,4.1995,4.1995,0.0,1051.0,212,4.1995,4.1995,0.0,300.0,61,0.2523940472730037,-1277.0,0.0431602166666667
1815,1.4754098360674323e-09,7.810249675878441,4.1998,4.1995,4.199504918032787,60.99999999969619,1048.0,211,4.1995,4.1995,0.0,300.0,61,0.2525305293641623,-1278.0,0.0431835555555556
1816,0.0,0.0,4.1995,4.1995,4.1995,0.0,1050.0,211,4.1995,4.1995,0.0,300.0,61,0.2522097753327392,-1279.0,0.0431287055555556
1817,0.0,0.0,4.1995,4.1995,4.1995,0.0,1048.0,211,4.1995,4.1995,0.0,300.0,61,0.2512140505976953,-1280.0,0.0429584333333333
1818,0.0,0.0,4.1995,4.1995,4.1995,0.0,1050.0,211,4.1995,4.1995,0.0,300.0,61,0.2510393463736523,-1281.0,0.0429285583333333
1819,0.0,0.0,4.1995,4.1995,4.1995,0.0,1044.0,210,4.1995,4.1995,0.0,300.0,61,0.2498564582662779,-1282.0,0.0427262805555556
1820,0.0,0.0,4.1995,4.1995,4.1995,0.0,1046.0,211,4.1995,4.1995,0.0,300.0,61,0.2495889195800864,-1283.0,0.0426805305555556
1821,0.0,0.0,4.1995,4.1995,4.1995,0.0,1045.0,211,4.1995,4.1995,0.0,300.0,61,0.2488567699951426,-1284.0,0.0425553305555556
1822,2.901639344265952e-09,5.380496869776207,4.1998,4.1995,4.199509836065574,27.86268313673108,1044.0,210,4.1995,4.1995,0.0,300.0,61,0.2485129982151865,-1285.0,0.0424965444444444
1823,0.0,0.0,4.1995,4.1995,4.1995,0.0,1047.0,211,4.1995,4.1995,0.0,300.0,61,0.2480842540692647,-1286.0,0.0424232277777778
1824,0.0,0.0,4.1995,4.1995,4.1995,0.0,1046.0,211,4.1995,4.1995,0.0,300.0,61,0.2470401222131009,-1287.0,0.0422446777777778
1825,0.0,0.0,4.1995,4.1995,4.1995,0.0,1038.0,209,4.1995,4.1995,0.0,300.0,61,0.2471917599566099,-1288.0,0.0422706083333333
1826,0.0,0.0,4.1995,4.1995,4.1995,0.0,1047.0,211,4.1995,4.1995,0.0,300.0,61,0.245848381125521,-1289.0,0.0420408861111111
1827,0.0,0.0,4.1995,4.1995,4.1995,0.0,1039.0,209,4.1995,4.1995,0.0,300.0,61,0.2463556650132607,-1290.0,0.0421276333333333
1828,0.0,0.0,4.1995,4.1995,4.1995,0.0,1044.0,210,4.1995,4.1995,0.0,300.0,61,0.2463706257376073,-1291.0,0.0421301916666667
1829,0.0,0.0,4.1995,4.1995,4.1995,0.0,1041.0,210,4.1995,4.1995,0.0,300.0,61,0.2445265905709319,-1292.0,0.0418148555555556
1830,0.0,0.0,4.1995,4.1995,4.1995,0.0,1042.0,210,4.1995,4.1995,0.0,300.0,61,0.2450636821993612,-1293.0,0.0419067
1831,0.0,0.0,4.1995,4.1995,4.1995,0.0,1041.0,210,4.1995,4.1995,0.0,300.0,61,0.2439550291737046,-1294.0,0.0417171166666667
1832,0.0,0.0,4.1995,4.1995,4.1995,0.0,1040.0,209,4.1995,4.1995,0.0,300.0,61,0.2435939088013473,-1295.0,0.0416553638888889
1833,0.0,0.0,4.1995,4.1995,4.1995,0.0,1043.0,210,4.1995,4.1995,0.0,300.0,61,0.2440095602829665,-1296.0,0.0417264416666667
1834,0.0,0.0,4.1995,4.1995,4.1995,0.0,1039.0,209,4.1995,4.1995,0.0,300.0,61,0.2427605428500614,-1297.0,0.0415128555555556
1835,0.0,0.0,4.1995,4.1995,4.1995,0.0,1042.0,210,4.1995,4.1995,0.0,300.0,61,0.2427768843144393,-1298.0,0.04151565
1836,0.0,0.0,4.1995,4.1995,4.1995,0.0,1040.0,210,4.1995,4.1995,0.0,300.0,61,0.2411773700854228,-1299.0,0.0412421277777778
1837,0.0,0.0,4.1995,4.1995,4.1995,0.0,1039.0,209,4.1995,4.1995,0.0,300.0,61,0.241257924083287,-1300.0,0.0412559027777778
1838,0.0,0.0,4.1995,4.1995,4.1995,0.0,1040.0,210,4.1995,4.1995,0.0,300.0,61,0.2409510424281849,-1301.0,0.041203425
1839,0.0,0.0,4.1995,4.1995,4.1995,0.0,1036.0,209,4.1995,4.1995,0.0,300.0,61,0.2398129877618476,-1302.0,0.0410088138888889
1840,0.0,0.0,4.1995,4.1995,4.1995,0.0,1039.0,209,4.1995,4.1995,0.0,300.0,61,0.24015401430574,-1303.0,0.0410671305555556
1841,0.0,0.0,4.1995,4.1995,4.1995,0.0,1037.0,209,4.1995,4.1995,0.0,300.0,61,0.238972994258408,-1304.0,0.0408651722222222
1842,0.0,0.0,4.1995,4.1995,4.1995,0.0,1036.0,209,4.1995,4.1995,0.0,300.0,61,0.2382997129308269,-1305.0,0.0407500388888889
1843,0.0,0.0,4.1995,4.1995,4.1995,0.0,1034.0,208,4.1995,4.1995,0.0,300.0,61,0.237678006304439,-1306.0,0.040643725
1844,0.0,0.0,4.1995,4.1995,4.1995,0.0,1028.0,207,4.1995,4.1995,0.0,300.0,61,0.2369339011352189,-1307.0,0.0405164805555556
1845,0.0,0.0,4.1995,4.1995,4.1995,0.0,1034.0,208,4.1995,4.1995,0.0,300.0,61,0.2364184627592902,-1308.0,0.0404283388888889
1846,0.0,0.0,4.1995,4.1995,4.1995,0.0,1031.0,208,4.1995,4.1995,0.0,300.0,61,0.2357345903434634,-1309.0,0.0403113944444444
1847,0.0,0.0,4.1995,4.1995,4.1995,0.0,1032.0,208,4.1995,4.1995,0.0,300.0,61,0.2360010081936294,-1310.0,0.0403569527777778
1848,0.0,0.0,4.1995,4.1995,4.1995,0.0,1034.0,208,4.1995,4.1995,0.0,300.0,61,0.2344722040982489,-1311.0,0.0400955222222222
1849,0.0,0.0,4.1995,4.1995,4.1995,0.0,1028.0,207,4.1995,4.1995,0.0,300.0,61,0.2339850790149757,-1312.0,0.0400122222222222
1850,0.0,0.0,4.1995,4.1995,4.1995,0.0,1028.0,207,4.1995,4.1995,0.0,300.0,61,0.2335381903206339,-1313.0,0.0399358027777778
1851,0.0,0.0,4.1995,4.1995,4.1995,0.0,1024.0,206,4.1995,4.1995,0.0,300.0,61,0.2323738691056885,-1314.0,0.0397367
1852,0.0,0.0,4.1995,4.1995,4.1995,0.0,1026.0,207,4.1995,4.1995,0.0,300.0,61,0.232803782819638,-1315.0,0.0398102166666667
1853,0.0,0.0,4.1995,4.1995,4.1995,0.0,1028.0,207,4.1995,4.1995,0.0,300.0,61,0.2312727695402062,-1316.0,0.0395484083333333
1854,0.0,0.0,4.1995,4.1995,4.1995,0.0,1024.0,206,4.1995,4.1995,0.0,300.0,61,0.2309433087245817,-1317.0,0.0394920694444444
1855,0.0,0.0,4.1995,4.1995,4.1995,0.0,1022.0,206,4.1995,4.1995,0.0,300.0,61,0.2309291277122535,-1318.0,0.0394896444444444
1856,0.0,0.0,4.1995,4.1995,4.1995,0.0,1021.0,206,4.1995,4.1995,0.0,300.0,61,0.2301375413299348,-1319.0,0.0393542805555556
1857,0.0,0.0,4.1995,4.1995,4.1995,0.0,1025.0,206,4.1995,4.1995,0.0,300.0,61,0.2305197301707793,-1320.0,0.0394196361111111
1858,0.0,0.0,4.1995,4.1995,4.1995,0.0,1024.0,206,4.1995,4.1995,0.0,300.0,61,0.2287277082933074,-1321.0,0.0391131944444444
1859,0.0,0.0,4.1995,4.1995,4.1995,0.0,1022.0,206,4.1995,4.1995,0.0,300.0,61,0.228958811686656,-1322.0,0.0391527138888889
1860,0.0,0.0,4.1995,4.1995,4.1995,0.0,1024.0,206,4.1995,4.1995,0.0,300.0,61,0.2280187876289017,-1323.0,0.0389919666666667
1861,0.0,0.0,4.1995,4.1995,4.1995,0.0,1020.0,206,4.1995,4.1995,0.0,300.0,61,0.2268631244661564,-1324.0,0.0387943444444444
1862,0.0,0.0,4.1995,4.1995,4.1995,0.0,1024.0,206,4.1995,4.1995,0.0,300.0,61,0.2269924429531492,-1325.0,0.0388164583333333
1863,0.0,0.0,4.1995,4.1995,4.1995,0.0,1023.0,206,4.1995,4.1995,0.0,300.0,61,0.2262424087237919,-1326.0,0.0386882
1864,0.0,0.0,4.1995,4.1995,4.1995,0.0,1019.0,205,4.1995,4.1995,0.0,300.0,61,0.2258452429146003,-1327.0,0.0386202833333333
1865,0.0,0.0,4.1995,4.1995,4.1995,0.0,1021.0,206,4.1995,4.1995,0.0,300.0,61,0.2249680344062999,-1328.0,0.0384702777777778
1866,0.0,0.0,4.1995,4.1995,4.1995,0.0,1015.0,205,4.1995,4.1995,0.0,300.0,61,0.22479175451422,-1329.0,0.0384401333333333
1867,4.27868852457022e-09,-4.275398459367965,4.1995,4.1992,4.199485245901639,16.830044942404605,1020.0,205,4.1995,4.1995,0.0,300.0,61,0.224057022133217,-1330.0,0.0383144916666667
1868,0.0,0.0,4.1995,4.1995,4.1995,0.0,1018.0,205,4.1995,4.1995,0.0,300.0,61,0.2234208421024942,-1331.0,0.0382057027777778
1869,0.0,0.0,4.1995,4.1995,4.1995,0.0,1016.0,205,4.1995,4.1995,0.0,300.0,61,0.2237055506970829,-1332.0,0.0382543888888889
1870,0.0,0.0,4.1995,4.1995,4.1995,0.0,1014.0,204,4.1995,4.1995,0.0,300.0,61,0.222002009889659,-1333.0,0.0379630777777778
1871,0.0,0.0,4.1995,4.1995,4.1995,0.0,1012.0,204,4.1995,4.1995,0.0,300.0,61,0.2218583804383351,-1334.0,0.0379385166666667
1872,0.0,0.0,4.1995,4.1995,4.1995,0.0,1010.0,204,4.1995,4.1995,0.0,300.0,61,0.2209374105930216,-1335.0,0.0377810277777778
1873,0.0,0.0,4.1995,4.1995,4.1995,0.0,1009.0,203,4.1995,4.1995,0.0,300.0,61,0.2208144759981767,-1336.0,0.0377600055555556
1874,0.0,0.0,4.1995,4.1995,4.1995,0.0,1010.0,204,4.1995,4.1995,0.0,300.0,61,0.2204415624815463,-1337.0,0.0376962361111111
1875,0.0,0.0,4.1995,4.1995,4.1995,0.0,1007.0,203,4.1995,4.1995,0.0,300.0,61,0.2194552755107214,-1338.0,0.0375275777777778
1876,0.0,0.0,4.1995,4.1995,4.1995,0.0,1007.0,203,4.1995,4.1995,0.0,300.0,61,0.2201747385313712,-1339.0,0.0376506083333333
1877,0.0,0.0,4.1995,4.1995,4.1995,0.0,1008.0,203,4.1995,4.1995,0.0,300.0,61,0.2190864067501848,-1340.0,0.0374645
1878,0.0,0.0,4.1995,4.1995,4.1995,0.0,1006.0,203,4.1995,4.1995,0.0,300.0,61,0.2192142632771438,-1341.0,0.0374863638888889
1879,0.0,0.0,4.1995,4.1995,4.1995,0.0,1010.0,204,4.1995,4.1995,0.0,300.0,61,0.2192228888413434,-1342.0,0.0374878388888889
1880,0.0,0.0,4.1995,4.1995,4.1995,0.0,1005.0,202,4.1995,4.1995,0.0,300.0,61,0.2188981062978271,-1343.0,0.0374323
1881,0.0,0.0,4.1995,4.1995,4.1995,0.0,1009.0,203,4.1995,4.1995,0.0,300.0,61,0.2185270933292412,-1344.0,0.0373688555555556
1882,0.0,0.0,4.1995,4.1995,4.1995,0.0,1005.0,203,4.1995,4.1995,0.0,300.0,61,0.2174978572214221,-1345.0,0.0371928527777778
1883,0.0,0.0,4.1995,4.1995,4.1995,0.0,1006.0,203,4.1995,4.1995,0.0,300.0,61,0.2178628761538692,-1346.0,0.0372552722222222
1884,0.0,0.0,4.1995,4.1995,4.1995,0.0,1007.0,203,4.1995,4.1995,0.0,300.0,61,0.2165833362442579,-1347.0,0.0370364666666667
1885,0.0,0.0,4.1995,4.1995,4.1995,0.0,998.0,201,4.1995,4.1995,0.0,300.0,61,0.2165269208309519,-1348.0,0.0370268194444444
1886,0.0,0.0,4.1995,4.1995,4.1995,0.0,1003.0,202,4.1995,4.1995,0.0,300.0,61,0.2165255238469201,-1349.0,0.0370265805555556
1887,0.0,0.0,4.1995,4.1995,4.1995,0.0,999.0,201,4.1995,4.1995,0.0,300.0,61,0.2157170761922102,-1350.0,0.0368883333333333
1888,0.0,0.0,4.1995,4.1995,4.1995,0.0,1002.0,202,4.1995,4.1995,0.0,300.0,61,0.2154994878071749,-1351.0,0.036851125
1889,0.0,0.0,4.1995,4.1995,4.1995,0.0,998.0,201,4.1995,4.1995,0.0,300.0,61,0.2140204228409458,-1352.0,0.0365982
1890,0.0,0.0,4.1995,4.1995,4.1995,0.0,998.0,201,4.1995,4.1995,0.0,300.0,61,0.214163597460259,-1353.0,0.0366226833333333
1891,0.0,0.0,4.1995,4.1995,4.1995,0.0,997.0,201,4.1995,4.1995,0.0,300.0,61,0.213173753053352,-1354.0,0.0364534166666667
1892,0.0,0.0,4.1995,4.1995,4.1995,0.0,990.0,199,4.1995,4.1995,0.0,300.0,61,0.212665608233592,-1355.0,0.0363665222222222
1893,0.0,0.0,4.1995,4.1995,4.1995,0.0,994.0,200,4.1995,4.1995,0.0,300.0,61,0.2130831440192548,-1356.0,0.0364379222222222
1894,0.0,0.0,4.1995,4.1995,4.1995,0.0,996.0,201,4.1995,4.1995,0.0,300.0,61,0.2124514473326359,-1357.0,0.0363299
1895,0.0,0.0,4.1995,4.1995,4.1995,0.0,997.0,201,4.1995,4.1995,0.0,300.0,61,0.2124168313678351,-1358.0,0.0363239805555556
1896,0.0,0.0,4.1995,4.1995,4.1995,0.0,994.0,200,4.1995,4.1995,0.0,300.0,61,0.2118229994460919,-1359.0,0.0362224333333333
1897,0.0,0.0,4.1995,4.1995,4.1995,0.0,998.0,201,4.1995,4.1995,0.0,300.0,61,0.2123994990194339,-1360.0,0.0363210166666667
1898,0.0,0.0,4.1995,4.1995,4.1995,0.0,1001.0,202,4.1995,4.1995,0.0,300.0,61,0.2110797876968926,-1361.0,0.0360953416666667
1899,0.0,0.0,4.1995,4.1995,4.1995,0.0,993.0,200,4.1995,4.1995,0.0,300.0,61,0.2106328990025502,-1362.0,0.0360189222222222
1900,0.0,0.0,4.1995,4.1995,4.1995,0.0,995.0,200,4.1995,4.1995,0.0,300.0,61,0.2105957814616914,-1363.0,0.036012575
1901,0.0,0.0,4.1995,4.1995,4.1995,0.0,991.0,200,4.1995,4.1995,0.0,300.0,61,0.2093245747242723,-1364.0,0.0357951944444444
1902,0.0,0.0,4.1995,4.1995,4.1995,0.0,987.0,199,4.1995,4.1995,0.0,300.0,61,0.2092494787105348,-1365.0,0.0357823527777778
1903,0.0,0.0,4.1995,4.1995,4.1995,0.0,987.0,199,4.1995,4.1995,0.0,300.0,61,0.2079535486045435,-1366.0,0.0355607444444444
1904,0.0,0.0,4.1995,4.1995,4.1995,0.0,982.0,198,4.1995,4.1995,0.0,300.0,61,0.2081694476135403,-1367.0,0.0355976638888889
1905,0.0,0.0,4.1995,4.1995,4.1995,0.0,984.0,198,4.1995,4.1995,0.0,300.0,61,0.2076231131488968,-1368.0,0.0355042388888889
1906,0.0,0.0,4.1995,4.1995,4.1995,0.0,986.0,199,4.1995,4.1995,0.0,300.0,61,0.206904835940274,-1369.0,0.0353814111111111
1907,0.0,0.0,4.1995,4.1995,4.1995,0.0,984.0,198,4.1995,4.1995,0.0,300.0,61,0.2068733550675456,-1370.0,0.0353760277777778
1908,0.0,0.0,4.1995,4.1995,4.1995,0.0,982.0,198,4.1995,4.1995,0.0,300.0,61,0.2063051399343956,-1371.0,0.0352788611111111
1909,1.4754098360674323e-09,7.810249675878442,4.1998,4.1995,4.199504918032787,60.99999999969619,989.0,199,4.1995,4.1995,0.0,300.0,61,0.2058306526834147,-1372.0,0.0351977222222222
1910,0.0,0.0,4.1995,4.1995,4.1995,0.0,987.0,199,4.1995,4.1995,0.0,300.0,61,0.2047729570869374,-1373.0,0.0350168527777778
1911,0.0,0.0,4.1995,4.1995,4.1995,0.0,984.0,198,4.1995,4.1995,0.0,300.0,61,0.205033429632965,-1374.0,0.0350613944444444
1912,0.0,0.0,4.1995,4.1995,4.1995,0.0,987.0,199,4.1995,4.1995,0.0,300.0,61,0.2038896895664963,-1375.0,0.0348658111111111
1913,0.0,0.0,4.1995,4.1995,4.1995,0.0,978.0,197,4.1995,4.1995,0.0,300.0,61,0.2034202866876334,-1376.0,0.0347855416666667
1914,0.0,0.0,4.1995,4.1995,4.1995,0.0,982.0,198,4.1995,4.1995,0.0,300.0,61,0.2035508234746542,-1377.0,0.0348078638888889
1915,0.0,0.0,4.1995,4.1995,4.1995,0.0,976.0,197,4.1995,4.1995,0.0,300.0,61,0.2024423004010004,-1378.0,0.0346183027777778
1916,0.0,0.0,4.1995,4.1995,4.1995,0.0,980.0,197,4.1995,4.1995,0.0,300.0,61,0.2024211994445117,-1379.0,0.0346146944444444
1917,0.0,0.0,4.1995,4.1995,4.1995,0.0,975.0,196,4.1995,4.1995,0.0,300.0,61,0.2008754853447403,-1380.0,0.0343503722222222
1918,0.0,0.0,4.1995,4.1995,4.1995,0.0,973.0,196,4.1995,4.1995,0.0,300.0,61,0.2009957559235238,-1381.0,0.0343709388888889
1919,0.0,0.0,4.1995,4.1995,4.1995,0.0,973.0,196,4.1995,4.1995,0.0,300.0,61,0.2001869509008063,-1382.0,0.0342326305555556
1920,0.0,0.0,4.1995,4.1995,4.1995,0.0,976.0,197,4.1995,4.1995,0.0,300.0,61,0.2004197924021945,-1383.0,0.0342724472222222
1921,0.0,0.0,4.1995,4.1995,4.1995,0.0,975.0,197,4.1995,4.1995,0.0,300.0,61,0.2003847378493835,-1384.0,0.0342664527777778
1922,0.0,0.0,4.1995,4.1995,4.1995,0.0,976.0,197,4.1995,4.1995,0.0,300.0,61,0.1999386288670595,-1385.0,0.0341901666666667
1923,0.0,0.0,4.1995,4.1995,4.1995,0.0,977.0,197,4.1995,4.1995,0.0,300.0,61,0.2005572978653767,-1386.0,0.0342959611111111
1924,0.0,0.0,4.1995,4.1995,4.1995,0.0,975.0,197,4.1995,4.1995,0.0,300.0,61,0.1986484978692026,-1387.0,0.03396955
1925,0.0,0.0,4.1995,4.1995,4.1995,0.0,972.0,196,4.1995,4.1995,0.0,300.0,61,0.1991785396014691,-1388.0,0.0340601888888889
1926,0.0,0.0,4.1995,4.1995,4.1995,0.0,975.0,197,4.1995,4.1995,0.0,300.0,61,0.1983231467856732,-1389.0,0.0339139138888889
1927,0.0,0.0,4.1995,4.1995,4.1995,0.0,967.0,195,4.1995,4.1995,0.0,300.0,61,0.1976022055609891,-1390.0,0.0337906305555556
1928,0.0,0.0,4.1995,4.1995,4.1995,0.0,970.0,195,4.1995,4.1995,0.0,300.0,61,0.1974572765896347,-1391.0,0.0337658472222222
1929,0.0,0.0,4.1995,4.1995,4.1995,0.0,967.0,195,4.1995,4.1995,0.0,300.0,61,0.1969152792730918,-1392.0,0.0336731638888889
1930,0.0,0.0,4.1995,4.1995,4.1995,0.0,966.0,195,4.1995,4.1995,0.0,300.0,61,0.1968220549549342,-1393.0,0.0336572222222222
1931,0.0,0.0,4.1995,4.1995,4.1995,0.0,964.0,194,4.1995,4.1995,0.0,300.0,61,0.1955692201819405,-1394.0,0.0334429833333333
1932,1.4754098360674323e-09,7.810249675878441,4.1998,4.1995,4.199504918032787,60.99999999969619,963.0,194,4.1995,4.1995,0.0,300.0,61,0.1963726159525334,-1395.0,0.0335803666666667
1933,1.4754098360674323e-09,7.810249675878441,4.1998,4.1995,4.199504918032787,60.99999999969619,967.0,195,4.1995,4.1995,0.0,300.0,61,0.1951728015967664,-1396.0,0.0333751944444444
1934,0.0,0.0,4.1995,4.1995,4.1995,0.0,963.0,194,4.1995,4.1995,0.0,300.0,61,0.1953342669605036,-1397.0,0.0334028055555556
1935,0.0,0.0,4.1995,4.1995,4.1995,0.0,963.0,194,4.1995,4.1995,0.0,300.0,61,0.1948914555102554,-1398.0,0.0333270833333333
1936,0.0,0.0,4.1995,4.1995,4.1995,0.0,965.0,194,4.1995,4.1995,0.0,300.0,61,0.1949030699705241,-1399.0,0.0333290694444444
1937,0.0,0.0,4.1995,4.1995,4.1995,0.0,965.0,194,4.1995,4.1995,0.0,300.0,61,0.1949062537945982,-1400.0,0.0333296138888889
1938,0.0,0.0,4.1995,4.1995,4.1995,0.0,963.0,194,4.1995,4.1995,0.0,300.0,61,0.1936068312285261,-1401.0,0.0331074083333333
1939,0.0,0.0,4.1995,4.1995,4.1995,0.0,962.0,194,4.1995,4.1995,0.0,300.0,61,0.1940586905869836,-1402.0,0.0331846777777778
1940,0.0,0.0,4.1995,4.1995,4.1995,0.0,961.0,194,4.1995,4.1995,0.0,300.0,61,0.1920603211727364,-1403.0,0.03284295
1941,0.0,0.0,4.1995,4.1995,4.1995,0.0,959.0,193,4.1995,4.1995,0.0,300.0,61,0.192820085558319,-1404.0,0.0329728722222222
1942,0.0,0.0,4.1995,4.1995,4.1995,0.0,960.0,193,4.1995,4.1995,0.0,300.0,61,0.1919944842392129,-1405.0,0.0328316916666667
1943,1.4754098360674323e-09,7.810249675878441,4.1998,4.1995,4.199504918032787,60.99999999969619,959.0,193,4.1995,4.1995,0.0,300.0,61,0.1922271795445977,-1406.0,0.0328714833333333
1944,0.0,0.0,4.1995,4.1995,4.1995,0.0,963.0,194,4.1995,4.1995,0.0,300.0,61,0.1916336887468628,-1407.0,0.0327699944444444
1945,5.6065573770562446e-09,3.5991253886958123,4.1998,4.1995,4.199519672131148,11.32409486593236,959.0,193,4.1995,4.1995,0.0,300.0,61,0.1906487012960679,-1408.0,0.0326015583333333
1946,0.0,0.0,4.1995,4.1995,4.1995,0.0,958.0,193,4.1995,4.1995,0.0,300.0,61,0.1907657393187765,-1409.0,0.0326215722222222
1947,0.0,0.0,4.1995,4.1995,4.1995,0.0,958.0,193,4.1995,4.1995,0.0,300.0,61,0.1900966976752935,-1410.0,0.0325071638888889
1948,0.0,0.0,4.1995,4.1995,4.1995,0.0,957.0,193,4.1995,4.1995,0.0,300.0,61,0.1900013453930866,-1411.0,0.0324908583333333
1949,0.0,0.0,4.1995,4.1995,4.1995,0.0,953.0,192,4.1995,4.1995,0.0,300.0,61,0.1883236650342609,-1412.0,0.0322039694444444
1950,0.0,0.0,4.1995,4.1995,4.1995,0.0,949.0,191,4.1995,4.1995,0.0,300.0,61,0.1887981360412419,-1413.0,0.0322851055555556
1951,0.0,0.0,4.1995,4.1995,4.1995,0.0,951.0,192,4.1995,4.1995,0.0,300.0,61,0.1883330215784775,-1414.0,0.0322055694444444
1952,0.0,0.0,4.1995,4.1995,4.1995,0.0,951.0,192,4.1995,4.1995,0.0,300.0,61,0.1879777490462561,-1415.0,0.0321448166666667
1953,0.0,0.0,4.1995,4.1995,4.1995,0.0,958.0,193,4.1995,4.1995,0.0,300.0,61,0.1884559561733229,-1416.0,0.0322265916666667
1954,0.0,0.0,4.1995,4.1995,4.1995,0.0,948.0,191,4.1995,4.1995,0.0,300.0,61,0.1876105534177581,-1417.0,0.032082025
1955,0.0,0.0,4.1995,4.1995,4.1995,0.0,954.0,192,4.1995,4.1995,0.0,300.0,61,0.1876731090632057,-1418.0,0.0320927222222222
1956,0.0,0.0,4.1995,4.1995,4.1995,0.0,951.0,192,4.1995,4.1995,0.0,300.0,61,0.1865106883963043,-1419.0,0.0318939444444444
1957,0.0,0.0,4.1995,4.1995,4.1995,0.0,944.0,190,4.1995,4.1995,0.0,300.0,61,0.1869281592059656,-1420.0,0.0319653333333333
1958,0.0,0.0,4.1995,4.1995,4.1995,0.0,947.0,191,4.1995,4.1995,0.0,300.0,61,0.1855866321909198,-1421.0,0.0317359277777778
1959,0.0,0.0,4.1995,4.1995,4.1995,0.0,944.0,190,4.1995,4.1995,0.0,300.0,61,0.186384537489385,-1422.0,0.0318723722222222
1960,0.0,0.0,4.1995,4.1995,4.1995,0.0,947.0,191,4.1995,4.1995,0.0,300.0,61,0.1862368795259678,-1423.0,0.0318471222222222
1961,0.0,0.0,4.1995,4.1995,4.1995,0.0,948.0,191,4.1995,4.1995,0.0,300.0,61,0.1855818726988096,-1424.0,0.0317351138888889
1962,0.0,0.0,4.1995,4.1995,4.1995,0.0,945.0,191,4.1995,4.1995,0.0,300.0,61,0.1860933475386464,-1425.0,0.0318225777777778
1963,0.0,0.0,4.1995,4.1995,4.1995,0.0,946.0,191,4.1995,4.1995,0.0,300.0,61,0.1857088195617473,-1426.0,0.0317568222222222
1964,0.0,0.0,4.1995,4.1995,4.1995,0.0,944.0,190,4.1995,4.1995,0.0,300.0,61,0.1859944053323563,-1427.0,0.0318056583333333
1965,0.0,0.0,4.1995,4.1995,4.1995,0.0,944.0,190,4.1995,4.1995,0.0,300.0,61,0.184818388437141,-1428.0,0.0316045555555556
1966,0.0,0.0,4.1995,4.1995,4.1995,0.0,942.0,190,4.1995,4.1995,0.0,300.0,61,0.1849917444091526,-1429.0,0.0316342
1967,0.0,0.0,4.1995,4.1995,4.1995,0.0,943.0,190,4.1995,4.1995,0.0,300.0,61,0.1843817009750349,-1430.0,0.0315298805555556
1968,0.0,0.0,4.1995,4.1995,4.1995,0.0,939.0,189,4.1995,4.1995,0.0,300.0,61,0.1842246214913992,-1431.0,0.0315030194444444
1969,0.0,0.0,4.1995,4.1995,4.1995,0.0,941.0,190,4.1995,4.1995,0.0,300.0,61,0.1845975674960301,-1432.0,0.0315667944444444
1970,0.0,0.0,4.1995,4.1995,4.1995,0.0,938.0,189,4.1995,4.1995,0.0,300.0,61,0.1837540652885098,-1433.0,0.0314225527777778
1971,0.0,0.0,4.1995,4.1995,4.1995,0.0,942.0,190,4.1995,4.1995,0.0,300.0,61,0.183607853041126,-1434.0,0.03139755
1972,0.0,0.0,4.1995,4.1995,4.1995,0.0,943.0,190,4.1995,4.1995,0.0,300.0,61,0.18228836913459,-1435.0,0.0311719138888889
1973,0.0,0.0,4.1995,4.1995,4.1995,0.0,940.0,189,4.1995,4.1995,0.0,300.0,61,0.1826339115105868,-1436.0,0.0312310027777778
1974,0.0,0.0,4.1995,4.1995,4.1995,0.0,940.0,190,4.1995,4.1995,0.0,300.0,61,0.1823800177847109,-1437.0,0.0311875861111111
1975,0.0,0.0,4.1995,4.1995,4.1995,0.0,938.0,189,4.1995,4.1995,0.0,300.0,61,0.1825059087876244,-1438.0,0.0312091138888889
1976,0.0,0.0,4.1995,4.1995,4.1995,0.0,938.0,189,4.1995,4.1995,0.0,300.0,61,0.1816517830038581,-1439.0,0.0310630555555556
1977,4.2786885245955535e-09,4.275398459370035,4.1998,4.1995,4.19951475409836,16.83004494241682,936.0,189,4.1995,4.1995,0.0,300.0,61,0.1812569725747212,-1440.0,0.0309955416666667
1978,0.0,0.0,4.1995,4.1995,4.1995,0.0,930.0,188,4.1995,4.1995,0.0,300.0,61,0.1813205028601915,-1441.0,0.0310064055555556
1979,1.4754098360674327e-09,7.81024967587844,4.1998,4.1995,4.199504918032787,60.99999999969621,932.0,188,4.1995,4.1995,0.0,300.0,61,0.1809854053764364,-1442.0,0.0309491027777778
1980,0.0,0.0,4.1995,4.1995,4.1995,0.0,938.0,189,4.1995,4.1995,0.0,300.0,61,0.1812765628391746,-1443.0,0.0309988916666667
1981,0.0,0.0,4.1995,4.1995,4.1995,0.0,940.0,189,4.1995,4.1995,0.0,300.0,61,0.1803713009422245,-1444.0,0.0308440888888889
1982,2.901639344265952e-09,5.380496869776207,4.1998,4.1995,4.199509836065574,27.86268313673108,935.0,189,4.1995,4.1995,0.0,300.0,61,0.1806750799932545,-1445.0,0.0308960361111111
1983,0.0,0.0,4.1995,4.1995,4.1995,0.0,934.0,188,4.1995,4.1995,0.0,300.0,61,0.1798188100014384,-1446.0,0.0307496111111111
1984,0.0,0.0,4.1995,4.1995,4.1995,0.0,931.0,188,4.1995,4.1995,0.0,300.0,61,0.1795156644664228,-1447.0,0.0306977722222222
1985,0.0,0.0,4.1995,4.1995,4.1995,0.0,934.0,188,4.1995,4.1995,0.0,300.0,61,0.1792475572402183,-1448.0,0.030651925
1986,2.901639344265952e-09,5.380496869776207,4.1998,4.1995,4.199509836065574,27.86268313673108,929.0,187,4.1995,4.1995,0.0,300.0,61,0.1787801036414004,-1449.0,0.0305719888888889
1987,1.4754098360674323e-09,7.810249675878441,4.1998,4.1995,4.199504918032787,60.99999999969619,931.0,188,4.1995,4.1995,0.0,300.0,61,0.1791971845950525,-1450.0,0.0306433111111111
1988,0.0,0.0,4.1995,4.1995,4.1995,0.0,931.0,188,4.1995,4.1995,0.0,300.0,61,0.1783387379071861,-1451.0,0.0304965138888889
1989,1.4754098360674323e-09,7.810249675878441,4.1998,4.1995,4.199504918032787,60.99999999969619,929.0,187,4.1995,4.1995,0.0,300.0,61,0.1789665685217155,-1452.0,0.030603875
1990,1.4754098360674323e-09,7.810249675878442,4.1998,4.1995,4.199504918032787,60.99999999969618,932.0,188,4.1995,4.1995,0.0,300.0,61,0.1779458605140942,-1453.0,0.0304293305555556
1991,0.0,0.0,4.1995,4.1995,4.1995,0.0,930.0,187,4.1995,4.1995,0.0,300.0,61,0.1778371719075784,-1454.0,0.0304107444444444
1992,0.0,0.0,4.1995,4.1995,4.1995,0.0,929.0,187,4.1995,4.1995,0.0,300.0,61,0.1764478063114251,-1455.0,0.0301731583333333
1993,0.0,0.0,4.1995,4.1995,4.1995,0.0,927.0,187,4.1995,4.1995,0.0,300.0,61,0.1759487256438755,-1456.0,0.0300878138888889
1994,5.6065573770562446e-09,3.5991253886958123,4.1998,4.1995,4.199519672131148,11.32409486593236,924.0,186,4.1995,4.1995,0.0,300.0,61,0.175902300290801,-1457.0,0.030079875
1995,5.6065573770562446e-09,3.599125388732605,4.1998,4.1995,4.199519672131147,11.324094866114908,925.0,186,4.1995,4.1995,0.0,300.0,61,0.1760517613382597,-1458.0,0.0301054333333333
1996,0.0,0.0,4.1995,4.1995,4.1995,0.0,927.0,187,4.1995,4.1995,0.0,300.0,61,0.1760547989663303,-1459.0,0.0301059527777778
1997,0.0,0.0,4.1995,4.1995,4.1995,0.0,925.0,186,4.1995,4.1995,0.0,300.0,61,0.1754297135878642,-1460.0,0.0299990611111111
1998,0.0,0.0,4.1995,4.1995,4.1995,0.0,928.0,187,4.1995,4.1995,0.0,300.0,61,0.1761268248639968,-1461.0,0.0301182694444444
1999,0.0,0.0,4.1995,4.1995,4.1995,0.0,921.0,186,4.1995,4.1995,0.0,300.0,61,0.1750010344179438,-1462.0,0.0299257555555556
2000,0.0,0.0,4.1995,4.1995,4.1995,0.0,923.0,186,4.1995,4.1995,0.0,300.0,61,0.1748909325833957,-1463.0,0.0299069277777778
2001,1.4754098360674323e-09,7.810249675878441,4.1998,4.1995,4.199504918032787,60.99999999969619,923.0,186,4.1995,4.1995,0.0,300.0,61,0.1743869787157329,-1464.0,0.02982075
2002,1.4754098360674323e-09,7.810249675878441,4.1998,4.1995,4.199504918032787,60.99999999969619,915.0,185,4.1995,4.1995,0.0,300.0,61,0.1738874432161725,-1465.0,0.0297353277777778
2003,4.2786885245955535e-09,4.275398459370035,4.1998,4.1995,4.19951475409836,16.83004494241682,924.0,186,4.1995,4.1995,0.0,300.0,61,0.1739454505415147,-1466.0,0.0297452472222222
2004,0.0,0.0,4.1995,4.1995,4.1995,0.0,923.0,186,4.1995,4.1995,0.0,300.0,61,0.1736480228946316,-1467.0,0.0296943861111111
2005,6.885245901648019e-09,3.1252134986792095,4.1998,4.1995,4.199524590163934,8.029264423483024,922.0,186,4.1995,4.1995,0.0,300.0,61,0.1741926842272364,-1468.0,0.029787525
2006,1.8393442622974e-08,1.0122819576065545,4.1998,4.1995,4.199583606557377,-1.0094950259136215,926.0,187,4.1995,4.1995,0.0,300.0,61,0.1732958367224811,-1469.0,0.0296341611111111
2007,8.114754098370886e-09,2.7658437445704664,4.1998,4.1995,4.199529508196721,5.840391052505623,916.0,185,4.1995,4.1995,0.0,300.0,61,0.1737689432334301,-1470.0,0.0297150638888889
2008,4.278688524595554e-09,4.275398459370035,4.1998,4.1995,4.19951475409836,16.830044942416812,918.0,185,4.1995,4.1995,0.0,300.0,61,0.1726180558067955,-1471.0,0.0295182583333333
2009,1.2540983606573177e-08,1.8616039840494512,4.1998,4.1995,4.199549180327869,1.514147213472827,918.0,185,4.1995,4.1995,0.0,300.0,61,0.1725831636939885,-1472.0,0.0295122916666667
2010,1.1508196721325976e-08,2.038140223772566,4.1998,4.1995,4.199544262295081,2.225943742633788,921.0,186,4.1995,4.1995,0.0,300.0,61,0.1724055030618767,-1473.0,0.0294819111111111
2011,1.9032786885269884e-08,0.9214209011108294,4.1998,4.1995,4.1995885245901645,-1.1911525514616197,919.0,185,4.1995,4.1998,0.0003000000000001,300.0,61,0.1723363685962769,-1474.0,0.0294700888888889
2012,9.29508196722482e-09,2.4787943014380622,4.1998,4.1995,4.1995344262295085,4.283858877590043,919.0,185,4.1995,4.1995,0.0,300.0,61,0.1722246586056915,-1475.0,0.0294509861111111
2013,1.53442622951013e-08,1.4366940083418822,4.1998,4.1995,4.199563934426229,0.0651328507794599,918.0,185,4.1995,4.1995,0.0,300.0,61,0.1719387154670742,-1476.0,0.0294020888888889
2014,0.0,0.0,4.1995,4.1995,4.1995,0.0,917.0,185,4.1995,4.1995,0.0,300.0,61,0.1729970608235666,-1477.0,0.0295830694444444
2015,1.2540983606573177e-08,1.8616039840494512,4.1998,4.1995,4.199549180327869,1.514147213472827,923.0,186,4.1995,4.1995,0.0,300.0,61,0.1712385503188705,-1478.0,0.0292823583333333
2016,4.2786885245955535e-09,4.275398459370036,4.1998,4.1995,4.19951475409836,16.83004494241682,918.0,185,4.1995,4.1995,0.0,300.0,61,0.1714238943631601,-1479.0,0.0293140527777778
2017,1.2540983606573178e-08,1.8616039840494512,4.1998,4.1995,4.199549180327869,1.5141472134728282,912.0,184,4.1995,4.1995,0.0,300.0,61,0.1706741037938079,-1480.0,0.0291858361111111
2018,1.53442622951013e-08,1.4366940083196431,4.1998,4.1995,4.19956393442623,0.0651328507354143,915.0,184,4.1995,4.1995,0.0,300.0,61,0.1709755599527844,-1481.0,0.0292373861111111
2019,2.901639344265952e-09,5.380496869776206,4.1998,4.1995,4.199509836065574,27.86268313673107,920.0,186,4.1995,4.1995,0.0,300.0,61,0.1708422454416993,-1482.0,0.0292145888888889
2020,0.0,0.0,4.1995,4.1995,4.1995,0.0,917.0,185,4.1995,4.1995,0.0,300.0,61,0.1708596102781009,-1483.0,0.0292175583333333
2021,8.114754098370884e-09,2.7658437445704673,4.1998,4.1995,4.199529508196721,5.840391052505629,919.0,185,4.1995,4.1995,0.0,300.0,61,0.1707226246229307,-1484.0,0.0291941333333333
2022,1.4754098360674323e-09,7.810249675878442,4.1998,4.1995,4.199504918032787,60.99999999969619,917.0,185,4.1995,4.1995,0.0,300.0,61,0.1697483744563842,-1485.0,0.0290275333333333
2023,1.2540983606573178e-08,1.8616039840494512,4.1998,4.1995,4.199549180327869,1.5141472134728282,916.0,185,4.1995,4.1995,0.0,300.0,61,0.1698241527181383,-1486.0,0.0290404916666667
2024,1.4754098360674327e-09,7.810249675878441,4.1998,4.1995,4.199504918032787,60.99999999969619,917.0,185,4.1995,4.1995,0.0,300.0,61,0.1685119786117715,-1487.0,0.0288161055555556
2025,5.6065573770562446e-09,3.5991253886958123,4.1998,4.1995,4.199519672131148,11.32409486593236,914.0,184,4.1995,4.1995,0.0,300.0,61,0.1682583447899014,-1488.0,0.0287727333333333
2026,5.6065573770562446e-09,3.5991253886958128,4.1998,4.1995,4.199519672131148,11.32409486593236,913.0,184,4.1995,4.1995,0.0,300.0,61,0.167935576502432,-1489.0,0.0287175388888889
2027,1.1508196721325976e-08,2.038140223772566,4.1998,4.1995,4.199544262295081,2.2259437426337865,911.0,184,4.1995,4.1995,0.0,300.0,61,0.1685304317961982,-1490.0,0.0288192611111111
2028,9.295081967224822e-09,2.478794301438061,4.1998,4.1995,4.1995344262295085,4.283858877590039,918.0,185,4.1995,4.1995,0.0,300.0,61,0.1680864670219241,-1491.0,0.0287433416666667
2029,1.4754098360674323e-09,7.810249675878442,4.1998,4.1995,4.199504918032787,60.99999999969618,911.0,184,4.1995,4.1995,0.0,300.0,61,0.1676246338472362,-1492.0,0.0286643666666667
2030,0.0,0.0,4.1995,4.1995,4.1995,0.0,1385.0,278,4.1995,4.1995,0.0,300.0,61,0.1793722461871038,-1493.0,0.0306732472222222
2031,1.8393442622974e-08,1.0122819576065545,4.1998,4.1995,4.199583606557377,-1.0094950259136208,1137.0,229,4.1995,4.1995,0.0,300.0,61,0.1723501922405969,-1494.0,0.0294724527777778
2032,2.257377049183173e-08,0.236900092600351,4.1998,4.1995,4.199632786885245,-2.010940358997372,1048.0,211,4.1998,4.1995,-0.0003000000000001,300.0,61,0.1683287137995303,-1495.0,0.0287847666666667
2033,8.11475409837088e-09,2.765843744570469,4.1998,4.1995,4.199529508196721,5.840391052505632,1003.0,202,4.1995,4.1995,0.0,300.0,61,0.166373634646285,-1496.0,0.0284504416666667
2034,0.0,0.0,4.1995,4.1995,4.1995,0.0,978.0,197,4.1995,4.1995,0.0,300.0,61,0.164153290966901,-1497.0,0.0280707555555556
2035,1.4754098360674323e-09,7.810249675878441,4.1998,4.1995,4.199504918032787,60.99999999969619,957.0,193,4.1995,4.1995,0.0,300.0,61,0.1615829865434178,-1498.0,0.027631225
2036,1.4754098360674323e-09,7.810249675878442,4.1998,4.1995,4.199504918032787,60.99999999969618,947.0,191,4.1995,4.1995,0.0,300.0,61,0.1600780936165907,-1499.0,0.0273738833333333
2037,0.0,0.0,4.1995,4.1995,4.1995,0.0,939.0,189,4.1995,4.1995,0.0,300.0,61,0.1593442221676075,-1500.0,0.0272483888888889
2038,5.6065573770562446e-09,3.5991253886958123,4.1998,4.1995,4.199519672131148,11.32409486593236,931.0,188,4.1995,4.1995,0.0,300.0,61,0.1580087216767008,-1501.0,0.0270200138888889
2039,1.4754098360674323e-09,7.810249675878442,4.1998,4.1995,4.199504918032787,60.99999999969619,928.0,187,4.1995,4.1995,0.0,300.0,61,0.1568669633782774,-1502.0,0.0268247694444444
2040,0.0,0.0,4.1995,4.1995,4.1995,0.0,917.0,185,4.1995,4.1995,0.0,300.0,61,0.1556779512827608,-1503.0,0.0266214444444444
2041,1.042622950820986e-08,2.2408775027264194,4.1998,4.1995,4.199539344262295,3.122884112776209,921.0,186,4.1995,4.1995,0.0,300.0,61,0.1549136873090743,-1504.0,0.0264907527777778
2042,1.1508196721325973e-08,2.0381402237212076,4.1998,4.1995,4.199544262295083,2.225943742489486,911.0,184,4.1995,4.1995,0.0,300.0,61,0.1540557441852195,-1505.0,0.0263440416666667
2043,5.606557377056245e-09,3.5991253886958123,4.1998,4.1995,4.199519672131148,11.324094865932356,912.0,184,4.1995,4.1995,0.0,300.0,61,0.153489364624112,-1506.0,0.0262471888888889
2044,0.0,0.0,4.1995,4.1995,4.1995,0.0,905.0,182,4.1995,4.1995,0.0,300.0,61,0.1523880863746259,-1507.0,0.0260588666666667
2045,0.0,0.0,4.1995,4.1995,4.1995,0.0,900.0,182,4.1995,4.1995,0.0,300.0,61,0.1516924857905281,-1508.0,0.0259399166666667
2046,9.295081967224822e-09,2.478794301438061,4.1998,4.1995,4.1995344262295085,4.283858877590039,902.0,182,4.1995,4.1995,0.0,300.0,61,0.1515031782101465,-1509.0,0.0259075444444444
2047,1.042622950820986e-08,2.2408775027264185,4.1998,4.1995,4.199539344262295,3.122884112776208,902.0,182,4.1995,4.1995,0.0,300.0,61,0.1512480986722437,-1510.0,0.025863925
2048,1.6967213114775483e-08,1.2101123118152564,4.1998,4.1995,4.199573770491803,-0.5549259268636053,898.0,181,4.1998,4.1995,-0.0003000000000001,300.0,61,0.1501172725860736,-1511.0,0.02567055
2049,9.29508196722482e-09,2.4787943014380622,4.1998,4.1995,4.1995344262295085,4.283858877590043,895.0,180,4.1998,4.1995,-0.0003000000000001,300.0,61,0.1496950422843021,-1512.0,0.0255983472222222
2050,1.4754098360674323e-09,7.810249675878441,4.1998,4.1995,4.199504918032787,60.99999999969619,899.0,181,4.1995,4.1995,0.0,300.0,61,0.1496182731385253,-1513.0,0.0255852194444444
2051,9.295081967224824e-09,2.478794301438061,4.1998,4.1995,4.1995344262295085,4.283858877590039,895.0,180,4.1995,4.1995,0.0,300.0,61,0.1489797377277485,-1514.0,0.0254760277777778
2052,0.0,0.0,4.1995,4.1995,4.1995,0.0,891.0,180,4.1995,4.1995,0.0,300.0,61,0.1482847381716647,-1515.0,0.0253571805555556
2053,0.0,0.0,4.1995,4.1995,4.1995,0.0,892.0,180,4.1995,4.1995,0.0,300.0,61,0.1481294780160716,-1516.0,0.0253306305555556
2054,0.0,0.0,4.1995,4.1995,4.1995,0.0,892.0,180,4.1995,4.1995,0.0,300.0,61,0.1481183996078149,-1517.0,0.0253287361111111
2055,2.901639344265952e-09,5.380496869776207,4.1998,4.1995,4.199509836065574,27.86268313673108,891.0,180,4.1995,4.1995,0.0,300.0,61,0.1477519512033343,-1518.0,0.0252660722222222
2056,5.6065573770562446e-09,3.5991253886958123,4.1998,4.1995,4.199519672131148,11.32409486593236,890.0,180,4.1995,4.1995,0.0,300.0,61,0.1468256858138986,-1519.0,0.0251076777777778
2057,0.0,0.0,4.1995,4.1995,4.1995,0.0,887.0,179,4.1995,4.1995,0.0,300.0,61,0.146857654006638,-1520.0,0.0251131444444444
2058,6.885245901648022e-09,3.1252134986792086,4.1998,4.1995,4.199524590163934,8.02926442348302,885.0,178,4.1995,4.1995,0.0,300.0,61,0.1469404984085554,-1521.0,0.0251273111111111
2059,1.3524590163951464e-08,1.705186137453736,4.1998,4.1995,4.199554098360656,0.9373147016447811,887.0,179,4.1995,4.1995,0.0,300.0,61,0.1465347070351642,-1522.0,0.0250579194444444
2060,4.278688524595554e-09,4.275398459370035,4.1998,4.1995,4.19951475409836,16.830044942416812,887.0,179,4.1995,4.1995,0.0,300.0,61,0.1456326614502892,-1523.0,0.0249036666666667
2061,1.618032786887285e-08,1.3191358525893682,4.1998,4.1995,4.1995688524590165,-0.2698256765383067,882.0,178,4.1995,4.1995,0.0,300.0,61,0.146004405398892,-1524.0,0.0249672361111111
2062,0.0,0.0,4.1995,4.1995,4.1995,0.0,887.0,179,4.1995,4.1995,0.0,300.0,61,0.1463301788264309,-1525.0,0.0250229444444444
2063,8.114754098370884e-09,2.765843744570468,4.1998,4.1995,4.199529508196721,5.840391052505627,886.0,179,4.1995,4.1995,0.0,300.0,61,0.1456461114826004,-1526.0,0.0249059666666667
2064,0.0,0.0,4.1995,4.1995,4.1995,0.0,882.0,178,4.1995,4.1995,0.0,300.0,61,0.1450723571453223,-1527.0,0.0248078527777778
2065,1.4754098360674331e-09,7.810249675878435,4.1998,4.1995,4.199504918032787,60.99999999969615,884.0,178,4.1995,4.1995,0.0,300.0,61,0.1456704125071625,-1528.0,0.0249101222222222
2066,0.0,0.0,4.1995,4.1995,4.1995,0.0,884.0,178,4.1995,4.1995,0.0,300.0,61,0.1458032721862375,-1529.0,0.0249328416666667
2067,0.0,0.0,4.1995,4.1995,4.1995,0.0,883.0,178,4.1995,4.1995,0.0,300.0,61,0.1449975697675915,-1530.0,0.0247950638888889
2068,0.0,0.0,4.1995,4.1995,4.1995,0.0,880.0,178,4.1995,4.1995,0.0,300.0,61,0.1447060874248456,-1531.0,0.0247452194444444
2069,0.0,0.0,4.1995,4.1995,4.1995,0.0,881.0,178,4.1995,4.1995,0.0,300.0,61,0.1451123336302474,-1532.0,0.0248146888888889
2070,2.901639344265952e-09,5.380496869776208,4.1998,4.1995,4.199509836065574,27.86268313673108,885.0,179,4.1995,4.1995,0.0,300.0,61,0.1449107293415818,-1533.0,0.0247802138888889
2071,5.606557377056247e-09,3.5991253886958097,4.1998,4.1995,4.199519672131148,11.324094865932343,883.0,178,4.1998,4.1995,-0.0003000000000001,300.0,61,0.1444746104194889,-1534.0,0.0247056361111111
2072,1.4754098360674323e-09,7.810249675878441,4.1998,4.1995,4.199504918032787,60.99999999969619,878.0,177,4.1995,4.1995,0.0,300.0,61,0.1443115206557145,-1535.0,0.0246777472222222
2073,1.4459016393460842e-08,1.5645937536945216,4.1998,4.1995,4.199559016393442,0.4620164839890104,883.0,178,4.1998,4.1995,-0.0003000000000001,300.0,61,0.1447228512332337,-1536.0,0.0247480861111111
2074,8.114754098370882e-09,2.7658437445704673,4.1998,4.1995,4.199529508196721,5.840391052505627,882.0,178,4.1998,4.1995,-0.0003000000000001,300.0,61,0.1441798630326675,-1537.0,0.0246552333333333
2075,1.4754098360674327e-09,7.810249675878441,4.1998,4.1995,4.199504918032787,60.99999999969619,883.0,178,4.1995,4.1995,0.0,300.0,61,0.1442167531575217,-1538.0,0.0246615416666667
2076,4.278688524595555e-09,4.2753984593700345,4.1998,4.1995,4.19951475409836,16.83004494241679,881.0,178,4.1995,4.1995,0.0,300.0,61,0.1438508083170527,-1539.0,0.0245989638888889
2077,0.0,0.0,4.1995,4.1995,4.1995,0.0,879.0,177,4.1995,4.1995,0.0,300.0,61,0.1439018794542344,-1540.0,0.0246076972222222
2078,0.0,0.0,4.1995,4.1995,4.1995,0.0,880.0,177,4.1995,4.1995,0.0,300.0,61,0.1438907198259763,-1541.0,0.0246057888888889
2079,4.278688524595554e-09,4.275398459370035,4.1998,4.1995,4.19951475409836,16.830044942416812,880.0,177,4.1995,4.1995,0.0,300.0,61,0.1440579842978474,-1542.0,0.0246343916666667
2080,0.0,0.0,4.1995,4.1995,4.1995,0.0,879.0,177,4.1995,4.1995,0.0,300.0,61,0.1435235404414789,-1543.0,0.024543
2081,4.2786885245955535e-09,4.275398459370035,4.1998,4.1995,4.19951475409836,16.83004494241682,883.0,178,4.1995,4.1995,0.0,300.0,61,0.1430890784074246,-1544.0,0.0244687055555556
2082,0.0,0.0,4.1995,4.1995,4.1995,0.0,880.0,177,4.1995,4.1995,0.0,300.0,61,0.1436533462484828,-1545.0,0.0245651972222222
2083,0.0,0.0,4.1995,4.1995,4.1995,0.0,883.0,178,4.1995,4.1995,0.0,300.0,61,0.1434401924755499,-1546.0,0.0245287472222222
2084,0.0,0.0,4.1995,4.1995,4.1995,0.0,878.0,177,4.1995,4.1995,0.0,300.0,61,0.142646932961192,-1547.0,0.0243930972222222
2085,0.0,0.0,4.1995,4.1995,4.1995,0.0,877.0,177,4.1995,4.1995,0.0,300.0,61,0.1421968117107752,-1548.0,0.024316125
2086,0.0,0.0,4.1995,4.1995,4.1995,0.0,879.0,177,4.1995,4.1995,0.0,300.0,61,0.142911336555311,-1549.0,0.0244383111111111
2087,0.0,0.0,4.1995,4.1995,4.1995,0.0,877.0,177,4.1995,4.1995,0.0,300.0,61,0.1428745438944593,-1550.0,0.0244320194444444
2088,1.4754098360674323e-09,7.810249675878441,4.1998,4.1995,4.199504918032787,60.99999999969619,877.0,177,4.1995,4.1995,0.0,300.0,61,0.142104285884634,-1551.0,0.0243003027777778
2089,0.0,0.0,4.1995,4.1995,4.1995,0.0,877.0,177,4.1995,4.1995,0.0,300.0,61,0.1417788860691032,-1552.0,0.0242446583333333
2090,0.0,0.0,4.1995,4.1995,4.1995,0.0,875.0,176,4.1995,4.1995,0.0,300.0,61,0.1422700883964713,-1553.0,0.0243286555555556
2091,0.0,0.0,4.1995,4.1995,4.1995,0.0,878.0,177,4.1995,4.1995,0.0,300.0,61,0.142315539109523,-1554.0,0.0243364277777778
2092,0.0,0.0,4.1995,4.1995,4.1995,0.0,876.0,177,4.1995,4.1995,0.0,300.0,61,0.1416166409933487,-1555.0,0.0242169138888889
2093,0.0,0.0,4.1995,4.1995,4.1995,0.0,873.0,176,4.1995,4.1995,0.0,300.0,61,0.1412093876599237,-1556.0,0.0241472722222222
2094,0.0,0.0,4.1995,4.1995,4.1995,0.0,876.0,177,4.1995,4.1995,0.0,300.0,61,0.1414980760346048,-1557.0,0.0241966388888889
2095,0.0,0.0,4.1995,4.1995,4.1995,0.0,874.0,176,4.1995,4.1995,0.0,300.0,61,0.1416574459222931,-1558.0,0.0242238916666667
2096,0.0,0.0,4.1995,4.1995,4.1995,0.0,875.0,176,4.1995,4.1995,0.0,300.0,61,0.1408860021004398,-1559.0,0.0240919722222222
2097,0.0,0.0,4.1995,4.1995,4.1995,0.0,872.0,176,4.1995,4.1995,0.0,300.0,61,0.1407268433847569,-1560.0,0.0240647555555556
2098,0.0,0.0,4.1995,4.1995,4.1995,0.0,871.0,176,4.1995,4.1995,0.0,300.0,61,0.140964054522246,-1561.0,0.0241053194444444
2099,0.0,0.0,4.1995,4.1995,4.1995,0.0,873.0,176,4.1995,4.1995,0.0,300.0,61,0.140893831708621,-1562.0,0.0240933111111111
2100,0.0,0.0,4.1995,4.1995,4.1995,0.0,873.0,176,4.1995,4.1995,0.0,300.0,61,0.1404012161532207,-1563.0,0.0240090722222222
2101,0.0,0.0,4.1995,4.1995,4.1995,0.0,869.0,175,4.1995,4.1995,0.0,300.0,61,0.1401934066564115,-1564.0,0.0239735361111111
2102,0.0,0.0,4.1995,4.1995,4.1995,0.0,872.0,176,4.1995,4.1995,0.0,300.0,61,0.1399575437709533,-1565.0,0.0239332027777778
2103,0.0,0.0,4.1995,4.1995,4.1995,0.0,872.0,176,4.1995,4.1995,0.0,300.0,61,0.1396673609482379,-1566.0,0.0238835805555556
2104,0.0,0.0,4.1995,4.1995,4.1995,0.0,870.0,175,4.1995,4.1995,0.0,300.0,61,0.1398636209607797,-1567.0,0.0239171416666667
2105,0.0,0.0,4.1995,4.1995,4.1995,0.0,871.0,176,4.1995,4.1995,0.0,300.0,61,0.1396649081041808,-1568.0,0.0238831611111111
2106,0.0,0.0,4.1995,4.1995,4.1995,0.0,869.0,175,4.1995,4.1995,0.0,300.0,61,0.1391032555471831,-1569.0,0.0237871166666667
2107,0.0,0.0,4.1995,4.1995,4.1995,0.0,867.0,175,4.1995,4.1995,0.0,300.0,61,0.1387640483313328,-1570.0,0.0237291111111111
2108,0.0,0.0,4.1995,4.1995,4.1995,0.0,869.0,175,4.1995,4.1995,0.0,300.0,61,0.1391333719238801,-1571.0,0.0237922666666667
2109,0.0,0.0,4.1995,4.1995,4.1995,0.0,869.0,175,4.1995,4.1995,0.0,300.0,61,0.1388467952692477,-1572.0,0.0237432611111111
2110,0.0,0.0,4.1995,4.1995,4.1995,0.0,868.0,175,4.1995,4.1995,0.0,300.0,61,0.1379629916967946,-1573.0,0.0235921277777778
2111,0.0,0.0,4.1995,4.1995,4.1995,0.0,862.0,174,4.1995,4.1995,0.0,300.0,61,0.1379627805247897,-1574.0,0.0235920916666667
2112,0.0,0.0,4.1995,4.1995,4.1995,0.0,863.0,174,4.1995,4.1995,0.0,300.0,61,0.1385636460986952,-1575.0,0.0236948416666667
2113,0.0,0.0,4.1995,4.1995,4.1995,0.0,865.0,174,4.1995,4.1995,0.0,300.0,61,0.1382859874002693,-1576.0,0.0236473611111111
2114,0.0,0.0,4.1995,4.1995,4.1995,0.0,863.0,174,4.1995,4.1995,0.0,300.0,61,0.1376369583652492,-1577.0,0.023536375
2115,0.0,0.0,4.1995,4.1995,4.1995,0.0,865.0,175,4.1995,4.1995,0.0,300.0,61,0.1373899196075324,-1578.0,0.0234941305555556
2116,0.0,0.0,4.1995,4.1995,4.1995,0.0,863.0,174,4.1995,4.1995,0.0,300.0,61,0.1374709121934068,-1579.0,0.0235079805555556
2117,0.0,0.0,4.1995,4.1995,4.1995,0.0,864.0,174,4.1995,4.1995,0.0,300.0,61,0.1374750056815015,-1580.0,0.0235086805555556
2118,0.0,0.0,4.1995,4.1995,4.1995,0.0,864.0,174,4.1995,4.1995,0.0,300.0,61,0.1368245634184486,-1581.0,0.0233974527777778
2119,0.0,0.0,4.1995,4.1995,4.1995,0.0,859.0,173,4.1995,4.1995,0.0,300.0,61,0.1366228291777801,-1582.0,0.0233629555555556
2120,0.0,0.0,4.1995,4.1995,4.1995,0.0,857.0,173,4.1995,4.1995,0.0,300.0,61,0.1369408704611403,-1583.0,0.0234173416666667
2121,0.0,0.0,4.1995,4.1995,4.1995,0.0,861.0,174,4.1995,4.1995,0.0,300.0,61,0.1369096332484172,-1584.0,0.023412
2122,0.0,0.0,4.1995,4.1995,4.1995,0.0,860.0,173,4.1995,4.1995,0.0,300.0,61,0.1364177649170343,-1585.0,0.0233278888888889
2123,0.0,0.0,4.1995,4.1995,4.1995,0.0,862.0,174,4.1995,4.1995,0.0,300.0,61,0.1361308796263952,-1586.0,0.0232788305555556
2124,0.0,0.0,4.1995,4.1995,4.1995,0.0,859.0,173,4.1995,4.1995,0.0,300.0,61,0.1358498584198915,-1587.0,0.023230775
2125,0.0,0.0,4.1995,4.1995,4.1995,0.0,855.0,172,4.1995,4.1995,0.0,300.0,61,0.1355255631963862,-1588.0,0.0231753194444444
2126,0.0,0.0,4.1995,4.1995,4.1995,0.0,857.0,173,4.1995,4.1995,0.0,300.0,61,0.13559918100609,-1589.0,0.0231879083333333
2127,0.0,0.0,4.1995,4.1995,4.1995,0.0,855.0,173,4.1995,4.1995,0.0,300.0,61,0.1356793938799465,-1590.0,0.023201625
2128,0.0,0.0,4.1995,4.1995,4.1995,0.0,855.0,173,4.1995,4.1995,0.0,300.0,61,0.134994010772085,-1591.0,0.0230844222222222
2129,0.0,0.0,4.1995,4.1995,4.1995,0.0,856.0,173,4.1995,4.1995,0.0,300.0,61,0.1345453027497011,-1592.0,0.0230076916666667
2130,0.0,0.0,4.1995,4.1995,4.1995,0.0,856.0,173,4.1995,4.1995,0.0,300.0,61,0.1347428297942719,-1593.0,0.0230414694444444
2131,0.0,0.0,4.1995,4.1995,4.1995,0.0,855.0,173,4.1995,4.1995,0.0,300.0,61,0.1348288092882618,-1594.0,0.0230561722222222
2132,0.0,0.0,4.1995,4.1995,4.1995,0.0,855.0,173,4.1995,4.1995,0.0,300.0,61,0.1340959124793007,-1595.0,0.0229308444444444
2133,0.0,0.0,4.1995,4.1995,4.1995,0.0,856.0,173,4.1995,4.1995,0.0,300.0,61,0.1335651722550183,-1596.0,0.0228400861111111
2134,0.0,0.0,4.1995,4.1995,4.1995,0.0,852.0,172,4.1995,4.1995,0.0,300.0,61,0.1339712560204162,-1597.0,0.0229095277777778
2135,0.0,0.0,4.1995,4.1995,4.1995,0.0,856.0,173,4.1995,4.1995,0.0,300.0,61,0.1341348493482022,-1598.0,0.0229375027777778
2136,0.0,0.0,4.1995,4.1995,4.1995,0.0,857.0,173,4.1995,4.1995,0.0,300.0,61,0.1335339187982953,-1599.0,0.0228347416666667
2137,0.0,0.0,4.1995,4.1995,4.1995,0.0,850.0,172,4.1995,4.1995,0.0,300.0,61,0.132796863525238,-1600.0,0.0227087027777778
2138,0.0,0.0,4.1995,4.1995,4.1995,0.0,854.0,172,4.1995,4.1995,0.0,300.0,61,0.1329155421919842,-1601.0,0.0227289972222222
2139,0.0,0.0,4.1995,4.1995,4.1995,0.0,854.0,172,4.1995,4.1995,0.0,300.0,61,0.1332040356386611,-1602.0,0.0227783305555556
2140,0.0,0.0,4.1995,4.1995,4.1995,0.0,856.0,173,4.1995,4.1995,0.0,300.0,61,0.1328811536431887,-1603.0,0.0227231166666667
2141,0.0,0.0,4.1995,4.1995,4.1995,0.0,853.0,172,4.1995,4.1995,0.0,300.0,61,0.1323442569427637,-1604.0,0.0226313055555556
2142,0.0,0.0,4.1995,4.1995,4.1995,0.0,848.0,171,4.1995,4.1995,0.0,300.0,61,0.1322676015049893,-1605.0,0.0226181972222222
2143,0.0,0.0,4.1995,4.1995,4.1995,0.0,848.0,171,4.1995,4.1995,0.0,300.0,61,0.1323111354259971,-1606.0,0.0226256416666667
2144,0.0,0.0,4.1995,4.1995,4.1995,0.0,850.0,172,4.1995,4.1995,0.0,300.0,61,0.1318209564706527,-1607.0,0.0225418194444444
2145,0.0,0.0,4.1995,4.1995,4.1995,0.0,851.0,172,4.1995,4.1995,0.0,300.0,61,0.1317762529816185,-1608.0,0.022534175
2146,0.0,0.0,4.1995,4.1995,4.1995,0.0,850.0,172,4.1995,4.1995,0.0,300.0,61,0.1315751847449655,-1609.0,0.0224997916666667
2147,0.0,0.0,4.1995,4.1995,4.1995,0.0,848.0,171,4.1995,4.1995,0.0,300.0,61,0.1314138980652326,-1610.0,0.0224722111111111
2148,0.0,0.0,4.1995,4.1995,4.1995,0.0,848.0,171,4.1995,4.1995,0.0,300.0,61,0.1313402477675284,-1611.0,0.0224596166666667
2149,0.0,0.0,4.1995,4.1995,4.1995,0.0,848.0,171,4.1995,4.1995,0.0,300.0,61,0.1313330841633627,-1612.0,0.0224583916666667
2150,0.0,0.0,4.1995,4.1995,4.1995,0.0,846.0,171,4.1995,4.1995,0.0,300.0,61,0.130724876301287,-1613.0,0.0223543861111111
2151,0.0,0.0,4.1995,4.1995,4.1995,0.0,844.0,170,4.1995,4.1995,0.0,300.0,61,0.1304057141819007,-1614.0,0.0222998083333333
2152,0.0,0.0,4.1995,4.1995,4.1995,0.0,847.0,171,4.1995,4.1995,0.0,300.0,61,0.1303215865039539,-1615.0,0.0222854222222222
2153,0.0,0.0,4.1995,4.1995,4.1995,0.0,847.0,171,4.1995,4.1995,0.0,300.0,61,0.1305241004566408,-1616.0,0.0223200527777778
2154,0.0,0.0,4.1995,4.1995,4.1995,0.0,848.0,171,4.1995,4.1995,0.0,300.0,61,0.1304460967668355,-1617.0,0.0223067138888889
2155,0.0,0.0,4.1995,4.1995,4.1995,0.0,845.0,170,4.1995,4.1995,0.0,300.0,61,0.1295499802420972,-1618.0,0.022153475
2156,0.0,0.0,4.1995,4.1995,4.1995,0.0,841.0,170,4.1995,4.1995,0.0,300.0,61,0.1295035711330232,-1619.0,0.0221455388888889
2157,0.0,0.0,4.1995,4.1995,4.1995,0.0,847.0,171,4.1995,4.1995,0.0,300.0,61,0.1298324146766333,-1620.0,0.0222017722222222
2158,0.0,0.0,4.1995,4.1995,4.1995,0.0,843.0,170,4.1995,4.1995,0.0,300.0,61,0.1295941801671199,-1621.0,0.0221610333333333
2159,0.0,0.0,4.1995,4.1995,4.1995,0.0,839.0,169,4.1995,4.1995,0.0,300.0,61,0.1287773181202158,-1622.0,0.0220213472222222
2160,0.0,0.0,4.1995,4.1995,4.1995,0.0,841.0,170,4.1995,4.1995,0.0,300.0,61,0.1288136072170559,-1623.0,0.0220275527777778
2161,0.0,0.0,4.1995,4.1995,4.1995,0.0,843.0,170,4.1995,4.1995,0.0,300.0,61,0.1291757834494373,-1624.0,0.0220894861111111
2162,0.0,0.0,4.1995,4.1995,4.1995,0.0,843.0,170,4.1995,4.1995,0.0,300.0,61,0.1289780127448607,-1625.0,0.0220556666666667
2163,0.0,0.0,4.1995,4.1995,4.1995,0.0,842.0,170,4.1995,4.1995,0.0,300.0,61,0.128163765982017,-1626.0,0.0219164277777778
2164,0.0,0.0,4.1995,4.1995,4.1995,0.0,842.0,170,4.1995,4.1995,0.0,300.0,61,0.1279599200212991,-1627.0,0.0218815694444444
2165,0.0,0.0,4.1995,4.1995,4.1995,0.0,842.0,170,4.1995,4.1995,0.0,300.0,61,0.1282823796727618,-1628.0,0.0219367111111111
2166,0.0,0.0,4.1995,4.1995,4.1995,0.0,840.0,170,4.1995,4.1995,0.0,300.0,61,0.1283738009068773,-1629.0,0.0219523444444444
2167,0.0,0.0,4.1995,4.1995,4.1995,0.0,843.0,170,4.1995,4.1995,0.0,300.0,61,0.1277585593926393,-1630.0,0.0218471361111111
2168,0.0,0.0,4.1995,4.1995,4.1995,0.0,838.0,169,4.1995,4.1995,0.0,300.0,61,0.1270678482526546,-1631.0,0.0217290222222222
2169,0.0,0.0,4.1995,4.1995,4.1995,0.0,835.0,169,4.1995,4.1995,0.0,300.0,61,0.1272291674203878,-1632.0,0.0217566083333333
2170,0.0,0.0,4.1995,4.1995,4.1995,0.0,837.0,169,4.1995,4.1995,0.0,300.0,61,0.1269502904219339,-1633.0,0.0217089194444444
2171,0.0,0.0,4.1995,4.1995,4.1995,0.0,840.0,169,4.1995,4.1995,0.0,300.0,61,0.1267813528180248,-1634.0,0.0216800305555556
2172,0.0,0.0,4.1995,4.1995,4.1995,0.0,838.0,169,4.1995,4.1995,0.0,300.0,61,0.1270267834197044,-1635.0,0.021722
2173,0.0,0.0,4.1995,4.1995,4.1995,0.0,834.0,168,4.1995,4.1995,0.0,300.0,61,0.1273124828983164,-1636.0,0.0217708555555556
2174,0.0,0.0,4.1995,4.1995,4.1995,0.0,835.0,168,4.1995,4.1995,0.0,300.0,61,0.1274787077541632,-1637.0,0.0217992805555556
2175,0.0,0.0,4.1995,4.1995,4.1995,0.0,838.0,169,4.1995,4.1995,0.0,300.0,61,0.1275121703949375,-1638.0,0.0218050027777778
2176,0.0,0.0,4.1995,4.1995,4.1995,0.0,836.0,169,4.1995,4.1995,0.0,300.0,61,0.1270653791645976,-1639.0,0.0217286
2177,0.0,0.0,4.1995,4.1995,4.1995,0.0,832.0,168,4.1995,4.1995,0.0,300.0,61,0.1269039462888613,-1640.0,0.0217009944444444
2178,0.0,0.0,4.1995,4.1995,4.1995,0.0,841.0,170,4.1995,4.1995,0.0,300.0,61,0.1268682257320349,-1641.0,0.0216948861111111
2179,0.0,0.0,4.1995,4.1995,4.1995,0.0,835.0,169,4.1995,4.1995,0.0,300.0,61,0.1262539426138192,-1642.0,0.0215898416666667
2180,1.475409836058696e-09,-7.810249675948979,4.1995,4.1992,4.199495081967213,61.00000000045576,833.0,168,4.1995,4.1995,0.0,300.0,61,0.1258922699454487,-1643.0,0.0215279944444444
2181,0.0,0.0,4.1995,4.1995,4.1995,0.0,830.0,167,4.1995,4.1995,0.0,300.0,61,0.1254106190903027,-1644.0,0.0214456305555556
2182,0.0,0.0,4.1995,4.1995,4.1995,0.0,834.0,168,4.1995,4.1995,0.0,300.0,61,0.1249174674828897,-1645.0,0.0213613
2183,1.475409836058696e-09,-7.810249675948984,4.1995,4.1992,4.199495081967213,61.00000000045582,833.0,168,4.1995,4.1995,0.0,300.0,61,0.1253568514490581,-1646.0,0.0214364361111111
2184,0.0,0.0,4.1995,4.1995,4.1995,0.0,833.0,168,4.1995,4.1995,0.0,300.0,61,0.1254828724039745,-1647.0,0.0214579861111111
2185,0.0,0.0,4.1995,4.1995,4.1995,0.0,832.0,168,4.1995,4.1995,0.0,300.0,61,0.1246354878803643,-1648.0,0.0213130805555556
2186,0.0,0.0,4.1995,4.1995,4.1995,0.0,835.0,168,4.1995,4.1995,0.0,300.0,61,0.1240633904311243,-1649.0,0.02121525
2187,0.0,0.0,4.1995,4.1995,4.1995,0.0,830.0,168,4.1995,4.1995,0.0,300.0,61,0.1242171236506822,-1650.0,0.0212415388888889
2188,0.0,0.0,4.1995,4.1995,4.1995,0.0,833.0,168,4.1995,4.1995,0.0,300.0,61,0.1245443265502545,-1651.0,0.0212974916666667
2189,0.0,0.0,4.1995,4.1995,4.1995,0.0,831.0,168,4.1995,4.1995,0.0,300.0,61,0.1242654008197991,-1652.0,0.0212497944444444
2190,0.0,0.0,4.1995,4.1995,4.1995,0.0,831.0,168,4.1995,4.1995,0.0,300.0,61,0.123696048606623,-1653.0,0.0211524333333333
2191,0.0,0.0,4.1995,4.1995,4.1995,0.0,828.0,167,4.1995,4.1995,0.0,300.0,61,0.1241024085200272,-1654.0,0.0212219222222222
2192,0.0,0.0,4.1995,4.1995,4.1995,0.0,831.0,168,4.1995,4.1995,0.0,300.0,61,0.1246694540851502,-1655.0,0.0213188888888889
2193,0.0,0.0,4.1995,4.1995,4.1995,0.0,828.0,167,4.1995,4.1995,0.0,300.0,61,0.1240654209311712,-1656.0,0.0212155972222222
2194,0.0,0.0,4.1995,4.1995,4.1995,0.0,830.0,167,4.1995,4.1995,0.0,300.0,61,0.1234941844139516,-1657.0,0.0211179138888889
2195,0.0,0.0,4.1995,4.1995,4.1995,0.0,829.0,167,4.1995,4.1995,0.0,300.0,61,0.1235405610350245,-1658.0,0.0211258444444444
2196,0.0,0.0,4.1995,4.1995,4.1995,0.0,826.0,167,4.1995,4.1995,0.0,300.0,61,0.123539976251011,-1659.0,0.0211257444444444
2197,0.0,0.0,4.1995,4.1995,4.1995,0.0,823.0,166,4.1995,4.1995,0.0,300.0,61,0.122691129767367,-1660.0,0.0209805888888889
2198,0.0,0.0,4.1995,4.1995,4.1995,0.0,825.0,166,4.1995,4.1995,0.0,300.0,61,0.1221248151822609,-1661.0,0.0208837472222222
2199,0.0,0.0,4.1995,4.1995,4.1995,0.0,828.0,167,4.1995,4.1995,0.0,300.0,61,0.122476773938406,-1662.0,0.0209439333333333
2200,0.0,0.0,4.1995,4.1995,4.1995,0.0,826.0,167,4.1995,4.1995,0.0,300.0,61,0.1226455166143114,-1663.0,0.0209727888888889
2201,0.0,0.0,4.1995,4.1995,4.1995,0.0,824.0,166,4.1995,4.1995,0.0,300.0,61,0.1219225773775808,-1664.0,0.0208491638888889
2202,0.0,0.0,4.1995,4.1995,4.1995,0.0,829.0,167,4.1995,4.1995,0.0,300.0,61,0.1212975569751161,-1665.0,0.0207422833333333
2203,0.0,0.0,4.1995,4.1995,4.1995,0.0,822.0,166,4.1995,4.1995,0.0,300.0,61,0.1215476008729031,-1666.0,0.0207850416666667
2204,0.0,0.0,4.1995,4.1995,4.1995,0.0,824.0,166,4.1995,4.1995,0.0,300.0,61,0.1216344412989128,-1667.0,0.0207998916666667
2205,0.0,0.0,4.1995,4.1995,4.1995,0.0,824.0,166,4.1995,4.1995,0.0,300.0,61,0.1211874551405685,-1668.0,0.0207234555555556
2206,0.0,0.0,4.1995,4.1995,4.1995,0.0,819.0,165,4.1995,4.1995,0.0,300.0,61,0.1209043709460169,-1669.0,0.0206750472222222
2207,1.4754098360674323e-09,7.810249675878442,4.1998,4.1995,4.199504918032787,60.99999999969619,825.0,166,4.1995,4.1995,0.0,300.0,61,0.1210254537248193,-1670.0,0.0206957527777778
2208,0.0,0.0,4.1995,4.1995,4.1995,0.0,826.0,167,4.1995,4.1995,0.0,300.0,61,0.1212352287456739,-1671.0,0.020731625
2209,0.0,0.0,4.1995,4.1995,4.1995,0.0,821.0,166,4.1995,4.1995,0.0,300.0,61,0.1204723130240182,-1672.0,0.0206011638888889
2210,0.0,0.0,4.1995,4.1995,4.1995,0.0,819.0,165,4.1995,4.1995,0.0,300.0,61,0.1198092004406719,-1673.0,0.0204877694444444
2211,0.0,0.0,4.1995,4.1995,4.1995,0.0,822.0,166,4.1995,4.1995,0.0,300.0,61,0.120090335355178,-1674.0,0.0205358444444444
2212,0.0,0.0,4.1995,4.1995,4.1995,0.0,820.0,166,4.1995,4.1995,0.0,300.0,61,0.1202147481540573,-1675.0,0.0205571194444444
2213,0.0,0.0,4.1995,4.1995,4.1995,0.0,819.0,165,4.1995,4.1995,0.0,300.0,61,0.1193994130431885,-1676.0,0.0204176944444444
2214,0.0,0.0,4.1995,4.1995,4.1995,0.0,819.0,165,4.1995,4.1995,0.0,300.0,61,0.1191438136972735,-1677.0,0.0203739861111111
2215,0.0,0.0,4.1995,4.1995,4.1995,0.0,818.0,165,4.1995,4.1995,0.0,300.0,61,0.119318534165317,-1678.0,0.0204038638888889
2216,0.0,0.0,4.1995,4.1995,4.1995,0.0,819.0,165,4.1995,4.1995,0.0,300.0,61,0.1196040712039252,-1679.0,0.0204526916666667
2217,1.4754098360674323e-09,7.810249675878442,4.1998,4.1995,4.199504918032787,60.99999999969619,823.0,166,4.1995,4.1995,0.0,300.0,61,0.1190272954825769,-1680.0,0.0203540611111111
2218,0.0,0.0,4.1995,4.1995,4.1995,0.0,815.0,165,4.1995,4.1995,0.0,300.0,61,0.1183389722106478,-1681.0,0.0202363555555556
2219,0.0,0.0,4.1995,4.1995,4.1995,0.0,819.0,165,4.1995,4.1995,0.0,300.0,61,0.1187035525550848,-1682.0,0.0202987
2220,0.0,0.0,4.1995,4.1995,4.1995,0.0,821.0,166,4.1995,4.1995,0.0,300.0,61,0.1188350314941274,-1683.0,0.0203211833333333
2221,0.0,0.0,4.1995,4.1995,4.1995,0.0,815.0,165,4.1995,4.1995,0.0,300.0,61,0.1182250367920107,-1684.0,0.0202168722222222
2222,0.0,0.0,4.1995,4.1995,4.1995,0.0,816.0,165,4.1995,4.1995,0.0,300.0,61,0.1180985610050836,-1685.0,0.0201952444444444
2223,0.0,0.0,4.1995,4.1995,4.1995,0.0,816.0,165,4.1995,4.1995,0.0,300.0,61,0.1180533377080372,-1686.0,0.0201875111111111
2224,0.0,0.0,4.1995,4.1995,4.1995,0.0,817.0,165,4.1995,4.1995,0.0,300.0,61,0.1179785665743069,-1687.0,0.020174725
2225,0.0,0.0,4.1995,4.1995,4.1995,0.0,817.0,165,4.1995,4.1995,0.0,300.0,61,0.1174134378012284,-1688.0,0.0200780861111111
2226,0.0,0.0,4.1995,4.1995,4.1995,0.0,815.0,165,4.1995,4.1995,0.0,300.0,61,0.1169608637067546,-1689.0,0.0200006944444444
2227,0.0,0.0,4.1995,4.1995,4.1995,0.0,813.0,164,4.1995,4.1995,0.0,300.0,61,0.1173217566631066,-1690.0,0.0200624083333333
2228,0.0,0.0,4.1995,4.1995,4.1995,0.0,817.0,165,4.1995,4.1995,0.0,300.0,61,0.1172488535894198,-1691.0,0.0200499416666667
2229,0.0,0.0,4.1995,4.1995,4.1995,0.0,815.0,165,4.1995,4.1995,0.0,300.0,61,0.1165937005662576,-1692.0,0.0199379083333333
2230,0.0,0.0,4.1995,4.1995,4.1995,0.0,812.0,164,4.1995,4.1995,0.0,300.0,61,0.1167102675129556,-1693.0,0.0199578416666667
2231,0.0,0.0,4.1995,4.1995,4.1995,0.0,813.0,164,4.1995,4.1995,0.0,300.0,61,0.1167532978699513,-1694.0,0.0199652
2232,0.0,0.0,4.1995,4.1995,4.1995,0.0,814.0,164,4.1995,4.1995,0.0,300.0,61,0.1169523843385583,-1695.0,0.0199992444444444
2233,0.0,0.0,4.1995,4.1995,4.1995,0.0,813.0,164,4.1995,4.1995,0.0,300.0,61,0.1160704650701487,-1696.0,0.0198484333333333
2234,0.0,0.0,4.1995,4.1995,4.1995,0.0,810.0,164,4.1995,4.1995,0.0,300.0,61,0.1156593131766338,-1697.0,0.019778125
2235,0.0,0.0,4.1995,4.1995,4.1995,0.0,811.0,164,4.1995,4.1995,0.0,300.0,61,0.1160652994780293,-1698.0,0.01984755
2236,0.0,0.0,4.1995,4.1995,4.1995,0.0,815.0,165,4.1995,4.1995,0.0,300.0,61,0.1162337172739269,-1699.0,0.01987635
2237,0.0,0.0,4.1995,4.1995,4.1995,0.0,812.0,164,4.1995,4.1995,0.0,300.0,61,0.115416611567017,-1700.0,0.0197366222222222
2238,0.0,0.0,4.1995,4.1995,4.1995,0.0,809.0,163,4.1995,4.1995,0.0,300.0,61,0.1152517999392031,-1701.0,0.0197084388888889
2239,0.0,0.0,4.1995,4.1995,4.1995,0.0,816.0,165,4.1995,4.1995,0.0,300.0,61,0.1153678795658894,-1702.0,0.0197282888888889
2240,0.0,0.0,4.1995,4.1995,4.1995,0.0,813.0,164,4.1995,4.1995,0.0,300.0,61,0.1154131028629358,-1703.0,0.0197360222222222
2241,0.0,0.0,4.1995,4.1995,4.1995,0.0,809.0,163,4.1995,4.1995,0.0,300.0,61,0.1147673388719911,-1704.0,0.0196255944444444
2242,0.0,0.0,4.1995,4.1995,4.1995,0.0,809.0,163,4.1995,4.1995,0.0,300.0,61,0.1145271550824328,-1705.0,0.0195845222222222
2243,0.0,0.0,4.1995,4.1995,4.1995,0.0,809.0,163,4.1995,4.1995,0.0,300.0,61,0.1150932422515336,-1706.0,0.019681325
2244,0.0,0.0,4.1995,4.1995,4.1995,0.0,813.0,164,4.1995,4.1995,0.0,300.0,61,0.1147272161910627,-1707.0,0.0196187333333333
2245,0.0,0.0,4.1995,4.1995,4.1995,0.0,806.0,163,4.1995,4.1995,0.0,300.0,61,0.1141126081928392,-1708.0,0.0195136333333333
2246,0.0,0.0,4.1995,4.1995,4.1995,0.0,806.0,163,4.1995,4.1995,0.0,300.0,61,0.1141599919419359,-1709.0,0.0195217361111111
2247,0.0,0.0,4.1995,4.1995,4.1995,0.0,807.0,163,4.1995,4.1995,0.0,300.0,61,0.1144339794962767,-1710.0,0.0195685888888889
2248,0.0,0.0,4.1995,4.1995,4.1995,0.0,808.0,163,4.1995,4.1995,0.0,300.0,61,0.1142823092647668,-1711.0,0.0195426527777778
2249,4.2786885245955535e-09,4.275398459370035,4.1998,4.1995,4.19951475409836,16.83004494241682,805.0,163,4.1995,4.1995,0.0,300.0,61,0.1136384620658666,-1712.0,0.0194325527777778
2250,0.0,0.0,4.1995,4.1995,4.1995,0.0,808.0,163,4.1995,4.1995,0.0,300.0,61,0.1137997812335998,-1713.0,0.0194601388888889
2251,1.4754098360674323e-09,7.810249675878441,4.1998,4.1995,4.199504918032787,60.99999999969619,810.0,163,4.1995,4.1995,0.0,300.0,61,0.1143146673135154,-1714.0,0.0195481861111111
2252,2.901639344265952e-09,5.380496869776207,4.1998,4.1995,4.199509836065574,27.86268313673108,805.0,162,4.1995,4.1995,0.0,300.0,61,0.1137921627974234,-1715.0,0.0194588361111111
2253,0.0,0.0,4.1995,4.1995,4.1995,0.0,806.0,163,4.1995,4.1995,0.0,300.0,61,0.1130278500917354,-1716.0,0.0193281361111111
2254,0.0,0.0,4.1995,4.1995,4.1995,0.0,805.0,163,4.1995,4.1995,0.0,300.0,61,0.113021514931589,-1717.0,0.0193270527777778
2255,1.4754098360674323e-09,7.810249675878441,4.1998,4.1995,4.199504918032787,60.99999999969619,803.0,162,4.1995,4.1995,0.0,300.0,61,0.1132693983773256,-1718.0,0.0193694416666667
2256,0.0,0.0,4.1995,4.1995,4.1995,0.0,804.0,162,4.1995,4.1995,0.0,300.0,61,0.1129385405776687,-1719.0,0.0193128638888889
2257,0.0,0.0,4.1995,4.1995,4.1995,0.0,801.0,162,4.1995,4.1995,0.0,300.0,61,0.1122553828978589,-1720.0,0.0191960416666667
2258,0.0,0.0,4.1995,4.1995,4.1995,0.0,804.0,162,4.1995,4.1995,0.0,300.0,61,0.1123701467605148,-1721.0,0.0192156666666667
2259,0.0,0.0,4.1995,4.1995,4.1995,0.0,806.0,163,4.1995,4.1995,0.0,300.0,61,0.1124013514852369,-1722.0,0.0192210027777778
2260,0.0,0.0,4.1995,4.1995,4.1995,0.0,802.0,162,4.1995,4.1995,0.0,300.0,61,0.111846147796388,-1723.0,0.0191260611111111
2261,0.0,0.0,4.1995,4.1995,4.1995,0.0,801.0,162,4.1995,4.1995,0.0,300.0,61,0.1118165187397021,-1724.0,0.0191209944444444
2262,1.6180327868872846e-08,1.319135852589368,4.1998,4.1995,4.1995688524590165,-0.2698256765383067,807.0,163,4.1995,4.1995,0.0,300.0,61,0.1116476136237934,-1725.0,0.0190921111111111
2263,1.0426229508209856e-08,2.24087750272642,4.1998,4.1995,4.199539344262295,3.122884112776208,806.0,163,4.1995,4.1995,0.0,300.0,61,0.111688824652747,-1726.0,0.0190991583333333
2264,4.278688524595554e-09,4.275398459370035,4.1998,4.1995,4.19951475409836,16.830044942416812,804.0,162,4.1995,4.1995,0.0,300.0,61,0.1115211053488659,-1727.0,0.0190704777777778
2265,0.0,0.0,4.1995,4.1995,4.1995,0.0,803.0,162,4.1995,4.1995,0.0,300.0,61,0.1114045708901689,-1728.0,0.01905055
2266,0.0,0.0,4.1995,4.1995,4.1995,0.0,802.0,162,4.1995,4.1995,0.0,300.0,61,0.1108653675416902,-1729.0,0.0189583444444444
2267,0.0,0.0,4.1995,4.1995,4.1995,0.0,800.0,161,4.1995,4.1995,0.0,300.0,61,0.110546757718317,-1730.0,0.0189038611111111
2268,0.0,0.0,4.1995,4.1995,4.1995,0.0,802.0,162,4.1995,4.1995,0.0,300.0,61,0.1105415758821971,-1731.0,0.018902975
2269,0.0,0.0,4.1995,4.1995,4.1995,0.0,801.0,162,4.1995,4.1995,0.0,300.0,61,0.1107972077161131,-1732.0,0.0189466888888889
2270,0.0,0.0,4.1995,4.1995,4.1995,0.0,801.0,162,4.1995,4.1995,0.0,300.0,61,0.1102978184125562,-1733.0,0.0188612916666667
2271,0.0,0.0,4.1995,4.1995,4.1995,0.0,800.0,162,4.1995,4.1995,0.0,300.0,61,0.110093696303832,-1734.0,0.0188263861111111
2272,0.0,0.0,4.1995,4.1995,4.1995,0.0,800.0,161,4.1995,4.1995,0.0,300.0,61,0.1100470760227533,-1735.0,0.0188184138888889
2273,0.0,0.0,4.1995,4.1995,4.1995,0.0,798.0,161,4.1995,4.1995,0.0,300.0,61,0.1102193598907403,-1736.0,0.018847875
2274,0.0,0.0,4.1995,4.1995,4.1995,0.0,803.0,162,4.1995,4.1995,0.0,300.0,61,0.1099293719960292,-1737.0,0.0187982861111111
2275,0.0,0.0,4.1995,4.1995,4.1995,0.0,798.0,161,4.1995,4.1995,0.0,300.0,61,0.1093987292357486,-1738.0,0.0187075444444444
2276,1.4754098360674327e-09,7.810249675878441,4.1998,4.1995,4.199504918032787,60.99999999969619,794.0,160,4.1995,4.1995,0.0,300.0,61,0.109639546541322,-1739.0,0.018748725
2277,0.0,0.0,4.1995,4.1995,4.1995,0.0,796.0,161,4.1995,4.1995,0.0,300.0,61,0.1095277065987337,-1740.0,0.0187296
2278,0.0,0.0,4.1995,4.1995,4.1995,0.0,796.0,161,4.1995,4.1995,0.0,300.0,61,0.1089966252504431,-1741.0,0.0186387833333333
2279,0.0,0.0,4.1995,4.1995,4.1995,0.0,796.0,161,4.1995,4.1995,0.0,300.0,61,0.108875185103633,-1742.0,0.0186180166666667
2280,0.0,0.0,4.1995,4.1995,4.1995,0.0,796.0,161,4.1995,4.1995,0.0,300.0,61,0.1089621229936446,-1743.0,0.0186328833333333
2281,0.0,0.0,4.1995,4.1995,4.1995,0.0,796.0,161,4.1995,4.1995,0.0,300.0,61,0.1090021806985716,-1744.0,0.0186397333333333
2282,4.278688524595554e-09,4.275398459370035,4.1998,4.1995,4.19951475409836,16.83004494241682,797.0,161,4.1995,4.1995,0.0,300.0,61,0.1082713306336584,-1745.0,0.0185147555555556
2283,0.0,0.0,4.1995,4.1995,4.1995,0.0,796.0,161,4.1995,4.1995,0.0,300.0,61,0.1081506052228643,-1746.0,0.0184941111111111
2284,0.0,0.0,4.1995,4.1995,4.1995,0.0,796.0,161,4.1995,4.1995,0.0,300.0,61,0.1084244628252022,-1747.0,0.0185409416666667
2285,0.0,0.0,4.1995,4.1995,4.1995,0.0,793.0,160,4.1995,4.1995,0.0,300.0,61,0.1081865044636951,-1748.0,0.01850025
2286,4.2786885245955535e-09,4.275398459370036,4.1998,4.1995,4.19951475409836,16.83004494241682,798.0,161,4.1995,4.1995,0.0,300.0,61,0.1075780042096127,-1749.0,0.0183961944444444
2287,0.0,0.0,4.1995,4.1995,4.1995,0.0,792.0,160,4.1995,4.1995,0.0,300.0,61,0.1076511022113044,-1750.0,0.0184086944444444
2288,2.901639344265952e-09,5.380496869776206,4.1998,4.1995,4.199509836065574,27.86268313673107,794.0,160,4.1995,4.1995,0.0,300.0,61,0.1076944736923083,-1751.0,0.0184161111111111
2289,6.885245901648021e-09,3.125213498679208,4.1998,4.1995,4.199524590163934,8.02926442348302,793.0,160,4.1995,4.1995,0.0,300.0,61,0.1075736508175122,-1752.0,0.01839545
2290,0.0,0.0,4.1995,4.1995,4.1995,0.0,791.0,160,4.1995,4.1995,0.0,300.0,61,0.1071359887153835,-1753.0,0.0183206083333333
2291,0.0,0.0,4.1995,4.1995,4.1995,0.0,796.0,161,4.1995,4.1995,0.0,300.0,61,0.107173479868251,-1754.0,0.0183270194444444
2292,0.0,0.0,4.1995,4.1995,4.1995,0.0,797.0,161,4.1995,4.1995,0.0,300.0,61,0.107455459470777,-1755.0,0.0183752388888889
2293,1.4754098360674323e-09,7.810249675878441,4.1998,4.1995,4.199504918032787,60.99999999969619,790.0,160,4.1995,4.1995,0.0,300.0,61,0.1069234522144651,-1756.0,0.0182842638888889
2294,2.901639344265952e-09,5.380496869776208,4.1998,4.1995,4.199509836065574,27.86268313673108,795.0,161,4.1995,4.1995,0.0,300.0,61,0.1068507603127826,-1757.0,0.0182718333333333
2295,5.606557377056245e-09,3.5991253886958123,4.1998,4.1995,4.199519672131148,11.32409486593236,793.0,160,4.1995,4.1995,0.0,300.0,61,0.1066789475208068,-1758.0,0.0182424527777778
2296,0.0,0.0,4.1995,4.1995,4.1995,0.0,792.0,160,4.1995,4.1995,0.0,300.0,61,0.1068074700517812,-1759.0,0.0182644305555556
2297,2.901639344265952e-09,5.380496869776206,4.1998,4.1995,4.199509836065574,27.86268313673108,792.0,160,4.1995,4.1995,0.0,300.0,61,0.1064738995040614,-1760.0,0.0182073888888889
2298,0.0,0.0,4.1995,4.1995,4.1995,0.0,790.0,159,4.1995,4.1995,0.0,300.0,61,0.1063189479844756,-1761.0,0.0181808916666667
2299,1.042622950820986e-08,2.2408775027264194,4.1998,4.1995,4.199539344262295,3.122884112776208,790.0,160,4.1995,4.1995,0.0,300.0,61,0.106151098728591,-1762.0,0.0181521888888889
2300,1.4754098360674323e-09,7.810249675878442,4.1998,4.1995,4.199504918032787,60.99999999969618,789.0,159,4.1995,4.1995,0.0,300.0,61,0.1060301783897925,-1763.0,0.0181315111111111
2301,0.0,0.0,4.1995,4.1995,4.1995,0.0,786.0,159,4.1995,4.1995,0.0,300.0,61,0.105869151614066,-1764.0,0.018103975
2302,5.606557377056245e-09,3.599125388732605,4.1998,4.1995,4.199519672131147,11.324094866114905,789.0,159,4.1995,4.1995,0.0,300.0,61,0.1057097654823772,-1765.0,0.0180767194444444
2303,0.0,0.0,4.1995,4.1995,4.1995,0.0,791.0,160,4.1995,4.1995,0.0,300.0,61,0.1057912941202641,-1766.0,0.0180906611111111
2304,0.0,0.0,4.1995,4.1995,4.1995,0.0,791.0,160,4.1995,4.1995,0.0,300.0,61,0.1054621744286478,-1767.0,0.0180343805555556
2305,0.0,0.0,4.1995,4.1995,4.1995,0.0,787.0,159,4.1995,4.1995,0.0,300.0,61,0.1053436582019049,-1768.0,0.0180141138888889
2306,0.0,0.0,4.1995,4.1995,4.1995,0.0,788.0,159,4.1995,4.1995,0.0,300.0,61,0.1056753606895812,-1769.0,0.0180708361111111
2307,9.295081967224822e-09,2.478794301438061,4.1998,4.1995,4.1995344262295085,4.28385887759004,788.0,159,4.1998,4.1995,-0.0003000000000001,300.0,61,0.1052653458760924,-1770.0,0.0180007222222222
2308,0.0,0.0,4.1995,4.1995,4.1995,0.0,787.0,159,4.1995,4.1995,0.0,300.0,61,0.104861731198752,-1771.0,0.0179317027777778
2309,1.4754098360674323e-09,7.810249675878442,4.1998,4.1995,4.199504918032787,60.99999999969618,783.0,158,4.1995,4.1995,0.0,300.0,61,0.1051791876980987,-1772.0,0.0179859888888889
2310,0.0,0.0,4.1995,4.1995,4.1995,0.0,784.0,158,4.1995,4.1995,0.0,300.0,61,0.1052628930320359,-1773.0,0.0180003027777778
2311,5.6065573770562446e-09,3.599125388695812,4.1998,4.1995,4.199519672131148,11.32409486593236,786.0,159,4.1995,4.1995,0.0,300.0,61,0.104576665236155,-1774.0,0.0178829555555556
2312,1.4754098360674323e-09,7.810249675878442,4.1998,4.1995,4.199504918032787,60.99999999969618,787.0,159,4.1995,4.1995,0.0,300.0,61,0.1043334763065265,-1775.0,0.0178413694444444
2313,1.4754098360674323e-09,7.810249675878441,4.1998,4.1995,4.199504918032787,60.99999999969619,787.0,159,4.1995,4.1995,0.0,300.0,61,0.1046963835189255,-1776.0,0.0179034277777778
2314,1.4754098360674323e-09,7.810249675878441,4.1998,4.1995,4.199504918032787,60.99999999969619,787.0,159,4.1995,4.1995,0.0,300.0,61,0.104409368276283,-1777.0,0.0178543472222222
2315,0.0,0.0,4.1995,4.1995,4.1995,0.0,785.0,158,4.1995,4.1995,0.0,300.0,61,0.1037613788572872,-1778.0,0.0177435388888889
2316,0.0,0.0,4.1995,4.1995,4.1995,0.0,781.0,158,4.1995,4.1995,0.0,300.0,61,0.1037581138132118,-1779.0,0.0177429805555556
2317,0.0,0.0,4.1995,4.1995,4.1995,0.0,783.0,158,4.1995,4.1998,0.0003000000000001,300.0,61,0.1039658583340195,-1780.0,0.0177785055555556
2318,0.0,0.0,4.1995,4.1995,4.1995,0.0,782.0,158,4.1995,4.1995,0.0,300.0,61,0.103710129036101,-1781.0,0.017734775
2319,1.4754098360674323e-09,7.810249675878442,4.1998,4.1995,4.199504918032787,60.99999999969618,781.0,158,4.1995,4.1995,0.0,300.0,61,0.1035171178236341,-1782.0,0.0177017694444444
2320,1.2540983606573177e-08,1.8616039840494512,4.1998,4.1995,4.199549180327869,1.514147213472827,785.0,158,4.1995,4.1995,0.0,300.0,61,0.1035972494774886,-1783.0,0.0177154722222222
2321,1.042622950820986e-08,2.2408775027264176,4.1998,4.1995,4.199539344262295,3.1228841127762035,787.0,159,4.1995,4.1995,0.0,300.0,61,0.1036343995063485,-1784.0,0.017721825
2322,1.7704918032809198e-08,1.1082054477215506,4.1998,4.1995,4.19957868852459,-0.7991915059512795,787.0,159,4.1995,4.1995,0.0,300.0,61,0.103187705740011,-1785.0,0.0176454388888889
2323,8.114754098370882e-09,2.7658437445704673,4.1998,4.1995,4.199529508196721,5.840391052505627,782.0,158,4.1998,4.1995,-0.0003000000000001,300.0,61,0.1034717645745848,-1786.0,0.0176940138888889
2324,0.0,0.0,4.1995,4.1995,4.1995,0.0,786.0,159,4.1995,4.1995,0.0,300.0,61,0.1032781685781043,-1787.0,0.0176609083333333
2325,1.4754098360674323e-09,7.810249675878442,4.1998,4.1995,4.199504918032787,60.99999999969618,784.0,158,4.1995,4.1995,0.0,300.0,61,0.1028252533596227,-1788.0,0.0175834583333333
2326,1.4754098360674323e-09,7.810249675878442,4.1998,4.1995,4.199504918032787,60.99999999969618,781.0,158,4.1995,4.1995,0.0,300.0,61,0.1027432861337262,-1789.0,0.0175694416666667
2327,0.0,0.0,4.1995,4.1995,4.1995,0.0,779.0,157,4.1995,4.1995,0.0,300.0,61,0.1029448416903903,-1790.0,0.0176039083333333
2328,0.0,0.0,4.1995,4.1995,4.1995,0.0,783.0,158,4.1995,4.1995,0.0,300.0,61,0.1027765863344966,-1791.0,0.0175751361111111
2329,2.901639344265952e-09,5.380496869776206,4.1998,4.1995,4.199509836065574,27.86268313673107,780.0,157,4.1998,4.1995,-0.0003000000000001,300.0,61,0.1022884216351991,-1792.0,0.0174916583333333
2330,2.901639344265952e-09,5.380496869776208,4.1998,4.1995,4.199509836065574,27.86268313673108,782.0,158,4.1995,4.1995,0.0,300.0,61,0.1026940668125869,-1793.0,0.017561025
2331,0.0,0.0,4.1995,4.1995,4.1995,0.0,780.0,157,4.1995,4.1995,0.0,300.0,61,0.1026146174067483,-1794.0,0.0175474388888889
2332,8.114754098370882e-09,2.765843744570468,4.1998,4.1995,4.199529508196721,5.840391052505627,780.0,158,4.1995,4.1995,0.0,300.0,61,0.1022973720794065,-1795.0,0.0174931888888889
2333,0.0,0.0,4.1995,4.1995,4.1995,0.0,783.0,158,4.1995,4.1995,0.0,300.0,61,0.1019298190829003,-1796.0,0.0174303361111111
2334,0.0,0.0,4.1995,4.1995,4.1995,0.0,779.0,157,4.1995,4.1995,0.0,300.0,61,0.1021297827275283,-1797.0,0.0174645305555556
2335,0.0,0.0,4.1995,4.1995,4.1995,0.0,782.0,158,4.1995,4.1995,0.0,300.0,61,0.1022064381653021,-1798.0,0.0174776388888889
2336,1.4754098360674327e-09,7.81024967587844,4.1998,4.1995,4.199504918032787,60.99999999969621,780.0,157,4.1995,4.1995,0.0,300.0,61,0.1017693770911874,-1799.0,0.0174029
2337,0.0,0.0,4.1995,4.1995,4.1995,0.0,779.0,157,4.1995,4.1995,0.0,300.0,61,0.1018463736529695,-1800.0,0.0174160666666667
2338,0.0,0.0,4.1995,4.1995,4.1995,0.0,780.0,157,4.1995,4.1995,0.0,300.0,61,0.1017251121901633,-1801.0,0.0173953305555556
2339,0.0,0.0,4.1995,4.1995,4.1995,0.0,778.0,157,4.1995,4.1995,0.0,300.0,61,0.1015981003512236,-1802.0,0.0173736111111111
2340,0.0,0.0,4.1995,4.1995,4.1995,0.0,776.0,157,4.1995,4.1995,0.0,300.0,61,0.1014822481405425,-1803.0,0.0173538
2341,5.6065573770562446e-09,3.5991253886958123,4.1998,4.1995,4.199519672131148,11.32409486593236,777.0,157,4.1995,4.1995,0.0,300.0,61,0.1013665746138653,-1804.0,0.0173340194444444
2342,0.0,0.0,4.1995,4.1995,4.1995,0.0,782.0,158,4.1995,4.1995,0.0,300.0,61,0.1011972796419474,-1805.0,0.0173050694444444
2343,0.0,0.0,4.1995,4.1995,4.1995,0.0,781.0,158,4.1995,4.1995,0.0,300.0,61,0.1008272900453852,-1806.0,0.0172418
2344,0.0,0.0,4.1995,4.1995,4.1995,0.0,777.0,157,4.1995,4.1995,0.0,300.0,61,0.1013209452168098,-1807.0,0.0173262166666667
2345,0.0,0.0,4.1995,4.1995,4.1995,0.0,779.0,157,4.1995,4.1995,0.0,300.0,61,0.1010413047503379,-1808.0,0.0172783972222222
2346,0.0,0.0,4.1995,4.1995,4.1995,0.0,779.0,157,4.1995,4.1995,0.0,300.0,61,0.1005479257269202,-1809.0,0.0171940277777778
2347,0.0,0.0,4.1995,4.1995,4.1995,0.0,775.0,157,4.1995,4.1995,0.0,300.0,61,0.1004636356089695,-1810.0,0.0171796138888889
2348,0.0,0.0,4.1995,4.1995,4.1995,0.0,776.0,157,4.1995,4.1995,0.0,300.0,61,0.100746768535522,-1811.0,0.0172280305555556
2349,1.4754098360674327e-09,7.810249675878441,4.1998,4.1995,4.199504918032787,60.99999999969621,777.0,157,4.1995,4.1995,0.0,300.0,61,0.1008321307574974,-1812.0,0.0172426277777778
2350,1.4754098360674323e-09,7.810249675878442,4.1998,4.1995,4.199504918032787,60.99999999969619,778.0,157,4.1995,4.1995,0.0,300.0,61,0.1002634932803377,-1813.0,0.0171453888888889
2351,0.0,0.0,4.1995,4.1995,4.1995,0.0,777.0,157,4.1995,4.1995,0.0,300.0,61,0.1003063124653285,-1814.0,0.0171527111111111
2352,0.0,0.0,4.1995,4.1995,4.1995,0.0,774.0,156,4.1995,4.1995,0.0,300.0,61,0.1004597045608786,-1815.0,0.0171789416666667
2353,1.4754098360674327e-09,7.81024967587844,4.1998,4.1995,4.199504918032787,60.99999999969621,773.0,156,4.1995,4.1995,0.0,300.0,61,0.1003129075294813,-1816.0,0.0171538388888889
2354,1.042622950820986e-08,2.2408775027264167,4.1998,4.1995,4.199539344262295,3.1228841127762035,780.0,157,4.1995,4.1995,0.0,300.0,61,0.1000157397866039,-1817.0,0.0171030222222222
2355,0.0,0.0,4.1995,4.1995,4.1995,0.0,776.0,157,4.1995,4.1995,0.0,300.0,61,0.0998535434428504,-1818.0,0.0170752861111111
2356,0.0,0.0,4.1995,4.1995,4.1995,0.0,776.0,157,4.1995,4.1995,0.0,300.0,61,0.1000538319674855,-1819.0,0.0171095361111111
2357,0.0,0.0,4.1995,4.1995,4.1995,0.0,777.0,157,4.1995,4.1995,0.0,300.0,61,0.0997779601091012,-1820.0,0.0170623611111111
2358,0.0,0.0,4.1995,4.1995,4.1995,0.0,776.0,157,4.1995,4.1995,0.0,300.0,61,0.0998605446070122,-1821.0,0.0170764833333333
2359,2.901639344265952e-09,5.380496869776206,4.1998,4.1995,4.199509836065574,27.86268313673107,775.0,157,4.1995,4.1995,0.0,300.0,61,0.0995731882403621,-1822.0,0.0170273444444444
2360,0.0,0.0,4.1995,4.1995,4.1995,0.0,772.0,156,4.1995,4.1995,0.0,300.0,61,0.0995279162113147,-1823.0,0.0170196027777778
2361,0.0,0.0,4.1995,4.1995,4.1995,0.0,775.0,156,4.1995,4.1995,0.0,300.0,61,0.0995662033202007,-1824.0,0.01702615
2362,2.901639344265952e-09,5.380496869776208,4.1998,4.1995,4.199509836065574,27.86268313673108,776.0,157,4.1995,4.1995,0.0,300.0,61,0.0996519229101842,-1825.0,0.0170408083333333
2363,0.0,0.0,4.1995,4.1995,4.1995,0.0,774.0,156,4.1995,4.1995,0.0,300.0,61,0.0992503712208918,-1826.0,0.0169721416666667
2364,0.0,0.0,4.1995,4.1995,4.1995,0.0,770.0,156,4.1995,4.1995,0.0,300.0,61,0.0989230708573169,-1827.0,0.0169161722222222
2365,0.0,0.0,4.1995,4.1995,4.1995,0.0,777.0,157,4.1995,4.1995,0.0,300.0,61,0.0994462413774244,-1828.0,0.0170056361111111
2366,0.0,0.0,4.1995,4.1995,4.1995,0.0,772.0,156,4.1995,4.1995,0.0,300.0,61,0.099375320071783,-1829.0,0.0169935083333333
2367,1.4754098360674323e-09,7.810249675878441,4.1998,4.1995,4.199504918032787,60.99999999969619,770.0,155,4.1995,4.1995,0.0,300.0,61,0.0987610207095667,-1830.0,0.0168884611111111
2368,0.0,0.0,4.1995,4.1995,4.1995,0.0,775.0,156,4.1995,4.1995,0.0,300.0,61,0.0987974884904106,-1831.0,0.0168946972222222
2369,5.6065573770562446e-09,3.599125388695812,4.1998,4.1995,4.199519672131148,11.32409486593236,774.0,156,4.1995,4.1995,0.0,300.0,61,0.0990755208008453,-1832.0,0.0169422416666667
2370,4.278688524595555e-09,4.275398459370034,4.1998,4.1995,4.19951475409836,16.83004494241679,775.0,156,4.1995,4.1995,0.0,300.0,61,0.0987204756846286,-1833.0,0.0168815277777778
2371,0.0,0.0,4.1995,4.1995,4.1995,0.0,771.0,156,4.1995,4.1995,0.0,300.0,61,0.0985679770090993,-1834.0,0.01685545
2372,1.4754098360674323e-09,7.810249675878442,4.1998,4.1995,4.199504918032787,60.99999999969618,773.0,156,4.1995,4.1995,0.0,300.0,61,0.0986869318238524,-1835.0,0.0168757916666667
2373,0.0,0.0,4.1995,4.1995,4.1995,0.0,770.0,155,4.1995,4.1995,0.0,300.0,61,0.0984389996461142,-1836.0,0.0168333944444444
2374,2.1836065573798007e-08,0.447327296770702,4.1998,4.1995,4.199618032786885,-1.8620768635430855,771.0,156,4.1995,4.1995,0.0,300.0,61,0.0983122314671809,-1837.0,0.0168117166666667
2375,1.3524590163951464e-08,1.705186137453736,4.1998,4.1995,4.199554098360656,0.9373147016447811,770.0,155,4.1995,4.1995,0.0,300.0,61,0.0983183716993231,-1838.0,0.0168127666666667
2376,6.885245901648021e-09,3.125213498679208,4.1998,4.1995,4.199524590163934,8.029264423483019,770.0,156,4.1995,4.1995,0.0,300.0,61,0.0979881799036816,-1839.0,0.0167563027777778
2377,1.4754098360674323e-09,7.810249675878442,4.1998,4.1995,4.199504918032787,60.99999999969619,773.0,156,4.1995,4.1995,0.0,300.0,61,0.0975761345901459,-1840.0,0.0166858416666667
2378,0.0,0.0,4.1995,4.1995,4.1995,0.0,772.0,156,4.1995,4.1995,0.0,300.0,61,0.0975815113542701,-1841.0,0.0166867611111111
2379,1.53442622951013e-08,1.4366940083196431,4.1998,4.1995,4.19956393442623,0.0651328507354143,769.0,155,4.1998,4.1995,-0.0003000000000001,300.0,61,0.0977945514192006,-1842.0,0.0167231916666667
2380,1.9622950819696852e-08,0.8348624372473114,4.1998,4.1995,4.199593442622951,-1.3483299130458313,771.0,156,4.1995,4.1995,0.0,300.0,61,0.0972296987941283,-1843.0,0.0166266
2381,1.1508196721325976e-08,2.038140223772566,4.1998,4.1995,4.199544262295081,2.2259437426337865,766.0,155,4.1995,4.1995,0.0,300.0,61,0.0973076699959326,-1844.0,0.0166399333333333
2382,4.2786885245955535e-09,4.275398459370036,4.1998,4.1995,4.19951475409836,16.83004494241682,768.0,155,4.1995,4.1998,0.0003000000000001,300.0,61,0.0975140337767084,-1845.0,0.0166752222222222
2383,6.885245901648021e-09,3.1252134986792086,4.1998,4.1995,4.199524590163934,8.02926442348302,770.0,155,4.1995,4.1995,0.0,300.0,61,0.0973355284565774,-1846.0,0.0166446972222222
2384,0.0,0.0,4.1995,4.1995,4.1995,0.0,768.0,155,4.1995,4.1995,0.0,300.0,61,0.0969727999281828,-1847.0,0.0165826694444444
2385,1.042622950820986e-08,2.24087750272642,4.1998,4.1995,4.199539344262295,3.122884112776208,766.0,155,4.1998,4.1998,0.0,300.0,61,0.0968501577253447,-1848.0,0.0165616972222222
2386,1.618032786887285e-08,1.3191358525893675,4.1998,4.1995,4.1995688524590165,-0.2698256765383062,769.0,155,4.1995,4.1995,0.0,300.0,61,0.096687555281582,-1849.0,0.0165338916666667
2387,8.11475409837088e-09,2.765843744570469,4.1998,4.1995,4.199529508196721,5.840391052505634,767.0,155,4.1995,4.1995,0.0,300.0,61,0.0964828808768454,-1850.0,0.0164988916666667
2388,6.885245901648021e-09,3.125213498679208,4.1998,4.1995,4.199524590163934,8.02926442348302,767.0,155,4.1995,4.1995,0.0,300.0,61,0.096852399397397,-1851.0,0.0165620805555556
2389,1.4754098360674323e-09,7.810249675878441,4.1998,4.1995,4.199504918032787,60.99999999969619,769.0,155,4.1995,4.1995,0.0,300.0,61,0.0963641859660981,-1852.0,0.0164785944444444
2390,0.0,0.0,4.1995,4.1995,4.1995,0.0,767.0,155,4.1995,4.1995,0.0,300.0,61,0.0958316589017746,-1853.0,0.0163875305555556
2391,2.901639344265952e-09,5.380496869776206,4.1998,4.1995,4.199509836065574,27.86268313673107,762.0,154,4.1995,4.1995,0.0,300.0,61,0.0960762285714344,-1854.0,0.0164293527777778
2392,0.0,0.0,4.1995,4.1995,4.1995,0.0,764.0,154,4.1995,4.1995,0.0,300.0,61,0.0963200835050778,-1855.0,0.0164710527777778
2393,2.1836065573798007e-08,0.447327296770702,4.1998,4.1995,4.199618032786885,-1.862076863543085,764.0,154,4.1995,4.1995,0.0,300.0,61,0.0957545973639911,-1856.0,0.0163743527777778
2394,1.2540983606573178e-08,1.8616039840494512,4.1998,4.1995,4.199549180327869,1.5141472134728282,762.0,154,4.1995,4.1995,0.0,300.0,61,0.0955156806064617,-1857.0,0.0163334972222222
2395,1.1508196721325976e-08,2.0381402237725657,4.1998,4.1995,4.199544262295081,2.2259437426337874,765.0,155,4.1995,4.1995,0.0,300.0,61,0.0958807157829094,-1858.0,0.0163959194444444
