cycle_number,relax_var,relax_ske,relax_max,relax_min,relax_mean,relax_kur,relax_duration_s,relax_points,relax_start_voltage,relax_end_voltage,relax_voltage_delta,window_s,window_points,SOH,RUL,discharge_capacity_in_Ah
1,1.989803452761996e-08,-0.5283263337702028,4.1995,4.1989,4.199147280334727,0.5682020208937506,1186.0,239,4.1992,4.1989,-0.0003000000000001,1186.0,239,1.1305581111111112,574.0,0.2826395277777778
2,2.5947227626445676e-08,-0.1208001109962859,4.1995,4.1989,4.199149805447471,0.1024394970877877,1278.0,257,4.1992,4.1989,-0.0003000000000001,1278.0,257,1.1358416666666666,573.0,0.2839604166666666
3,1.4688389299915445e-08,0.0935923051107781,4.1995,4.1989,4.199203571428572,3.228256802084193,1252.0,252,4.1992,4.1992,0.0,1252.0,252,1.1354266666666668,572.0,0.2838566666666667
4,1.124628590293997e-08,-1.2732149804987487,4.1995,4.1989,4.199173076923076,3.987475766313627,1160.0,234,4.1992,4.1992,0.0,1160.0,234,1.1324335555555556,571.0,0.2831083888888889
5,1.8361426969908283e-08,-0.8922634200088948,4.1995,4.1989,4.199126339285714,-0.3976752587732615,1111.0,224,4.1989,4.1992,0.0003000000000001,1111.0,224,1.1295337777777776,570.0,0.2823834444444444
6,1.4776991150452829e-08,-1.2040390295642895,4.1995,4.1989,4.199150884955752,1.2261511933373828,1125.0,226,4.1992,4.1992,0.0,1125.0,226,1.1298268888888887,569.0,0.2824567222222222
7,1.8913256955825493e-08,-0.7992752798775745,4.1995,4.1989,4.199127234042552,-0.3089551601444742,1167.0,235,4.1992,4.1992,0.0,1167.0,235,1.1293084444444443,568.0,0.2823271111111111
8,1.4118342992344556e-08,-0.602613411419395,4.1995,4.1989,4.199178925619834,3.074915048217546,1201.0,242,4.1992,4.1992,0.0,1201.0,242,1.1337224444444445,567.0,0.283430611111111
9,9.833278309675661e-09,-1.519107259800493,4.1995,4.1989,4.19917564102564,5.027709450335194,1164.0,234,4.1992,4.1992,0.0,1164.0,234,1.1296822222222225,566.0,0.2824205555555555
10,9.133068878449325e-09,0.5545710558747208,4.1995,4.1989,4.199207627118644,6.915800072952479,1172.0,236,4.1992,4.1992,0.0,1172.0,236,1.1312204444444445,565.0,0.2828051111111111
11,1.6397515527943063e-08,-0.5542371936008332,4.1995,4.1989,4.199171428571428,2.0633791082289505,1146.0,231,4.1992,4.1992,0.0,1146.0,231,1.1271392222222223,564.0,0.2817848055555556
12,1.1409706173658964e-08,-1.405794262814129,4.1995,4.1989,4.19916923076923,3.5634596279639075,1160.0,234,4.1992,4.1992,0.0,1160.0,234,1.1305496666666666,563.0,0.2826374166666666
13,8.163362952826232e-09,-0.3867287001881959,4.1995,4.1989,4.199195714285714,8.239375871559112,1043.0,210,4.1992,4.1992,0.0,1043.0,210,1.130515333333333,562.0,0.2826288333333333
14,1.921894395280298e-06,-14.872143131584764,4.1995,4.1784,4.199074778761061,222.74920751759424,1121.0,226,4.1992,4.1784,-0.0208000000000003,1121.0,226,1.130135888888889,561.0,0.2825339722222222
15,2.0188228645947196e-06,-14.52611678440956,4.1995,4.1784,4.199072558139535,212.30704622910153,1065.0,215,4.1992,4.1784,-0.0208000000000003,1065.0,215,1.1285237777777777,560.0,0.2821309444444444
16,1.2365270659803144e-08,0.4702245672355252,4.1995,4.1989,4.199212053571428,4.24426986279916,1111.0,224,4.1992,4.1992,0.0,1111.0,224,1.128644888888889,559.0,0.2821612222222222
17,9.216245158351361e-08,-11.468914514536817,4.1995,4.1951,4.19914619047619,152.4458861677458,1042.0,210,4.1992,4.1951,-0.0041000000000002,1042.0,210,1.1247233333333333,558.0,0.2811808333333333
18,1.219456201692731e-07,-11.892800459699108,4.1995,4.1945,4.1992162679425835,161.6784103586715,1036.0,209,4.1992,4.1945,-0.0047000000000005,1036.0,209,1.1234763333333333,557.0,0.2808690833333333
19,1.297977476441582e-08,-0.7294661942644349,4.1995,4.1989,4.19917903930131,3.56487535394266,1136.0,229,4.1992,4.1992,0.0,1136.0,229,1.128649111111111,556.0,0.2821622777777777
20,1.0096428571396674e-08,1.1094852128058716,4.1995,4.1989,4.199218666666666,5.379617890466196,1119.0,225,4.1995,4.1992,-0.0002999999999993,1119.0,225,1.1292366666666669,555.0,0.2823091666666666
21,2.0442725390551555e-06,-15.06277267321187,4.1995,4.1775,4.199072294372294,228.2255097892206,1145.0,231,4.1992,4.1775,-0.0217,1145.0,231,1.1282355555555554,554.0,0.2820588888888888
22,4.142616279069893e-07,-13.983922046328622,4.1995,4.1899,4.1991625,202.10357989592288,1071.0,216,4.1992,4.1899,-0.0093000000000005,1071.0,216,1.1249054444444444,553.0,0.2812263611111111
23,9.566976660999422e-09,-1.0324801079929655,4.1995,4.1989,4.199184433962264,6.0550378764061215,1055.0,212,4.1992,4.1992,0.0,1055.0,212,1.1254317777777778,552.0,0.2813579444444444
24,9.897848293843396e-09,-0.8657873279032265,4.1995,4.1989,4.199186046511628,5.877067957499104,1068.0,215,4.1992,4.1992,0.0,1068.0,215,1.1259697777777775,551.0,0.2814924444444444
25,1.6717011128791055e-08,-1.073531722593352,4.1995,4.1989,4.199136486486487,0.1359423815664553,1101.0,222,4.1992,4.1992,0.0,1101.0,222,1.1255142222222223,550.0,0.2813785555555556
26,2.32299357653622e-06,-14.827141176596433,4.1995,4.1765,4.199104932735426,220.88399570674497,1106.0,223,4.1992,4.1765,-0.0227000000000003,1106.0,223,1.1279312222222222,549.0,0.2819828055555555
27,2.4020104325147506e-06,-14.516176445227549,4.1995,4.1765,4.199044186046511,212.11271786501368,1069.0,215,4.1992,4.1765,-0.0227000000000003,1069.0,215,1.12479,548.0,0.2811975
28,1.3631276901012536e-08,-1.2855162966737803,4.1995,4.1989,4.1991575609756095,1.9171078872936875,1019.0,205,4.1992,4.1992,0.0,1019.0,205,1.1267545555555556,547.0,0.2816886388888889
29,1.9431305536566733e-08,-0.5118116733437946,4.1995,4.1989,4.199154285714286,0.877741861906205,1044.0,210,4.1992,4.1992,0.0,1044.0,210,1.122896222222222,546.0,0.2807240555555555
30,1.5218635428791972e-08,-1.317381131832544,4.1995,4.1989,4.199140566037736,0.3843427525524547,1052.0,212,4.1992,4.1992,0.0,1052.0,212,1.1235062222222223,545.0,0.2808765555555556
31,2.2642465175194433e-08,-0.3824219124573093,4.1995,4.1989,4.199108695652174,-0.7988473899393265,1028.0,207,4.1992,4.1989,-0.0003000000000001,1028.0,207,1.1223327777777776,544.0,0.2805831944444444
32,1.327564373154902e-08,-1.6892395466552164,4.1992,4.1989,4.199146376811595,0.8617630408244841,1028.0,207,4.1992,4.1992,0.0,1028.0,207,1.1224142222222222,543.0,0.2806035555555555
33,2.103896103897772e-08,-0.5652179292198604,4.1995,4.1989,4.199114285714286,-0.7406983642748268,1040.0,210,4.1992,4.1992,0.0,1040.0,210,1.1255175555555557,542.0,0.2813793888888889
34,1.6119942502025532e-08,-1.2072916117296648,4.1995,4.1989,4.1991353211009175,0.0179771455154078,1081.0,218,4.1989,4.1992,0.0003000000000001,1081.0,218,1.1288245555555556,541.0,0.2822061388888889
35,3.857642089094154e-07,-13.575385575637196,4.1995,4.1902,4.199063133640553,194.34790480785475,1078.0,217,4.1992,4.1902,-0.0090000000000003,1078.0,217,1.121820888888889,540.0,0.2804552222222222
36,1.0517059146839066e-08,-1.7853465780843072,4.1995,4.1989,4.199166972477063,3.6786139461529257,1083.0,218,4.1992,4.1989,-0.0003000000000001,1083.0,218,1.1219522222222222,539.0,0.2804880555555555
37,6.235136298422443e-07,-13.68307159695896,4.1995,4.188,4.19908243902439,192.8393196503076,1017.0,205,4.1992,4.188,-0.0112000000000005,1017.0,205,1.118434222222222,538.0,0.2796085555555555
38,2.211159313192739e-06,-14.469460896404351,4.1998,4.1775,4.199107441860465,211.2159306064987,1070.0,215,4.1992,4.1775,-0.0217,1070.0,215,1.1276194444444445,537.0,0.2819048611111111
39,2.1959827833593146e-08,-0.4485817828853696,4.1995,4.1989,4.199099024390244,-1.193544352170594,1020.0,205,4.1989,4.1989,0.0,1020.0,205,1.1244667777777777,536.0,0.2811166944444444
40,1.807718348004667e-08,-0.9654845292766268,4.1995,4.1989,4.199123222748815,-0.6128024259908562,1049.0,211,4.1992,4.1992,0.0,1049.0,211,1.1261218888888889,535.0,0.2815304722222222
41,1.7651694539018842e-08,-1.0654732999384735,4.1992,4.1989,4.199120171673819,-0.872328724433753,1157.0,233,4.1992,4.1992,0.0,1157.0,233,1.127914,534.0,0.2819785
42,1.4707357859513222e-08,-0.2265151460685165,4.1995,4.1989,4.199191346153846,3.1902237768644364,1034.0,208,4.1992,4.1992,0.0,1034.0,208,1.1222151111111112,533.0,0.2805537777777778
43,1.7435714285702717e-08,-0.4157786636619556,4.1995,4.1989,4.199174666666667,1.9043103547690596,1119.0,225,4.1992,4.1992,0.0,1119.0,225,1.125140111111111,532.0,0.2812850277777777
44,2.2079314202974794e-06,-14.536458923584656,4.1995,4.1775,4.199090186915887,212.19050041005292,1064.0,214,4.1992,4.1775,-0.0217,1064.0,214,1.1208585555555557,531.0,0.2802146388888888
45,1.3076923076922624e-08,-0.9810236109080472,4.1995,4.1989,4.199171153846153,3.0874019394072203,1032.0,208,4.1992,4.1992,0.0,1032.0,208,1.1209704444444444,530.0,0.2802426111111111
46,1.989219734840663e-08,-1.4356080512946772,4.1995,4.1985,4.199151627906976,4.17448125320661,1066.0,215,4.1989,4.1989,0.0,1066.0,215,1.1202705555555557,529.0,0.2800676388888889
47,3.69686944634311e-07,-13.912374749978817,4.1995,4.1905,4.199151428571429,198.80218793343383,1042.0,210,4.1995,4.1905,-0.0089999999999994,1042.0,210,1.1192449999999998,528.0,0.2798112499999999
48,1.5107980108913474e-08,-0.3907566961600725,4.1995,4.1989,4.199183980582524,2.8813815901383397,1024.0,206,4.1995,4.1992,-0.0002999999999993,1024.0,206,1.1135542222222223,527.0,0.2783885555555556
49,4.927236622073882e-07,-13.948290663587612,4.1995,4.1892,4.199164903846153,198.93910824090744,1030.0,208,4.1992,4.1892,-0.0100000000000006,1030.0,208,1.114507,526.0,0.27862675
50,7.088520100502387e-07,-13.683304793158683,4.1995,4.1874,4.1991185,191.3222819693084,994.0,200,4.1989,4.1874,-0.0114999999999998,994.0,200,1.1101853333333334,525.0,0.2775463333333333
51,6.412867367139249e-07,-13.63967702886701,4.1995,4.188,4.199115075376885,190.1717079941296,988.0,199,4.1989,4.188,-0.0109000000000003,988.0,199,1.1142315555555555,524.0,0.2785578888888889
52,2.3657367044445545e-08,-0.1727698926506918,4.1995,4.1989,4.199166129032259,0.6135399251124869,925.0,186,4.1992,4.1992,0.0,925.0,186,1.112093777777778,523.0,0.2780234444444445
53,2.1342338539495026e-08,-0.4908428526241463,4.1992,4.1989,4.1990855072463775,-1.7763305213956433,1026.0,207,4.1992,4.1992,0.0,1026.0,207,1.1139583333333332,522.0,0.2784895833333333
54,1.939698492464409e-08,-0.7982188574494287,4.1995,4.1989,4.199114070351759,-0.9481207709415452,986.0,199,4.1992,4.1992,0.0,986.0,199,1.1119673333333333,521.0,0.2779918333333333
55,1.4167464114830756e-08,-0.8446132579007758,4.1995,4.1989,4.19917,2.646947498124962,1043.0,210,4.1992,4.1992,0.0,1043.0,210,1.1117612222222222,520.0,0.2779403055555555
56,1.528659572564309e-08,-1.0883622495342813,4.1995,4.1985,4.199183962264151,6.5267344693884635,1052.0,212,4.1992,4.1992,0.0,1052.0,212,1.1122088888888888,519.0,0.2780522222222222
57,2.6485438596491543e-06,-13.661833445618038,4.1995,4.1768,4.199048947368421,187.739289528206,943.0,190,4.1992,4.1768,-0.0224000000000001,943.0,190,1.1115119999999998,518.0,0.2778779999999999
58,2.486752670340927e-06,-14.12038112131939,4.1995,4.1768,4.199091133004926,200.5714800396442,1006.0,203,4.1992,4.1768,-0.0224000000000001,1006.0,203,1.1111995555555556,517.0,0.2777998888888889
59,1.370452261305029e-08,-1.1340655181068289,4.1995,4.1985,4.199191999999999,8.813692023525963,995.0,200,4.1992,4.1992,0.0,995.0,200,1.1108355555555556,516.0,0.2777088888888889
60,1.669993164731494e-08,-1.0692351002338665,4.1995,4.1989,4.199137142857143,0.1818269060099804,1042.0,210,4.1992,4.1992,0.0,1042.0,210,1.1131722222222222,515.0,0.2782930555555555
61,1.78879943168508e-08,-1.4340540280276328,4.1995,4.1985,4.1991383495145636,2.2635706678271412,1021.0,206,4.1992,4.1992,0.0,1021.0,206,1.1096753333333331,514.0,0.2774188333333333
62,2.621243781094265e-08,-1.4432331932976994,4.1995,4.1985,4.199150248756219,4.304375265916257,999.0,201,4.1992,4.1992,0.0,999.0,201,1.1079196666666666,513.0,0.2769799166666666
63,2.0402854877107392e-08,-0.6638169086106488,4.1992,4.1989,4.199096923076923,-1.5756138500743473,966.0,195,4.1992,4.1992,0.0,966.0,195,1.1085756666666666,512.0,0.2771439166666666
64,2.4329945536349104e-06,-14.168054763209156,4.1992,4.1768,4.198983495145631,202.447933913503,1024.0,206,4.1992,4.1768,-0.0224000000000001,1024.0,206,1.1137603333333337,511.0,0.2784400833333333
65,1.8349280157404855e-08,-0.9702424491470768,4.1992,4.1989,4.199115094339622,-1.0688025086811308,1052.0,212,4.1992,4.1989,-0.0003000000000001,1052.0,212,1.1138438888888889,510.0,0.2784609722222222
66,2.0462060301531504e-08,-1.1362560087780464,4.1992,4.1985,4.1991095,0.1602426812658066,991.0,200,4.1989,4.1992,0.0003000000000001,991.0,200,1.110411,509.0,0.27760275
67,1.4986099595190876e-08,-1.157055899158143,4.1995,4.1989,4.199151231527093,1.2405935553977812,1007.0,203,4.1992,4.1989,-0.0003000000000001,1007.0,203,1.1123121111111112,508.0,0.2780780277777778
68,2.0691688373220482e-08,-0.6134008495195107,4.1992,4.1989,4.199093689320388,-1.6397548254438752,1022.0,206,4.1989,4.1992,0.0003000000000001,1022.0,206,1.1089566666666668,507.0,0.2772391666666667
69,1.3788200903529977e-08,-0.7652834818468914,4.1995,4.1989,4.1991746478873235,3.0227915550531623,1056.0,213,4.1992,4.1992,0.0,1056.0,213,1.1085973333333334,506.0,0.2771493333333333
70,1.7306767800887147e-08,-1.1164515889792406,4.1992,4.1989,4.199122680412372,-0.7614935554672901,962.0,194,4.1992,4.1992,0.0,962.0,194,1.101928111111111,505.0,0.2754820277777777
71,5.769398114576132e-07,-13.167913587188922,4.1992,4.1886,4.198985786802031,180.838026742017,979.0,197,4.1989,4.1886,-0.0102999999999999,979.0,197,1.1028602222222224,504.0,0.2757150555555556
72,1.9122552574349842e-08,-0.8332621911422686,4.1995,4.1989,4.199116243654823,-0.8737376968135937,975.0,197,4.1992,4.1992,0.0,975.0,197,1.1034644444444446,503.0,0.2758661111111111
73,1.3779418551006349e-08,-1.494499510226996,4.1995,4.1989,4.199148484848486,1.0836364287606828,983.0,198,4.1992,4.1992,0.0,983.0,198,1.108622,502.0,0.2771555
74,1.8988380041026077e-08,-0.7810539315010638,4.1995,4.1989,4.19912857142857,-0.2333801173803307,1041.0,210,4.1989,4.1989,0.0,1041.0,210,1.1098284444444444,501.0,0.2774571111111111
75,2.6504896682578306e-08,-0.264995265779881,4.1995,4.1985,4.199084343434344,-0.4640183052769497,982.0,198,4.1989,4.1992,0.0003000000000001,982.0,198,1.1053446666666666,500.0,0.2763361666666666
76,1.8429717180268053e-08,-0.9593963568991872,4.1992,4.1989,4.199114492753624,-1.0901861324121576,1029.0,207,4.1992,4.1992,0.0,1029.0,207,1.1088657777777775,499.0,0.2772164444444444
77,2.2958542713595033e-08,-0.6713020711894968,4.1992,4.1985,4.1990825,-0.8558502219520197,993.0,200,4.1989,4.1989,0.0,993.0,200,1.1057204444444444,498.0,0.2764301111111111
78,2.2802115285399463e-06,-14.220413572657952,4.1995,4.1775,4.199037198067633,203.77440948315316,1029.0,207,4.1992,4.1775,-0.0217,1029.0,207,1.1093977777777777,497.0,0.2773494444444444
79,1.319278980628823e-08,-1.4403596414521338,4.1995,4.1989,4.199155837563452,1.834555983726564,980.0,197,4.1992,4.1992,0.0,980.0,197,1.1088538888888888,496.0,0.2772134722222222
80,2.1696918531046217e-08,-0.4853272339014262,4.1995,4.1989,4.199101449275362,-1.1493553616483771,1027.0,207,4.1992,4.1992,0.0,1027.0,207,1.1101898888888888,495.0,0.2775474722222222
81,1.9488721804535832e-08,-0.8058623098881259,4.1992,4.1989,4.199105714285714,-1.3636649557177802,1040.0,210,4.1992,4.1992,0.0,1040.0,210,1.1090871111111111,494.0,0.2772717777777778
82,1.8366415531726333e-08,-0.543871930996767,4.1995,4.1989,4.199160294117647,1.2496070796621912,1014.0,204,4.1992,4.1992,0.0,1014.0,204,1.106305111111111,493.0,0.2765762777777777
83,2.393555371387148e-06,-13.902863221317364,4.1995,4.1775,4.19903654822335,194.49435989387155,977.0,197,4.1989,4.1775,-0.0213999999999998,977.0,197,1.0983137777777778,492.0,0.2745784444444444
84,2.00782140267492e-08,-0.708387692021617,4.1995,4.1989,4.199108629441625,-1.1094618240814225,976.0,197,4.1992,4.1989,-0.0003000000000001,976.0,197,1.0985577777777775,491.0,0.2746394444444444
85,1.0419002050577884e-08,-1.0371445453758217,4.1995,4.1989,4.199181428571428,5.166858488907817,1043.0,210,4.1989,4.1992,0.0003000000000001,1043.0,210,1.106087888888889,490.0,0.2765219722222222
86,2.1385876822842527e-08,-0.5194589452012323,4.1995,4.1989,4.199096391752577,-1.3865420869466736,962.0,194,4.1992,4.1989,-0.0003000000000001,962.0,194,1.0994565555555555,489.0,0.2748641388888889
87,2.2609723658961543e-08,-0.0199514115669861,4.1992,4.1989,4.199051485148515,-2.0196984629027583,1002.0,202,4.1989,4.1989,0.0,1002.0,202,1.1053366666666666,488.0,0.2763341666666666
88,1.8491902834018994e-08,-0.7848311137942241,4.1995,4.1989,4.199136842105263,0.1848297717191185,1037.0,209,4.1992,4.1992,0.0,1037.0,209,1.1039334444444444,487.0,0.2759833611111111
89,1.0903334740381665e-08,-0.2225280964104007,4.1995,4.1989,4.1991956521739136,5.42042840670523,1026.0,207,4.1992,4.1992,0.0,1026.0,207,1.1031195555555555,486.0,0.2757798888888889
90,2.3441860465129545e-08,-0.2997707934783823,4.1995,4.1989,4.199107906976744,-0.7614454993392012,1069.0,215,4.1992,4.1992,0.0,1069.0,215,1.106224111111111,485.0,0.2765560277777777
91,2.3762376237646193e-08,-0.1210824845491636,4.1995,4.1989,4.199075247524752,-1.467305566081556,1000.0,202,4.1989,4.1989,0.0,1000.0,202,1.1037847777777778,484.0,0.2759461944444444
92,2.7237328210460463e-08,-1.1026872838274633,4.1992,4.1985,4.199080693069307,0.7980182551421713,1003.0,202,4.1992,4.1992,0.0,1003.0,202,1.1046105555555554,483.0,0.2761526388888888
93,1.96921619701882e-08,-0.7754898312356527,4.1992,4.1989,4.199103883495146,-1.4124237469154093,1022.0,206,4.1992,4.1992,0.0,1022.0,206,1.1029662222222223,482.0,0.2757415555555556
94,1.8756166236841048e-06,-14.628245361692631,4.1995,4.179,4.199066055045871,215.28577097842472,1080.0,218,4.1992,4.179,-0.0201999999999999,1080.0,218,1.1070666666666666,481.0,0.2767666666666666
95,1.994648612051501e-06,-14.323576488420134,4.1995,4.1787,4.1990232227488145,207.0573397180252,1048.0,211,4.1992,4.1787,-0.0205000000000001,1048.0,211,1.101080888888889,480.0,0.2752702222222222
96,2.3261733412147407e-06,-14.010802632863076,4.1992,4.1775,4.198967821782178,198.15876471029335,1005.0,202,4.1992,4.1775,-0.0217,1005.0,202,1.1010533333333332,479.0,0.2752633333333333
97,1.9482026289922457e-08,-0.7619088158963365,4.1995,4.1989,4.199119339622641,-0.6671675581813812,1050.0,212,4.1992,4.1989,-0.0003000000000001,1050.0,212,1.0997836666666667,478.0,0.2749459166666667
98,2.5795366834171737e-06,-13.98954116562007,4.1995,4.1765,4.199019,197.1040113163063,994.0,200,4.1992,4.1765,-0.0227000000000003,994.0,200,1.103275888888889,477.0,0.2758189722222222
99,2.1971347383402714e-08,-0.8603384173271376,4.1992,4.1985,4.1990946601941745,-0.524514680876131,1023.0,206,4.1992,4.1992,0.0,1023.0,206,1.1026787777777776,476.0,0.2756696944444444
100,2.2707476197176632e-06,-14.143223776630956,4.1995,4.1775,4.198954106280193,202.30247590803685,1025.0,207,4.1989,4.1775,-0.0213999999999998,1025.0,207,1.102637888888889,475.0,0.2756594722222222
101,2.046822742477495e-08,-0.6514692050251226,4.1992,4.1989,4.1990961538461535,-1.5909793706827189,1034.0,208,4.1992,4.1992,0.0,1034.0,208,1.0988534444444444,474.0,0.2747133611111111
102,2.482268655316449e-06,-14.192846718711843,4.1992,4.1765,4.198957004830918,203.2527928332425,1026.0,207,4.1989,4.1765,-0.0224000000000001,1026.0,207,1.097519222222222,473.0,0.2743798055555555
103,2.161979913919156e-08,-0.4789613707372977,4.1995,4.1989,4.199093170731707,-1.4530433883448317,1015.0,205,4.1992,4.1992,0.0,1015.0,205,1.099533111111111,472.0,0.2748832777777777
104,2.4339464882966146e-08,0.1694284148027065,4.1995,4.1989,4.1990528846153845,-1.4949603996007912,1032.0,208,4.1989,4.1992,0.0003000000000001,1032.0,208,1.096474333333333,471.0,0.2741185833333333
105,2.4214849921038282e-08,-0.8373953563788243,4.1992,4.1985,4.1990824644549765,-0.1882451376388667,1049.0,211,4.1989,4.1989,0.0,1049.0,211,1.1003625555555554,470.0,0.2750906388888888
106,2.2574443351544143e-08,0.0760647464405017,4.1992,4.1989,4.199044339622642,-2.013297804550493,1053.0,212,4.1989,4.1992,0.0003000000000001,1053.0,212,1.0976875555555554,469.0,0.2744218888888888
107,1.990115098174478e-08,-0.7427774858388929,4.1992,4.1989,4.199101895734597,-1.462232533315874,1048.0,211,4.1992,4.1989,-0.0003000000000001,1048.0,211,1.1019949999999998,468.0,0.2754987499999999
108,1.8375570528169208e-08,-0.9662826547728371,4.1992,4.1989,4.19911488372093,-1.0763982143982729,1068.0,215,4.1992,4.1989,-0.0003000000000001,1068.0,215,1.0967282222222223,467.0,0.2741820555555556
109,1.7278173575144543e-08,-0.9977366881222224,4.1995,4.1989,4.199134715025907,0.0453396973184152,957.0,193,4.1989,4.1989,0.0,957.0,193,1.0966028888888888,466.0,0.2741507222222222
110,2.1921428571456193e-08,-0.3543615334061702,4.1992,4.1989,4.199076,-1.8913196694225956,1120.0,225,4.1992,4.1992,0.0,1120.0,225,1.0987411111111112,465.0,0.2746852777777778
111,2.3311841978198275e-08,-0.5691048608788523,4.1992,4.1985,4.1990759803921565,-1.015729526773284,1013.0,204,4.1989,4.1989,0.0,1013.0,204,1.0916898888888888,464.0,0.2729224722222222
112,1.6832503113340337e-08,-1.0599013530116954,4.1995,4.1989,4.199135909090909,0.1016393542749041,1092.0,220,4.1989,4.1992,0.0003000000000001,1092.0,220,1.0948018888888889,463.0,0.2737004722222222
113,1.9896373057012816e-08,-0.7106240792873252,4.1995,4.1989,4.199117616580311,-0.7076038876864645,957.0,193,4.1992,4.1992,0.0,957.0,193,1.091397,462.0,0.27284925
114,2.2373027259712554e-08,-0.2074828169458875,4.1992,4.1989,4.199065365853659,-1.9763287111333443,1018.0,205,4.1989,4.1989,0.0,1018.0,205,1.0929541111111112,461.0,0.2732385277777778
115,1.4249238822730418e-08,-1.544565039568897,4.1992,4.1989,4.199141237113402,0.3895909398572676,963.0,194,4.1992,4.1992,0.0,963.0,194,1.0883115555555556,460.0,0.2720778888888889
116,3.860407066052642e-07,-13.62540271047092,4.1995,4.1902,4.199076958525345,195.2986138340272,1078.0,217,4.1989,4.1902,-0.0087000000000001,1078.0,217,1.093601888888889,459.0,0.2734004722222222
117,2.3416819098569193e-08,-0.5288423808175119,4.1992,4.1985,4.1990734299516905,-1.0747992660916486,1028.0,207,4.1992,4.1992,0.0,1028.0,207,1.0903983333333334,458.0,0.2725995833333333
118,1.8777824204781444e-06,-15.045170573856842,4.1995,4.1784,4.199067099567099,227.86356911220884,1149.0,231,4.1992,4.1784,-0.0208000000000003,1149.0,231,1.0991157777777778,457.0,0.2747789444444444
119,2.2575272261397808e-08,-0.6984471550633766,4.1992,4.1985,4.199085714285714,-0.8686825989317275,1115.0,224,4.1992,4.1989,-0.0003000000000001,1115.0,224,1.1012173333333333,456.0,0.2753043333333333
120,1.812713602188939e-08,-0.913718469854179,4.1995,4.1989,4.199128571428571,-0.2853395234323459,1041.0,210,4.1992,4.1992,0.0,1041.0,210,1.0953394444444446,455.0,0.2738348611111111
121,2.2127292054239944e-08,-0.2963032119017671,4.1992,4.1989,4.199071830985916,-1.9304198027355688,1057.0,213,4.1992,4.1989,-0.0003000000000001,1057.0,213,1.0952777777777778,454.0,0.2738194444444444
122,1.8629032258087992e-08,-0.9303128929345242,4.1992,4.1989,4.1991129032258065,-1.1451581672000375,1076.0,217,4.1992,4.1992,0.0,1076.0,217,1.0909165555555556,453.0,0.2727291388888889
123,2.185409698998087e-08,-0.4679769872142229,4.1995,4.1989,4.199114903846153,-0.6518331606209213,1033.0,208,4.1992,4.1989,-0.0003000000000001,1033.0,208,1.0936112222222223,452.0,0.2734028055555556
124,2.3761886808289483e-08,-0.345082746317188,4.1992,4.1985,4.199061187214611,-1.286419514948657,1088.0,219,4.1992,4.1989,-0.0003000000000001,1088.0,219,1.0962936666666667,451.0,0.2740734166666667
125,1.8514670723771205e-08,-1.3311940528753703,4.1995,4.1985,4.1991339534883725,1.743326653600096,1067.0,215,4.1992,4.1992,0.0,1067.0,215,1.0970503333333337,450.0,0.2742625833333333
126,2.1465132024394072e-08,-0.5164963414268496,4.1995,4.1989,4.199103317535545,-1.1154302839549304,1046.0,211,4.1992,4.1989,-0.0003000000000001,1046.0,211,1.092827,449.0,0.27320675
127,1.9364928909967517e-08,-0.7434681678544269,4.1995,4.1989,4.19912606635071,-0.3402033842531571,1048.0,211,4.1989,4.1992,0.0003000000000001,1048.0,211,1.0921874444444446,448.0,0.2730468611111111
128,2.263533033391074e-08,-0.2814038105006861,4.1995,4.1989,4.199079126213593,-1.6357717856264855,1025.0,206,4.1992,4.1989,-0.0003000000000001,1025.0,206,1.0901255555555556,447.0,0.2725313888888889
129,2.3565030146450143e-08,-0.5657094398470758,4.1995,4.1985,4.1990842592592585,-0.7632900967570881,1073.0,216,4.1989,4.1989,0.0,1073.0,216,1.0880831111111111,446.0,0.2720207777777778
130,5.527358003846337e-07,-13.470158420523695,4.1992,4.1886,4.199014975845411,189.437074580688,1025.0,207,4.1989,4.1886,-0.0102999999999999,1025.0,207,1.083466888888889,445.0,0.2708667222222222
132,2.7446984924645063e-08,-0.8017892738402367,4.1995,4.1985,4.1990845000000006,0.4952602077566626,991.0,200,4.1992,4.1989,-0.0003000000000001,991.0,200,1.0835735555555557,443.0,0.2708933888888888
133,2.2211383699974332e-08,0.2703965549929172,4.1992,4.1989,4.199030049261085,-1.94615816176542,1009.0,203,4.1989,4.1989,0.0,1009.0,203,1.0855333333333332,442.0,0.2713833333333333
134,2.2743166232032884e-08,0.5419965703452495,4.1995,4.1985,4.199003921568628,-0.6522360021967484,1011.0,204,4.1992,4.1989,-0.0003000000000001,1011.0,204,1.082192888888889,441.0,0.2705482222222222
135,2.470105838170075e-06,-14.062752583243904,4.1995,4.1768,4.198986206896551,199.4668084200446,1009.0,203,4.1989,4.1768,-0.0221,1009.0,203,1.0839762222222222,440.0,0.2709940555555555
136,1.895868897236604e-08,-0.8544639257709022,4.1995,4.1989,4.1991172413793105,-0.842773999369169,1007.0,203,4.1992,4.1992,0.0,1007.0,203,1.0815241111111111,439.0,0.2703810277777778
137,2.1246534919100372e-08,-0.5096373489396363,4.1992,4.1989,4.19908679245283,-1.7569347956737806,1055.0,212,4.1989,4.1989,0.0,1055.0,212,1.0845332222222224,438.0,0.2711333055555556
138,2.2184873949607786e-08,-0.2791897268867091,4.1992,4.1989,4.199070588235294,-1.941181804749104,1011.0,204,4.1992,4.1992,0.0,1011.0,204,1.0802488888888888,437.0,0.2700622222222222
139,2.1561142556299386e-08,-0.4433098080088554,4.1992,4.1989,4.199082242990654,-1.8205796818804427,1060.0,214,4.1992,4.1989,-0.0003000000000001,1060.0,214,1.0834038888888888,436.0,0.2708509722222222
140,2.2413435927817533e-08,0.1855424471205457,4.1992,4.1989,4.199036238532111,-1.983859878619397,1081.0,218,4.1989,4.1992,0.0003000000000001,1081.0,218,1.0847545555555556,435.0,0.2711886388888889
141,2.215781922527899e-08,-0.2879119608081991,4.1992,4.1989,4.199071219512195,-1.9360919608461795,1018.0,205,4.1989,4.1992,0.0003000000000001,1018.0,205,1.083502,434.0,0.2708755
142,1.9346899224830578e-08,0.8264482207223708,4.1992,4.1989,4.198993055555556,-1.3293790704064707,1074.0,216,4.1992,4.1989,-0.0003000000000001,1074.0,216,1.0836766666666668,433.0,0.2709191666666667
143,2.1426520847600476e-08,0.4729588193326304,4.1992,4.1989,4.199015714285715,-1.7934826619342723,1044.0,210,4.1989,4.1992,0.0003000000000001,1044.0,210,1.081951111111111,432.0,0.2704877777777777
144,1.9546409729077653e-08,0.7970087027636269,4.1992,4.1989,4.1989948113207545,-1.3778658689868408,1051.0,212,4.1992,4.1989,-0.0003000000000001,1051.0,212,1.082853,431.0,0.27071325
145,2.1191860465142985e-08,-0.5200159903993188,4.1992,4.1989,4.1990875,-1.7458353443626948,1071.0,216,4.1989,4.1992,0.0003000000000001,1071.0,216,1.0827634444444445,430.0,0.2706908611111111
146,1.9812527777778957e-06,-14.796991645618784,4.1992,4.1781,4.199024888888888,220.91315334795735,1116.0,225,4.1992,4.1781,-0.0211000000000005,1116.0,225,1.079253,429.0,0.26981325
147,2.534178187406275e-08,0.2102822769676396,4.1995,4.1985,4.199035023041475,-0.9270712224251972,1077.0,217,4.1992,4.1992,0.0,1077.0,217,1.077906,428.0,0.2694765
148,5.145715413979203e-07,-13.5252411065024,4.1995,4.1889,4.19907476635514,192.42962231337995,1065.0,214,4.1992,4.1889,-0.0102999999999999,1065.0,214,1.0794334444444444,427.0,0.2698583611111111
149,1.8783072265391585e-08,-0.9086251451576964,4.1992,4.1989,4.199111682242991,-1.185568670596139,1062.0,214,4.1989,4.1992,0.0003000000000001,1062.0,214,1.0773146666666666,426.0,0.2693286666666666
150,2.1880309398221248e-08,0.3669938843845938,4.1992,4.1989,4.199023113207547,-1.8831714772776735,1053.0,212,4.1992,4.1989,-0.0003000000000001,1053.0,212,1.0759978888888888,425.0,0.2689994722222222
151,2.049973298880391e-06,-14.446603877774848,4.1992,4.1781,4.198926851851852,211.08939001060713,1076.0,216,4.1989,4.1781,-0.0208000000000003,1076.0,216,1.0802914444444445,424.0,0.2700728611111111
152,1.997814442142726e-06,-14.630083997202622,4.1992,4.1781,4.198810550458717,215.3346017660945,1083.0,218,4.1989,4.1781,-0.0208000000000003,1083.0,218,1.0800604444444446,423.0,0.2700151111111111
153,2.045745722713848e-06,-14.781305770770464,4.1992,4.1775,4.198787168141593,220.9186195351558,1122.0,226,4.1985,4.1775,-0.0209999999999999,1122.0,226,1.0853133333333334,422.0,0.2713283333333333
154,1.1502180913952445e-08,-0.3141188445705039,4.1992,4.1985,4.19890900900901,7.874908409868901,1100.0,222,4.1989,4.1989,0.0,1100.0,222,1.0807108888888888,421.0,0.2701777222222222
155,5.5056670382767573e-08,-0.3873036562027832,4.1995,4.1982,4.198835576923077,-0.0960282655274835,1032.0,208,4.1989,4.1985,-0.0003999999999999,1032.0,208,1.076584,420.0,0.269146
156,1.3035471919598265e-08,-0.6956195610029432,4.1992,4.1985,4.19890341880342,7.033579006693306,1163.0,234,4.1985,4.1989,0.0003999999999999,1163.0,234,1.0821144444444444,419.0,0.2705286111111111
157,2.0483444273774268e-08,-0.8092073724441029,4.1992,4.1985,4.198894930875578,3.516687363732398,1077.0,217,4.1989,4.1989,0.0,1077.0,217,1.081724,418.0,0.270431
158,1.7345132743366494e-08,-1.2574486258675242,4.1992,4.1985,4.198884070796461,4.715941924673645,1121.0,226,4.1989,4.1989,0.0,1121.0,226,1.076492,417.0,0.269123
159,1.701243781094856e-08,-1.320879892326269,4.1992,4.1985,4.1988830845771155,4.884744111423628,996.0,201,4.1985,4.1989,0.0003999999999999,996.0,201,1.0724245555555556,416.0,0.2681061388888889
160,2.8743775933622343e-08,-0.5772458334111996,4.1992,4.1985,4.1989024896265565,1.5962695785228649,1196.0,241,4.1992,4.1985,-0.0007000000000001,1196.0,241,1.0802695555555557,415.0,0.2700673888888889
161,3.0180727630286275e-08,-0.9425764174575242,4.1992,4.1985,4.198842035398231,0.6864657964943341,1123.0,226,4.1992,4.1989,-0.0003000000000001,1123.0,226,1.078041888888889,414.0,0.2695104722222222
162,2.238514191690687e-06,-14.654086393235758,4.1992,4.1768,4.1988366515837106,216.78824046022967,1097.0,221,4.1989,4.1768,-0.0221,1097.0,221,1.075982888888889,413.0,0.2689957222222222
163,1.4169872743414773e-08,-2.166094652083698,4.1992,4.1985,4.198872477064222,6.221756560968179,1083.0,218,4.1989,4.1989,0.0,1083.0,218,1.0727664444444445,412.0,0.2681916111111111
164,1.6695736434108278e-08,-1.8670620806331557,4.1992,4.1985,4.198868055555557,4.614837194299142,1071.0,216,4.1989,4.1989,0.0,1071.0,216,1.0715266666666667,411.0,0.2678816666666667
165,4.874888931080314e-07,-13.693943958984732,4.1992,4.1886,4.1987895652173925,200.31930799224895,1145.0,230,4.1989,4.1886,-0.0102999999999999,1145.0,230,1.0749395555555554,410.0,0.2687348888888888
166,1.752179327521811e-08,-1.733737878002157,4.1992,4.1985,4.198868181818183,4.253059041685416,1092.0,220,4.1989,4.1985,-0.0003999999999999,1092.0,220,1.0761927777777778,409.0,0.2690481944444444
167,2.1052653229121312e-08,-1.7251276578419503,4.1992,4.1985,4.1988479638009055,2.248380253286386,1096.0,221,4.1985,4.1989,0.0003999999999999,1096.0,221,1.0768885555555554,408.0,0.2692221388888888
168,2.1462748027273455e-06,-14.88685627216769,4.1992,4.1768,4.198752838427949,223.99218281579903,1135.0,229,4.1989,4.1768,-0.0221,1135.0,229,1.0766844444444443,407.0,0.2691711111111111
169,1.659646017699077e-08,-1.894946508005603,4.1992,4.1985,4.198867699115045,4.637901549408147,1120.0,226,4.1989,4.1989,0.0,1120.0,226,1.0767444444444445,406.0,0.2691861111111111
170,1.0225000000006391e-08,-0.1886966937817212,4.1992,4.1985,4.198909333333334,9.043346095396224,1116.0,225,4.1989,4.1989,0.0,1116.0,225,1.078496111111111,405.0,0.2696240277777778
171,1.412758049530558e-08,0.4349719886629136,4.1992,4.1985,4.19892869955157,4.395217450691634,1107.0,223,4.1989,4.1989,0.0,1107.0,223,1.077367222222222,404.0,0.2693418055555555
172,1.6013991872989164e-08,-1.0302591739560554,4.1992,4.1985,4.198893607305936,5.405209403060043,1088.0,219,4.1989,4.1989,0.0,1088.0,219,1.0738004444444444,403.0,0.2684501111111111
173,1.1113852535227204e-08,-0.5478254440098079,4.1992,4.1985,4.198905485232069,8.542775521644575,1178.0,237,4.1989,4.1989,0.0,1178.0,237,1.0790972222222222,402.0,0.2697743055555555
174,1.7021390374345972e-08,0.2639455806295843,4.1992,4.1985,4.198935294117647,3.12757633471475,1098.0,221,4.1985,4.1989,0.0003999999999999,1098.0,221,1.074224111111111,401.0,0.2685560277777777
175,1.5748779637389427e-08,0.0199381772240389,4.1992,4.1985,4.198922916666668,4.347049101929056,1191.0,240,4.1989,4.1989,0.0,1191.0,240,1.0747882222222225,400.0,0.2686970555555555
176,1.3896344789972878e-08,0.2763501118013677,4.1992,4.1985,4.19892425531915,4.920344005528972,1168.0,235,4.1989,4.1989,0.0,1168.0,235,1.0732327777777777,399.0,0.2683081944444444
177,1.9133322422258163e-06,-15.157554905743424,4.1992,4.1778,4.198835744680853,231.476977324271,1169.0,235,4.1992,4.1778,-0.0213999999999998,1169.0,235,1.066978,398.0,0.2667445
178,2.0338143155498986e-08,-1.2933096921849794,4.1992,4.1985,4.198872608695653,3.344584786698033,1141.0,230,4.1985,4.1989,0.0003999999999999,1141.0,230,1.074301888888889,397.0,0.2685754722222222
179,1.8731915701549567e-08,-0.2802349964252191,4.1992,4.1985,4.198918695652175,3.599390688549149,1141.0,230,4.1989,4.1985,-0.0003999999999999,1141.0,230,1.0758218888888889,396.0,0.2689554722222222
180,1.1681594267806592e-08,-0.7572174280289261,4.1992,4.1985,4.198902586206898,8.224469191993592,1154.0,232,4.1989,4.1989,0.0,1154.0,232,1.075155888888889,395.0,0.2687889722222222
181,1.1754938795302721e-08,-0.840001349856148,4.1992,4.1985,4.19890134529148,8.243874814518739,1106.0,223,4.1989,4.1989,0.0,1106.0,223,1.0697554444444446,394.0,0.2674388611111111
182,1.7028636969072068e-08,-1.3672392777575504,4.1992,4.1985,4.198881545064379,4.829046862660094,1155.0,233,4.1989,4.1989,0.0,1155.0,233,1.0714043333333334,393.0,0.2678510833333333
183,2.2501917712692508e-08,-1.3413378764518475,4.1992,4.1985,4.198859583333334,2.382248264184128,1193.0,240,4.1989,4.1985,-0.0003999999999999,1193.0,240,1.0735124444444446,392.0,0.2683781111111111
184,4.1302765647753396e-08,-1.2319156156865858,4.1992,4.1979,4.198837554585154,2.4143758280544168,1138.0,229,4.1982,4.1989,0.0007000000000001,1138.0,229,1.0690263333333332,391.0,0.2672565833333333
185,1.7290416439350747e-08,-2.0413661347076593,4.1992,4.1985,4.198859574468086,3.934506475276981,1166.0,235,4.1989,4.1989,0.0,1166.0,235,1.0693201111111112,390.0,0.2673300277777778
186,2.1338214783822992e-08,-1.3396782747498572,4.1992,4.1985,4.198865833333334,2.865426842270334,1195.0,240,4.1985,4.1989,0.0003999999999999,1195.0,240,1.072194888888889,389.0,0.2680487222222222
187,2.464329083181327e-08,-1.4009772374456753,4.1992,4.1985,4.198840573770493,1.297316350101393,1214.0,244,4.1989,4.1989,0.0,1214.0,244,1.0726296666666668,388.0,0.2681574166666667
188,1.9119802544142493e-08,-1.6642709072260775,4.1992,4.1985,4.198862608695653,3.430336685858161,1144.0,230,4.1989,4.1989,0.0,1144.0,230,1.075222777777778,387.0,0.2688056944444444
189,1.9082960013272493e-08,-1.7610132166361907,4.1992,4.1985,4.198858943089431,3.2763036948942217,1221.0,246,4.1989,4.1989,0.0,1221.0,246,1.0783132222222225,386.0,0.2695783055555555
190,1.802362786119404e-08,-0.7164665838589451,4.1992,4.1985,4.198901255230126,4.338322995349009,1186.0,239,4.1989,4.1989,0.0,1186.0,239,1.0732143333333333,385.0,0.2683035833333333
191,3.392360686478286e-07,-13.196362405746854,4.1992,4.1905,4.198793693693695,188.1319315997152,1104.0,222,4.1989,4.1905,-0.0083999999999999,1104.0,222,1.073076,384.0,0.268269
192,2.718445202349219e-07,-14.261389350521036,4.1992,4.1911,4.198918410041841,214.8525139712405,1189.0,239,4.1989,4.1911,-0.0078000000000004,1189.0,239,1.0694905555555556,383.0,0.2673726388888889
193,3.340490998363635e-07,-13.741148772650686,4.1995,4.1905,4.199009787234043,203.0206682195509,1168.0,235,4.1989,4.1905,-0.0083999999999999,1168.0,235,1.0690776666666666,382.0,0.2672694166666666
194,1.5702650800743476e-08,0.8351451453027333,4.1992,4.1985,4.1989483471074385,2.047388421836291,1204.0,242,4.1989,4.1989,0.0,1204.0,242,1.0708245555555556,381.0,0.2677061388888889
195,1.5899636843859465e-08,0.8064558628647568,4.1992,4.1985,4.198948717948719,2.0153065706039692,1165.0,234,4.1989,4.1992,0.0003000000000001,1165.0,234,1.072724888888889,380.0,0.2681812222222222
196,2.2379310344855784e-08,-0.1935700445007578,4.1992,4.1989,4.199064367816093,-1.9777451665460488,1296.0,261,4.1989,4.1992,0.0003000000000001,1296.0,261,1.0772651111111111,379.0,0.2693162777777778
197,1.684112449800714e-08,1.1551969099445656,4.1995,4.1985,4.198956800000001,1.9552726253110568,1244.0,250,4.1989,4.1989,0.0,1244.0,250,1.0716232222222222,378.0,0.2679058055555555
198,1.8506273867998113e-08,0.8469421951794529,4.1992,4.1985,4.198977446808511,-0.3471911248655495,1168.0,235,4.1992,4.1992,0.0,1168.0,235,1.073409111111111,377.0,0.2683522777777777
199,2.15254183267148e-08,0.2820932973348477,4.1992,4.1985,4.198968525896414,0.7543491315663653,1248.0,251,4.1989,4.1992,0.0003000000000001,1248.0,251,1.075809888888889,376.0,0.2689524722222222
200,1.8876881900323717e-08,0.8070594331523272,4.1992,4.1985,4.1989804081632665,-0.4857459782861495,1217.0,245,4.1992,4.1989,-0.0003000000000001,1217.0,245,1.0729637777777778,375.0,0.2682409444444444
201,1.8166363084418756e-08,0.9933347968265768,4.1992,4.1989,4.198983606557378,-1.0217285531165867,1210.0,244,4.1989,4.1989,0.0,1210.0,244,1.0741817777777778,374.0,0.2685454444444444
202,6.650602409646936e-09,3.115002330737065,4.1992,4.1989,4.198924000000001,7.765299654658376,1244.0,250,4.1989,4.1989,0.0,1244.0,250,1.074116,373.0,0.268529
203,1.7439946470413408e-08,1.0937756961778735,4.1992,4.1989,4.198978367346939,-0.8103368567667282,1217.0,245,4.1989,4.1989,0.0,1217.0,245,1.07108,372.0,0.26777
204,1.3531380753155132e-08,1.647088095499332,4.1992,4.1989,4.198955000000001,0.7188198310407792,1191.0,240,4.1989,4.1989,0.0,1191.0,240,1.0655823333333332,371.0,0.2663955833333333
205,1.4963217412469158e-08,1.2605054004731475,4.1992,4.1985,4.1989568093385214,0.9041079548058956,1277.0,257,4.1989,4.1989,0.0,1277.0,257,1.0680976666666666,370.0,0.2670244166666666
206,2.196652719668039e-08,0.3401916015079554,4.1992,4.1989,4.199025000000001,-1.9001747534505191,1191.0,240,4.1989,4.1989,0.0,1191.0,240,1.069432777777778,369.0,0.2673581944444445
207,1.7205238915650064e-06,-15.34183777050497,4.1992,4.1787,4.198842677824269,236.58027394259167,1186.0,239,4.1989,4.1787,-0.0201999999999999,1186.0,239,1.0665938888888888,368.0,0.2666484722222222
208,1.7448503692206812e-08,0.7285507128393293,4.1992,4.1985,4.198957831325301,1.2079733030688038,1239.0,249,4.1989,4.1989,0.0,1239.0,249,1.064443888888889,367.0,0.2661109722222222
209,1.8296828315330244e-06,-14.852443667289869,4.1992,4.1787,4.198954585152839,223.3395590294273,1140.0,229,4.1992,4.1787,-0.0205000000000001,1140.0,229,1.0623293333333337,366.0,0.2655823333333333
210,1.958401367004556e-08,0.7897958401495951,4.1992,4.1989,4.198995217391304,-1.388371734471236,1143.0,230,4.1989,4.1989,0.0,1143.0,230,1.0633644444444443,365.0,0.2658411111111111
211,2.043554006971216e-08,-0.6536600770331716,4.1992,4.1989,4.199096341463414,-1.5856870664804008,1223.0,246,4.1989,4.1989,0.0,1223.0,246,1.0623955555555555,364.0,0.2655988888888889
212,2.19767441860742e-08,0.3404303769508292,4.1992,4.1989,4.199025,-1.901803343421573,1074.0,216,4.1989,4.1992,0.0003000000000001,1074.0,216,1.0571274444444445,363.0,0.264281861111111
213,2.2182335229201594e-08,0.273542800511745,4.1992,4.1989,4.199029795918367,-1.9410873920513103,1215.0,245,4.1989,4.1992,0.0003000000000001,1215.0,245,1.0646022222222222,362.0,0.2661505555555555
214,2.2494598950681618e-08,0.1333493393267957,4.1992,4.1989,4.199040082644628,-1.9988061665317265,1201.0,242,4.1992,4.1989,-0.0003000000000001,1201.0,242,1.065315111111111,361.0,0.2663287777777777
215,1.683810165975111e-06,-15.226580623190268,4.1992,4.179,4.198933195020747,234.84820367291013,1195.0,241,4.1989,4.179,-0.0198999999999998,1195.0,241,1.0640272222222222,360.0,0.2660068055555555
216,2.1856806986144867e-08,0.3705521611650374,4.1992,4.1989,4.199022844827587,-1.8789643093434227,1153.0,232,4.1989,4.1992,0.0003000000000001,1153.0,232,1.062773,359.0,0.26569325
217,2.7213858850312917e-07,-15.031171247018827,4.1992,4.1908,4.198903571428572,234.56953989400776,1253.0,252,4.1989,4.1908,-0.0080999999999997,1253.0,252,1.063746,358.0,0.2659365
218,2.833003952569283e-07,-14.32411450733881,4.1992,4.1908,4.198948221343874,220.18146705614197,1257.0,253,4.1989,4.1908,-0.0080999999999997,1257.0,253,1.0653055555555555,357.0,0.2663263888888889
219,1.3196552033777963e-08,1.6969707838061734,4.1992,4.1989,4.198953281853282,0.886495710404664,1286.0,259,4.1989,4.1992,0.0003000000000001,1286.0,259,1.0660178888888887,356.0,0.2665044722222222
220,2.2587532289717544e-08,-0.0158422300982489,4.1992,4.1989,4.199051181102363,-2.0156832867882466,1262.0,254,4.1992,4.1989,-0.0003000000000001,1262.0,254,1.0595784444444445,355.0,0.264894611111111
221,2.1679225597059546e-08,0.4147140652009778,4.1992,4.1989,4.199019736842105,-1.8442679470258545,1130.0,228,4.1989,4.1989,0.0,1130.0,228,1.0587725555555556,354.0,0.2646931388888889
222,2.7429709732505013e-07,-14.027749597265808,4.1992,4.1911,4.19904761904762,213.3491066189727,1255.0,252,4.1989,4.1911,-0.0078000000000004,1255.0,252,1.0650252222222223,353.0,0.2662563055555556
223,1.764855687608336e-08,1.0648527024161565,4.1992,4.1989,4.198979838709678,-0.8731961584329917,1230.0,248,4.1992,4.1989,-0.0003000000000001,1230.0,248,1.0606295555555556,352.0,0.2651573888888889
224,2.0313033579991453e-08,0.673571712013706,4.1992,4.1989,4.199002380952381,-1.5587356993074792,1251.0,252,4.1989,4.1992,0.0003000000000001,1251.0,252,1.0630196666666665,351.0,0.2657549166666666
225,1.264226653697988e-08,1.534709321929998,4.1992,4.1985,4.198945136186771,2.1919065614850206,1279.0,257,4.1989,4.1989,0.0,1279.0,257,1.062357,350.0,0.26558925
226,1.6302013631715786e-08,1.2494097373465791,4.1992,4.1989,4.198970866141733,-0.4425220896906108,1261.0,254,4.1989,4.1989,0.0,1261.0,254,1.0605066666666667,349.0,0.2651266666666667
227,1.4939834024907758e-08,0.1567482738605261,4.1992,4.1985,4.1989244813278015,4.512098381829143,1196.0,241,4.1989,4.1989,0.0,1196.0,241,1.0581043333333335,348.0,0.2645260833333334
228,3.070751456502586e-07,-14.314343646006495,4.1992,4.1905,4.1989109311740895,218.06203049248472,1228.0,247,4.1989,4.1905,-0.0083999999999999,1228.0,247,1.0620614444444445,347.0,0.2655153611111111
229,1.4662197175817364e-08,1.2897805954774326,4.1992,4.1985,4.198955020080321,1.0754296896160185,1237.0,249,4.1989,4.1989,0.0,1237.0,249,1.0633346666666663,346.0,0.2658336666666666
230,1.9245619245625556e-08,-0.9106117655106456,4.1992,4.1985,4.198892307692308,3.931405493226499,1294.0,260,4.1989,4.1989,0.0,1294.0,260,1.0601496666666668,345.0,0.2650374166666667
231,1.1734232196193143e-08,1.0889652488121375,4.1992,4.1985,4.198931395348838,4.6442816837335945,1285.0,258,4.1989,4.1989,0.0,1285.0,258,1.060168888888889,344.0,0.2650422222222222
232,1.5853771805080035e-08,0.1336705256340273,4.1992,4.1985,4.198926615969582,4.035288189277368,1308.0,263,4.1989,4.1992,0.0003000000000001,1308.0,263,1.0623914444444444,343.0,0.2655978611111111
233,2.480557029178128e-07,-14.846418856143895,4.1992,4.1911,4.198895402298851,233.2044523726372,1298.0,261,4.1989,4.1911,-0.0078000000000004,1298.0,261,1.0612496666666666,342.0,0.2653124166666666
234,1.3203743525349483e-06,-16.284372659256036,4.1992,4.1799,4.198817689530687,268.9944669965931,1376.0,277,4.1992,4.1799,-0.0193000000000003,1376.0,277,1.064098,341.0,0.2660245
235,1.6090648760751652e-08,0.2160301972247646,4.1992,4.1985,4.198929959514171,3.723216905051415,1225.0,247,4.1989,4.1989,0.0,1225.0,247,1.0551344444444444,340.0,0.2637836111111111
236,1.5121838013464293e-08,-1.2171490530050595,4.1992,4.1985,4.198890322580645,5.900439305232282,1388.0,279,4.1985,4.1989,0.0003999999999999,1388.0,279,1.0618322222222225,339.0,0.2654580555555555
237,1.70782077758949e-08,0.020912654725478,4.1992,4.1985,4.198926640926642,3.6804429300505617,1290.0,259,4.1992,4.1989,-0.0003000000000001,1290.0,259,1.0610953333333335,338.0,0.2652738333333334
238,1.7263389783838432e-08,-1.4144449070938527,4.1992,4.1985,4.198879259259259,4.656207042427086,1342.0,270,4.1989,4.1989,0.0,1342.0,270,1.0654665555555556,337.0,0.2663666388888889
239,1.1176598880047532e-07,-12.851229359186837,4.1992,4.1939,4.198883524904216,191.47315027210993,1300.0,261,4.1989,4.1939,-0.0049999999999998,1300.0,261,1.0605171111111111,336.0,0.2651292777777778
240,1.7839622641528813e-08,0.7203678000360138,4.1992,4.1985,4.198961132075472,0.9510267778767956,1317.0,265,4.1989,4.1992,0.0003000000000001,1317.0,265,1.056493111111111,335.0,0.2641232777777778
241,1.1860678022531168e-08,-1.073117007577444,4.1992,4.1985,4.198897769516729,8.283078404686806,1336.0,269,4.1985,4.1989,0.0003999999999999,1336.0,269,1.0569716666666666,334.0,0.2642429166666666
242,1.99336553126773e-08,0.2666101899007034,4.1992,4.1985,4.198951957295375,1.6801456350298358,1396.0,281,4.1989,4.1992,0.0003000000000001,1396.0,281,1.061024,333.0,0.265256
243,1.2803661971831249e-06,-16.62800839603451,4.1992,4.1799,4.198840000000001,279.26761042638685,1415.0,285,4.1989,4.1799,-0.0190000000000001,1415.0,285,1.0597727777777777,332.0,0.2649431944444444
244,1.4718714859454158e-08,1.097645891757127,4.1992,4.1985,4.1989496,1.8237043861925968,1244.0,250,4.1989,4.1989,0.0,1244.0,250,1.0533894444444445,331.0,0.2633473611111111
245,1.2424882430799514e-08,-1.3609467593496485,4.1992,4.1985,4.198892509363295,7.914618064951982,1329.0,267,4.1989,4.1989,0.0,1329.0,267,1.0563556666666667,330.0,0.2640889166666667
246,1.1744088546044882e-08,0.8557118580073392,4.1992,4.1985,4.1989276119403,5.270523020916647,1334.0,268,4.1989,4.1989,0.0,1334.0,268,1.054279888888889,329.0,0.2635699722222222
247,2.1847779826934623e-08,-0.7010312638852015,4.1992,4.1985,4.198898872180452,3.0596483503115466,1323.0,266,4.1989,4.1989,0.0,1323.0,266,1.0519662222222224,328.0,0.2629915555555556
248,2.189246701662241e-08,0.3636873819703926,4.1992,4.1985,4.198987969924812,-0.2423005315157653,1322.0,266,4.1989,4.1989,0.0,1322.0,266,1.0553646666666665,327.0,0.2638411666666666
249,1.9578846544576315e-08,-0.6943002544067913,4.1992,4.1985,4.198901140684411,3.7453316707489552,1307.0,263,4.1992,4.1985,-0.0007000000000001,1307.0,263,1.0539851111111112,326.0,0.2634962777777778
250,1.4310104411121633e-08,-0.6002505619066533,4.1992,4.1985,4.19890534979424,6.067860883750886,1209.0,243,4.1989,4.1989,0.0,1209.0,243,1.052465888888889,325.0,0.2631164722222222
251,1.7535217172566202e-08,-1.471250782377549,4.1992,4.1985,4.198876492537314,4.47486643291513,1333.0,268,4.1989,4.1989,0.0,1333.0,268,1.0523587777777776,324.0,0.2630896944444444
252,1.6106842902387463e-08,-0.9794018095861232,4.1992,4.1985,4.198894814814816,5.306693712282417,1341.0,270,4.1989,4.1989,0.0,1341.0,270,1.0530723333333334,323.0,0.2632680833333333
253,1.568998009290435e-08,-1.1359538025577407,4.1992,4.1985,4.198891272727273,5.562503081741716,1368.0,275,4.1985,4.1989,0.0003999999999999,1368.0,275,1.0555985555555556,322.0,0.2638996388888889
254,2.527120059914602e-08,-1.309563281282356,4.1992,4.1985,4.1988428030303035,1.2905286572054675,1313.0,264,4.1989,4.1989,0.0,1313.0,264,1.0515983333333334,321.0,0.2628995833333333
255,1.2455117209839953e-08,-0.7442742534446957,4.1992,4.1985,4.198902641509435,7.507301673282825,1318.0,265,4.1989,4.1989,0.0,1318.0,265,1.050531888888889,320.0,0.2626329722222222
256,1.7152771084337136e-08,-1.8181889437035368,4.1992,4.1985,4.1988672000000005,4.35168805693956,1240.0,250,4.1989,4.1989,0.0,1240.0,250,1.0452902222222222,319.0,0.2613225555555555
257,1.28850337326289e-08,0.6280931963095508,4.1992,4.1985,4.1989281481481475,4.818173992509844,1343.0,270,4.1992,4.1989,-0.0003000000000001,1343.0,270,1.0479636666666667,318.0,0.2619909166666667
258,2.1175361037446667e-08,-0.0234618723675402,4.1992,4.1985,4.198939846743295,2.184946498032565,1300.0,261,4.1989,4.1989,0.0,1300.0,261,1.0438596666666666,317.0,0.2609649166666666
259,3.019508187890863e-07,-14.80898714698822,4.1992,4.1902,4.1989249084249085,235.8718364985252,1359.0,273,4.1985,4.1902,-0.0083000000000001,1359.0,273,1.0459176666666667,316.0,0.2614794166666667
260,1.5555555555562e-08,-0.8077449430474477,4.1992,4.1985,4.198900000000001,5.5113149071624745,1350.0,271,4.1989,4.1989,0.0,1350.0,271,1.0469776666666666,315.0,0.2617444166666666
261,1.55779543197687e-08,-0.7071137714574903,4.1992,4.1985,4.198902631578949,5.429978770707306,1325.0,266,4.1989,4.1992,0.0003000000000001,1325.0,266,1.0474854444444446,314.0,0.2618713611111111
262,2.1880219089533714e-08,-0.4201382321865585,4.1992,4.1985,4.198915830115831,2.8204396517513803,1285.0,259,4.1989,4.1985,-0.0003999999999999,1285.0,259,1.0483117777777775,313.0,0.2620779444444444
263,1.2707681612802478e-08,0.6426091435789841,4.1992,4.1985,4.1989277372262785,4.927975105450884,1363.0,274,4.1989,4.1989,0.0,1363.0,274,1.0456043333333334,312.0,0.2614010833333333
264,1.4349664050668487e-06,-16.1069526836226,4.1992,4.1793,4.198780370370371,262.8189948770271,1342.0,270,4.1989,4.1793,-0.0196000000000005,1342.0,270,1.043200777777778,311.0,0.2608001944444444
265,3.219302231490019e-07,-14.095868550362844,4.1992,4.1902,4.198844881889764,215.1114163334491,1260.0,254,4.1989,4.1902,-0.0087000000000001,1260.0,254,1.0435558888888887,310.0,0.2608889722222222
266,1.557827818628361e-08,-0.3532264931957951,4.1992,4.1985,4.1989121093750015,5.054651009344305,1275.0,256,4.1989,4.1989,0.0,1275.0,256,1.0438818888888888,309.0,0.2609704722222222
267,1.5427412300555813e-08,-0.2068110631771518,4.1992,4.1985,4.198915891472868,4.915348665771377,1281.0,258,4.1989,4.1989,0.0,1281.0,258,1.0380797777777775,308.0,0.2595199444444444
268,1.9204867153219005e-08,-0.483384825778084,4.1992,4.1985,4.198910431654677,3.6887166361591746,1384.0,278,4.1989,4.1989,0.0,1384.0,278,1.039679,307.0,0.25991975
269,1.6999935224777963e-08,-0.6470265071585937,4.1992,4.1985,4.198904016064258,4.708836523237283,1236.0,249,4.1989,4.1989,0.0,1236.0,249,1.036846777777778,306.0,0.2592116944444445
270,1.9333388914621072e-06,-15.722504595280949,4.1992,4.1768,4.19880274509804,249.72991603609097,1268.0,255,4.1989,4.1768,-0.0221,1268.0,255,1.0362023333333334,305.0,0.2590505833333333
271,9.310695680487721e-09,-2.0837408473666623,4.1992,4.1985,4.198890073529412,11.867944710699016,1354.0,272,4.1992,4.1989,-0.0003000000000001,1354.0,272,1.0386937777777778,304.0,0.2596734444444444
272,1.5009350586677593e-08,-1.293529601081574,4.1992,4.1985,4.198888759689924,5.986768402605895,1284.0,258,4.1989,4.1989,0.0,1284.0,258,1.0355138888888888,303.0,0.2588784722222222
273,1.5082472807388888e-08,-0.3150393736293581,4.1992,4.1985,4.198912592592593,5.257690760597731,1345.0,270,4.1989,4.1989,0.0,1345.0,270,1.0389167777777777,302.0,0.2597291944444444
274,1.4238662391218336e-08,0.7013365011798367,4.1992,4.1985,4.198935810810812,3.5452570706908406,1471.0,296,4.1989,4.1989,0.0,1471.0,296,1.04307,301.0,0.2607675
275,1.5380902180559812e-08,0.2939485264424268,4.1992,4.1985,4.198929739776951,3.9175387454046935,1339.0,269,4.1989,4.1989,0.0,1339.0,269,1.0376205555555555,300.0,0.2594051388888889
276,1.1959771282624524e-08,-0.1653582950894989,4.1992,4.1985,4.198911787072244,7.2018945908708965,1308.0,263,4.1989,4.1989,0.0,1308.0,263,1.0384996666666666,299.0,0.2596249166666666
277,2.0139616481104252e-08,0.6586857361923371,4.1992,4.1985,4.1989916376306615,-0.9183654993888396,1428.0,287,4.1989,4.1989,0.0,1428.0,287,1.0385224444444443,298.0,0.2596306111111111
278,1.3581954656869517e-08,-0.6087649599043807,4.1992,4.1985,4.1989050781250015,6.539053055116643,1271.0,256,4.1989,4.1989,0.0,1271.0,256,1.033319222222222,297.0,0.2583298055555555
279,1.5195154971781376e-08,0.8528128153898796,4.1995,4.1985,4.19893446969697,4.627017200507824,1314.0,264,4.1992,4.1989,-0.0003000000000001,1314.0,264,1.0395893333333333,296.0,0.2598973333333333
280,2.451762933672281e-07,-15.100828237481746,4.1992,4.1908,4.198893150684932,247.37443153349807,1454.0,292,4.1989,4.1908,-0.0080999999999997,1454.0,292,1.0415857777777775,295.0,0.2603964444444444
281,2.0829493087572026e-08,-0.178510940388667,4.1992,4.1985,4.1989285714285725,2.686362951523645,1394.0,280,4.1989,4.1989,0.0,1394.0,280,1.0385497777777777,294.0,0.2596374444444444
282,1.836098310294071e-08,0.8783357402029693,4.1992,4.1985,4.198977857142857,-0.4267733136077041,1391.0,280,4.1989,4.1992,0.0003000000000001,1391.0,280,1.0375451111111111,293.0,0.2593862777777778
283,1.7791670186725133e-08,1.043931813072604,4.1992,4.1989,4.198980898876405,-0.9171327938435924,1330.0,267,4.1989,4.1989,0.0,1330.0,267,1.034298333333333,292.0,0.2585745833333333
284,1.1008261811194441e-08,1.7597251874340896,4.1992,4.1985,4.1989379562043805,3.3636745131524832,1363.0,274,4.1989,4.1989,0.0,1363.0,274,1.0380224444444446,291.0,0.2595056111111111
285,1.6267271208705864e-08,1.1262926222007368,4.1992,4.1985,4.198964827586208,0.2583540755612472,1445.0,290,4.1989,4.1989,0.0,1445.0,290,1.0384976666666663,290.0,0.2596244166666666
286,2.0642324849808665e-08,-0.4645904797811291,4.1992,4.1985,4.198912186379929,3.2127634833398524,1386.0,279,4.1989,4.1989,0.0,1386.0,279,1.0347414444444445,289.0,0.258685361111111
287,2.25715457154716e-08,-0.2959588156245735,4.1992,4.1985,4.198925461254613,2.4361474882015717,1348.0,271,4.1989,4.1989,0.0,1348.0,271,1.030945,288.0,0.25773625
288,1.452688172044558e-08,0.984167823166292,4.1992,4.1985,4.198945,2.4006972308014096,1393.0,280,4.1989,4.1989,0.0,1393.0,280,1.0348233333333332,287.0,0.2587058333333333
289,1.724029174060512e-08,0.6494449716508315,4.1992,4.1985,4.198952434456929,1.681652033999574,1329.0,267,4.1989,4.1989,0.0,1329.0,267,1.0333405555555557,286.0,0.2583351388888888
290,2.6354400350715855e-08,-0.3086067288683837,4.1992,4.1985,4.199034050179213,-0.5411986646377382,1387.0,279,4.1989,4.1989,0.0,1387.0,279,1.0352802222222222,285.0,0.2588200555555555
291,2.1740783410165642e-08,-0.3952142760322765,4.1992,4.1989,4.199078928571429,-1.857122380084293,1391.0,280,4.1992,4.1989,-0.0003000000000001,1391.0,280,1.034587222222222,284.0,0.2586468055555555
292,2.0957454168134332e-08,0.5587421867125558,4.1992,4.1989,4.199009830508474,-1.699374740367593,1467.0,295,4.1989,4.1989,0.0,1467.0,295,1.036152888888889,283.0,0.2590382222222222
293,2.259529358697414e-08,-0.2533579278875567,4.1995,4.1989,4.1990749116607775,-1.7270904926333228,1407.0,283,4.1992,4.1992,0.0,1407.0,283,1.031012888888889,282.0,0.2577532222222222
294,2.140057400576284e-08,0.366878150609436,4.1992,4.1985,4.198977121771218,0.2668201201392146,1346.0,271,4.1992,4.1989,-0.0003000000000001,1346.0,271,1.029812333333333,281.0,0.2574530833333333
295,1.9454068514161352e-08,0.4415448879333518,4.1992,4.1985,4.1989597122302165,1.1849603089797522,1384.0,278,4.1989,4.1989,0.0,1384.0,278,1.0311166666666665,280.0,0.2577791666666666
296,1.9957554236274688e-08,0.4760818182589885,4.1992,4.1985,4.198967657992565,0.6815968314052663,1335.0,269,4.1992,4.1989,-0.0003000000000001,1335.0,269,1.029464222222222,279.0,0.2573660555555555
297,2.116458651345039e-08,0.5215507736191749,4.1992,4.1989,4.199012355212355,-1.7414928768059212,1288.0,259,4.1989,4.1989,0.0,1288.0,259,1.0280383333333334,278.0,0.2570095833333333
298,1.6377406647079715e-08,0.8355932713720623,4.1992,4.1985,4.198953531598513,1.526738336453788,1339.0,269,4.1989,4.1989,0.0,1339.0,269,1.0268175555555556,277.0,0.2567043888888889
299,2.622435574936428e-08,0.0500010766099743,4.1995,4.1985,4.198976492537314,0.786278597232783,1332.0,268,4.1992,4.1992,0.0,1332.0,268,1.024646,276.0,0.2561615
300,3.163945111492716e-07,-14.583999971452943,4.1992,4.1902,4.198997358490566,228.82935335761545,1318.0,265,4.1989,4.1902,-0.0087000000000001,1318.0,265,1.0222493333333331,275.0,0.2555623333333333
301,2.0036900369025826e-08,0.5445792243882243,4.1992,4.1985,4.198975,0.1941643680827245,1353.0,272,4.1989,4.1989,0.0,1353.0,272,1.0267474444444444,274.0,0.2566868611111111
302,2.1596368543762116e-08,0.4336456298809846,4.1992,4.1985,4.198995804195804,-0.7247043132780382,1423.0,286,4.1992,4.1989,-0.0003000000000001,1423.0,286,1.027733,273.0,0.25693325
303,1.617334190966326e-06,-15.991737133890895,4.1992,4.1784,4.198903773584906,258.7861034068761,1320.0,265,4.1992,4.1784,-0.0208000000000003,1320.0,265,1.024308,272.0,0.256077
304,2.256560415125156e-08,0.0493980012197468,4.1992,4.1989,4.199046315789474,-2.011726989244715,1420.0,285,4.1989,4.1992,0.0003000000000001,1420.0,285,1.028294111111111,271.0,0.2570735277777777
305,2.2987083777726673e-08,0.1658089274739243,4.1992,4.1985,4.1990264604810985,-1.4873982254352796,1447.0,291,4.1992,4.1989,-0.0003000000000001,1447.0,291,1.030881777777778,270.0,0.2577204444444445
306,1.2618274374461537e-06,-16.965861480004016,4.1992,4.1796,4.198966885245902,293.4115477262493,1517.0,305,4.1989,4.1796,-0.0193000000000003,1517.0,305,1.0355234444444446,269.0,0.2588808611111111
307,2.1492727015985283e-08,-0.451603677155117,4.1992,4.1989,4.199082876712329,-1.808488392577624,1451.0,292,4.1992,4.1992,0.0,1451.0,292,1.0327444444444445,268.0,0.2581861111111111
308,2.2745737583421093e-08,-0.2084694314032082,4.1995,4.1989,4.199071578947368,-1.7523897653767475,1418.0,285,4.1989,4.1989,0.0,1418.0,285,1.0277215555555557,267.0,0.2569303888888889
309,2.2468531468559784e-08,-0.1409436669052802,4.1992,4.1989,4.199060489510489,-1.9941292597281843,1421.0,286,4.1989,4.1989,0.0,1421.0,286,1.0259446666666667,266.0,0.2564861666666667
310,2.0205474582316305e-08,0.3441624411895632,4.1992,4.1985,4.198959793814433,1.199855427427738,1449.0,291,4.1989,4.1992,0.0003000000000001,1449.0,291,1.0259582222222223,265.0,0.2564895555555556
311,2.2711157455708842e-08,-0.2245201448728198,4.1995,4.1989,4.19907299270073,-1.7365493327818349,1363.0,274,4.1989,4.1989,0.0,1363.0,274,1.023531,264.0,0.25588275
312,2.2785330261164317e-08,0.2231696891741754,4.1992,4.1985,4.199021785714286,-1.4369168725801449,1394.0,280,4.1989,4.1989,0.0,1394.0,280,1.0225424444444444,263.0,0.2556356111111111
313,2.2956049313949813e-08,-0.126123240799692,4.1995,4.1989,4.199065306122449,-1.790296303681833,1464.0,294,4.1992,4.1989,-0.0003000000000001,1464.0,294,1.0253494444444446,262.0,0.2563373611111111
314,2.6660820544963216e-08,0.1357808826076159,4.1995,4.1985,4.198991612903226,0.430092198785533,1542.0,310,4.1992,4.1989,-0.0003000000000001,1542.0,310,1.0271873333333332,261.0,0.2567968333333333
315,2.1598432055776343e-08,0.4282480160726442,4.1992,4.1989,4.19901875,-1.8293562011518865,1434.0,288,4.1989,4.1989,0.0,1434.0,288,1.023087111111111,260.0,0.2557717777777777
316,2.3636032757076663e-08,0.0215609432353727,4.1995,4.1989,4.199059047619048,-1.65794632667262,1567.0,315,4.1989,4.1992,0.0003000000000001,1567.0,315,1.0289016666666666,259.0,0.2572254166666666
317,2.25789473684495e-08,8.928652716005844e-12,4.1992,4.1989,4.19905,-2.0141342756183747,1424.0,286,4.1989,4.1992,0.0003000000000001,1424.0,286,1.030525666666667,258.0,0.2576314166666666
318,2.2861274941838632e-08,0.2516710113338198,4.1992,4.1985,4.199010067114094,-1.0049326784961077,1482.0,298,4.1989,4.1992,0.0003000000000001,1482.0,298,1.0269742222222222,257.0,0.2567435555555555
319,2.000000000001809e-08,-0.692616958742012,4.1995,4.1989,4.199116666666667,-0.7417905586116813,1434.0,288,4.1989,4.1992,0.0003000000000001,1434.0,288,1.0294754444444445,256.0,0.2573688611111111
320,2.060707748629808e-08,-0.6213038055916924,4.1992,4.1989,4.199094295302014,-1.6249326112926517,1482.0,298,4.1992,4.1992,0.0,1482.0,298,1.0286452222222222,255.0,0.2571613055555555
321,2.2572612662841012e-08,0.0273531583602301,4.1992,4.1989,4.199047959183674,-2.0129923844499835,1465.0,294,4.1992,4.1989,-0.0003000000000001,1465.0,294,1.0249792222222225,254.0,0.2562448055555555
322,2.195595256432768e-08,-0.3374379021864249,4.1992,4.1989,4.199074834437087,-1.8987544761938844,1504.0,302,4.1989,4.1992,0.0003000000000001,1504.0,302,1.024905,253.0,0.25622625
323,4.7058823529461475e-09,2.6262240030173976,4.1992,4.1985,4.1989125000000005,17.07842348503765,1272.0,256,4.1989,4.1989,0.0,1272.0,256,1.0149046666666668,252.0,0.2537261666666667
324,1.4051885326931298e-06,-16.991343940125034,4.1992,4.1787,4.198849315068494,289.8114678508675,1453.0,292,4.1989,4.1787,-0.0201999999999999,1453.0,292,1.0151024444444443,251.0,0.2537756111111111
325,3.249169975160569e-09,2.9040063561710387,4.1992,4.1985,4.198907823129252,27.739708671990307,1463.0,294,4.1989,4.1989,0.0,1463.0,294,1.0151885555555555,250.0,0.2537971388888889
326,3.030303030306849e-10,17.23368793948696,4.1992,4.1989,4.198901010101011,296.999999997059,1476.0,297,4.1989,4.1989,0.0,1476.0,297,1.0179147777777775,249.0,0.2544786944444444
327,1.2578640871339649e-08,1.7926392578377706,4.1992,4.1989,4.198950174216028,1.2220228217859344,1427.0,287,4.1989,4.1989,0.0,1427.0,287,1.013262111111111,248.0,0.2533155277777777
328,1.2290990312457725e-08,1.596520167284644,4.1992,4.1985,4.198943884892087,2.3496772843686715,1383.0,278,4.1989,4.1989,0.0,1383.0,278,1.0133105555555555,247.0,0.2533276388888889
329,7.464114832545289e-09,2.861077460195474,4.1992,4.1989,4.198927272727273,6.22927760908507,1423.0,286,4.1989,4.1989,0.0,1423.0,286,1.0116377777777776,246.0,0.2529094444444444
330,1.625197876575935e-06,-16.51991508923577,4.1992,4.1778,4.198837454545455,273.61035122326365,1366.0,275,4.1989,4.1778,-0.0210999999999996,1366.0,275,1.0143624444444446,245.0,0.2535906111111111
331,6.521566025223874e-10,11.66143378920275,4.1992,4.1989,4.198902181818182,134.9706154645584,1370.0,275,4.1989,4.1989,0.0,1370.0,275,1.0079365555555555,244.0,0.2519841388888889
332,4.275800711749159e-09,4.160340197361306,4.1992,4.1989,4.198914946619218,15.418120016293074,1398.0,281,4.1989,4.1989,0.0,1398.0,281,1.011768,243.0,0.252942
333,6.204796631840012e-09,3.266391235228659,4.1992,4.1989,4.198922261484099,8.73096606551803,1406.0,283,4.1989,4.1989,0.0,1406.0,283,1.0114094444444446,242.0,0.2528523611111111
334,1.6600282179313295e-08,1.2073350006499592,4.1992,4.1989,4.198972794117648,-0.5464143243190445,1351.0,272,4.1989,4.1989,0.0,1351.0,272,1.0076193333333334,241.0,0.2519048333333333
335,5.121999515967081e-09,1.8018632733098685,4.1992,4.1985,4.198911258278147,16.93263818530737,1503.0,302,4.1989,4.1989,0.0,1503.0,302,1.0148622222222223,240.0,0.2537155555555556
336,2.610833645027601e-09,5.558130503688607,4.1992,4.1989,4.198908940397352,29.085393429464272,1504.0,302,4.1989,4.1989,0.0,1504.0,302,1.0151502222222222,239.0,0.2537875555555555
337,8.850303629430638e-08,-16.26422138636712,4.1992,4.1939,4.198882876712329,273.1154833952398,1455.0,292,4.1989,4.1939,-0.0049999999999998,1455.0,292,1.0144557777777778,238.0,0.2536139444444444
338,1.3072970948410364e-06,-17.29551499803847,4.1989,4.179,4.198816118421053,300.6971736921212,1512.0,304,4.1989,4.179,-0.0198999999999998,1512.0,304,1.0120448888888889,237.0,0.2530112222222222
339,3.990258355592046e-09,-5.2404901293207935,4.1992,4.1985,4.198891638795987,34.327510821036384,1490.0,299,4.1989,4.1989,0.0,1490.0,299,1.0104783333333334,236.0,0.2526195833333333
340,4.425977405809386e-09,-2.5479196065528256,4.1992,4.1985,4.198897178683387,28.275048881141117,1587.0,319,4.1989,4.1989,0.0,1587.0,319,1.0132785555555557,235.0,0.2533196388888888
341,5.063291139239394e-10,-17.776388834809556,4.1989,4.1985,4.198898734177217,316.0000000042545,1572.0,316,4.1989,4.1989,0.0,1572.0,316,1.0184905555555557,234.0,0.2546226388888889
342,1.1973692452244377e-08,-0.877977203354995,4.1992,4.1985,4.198900645161291,8.00658051418692,1543.0,310,4.1989,4.1989,0.0,1543.0,310,1.0178164444444444,233.0,0.2544541111111111
343,3.379296318893013e-08,-0.8685594424578376,4.1992,4.1985,4.198787919463088,-0.9994680248633944,1482.0,298,4.1989,4.1989,0.0,1482.0,298,1.0110895555555557,232.0,0.2527723888888888
344,2.890547067952024e-07,-15.208766206093944,4.1992,4.1899,4.198813531353136,252.1850913811491,1509.0,303,4.1989,4.1899,-0.0090000000000003,1509.0,303,1.0104006666666667,231.0,0.2526001666666667
345,2.3709028409674324e-08,-0.7100850968740813,4.1992,4.1985,4.198895873015874,2.5726656588947967,1568.0,315,4.1989,4.1985,-0.0003999999999999,1568.0,315,1.013744,230.0,0.253436
346,2.1720674304570418e-08,-1.1476392301494796,4.1992,4.1985,4.198874161073826,2.9330235463337044,1480.0,298,4.1989,4.1989,0.0,1480.0,298,1.007596222222222,229.0,0.2518990555555555
347,1.3767772986293185e-06,-17.061006610666567,4.1992,4.1787,4.198900331125828,294.68349230200516,1503.0,302,4.1989,4.1787,-0.0201999999999999,1503.0,302,1.0096412222222222,228.0,0.2524103055555555
348,1.572425720400783e-08,-0.81630700441737,4.1992,4.1985,4.198899647887324,5.420806993901206,1410.0,284,4.1989,4.1989,0.0,1410.0,284,1.003042,227.0,0.2507605
349,1.7319587628873153e-08,-0.7650962614283146,4.1992,4.1985,4.198900000000001,4.631144993512306,1453.0,292,4.1989,4.1989,0.0,1453.0,292,1.002720111111111,226.0,0.2506800277777777
350,1.9568915801628835e-08,-0.1002977416671046,4.1992,4.1985,4.198929065743946,2.9303035685156744,1437.0,289,4.1989,4.1992,0.0003000000000001,1437.0,289,1.0034488888888888,225.0,0.2508622222222222
351,1.9389988260963777e-08,0.5977330453218693,4.1992,4.1985,4.19897052238806,0.4068805235477288,1334.0,268,4.1989,4.1989,0.0,1334.0,268,0.9978216666666668,224.0,0.2494554166666666
352,1.7089906932782244e-08,0.9155136827655904,4.1992,4.1985,4.1989637323943665,0.5816192583381468,1413.0,284,4.1989,4.1989,0.0,1413.0,284,1.0022356666666667,223.0,0.2505589166666667
353,1.9295128188337057e-08,0.6331269857427566,4.1992,4.1985,4.198972277227722,0.257868085816729,1509.0,303,4.1989,4.1989,0.0,1509.0,303,1.003242,222.0,0.2508105
354,2.0080622995899664e-08,0.5563315722860185,4.1992,4.1985,4.198977027027028,0.0628390929656772,1473.0,296,4.1989,4.1989,0.0,1473.0,296,1.0014653333333334,221.0,0.2503663333333333
355,1.7005120327715037e-08,0.217451128124942,4.1992,4.1985,4.198933571428571,3.2314675886614066,1393.0,280,4.1989,4.1989,0.0,1393.0,280,1.0019455555555554,220.0,0.2504863888888888
356,1.3166555924700982e-08,-0.8594208145480355,4.1992,4.1985,4.198900332225914,7.029306422913944,1497.0,301,4.1989,4.1992,0.0003000000000001,1497.0,301,1.004601111111111,219.0,0.2511502777777777
357,1.4959098818176262e-08,1.1324067509244542,4.1992,4.1985,4.19895268456376,1.446635301504084,1485.0,298,4.1989,4.1989,0.0,1485.0,298,1.0052925555555554,218.0,0.2513231388888888
358,2.0383110383134125e-08,0.581648433558808,4.1992,4.1985,4.198986195286196,-0.4825946536464127,1478.0,297,4.1989,4.1992,0.0003000000000001,1478.0,297,1.001335111111111,217.0,0.2503337777777777
359,1.566321070236087e-08,1.335281043789121,4.1992,4.1989,4.198967000000001,-0.218526000657933,1494.0,300,4.1989,4.1992,0.0003000000000001,1494.0,300,1.002670888888889,216.0,0.2506677222222222
360,1.361446365382723e-06,-17.408707358378486,4.1992,4.1784,4.198912063492064,307.0032913275707,1568.0,315,4.1989,4.1784,-0.0205000000000001,1568.0,315,1.0022505555555556,215.0,0.2505626388888889
361,1.3149631672127268e-06,-17.46493483886468,4.1992,4.1787,4.198858280254777,307.9772746739346,1562.0,314,4.1989,4.1787,-0.0201999999999999,1562.0,314,1.004918,214.0,0.2512295
362,1.668451072983354e-08,0.9616856795139602,4.1992,4.1985,4.198961774744028,0.7006606647663025,1460.0,293,4.1989,4.1989,0.0,1460.0,293,1.0030576666666666,213.0,0.2507644166666666
363,1.8392251816003802e-08,0.9588262230884788,4.1992,4.1989,4.198985423728814,-1.088075347245047,1469.0,295,4.1992,4.1989,-0.0003000000000001,1469.0,295,1.001791111111111,212.0,0.2504477777777777
364,1.7734685073358726e-08,0.7707439003430494,4.1992,4.1985,4.198962950819673,0.7697595445611376,1516.0,305,4.1992,4.1989,-0.0003000000000001,1516.0,305,1.0041745555555557,211.0,0.2510436388888889
365,2.1643504531749324e-08,0.4152755554298244,4.1992,4.1989,4.199019637462236,-1.838692964413412,1648.0,331,4.1989,4.1992,0.0003000000000001,1648.0,331,1.002707,210.0,0.25067675
366,2.0253524610463313e-08,0.680000535745721,4.1992,4.1989,4.199001923076923,-1.5475609628084517,1550.0,312,4.1992,4.1992,0.0,1550.0,312,0.9986555555555556,209.0,0.2496638888888888
367,1.924740484431491e-08,0.8363272471997083,4.1992,4.1989,4.198992387543253,-1.309668462541353,1440.0,289,4.1989,4.1989,0.0,1440.0,289,0.9987456666666666,208.0,0.2496864166666666
368,1.227843817421912e-08,1.840312598794912,4.1992,4.1989,4.198948701298702,1.3957718024180452,1534.0,308,4.1989,4.1989,0.0,1534.0,308,0.9978954444444444,207.0,0.2494738611111111
369,1.2490621082621158e-06,-17.609448352455814,4.1992,4.179,4.198931076923078,314.99169659968254,1616.0,325,4.1989,4.179,-0.0198999999999998,1616.0,325,1.0006124444444444,206.0,0.2501531111111111
370,1.3315098031402794e-08,1.6754618934003245,4.1992,4.1989,4.198953943217666,0.8122573786835288,1579.0,317,4.1989,4.1989,0.0,1579.0,317,0.9967107777777778,205.0,0.2491776944444444
371,3.719720138175464e-09,4.525368495587657,4.1992,4.1989,4.198912913907286,18.60211151862886,1502.0,302,4.1989,4.1989,0.0,1502.0,302,0.994869777777778,204.0,0.2487174444444444
372,1.434879168838e-06,-17.291767158907497,4.1992,4.1781,4.198860197368422,300.6761649061881,1512.0,304,4.1992,4.1781,-0.0211000000000005,1512.0,304,0.9943392222222224,203.0,0.2485848055555555
373,3.235109717870911e-09,1.2425584827673744,4.1992,4.1985,4.198905000000002,31.88629221203425,1593.0,320,4.1989,4.1989,0.0,1593.0,320,0.9971563333333332,202.0,0.2492890833333333
374,1.3442946669943734e-06,-17.668965199177357,4.1992,4.1784,4.198838338658148,312.46479021195,1558.0,313,4.1989,4.1784,-0.0205000000000001,1558.0,313,0.994004,201.0,0.248501
375,6.122305858159103e-10,12.041167489145565,4.1992,4.1989,4.19890204778157,143.97243773667313,1459.0,293,4.1989,4.1989,0.0,1459.0,293,0.9911753333333334,200.0,0.2477938333333333
376,1.919951239336023e-09,6.589870699190806,4.1992,4.1989,4.198906521739132,41.685276906142526,1603.0,322,4.1989,4.1992,0.0003000000000001,1603.0,322,0.9955982222222224,199.0,0.2488995555555555
377,4.263075404893048e-09,4.163971679330433,4.1992,4.1989,4.198914906832299,15.434489697347768,1601.0,322,4.1989,4.1989,0.0,1601.0,322,0.9961111111111112,198.0,0.2490277777777777
378,5.583197290521399e-09,3.507795402320048,4.1992,4.1989,4.1989198606271785,10.376894467097808,1427.0,287,4.1989,4.1989,0.0,1427.0,287,0.9923383333333332,197.0,0.2480845833333333
379,1.1500156592560683e-09,8.674123558815294,4.1992,4.1989,4.198903870967743,73.7159746181602,1544.0,310,4.1989,4.1989,0.0,1544.0,310,0.9951666666666666,196.0,0.2487916666666666
380,5.523374159053303e-09,2.026416007578225,4.1992,4.1985,4.198913489736071,14.612843035795072,1696.0,341,4.1989,4.1989,0.0,1696.0,341,0.9988573333333334,195.0,0.2497143333333333
381,6.983263253367712e-09,2.4332108969706043,4.1992,4.1985,4.198921794871796,8.767242226019885,1551.0,312,4.1989,4.1989,0.0,1551.0,312,0.989613,194.0,0.24740325
382,1.8184817258529853e-08,0.9864771583721074,4.1992,4.1989,4.198983890577508,-1.033180734288901,1639.0,329,4.1989,4.1989,0.0,1639.0,329,0.9960945555555556,193.0,0.2490236388888888
383,6.837836111651157e-09,2.450245495995698,4.1992,4.1985,4.198921172638437,9.126170320220153,1529.0,307,4.1989,4.1989,0.0,1529.0,307,0.9903945555555556,192.0,0.2475986388888889
384,1.7913793503771238e-08,0.9351506895321248,4.1992,4.1985,4.198975170068027,-0.3216816181224535,1460.0,294,4.1989,4.1992,0.0003000000000001,1460.0,294,0.9872206666666667,191.0,0.2468051666666667
385,1.4307401151805742e-08,1.5273546259177249,4.1992,4.1989,4.198959235668791,0.3349046473182513,1561.0,314,4.1989,4.1989,0.0,1561.0,314,0.9903096666666666,190.0,0.2475774166666666
386,1.2759322548932433e-06,-17.9871820088822,4.1992,4.1784,4.198894925373135,327.3324079941054,1668.0,335,4.1989,4.1784,-0.0205000000000001,1668.0,335,0.9964761111111112,189.0,0.2491190277777777
387,1.7157164052586262e-08,1.1280741306171589,4.1992,4.1989,4.198976557863501,-0.7318273478888364,1677.0,337,4.1989,4.1989,0.0,1677.0,337,0.9987045555555556,188.0,0.2496761388888889
388,2.1531999310015055e-08,0.4402529127921469,4.1992,4.1989,4.19901788856305,-1.8168681761350016,1696.0,341,4.1992,4.1992,0.0,1696.0,341,0.9963496666666666,187.0,0.2490874166666666
389,1.2856881219364608e-08,1.746892037417695,4.1992,4.1989,4.198951592356689,1.0583321969738977,1564.0,314,4.1989,4.1989,0.0,1564.0,314,0.9898332222222224,186.0,0.2474583055555555
390,1.1833978099811644e-08,1.9148539924438592,4.1992,4.1989,4.198946534653465,1.67769624305904,1509.0,303,4.1989,4.1989,0.0,1509.0,303,0.9905461111111112,185.0,0.2476365277777777
391,1.2792043399654452e-08,1.757053476210716,4.1992,4.1989,4.198951265822785,1.094121692594184,1572.0,316,4.1989,4.1989,0.0,1572.0,316,0.985586,184.0,0.2463965
392,1.114153900752572e-08,2.035238254765462,4.1992,4.1989,4.198943260188088,2.155670765159841,1586.0,319,4.1992,4.1989,-0.0003000000000001,1586.0,319,0.9905732222222222,183.0,0.2476433055555555
393,2.2190915742669514e-07,-17.436370155574608,4.1992,4.1905,4.1988926605504595,311.7756039046716,1626.0,327,4.1989,4.1905,-0.0083999999999999,1626.0,327,0.9869582222222224,182.0,0.2467395555555555
394,6.596906278443251e-09,3.127178229739571,4.1992,4.1989,4.1989238095238095,7.828911619410654,1567.0,315,4.1992,4.1989,-0.0003000000000001,1567.0,315,0.987966,181.0,0.2469915
395,2.0591452601293665e-08,0.6222121466923215,4.1992,4.1989,4.199005621301776,-1.622487850190688,1682.0,338,4.1989,4.1989,0.0,1682.0,338,0.9877852222222224,180.0,0.2469463055555555
396,1.4910630841140283e-08,1.4402045186187908,4.1992,4.1989,4.19896261682243,0.0746150139937453,1597.0,321,4.1989,4.1989,0.0,1597.0,321,0.9854502222222222,179.0,0.2463625555555555
397,1.5633948594120096e-08,1.3376701036228933,4.1992,4.1989,4.198966862170089,-0.2119161263336955,1696.0,341,4.1989,4.1992,0.0003000000000001,1696.0,341,0.9893788888888888,178.0,0.2473447222222222
398,2.337012133468457e-07,-15.952685998992417,4.1992,4.1905,4.199013913043479,281.5702963904094,1718.0,345,4.1989,4.1905,-0.0083999999999999,1718.0,345,0.9923214444444444,177.0,0.2480803611111111
399,2.245298755116695e-08,0.1430066230002174,4.1992,4.1989,4.199039349112427,-1.991367670620731,1681.0,338,4.1989,4.1989,0.0,1681.0,338,0.9892372222222224,176.0,0.2473093055555555
400,2.582515663459776e-07,-15.890950940972653,4.1992,4.1902,4.1989887195121955,275.6207728614105,1632.0,328,4.1992,4.1902,-0.0090000000000003,1632.0,328,0.9860928888888888,175.0,0.2465232222222222
401,1.730782710282555e-08,1.1080031517542674,4.1992,4.1989,4.198977570093458,-0.7772104844838084,1596.0,321,4.1989,4.1989,0.0,1596.0,321,0.9860638888888889,174.0,0.2465159722222222
402,1.03033974621497e-08,2.1911468762454525,4.1992,4.1989,4.198939428571429,2.817190380475623,1740.0,350,4.1989,4.1989,0.0,1740.0,350,0.9870651111111112,173.0,0.2467662777777778
403,1.9741104080828266e-08,0.7606597014211597,4.1992,4.1989,4.198996894409938,-1.430319663288859,1603.0,322,4.1989,4.1989,0.0,1603.0,322,0.9829607777777778,172.0,0.2457401944444444
404,1.6532205595336384e-08,1.2144525131846606,4.1992,4.1989,4.198972413793103,-0.5284578058090239,1587.0,319,4.1989,4.1989,0.0,1587.0,319,0.9828566666666668,171.0,0.2457141666666666
405,7.0049390338103385e-09,2.994046202147988,4.1992,4.1989,4.198925438596492,7.005245411177029,1702.0,342,4.1989,4.1989,0.0,1702.0,342,0.9872361111111112,170.0,0.2468090277777777
406,1.6187694704062792e-09,1.937181808898152,4.1992,4.1985,4.19890249221184,66.93977893253539,1600.0,321,4.1989,4.1989,0.0,1600.0,321,0.9821961111111112,169.0,0.2455490277777778
407,2.6366998191684536e-07,-17.14844629839513,4.1992,4.1899,4.198893354430381,301.4385921183139,1571.0,316,4.1989,4.1899,-0.0090000000000003,1571.0,316,0.9812337777777778,168.0,0.2453084444444444
408,1.2673992674008643e-09,8.233670456782903,4.1992,4.1989,4.198904273504275,66.17034175363632,1745.0,351,4.1989,4.1989,0.0,1745.0,351,0.9868144444444444,167.0,0.2467036111111111
409,2.890752518713834e-09,-7.210771404249716,4.1989,4.1985,4.1988926605504595,50.30285521601719,1628.0,327,4.1989,4.1989,0.0,1628.0,327,0.985276,166.0,0.2463189999999999
410,4.6474215747599e-09,-5.55034880534189,4.1989,4.1985,4.198888059701494,28.979350249588062,1667.0,335,4.1989,4.1989,0.0,1667.0,335,0.9862425555555556,165.0,0.2465606388888888
411,2.2168819636425386e-07,-18.21751073254819,4.1992,4.1902,4.19887167630058,336.34184567149487,1722.0,346,4.1989,4.1902,-0.0087000000000001,1722.0,346,0.9835255555555557,164.0,0.2458813888888888
412,1.779042035180618e-09,6.865916507013674,4.1992,4.1989,4.198906034482759,45.401710045898746,1734.0,348,4.1989,4.1989,0.0,1734.0,348,0.9849131111111112,163.0,0.2462282777777777
413,3.685146625022851e-09,-2.380753678195926,4.1992,4.1985,4.198898529411765,33.99063136922013,1692.0,340,4.1989,4.1989,0.0,1692.0,340,0.983304111111111,162.0,0.2458260277777777
414,4.410886985360629e-09,4.076394029171688,4.1992,4.1989,4.198915454545456,14.706080842514725,1644.0,330,4.1989,4.1992,0.0003000000000001,1644.0,330,0.9845993333333334,161.0,0.2461498333333333
415,5.569846955396141e-09,3.5096957731413845,4.1992,4.1989,4.198919819819821,10.380273350629452,1659.0,333,4.1989,4.1989,0.0,1659.0,333,0.9804183333333332,160.0,0.2451045833333333
416,4.302976472981429e-07,-18.29933720858964,4.1992,4.1868,4.198877906976745,337.9583714487605,1710.0,344,4.1989,4.1868,-0.0121000000000002,1710.0,344,0.9792686666666668,159.0,0.2448171666666666
417,4.253651671274371e-07,-18.481300060881544,4.1992,4.1868,4.198871098265897,343.0715778565296,1723.0,346,4.1989,4.1868,-0.0121000000000002,1723.0,346,0.9789705555555556,158.0,0.2447426388888888
418,4.697168857437669e-09,3.9178465655957257,4.1992,4.1989,4.1989165217391315,13.427328906664467,1716.0,345,4.1989,4.1989,0.0,1716.0,345,0.9799655555555556,157.0,0.2449913888888888
419,6.407024403636164e-09,2.5940343835681605,4.1992,4.1985,4.198919883040936,9.980359305678832,1701.0,342,4.1989,4.1989,0.0,1701.0,342,0.9763098888888888,156.0,0.2440774722222222
420,4.882936261637431e-07,-18.612698565880553,4.1992,4.1858,4.198876619718312,349.3292031187329,1765.0,355,4.1989,4.1858,-0.0130999999999996,1765.0,355,0.9789113333333334,155.0,0.2447278333333333
421,1.2265364265372935e-09,1.0144224248262308,4.1992,4.1985,4.198901424501425,93.20587758421678,1747.0,351,4.1989,4.1989,0.0,1747.0,351,0.9794022222222224,154.0,0.2448505555555555
422,4.812409322426579e-07,-18.35620849075265,4.1992,4.1861,4.198859649122808,338.5739989761387,1706.0,342,4.1989,4.1861,-0.0128000000000003,1706.0,342,0.974171777777778,153.0,0.2435429444444444
423,4.5684780667874975e-09,3.9890248338822007,4.1992,4.1989,4.19891603773585,14.000333604030246,1581.0,318,4.1989,4.1989,0.0,1581.0,318,0.9690314444444444,152.0,0.2422578611111111
424,2.3482564102565145e-07,-17.83437111053156,4.1992,4.1902,4.19887876923077,320.44944913169365,1618.0,325,4.1989,4.1902,-0.0087000000000001,1618.0,325,0.969609,151.0,0.24240225
425,7.439593047903982e-10,-5.426300560435147,4.1992,4.1985,4.198899703264096,181.21262002797525,1680.0,337,4.1989,4.1989,0.0,1680.0,337,0.9683632222222224,150.0,0.2420908055555555
426,9.477324375059666e-09,-3.611498869657644,4.1989,4.1985,4.198874785100287,11.106539991926873,1739.0,349,4.1989,4.1989,0.0,1739.0,349,0.9728488888888888,149.0,0.2432122222222222
427,1.4289259319196293e-08,-2.701169534023906,4.1989,4.1985,4.198860479041917,5.328186770483729,1663.0,334,4.1985,4.1989,0.0003999999999999,1663.0,334,0.9685732222222222,148.0,0.2421433055555555
428,2.972492836675952e-09,-6.014804201193726,4.1992,4.1985,4.198894,47.568645892284955,1741.0,350,4.1989,4.1989,0.0,1741.0,350,0.969992111111111,147.0,0.2424980277777777
429,1.27088821798756e-09,-6.83513514144418,4.1992,4.1985,4.1988984520123855,111.92364296328536,1609.0,323,4.1989,4.1989,0.0,1609.0,323,0.9632601111111112,146.0,0.2408150277777777
430,5.21496966632952e-07,-18.52118910921248,4.1992,4.1855,4.198861739130436,343.682970432706,1715.0,345,4.1989,4.1855,-0.0133999999999998,1715.0,345,0.9693816666666668,145.0,0.2423454166666666
431,5.047212351215891e-07,-18.37542487311867,4.1992,4.1858,4.198858944281526,338.7286405109467,1696.0,341,4.1989,4.1858,-0.0130999999999996,1696.0,341,0.9642821111111112,144.0,0.2410705277777778
432,4.454731913084099e-09,-1.3951930125718808,4.1992,4.1985,4.198900310559006,26.53968374389651,1604.0,322,4.1989,4.1989,0.0,1604.0,322,0.965271,143.0,0.24131775
433,7.422599663647411e-07,-17.964587178554588,4.1989,4.1834,4.198849691358026,323.13316986497523,1614.0,324,4.1989,4.1834,-0.0155000000000002,1614.0,324,0.9640506666666666,142.0,0.2410126666666666
434,8.089570936425962e-10,-5.203758676749323,4.1992,4.1985,4.198899677419356,166.65420992547564,1542.0,310,4.1989,4.1989,0.0,1542.0,310,0.960399,141.0,0.24009975
435,8.609807412200724e-09,-3.8434116316228177,4.1989,4.1985,4.198877245508983,12.84871681280182,1664.0,334,4.1989,4.1989,0.0,1664.0,334,0.9659664444444443,140.0,0.2414916111111111
436,9.554159336514613e-09,-3.592628012065619,4.1989,4.1985,4.1988745664739895,10.970356048365815,1721.0,346,4.1989,4.1989,0.0,1721.0,346,0.9664191111111112,139.0,0.2416047777777777
437,3.830322132792163e-09,-6.184710412152278,4.1989,4.1985,4.198890214067279,36.47369021809522,1628.0,327,4.1985,4.1989,0.0003999999999999,1628.0,327,0.9630892222222224,138.0,0.2407723055555555
438,5.254717434098811e-09,-5.173168018986748,4.1989,4.1985,4.198886440677968,24.90232871666436,1765.0,354,4.1989,4.1989,0.0,1765.0,354,0.9653925555555556,137.0,0.2413481388888889
439,7.69136385087546e-10,-5.336755683642852,4.1992,4.1985,4.198899693251534,175.2814161138755,1624.0,326,4.1989,4.1989,0.0,1624.0,326,0.9621365555555556,136.0,0.2405341388888889
440,4.5940898221351e-09,-5.586258551025362,4.1989,4.1985,4.1988882005899715,29.379583590790467,1686.0,339,4.1989,4.1989,0.0,1686.0,339,0.964219,135.0,0.24105475
441,4.939264471809249e-09,-5.360624889572227,4.1989,4.1985,4.198887283236996,26.891711721467843,1723.0,346,4.1989,4.1989,0.0,1723.0,346,0.9668921111111112,134.0,0.2417230277777778
442,4.898066725948267e-09,-5.38599468623045,4.1989,4.1985,4.1988873925501435,27.16457932996697,1737.0,349,4.1989,4.1989,0.0,1737.0,349,0.9597514444444444,133.0,0.2399378611111111
443,3.681986982389478e-08,-0.602212416348194,4.1989,4.1985,4.198757413249212,-1.647776410969367,1576.0,317,4.1985,4.1989,0.0003999999999999,1576.0,317,0.9566673333333332,132.0,0.2391668333333333
444,3.0413644080873975e-09,-5.941151940305108,4.1992,4.1985,4.198893859649123,46.39509078012477,1704.0,342,4.1989,4.1989,0.0,1704.0,342,0.9585847777777776,131.0,0.2396461944444444
445,2.209948847208761e-09,-6.50709486282341,4.1992,4.1985,4.19889604863222,64.96810054274752,1638.0,329,4.1989,4.1989,0.0,1638.0,329,0.9542222222222222,130.0,0.2385555555555555
446,2.7142634636698525e-07,-17.489717471717746,4.1989,4.1896,4.1988577160493845,311.44762128669873,1612.0,324,4.1989,4.1896,-0.0092999999999996,1612.0,324,0.9543245555555556,129.0,0.2385811388888888
447,2.5801638791336106e-08,-1.497279450533968,4.1989,4.1985,4.1988194968553465,0.2433365207505686,1584.0,318,4.1989,4.1989,0.0,1584.0,318,0.9544931111111112,128.0,0.2386232777777777
448,3.856647398843082e-08,-0.4026294095712053,4.1989,4.1985,4.198739306358382,-1.8486088476802311,1725.0,346,4.1989,4.1985,-0.0003999999999999,1725.0,346,0.957374,127.0,0.2393435
449,3.3963237049407654e-08,-0.8546642695475885,4.1989,4.1985,4.198778309859156,-1.276774023838707,1769.0,355,4.1989,4.1985,-0.0003999999999999,1769.0,355,0.9564113333333334,126.0,0.2391028333333333
450,3.990015883820314e-08,-0.1485534652410314,4.1989,4.1985,4.198714749262537,-1.989705659427698,1688.0,339,4.1989,4.1985,-0.0003999999999999,1688.0,339,0.9571846666666668,125.0,0.2392961666666666
451,9.001554001552021e-09,-3.734176961705886,4.1989,4.1985,4.198876136363638,12.012298003702226,1751.0,352,4.1989,4.1989,0.0,1751.0,352,0.9651266666666668,124.0,0.2412816666666666
452,1.6065385911692215e-08,-2.385300004042325,4.1992,4.1985,4.1988568115942035,4.204343448023223,1719.0,345,4.1989,4.1989,0.0,1719.0,345,0.9586322222222222,123.0,0.2396580555555555
453,2.6476190476191537e-07,-14.93240967846076,4.1989,4.1899,4.198740816326532,256.3253237816704,1708.0,343,4.1985,4.1899,-0.0086000000000003,1708.0,343,0.9581696666666668,122.0,0.2395424166666666
454,8.513686724139084e-09,-3.8706431685204543,4.1989,4.1985,4.198877514792901,13.05911766296752,1681.0,338,4.1989,4.1989,0.0,1681.0,338,0.9582052222222224,121.0,0.2395513055555555
455,1.7717993353374798e-08,-2.2580372327296203,4.1989,4.1985,4.198849438202248,3.116207554361781,1773.0,356,4.1989,4.1989,0.0,1773.0,356,0.9621004444444444,120.0,0.2405251111111111
456,1.7241025641022292e-08,-2.251177383900401,4.1992,4.1985,4.198852991452992,3.5067250200407987,1748.0,351,4.1989,4.1989,0.0,1748.0,351,0.955261,119.0,0.2388152499999999
457,3.009174311925943e-08,-1.1600122257664094,4.1989,4.1985,4.198800000000001,-0.6584237847740901,1632.0,328,4.1989,4.1985,-0.0003999999999999,1632.0,328,0.9525696666666666,118.0,0.2381424166666666
458,8.021046115751867e-09,-4.017143351294799,4.1989,4.1985,4.19887888888889,14.21639092592412,1792.0,360,4.1989,4.1989,0.0,1792.0,360,0.9554836666666666,117.0,0.2388709166666666
459,2.0454179975004041e-07,-18.65046598414444,4.1989,4.1902,4.1988613157894745,357.57745743205083,1891.0,380,4.1989,4.1902,-0.0087000000000001,1891.0,380,0.9562462222222222,116.0,0.2390615555555555
460,2.145014051072522e-09,-6.609858209421958,4.1992,4.1985,4.198896165191742,67.04207799043776,1689.0,339,4.1989,4.1989,0.0,1689.0,339,0.9507703333333334,115.0,0.2376925833333333
461,3.759909979029174e-09,-4.709444389351948,4.1992,4.1985,4.198893586005832,36.04330933717793,1709.0,343,4.1989,4.1989,0.0,1709.0,343,0.9523155555555556,114.0,0.2380788888888889
462,6.426852230863857e-09,-3.3023091422522826,4.1992,4.1985,4.198889714285715,19.12587619526528,1741.0,350,4.1989,4.1989,0.0,1741.0,350,0.947764,113.0,0.236941
463,4.998998910948907e-07,-18.36460531340906,4.1992,4.1858,4.198857514450868,340.0671950864735,1722.0,346,4.1989,4.1858,-0.0130999999999996,1722.0,346,0.9515127777777778,112.0,0.2378781944444444
464,5.377938089069729e-07,-18.92689085871997,4.1992,4.1849,4.198853678474115,361.0275366753357,1827.0,367,4.1989,4.1849,-0.0140000000000002,1827.0,367,0.9536121111111112,111.0,0.2384030277777777
465,5.111054560586309e-07,-18.568358843365804,4.1992,4.1855,4.1988536723163845,347.7191766853072,1765.0,354,4.1989,4.1855,-0.0133999999999998,1765.0,354,0.9507882222222224,110.0,0.2376970555555555
466,1.019729840361498e-09,9.23263257770297,4.1992,4.1989,4.1989034285714295,83.71987870821513,1743.0,350,4.1989,4.1989,0.0,1743.0,350,0.9488583333333334,109.0,0.2372145833333333
467,5.78277168973289e-07,-18.296878118787276,4.1992,4.1849,4.198873099415206,337.2156573956427,1704.0,342,4.1989,4.1849,-0.0140000000000002,1704.0,342,0.9448413333333332,108.0,0.2362103333333333
468,5.518272665992708e-07,-18.26319266816122,4.1992,4.1852,4.1988820289855076,337.3939238693625,1717.0,345,4.1989,4.1852,-0.0137,1717.0,345,0.9483702222222222,107.0,0.2370925555555555
469,4.882157575757579e-07,-18.916331517206977,4.1992,4.1855,4.198891466666668,363.5727731821549,1865.0,375,4.1989,4.1855,-0.0133999999999998,1865.0,375,0.9472924444444444,106.0,0.2368231111111111
470,4.223441216318205e-07,-19.017699092744536,4.1989,4.1865,4.198862739726028,362.7251246373315,1818.0,365,4.1989,4.1865,-0.0124000000000004,1818.0,365,0.9481384444444444,105.0,0.2370346111111111
471,2.066023738874294e-09,2.847819214239106,4.1992,4.1985,4.198904154302672,48.53664389633942,1680.0,337,4.1989,4.1989,0.0,1680.0,337,0.9435711111111112,104.0,0.2358927777777777
472,2.7027027027061095e-10,18.24828759063365,4.1992,4.1989,4.198900900900902,332.9999999936112,1659.0,333,4.1989,4.1989,0.0,1659.0,333,0.9406881111111112,103.0,0.2351720277777777
473,1.830720067426323e-09,6.7610790934697125,4.1992,4.1989,4.198906213017752,43.972351387912575,1680.0,338,4.1989,4.1989,0.0,1680.0,338,0.9387047777777776,102.0,0.2346761944444444
474,6.656769021829227e-07,-18.56040749401763,4.1989,4.1837,4.198850574712645,345.6081741636736,1733.0,348,4.1989,4.1837,-0.0152000000000001,1733.0,348,0.9412548888888888,101.0,0.2353137222222222
475,3.487585146121701e-09,-4.907664325723762,4.1992,4.1985,4.198894054054055,39.16520071068211,1842.0,370,4.1989,4.1989,0.0,1842.0,370,0.9451803333333334,100.0,0.2362950833333333
476,1.815533112880293e-09,2.5313945589430267,4.1992,4.1985,4.198903283582091,57.275999454057235,1667.0,335,4.1989,4.1989,0.0,1667.0,335,0.9409747777777778,99.0,0.2352436944444444
477,5.428469108217071e-07,-18.935412239362726,4.1989,4.1849,4.198856906077348,359.6466200938353,1801.0,362,4.1989,4.1849,-0.0140000000000002,1801.0,362,0.9421357777777778,98.0,0.2355339444444444
478,1.300354993056122e-09,8.12361731467219,4.1992,4.1989,4.198904385964913,64.36956061082961,1700.0,342,4.1989,4.1989,0.0,1700.0,342,0.9404988888888888,97.0,0.2351247222222222
479,1.6512561512557873e-08,-2.401311423594992,4.1989,4.1985,4.19885340909091,3.7877860374544654,1751.0,352,4.1989,4.1989,0.0,1751.0,352,0.9391883333333334,96.0,0.2347970833333333
480,8.334089128909406e-09,-3.920362636103013,4.1989,4.1985,4.198878010471205,13.43958097990969,1900.0,382,4.1985,4.1985,0.0,1900.0,382,0.9407881111111112,95.0,0.2351970277777778
481,8.744806173232172e-09,-3.8034939334235345,4.1989,4.1985,4.198876859504133,12.535603397654969,1809.0,363,4.1989,4.1989,0.0,1809.0,363,0.9374626666666668,94.0,0.2343656666666666
482,1.882783882784233e-09,-4.734988689868755,4.1992,4.1985,4.198898290598291,72.46329195995838,1745.0,351,4.1989,4.1989,0.0,1745.0,351,0.9338532222222222,93.0,0.2334633055555555
483,6.123042240150933e-09,-4.3716249436307955,4.1992,4.1985,4.198885755813954,20.526755035034107,1711.0,344,4.1989,4.1989,0.0,1711.0,344,0.9299363333333334,92.0,0.2324840833333333
484,1.5037365112700822e-08,-2.593276436046106,4.1989,4.1985,4.198858126721764,4.751230208571213,1806.0,363,4.1985,4.1989,0.0003999999999999,1806.0,363,0.9354373333333332,91.0,0.2338593333333333
485,1.0061372863750029e-08,-3.471055004336721,4.1989,4.1985,4.198873109243698,10.10480179403211,1780.0,357,4.1989,4.1989,0.0,1780.0,357,0.9324601111111112,90.0,0.2331150277777778
486,1.4223769583791776e-08,-2.709663792951094,4.1989,4.1985,4.198860674157305,5.37242888206519,1773.0,356,4.1989,4.1985,-0.0003999999999999,1773.0,356,0.9333935555555556,89.0,0.2333483888888888
487,7.824985785359334e-07,-18.264689434411856,4.1989,4.1827,4.198847023809525,334.366581744973,1671.0,336,4.1989,4.1827,-0.0162000000000004,1671.0,336,0.9292607777777778,88.0,0.2323151944444444
488,2.6119869820130953e-07,-17.11045985380416,4.1989,4.1896,4.198831896551725,309.1705247073936,1733.0,348,4.1989,4.1896,-0.0092999999999996,1733.0,348,0.9310291111111112,87.0,0.2327572777777777
489,3.3902443182779433e-08,-0.8600503609050474,4.1989,4.1985,4.198778717201167,-1.2677396702266484,1706.0,343,4.1989,4.1989,0.0,1706.0,343,0.9306297777777778,86.0,0.2326574444444444
490,2.204687364870865e-07,-18.83030858127271,4.1989,4.1899,4.198866219839143,360.2345640801331,1856.0,373,4.1989,4.1899,-0.0090000000000003,1856.0,373,0.9333074444444444,85.0,0.2333268611111111
491,5.438613581059545e-07,-18.877160225351105,4.1992,4.1849,4.19885552486188,358.1523446127855,1803.0,362,4.1989,4.1849,-0.0140000000000002,1803.0,362,0.9313916666666666,84.0,0.2328479166666666
492,6.636571104927654e-09,-4.511576050503433,4.1989,4.1985,4.198882708933718,18.460688578494704,1729.0,347,4.1989,4.1989,0.0,1729.0,347,0.9274096666666668,83.0,0.2318524166666666
493,1.8976646838509064e-08,-1.8230384407817504,4.1992,4.1985,4.1988568627450995,3.175153096770301,1776.0,357,4.1989,4.1985,-0.0003999999999999,1776.0,357,0.9272222222222222,82.0,0.2318055555555555
494,2.97108133810727e-07,-17.127299426086815,4.1992,4.1892,4.198858841463416,304.0957190814043,1633.0,328,4.1989,4.1892,-0.0097000000000004,1633.0,328,0.9263066666666666,81.0,0.2315766666666666
495,1.6135114903829734e-08,1.165810555882736,4.1992,4.1985,4.1989653005464485,0.1611601680633314,1822.0,366,4.1989,4.1992,0.0003000000000001,1822.0,366,0.941529,80.0,0.23538225
496,1.3799323269144974e-08,0.976168789668217,4.1992,4.1985,4.198940294117648,3.0136226174747933,1694.0,340,4.1992,4.1989,-0.0003000000000001,1694.0,340,0.934761,79.0,0.23369025
497,6.907408756470147e-09,0.1884116269639713,4.1992,4.1985,4.19890808625337,14.0806102947322,1849.0,371,4.1989,4.1989,0.0,1849.0,371,0.9362284444444444,78.0,0.2340571111111111
498,9.824653922227277e-09,2.286438905735382,4.1992,4.1989,4.198937297297299,3.2453160777467898,1842.0,370,4.1989,4.1989,0.0,1842.0,370,0.9334396666666668,77.0,0.2333599166666666
499,1.1448473471014564e-08,1.7583404579023534,4.1992,4.1985,4.198940974212035,2.756412269544301,1738.0,349,4.1989,4.1989,0.0,1738.0,349,0.9271712222222224,76.0,0.2317928055555555
500,8.200988097921852e-09,2.657477717439095,4.1992,4.1989,4.198930327868853,5.0899723488562945,1822.0,366,4.1989,4.1989,0.0,1822.0,366,0.9345217777777778,75.0,0.2336304444444444
501,2.2292583618875233e-07,-18.62104523758032,4.1992,4.1899,4.198895187165776,355.9066956492912,1862.0,374,4.1989,4.1899,-0.0090000000000003,1862.0,374,0.9325654444444444,74.0,0.2331413611111111
502,4.031494778072963e-09,4.304315380844229,4.1992,4.1989,4.198914062500001,16.61363422157589,1914.0,384,4.1989,4.1989,0.0,1914.0,384,0.9306367777777778,73.0,0.2326591944444444
503,1.784078226252019e-09,6.855504917404111,4.1992,4.1989,4.1989060518732,45.25877620139422,1727.0,347,4.1989,4.1989,0.0,1727.0,347,0.9240734444444444,72.0,0.2310183611111111
504,2.975906124152537e-09,3.3823041594632772,4.1992,4.1985,4.198907631578948,29.662172486132494,1892.0,380,4.1989,4.1989,0.0,1892.0,380,0.9262978888888888,71.0,0.2315744722222222
505,8.465489023080703e-10,-13.6745023419857,4.1989,4.1985,4.198897877984086,185.97862400194273,1877.0,377,4.1989,4.1989,0.0,1877.0,377,0.9264914444444444,70.0,0.2316228611111111
506,1.6208038536813063e-09,-2.0102258040979337,4.1992,4.1985,4.198900273972604,77.29833478288006,1818.0,365,4.1989,4.1989,0.0,1818.0,365,0.924272,69.0,0.231068
507,4.5845272206293615e-10,-18.681541692351544,4.1989,4.1985,4.1988988538681955,349.00000000205796,1735.0,349,4.1989,4.1989,0.0,1735.0,349,0.9195283333333332,68.0,0.2298820833333333
508,1.6385522301859602e-06,-18.97997316630447,4.1989,4.1744,4.198801902173914,362.74579998216166,1834.0,368,4.1989,4.1744,-0.0244999999999997,1834.0,368,0.9210751111111112,67.0,0.2302687777777778
509,5.678132338719567e-09,-4.944162446647821,4.1989,4.1985,4.198885301837271,22.56315808109769,1899.0,381,4.1989,4.1989,0.0,1899.0,381,0.9212295555555556,66.0,0.2303073888888888
510,2.6809168168935623e-09,-7.505257278956018,4.1989,4.1985,4.198893201133146,54.63842576531164,1760.0,353,4.1989,4.1989,0.0,1760.0,353,0.916571,65.0,0.22914275
511,3.910863509748443e-09,-6.110359199473662,4.1989,4.1985,4.198890000000001,35.53387205096771,1794.0,360,4.1989,4.1989,0.0,1794.0,360,0.9142891111111112,64.0,0.2285722777777777
512,2.68838286839225e-07,-18.45174747062546,4.1989,4.1892,4.198863559322035,344.6548478032303,1764.0,354,4.1989,4.1892,-0.0097000000000004,1764.0,354,0.9150893333333332,63.0,0.2287723333333333
513,1.74221373438332e-08,-2.2921647568988663,4.1989,4.1985,4.198850422535212,3.272423927384717,1769.0,355,4.1989,4.1989,0.0,1769.0,355,0.9140015555555556,62.0,0.2285003888888889
514,6.999918133440945e-09,-4.368792188115141,4.1989,4.1985,4.198881714285715,17.18451125068542,1744.0,350,4.1989,4.1989,0.0,1744.0,350,0.910728,61.0,0.227682
515,2.7296426536429097e-07,-18.160584410111976,4.1989,4.1892,4.198857549857551,336.32107899563204,1747.0,351,4.1985,4.1892,-0.0093000000000005,1747.0,351,0.9117156666666668,60.0,0.2279289166666666
516,3.3862504372733286e-08,-0.8631811075198159,4.1989,4.1985,4.198778962536024,-1.2622268964726124,1728.0,347,4.1989,4.1985,-0.0003999999999999,1728.0,347,0.9104183333333332,59.0,0.2276045833333333
517,1.7975791913465012e-09,-9.273164285219233,4.1989,4.1985,4.198895467422097,84.47013570996558,1755.0,353,4.1989,4.1989,0.0,1755.0,353,0.9160975555555556,58.0,0.2290243888888889
518,3.553953129023167e-09,-6.442092075441,4.1989,4.1985,4.198890934844193,39.72559593708412,1757.0,353,4.1989,4.1989,0.0,1757.0,353,0.908339888888889,57.0,0.2270849722222222
519,8.172434249553272e-09,-3.9685494124845286,4.1989,4.1985,4.198878461538462,13.820231991744045,1941.0,390,4.1989,4.1989,0.0,1941.0,390,0.9185292222222222,56.0,0.2296323055555555
520,2.401139226642067e-09,0.6418267459898592,4.1992,4.1985,4.1989027932960905,46.115853759330314,1781.0,358,4.1989,4.1989,0.0,1781.0,358,0.9113693333333334,55.0,0.2278423333333333
521,2.0419182335709566e-09,2.867342661323565,4.1992,4.1985,4.198904105571848,49.1421118883688,1698.0,341,4.1989,4.1989,0.0,1698.0,341,0.9087443333333332,54.0,0.2271860833333333
522,3.832372643713478e-09,-5.521841027659259,4.1992,4.1985,4.198891603053436,35.90216893109988,1957.0,393,4.1989,4.1992,0.0003000000000001,1957.0,393,0.9150611111111112,53.0,0.2287652777777777
523,8.999313029551064e-10,9.848477140268386,4.1992,4.1989,4.198903022670026,95.47345725404978,1977.0,397,4.1989,4.1989,0.0,1977.0,397,0.9127711111111112,52.0,0.2281927777777778
524,1.5411467843376248e-06,-19.12786174615351,4.1989,4.175,4.198813172043012,367.853578242326,1855.0,372,4.1989,4.175,-0.0239000000000002,1855.0,372,0.9085523333333332,51.0,0.2271380833333333
525,3.2590925245845503e-09,0.1809172216988629,4.1992,4.1985,4.1989032608695664,33.83722247196918,1832.0,368,4.1989,4.1989,0.0,1832.0,368,0.910329888888889,50.0,0.2275824722222222
526,2.7647006964641722e-09,-7.377447933003198,4.1989,4.1985,4.198892982456141,52.69083058042331,1990.0,399,4.1989,4.1989,0.0,1990.0,399,0.9132903333333332,49.0,0.2283225833333333
527,3.986608292556421e-09,-6.046386417765305,4.1989,4.1985,4.198889801699718,34.75567569986267,1756.0,353,4.1989,4.1989,0.0,1756.0,353,0.9031604444444444,48.0,0.2257901111111111
528,1.2195789338149223e-09,1.0179661563977875,4.1992,4.1985,4.198901416430596,93.74562702880756,1758.0,353,4.1989,4.1989,0.0,1758.0,353,0.9052835555555556,47.0,0.2263208888888889
529,1.0422045913335105e-08,-3.3898791737546414,4.1989,4.1985,4.198872067039107,9.544571980260608,1781.0,358,4.1989,4.1989,0.0,1781.0,358,0.9042316666666668,46.0,0.2260579166666666
530,2.72745343279604e-07,-17.197236471481748,4.1992,4.1892,4.198819891008175,316.74158293394356,1827.0,367,4.1989,4.1892,-0.0097000000000004,1827.0,367,0.904441,45.0,0.22611025
531,5.846547619047533e-07,-19.1204053796684,4.1989,4.184,4.198834285714287,371.71224936219295,1916.0,385,4.1989,4.184,-0.0148999999999999,1916.0,385,0.9059913333333334,44.0,0.2264978333333333
532,1.2126999283847192e-09,1.0214979713477943,4.1992,4.1985,4.1989014084507055,94.2853764983663,1768.0,355,4.1989,4.1989,0.0,1768.0,355,0.902955,43.0,0.22573875
533,4.014546580006065e-09,-4.698180606537336,4.1992,4.1985,4.198892777777779,33.569572541114994,1791.0,360,4.1989,4.1989,0.0,1791.0,360,0.90321,42.0,0.2258025
534,2.834831460674371e-07,-16.58558311294065,4.1989,4.1892,4.198800000000001,298.9199974795864,1779.0,357,4.1989,4.1892,-0.0097000000000004,1779.0,357,0.9034731111111112,41.0,0.2258682777777778
535,1.7847025495746774e-08,-2.24349807547354,4.1989,4.1985,4.198849008498584,3.05053518618552,1758.0,353,4.1989,4.1989,0.0,1758.0,353,0.9026474444444444,40.0,0.2256618611111111
536,2.399537364260861e-09,-7.957972910953929,4.1989,4.1985,4.198893924050634,61.64141961345319,1967.0,395,4.1985,4.1989,0.0003999999999999,1967.0,395,0.9053096666666668,39.0,0.2263274166666666
537,9.398101898100224e-09,-3.4580271352354672,4.1992,4.1985,4.198876648351649,11.364634362262306,1814.0,364,4.1985,4.1989,0.0003999999999999,1814.0,364,0.906638,38.0,0.2266595
538,1.5159095055643815e-08,-2.5063515227173316,4.1992,4.1985,4.198859359605912,4.773614877900593,2021.0,406,4.1989,4.1985,-0.0003999999999999,2021.0,406,0.9077491111111112,37.0,0.2269372777777777
539,4.817697143310787e-09,-5.436379570984114,4.1989,4.1985,4.198887605633804,27.710307905089252,1768.0,355,4.1989,4.1989,0.0,1768.0,355,0.9072394444444444,36.0,0.2268098611111111
540,1.6047795653329455e-06,-19.687140899341458,4.1989,4.1737,4.198797487437187,390.94775439283313,1982.0,398,4.1989,4.1737,-0.0251999999999998,1982.0,398,0.9097636666666667,35.0,0.2274409166666667
541,5.890010923343897e-07,-19.61971271512268,4.1989,4.1837,4.198848354430381,388.1318309545344,1970.0,395,4.1989,4.1837,-0.0152000000000001,1970.0,395,0.9071231111111112,34.0,0.2267807777777777
542,7.889721908239969e-07,-19.16098924206266,4.1992,4.1818,4.198848118279571,368.7100966541545,1851.0,372,4.1989,4.1818,-0.0171000000000001,1851.0,372,0.8989356666666667,33.0,0.2247339166666666
543,4.713463751437396e-09,-5.500936397693273,4.1989,4.1985,4.19888787878788,28.403730698380105,1970.0,396,4.1989,4.1989,0.0,1970.0,396,0.9011336666666666,32.0,0.2252834166666666
544,5.352890844638839e-09,-5.1144872665799666,4.1989,4.1985,4.198886172839507,24.27784762375227,2019.0,405,4.1989,4.1989,0.0,2019.0,405,0.901477,31.0,0.22536925
545,9.013940237830315e-10,-13.247320238774895,4.1989,4.1985,4.198897740112995,174.47722430448633,1763.0,354,4.1989,4.1989,0.0,1763.0,354,0.8950837777777777,30.0,0.2237709444444444
546,1.8050147284081904e-06,-19.18204820401877,4.1989,4.1731,4.198825745257454,368.29127938835626,1837.0,369,4.1989,4.1731,-0.0258000000000002,1837.0,369,0.8937014444444444,29.0,0.2234253611111111
547,4.946877192982625e-07,-19.684883521267302,4.1992,4.1849,4.198857000000001,391.4951439170754,1990.0,400,4.1989,4.1849,-0.0140000000000002,1990.0,400,0.8956230000000001,28.0,0.22390575
548,1.942402699120986e-09,-3.3235331245618784,4.1992,4.1985,4.198899224806203,67.24600867356916,1926.0,387,4.1989,4.1989,0.0,1926.0,387,0.8912698888888889,27.0,0.2228174722222222
549,2.3266204036629446e-07,-19.913613224446692,4.1992,4.1892,4.198881907090465,400.7391650786386,2037.0,409,4.1989,4.1892,-0.0097000000000004,2037.0,409,0.8957378888888888,26.0,0.2239344722222222
550,4.357047724750284e-09,-4.271372905777615,4.1992,4.1985,4.198892705882354,30.318095854751466,2119.0,425,4.1989,4.1989,0.0,2119.0,425,0.8980221111111112,25.0,0.2245055277777778
551,4.6513560026123935e-09,-2.377193546223589,4.1992,4.1985,4.198897323600974,26.50640611429136,2048.0,411,4.1989,4.1989,0.0,2048.0,411,0.8948381111111111,24.0,0.2237095277777777
552,1.7625115705030793e-07,-21.30102825060832,4.1992,4.1899,4.198884449244062,456.92350213652657,2306.0,463,4.1989,4.1899,-0.0090000000000003,2306.0,463,0.893885,23.0,0.22347125
553,4.558700939808493e-09,-4.669029996485369,4.1992,4.1985,4.198890930787591,29.11309275788074,2087.0,419,4.1989,4.1989,0.0,2087.0,419,0.8845185555555555,22.0,0.2211296388888888
554,3.35257058228944e-09,-4.3711333990282535,4.1992,4.1985,4.198895399515739,40.12664588341031,2060.0,413,4.1989,4.1989,0.0,2060.0,413,0.8824974444444444,21.0,0.2206243611111111
555,3.0830336235229687e-09,3.539212024139616,4.1992,4.1985,4.1989082742316794,27.81452625432748,2108.0,423,4.1989,4.1989,0.0,2108.0,423,0.8814667777777778,20.0,0.2203666944444444
556,7.87933250551007e-09,2.3986064002260243,4.1992,4.1985,4.198926340326341,6.594761956844881,2138.0,429,4.1989,4.1989,0.0,2138.0,429,0.8759071111111111,19.0,0.2189767777777777
557,7.92895930793737e-09,1.6882015116856903,4.1992,4.1985,4.198921065375304,8.500709108934544,2055.0,413,4.1985,4.1989,0.0003999999999999,2055.0,413,0.8706322222222223,18.0,0.2176580555555555
558,4.5139650794654534e-09,-2.9535436564242348,4.1992,4.1985,4.19889589041096,27.99372741710165,2181.0,438,4.1989,4.1989,0.0,2181.0,438,0.8723423333333333,17.0,0.2180855833333333
559,7.092416439235959e-09,-0.5990805604374064,4.1992,4.1985,4.198903579952268,14.82986527323411,2090.0,419,4.1989,4.1989,0.0,2090.0,419,0.864707,16.0,0.21617675
560,1.6049815138513414e-06,-20.803546669099276,4.1992,4.1725,4.198839770114944,433.51746759306343,2165.0,435,4.1989,4.1725,-0.0263999999999997,2165.0,435,0.8640335555555556,15.0,0.2160083888888889
561,4.161750530175759e-09,2.468489998716234,4.1992,4.1985,4.1989100877193,20.602904234566996,2274.0,456,4.1989,4.1989,0.0,2274.0,456,0.861801,14.0,0.21545025
562,8.07136202387515e-09,2.686990580660521,4.1992,4.1989,4.1989298097251595,5.242065845641152,2356.0,473,4.1989,4.1989,0.0,2356.0,473,0.8550692222222223,13.0,0.2137673055555555
563,1.4873608017817766e-06,-21.08818736689403,4.1992,4.1731,4.1988633333333345,446.48339206585666,2245.0,450,4.1989,4.1731,-0.0258000000000002,2245.0,450,0.8508373333333332,12.0,0.2127093333333333
564,1.3169145720655075e-09,-2.223563777603894,4.1992,4.1985,4.198900222717151,95.51967851471215,2238.0,449,4.1989,4.1989,0.0,2238.0,449,0.8433585555555555,11.0,0.2108396388888888
565,5.297145632122361e-09,3.622299502771939,4.1992,4.1989,4.198918793503481,11.17287897008741,2148.0,431,4.1989,4.1989,0.0,2148.0,431,0.8392118888888889,10.0,0.2098029722222222
566,7.263823907308369e-09,2.9096502022403916,4.1992,4.1989,4.1989265060240974,6.492121124394764,2481.0,498,4.1989,4.1989,0.0,2481.0,498,0.8404835555555555,9.0,0.2101208888888888
567,1.2379937482239466e-09,-8.120969728712078,4.1992,4.1985,4.198898043478263,117.41365986022716,2292.0,460,4.1989,4.1989,0.0,2292.0,460,0.8323258888888889,8.0,0.2080814722222222
568,2.1835421016028075e-09,3.881779029978329,4.1992,4.1985,4.198905416666668,42.34921324435414,2391.0,480,4.1989,4.1989,0.0,2391.0,480,0.8316185555555555,7.0,0.2079046388888888
569,1.2368534161387367e-09,-2.292615399320482,4.1992,4.1985,4.198900209205022,101.8101799109806,2382.0,478,4.1985,4.1992,0.0007000000000001,2382.0,478,0.8272764444444445,6.0,0.2068191111111111
570,1.2271121577878284e-08,1.836060996266404,4.1992,4.1989,4.1989487341772165,1.376911947717136,2365.0,474,4.1989,4.1989,0.0,2365.0,474,0.8226652222222223,5.0,0.2056663055555555
571,5.610548018985276e-07,-21.930748679807955,4.1992,4.1824,4.198873360655739,483.3225162791123,2434.0,488,4.1989,4.1824,-0.0164999999999997,2434.0,488,0.8169865555555555,4.0,0.2042466388888889
572,5.743022764788172e-09,-4.907029774390304,4.1989,4.1985,4.198885120350111,22.17597315394963,2277.0,457,4.1989,4.1989,0.0,2277.0,457,0.8063364444444444,3.0,0.2015841111111111
573,1.697937215862522e-06,-21.929040514296418,4.1989,4.1703,4.198837344398342,481.2464987534729,2402.0,482,4.1989,4.1703,-0.0285999999999999,2402.0,482,0.808526,2.0,0.2021315
574,2.835761851391456e-09,5.287586835477376,4.1992,4.1989,4.1989097514340346,26.058209606052213,2608.0,523,4.1989,4.1989,0.0,2608.0,523,0.8081457777777777,1.0,0.2020364444444444
575,1.6083831969432067e-06,-22.527212427942185,4.1992,4.1703,4.19884184675835,507.9753262942352,2537.0,509,4.1989,4.1703,-0.0285999999999999,2537.0,509,0.7991097777777778,0.0,0.1997774444444444
576,1.509210512807369e-06,-21.951805245952965,4.1992,4.1719,4.1988516528925635,482.5939111482648,2415.0,484,4.1989,4.1719,-0.0270000000000001,2415.0,484,0.7943798888888889,-1.0,0.1985949722222222
577,2.573979125027907e-07,-20.777364721845753,4.1992,4.188,4.198856631578948,445.0062478264632,2370.0,475,4.1989,4.188,-0.0109000000000003,2370.0,475,0.785788,-2.0,0.196447
578,3.007778738115663e-09,-5.649873909854683,4.1992,4.1985,4.198894382022472,46.307322673243675,2662.0,534,4.1985,4.1989,0.0003999999999999,2662.0,534,0.78798,-3.0,0.196995
579,1.0256739596862564e-08,-3.419977574856617,4.1989,4.1985,4.19887251908397,9.733382603001148,2613.0,524,4.1989,4.1989,0.0,2613.0,524,0.785237111111111,-4.0,0.1963092777777777
580,1.2637774952807417e-08,-2.955788950599844,4.1989,4.1985,4.19886549019608,6.763195450830558,2543.0,510,4.1989,4.1989,0.0,2543.0,510,0.7767046666666666,-5.0,0.1941761666666666
581,9.975114603796096e-09,-3.48465351063119,4.1989,4.1985,4.198873333333333,10.182727251524192,2542.0,510,4.1989,4.1989,0.0,2542.0,510,0.7722345555555555,-6.0,0.1930586388888888
582,5.9067075547306135e-09,-4.824262728239926,4.1989,4.1985,4.198884674329503,21.355317906034394,2603.0,522,4.1989,4.1989,0.0,2603.0,522,0.7709903333333333,-7.0,0.1927475833333333
583,1.2601843687371974e-08,-2.96219705289096,4.1989,4.1985,4.198865600000001,6.801802777102246,2494.0,500,4.1989,4.1989,0.0,2494.0,500,0.7643585555555555,-8.0,0.1910896388888888
584,1.846796722709596e-06,-22.38683953220408,4.1989,4.1682,4.198800389863549,505.01229976388447,2555.0,513,4.1985,4.1682,-0.0303000000000004,2555.0,513,0.7560928888888888,-9.0,0.1890232222222222
585,1.7225709651257525e-06,-23.26271394853036,4.1989,4.1682,4.198822222222224,543.7063815781071,2736.0,549,4.1989,4.1682,-0.0307000000000003,2736.0,549,0.757875,-10.0,0.18946875
586,7.082198930721383e-09,-4.143721972515205,4.1992,4.1985,4.198882551594748,16.851148612840756,2656.0,533,4.1989,4.1989,0.0,2656.0,533,0.7515311111111111,-11.0,0.1878827777777778
587,2.642842721583875e-09,-2.2797292886693894,4.1992,4.1985,4.1988996062992126,47.37519330147325,2535.0,508,4.1989,4.1989,0.0,2535.0,508,0.7411996666666666,-12.0,0.1852999166666666
588,6.737915454648624e-07,-22.60007110539597,4.1992,4.1803,4.1988664077669915,512.1723335713012,2566.0,515,4.1992,4.1803,-0.0189000000000003,2566.0,515,0.7371183333333333,-13.0,0.1842795833333333
589,1.5939080298129266e-06,-23.305031766862903,4.1992,4.1694,4.1988383912248635,544.3896668346471,2729.0,547,4.1989,4.1694,-0.0294999999999996,2729.0,547,0.7367462222222222,-14.0,0.1841865555555555
590,6.045628501537627e-09,-4.528281411897731,4.1992,4.1985,4.198885326086957,20.71656987319082,2755.0,552,4.1989,4.1989,0.0,2755.0,552,0.7273877777777777,-15.0,0.1818469444444444
591,3.215548646232058e-09,-5.56602908170296,4.1992,4.1985,4.198893795620438,43.114852287543584,2735.0,548,4.1989,4.1989,0.0,2735.0,548,0.7211066666666667,-16.0,0.1802766666666666
592,1.8647038199521649e-06,-22.914473548269743,4.1992,4.1675,4.198828867924529,526.6822049384439,2642.0,530,4.1989,4.1675,-0.0313999999999996,2642.0,530,0.7125334444444444,-17.0,0.1781333611111111
593,1.9685591655240416e-08,-2.040769879567579,4.1989,4.1985,4.198842652329749,2.1725156761455544,2783.0,558,4.1989,4.1989,0.0,2783.0,558,0.7082928888888889,-18.0,0.1770732222222222
594,9.596741964335592e-09,-3.1466336120661147,4.1992,4.1985,4.198878647686834,11.091082307876825,2801.0,562,4.1989,4.1989,0.0,2801.0,562,0.7053631111111112,-19.0,0.1763407777777778
595,1.6139066246609311e-06,-24.04203930391184,4.1992,4.1682,4.198830204778157,580.6196842708987,2922.0,586,4.1989,4.1682,-0.0307000000000003,2922.0,586,0.7019096666666667,-20.0,0.1754774166666666
596,6.182342642067395e-07,-23.044541693884135,4.1992,4.1806,4.198853663003664,535.8484363415878,2722.0,546,4.1989,4.1806,-0.0182999999999999,2722.0,546,0.6902846666666667,-21.0,0.1725711666666666
597,9.02922194901314e-09,-3.5994281053314885,4.1992,4.1985,4.198877087033749,11.946043107674075,2807.0,563,4.1989,4.1989,0.0,2807.0,563,0.6902156666666667,-22.0,0.1725539166666666
598,2.2027839835018343e-08,-1.8154812759243384,4.1989,4.1985,4.198834215500947,1.3008762240044556,2637.0,529,4.1989,4.1989,0.0,2637.0,529,0.6817198888888889,-23.0,0.1704299722222222
599,1.7868109680351478e-06,-23.81047707849794,4.1989,4.1669,4.198822086956523,569.5637938028503,2866.0,575,4.1989,4.1669,-0.032,2866.0,575,0.6818255555555556,-24.0,0.1704563888888889
600,7.811345231542152e-09,-3.7711081055288775,4.1992,4.1985,4.198881555153708,14.778782880075712,2758.0,553,4.1989,4.1989,0.0,2758.0,553,0.674231,-25.0,0.16855775
601,3.088289260657712e-08,-1.0940613689710326,4.1989,4.1985,4.198795779816514,-0.8060010345690101,2718.0,545,4.1989,4.1989,0.0,2718.0,545,0.6690401111111111,-26.0,0.1672600277777777
602,1.3040081598727814e-08,-2.8883035836010427,4.1989,4.1985,4.198864271844662,6.367008915006508,2568.0,515,4.1989,4.1989,0.0,2568.0,515,0.6637092222222223,-27.0,0.1659273055555555
603,4.0024911103512896e-08,-0.0697030692728186,4.1989,4.1985,4.198706946983547,-2.0024765937675513,2729.0,547,4.1989,4.1989,0.0,2729.0,547,0.6599656666666667,-28.0,0.1649914166666666
604,2.1775920550037792e-06,-23.128196483614357,4.1989,4.1641,4.198713903743315,543.3888718154931,2796.0,561,4.1985,4.1641,-0.0343999999999997,2796.0,561,0.6572294444444444,-29.0,0.1643073611111111
605,8.062795337602454e-09,-3.697231272779853,4.1992,4.1985,4.19888093457944,14.15160595855724,2665.0,535,4.1989,4.1989,0.0,2665.0,535,0.6509212222222223,-30.0,0.1627303055555555
606,2.6187680564961953e-08,-1.460602855699472,4.1989,4.1985,4.198817735849057,0.1338515388533574,2641.0,530,4.1985,4.1989,0.0003999999999999,2641.0,530,0.647749,-31.0,0.16193725
607,7.534394179481234e-07,-22.02619685486242,4.1989,4.1793,4.1988144508670535,495.90293283816567,2589.0,519,4.1989,4.1793,-0.0196000000000005,2589.0,519,0.6399977777777778,-32.0,0.1599994444444444
608,4.599587557998904e-09,-5.203627744319322,4.1992,4.1985,4.198889224952742,28.999580086971676,2637.0,529,4.1989,4.1989,0.0,2637.0,529,0.6334249999999999,-33.0,0.1583562499999999
609,2.7331605850779132e-08,-1.3695339475901986,4.1989,4.1985,4.198812781954888,-0.1248603292555046,2653.0,532,4.1985,4.1989,0.0003999999999999,2653.0,532,0.6274891111111112,-34.0,0.1568722777777778
610,3.130991990141023e-08,-1.061086450894155,4.1989,4.1985,4.198793530499076,-0.8773527061764193,2697.0,541,4.1989,4.1989,0.0,2697.0,541,0.6209625555555556,-35.0,0.1552406388888889
611,2.107625682545196e-08,-1.903726067917043,4.1989,4.1985,4.198837699115045,1.6299300892485156,2820.0,565,4.1989,4.1989,0.0,2820.0,565,0.6152532222222222,-36.0,0.1538133055555555
612,3.736117161571577e-08,-0.5411072061807956,4.1989,4.1985,4.19875208747515,-1.714034131792838,2507.0,503,4.1985,4.1985,0.0,2507.0,503,0.606522888888889,-37.0,0.1516307222222222
613,2.4312753360291403e-06,-23.31455618516779,4.1992,4.162,4.198737943262412,550.2209674419885,2814.0,564,4.1985,4.162,-0.0365000000000002,2814.0,564,0.607698111111111,-38.0,0.1519245277777777
614,9.42752184132642e-07,-21.755178384738684,4.1989,4.1768,4.198721616541354,491.87389080003027,2651.0,532,4.1985,4.1768,-0.0217,2651.0,532,0.5997801111111111,-39.0,0.1499450277777777
615,3.546028367038007e-08,-0.7230413563876363,4.1989,4.1985,4.19876783831283,-1.4824342710978051,2837.0,569,4.1985,4.1989,0.0003999999999999,2837.0,569,0.6001783333333333,-40.0,0.1500445833333333
616,2.6757487922699425e-08,-1.4143715553897642,4.1989,4.1985,4.198815277777779,0.0004363343641089,2870.0,576,4.1989,4.1989,0.0,2870.0,576,0.5957076666666666,-41.0,0.1489269166666666
617,2.2131946701327596e-08,-1.8057277848286273,4.1989,4.1985,4.198833823529412,1.265291128588173,2711.0,544,4.1985,4.1989,0.0003999999999999,2711.0,544,0.586169111111111,-42.0,0.1465422777777777
618,3.561837455829604e-08,-0.7089837796899597,4.1989,4.1985,4.198766666666668,-1.502654867243196,2827.0,567,4.1989,4.1989,0.0,2827.0,567,0.5815022222222223,-43.0,0.1453755555555555
619,9.506656660827832e-09,-3.596376468347379,4.1989,4.1985,4.198874674115458,10.974784519147194,2677.0,537,4.1989,4.1989,0.0,2677.0,537,0.5746068888888889,-44.0,0.1436517222222222
620,1.1101727447214444e-08,-3.2404183228416312,4.1989,4.1985,4.1988700575815745,8.533052824965267,2597.0,521,4.1989,4.1989,0.0,2597.0,521,0.5661405555555555,-45.0,0.1415351388888888
621,6.831841498617425e-09,-4.424074081648831,4.1989,4.1985,4.1988821561338305,17.63798681245395,2681.0,538,4.1985,4.1989,0.0003999999999999,2681.0,538,0.5600908888888889,-46.0,0.1400227222222222
622,2.4392116944905275e-06,-23.000456880827272,4.1992,4.1629,4.198821616541354,529.9954022243119,2655.0,532,4.1989,4.1629,-0.0360000000000004,2655.0,532,0.5567311111111111,-47.0,0.1391827777777777
623,1.084841875681587e-09,-8.689397106366782,4.1992,4.1985,4.198898285714287,134.400179931873,2618.0,525,4.1989,4.1989,0.0,2618.0,525,0.550489,-48.0,0.13762225
624,1.0023935400718484e-08,-3.472210682249754,4.1989,4.1985,4.1988731884057975,10.092802235003562,2752.0,552,4.1989,4.1989,0.0,2752.0,552,0.5486093333333333,-49.0,0.1371523333333333
625,1.0919727006822424e-08,-3.2769724844027843,4.1989,4.1985,4.1988705882352955,8.770780858219533,2711.0,544,4.1989,4.1989,0.0,2711.0,544,0.5398540000000001,-50.0,0.1349635
626,4.604295326757935e-09,-4.55471405974794,4.1992,4.1985,4.198891068301227,28.61053772505914,2845.0,571,4.1989,4.1989,0.0,2845.0,571,0.5385374444444444,-51.0,0.1346343611111111
627,5.646516798252299e-09,-4.952005702681147,4.1989,4.1985,4.198885374771482,22.6049984565798,2729.0,547,4.1989,4.1989,0.0,2729.0,547,0.529929,-52.0,0.13248225
628,3.5945955266181016e-08,-0.6796836046971745,4.1989,4.1985,4.198764192949908,-1.5437723142448632,2690.0,539,4.1985,4.1989,0.0003999999999999,2690.0,539,0.5237418888888888,-53.0,0.1309354722222222
629,1.7214309333394855e-08,-2.3105963400203606,4.1989,4.1985,4.19885104895105,3.3505585107535194,2852.0,572,4.1989,4.1989,0.0,2852.0,572,0.5231151111111111,-54.0,0.1307787777777777
630,1.7826540586248034e-08,-2.2394557096797065,4.1989,4.1985,4.198849006622517,3.025168060727627,3013.0,604,4.1989,4.1989,0.0,3013.0,604,0.5197604444444445,-55.0,0.1299401111111111
631,2.8338861573997146e-06,-23.04426878169415,4.1989,4.1595,4.19870217785844,537.5526738461015,2746.0,551,4.1985,4.1595,-0.0389999999999997,2746.0,551,0.5100138888888889,-56.0,0.1275034722222222
632,3.695788630672846e-08,-0.5825919240834571,4.1989,4.1985,4.198755787476282,-1.6669272251813485,2630.0,527,4.1989,4.1989,0.0,2630.0,527,0.5036044444444444,-57.0,0.1259011111111111
633,2.8405979638036716e-08,-1.2857368163545737,4.1989,4.1985,4.198807930367505,-0.3482430116882242,2576.0,517,4.1989,4.1989,0.0,2576.0,517,0.4965744444444444,-58.0,0.1241436111111111
634,2.8345099916231643e-08,-1.2900012116361317,4.1989,4.1985,4.198808196721313,-0.3371383685995677,2738.0,549,4.1989,4.1989,0.0,2738.0,549,0.4935593333333333,-59.0,0.1233898333333333
635,3.9302171512689166e-08,-0.2823929755327257,4.1989,4.1985,4.19872787878788,-1.9280607736727813,2466.0,495,4.1985,4.1985,0.0,2466.0,495,0.4833517777777777,-60.0,0.1208379444444444
636,3.923410252949221e-08,-0.2940912913526068,4.1989,4.1985,4.198729013539652,-1.9209565287086807,2577.0,517,4.1989,4.1989,0.0,2577.0,517,0.4797416666666667,-61.0,0.1199354166666666
637,1.1995062072813364e-06,-22.56725597037343,4.1989,4.1737,4.1987932835820905,517.8689053866857,2673.0,536,4.1985,4.1737,-0.0247999999999999,2673.0,536,0.4785806666666666,-62.0,0.1196451666666666
638,2.8960604425249973e-08,-1.2423336469541926,4.1989,4.1985,4.1988053211009175,-0.4583024565947866,2717.0,545,4.1989,4.1989,0.0,2717.0,545,0.4750823333333333,-63.0,0.1187705833333333
639,2.7943760254194175e-08,-1.3214309954993728,4.1989,4.1985,4.198810037174722,-0.2547811178318064,2682.0,538,4.1989,4.1989,0.0,2682.0,538,0.4695901111111111,-64.0,0.1173975277777777
640,3.9761970832168346e-08,-0.1765825193621401,4.1989,4.1985,4.198717543859649,-1.975763493284272,2840.0,570,4.1989,4.1989,0.0,2840.0,570,0.4666621111111111,-65.0,0.1166655277777777
641,2.32189945226871e-08,-1.671891724364431,4.1992,4.1985,4.198832187500001,1.0506238193388988,3192.0,640,4.1989,4.1989,0.0,3192.0,640,0.4791987777777777,-66.0,0.1197996944444444
642,1.1404949848653448e-08,-3.1005314768567116,4.1992,4.1985,4.198870223752151,8.21948628910775,2896.0,581,4.1989,4.1989,0.0,2896.0,581,0.4588447777777777,-67.0,0.1147111944444444
643,1.2167386581467208e-08,-2.970453368850103,4.1992,4.1985,4.198867891373803,7.318913886688362,3122.0,626,4.1989,4.1989,0.0,3122.0,626,0.4522097777777777,-68.0,0.1130524444444444
644,2.8321528126850224e-08,-1.291765933183999,4.1989,4.1985,4.198808303249098,-0.3325543956351158,2762.0,554,4.1989,4.1985,-0.0003999999999999,2762.0,554,0.4372542222222222,-69.0,0.1093135555555555
645,2.4049398765025583e-08,-1.6370691921168872,4.1989,4.1985,4.198826470588236,0.6824911740552837,2713.0,544,4.1989,4.1985,-0.0003999999999999,2713.0,544,0.4292101111111111,-70.0,0.1073025277777777
646,1.9537415337180498e-08,-2.0561954915104423,4.1989,4.1985,4.198843173431735,2.236177892883238,2703.0,542,4.1989,4.1989,0.0,2703.0,542,0.4220975555555555,-71.0,0.1055243888888888
647,2.41040607020709e-08,-1.6325286112033697,4.1989,4.1985,4.19882625698324,0.6676222755026489,2680.0,537,4.1989,4.1985,-0.0003999999999999,2680.0,537,0.4157778888888889,-72.0,0.1039444722222222
648,3.1579744362691984e-08,-1.0355016270093549,4.1992,4.1985,4.198794194756554,-0.8483121781472702,2664.0,534,4.1989,4.1989,0.0,2664.0,534,0.4072066666666666,-73.0,0.1018016666666666
649,3.6750225276823584e-06,-21.843474647864003,4.1989,4.1567,4.198745679012347,480.0363109172709,2422.0,486,4.1985,4.1567,-0.0418000000000002,2422.0,486,0.3996821111111111,-74.0,0.0999205277777777
650,3.3147508896796995e-06,-23.528795532145097,4.1989,4.1558,4.198776334519573,556.3520889749157,2800.0,562,4.1985,4.1558,-0.0426999999999999,2800.0,562,0.4007668888888889,-75.0,0.1001917222222222
651,1.58540827147367e-08,-2.478234123757705,4.1989,4.1985,4.19885547826087,4.156088299595069,2869.0,575,4.1989,4.1989,0.0,2869.0,575,0.3955543333333333,-76.0,0.0988885833333333
652,2.7886469504922897e-08,-1.3258219109068672,4.1989,4.1985,4.198810294117648,-0.2431035711796565,2710.0,544,4.1989,4.1985,-0.0003999999999999,2710.0,544,0.3870883333333333,-77.0,0.0967720833333333
653,4.003458175217729e-08,-0.0619040296556149,4.1989,4.1985,4.1987061705989115,-2.0034532007693056,2749.0,551,4.1985,4.1989,0.0003999999999999,2749.0,551,0.385803,-78.0,0.09645075
654,3.80291572682363e-06,-22.75349011355027,4.1989,4.1539,4.198648689138579,523.060494717634,2661.0,534,4.1989,4.1539,-0.0449999999999999,2661.0,534,0.3775904444444444,-79.0,0.0943976111111111
655,2.7268956881662532e-06,-23.558534894208268,4.1989,4.1592,4.198611551724139,563.1967337665559,2893.0,580,4.1989,4.1592,-0.0396999999999998,2893.0,580,0.3763564444444444,-80.0,0.0940891111111111
656,3.7330303890931864e-08,-0.5443765923787474,4.1989,4.1985,4.198752380952382,-1.7104574874080942,2510.0,504,4.1985,4.1985,0.0,2510.0,504,0.3669114444444444,-81.0,0.0917278611111111
657,3.2223489429522373e-06,-23.131471076942347,4.1992,4.157,4.1987530164533835,538.96714355637,2729.0,547,4.1985,4.157,-0.0415,2729.0,547,0.3656633333333333,-82.0,0.0914158333333333
658,2.5908306759364893e-08,-1.4833426736571538,4.1989,4.1985,4.198818918918921,0.2010668769506907,2582.0,518,4.1989,4.1989,0.0,2582.0,518,0.3596471111111111,-83.0,0.0899117777777777
659,3.3541962406812175e-08,-0.8852085667227257,4.1989,4.1985,4.1987807547169815,-1.2210277451040594,2642.0,530,4.1989,4.1989,0.0,2642.0,530,0.3542658888888889,-84.0,0.0885664722222222
660,4.28415266309239e-06,-22.21142220490091,4.1989,4.1524,4.198672134387353,497.4969023098002,2522.0,506,4.1989,4.1524,-0.0464999999999999,2522.0,506,0.3513596666666667,-85.0,0.0878399166666666
661,3.642699774326028e-08,-0.6345060155438295,4.1989,4.1985,4.1987603290676425,-1.6032776240634985,2727.0,547,4.1985,4.1989,0.0003999999999999,2727.0,547,0.3511655555555555,-86.0,0.0877913888888888
662,3.137185253823238e-08,-1.0560596885651787,4.1989,4.1985,4.198793189964159,-0.8879333814550288,2783.0,558,4.1989,4.1989,0.0,2783.0,558,0.3501595555555555,-87.0,0.0875398888888888
663,3.0202036615744625e-08,-1.1465852592183083,4.1989,4.1985,4.198799264705883,-0.6878847900945604,2712.0,544,4.1985,4.1989,0.0003999999999999,2712.0,544,0.3449204444444445,-88.0,0.0862301111111111
664,3.9982919441136664e-08,-0.095258435747736,4.1989,4.1985,4.198709489051095,-1.998232041020956,2733.0,548,4.1989,4.1985,-0.0003999999999999,2733.0,548,0.3427053333333333,-89.0,0.0856763333333333
665,5.162622715136393e-07,-22.226480966895988,4.1992,4.1824,4.198828465804067,508.7632087662548,2698.0,541,4.1989,4.1824,-0.0164999999999997,2698.0,541,0.3357824444444444,-90.0,0.0839456111111111
666,3.19890463476345e-08,-1.0082700180113504,4.1989,4.1985,4.198789833641406,-0.9870542871481748,2699.0,541,4.1985,4.1989,0.0003999999999999,2699.0,541,0.3365249999999999,-91.0,0.0841312499999999
667,3.511048111397542e-08,-0.7541359133580114,4.1989,4.1985,4.198770391061453,-1.4366435863409737,2678.0,537,4.1989,4.1989,0.0,2678.0,537,0.3327694444444444,-92.0,0.0831923611111111
668,2.9294228625325866e-08,-1.2171198023109546,4.1989,4.1985,4.198803747534518,-0.5206889949379208,2529.0,507,4.1989,4.1989,0.0,2529.0,507,0.3274076666666666,-93.0,0.0818519166666666
669,1.086750982617424e-06,-23.08930179882133,4.1992,4.1744,4.198808765652952,541.4358721966496,2789.0,559,4.1989,4.1744,-0.0244999999999997,2789.0,559,0.3280294444444444,-94.0,0.0820073611111111
670,9.781524926685778e-09,-2.8333787256372043,4.1992,4.1985,4.198881048387098,10.92616268826348,2473.0,496,4.1989,4.1989,0.0,2473.0,496,0.3218177777777778,-95.0,0.0804544444444444
671,9.159080210028764e-09,-3.6850615724412856,4.1989,4.1985,4.198875665399241,11.623861820944898,2623.0,526,4.1989,4.1989,0.0,2623.0,526,0.3200415555555555,-96.0,0.0800103888888888
672,1.5108101201121132e-08,-2.577763791611918,4.1989,4.1985,4.198857857142858,4.661501714071349,2792.0,560,4.1989,4.1989,0.0,2792.0,560,0.3219064444444444,-97.0,0.0804766111111111
673,3.991460617279306e-06,-22.58515152807204,4.1992,4.1536,4.198778446601942,511.6988114942766,2566.0,515,4.1989,4.1536,-0.0453000000000001,2566.0,515,0.3169301111111111,-98.0,0.0792325277777777
674,1.0288286091639052e-06,-23.25428377338596,4.1989,4.1747,4.198787737478411,552.9902586704203,2886.0,579,4.1989,4.1747,-0.0242000000000004,2886.0,579,0.3199693333333333,-99.0,0.0799923333333333
675,1.9629731970153178e-08,-2.047174338236597,4.1989,4.1985,4.198842857142858,2.199399789312548,2582.0,518,4.1989,4.1985,-0.0003999999999999,2582.0,518,0.3136147777777777,-100.0,0.0784036944444444
676,3.898126531817495e-06,-22.62060065899487,4.1992,4.1539,4.198744337811901,514.7401507828661,2598.0,521,4.1989,4.1539,-0.0449999999999999,2598.0,521,0.3125755555555556,-101.0,0.0781438888888889
677,2.46395323935801e-08,-1.58699474734244,4.1989,4.1985,4.198824113475178,0.5203850796339498,2813.0,564,4.1989,4.1989,0.0,2813.0,564,0.3161511111111111,-102.0,0.0790377777777777
678,3.5927719627133674e-08,-0.6816651524886054,4.1989,4.1985,4.198764354527939,-1.541286991720386,2589.0,519,4.1985,4.1985,0.0,2589.0,519,0.3106975555555555,-103.0,0.0776743888888888
679,4.222205336843326e-06,-23.100531459914865,4.1989,4.1508,4.198631693989072,538.6836974165485,2737.0,549,4.1985,4.1508,-0.0476999999999998,2737.0,549,0.3099828888888889,-104.0,0.0774957222222222
680,2.6417300868162105e-08,-1.442340689738737,4.1989,4.1985,4.198816763005781,0.0806425501097183,2586.0,519,4.1989,4.1989,0.0,2586.0,519,0.3065914444444444,-105.0,0.0766478611111111
681,4.729407502549896e-06,-22.518834599454102,4.1989,4.1496,4.198729708737864,509.6900841507311,2566.0,515,4.1989,4.1496,-0.0492999999999996,2566.0,515,0.3032465555555556,-106.0,0.0758116388888889
682,3.981639344261418e-08,0.1609537685776588,4.1989,4.1985,4.198684,-1.9813119501445136,2741.0,550,4.1989,4.1989,0.0,2741.0,550,0.3062002222222222,-107.0,0.0765500555555555
683,2.7934409229367107e-08,-1.321910059570033,4.1989,4.1985,4.198810071942447,-0.2534785563798065,2773.0,556,4.1989,4.1989,0.0,2773.0,556,0.3061443333333333,-108.0,0.0765360833333333
684,2.9414232810982817e-08,-1.2069156279190942,4.1989,4.1985,4.198803135888503,-0.5452667244622007,2861.0,574,4.1985,4.1989,0.0003999999999999,2861.0,574,0.3057915555555555,-109.0,0.0764478888888888
685,5.85083347654253e-07,-22.091166025944386,4.1989,4.1815,4.198823251417771,500.93183622602766,2637.0,529,4.1989,4.1815,-0.0174000000000003,2637.0,529,0.3001365555555556,-110.0,0.0750341388888889
686,2.2476370510392333e-08,-1.7513839027827198,4.1992,4.1985,4.198834026465029,1.2363982493687669,2640.0,529,4.1989,4.1989,0.0,2640.0,529,0.3001433333333333,-111.0,0.0750358333333333
687,2.0654513116936312e-08,-1.9450524688699196,4.1989,4.1985,4.198839230769232,1.7900993335815727,2593.0,520,4.1985,4.1989,0.0003999999999999,2593.0,520,0.2963685555555555,-112.0,0.0740921388888888
688,4.4158895300641275e-06,-22.04403243176492,4.1989,4.152,4.198641683366735,490.22802667137927,2487.0,499,4.1985,4.152,-0.0464999999999999,2487.0,499,0.2927116666666666,-113.0,0.0731779166666666
689,3.1846919115323785e-08,-1.0196166097940538,4.1989,4.1985,4.198790630975145,-0.9640833912259086,2605.0,523,4.1989,4.1985,-0.0003999999999999,2605.0,523,0.2919452222222222,-114.0,0.0729863055555555
690,1.7164863377953302e-08,-2.3171296840629347,4.1989,4.1985,4.198851219512196,3.381765507191239,2660.0,533,4.1989,4.1989,0.0,2660.0,533,0.2907716666666666,-115.0,0.0726929166666666
691,4.300956907477872e-06,-22.650333016328613,4.1989,4.1514,4.198676615969583,517.289600035912,2621.0,526,4.1985,4.1514,-0.0471000000000003,2621.0,526,0.2900968888888889,-116.0,0.0725242222222222
692,2.7314159987421293e-08,-1.3713330466502418,4.1989,4.1985,4.19881287128713,-0.1199363905003303,2518.0,505,4.1989,4.1989,0.0,2518.0,505,0.2878105555555555,-117.0,0.0719526388888888
693,5.945976072857074e-07,-21.851703019514076,4.1989,4.1812,4.198785531135532,498.8220587026099,2723.0,546,4.1989,4.1812,-0.0177000000000004,2723.0,546,0.2899357777777778,-118.0,0.0724839444444444
694,5.296591768631779e-06,-21.336777003857225,4.1989,4.1493,4.198647096774195,458.4589731362301,2318.0,465,4.1985,4.1493,-0.0491999999999999,2318.0,465,0.2841707777777778,-119.0,0.0710426944444444
695,4.0074192516780426e-08,0.0113316508309283,4.1989,4.1985,4.198698870056497,-2.00744686579364,2648.0,531,4.1989,4.1989,0.0,2648.0,531,0.2859964444444444,-120.0,0.0714991111111111
696,3.6150983519396615e-08,-0.6614312529038872,4.1989,4.1985,4.198762626262628,-1.5688639518327885,2468.0,495,4.1985,4.1985,0.0,2468.0,495,0.2840385555555555,-121.0,0.0710096388888888
697,2.1334633300829453e-08,-1.879581030815253,4.1989,4.1985,4.1988367647058835,1.538467478685153,2715.0,544,4.1985,4.1985,0.0,2715.0,544,0.2873865555555555,-122.0,0.0718466388888888
698,1.3964598728300753e-08,-2.7426034674341944,4.1989,4.1985,4.198861436672969,5.542815432530306,2639.0,529,4.1989,4.1989,0.0,2639.0,529,0.2864798888888888,-123.0,0.0716199722222222
699,1.2489325177444108e-06,-22.101712945597523,4.1989,4.1734,4.198732641509435,501.7777883667961,2641.0,530,4.1985,4.1734,-0.0251000000000001,2641.0,530,0.2856296666666666,-124.0,0.0714074166666666
700,3.970907700339614e-08,-0.1930108644469239,4.1989,4.1985,4.1987191570881235,-1.9703106527290553,2603.0,522,4.1989,4.1989,0.0,2603.0,522,0.2836909999999999,-125.0,0.0709227499999999
701,1.811333897233305e-06,-21.49550794207807,4.1989,4.1691,4.198623481781378,472.44023872512565,2464.0,494,4.1989,4.1691,-0.0297999999999998,2464.0,494,0.2803618888888888,-126.0,0.0700904722222222
702,3.6681774432760784e-08,0.6207865031867332,4.1989,4.1982,4.198638293650794,-1.5559499216722898,2514.0,504,4.1985,4.1989,0.0003999999999999,2514.0,504,0.2806048888888888,-127.0,0.0701512222222222
703,3.872532692482511e-08,0.3744353888469163,4.1989,4.1985,4.198663295880151,-1.8668040178783711,2661.0,534,4.1985,4.1985,0.0,2661.0,534,0.2806676666666666,-128.0,0.0701669166666666
704,3.8646644964813495e-08,0.3855655804388242,4.1989,4.1985,4.198662242990655,-1.858300149546751,2665.0,535,4.1989,4.1989,0.0,2665.0,535,0.2803067777777778,-129.0,0.0700766944444444
705,5.0262107992910364e-06,-22.95363702029624,4.1989,4.1468,4.198556957328386,530.8770235842018,2685.0,539,4.1989,4.1468,-0.0521000000000002,2685.0,539,0.2793947777777777,-130.0,0.0698486944444444
706,4.699985170009851e-06,-22.380618928433737,4.1989,4.1499,4.198680859375001,504.5375935502224,2554.0,512,4.1989,4.1499,-0.0490000000000003,2554.0,512,0.2785548888888889,-131.0,0.0696387222222222
707,3.9248154298312885e-08,-0.2918648898065918,4.1989,4.1985,4.198728796844182,-1.922414024607042,2530.0,507,4.1989,4.1989,0.0,2530.0,507,0.2773104444444444,-132.0,0.0693276111111111
708,3.8055809833152706e-08,-0.4622405179336236,4.1989,4.1985,4.19874491362764,-1.7932323283384166,2596.0,521,4.1989,4.1985,-0.0003999999999999,2596.0,521,0.2767506666666667,-133.0,0.0691876666666666
709,3.501733973026314e-08,-0.7625215835973312,4.1989,4.1985,4.198771067961165,-1.424106497998099,2567.0,515,4.1985,4.1985,0.0,2567.0,515,0.2749295555555556,-134.0,0.0687323888888889
710,3.854248311514201e-08,-0.3998762981523933,4.1989,4.1985,4.198739106145252,-1.84699181776567,2680.0,537,4.1985,4.1989,0.0003999999999999,2680.0,537,0.2754598888888889,-135.0,0.0688649722222222
711,3.79070457259445e-08,-0.4985177550714223,4.1992,4.1985,4.198750784313726,-1.698138962104801,2541.0,510,4.1985,4.1985,0.0,2541.0,510,0.2727808888888889,-136.0,0.0681952222222222
712,3.2678925035353485e-08,-0.9545921509157564,4.1989,4.1985,4.19878594059406,-1.0930986790981363,2517.0,505,4.1989,4.1985,-0.0003999999999999,2517.0,505,0.2726084444444444,-137.0,0.0681521111111111
713,5.73643549959011e-06,-22.44361153070223,4.1989,4.1449,4.198735756385069,505.45162930101975,2539.0,509,4.1989,4.1449,-0.0540000000000002,2539.0,509,0.2730598888888889,-138.0,0.0682649722222222
714,1.985019006295164e-08,-2.02477035519114,4.1989,4.1985,4.198842084942085,2.107818410755622,2582.0,518,4.1989,4.1985,-0.0003999999999999,2582.0,518,0.2736371111111111,-139.0,0.0684092777777777
715,3.2414801294556874e-08,-0.9757221730262068,4.1989,4.1985,4.19878747433265,-1.0523047581652605,2428.0,487,4.1989,4.1985,-0.0003999999999999,2428.0,487,0.2700051111111111,-140.0,0.0675012777777777
716,5.533650767386633e-06,-22.679049697531337,4.1989,4.1452,4.198710536398469,516.8559683630439,2601.0,522,4.1985,4.1452,-0.0533000000000001,2601.0,522,0.2723053333333333,-141.0,0.0680763333333333
717,3.9228439640302595e-08,-0.2953525176970887,4.1989,4.1985,4.198729133858269,-1.9203428847835629,2534.0,508,4.1989,4.1989,0.0,2534.0,508,0.270969,-142.0,0.06774225
718,3.493453850812257e-08,-0.7697564864437699,4.1989,4.1985,4.198771653543308,-1.4130537291680247,2532.0,508,4.1985,4.1989,0.0003999999999999,2532.0,508,0.2695438888888888,-143.0,0.0673859722222222
719,3.59114662969755e-08,-0.6827853682933183,4.1989,4.1985,4.198764456721916,-1.5394880767630232,2708.0,543,4.1989,4.1989,0.0,2708.0,543,0.2733043333333333,-144.0,0.0683260833333333
720,5.2792787019921705e-06,-23.128838011185135,4.1989,4.1455,4.198743622920519,536.932579582331,2696.0,541,4.1989,4.1455,-0.0533999999999998,2696.0,541,0.2721205555555555,-145.0,0.0680301388888888
721,3.676035064244557e-08,-0.6021817385015191,4.1989,4.1985,4.198757513914657,-1.6434892803970635,2686.0,539,4.1989,4.1989,0.0,2686.0,539,0.270642,-146.0,0.0676605
722,1.1494383016361912e-08,-3.16420687953413,4.1989,4.1985,4.1988689075630266,8.045994483527982,2373.0,476,4.1989,4.1985,-0.0003999999999999,2373.0,476,0.2673364444444444,-147.0,0.0668341111111111
723,1.0648575412567651e-08,-3.2375323694144043,4.1992,4.1985,4.198872537878788,9.24460519667497,2631.0,528,4.1989,4.1989,0.0,2631.0,528,0.2692411111111111,-148.0,0.0673102777777777
724,6.841706298933876e-09,-3.842767566775703,4.1992,4.1985,4.198885315985131,17.6768589167177,2681.0,538,4.1989,4.1989,0.0,2681.0,538,0.272533,-149.0,0.06813325
725,4.190821544162832e-09,-4.104893333334565,4.1992,4.1985,4.198893625498009,31.408802863241537,2503.0,502,4.1989,4.1989,0.0,2503.0,502,0.2679951111111111,-150.0,0.0669987777777777
