cycle_number,voltage_mean,voltage_std,voltage_kurtosis,voltage_skewness,CC_Q,CC_charge_time,voltage_slope,voltage_entropy,current_mean,current_std,current_kurtosis,current_skewness,CV_Q,CV_charge_time,current_slope,current_entropy,SOH,RUL
1,3.877003773584905,0.1397529228827847,-0.6349849441489623,0.5327556365579902,1.6320000000000001,1468.8,0.0003215611555998029,0.961600956128932,0.6730916088328075,0.8168029666633186,3.927521534698812,2.1066016728946555,0.30400000000000005,1627.44,-0.0013706837863639053,0.7215328583805611,0.0555,947
2,4.1698,0.0,0.0,0.0,0.0,0.0,0.0,0.0,0.5921478321678321,0.6082359873275405,4.320726665863778,1.9546010146252215,0.12,733.1399999999999,-0.002414013597052101,0.7211435929604973,0.2225,946
3,4.129074468085106,0.044728505459135336,0.06606817198386361,-0.8262432409518544,0.16,143.8199999999997,0.0010249703431025531,0.929425332833443,0.9008452830188679,0.9687991641508139,1.1191939639003765,1.4470577255336152,0.272,1088.46,-0.0026848559400938898,0.8117180856660517,0.378,945
4,4.055076903553299,0.08116427879442828,-0.7368939501415128,-0.2855128619263311,0.449,404.10000000000036,0.0006871935037173279,0.9714029893767779,0.83792628992629,0.9224396420905144,1.6683811263607806,1.5870971943329006,0.292,1253.3400000000001,-0.0021784976730968397,0.7915487593914862,0.456,944
5,4.017181904761905,0.09810874534105252,-0.9720000488879275,-0.07633014884780755,0.599,539.2799999999988,0.0006268381768656867,0.9795977807613474,0.8073226812159003,0.8991606567276207,1.9382709709107422,1.651601284173319,0.29500000000000004,1318.199999999999,-0.002002144567020951,0.7806220953329767,0.5115,943
6,3.95188095567867,0.12867416494803285,-1.1375033469523494,0.1097301777766117,0.824,1482.7799999999988,0.0002999301377795627,0.9790302091279107,0.5171703261734288,0.45658288256242996,0.9284560189972395,1.3450584532007555,0.18599999999999994,1289.6399999999994,-0.0010953600092691283,0.8487909543294693,0.961,942
7,3.8730344202898555,0.14409866909811947,-0.6814219132705093,0.4764022065545128,1.576,1417.9799999999996,0.00034458217135295967,0.9708201129579964,0.7030571619812584,0.8296253524962935,3.5117063533350503,2.01333867976863,0.29899999999999993,1535.3400000000001,-0.0015024808932298506,0.7397441255207904,0.556,941
8,3.9736372521246457,0.11480493410127787,-1.068498674050283,0.16838809433724813,0.805,724.739999999998,0.0005454538796948816,0.9712834428499107,0.7819191760299626,0.8811338850737201,2.281217975480021,1.7298411673429666,0.29800000000000015,1370.520000000004,-0.0018681246574278605,0.7710759146315486,0.6005,940
9,3.958517971758665,0.11918785516145895,-1.0507095929406813,0.2572236605364097,0.889,799.8600000000006,0.0005116655230090641,0.9675545669513043,0.7814941000746826,0.8797362037785574,2.315049119998365,1.7366193740247833,0.29799999999999993,1375.6200000000026,-0.0018564288258762051,0.7715915874674575,0.6225,939
10,3.9509211491442544,0.12136953931016653,-1.032883563736925,0.2985660533795033,0.933,839.760000000002,0.0004950399183706793,0.9667262276693095,0.7753645833333332,0.8725082300342007,2.3522943299698635,1.7439035405712329,0.29700000000000004,1380.9599999999991,-0.0018337098222349726,0.7698711091930527,0.645,938
11,3.9438324766355137,0.1231854062004087,-0.9917275088809374,0.33082519754498735,0.977,879.0,0.000479358867099935,0.9432465704255336,0.7731574704142011,0.8704808485892058,2.4121967646678817,1.756965465305438,0.29700000000000004,1388.3399999999965,-0.0018171713798609348,0.7691489872546363,0.667,937
12,3.893770600203459,0.14634897214947223,-1.0673479125211454,0.37542189878720883,1.124,2023.1400000000067,0.000247563439020871,0.9736057613240985,0.5086835943325876,0.45084734456774567,1.0556013568538143,1.3760647832057866,0.19500000000000006,1378.3199999999997,-0.0010080797527524004,0.8432183051904278,0.964,936
13,3.870734751261716,0.14509378378506016,-0.6860700516447444,0.4843792279938453,1.5850000000000002,1426.4400000000023,0.00034488622559207554,0.9714977893539697,0.7024795546558705,0.8232796533357061,3.5120357104621096,2.0103036014682214,0.29600000000000004,1519.1399999999994,-0.0015114073837806483,0.7407047130220253,0.689,935
14,3.930844952178533,0.12630008814084814,-0.9454551275228056,0.40083456688305713,1.07,962.5800000000017,0.0004471931260899054,0.9584533567333615,0.7630956363636363,0.8618249952265526,2.608804008887512,1.7995276769544024,0.2979999999999998,1407.840000000011,-0.0017644142014488888,0.7659934247615796,0.7115,934
15,3.9253464615384615,0.1276616910297014,-0.9217964811088839,0.42885283239779937,1.1090000000000002,998.2799999999988,0.00043514331686192464,0.963372598186256,0.7578532561505065,0.8572728080291616,2.6702629135271128,1.8129877635585567,0.29700000000000015,1414.1399999999994,-0.001744622151195617,0.7643502329364323,0.756,933
16,3.9144058879392207,0.130433360764339,-0.8566368582508979,0.4647001672575569,1.1980000000000002,1078.199999999997,0.00041080790201026315,0.9598359050074113,0.7471007857142857,0.8496470733269822,2.8463251571555084,1.8531028633200075,0.29699999999999993,1433.2200000000012,-0.0016971856802853592,0.7604317801373256,0.767,932
17,3.911382216014898,0.13162116849014796,-0.8341438475740115,0.45889131305176545,1.222,1100.1000000000058,0.0004059577889789283,0.9439299799140973,0.7437219373219371,0.847456358011654,2.893682909645385,1.8636007037767885,0.29699999999999993,1436.699999999997,-0.0016850642707303281,0.7586494299148309,0.778,931
18,3.863876408301567,0.15250111235485173,-0.9119410026805754,0.4990573381537517,1.342,2417.3399999999965,0.00021424746926744506,0.9722953657435122,0.5051368225686711,0.44757408055886505,1.0880513369865286,1.3832895451687004,0.19399999999999995,1378.9199999999983,-0.0009996164067057037,0.8410645294281951,0.971,930
19,3.867447897362794,0.14611860624436876,-0.6864938397092377,0.4944349960745911,1.596,1436.0999999999913,0.0003448495122978375,0.9729077959733184,0.7121438740588638,0.8278252067329888,3.426817269579857,1.9865303450681249,0.29600000000000004,1495.6199999999953,-0.0015517719657768439,0.7456864423367404,0.7895,929
20,3.905998294434471,0.13285061761565892,-0.8155340618281777,0.48307837845938334,1.268,1141.5599999999977,0.00039457967597763047,0.9576344232829277,0.7388332388377038,0.8438583208077786,2.989329010051118,1.8844679902240846,0.29600000000000004,1444.4400000000023,-0.001665436214927315,0.7573118975216022,0.8005,928
21,3.9033171957671953,0.13388142273207593,-0.8014225742703847,0.48270322390636866,1.2890000000000001,1160.699999999997,0.00039105449315217936,0.9567851304328261,0.7380931009957326,0.8418768667639155,2.9844608024392176,1.8827035474693985,0.29499999999999993,1440.6600000000035,-0.0016669885157580226,0.7570041969606849,0.8005,927
22,3.9024239149689994,0.13427681129547536,-0.7919697593243558,0.47606472885833506,1.29,1161.2399999999907,0.0003919600317278694,0.9474992556359,0.7410969914040113,0.8442808396195238,2.966066777227571,1.8781484730954783,0.29600000000000004,1435.9799999999814,-0.0016782868531211971,0.7583988800859781,0.8005,926
23,3.8581762081784383,0.15361956321481443,-0.8824165550959076,0.519770197230213,1.3840000000000001,2491.560000000027,0.00020915128248976566,0.9733450477194825,0.5046699101796407,0.4478307633047213,1.0826126632664224,1.3820594435693172,0.19300000000000006,1374.4800000000105,-0.0010035142339909666,0.840820773407866,0.9765,925
24,3.8652635520684737,0.1466950396299817,-0.6853245369927845,0.4994207002360962,1.6019999999999999,1442.2200000000012,0.0003448466017091323,0.9734192634312272,0.7158215128383066,0.8258167697771762,3.3285058868934776,1.9612674960500653,0.29499999999999993,1481.8800000000047,-0.0015693637531594869,0.7484913758234767,0.8005,924
25,3.902139380530974,0.13413956257429424,-0.8004441520199754,0.48543273579051954,1.2910000000000001,1162.0800000000163,0.00039121316563287304,0.9573108124925245,0.7417118790496761,0.8413321719051909,2.9135719031754252,1.86488911744542,0.29400000000000004,1428.7200000000012,-0.0016844449852678484,0.75919717003375,0.8005,923
26,3.9020713020372013,0.13438078659876376,-0.8017068052472274,0.4829017739120704,1.29,1161.0,0.00039235211267117285,0.9579904229145955,0.741915301724138,0.8434717491537399,2.918819440615776,1.8659592952265383,0.29500000000000015,1431.4199999999837,-0.0016852953088379334,0.7587978976253124,0.8005,922
27,3.9018613817537635,0.13446179766807975,-0.8021953986448209,0.48142136904552496,1.29,1160.5200000000186,0.0003927710886407786,0.9580724682368843,0.7430483105679366,0.8445387269334127,2.9168825998021433,1.8654162829945553,0.29400000000000004,1429.4400000000023,-0.0016897248958030286,0.7595405659756976,0.8005,921
28,3.9017332152347213,0.13457991253725826,-0.8026755980116893,0.4808061921245309,1.29,1160.7000000000116,0.00039301065887083284,0.9580425822612476,0.7433666906474821,0.8448906521227916,2.912861042328231,1.8641880769132528,0.29400000000000004,1428.8999999999942,-0.0016907826379710619,0.7595129437666899,0.8005,920
29,3.85771407346265,0.15393243183769872,-0.8834951318180355,0.5201249221575703,1.384,2492.3399999999965,0.00020953333790906277,0.9735615487113491,0.5056929811320754,0.4479883970773742,1.0403098920054692,1.3711658470507682,0.19100000000000006,1363.0799999999872,-0.0010133098864380278,0.8412115153117268,0.981,919
30,3.864157081850534,0.14698726571884088,-0.6844713964249753,0.5064168913809985,1.606,1445.5800000000163,0.00034458307203864754,0.9740048146454403,0.7221126132404182,0.8313813625282592,3.264932791028043,1.945304065567129,0.29600000000000004,1474.7399999999907,-0.001591973299735921,0.7509661692277156,0.8005,918
31,3.901903185840708,0.13458343317754828,-0.8022433349391265,0.4828749701299695,1.2910000000000001,1162.0200000000186,0.00039255878852398807,0.9576103462071809,0.7406697491039426,0.8417932391833098,2.9237554091700577,1.866103624075308,0.29499999999999993,1434.1199999999953,-0.0016795206336645443,0.7580283639808144,0.8005,917
32,3.901522143489814,0.13475187523008905,-0.8034216337086222,0.48111458371114724,1.29,1161.3000000000175,0.0003933835365544589,0.9581321106256804,0.7465368306801738,0.8452122563349037,2.85899447833563,1.8511336665621243,0.29500000000000015,1420.679999999993,-0.0017048720354538725,0.7609545047078341,0.8005,916
33,3.9013442869796284,0.13474260629740795,-0.8007687545832258,0.48070757331234143,1.29,1160.820000000007,0.00039350231359685546,0.9581430365566661,0.7478547101449275,0.8459568208574084,2.841806076836546,1.8470974235518824,0.29400000000000004,1419.1199999999953,-0.0017107281737377261,0.7616056132645304,0.7895,915
34,3.8597884422110558,0.1535182999002896,-0.8978544046966164,0.5112312994628353,1.365,2456.820000000007,0.000212134786521103,0.9734487176148819,0.5085941489361702,0.45036356379387027,1.0270411772082486,1.3683327547938626,0.19100000000000006,1353.7799999999988,-0.0010263534063206074,0.8429722033724483,0.985,914
35,3.8630537642045453,0.14729311652238,-0.6823998499489887,0.5095272158644865,1.61,1448.5199999999895,0.00034455627276726975,0.9740919542407019,0.7269476825842696,0.8325821217727893,3.192797277689092,1.9274594462369248,0.29499999999999993,1463.8800000000047,-0.0016124106662105907,0.753615328860135,0.778,913
36,3.9062484432234434,0.13333021049130195,-0.8302310137638282,0.4745957439269054,1.247,1122.8399999999965,0.00040286923059655073,0.9592129768007476,0.7499389978213508,0.8480897575391949,2.7542782938868395,1.8275570612092062,0.29499999999999993,1415.039999999979,-0.0017231350231435567,0.7618683921934016,0.767,912
37,3.9087668849391948,0.13241880809602521,-0.843496083189994,0.466350364862953,1.221,1099.2600000000093,0.0004088148177972002,0.9601009257776376,0.7544603649635038,0.8488940127384988,2.709846391908995,1.8164665365466504,0.29499999999999993,1408.3199999999779,-0.0017369021733669825,0.7642702227923593,0.756,911
38,3.9107396961063636,0.13233112525666302,-0.8544238900689698,0.45452792537260006,1.203,1082.460000000021,0.0004150915859961951,0.9561720768921197,0.7605526937269372,0.853114596288242,2.6171706503665737,1.7943491378524228,0.2939999999999998,1392.9000000000233,-0.001770433267191353,0.7667686826162818,0.7115,910
39,3.921742299794661,0.12946673429912658,-0.9239621378303662,0.4258679292253621,1.1130000000000002,1002.0599999999977,0.00043978145929003676,0.9643152294744195,0.7725536967886483,0.8650424152527139,2.4716759443945335,1.7618268883445778,0.29499999999999993,1376.820000000007,-0.0018238035833920661,0.7706849097309333,0.689,909
40,3.884520281416788,0.1491395637705446,-1.038400007768911,0.40449870702414226,1.178,2120.7600000000093,0.0002403194229332122,0.971655116372809,0.5158722047244094,0.4551134807426444,0.9428750759050377,1.346341945877873,0.18700000000000006,1305.960000000021,-0.0010777258843264344,0.8477263429156504,0.9895,908
41,3.861904394046775,0.14753989000876752,-0.6786547797308988,0.5139869998556793,1.612,1450.9799999999814,0.00034442773544432346,0.9741298188670517,0.7346256045519204,0.8368825452260805,3.0671633848500237,1.897798229696118,0.29499999999999993,1445.759999999951,-0.0016483840251032035,0.7564818623796787,0.667,907
42,3.933498440979956,0.12660833080411762,-0.9771640170443994,0.3688207398251462,1.026,923.3400000000256,0.0004683824449769361,0.9608753829935732,0.7750933383233533,0.8666314804975046,2.3715111016145993,1.7410539487081231,0.29499999999999993,1373.640000000014,-0.001834717326528516,0.7708751767520252,0.645,906
43,3.941044275700935,0.12465394940272449,-1.0153746490864655,0.3387325543622291,0.977,879.7799999999697,0.0004849510294039398,0.9700884642261177,0.7786949101796407,0.8719734324137964,2.3480411014383797,1.7371166102383542,0.29700000000000004,1373.5800000000163,-0.0018465152589992324,0.77158890701878,0.6225,905
44,3.946225731707317,0.12361529380834038,-1.0338348922256022,0.2969825794248073,0.937,843.0599999999977,0.0005027473391651172,0.9652150684556728,0.7869797245600612,0.8768672131976055,2.2114767978028693,1.705821679529087,0.29300000000000004,1343.8800000000047,-0.001905512599900849,0.7749136483654473,0.6005,904
45,3.953991677336748,0.1216392769094536,-1.064657103325454,0.25893691916807327,0.891,802.679999999993,0.0005205647451118443,0.9753274165433403,0.7887864263803682,0.8796524368185009,2.1892467353071074,1.7022178043770897,0.29400000000000004,1341.2999999999884,-0.0019158288079113696,0.7753233989447099,0.556,903
46,3.929204125,0.13734587275728943,-1.1519307095493179,0.19301147112932548,0.914,1645.5,0.0002879592354600793,0.9836399163513938,0.5162398237179487,0.45720767821533215,0.9355003798885813,1.3477468583618903,0.18299999999999994,1283.280000000028,-0.0011016682908456528,0.8474327986973341,0.9915,902
47,3.861393980169972,0.1474853039534227,-0.676110031016333,0.511684473159141,1.612,1450.679999999993,0.0003446656215566894,0.9746182598176594,0.7373427960057061,0.8370519947113668,2.9966287094790305,1.8823353448635014,0.29500000000000015,1441.5599999999977,-0.0016572305121255655,0.7581697372580896,0.5115,901
48,3.9860515873015867,0.11191440711780112,-1.070102502149966,0.06352231577605562,0.719,647.039999999979,0.0005966738928014024,0.9822323166401319,0.7948806376360807,0.8858472085485677,2.0828564562480665,1.6803404160160962,0.29200000000000004,1322.8800000000047,-0.0019600962610157244,0.7769478886000926,0.456,900
49,4.010595291902072,0.10227179897011905,-0.9544593195008724,-0.09301299948058253,0.606,545.0999999999767,0.0006463157246205766,0.9734029704602689,0.8073395717684377,0.8939758024651169,1.9395359621565635,1.6475176947364374,0.29000000000000004,1297.140000000014,-0.0020256364899326144,0.7818164025837662,0.378,899
50,4.04903825,0.0847175017318542,-0.7518846323089345,-0.27347854815996786,0.456,410.820000000007,0.000706109389894513,0.9725047951031811,0.8298436046511627,0.9141360600370056,1.7006690891784197,1.5943742322882006,0.28500000000000003,1238.3400000000256,-0.0021839985495846013,0.789037748938699,0.2225,898
51,4.125744966442953,0.045505497791166284,-0.2065040459061529,-0.7034567564697548,0.169,152.03999999997905,0.000995664605866646,0.9488690585067452,0.8827826959847037,0.9570710507224145,1.265789810250423,1.4876835172953884,0.264,1075.7399999999907,-0.002668373021801088,0.8054188963598515,0.0555,897
52,4.172975,0.012584125610915745,-0.622369203883335,-0.5552220203083462,0.013,23.57999999995809,0.001703760388165245,0.8123811710560551,0.5146319696969697,0.4474810382897708,0.9210653307379122,1.319900125814921,0.097,677.5800000000163,-0.002051311734319274,0.8482950236168796,0.996,896
53,3.8627640425531915,0.14726252969511772,-0.6803989287523287,0.5114096709665286,1.611,1450.140000000014,0.0003441015303400588,0.9739478031300541,0.7312171468728039,0.8353699743116495,3.130985373078291,1.914339692231326,0.29700000000000015,1463.460000000021,-0.0016214280691627479,0.7554205328229718,0.0555,895
54,0.0,0.0,0.0,0.0,0.0,0.0,0.0,0.0,0.5960070605187321,0.6185495828614014,4.474985817617849,1.9946261766092066,0.11699999999999999,713.0400000000373,-0.0025087293263878294,0.7214264605905725,0.2225,894
55,4.126307482993197,0.04541232571871794,-0.18978719036455072,-0.715755199723322,0.166,150.17999999999302,0.0010055484237367963,0.9489429552396548,0.8863928982725527,0.9579633892917266,1.231562125221446,1.477183358955537,0.264,1070.579999999958,-0.0026857633398895417,0.8073749392048835,0.378,893
56,4.049749874055416,0.08452447396001009,-0.7493686962545683,-0.2817967513457013,0.453,407.820000000007,0.0007093686370654407,0.9723900041262601,0.8368020033388982,0.9184122885949783,1.655724334723911,1.5829087932244197,0.28600000000000003,1231.740000000049,-0.0022090919111035006,0.7922528433641234,0.456,892
57,4.011027599243856,0.10220366436467121,-0.9568100044370427,-0.09400225241791976,0.604,543.539999999979,0.0006476142384089833,0.9725333510952647,0.8150535031847135,0.9016723037502414,1.8933091608296273,1.6373363110720665,0.29200000000000004,1291.4400000000023,-0.002054857889387361,0.7844026301502208,0.5115,891
58,3.9470545643153523,0.13111185790633462,-1.1374887069367796,0.10888091608109318,0.826,1487.280000000028,0.0003046434904467903,0.9734846037158221,0.521322485690924,0.4592270254743927,0.8761293488884885,1.330671980929604,0.18200000000000005,1257.6599999999744,-0.0011312176061031116,0.8506607616049766,0.992,890
59,3.863169410929738,0.14702016900233034,-0.6791087406013001,0.5140229793603777,1.61,1449.359999999986,0.0003436968810609036,0.9734725385222268,0.7253033980582526,0.8330220471115226,3.215937730971805,1.9335558058548286,0.29899999999999993,1482.7799999999697,-0.0015899102093151565,0.7521914842789048,0.556,889
60,3.9687866855524074,0.11735988933145972,-1.0845672187174649,0.17275515473053568,0.806,725.6399999999558,0.0005571285825391231,0.9792767720448939,0.7909419478527608,0.8816771877007683,2.159072824430007,1.6961829277464444,0.29400000000000015,1340.7000000000116,-0.001921688796060009,0.7760018586437548,0.6005,888
61,3.953568461538462,0.1215304337239103,-1.0637873308637498,0.26229598609785926,0.89,801.6599999999744,0.0005206524305205028,0.9751767715975965,0.7912666666666667,0.8794699364015103,2.1487062775927956,1.692629063677083,0.29400000000000004,1338.2399999999907,-0.0019222185751059354,0.7768748255642857,0.6225,887
62,3.9460382173382174,0.12374356733570004,-1.0359882545741994,0.2968574846880459,0.935,841.5599999999977,0.0005039520577441917,0.9661198507029741,0.7867955030487804,0.8768277619734705,2.1953612291421916,1.7031438910662973,0.29400000000000015,1348.679999999993,-0.0018987747878117791,0.7749256380248003,0.645,886
63,3.939418947368421,0.12501554420003425,-1.0148031369389454,0.3404960814243161,0.977,879.359999999986,0.00048651358947164494,0.9703066157618699,0.786536115326252,0.8751829647002543,2.2366837404217694,1.710913503580115,0.29499999999999993,1354.9199999999837,-0.0018856020844627652,0.7754085448660131,0.667,885
64,3.8905517397882,0.14795565258528073,-1.066878891310198,0.37427910893900707,1.133,2040.2399999999907,0.000248225193987653,0.9707151074271609,0.5162301024428684,0.45554978420721,0.9135164855452045,1.3400874706774921,0.18700000000000006,1304.1599999999744,-0.001080445090942619,0.8476253723548178,0.9935,884
65,3.8620469836763665,0.14724574525435974,-0.6770193409258032,0.512594733409321,1.61,1449.1199999999953,0.0003442680148808167,0.9740792785854068,0.7345432299012694,0.8354639861323833,3.056169644712498,1.8961848895960673,0.29800000000000004,1457.820000000007,-0.0016329818373308606,0.7572514294612654,0.689,883
66,3.927171367521368,0.1279460327101088,-0.9409879499054163,0.40065560207192435,1.069,962.460000000021,0.00045315279013451745,0.9576894066496447,0.7751581655480985,0.8654078347433306,2.376417365293861,1.741226423501908,0.29699999999999993,1379.1600000000326,-0.0018260632306582093,0.7714652198980628,0.7115,882
67,3.9219053608247423,0.128827481588796,-0.9157280824059479,0.42838627524779704,1.108,997.3800000000047,0.0004397317681476459,0.9636151191283046,0.7739128148148147,0.8654961236485308,2.440776561985623,1.7560571370182876,0.29800000000000004,1388.460000000021,-0.0018102943682073791,0.7710363894072575,0.756,881
68,3.9112468511450387,0.1318227430205721,-0.8432201024838788,0.45464351944469833,1.198,1077.780000000028,0.0004153320180690515,0.9519448637357052,0.7605749453750912,0.8551430165104998,2.6142323308874778,1.7954924767613183,0.29800000000000004,1411.9199999999837,-0.0017498955733836316,0.7663598897395468,0.767,880
69,3.90872305529522,0.1322330535922324,-0.8341348550874939,0.4670924274982473,1.219,1097.0999999999767,0.0004091399037966739,0.9594994177033409,0.7587074074074074,0.8540028708748773,2.667614316647466,1.807094356878975,0.29800000000000004,1415.9400000000023,-0.0017403819840674155,0.7655271298019952,0.778,879
70,3.8617811248402214,0.15319062181767507,-0.9077968778301941,0.5032452817371762,1.341,2414.819999999949,0.00021544815338184062,0.9729145948663072,0.5113205593348451,0.45203994627279703,0.9798403474216761,1.357208070324834,0.19300000000000006,1359.7799999999697,-0.0010266287880791964,0.8447734848453545,0.9915,878
71,3.863852414772728,0.14681067524252744,-0.6802919744517482,0.5092347881166669,1.609,1448.1600000000326,0.00034353059290483454,0.9735676660873324,0.7296697075208914,0.8329041901023723,3.177252051149029,1.9227504854327244,0.29900000000000015,1477.140000000014,-0.0016007569789159015,0.7551331811478941,0.7895,877
72,3.9027156756756756,0.1341056487253875,-0.8078716890504296,0.48064046024037665,1.268,1140.899999999965,0.0003985730153904806,0.9584863813558486,0.7603324561403509,0.8548017577466599,2.649851707396527,1.8016716189644153,0.29700000000000015,1406.219999999972,-0.0017553116754990626,0.7661492443885375,0.8005,876
73,3.8998934397163114,0.13515474391098886,-0.7934021224772172,0.48237596842740554,1.2890000000000001,1159.679999999993,0.0003950690531853366,0.9578671444568437,0.7610018355359763,0.8531612969209622,2.6239493051879945,1.7955542969544387,0.29499999999999993,1399.4400000000023,-0.0017613742165665974,0.7672184669204777,0.8005,875
74,3.899545696539486,0.1351279219483462,-0.79072344179749,0.4811498012294643,1.2870000000000001,1158.6599999999744,0.0003953459855886991,0.9577436011011453,0.7585094752186591,0.8541714831139886,2.6596472523903163,1.8044711529902489,0.29699999999999993,1410.0,-0.0017478698978884084,0.7653048066646554,0.8005,874
75,3.8562701529557666,0.1544577833128105,-0.8819534755608984,0.5220511695293568,1.383,2490.5999999999767,0.00021037360759372625,0.9740188676497226,0.5124910207214122,0.4525039209417944,0.9545820559081397,1.3508201697638387,0.19100000000000006,1340.759999999951,-0.0010430182439351795,0.8455168951531137,0.9945,873
76,3.8613807965860594,0.14748952963985731,-0.6761675782671421,0.5145819487531846,1.609,1448.0400000000373,0.0003450965629371003,0.9742692758955187,0.7388593196314671,0.8376017174622477,2.989581952304417,1.8787169838588422,0.29800000000000004,1452.8400000000256,-0.0016479426262403015,0.7589798879615758,0.8005,872
77,3.9003566222222226,0.13480701140185564,-0.7917509394843867,0.48399444928314195,1.2870000000000001,1158.5999999999767,0.00039436941352713874,0.9575850161125786,0.7571254175744372,0.8519867998820433,2.697171247736522,1.8123593073468123,0.29700000000000015,1418.1599999999744,-0.0017325972386230816,0.765028207936422,0.8005,871
78,3.9006330666666664,0.13486492421911017,-0.790218205671001,0.4816575524922442,1.2870000000000001,1158.4799999999814,0.00039457058114288204,0.9570731628321056,0.7602715014577259,0.8541216715518463,2.672355892286859,1.8063501164111269,0.29800000000000004,1412.9400000000605,-0.0017453535309124029,0.7666527004531015,0.8005,870
79,3.9003201067615665,0.13477430672744026,-0.7887532821949086,0.48045483512457343,1.2850000000000001,1157.219999999972,0.0003947771021664976,0.9574938050400426,0.7583193899782134,0.8532513041235747,2.6742402176316373,1.8072700923162746,0.29899999999999993,1417.5,-0.0017366953529624775,0.7655453097747356,0.8005,869
80,3.9003855871886124,0.13471864149237042,-0.7886740585500993,0.4793065662864141,1.286,1157.219999999972,0.0003946530648423639,0.9576240469764389,0.7581188816267247,0.8536591109086877,2.677392134289483,1.8080740366563663,0.29800000000000004,1417.3800000000047,-0.0017370581746729758,0.7651992437049725,0.8005,868
81,3.856671985080812,0.15414950256232438,-0.8792514099452275,0.5218027860806995,1.381,2485.6199999999953,0.00021038313341648502,0.9740756679190131,0.5111171450151056,0.4527583142881789,0.9851401589226412,1.3591897082687234,0.19399999999999995,1363.1999999999534,-0.0010253378285445995,0.8441595111691755,0.9945,867
82,3.861519132290186,0.147559120705722,-0.6751896277483955,0.5152709903933143,1.609,1448.219999999972,0.0003452125732651624,0.9740944928394104,0.7443536045681657,0.8413704470362188,2.9059935982701326,1.859318301352502,0.29800000000000004,1442.4599999999627,-0.0016717876339679806,0.7607819523028713,0.8005,866
83,3.900315733333333,0.13477674102485615,-0.7887071207943532,0.48393716572383744,1.2870000000000001,1158.2999999999302,0.0003943574870059195,0.9574464997146948,0.757581494920174,0.8518585584136437,2.6774598094442243,1.8073693814084888,0.29800000000000004,1418.7000000000698,-0.0017329431153676508,0.7650979609932461,0.8005,865
84,3.8982153368794332,0.13575917219351707,-0.7904547829498583,0.4850694407762483,1.29,1161.1199999999953,0.0003963068462419092,0.9581536556203671,0.7638082039911309,0.8562911233501179,2.5346437022972212,1.7758505487841618,0.29600000000000004,1392.5399999999208,-0.0017811241580440247,0.7672557249559367,0.8005,864
85,3.8986654529307287,0.13541084488365687,-0.7881672781905129,0.48172944033348514,1.288,1159.2600000000093,0.00039601287389955147,0.957849436386673,0.7666408888888889,0.85825833137094,2.514526347822443,1.7700713616450245,0.29500000000000015,1389.420000000042,-0.0017909793038761285,0.7682920485151528,0.7895,863
86,3.858644962216625,0.1541306394764813,-0.8969296260463464,0.5126004376350379,1.3630000000000002,2453.8800000000047,0.000213203212834955,0.9739460984202771,0.5141107526881722,0.4542661144905873,0.9576845248144141,1.351421822883348,0.19100000000000006,1340.640000000014,-0.001047510048556801,0.846668669230254,0.995,862
87,3.8616386039886033,0.14732759857773658,-0.6761743750958003,0.5143157013000323,1.6059999999999999,1445.9399999999441,0.00034528899145260184,0.9742429677624623,0.7442429382540809,0.8435810733052299,2.9333677357658274,1.8660082477574993,0.29899999999999993,1451.0999999999767,-0.0016642219857893712,0.7605116013264284,0.778,861
88,3.9055705340699816,0.13321155046407085,-0.8160277878997104,0.4761628961904523,1.2420000000000002,1118.0999999999767,0.00040409290567085954,0.9583317859388996,0.7612219956300073,0.8545499855369174,2.5851506898440597,1.787227643762722,0.29900000000000015,1413.780000000028,-0.001748833182164349,0.7663441402522316,0.767,860
89,3.9080636022514077,0.13272742426805847,-0.8213228287599441,0.4617318526760564,1.22,1097.6999999999534,0.0004103262384016523,0.9485358257587667,0.7634037956204378,0.8559757286996573,2.552853807991206,1.7803547735445904,0.29899999999999993,1411.0800000000745,-0.001756475795320182,0.7670551286868755,0.756,859
90,3.9108477511961723,0.13156871428190078,-0.8427033312042105,0.4625752922091482,1.1960000000000002,1076.3399999999674,0.0004150570416425732,0.9597608247093785,0.7674194729136165,0.8602023645043742,2.5137898841417154,1.7711171845154543,0.30000000000000004,1405.920000000042,-0.0017731425317589525,0.7684663968212639,0.7115,858
91,3.9215678719008262,0.12883779959613423,-0.9076560118754236,0.42835202363803065,1.1070000000000002,996.4199999999255,0.00043992405737579483,0.9629333075688138,0.775131263858093,0.8672900611322097,2.386722804554452,1.7436529464535147,0.2999999999999998,1393.1999999999534,-0.001810170389134674,0.7707647887697737,0.689,857
92,3.883870697220868,0.1490901022199417,-1.0318015033362942,0.40785728396071574,1.174,2112.5400000000373,0.00024108823874975196,0.9707163859344011,0.5182493405740884,0.4573738354717906,0.9131620191547842,1.3400677543572495,0.19100000000000006,1327.6199999999953,-0.0010664094841566659,0.8490145552046056,0.9945,856
93,3.862299643366619,0.14711379817825976,-0.6749916616123963,0.5148201976747107,1.604,1444.140000000014,0.0003451687133239525,0.973790552802593,0.7421078279266573,0.841576931298414,2.965358507809004,1.8735866230409808,0.30099999999999993,1460.640000000014,-0.0016479267158079599,0.7596317974675328,0.667,855
94,3.932842329227323,0.1260724464299345,-0.9712968017720289,0.38055158797372274,1.0210000000000001,919.5,0.000468226082797856,0.9665395267439261,0.7840732383808097,0.8748847094873022,2.247161265700032,1.713029797741514,0.29899999999999993,1373.579999999958,-0.0018587853062835599,0.773660613041602,0.645,854
95,3.9397544600938965,0.12457523407967826,-1.0034899665015145,0.3442072378543221,0.974,877.140000000014,0.00048582489400692815,0.9693710280240836,0.7873204051012753,0.8797564035563107,2.216031980229758,1.7069220678318322,0.30000000000000004,1372.7999999999302,-0.0018709311370529896,0.773880358853072,0.6225,853
96,3.946064539877301,0.12345588168992168,-1.0222303683646425,0.2988112821055936,0.932,838.9200000000419,0.0005043883739455765,0.9632423441655696,0.7902343159486017,0.8806915465862517,2.163375652029073,1.6960774409805448,0.29900000000000004,1361.7600000000093,-0.0018896943459945441,0.7757536076857476,0.6005,852
97,3.9529533505154637,0.12143513245849066,-1.0557955744882075,0.26422668317472564,0.887,798.7800000000279,0.0005220082812889544,0.9744058593108895,0.7917581998474448,0.8812207723351311,2.1094573071095706,1.6847066307840182,0.29700000000000004,1349.1600000000326,-0.0019102980714109533,0.7761074809097933,0.556,851
98,3.9281442006269587,0.1378803177714925,-1.1530754712735665,0.19487814733793388,0.913,1642.7399999999907,0.00028957050806916834,0.9830446529126473,0.5188722621902478,0.459034992450465,0.9141211456630498,1.3420970712703375,0.18600000000000005,1287.6000000000931,-0.0011023568084025045,0.8492742416304297,0.995,850
99,3.8621595289079234,0.14712699124830192,-0.6739441255681027,0.5147519697031181,1.603,1442.8200000000652,0.00034551871208774376,0.9738672414954627,0.7432553911205074,0.8435496348384053,2.9364777429497666,1.867618502009273,0.30100000000000016,1461.2999999999302,-0.0016514430295419052,0.759552560613976,0.5115,849
100,3.9855024000000006,0.11205853342830509,-1.0491766568451995,0.052343807186848085,0.714,642.9599999999627,0.0006010558925134419,0.9724057274642949,0.7985307515337424,0.8906250059253226,2.055222329196944,1.6747678631201808,0.29799999999999993,1341.8400000000838,-0.0019426200946140977,0.7777389624341696,0.456,848
101,4.01058536121673,0.10253341417993007,-0.9473442107508641,-0.09979497494450366,0.601,541.1999999999534,0.0006522930265901717,0.9704015707565212,0.8062419129082425,0.8980921022117779,1.9556464800345328,1.6538648585811206,0.29600000000000004,1323.7200000000885,-0.0019901095864302116,0.7800988147671465,0.378,847
102,4.04966192893401,0.0847446724804987,-0.7320229852049911,-0.2934845331853606,0.449,404.9399999999441,0.0007160179353084577,0.9714029893767779,0.8266829683698296,0.9145478002081314,1.7381991003956605,1.6055121228622078,0.292,1268.5800000000745,-0.0021270628606179383,0.7871714324767012,0.2225,846
103,4.126358450704226,0.045479546089162756,-0.1897247058894056,-0.7251299881664806,0.161,145.38000000000466,0.00103923602766673,0.9449741149940352,0.8748939001848429,0.9536850111440343,1.3287740429601032,1.5051768393173468,0.27,1113.9599999999627,-0.0025607146755773787,0.8027663026007056,0.0555,845
104,4.1717956521739135,0.01406179473418111,0.5016911209559431,-0.8906047502058303,0.013,22.680000000051223,0.001930747499177296,0.8015019879940583,0.5026560294117647,0.43788446199300496,1.0449086577327629,1.351571972684066,0.098,698.5799999999581,-0.0019391779703438249,0.8409651012186736,0.9985,844
105,3.862891934332619,0.147021012295274,-0.6751072301746395,0.5132551506864504,1.603,1442.8199999999488,0.00034524248772576017,0.9735469613978277,0.7404225263157895,0.8408687507834829,2.979463453855697,1.8773294368281908,0.30099999999999993,1467.0,-0.0016374133859356802,0.7590653642530001,0.0555,843
106,4.1791,0.0,0.0,0.0,0.0,0.0,0.0,0.0,0.5821956399437412,0.6070080084819679,4.958743513673552,2.0689912545773805,0.118,731.640000000014,-0.002382591640190511,0.7110400861360523,0.2225,842
107,4.126936428571428,0.045447226428362276,-0.18215382545064962,-0.7335517265117901,0.159,143.1600000000326,0.0010531893442530795,0.9438499695808713,0.8789770871985157,0.9547548373031741,1.2922737108701394,1.4943331517286291,0.27,1108.6800000000512,-0.002578946419321568,0.8049373085691996,0.378,841
108,4.049744387755102,0.08527191451915633,-0.6455279059503161,-0.3343533734425565,0.448,402.8399999999674,0.0007228341289713789,0.9495116066226359,0.8334456026058632,0.9188494934840191,1.6960543618743795,1.5946127697042254,0.293,1264.140000000014,-0.0021489934406111496,0.7903203135331659,0.456,840
109,4.011468702290077,0.10206772492681165,-0.97367644011163,-0.08783756595880285,0.599,539.4599999999627,0.0006518572180624169,0.9804463171649417,0.8133418823529414,0.8994535181375509,1.8829494451560507,1.6361414483405359,0.29600000000000004,1311.8999999999069,-0.002016805657575792,0.7842400423642579,0.5115,839
110,3.9460862188365646,0.131675175464132,-1.1441413261288234,0.11250306572953975,0.826,1486.859999999986,0.000306080673344753,0.9858206644610857,0.5220640522875817,0.4599940310664504,0.8671378182975742,1.3282262255519062,0.18299999999999994,1260.2999999999302,-0.001131450013426458,0.8513074196566066,0.9965,838
111,3.8613135000000005,0.14745426476186357,-0.6738854495691942,0.5177167861369605,1.603,1442.4000000000233,0.00034631194021742293,0.9742892949189578,0.7490048398576512,0.8466052716345824,2.847218276908425,1.8466730616086544,0.30100000000000016,1446.0600000000559,-0.0016799374241051824,0.7625224699796901,0.556,837
112,3.968194017094017,0.11755328797345134,-1.0817734012389777,0.17210023781701006,0.802,722.4599999999627,0.0005603447862751913,0.9790331633491571,0.7953019127773528,0.8853127159869681,2.073972399433119,1.6782093326489624,0.29700000000000004,1345.920000000042,-0.0019256689214126787,0.777289200228469,0.6005,836
113,3.952318766066838,0.12211811099175618,-1.0475783479863143,0.2579003777643213,0.89,800.640000000014,0.0005237739967668335,0.9670030775843089,0.7939477463712757,0.8832031737665254,2.088741238335354,1.6800750054178828,0.29600000000000004,1347.1199999999953,-0.0019190387821917986,0.7771100773401091,0.6225,835
114,3.9452675675675675,0.12348117695610404,-1.0336821276616206,0.3055231191521737,0.93,837.7800000000279,0.0005052381124499241,0.9722659250238105,0.7928798018292683,0.8814605231883892,2.098611030186343,1.6815869776134962,0.29800000000000015,1351.0800000000745,-0.0019104153955265331,0.7766495618531642,0.645,834
115,3.938524736225088,0.1254384876657499,-0.9962938473068848,0.3363499561199841,0.976,878.4599999999627,0.0004884813802575969,0.9603600510591375,0.7920259090909092,0.8805474725666124,2.129797612789252,1.6874410006892977,0.29900000000000004,1359.2399999999907,-0.001896254074276812,0.7766615656648828,0.667,833
116,3.8898574898785427,0.1480908209689774,-1.0631346326834747,0.3788293278737698,1.131,2035.5,0.0002489868566500115,0.9727837068138308,0.5183883045525902,0.45752265106958606,0.8930153810197536,1.3353817697618635,0.18900000000000006,1311.719999999972,-0.0010802012551045063,0.8490945055909564,0.995,832
117,3.8619461758398854,0.14735529056466487,-0.6751626208193469,0.5156683415607258,1.601,1440.9000000000233,0.00034648017573331037,0.9742810788337913,0.7465453323903819,0.8435978491891395,2.8715269644853345,1.852250825688835,0.30100000000000016,1455.6600000000326,-0.0016616493680007922,0.7613673848048572,0.689,831
118,3.9269225563909775,0.1277091330855309,-0.9385788926953604,0.4075927626863641,1.064,958.2600000000093,0.0004542305537635626,0.9645097154071056,0.7825333580980683,0.8732011815406749,2.286071750626073,1.721308700411477,0.30099999999999993,1385.8800000000047,-0.0018371319091578242,0.7733611583933923,0.7115,830
119,3.921125542916236,0.12903746281856343,-0.8959782415746451,0.421475195330043,1.106,995.5799999999581,0.00044123252445004286,0.9528340197581988,0.7777822878228782,0.8689804534140781,2.339671658069861,1.7329161679980658,0.30099999999999993,1394.219999999972,-0.0018140002955315884,0.7720652189110566,0.756,829
120,3.9107626679462575,0.1314102515596457,-0.838774120704576,0.4602861824428736,1.191,1072.7399999999907,0.00041598790800457934,0.9594154031928588,0.7690648982558138,0.863488859973237,2.4913767451048763,1.7673361238447212,0.3019999999999998,1416.9000000000233,-0.0017666275460783737,0.7681698571869118,0.767,828
121,3.908,0.1326607662752964,-0.815134721420292,0.4581386654619429,1.217,1095.5400000000373,0.00041097622177808333,0.9473473373697249,0.7692981804949053,0.8626724990238586,2.516473783405674,1.7722385925373807,0.30200000000000005,1415.0999999999767,-0.0017665043105921094,0.7691428093375127,0.778,827
122,3.8609205456095483,0.15358839531958474,-0.9059300882935277,0.504557984436588,1.3430000000000002,2416.7399999999907,0.00021582615611569393,0.9734912466070349,0.5165124423963133,0.4564603240917788,0.9338964116742456,1.3455692095116905,0.19199999999999995,1340.579999999958,-0.0010531455960242709,0.8478951257006427,0.9955,826
123,3.860722103004292,0.14747621903343885,-0.6721630186869869,0.5179781247525205,1.5999999999999999,1440.0,0.0003470172989986144,0.9744317891121008,0.7510358571428571,0.845212826089787,2.7762116911644927,1.8296113322545449,0.30000000000000004,1441.140000000014,-0.0016874560829656783,0.7633324049028621,0.7895,825
124,3.90125149321267,0.13441766511766587,-0.7957799679078184,0.4804320496573899,1.264,1137.719999999972,0.0004005349842730871,0.9576012357715543,0.7710424576894775,0.8622392659966003,2.460201054672731,1.7580213679740873,0.29900000000000015,1399.4400000000605,-0.001789645877360441,0.7699218273376152,0.8005,824
125,3.8981192170818506,0.1357660443967516,-0.7867115026587048,0.47965518363185566,1.286,1157.579999999958,0.000397647030719453,0.9578534943909781,0.7747166543301257,0.8655469631331938,2.432293635244978,1.7511705123044332,0.29899999999999993,1390.3800000000047,-0.0018091216176752518,0.7709877573957719,0.8005,823
126,3.8981009795191452,0.13559173802159571,-0.7835753803424259,0.47990387394431083,1.284,1156.3800000000047,0.00039750342657846483,0.9573665275420323,0.7726442804428044,0.863328960113202,2.434407772249771,1.7523727787617989,0.30000000000000004,1395.0,-0.0017986925722048319,0.7706736131341044,0.8005,822
127,3.855604594370861,0.1548760193916725,-0.8828636016872897,0.521800406400769,1.3820000000000001,2488.980000000098,0.00021111159203067879,0.9747042708049075,0.5171121705426357,0.45654511445774837,0.923875806389487,1.3421936827890095,0.19100000000000006,1328.0400000000373,-0.0010639039404222324,0.848469170021106,0.996,821
128,3.8601721944245893,0.14778787709221708,-0.6710694114897104,0.5207038786896391,1.601,1440.5999999999767,0.0003474935446625152,0.9745542416214467,0.7588084537572255,0.8503510543283394,2.664035870744459,1.8030732611470435,0.30000000000000004,1424.4599999999627,-0.00172432022922487,0.7666282751771718,0.8005,820
129,3.898460498220641,0.1355033466746726,-0.7838923981955856,0.48172679566572674,1.286,1157.4000000000233,0.0003969201670137556,0.9571511407501705,0.7706731958762887,0.8604707357045489,2.4442253016909667,1.754476044634259,0.29900000000000015,1398.780000000028,-0.0017880484109051716,0.7698506784831273,0.8005,819
130,3.898280409617097,0.13544947670208807,-0.7827986797223638,0.47854986353368467,1.284,1156.1999999999534,0.00039713739488272926,0.9572025374456914,0.7742011078286558,0.8636526227983523,2.4294929430122387,1.7506939846684855,0.30000000000000004,1394.1600000000326,-0.0018012553556900307,0.7716360089030022,0.8005,818
131,3.898365418894831,0.13535087602826001,-0.7825266745887793,0.4790749266618338,1.284,1155.5400000000373,0.0003970927724927435,0.9576395242720369,0.7741207811348563,0.8642477361042586,2.433532176287967,1.7521674108479097,0.30000000000000004,1396.9199999999255,-0.0017979754292913029,0.7710583294085049,0.8005,817
132,3.8983862867319683,0.1356042144798022,-0.7831543362057394,0.4784436014898391,1.2850000000000001,1156.4399999999441,0.0003975659024058214,0.95769214862633,0.7706546057479734,0.861125815808414,2.429426910363407,1.7520319715340138,0.29899999999999993,1397.3399999999674,-0.001791007006400937,0.7694406261866565,0.8005,816
133,3.855692177152317,0.15486092867700096,-0.8828670911263385,0.522507797055451,1.383,2488.9799999999814,0.00021105641783972549,0.9747744339638972,0.5183257387247279,0.45682224233061947,0.9145274835497705,1.3399041426346403,0.18999999999999995,1323.9000000000233,-0.0010680277866434008,0.8491608141240178,0.996,815
134,3.859820472440945,0.14769412090021472,-0.6702022474480289,0.5207540559799595,1.599,1438.7399999999907,0.00034774909477680035,0.9745518672438925,0.7617646420824296,0.854526925834476,2.643618307628582,1.7986320754364087,0.30100000000000016,1424.219999999972,-0.0017349767275813472,0.7672511139474564,0.8005,814
135,3.897658807829182,0.1355576117786571,-0.7822291095689193,0.4833347238713803,1.286,1157.219999999972,0.00039707413332422154,0.9576192991540557,0.7750961538461539,0.8649279268459573,2.4018648332742414,1.7445808887288634,0.29900000000000015,1391.8800000000047,-0.0018078552034139382,0.7714737789929598,0.8005,813
136,3.897621905609973,0.13574162156948008,-0.783628562299663,0.47884916335769967,1.2850000000000001,1156.4399999999441,0.0003979709626385039,0.9577107548054676,0.7742851441241685,0.8637192939383995,2.3971729229146304,1.7431919990872342,0.29899999999999993,1392.9599999999627,-0.001804290693414708,0.7713206973317915,0.8005,812
137,3.8974790739091723,0.13577280021523447,-0.7824249760968387,0.4790070767028056,1.2850000000000001,1156.2600000000093,0.0003981303808471111,0.9577995977463045,0.7769747774480713,0.8654003026447897,2.3615800926788886,1.7350148263974785,0.29899999999999993,1388.4000000000233,-0.0018164353966722473,0.7723400625740253,0.7895,811
138,3.857594418799832,0.15459991880098248,-0.8965656406491482,0.5134428816046996,1.3639999999999999,2455.0200000000186,0.00021374175970651814,0.9743572348856748,0.5177614485981309,0.45708802531371934,0.922546704733274,1.3427399321916638,0.18999999999999995,1322.5200000000186,-0.001069476099799791,0.8485493322150778,0.9955,810
139,3.860048031496063,0.14775409881176932,-0.6693773581978357,0.5190045849058532,1.599,1438.7399999999907,0.0003478934572642745,0.9742915975998259,0.7614276011560694,0.852951768497046,2.6139760924589925,1.7920771981518868,0.30099999999999993,1424.8800000000047,-0.001731880975885548,0.7672198949316738,0.778,809
140,3.90360147601476,0.13373095659301168,-0.8090525194891018,0.47475534281641935,1.2400000000000002,1116.4199999999255,0.0004063476345391287,0.9583212625771839,0.7759594095940959,0.8656457643777711,2.3698946413667175,1.737986708566678,0.30000000000000004,1395.4799999999814,-0.0018062701872255992,0.7721042685456236,0.767,808
141,3.9063778195488728,0.13308017648763687,-0.8247554876125234,0.4674826363459897,1.217,1095.780000000028,0.00041220227422332744,0.9590889644330791,0.7792282335550629,0.8694826287779737,2.3571626295205625,1.73520036787651,0.30099999999999993,1392.9599999999627,-0.0018178782707799549,0.772706782836903,0.756,807
142,3.9092099521531103,0.13234165329131614,-0.839020902933922,0.46148310415038923,1.195,1076.0400000000373,0.00041764178285980054,0.9598288451821871,0.7795648408586232,0.8694438788269119,2.326637281659016,1.7287760436220159,0.30099999999999993,1390.5600000000559,-0.0018213883539091637,0.7728741793894864,0.7115,806
143,3.91965867768595,0.12949348315268583,-0.903315652894348,0.4280124109924603,1.1070000000000002,996.5400000000373,0.00044232178034987936,0.9631450708649413,0.7881452702702701,0.8735341050739948,2.1925303415974193,1.6982338077587071,0.2999999999999998,1371.4799999999814,-0.0018638405312769632,0.776442997028481,0.689,805
144,3.88235497814473,0.15003835045295694,-1.0323407273607692,0.40848752199110006,1.179,2121.179999999935,0.00024164564787354712,0.9709041184594722,0.5205716441620334,0.4594198409780943,0.8869142232373912,1.33358410604693,0.18700000000000006,1296.5400000000373,-0.001097666317644344,0.8503752230008305,0.9965,804
145,3.8591967741935482,0.14784739931135235,-0.6703975144699097,0.5208422194190517,1.597,1436.9399999999441,0.0003485290764251546,0.9747640564197236,0.7705716691068814,0.8598819908102793,2.512084425942488,1.7681903050385253,0.30000000000000004,1406.0999999999767,-0.0017744427506515962,0.77088548231922,0.667,803
146,3.929505016722408,0.12788523623420886,-0.9635437539123881,0.37308950156019355,1.026,923.2800000000279,0.0004730206544668632,0.9551079446213571,0.7959367816091953,0.8827157426875353,2.0621384788389694,1.6703782448623459,0.29700000000000015,1343.219999999972,-0.0019269047473670874,0.7780353405711323,0.645,802
147,3.936549824150059,0.1258623710509431,-1.0065373974189233,0.3443340417498396,0.975,878.1600000000326,0.0004903993901095241,0.9701292339193127,0.7954100229533282,0.8825252316600444,2.0465029872517357,1.6684297431034274,0.29699999999999993,1345.3800000000047,-0.0019232989411006823,0.7772403522214146,0.6225,801
148,3.9433031901840487,0.12429424286928596,-1.0339582562226257,0.30795285330914485,0.932,838.7999999999302,0.0005078736195001317,0.9727359633523597,0.8005626441199079,0.8885750894396577,2.0260994399022323,1.6646993448315486,0.29800000000000015,1339.3800000000047,-0.0019459361296024337,0.7795703627999723,0.6005,800
149,3.9501359897172232,0.123045773008246,-1.0498912009570092,0.26092049332277806,0.89,801.0,0.0005275629478085048,0.9669897551138443,0.799506168080185,0.8874536877981954,2.005841155765488,1.6609715470865112,0.29600000000000004,1335.3000000000466,-0.0019502837331050154,0.7787340535350227,0.556,799
150,3.9264089943785137,0.13884548099974514,-1.1560241094212587,0.19658038115672713,0.916,1648.9199999999255,0.0002905058691134386,0.9834937621434081,0.5219752045826513,0.46079988768836616,0.8859158067404564,1.333540840983304,0.18300000000000005,1258.3199999999488,-0.0011344415862378347,0.8510599852616182,0.9965,798
151,3.8595425394548064,0.1478518211262371,-0.6703085768639889,0.5203295010966299,1.595,1435.5599999999395,0.00034889576326698835,0.974710865263797,0.768889139941691,0.8580102358480198,2.511625374827382,1.769026748808138,0.30099999999999993,1412.1599999999162,-0.0017623904345946534,0.7703121932220127,0.5115,797
152,3.9830728000000004,0.11282479366994945,-1.07250925272641,0.06968188893676512,0.714,643.0800000000745,0.0006053078341157004,0.982070988853923,0.8060443491816056,0.8938234777260374,1.9681125469515015,1.654093386131496,0.29600000000000004,1321.380000000121,-0.001986886332125473,0.7813448483295566,0.456,796
153,4.0084666034155605,0.10328529734093955,-0.9856990051558352,-0.07817276192919453,0.602,542.1599999999162,0.0006565658709116885,0.981597936455104,0.8120856353591162,0.899084877711242,1.8928464193861299,1.6378284370078,0.29400000000000004,1304.219999999972,-0.0020287086884032963,0.7830399785407091,0.378,795
154,4.047081360201512,0.08639026556860366,-0.7105323995797681,-0.2961532128390514,0.453,408.0600000000559,0.0007240334030014578,0.9631684837164106,0.828181469387755,0.9148417025957533,1.7479758919576032,1.607203324067426,0.29,1260.9000000001397,-0.0021417924733610027,0.7882634718231012,0.2225,794
155,4.125344520547946,0.04553368443300417,-0.24070892523095688,-0.6898027553105052,0.166,149.45999999996275,0.0010149339807806912,0.949583268308287,0.8673675373134329,0.9469937814775456,1.3935742105277171,1.5214957464250414,0.265,1103.5799999998417,-0.002560610423749801,0.8004584014739139,0.0555,793
156,4.17308695652174,0.012319471075859244,-0.6438636071867707,-0.5458279981520046,0.013,22.679999999934807,0.0017323115811597063,0.8015019879940583,0.5039954005934717,0.4404316728150187,1.081311264683607,1.3644439686020375,0.097,692.8200000000652,-0.0019627903847230016,0.8420952721622067,0.9995,792
157,3.8598124103299862,0.14768947195329946,-0.669427242245408,0.5187376874847686,1.596,1435.9199999999255,0.0003483990249487512,0.9745047883951942,0.7702885651857246,0.8602942240658055,2.5323840714482433,1.7737127614638246,0.30200000000000005,1413.5399999998044,-0.001764979736802224,0.7707116288760162,0.0555,791
158,0.0,0.0,0.0,0.0,0.0,0.0,0.0,0.0,0.5903560627674751,0.6219463527240607,5.212667781045621,2.1087259629075663,0.11699999999999999,721.6199999998789,-0.0024639221714029763,0.7030698921224731,0.2225,790
159,4.125525850340136,0.04555640202583054,-0.23434995003298553,-0.6880679980887153,0.167,150.60000000009313,0.001008373976916815,0.9499732164430535,0.8723527462121213,0.9499007887591956,1.3699013655467702,1.5136933011411908,0.263,1087.1400000001304,-0.0026115966099055843,0.8025887839579449,0.378,789
160,4.046324310776942,0.08681846326260365,-0.701445286002274,-0.29836057276832456,0.456,410.10000000009313,0.0007238470793865412,0.9555394513821283,0.8378655230125522,0.9192039648219241,1.6744251971789703,1.586812927654219,0.28600000000000003,1229.5200000000186,-0.0022135733335944736,0.7929700784992381,0.456,788
161,4.006779661016949,0.10416677720049568,-0.9980049909096147,-0.07267878035137672,0.607,546.4199999999255,0.0006572262799584987,0.9823159923627195,0.8199922826969943,0.9022748184255089,1.8240545780910242,1.6202136789477508,0.28800000000000003,1267.8599999998696,-0.00210012134258399,0.7874568069043151,0.5115,787
162,3.943830996563574,0.1331581962751487,-1.1472165551439237,0.1119898199229816,0.832,1498.5600000000559,0.00030711129788156506,0.9816064388323388,0.5254711979609176,0.46130256326571545,0.8476146583508988,1.3203759161331414,0.17600000000000005,1211.280000000028,-0.0011816869175467319,0.8539563951045822,0.9995,786
163,3.857320558739255,0.148625741365317,-0.6703958263027734,0.5229815749586194,1.598,1437.719999999972,0.0003500889156687017,0.9752193754444949,0.7823250936329588,0.8669795307927493,2.3228690628390023,1.7245520033544102,0.29800000000000004,1374.719999999972,-0.0018411033870380914,0.7754389912631131,0.556,785
164,3.9634690780141844,0.11963028383113555,-1.079812583651277,0.17247894131209562,0.807,726.0,0.0005674752490207465,0.971978757791092,0.8063494496855346,0.8930903833807567,1.9537910426036769,1.649845415035388,0.29300000000000004,1309.7400000002235,-0.0020041877573281474,0.7816465836302333,0.6005,784
165,3.9483726923076925,0.12375448482347286,-1.0521946451195363,0.26308796850786176,0.892,802.9199999999255,0.0005292456647927973,0.9655988132583339,0.8031305230288838,0.8902288816368684,1.9696857363542417,1.652555730014954,0.29400000000000004,1318.8000000000466,-0.0019825832309078883,0.7801308430999374,0.6225,783
166,3.9418537897310513,0.12537246926854334,-1.0400646999155114,0.30866209622565743,0.935,841.8000000000466,0.0005105849267186992,0.973269037536006,0.8050106780982074,0.891397655433364,1.9751926977429317,1.652762153297715,0.29500000000000015,1320.719999999972,-0.001983091144635715,0.7814759842659591,0.645,782
167,3.93481715285881,0.12718105957012485,-0.997406323652759,0.3358432460159104,0.98,882.0,0.0004933608684212906,0.9530722867908236,0.8015836052836054,0.8864377078389373,1.9742204051041954,1.652098602230953,0.29500000000000004,1325.0400000000373,-0.0019666433277901628,0.7804347500734865,0.667,781
168,3.8878270256668346,0.14926500845342505,-1.0671595270786043,0.37831250659975213,1.137,2046.780000000028,0.000249626647485927,0.9737061183695132,0.5239801963993453,0.4609346283520562,0.8556343880098614,1.3232967429844777,0.18300000000000005,1257.8999999999069,-0.0011363224495441787,0.8524978965524119,0.998,780
169,3.8575195839311336,0.14835706717003924,-0.6692697516154817,0.5238914519360488,1.595,1435.7399999999907,0.00035000206575380553,0.9752864471371268,0.7808225950782997,0.8672755257105692,2.325601153103488,1.7259155520476894,0.30000000000000004,1380.660000000149,-0.0018323964849193714,0.7740851353027567,0.689,779
170,3.9225142398286943,0.12940335355245608,-0.9427065870176761,0.40846136689766743,1.068,961.3799999998882,0.0004589447905673681,0.9662285569684546,0.8004234387047032,0.8853067814285696,2.041167777727667,1.6645372176318158,0.2959999999999998,1335.780000000028,-0.0019471805419704234,0.7803250261285365,0.7115,778
171,3.916937113402062,0.13066702458796697,-0.9085234022943642,0.4295610511987208,1.11,999.0,0.00044546569706522626,0.9644055336537661,0.7993047655649501,0.8842923187370068,2.060940876127397,1.668261565039611,0.29800000000000004,1339.619999999879,-0.001938045915837159,0.7798293394657604,0.756,777
172,3.9059456542502393,0.1336162686370216,-0.8447127345205061,0.46012149725834844,1.197,1078.0800000000745,0.00042102376078734515,0.9612201938300934,0.7936915525114154,0.880315445304471,2.1271838779152104,1.6832202480775582,0.2979999999999998,1352.280000000028,-0.0019071113042954822,0.7777887814913564,0.767,776
173,3.9031343017806934,0.13465065502005916,-0.8315658917073372,0.4650146977543616,1.2200000000000002,1098.8400000000838,0.00041612377909734633,0.9606919407216509,0.7928645087585683,0.8772617242360079,2.12893500097419,1.682693448513013,0.29800000000000004,1352.219999999972,-0.001902149238989942,0.7782309926783259,0.778,775
174,3.858962473438164,0.15489332901813968,-0.9172163462727756,0.501558990199703,1.347,2424.2399999999907,0.00021705066191551298,0.9747991517340229,0.51993192,0.4574232534090512,0.8719972963422231,1.328272896372128,0.18500000000000005,1286.5200000000186,-0.0011017225621877988,0.850259385745151,0.9975,774
175,3.8576012203876524,0.14861008257727512,-0.6716683870857083,0.5233804324051237,1.594,1434.8400000000838,0.0003508351836347578,0.9755278723000401,0.7809143494423791,0.8684078073639518,2.340820351614986,1.7292355692908794,0.30000000000000004,1384.3200000000652,-0.001829180086492914,0.7741924340316525,0.7895,773
176,3.8982174660633486,0.13575096262004555,-0.7983929169914314,0.47777325825985073,1.264,1137.6599999999162,0.0004047285955833115,0.9591543038258017,0.7892260738507914,0.8762657078836614,2.20938543898907,1.7009055955097185,0.29899999999999993,1365.5400000000373,-0.0018762075334121681,0.7763605184600499,0.8005,772
177,3.8955572573463932,0.13652727218480987,-0.7836361057879948,0.47847663398410634,1.2850000000000001,1156.3799999998882,0.00040033902231295047,0.9584106986509846,0.7861226145755073,0.8726492295800719,2.2184129590817054,1.7029300492663217,0.29899999999999993,1370.219999999972,-0.0018619254604693275,0.7755571287232553,0.8005,771
178,3.8956371886121,0.13671916639247236,-0.7825846171401478,0.47753015665426723,1.2850000000000001,1157.219999999972,0.0004006098994994509,0.9580902699145455,0.7866922672672673,0.8734382285922145,2.2240640565634244,1.704352248368245,0.30000000000000004,1371.0,-0.001862825133488401,0.7758664951810069,0.8005,770
179,3.854575382705833,0.15546642421588366,-0.8879032307647536,0.5210242931587492,1.384,2489.939999999944,0.00021183071632785512,0.975455325533528,0.5188918641390206,0.45739683401587683,0.8912322977486449,1.3337983183955127,0.18799999999999994,1303.6799999999348,-0.0010868253486495975,0.8493330274649283,0.9955,769
180,3.8586148094895765,0.14812557198365603,-0.6705113667682192,0.5222531468005439,1.592,1432.9200000001583,0.00035013367261660583,0.9750646585305841,0.7762045689019895,0.8638968967470588,2.375200868332291,1.7383587506457405,0.30099999999999993,1397.1599999999162,-0.0018012482495503143,0.7723473292768328,0.8005,768
181,3.89616322350846,0.13624268595106762,-0.7802265356092732,0.48146317413123135,1.2850000000000001,1156.2600000000093,0.00039949761988078517,0.9577802444675851,0.7837271097834205,0.8699934324984127,2.24203172991668,1.7085072522445053,0.30000000000000004,1378.1400000001304,-0.0018446538334287753,0.7747150985908763,0.8005,767
182,3.8962785204991093,0.13618378446446971,-0.7806852153016117,0.4790341219272362,1.284,1155.4199999999255,0.00039967915864946884,0.9578029647644849,0.7832721103653989,0.8703347871446511,2.257099585519943,1.7118295024375731,0.30000000000000004,1380.0,-0.0018418553532139387,0.7745844224967456,0.8005,766
183,3.896317647058824,0.13631309728400312,-0.7818727511919161,0.4770043166258637,1.284,1155.3599999998696,0.0003999947659288317,0.9580437086800948,0.7837129753914988,0.8705162197320555,2.242172647555245,1.7085958575408815,0.30000000000000004,1380.6599999999162,-0.001843346736552372,0.7744643818440591,0.8005,765
184,3.896299197860963,0.13631195963061735,-0.7800365185377363,0.4768894126004778,1.284,1155.5400000000373,0.0004000306879450254,0.9572972968933235,0.7848269058295965,0.8705871632778455,2.2335950859495144,1.7066104423133703,0.30000000000000004,1377.3000000000466,-0.0018477158886223398,0.775200493683784,0.8005,764
185,3.8549946628051304,0.15559586185788252,-0.8894107362958645,0.5199217648822466,1.3820000000000001,2488.320000000065,0.00021204140945285717,0.975491063295825,0.5192862042088854,0.4581776263014433,0.882782785636167,1.3320653528332518,0.18900000000000006,1314.0600000000559,-0.0010798184049832752,0.8494520566699812,0.9945,763
186,3.8587864710093056,0.14790975878477186,-0.6694307851110337,0.5202740835555776,1.591,1431.3600000001024,0.00035003452230158077,0.9746707493737504,0.7762928623452295,0.8652470991668537,2.406515857971642,1.7452918376054165,0.30200000000000005,1404.8999999999069,-0.0017926235236783489,0.7722018725112259,0.8005,762
187,3.8964223206377326,0.13618460392173226,-0.7803192914404238,0.48061676483125465,1.284,1155.6599999999162,0.0003996312572813946,0.9576459038944074,0.7830452662721893,0.8703027302536605,2.257144465661728,1.7122230496313693,0.30100000000000016,1384.4399999999441,-0.0018368380428879498,0.7740694667511893,0.8005,761
188,3.896483687943262,0.13635021365205846,-0.7807712807322784,0.47695659307936367,1.2830000000000001,1155.4799999999814,0.00040008482009422136,0.9576181109684614,0.7867146884272996,0.873755088804045,2.243403765109738,1.7089065003902135,0.30200000000000005,1380.780000000028,-0.0018491021055295558,0.7756608543759334,0.8005,760
189,3.8963834219858158,0.13626725652054938,-0.7819221409342627,0.4756059096494198,1.2830000000000001,1154.6999999999534,0.00040013904236255664,0.9578323211285318,0.7844985915492958,0.8706428322286188,2.239771220046933,1.7083424161771057,0.30099999999999993,1382.1000000000931,-0.0018403852065713466,0.7751522379473945,0.7895,759
190,3.857083291562239,0.1549033004801706,-0.8984792279144282,0.5123950198962984,1.363,2452.9199999999255,0.0002143304491927958,0.9749141973831413,0.5192077821011674,0.45781326596880545,0.8869869204335954,1.3335441889235158,0.18999999999999995,1315.5600000000559,-0.0010774268185868227,0.849690670199553,0.994,758
191,3.859339656406586,0.14795453055265542,-0.6702797276545116,0.5193260621856067,1.589,1430.3400000000838,0.0003504262792711392,0.9745318609402767,0.7725820549927639,0.8617485588910949,2.4326330548652226,1.7511523745435198,0.30400000000000005,1414.8600000001024,-0.0017711142535554315,0.7712409803245678,0.778,757
192,3.9020464646464643,0.1343026377968778,-0.80877678871716,0.4733513919184488,1.239,1114.8000000000466,0.00040877335395746536,0.9589949849133603,0.7824714601769911,0.8706412309456265,2.2529549111160057,1.7118650966253053,0.30200000000000005,1388.8200000000652,-0.0018306434039246549,0.7735208545144188,0.767,756
193,3.9048837231057063,0.13369875992404204,-0.8231060780380668,0.46531590133358913,1.2160000000000002,1094.8200000000652,0.0004147053120491857,0.9594958155674346,0.7870126666666667,0.8742305587511011,2.231681730609896,1.7069705060410765,0.30200000000000005,1382.4000000001397,-0.0018485746998556656,0.7754940842137041,0.756,755
194,3.9072579599618686,0.13300929527594582,-0.8402208823839175,0.4590379306326643,1.1940000000000002,1074.9599999999627,0.00042023384664154046,0.9605382191141268,0.7877544041450777,0.876286741566597,2.215684953671765,1.7045952761557703,0.30200000000000005,1381.9199999999255,-0.0018531399814129157,0.7760664889309327,0.7115,754
195,3.9177279547790342,0.13036367270107566,-0.8952379653645033,0.4233534779775531,1.108,996.8400000000838,0.0004452774944990488,0.957372611732182,0.7934195359281436,0.8810919764680295,2.1266837348074583,1.6845225475673382,0.3019999999999998,1368.1799999999348,-0.0018867627917226887,0.777103193142644,0.689,753
196,3.8816384243595943,0.15038323306432091,-1.0299632204683402,0.40925640581497735,1.177,2120.100000000093,0.0002423476761450734,0.9710939909462146,0.5234862589356631,0.46018430253444037,0.8680829186952894,1.3272219961383165,0.18799999999999994,1289.4600000001956,-0.0011062893622794433,0.8524589737565166,0.994,752
197,3.859221146953405,0.1479482336233049,-0.6700518338397021,0.5201206008175338,1.588,1428.8400000000838,0.00035070059394471997,0.9747915199895801,0.7775977405247814,0.8633522464984461,2.368549265965873,1.7358482716490535,0.30299999999999994,1405.5,-0.0017893968077833857,0.7734526234737079,0.667,751
198,3.929343652561247,0.12783067861652983,-0.9610365177269542,0.37488128015640876,1.022,919.6799999999348,0.0004744986177073487,0.9589506235102696,0.7972681027966741,0.8831017598873534,2.0523181891964013,1.6687788372397703,0.29900000000000015,1354.3799999998882,-0.001913231244848276,0.7792030162847096,0.645,750
199,3.9358889277389273,0.1263680878804252,-0.9914999136112685,0.33858426886829324,0.976,878.3400000000838,0.0004922113474180585,0.9574875762436849,0.8011047908745247,0.886446457299547,2.0114339213263417,1.6602875575886433,0.29900000000000004,1346.0399999998044,-0.0019343659422410688,0.7805340283589657,0.6225,749
200,3.942633902439024,0.12482205491734137,-1.0209108656259642,0.3047738499713156,0.932,839.1000000000931,0.0005098622202748752,0.9631706649577044,0.8020603514132926,0.886673074874051,1.9708653632123472,1.6518500429775802,0.29900000000000004,1340.6400000001304,-0.0019435733785723823,0.7803660510015082,0.6005,748
201,3.9498581514762523,0.1226979148065032,-1.056145077688856,0.2691242587855875,0.886,797.6999999999534,0.000528196689675468,0.9746172942274707,0.8035096183206107,0.8903169931778997,1.9873545692975787,1.6571567918228467,0.29900000000000004,1340.8799999998882,-0.0019492685247265021,0.7809271646905047,0.556,747
202,3.9259120099564404,0.13911002234809888,-1.1559726211871364,0.19885387553758477,0.915,1645.9199999999255,0.00029164885306138795,0.9833127954684765,0.52342071197411,0.4604257032028697,0.863428891668804,1.3268551219794658,0.18400000000000005,1264.8599999998696,-0.001128128605968727,0.8526056296208668,0.9935,746
203,3.8600429289303664,0.14770511924307364,-0.6693390150419511,0.5188548782001401,1.585,1426.5600000000559,0.0003507469115460897,0.9746919393610003,0.7719834293948126,0.8608138589295696,2.4261619388218794,1.7506186433349666,0.30499999999999994,1421.7600000000093,-0.0017600198724442011,0.7706084133263783,0.5115,745
204,3.9828859424920124,0.11314104921764817,-1.0753141826071502,0.07442368369401983,0.712,640.9199999999255,0.0006089150818559028,0.982163573657433,0.8020891271056663,0.889578204972961,1.9778543427058732,1.6572083627946637,0.29799999999999993,1337.160000000149,-0.0019520282465853177,0.78023178341644,0.456,744
205,4.007870454545454,0.10401275336971959,-0.9677887559993215,-0.08456105730747654,0.6,540.3600000001024,0.0006632001212125983,0.9714117638244816,0.807712277992278,0.8949928135217767,1.919924453359302,1.64513900012791,0.29700000000000004,1324.9799999999814,-0.001984906624644651,0.7818942886887965,0.378,743
206,4.047281265822784,0.0864298424645353,-0.6974981000920648,-0.30314911088307983,0.449,404.39999999990687,0.0007308934458281148,0.9570647160014388,0.8233160828025478,0.9123641603262976,1.7974268797960047,1.6195960195177297,0.294,1285.7399999999907,-0.002090302355347767,0.7862765461527265,0.2225,742
207,4.12478125,0.04650432864843833,0.004015199210731346,-0.7669453529610073,0.163,146.45999999996275,0.0010504955259276316,0.9265846120611018,0.8632202543142599,0.9459452020926566,1.4332820368783974,1.5324238764374798,0.269,1126.8000000000466,-0.002498862006737647,0.7986174492472073,0.0555,741
208,4.171872727272728,0.013638467370192083,0.5683878892055221,-0.9223547867170918,0.012,21.600000000093132,0.0019631727925986477,0.7901391298234507,0.49931591895803173,0.43799852270429757,1.1593012765688258,1.3847407787494794,0.098,706.5,-0.0019095638502623238,0.8390261354094211,0.996,740
209,3.8600873472322075,0.14743473848850408,-0.6691045936159399,0.5187676781755041,1.584,1425.8400000000838,0.0003503417146543898,0.9744014770527777,0.7725178339350179,0.86253784632116,2.4656569696563055,1.7601938332048532,0.30600000000000005,1425.5400000000373,-0.0017566360606549494,0.7713017583192094,0.0555,739
210,0.0,0.0,0.0,0.0,0.0,0.0,0.0,0.0,0.5799526019690577,0.6062233837952159,5.1559755381245775,2.09906669963228,0.11699999999999999,731.8200000000652,-0.002371412579788662,0.703831098660165,0.2225,738
211,4.125,0.046449977669875325,0.030006520381142376,-0.7773244881259893,0.161,145.3200000000652,0.0010573801521372736,0.9264709815695831,0.868237338262477,0.9466806382579519,1.4031607265533186,1.5225942582415366,0.269,1113.3000000000466,-0.002537778474904807,0.8013019613105369,0.378,737
212,4.047662915601022,0.08566369952373559,-0.7571276573975929,-0.283851155160576,0.446,401.69999999995343,0.0007299068320764275,0.9725994485435802,0.8295786234817815,0.9137842699755943,1.7492533033493052,1.6067432075531711,0.292,1271.4000000001397,-0.00212244363835383,0.7898150777763058,0.456,736
213,4.008389694656489,0.10393233775153583,-0.9679419330300623,-0.08849871755316016,0.599,538.9799999999814,0.0006643244109630362,0.9706335925106266,0.8133356697819314,0.9009232669823329,1.9013334806182156,1.6411579178534141,0.29800000000000004,1321.9799999999814,-0.002004300079952749,0.7845543765473965,0.5115,735
214,3.9442738707435723,0.13274277037153834,-1.145782864239691,0.11301100682062426,0.823,1482.1799999999348,0.0003095329988961287,0.9796116106471331,0.5228696847210994,0.46039344751583444,0.8623760515636687,1.327418070685641,0.18500000000000005,1273.8000000000466,-0.0011204966988805516,0.8517344167787678,0.9915,734
215,3.861059725234997,0.14702512088015146,-0.6683827529216342,0.5168154090562814,1.583,1424.3400000000838,0.00034970881186603925,0.9739623036432667,0.766687034383954,0.8575216507148233,2.515757568671212,1.7717483832560523,0.30600000000000005,1437.2399999999907,-0.00172979799804988,0.768707067534141,0.556,733
216,3.9662502152080346,0.11778363127637483,-1.0782254542386198,0.1796510623595113,0.797,717.4199999999255,0.000565401057830468,0.9784064131375206,0.7979515495086924,0.889794345098394,2.0441781871685256,1.673073753702731,0.30100000000000016,1362.2399999999907,-0.0019126895214467816,0.7777560486688774,0.6005,732
217,3.9515344559585492,0.1218972223597781,-1.0491055005033503,0.2705727652937467,0.882,794.5200000000186,0.0005266815672119157,0.9738219905406557,0.8000281818181818,0.8876030368453917,2.0217802249237167,1.6659799864423346,0.30199999999999994,1359.6000000000931,-0.0019145990337566287,0.7794802285607324,0.6225,731
218,3.9445305795314423,0.12387099542742946,-1.0125422423951251,0.3031248321270839,0.928,835.0800000000745,0.0005082543031236454,0.9610293487037814,0.7956793388429751,0.8842615784960774,2.048327808753629,1.671926400105126,0.30200000000000016,1370.280000000028,-0.001890739605375014,0.777657628178962,0.645,730
219,3.9377122641509437,0.12511109298264278,-0.982377480526702,0.339560482332146,0.97,873.0,0.0004900657826449101,0.9594270875224867,0.7957994029850747,0.8855068500797183,2.084226899351348,1.6791568053455812,0.30500000000000005,1380.1200000001118,-0.0018788947339329499,0.7773709428798973,0.667,729
220,3.8889219796954313,0.1484187637235625,-1.056586714479793,0.38129981709093536,1.127,2030.0400000000373,0.00025016693575951747,0.972431920729881,0.5214240712074303,0.4603531347525707,0.8828458232854617,1.3333208531525553,0.19300000000000006,1329.4799999999814,-0.0010718607884055787,0.8508607085839355,0.9895,728
221,3.8620504706734256,0.14673105203747663,-0.6686372767832323,0.5140888163457765,1.58,1422.3000000000466,0.0003495481782377422,0.9734520045242775,0.7647897727272728,0.8563021550860803,2.567530726241529,1.7844351932621088,0.30699999999999994,1449.4799999999814,-0.0017097419282298754,0.7685299994266169,0.689,727
222,3.9261149189189184,0.12729429035613324,-0.9245782223043277,0.4087949042716525,1.058,952.1399999998976,0.00045557789173129057,0.9636758207864743,0.7901214918759232,0.877917166290838,2.163394370444463,1.6945050512239475,0.30499999999999994,1394.280000000028,-0.0018412658043217615,0.7766883540557233,0.7115,726
223,3.920541787941788,0.12890462195361302,-0.881359200653157,0.42043391900682336,1.101,990.6000000000931,0.0004427897463331515,0.9506261508554879,0.7865819648093842,0.8751795044787515,2.2137094042111602,1.7061561346605865,0.30600000000000005,1404.4199999999255,-0.001819845607277472,0.7752834909344067,0.756,725
224,3.9100042389210015,0.13156931873704572,-0.815349798029084,0.4503955071596988,1.188,1068.8999999999069,0.0004178721023322133,0.9457615017261048,0.7798170166545981,0.8704280339147611,2.328188651227218,1.7313135528217858,0.30699999999999994,1421.6999999999534,-0.001783021515017211,0.77304827527688,0.767,724
225,3.9081006622516554,0.13231018038982595,-0.8127307637269459,0.46157060432178987,1.209,1088.6999999999534,0.0004124501582510468,0.9576864388929719,0.7764281294964028,0.8683236264172954,2.369778106123144,1.7410162145154928,0.30899999999999994,1430.8799999998882,-0.0017651042963462878,0.7717978197242292,0.778,723
226,3.8608953238953236,0.15338146834673969,-0.8979635460911162,0.5050606179633002,1.334,2401.3199999998324,0.00021691110042006817,0.9736230730977846,0.5180878923766817,0.4567761578414184,0.905985401782015,1.339451296638019,0.19799999999999995,1378.0200000000186,-0.0010262845739931773,0.8490041378370208,0.986,722
227,3.8638653846153845,0.1461996445381079,-0.6703583413927525,0.5108273458608137,1.577,1419.2399999999907,0.0003490956220769205,0.9730086060860657,0.7563585128561501,0.8534844780050552,2.726214762892025,1.8215773410402625,0.31100000000000017,1481.8200000000652,-0.0016582444297497114,0.7646392914558476,0.7895,721
228,3.903907305936073,0.13310159952707526,-0.7790399180417462,0.4739125854355955,1.252,1127.5800000000745,0.000400162241150528,0.9551762830227309,0.767996524822695,0.8622564886155787,2.505039665083637,1.7720343905293485,0.31000000000000005,1451.6399999998976,-0.0017202510112484014,0.7685423234319847,0.8005,720
229,3.901603144654088,0.13376299445715703,-0.7642242094262253,0.47289371034217614,1.274,1146.0600000000559,0.00039561548685556843,0.9550429968012494,0.767703886925795,0.8628290899174614,2.5301472860880523,1.7772950440073145,0.31000000000000005,1456.7399999999907,-0.001714419184043027,0.7683838040426137,0.8005,719
230,3.9018748201438846,0.13360052797640878,-0.7614190336979898,0.4725937918559827,1.2730000000000001,1145.219999999972,0.00039538608636261965,0.9547116039598594,0.7640239298245615,0.860188513019777,2.5775236218508955,1.7881341092135736,0.31099999999999994,1466.6999999999534,-0.0016948431241698683,0.7668557413228638,0.8005,718
231,3.857302257525084,0.15369332681264175,-0.8649740438184033,0.5238684175120718,1.369,2464.1399999998976,0.00021152905725013154,0.9740105226784178,0.5150439042089986,0.45639823250436906,0.9413979608564418,1.3503563543234605,0.20300000000000007,1418.4599999999627,-0.0009937622976031299,0.8467401749666643,0.9835,717
232,3.8662581090909094,0.14553707483220862,-0.6712909045024826,0.5099988772695523,1.5739999999999998,1416.2399999999907,0.0003482465976155712,0.9725747849807115,0.7439237414965987,0.8448837597498575,2.899480774584773,1.8615944201084587,0.31200000000000006,1513.7999999998137,-0.0015980114056923496,0.7596881630385567,0.8005,716
233,3.904058288288288,0.13267926736325564,-0.7602994152760623,0.47188003465274336,1.27,1142.9399999999441,0.00039335207967925785,0.9538622586244979,0.7574428077455048,0.853492895282507,2.6830904612922843,1.812549629436942,0.31299999999999994,1488.5400000000373,-0.001652264661853554,0.7648633451355761,0.8005,715
234,3.9040818181818184,0.13299559199065017,-0.7573520972932024,0.469838031917942,1.2710000000000001,1143.9599999999627,0.00039394910022094113,0.9534779689280862,0.753807845836201,0.8518876923267816,2.728072230486906,1.8237782051198566,0.31299999999999994,1496.160000000149,-0.0016375674871479176,0.763070141226361,0.8005,714
235,3.9043397655545538,0.13292869779342947,-0.7605340412757604,0.4670277884672169,1.2690000000000001,1141.9199999999255,0.0003945926959682964,0.9541966839027121,0.7530755464480875,0.8511548066661214,2.7641082614099783,1.8311371807821026,0.31499999999999995,1506.839999999851,-0.0016233391887346853,0.7634697471971983,0.8005,713
236,3.904858881875563,0.13276310260184146,-0.7568331156270713,0.46639411136542014,1.2690000000000001,1141.6799999999348,0.00039413045572146823,0.953332697896019,0.7505831177671884,0.8505818386801195,2.779802047045023,1.836221147328723,0.31499999999999995,1512.1200000001118,-0.001614682090393536,0.7621386901038616,0.8005,712
237,3.858454534005038,0.1529003846063884,-0.8564531902805976,0.5228903540299711,1.364,2454.2399999999907,0.0002112892758315853,0.9735944286011528,0.5129948771929824,0.45532921853977454,0.9853260741470384,1.3626635644308611,0.20900000000000007,1467.059999999823,-0.000957228943662706,0.8453937067728267,0.979,711
238,3.869800364963504,0.14443787978737016,-0.6791726691164897,0.4977080461406471,1.5670000000000002,1410.6599999999162,0.0003471425018460384,0.9714508667204798,0.726711009174312,0.8351777557080519,3.2464254653408027,1.9414937648729418,0.31700000000000017,1571.3999999999069,-0.001503244417937204,0.7532297298791265,0.8005,710
239,3.9059382671480143,0.13187894834539504,-0.7543396059294629,0.47014066737900856,1.268,1140.9599999999627,0.00039162019109028457,0.9528241535183695,0.7427607790463397,0.8459110159396805,2.906580547547545,1.8645724359799927,0.31600000000000006,1532.5800000000745,-0.0015779818912876435,0.7583621791033781,0.8005,709
240,3.906475631768953,0.13217967173755724,-0.7583841512468004,0.4654129689934181,1.268,1140.9599999999627,0.0003925532815626018,0.9530426116239131,0.7453649158249158,0.8471336044182042,2.899276066513856,1.862368749102785,0.31600000000000006,1529.160000000149,-0.001585379169604319,0.7600055052871444,0.8005,708
241,3.906815627822945,0.13185497924314563,-0.7536210315518952,0.4647182152588215,1.2670000000000001,1140.0600000000559,0.0003920040322483544,0.9530137302418293,0.742718084393838,0.8463992565306148,2.9370460363761186,1.8717024288607143,0.31699999999999995,1536.8999999999069,-0.0015731656477083792,0.758694525536803,0.7895,707
242,3.8615302047781577,0.15206583847924257,-0.8652832423940948,0.5159462690778376,1.342,2414.820000000065,0.0002136427700682205,0.9726602067108637,0.5118033816425122,0.4544582781552785,0.9887965724890155,1.3638808904282536,0.21199999999999997,1491.5400000000373,-0.000939671262726836,0.8445645001765559,0.9775,706
243,3.8711192982456137,0.14436403421533983,-0.6852423061119519,0.49413838099865115,1.5650000000000002,1408.8000000000466,0.00034750290823372295,0.9709606871938021,0.7228471047495121,0.8319810875761453,3.334618839624582,1.9605974485615194,0.31800000000000006,1582.9799999999814,-0.0014823494284706615,0.751704180023993,0.778,705
244,3.9127059869036485,0.1297053533618223,-0.7774813671480194,0.4633201295364999,1.223,1100.7600000000093,0.00039946478797543196,0.9527975887641388,0.7479110961667788,0.8501164578865998,2.8729167929583364,1.8570436289145247,0.31699999999999995,1531.559999999823,-0.0015892513352138427,0.7606461253925787,0.767,704
245,3.915507435653003,0.1291029791270034,-0.7968554633509513,0.454245387715728,1.2000000000000002,1079.8799999998882,0.00040552789196409285,0.9542291823443195,0.7463319463087249,0.8486281051709684,2.8526715663328197,1.8522959962592194,0.31799999999999984,1533.719999999972,-0.001584455546580243,0.7598275941015319,0.756,703
246,3.9178525242718445,0.1284863684935705,-0.7895716871280505,0.44225517949366056,1.178,1060.4399999999441,0.00041105890942258846,0.9381647139840181,0.748970524899058,0.8508675858592729,2.7986342068631362,1.8404138733168547,0.31800000000000006,1530.059999999823,-0.0015947771473705107,0.7604890429301847,0.7115,702
247,3.928346218487395,0.12532853451218598,-0.8659529675365842,0.4224579702208741,1.088,979.7399999999907,0.000434994152500623,0.9577504949637302,0.7607719047619048,0.8619128521039497,2.6336454614765925,1.8042388652658752,0.31999999999999984,1514.220000000205,-0.0016402618584331538,0.7643542593186968,0.689,701
248,3.885915700842001,0.1475106109843118,-1.0002040683692925,0.4136209185130991,1.155,2079.5400000000373,0.00024216392059876315,0.9670807868437485,0.516235277582572,0.45765793470259913,0.9388335899121185,1.3520548528128233,0.20999999999999996,1464.719999999972,-0.000964806958649788,0.8476954681748321,0.9765,700
249,3.871439970717423,0.1438269747471161,-0.6768510728774073,0.4973111576163952,1.5630000000000002,1406.6999999999534,0.00034663266888211103,0.9701449821245115,0.7227444589308997,0.8306690199137219,3.3122339663796936,1.955214023313891,0.31600000000000006,1579.7399999999907,-0.0014848510106795377,0.7515959698687084,0.667,699
250,3.939149885844749,0.12244506261988253,-0.9310688775528067,0.38061329566341334,1.002,901.8000000000466,0.00046316358934154464,0.9618884284408279,0.7669198347107439,0.8676841059696894,2.4792802539534486,1.7712385148000869,0.31800000000000006,1494.2399999999907,-0.0016785837579660757,0.7663560564378453,0.645,698
251,3.9453028742514973,0.1212972905779882,-0.9354589982274462,0.3308015587721942,0.955,859.7399999999907,0.0004820805002314123,0.9396572524116055,0.7685088154269972,0.8691767979356784,2.4405436958375066,1.7635137602577102,0.31900000000000006,1495.1400000001304,-0.001681870193273965,0.76627399804917,0.6225,697
252,3.952587044025157,0.11942273345213916,-0.9675325833716282,0.29401982613625116,0.909,818.1599999999162,0.0004996134489560367,0.9498222422597706,0.771016643741403,0.8713327726377301,2.403972176022622,1.7567026938338193,0.32000000000000006,1497.1799999999348,-0.0016848656120716464,0.767346566282419,0.6005,696
253,3.960157407407407,0.11754017201694436,-0.9939224432514027,0.2535422170830216,0.865,778.0200000000186,0.0005180921826061948,0.9547646737554235,0.7737022696011003,0.8758568878526759,2.3784422477446565,1.7523003282965814,0.32200000000000006,1497.719999999972,-0.0016937263824211102,0.7675309767379209,0.556,695
254,3.929808028259474,0.1367246589728359,-1.139093963612216,0.20061460188217153,0.891,1603.6799999999348,0.0002939818491706304,0.9689181597883981,0.5162588612099643,0.45880148119513564,0.9478052742245033,1.3568176877806213,0.20700000000000007,1446.9000000001397,-0.0009786453998493728,0.8471531552563166,0.975,694
255,3.8732553269654666,0.14342132487647422,-0.6829215627170826,0.4903437777086867,1.5570000000000002,1401.3000000000466,0.0003471263782572182,0.9704671934544804,0.7116184595798855,0.8252701960337442,3.5074001933404784,2.000197521778598,0.31899999999999995,1617.719999999972,-0.0014295423917405606,0.746298363062822,0.5115,693
256,3.9921745033112583,0.10857402154664318,-1.0077357041746382,0.04354240570269987,0.691,621.4799999999814,0.00060180939293554,0.9632599193755884,0.7805646527777778,0.8834936448441914,2.264899699270307,1.730186730984623,0.32199999999999995,1482.719999999972,-0.001728364683049954,0.7692109091882368,0.456,692
257,4.017697017892645,0.09917583167636598,-0.9406511285887977,-0.11303619702226984,0.574,517.3200000000652,0.0006600016402683232,0.9768748935243801,0.7921465165376496,0.8934900341883186,2.1272668566035975,1.7007138159462796,0.32200000000000006,1462.9199999999255,-0.0017777922735249879,0.7733676514100646,0.378,691
258,4.055651621621621,0.08356548515395773,-0.5744122633913036,-0.3957220662431781,0.423,380.28000000002794,0.0007481859022626374,0.9484637054064307,0.809840579710145,0.9100977422456132,1.921282752308585,1.656391899004011,0.32,1421.1599999999162,-0.0018746254676833263,0.778743795065492,0.2225,690
259,4.129805309734514,0.04636722564928954,0.18667125225446712,-0.8864069607558189,0.128,115.32000000006519,0.0013152105957354241,0.9127766036193662,0.8589285140562248,0.9482985657678811,1.455765851310975,1.5420988020000315,0.30500000000000005,1281.4799999999814,-0.002198806260190988,0.7951289145956602,0.0555,689
260,4.17465625,0.011736550813590903,-0.39377621517227723,-0.6203935529963073,0.009,15.479999999981374,0.0,0.7087352805422317,0.47235052356020946,0.40986922075894483,1.5358427323045296,1.458058800903394,0.10300000000000001,786.3600000001024,-0.0015984324205475483,0.8238024363087874,0.9785,688
261,3.8735088839941265,0.14354556591848952,-0.684935268737819,0.488172892438305,1.558,1402.380000000121,0.00034714844822637483,0.9700306678681418,0.709990909090909,0.8238998361837518,3.5209907094978945,2.0025023887323234,0.31899999999999995,1620.0600000000559,-0.0014250715517894394,0.7455883628138852,0.0555,687
262,0.0,0.0,0.0,0.0,0.0,0.0,0.0,0.0,0.5309200767263428,0.5382471663230525,5.242511346922594,2.104309466315561,0.118,804.4799999999814,-0.0019189888081512045,0.7051848572748077,0.2225,686
263,4.1295761061946905,0.046343438960686816,0.1713967958900815,-0.8827734068538646,0.128,114.95999999996275,0.0013190026009339483,0.9129736963451979,0.8671659295659296,0.9487686419096286,1.385415549909478,1.521247661887943,0.30200000000000005,1256.280000000028,-0.0022525985588876516,0.7997845035062628,0.378,685
264,4.055392140921409,0.08359043669311284,-0.6066024500611253,-0.3887966123372296,0.421,379.19999999995343,0.0007510675066796479,0.955285153843817,0.8175670821114369,0.9139062133355285,1.8715837765998007,1.6434094781745678,0.319,1404.1800000001676,-0.0019094242833622367,0.7829787834163006,0.456,684
265,4.017524850894632,0.09936372897683994,-0.943638234512894,-0.11219765510645208,0.574,517.3799999998882,0.0006612381909253515,0.9769211569410602,0.7940285410764872,0.8942743946580551,2.088776859022909,1.6920302730430914,0.32100000000000006,1453.8000000000466,-0.0017928172442577216,0.7745415982707674,0.5115,683
266,3.947935352815395,0.13090970493546789,-1.1371000168505245,0.11190338089918893,0.802,1444.5600000000559,0.0003131026167543119,0.9712879591514761,0.51933124550036,0.46102943985396894,0.9335675515165849,1.352939739319401,0.20600000000000007,1429.8600000001024,-0.0009952630272389625,0.849290471245958,0.9745,682
267,3.8737822924320353,0.14363069244145374,-0.6859552967592832,0.48737692650924697,1.5570000000000002,1401.3599999998696,0.00034766788240046494,0.9700918172860005,0.709256989247312,0.8246652804205976,3.5732192623600714,2.0131331397226626,0.32099999999999995,1627.6799999999348,-0.0014172124013242479,0.7450032891001573,0.556,681
268,3.9755388807069223,0.11306542271399597,-1.0393814013795464,0.1692890293074392,0.776,698.6399999998976,0.0005568566587393501,0.9735910671743389,0.773668428277282,0.8767460294813619,2.34166170472,1.745915700097342,0.32199999999999995,1499.7600000000093,-0.001692743351129915,0.7670633361438388,0.6005,680
269,3.960507294429708,0.11722500214825993,-0.9879077687320588,0.25274703474073984,0.862,776.1599999999162,0.0005178150839350343,0.953304255640047,0.7699385402455662,0.8725791789541808,2.4005431658256295,1.7577866027982652,0.32300000000000006,1509.4199999999255,-0.0016722076476744984,0.7660123088164275,0.6225,679
270,3.9541436868686874,0.11866058133655051,-0.981650266710508,0.30380444733456485,0.906,815.3400000000838,0.0004981739183205136,0.9661226017135037,0.7673326779661016,0.8708213054667988,2.46080858840413,1.7702393162751318,0.32400000000000007,1518.4799999999814,-0.0016567219678538794,0.7653306059876751,0.645,678
271,3.947589771359808,0.12035345447340762,-0.9350962702286978,0.32951268353616736,0.951,855.5400000000373,0.00048052645532602775,0.949226195644779,0.76568717083052,0.8693327796697154,2.5118849646851054,1.7813199144450156,0.32400000000000007,1524.9000000001397,-0.0016443909162760686,0.7651362410525696,0.667,677
272,3.8930777547853075,0.14576150751203856,-1.0275091644510992,0.38529415287475083,1.106,1991.219999999972,0.000250321039484682,0.9685924091644363,0.5139706932052162,0.45738806048028574,0.9740227024050938,1.3633440835565651,0.21399999999999997,1499.880000000121,-0.0009399791631895079,0.8458130700835977,0.9725,676
273,3.874226040172166,0.14334868719210422,-0.6853325863588271,0.4907376849429994,1.554,1398.5399999998044,0.0003477412881122348,0.9701189498863266,0.7082451076923078,0.8213927449418501,3.561097089280107,2.0106400840865284,0.32099999999999995,1629.6000000000931,-0.0014113792034152008,0.7453138854581504,0.689,675
274,3.9352720085470088,0.12326006577383873,-0.8919038192623181,0.4006957599930173,1.042,938.1599999999162,0.0004474952870043067,0.9590559443114721,0.755594006514658,0.8587908193642323,2.67768608523353,1.8154671364066284,0.32200000000000006,1539.780000000028,-0.0016035135380286548,0.7620930966115179,0.7115,674
275,3.9297169753086423,0.12448980945024868,-0.8602081737334166,0.41798723816573125,1.0830000000000002,974.6999999999534,0.00043447241558005353,0.9566198989970112,0.7511460090850098,0.8547307049925809,2.739052474378587,1.8294315761346644,0.32200000000000006,1546.7399999999907,-0.0015852278125836475,0.760790620860802,0.756,673
276,3.91912566539924,0.12772313340908395,-0.7983504670900645,0.4451480311878929,1.173,1055.219999999972,0.0004108535475725126,0.9537356983668963,0.745633419188667,0.8514910352072803,2.891491320531509,1.8618458721064175,0.32299999999999995,1559.9399999999441,-0.001559834279252899,0.7587149586395231,0.767,672
277,3.9169023452157594,0.12842014929779713,-0.7827551799119745,0.4535838709945881,1.1940000000000002,1075.2600000000093,0.0004048546411224379,0.9526109079910774,0.7449558558558558,0.849899078419056,2.919933433930426,1.8685667427778438,0.32299999999999995,1562.4599999999627,-0.0015542539585578655,0.7590618441996072,0.778,671
278,3.8649914758269723,0.15083078046424608,-0.8693497154454786,0.5049641150156576,1.314,2366.280000000028,0.0002164316027301928,0.972046767497089,0.5114530451866405,0.4542045682062037,1.0009208353759709,1.368234096994536,0.21799999999999997,1531.5,-0.0009144682081069304,0.8445706627113775,0.9705,670
279,3.874586566091955,0.14310209131855986,-0.6852121143200574,0.48494424402812064,1.552,1396.6799999999348,0.0003475865566852498,0.9696899636911548,0.7062474815724815,0.8202155715708963,3.5851779652524103,2.0153510488361976,0.32099999999999995,1634.0400000000373,-0.0014045101523405329,0.7437801428114454,0.7895,669
280,3.9124003593890384,0.12994629120137682,-0.7594458960542365,0.45508511842143146,1.2400000000000002,1116.4199999999255,0.0003945647749168266,0.9511135108414354,0.7313728589420655,0.8412667090484038,3.1485531534246824,1.9191200161516577,0.3230000000000002,1592.6400000001304,-0.001498689386703635,0.7529592604188222,0.8005,668
281,3.909972831858407,0.13068969447078183,-0.7454034783999095,0.4544662011554458,1.2610000000000001,1134.6000000000931,0.00039031178801532504,0.9513171878111417,0.7292651982378855,0.8376607949726252,3.1698471646204993,1.92340480169704,0.32299999999999995,1593.779999999795,-0.0014898686928981088,0.7529103594111111,0.8005,667
282,3.9108495575221243,0.13050061789447726,-0.7456017241097022,0.4496910114783526,1.26,1134.119999999879,0.00039000727192272695,0.9508829635009393,0.7263812656641605,0.8343389978098588,3.2091786461770893,1.9316272544582958,0.32299999999999995,1601.6999999999534,-0.0014762400228126797,0.7522722299328146,0.8005,666
283,3.8610370462046206,0.15147952513315102,-0.8413951722323318,0.5173093871883108,1.3530000000000002,2434.9799999999814,0.0002110014171970349,0.9731333236801492,0.5126114583333333,0.45552199351811634,0.9841206005618379,1.36205213773792,0.21999999999999997,1552.7399999999907,-0.0009028820982089938,0.8447831161060574,0.9705,665
284,3.8744959741193385,0.14327893080476836,-0.6873875234578151,0.4845655331167264,1.552,1396.2600000000093,0.00034813247054339523,0.9697870177070542,0.7096716748768473,0.8219055885553321,3.5670031131165807,2.008279631779696,0.32200000000000006,1631.0400000000373,-0.001412090449761558,0.7460853770290552,0.8005,664
285,3.9092413427561845,0.13083094722122793,-0.7431522235669776,0.4569729456944683,1.262,1135.9799999999814,0.00039044141821451494,0.9512322710558045,0.7325187974683546,0.8398872475865223,3.1272768843868874,1.9128876966684165,0.32200000000000006,1585.619999999879,-0.001504368108434596,0.7540857716848427,0.8005,663
286,3.909957913351017,0.13084622778090166,-0.7456874916493672,0.4499755207060481,1.2610000000000001,1135.0200000000186,0.0003908679909651931,0.9512269974332798,0.733112349588347,0.8382745905696212,3.0954169495811446,1.9058130624844654,0.3230000000000002,1583.8799999998882,-0.001505424326236341,0.7549408891958106,0.8005,662
287,3.9082567137809185,0.1312071552029809,-0.745501391862156,0.45372654946741053,1.262,1135.4399999999441,0.00039161605008659824,0.9522256510020949,0.741678859705317,0.845310100784735,2.98863325656227,1.8814350154083288,0.3230000000000002,1566.8400000000838,-0.0015388498147964529,0.7581854301887558,0.8005,661
288,3.909655398230089,0.1308458964586984,-0.7451428877946142,0.4504695032749472,1.26,1133.7600000000093,0.00039135301564415675,0.9515203986673203,0.7358806594800253,0.8409136395992349,3.0659630478917297,1.8990763157295227,0.32299999999999995,1582.3199999998324,-0.0015129229821704293,0.7560691631434565,0.8005,660
289,3.860596245874587,0.1515663242486244,-0.8384134049267473,0.518999644837655,1.351,2433.119999999879,0.0002112630574421407,0.9730952961246899,0.5098469598965072,0.45290326550310184,1.0055586709078055,1.369850657801372,0.21999999999999997,1549.8600000001024,-0.0009006996479361429,0.8435403326952433,0.9685,659
290,3.875875432276657,0.14275966930873582,-0.6842814744515455,0.48467315224936114,1.547,1392.3600000001024,0.0003478590864794938,0.9695403718018714,0.7081064871481029,0.822289935819137,3.5769710631343505,2.0135253971031464,0.32299999999999995,1640.8799999998882,-0.0014024288393356522,0.7443952066047562,0.8005,658
291,3.911043982300885,0.13017982195546868,-0.7424512927240534,0.45225050617209417,1.26,1133.8799999998882,0.0003892023448896396,0.9502629517353027,0.7260553894080997,0.8370753570364986,3.2282251500661987,1.9371942870517196,0.32400000000000007,1609.9199999999255,-0.0014714164842853606,0.7509725523619553,0.8005,657
292,3.9111324778761065,0.13005785752790675,-0.7390512129561406,0.45303639423478526,1.2590000000000001,1133.1000000000931,0.00038898096365849554,0.9497213064012909,0.7287266708307308,0.8387352447402411,3.199734980959901,1.9300835891142036,0.32499999999999996,1605.2399999999907,-0.0014801443940084726,0.7524821092444365,0.8005,656
293,3.911651858407079,0.130088386527043,-0.738282446924897,0.4489303655919718,1.26,1133.5200000000186,0.0003890028920768533,0.9502788762289887,0.7317632435817157,0.841128827108089,3.1676707073780044,1.9228802970985732,0.32499999999999996,1602.0600000000559,-0.0014876644825353687,0.7534825043136675,0.7895,655
294,3.8634381370091897,0.1509303889273177,-0.8527460278022208,0.5113991665930383,1.3350000000000002,2402.939999999944,0.00021311596658089255,0.9722937378286787,0.5114252275682705,0.45500228377898566,1.0050482349551357,1.3704373937567311,0.21999999999999997,1548.3000000000466,-0.0009062116434051314,0.8445938952622852,0.9695,654
295,3.8741790915645278,0.14349157859169115,-0.6862190143012015,0.48765312943776634,1.548,1392.719999999972,0.00034927947984839385,0.9701595659659452,0.7158443688118813,0.8260930262118706,3.444875135011202,1.982191351848077,0.32199999999999984,1621.5600000000559,-0.001432743662074066,0.7479262340887685,0.778,653
296,3.9147418348623857,0.12901439471060536,-0.7686556322218672,0.45049715878559915,1.2160000000000002,1094.5800000000745,0.0003996554153692234,0.9520198346897011,0.7411856687898091,0.8450313760104009,2.9570347982555596,1.874810910131662,0.32400000000000007,1574.7600000000093,-0.0015325504353517901,0.7577909604604807,0.767,652
297,3.9173701310861424,0.12799828459627563,-0.7784273063493425,0.4468991563954598,1.1920000000000002,1073.1599999999162,0.00040486162872303876,0.9526003468469774,0.7408780038143673,0.8457810534234669,2.9353391378364195,1.870824691482606,0.32499999999999996,1577.8799999998882,-0.0015311695507286705,0.7572009849738852,0.756,651
298,3.920047809523809,0.12724969433837782,-0.7928490863470108,0.4401729015711448,1.1700000000000002,1053.0,0.00041012812273345003,0.9532771282827464,0.7454842811501599,0.8488853906091143,2.854305278166569,1.8527820639787358,0.32499999999999996,1570.5600000000559,-0.0015477909246773161,0.7588843917617735,0.7115,650
299,3.930036560247168,0.12433838818069179,-0.8516450392689143,0.41397028075907266,1.082,974.5800000000745,0.00043410658805011405,0.9568220014862487,0.7578966904607397,0.8611981372517726,2.6513521676422203,1.8089660801189904,0.32499999999999996,1545.4800000002142,-0.001603196595115847,0.7628269560041671,0.689,649
300,3.8872199902723734,0.14666255857175192,-0.9877973280504948,0.4119663238368589,1.147,2064.600000000093,0.00024240601714081573,0.9657955462694323,0.5150500330469266,0.4575983605214478,0.9687591749417828,1.3622255335876117,0.21699999999999986,1518.2399999999907,-0.0009293756965779253,0.8465205424636967,0.9675,648
301,3.8762852173913047,0.14247575578001634,-0.6852496039820011,0.4797649455366839,1.54,1386.2399999999907,0.0003487804595749911,0.9694841643609099,0.7065790048543689,0.8207101633416302,3.588794800967726,2.0161787740019608,0.32499999999999996,1654.380000000121,-0.0013882728563692618,0.7439064118938533,0.667,647
302,3.9430564044943823,0.12091815864219899,-0.8811973737483547,0.3567901093567567,0.994,894.1799999999348,0.0004612747749866155,0.9351657153231047,0.7556993593850098,0.861685172414243,2.6822171128258834,1.8171012831017115,0.32899999999999996,1567.2600000000093,-0.001580201746695615,0.760982928675708,0.645,646
303,3.949756080283353,0.11877586539851487,-0.9366208332115042,0.33663503676294776,0.944,849.7199999999721,0.00047753950452105115,0.961907020713268,0.7605545629820053,0.8674245242137564,2.5864344547391864,1.7984108334101183,0.33000000000000007,1561.3199999998324,-0.0015992131899578343,0.762151400742083,0.6225,645
304,3.9565622524752477,0.11748651312668737,-0.9443079669199084,0.28714381433984726,0.901,811.3199999998324,0.0004957298247918294,0.9482194262225812,0.7646106011635423,0.8710737761429398,2.5113328326105258,1.782810099722148,0.32900000000000007,1551.7800000002608,-0.0016186680352922038,0.7636718740979069,0.6005,644
305,3.9627919270833334,0.11584471561329551,-0.9648312926959073,0.24686933208902978,0.857,771.2400000002235,0.0005145648247559942,0.9459935249945852,0.7699231874591769,0.8758661032308463,2.420830266042569,1.764538985664118,0.32800000000000007,1539.5400000000373,-0.0016434254228550164,0.7651375373547089,0.556,643
306,3.930401572327044,0.13630902394967387,-1.1387702244023594,0.20734633844530306,0.887,1596.3599999998696,0.000294379111983606,0.9786826029211586,0.5157553825321598,0.4602306061455888,0.9840981882650182,1.368257333338158,0.21200000000000008,1482.660000000149,-0.0009564352021965109,0.8463008897654444,0.9685,642
307,3.874966522053507,0.14278737727305388,-0.6807123034854534,0.48690036174240925,1.54,1386.7800000002608,0.0003493271072516945,0.9699958015491426,0.720123671199011,0.830398192032283,3.383418053751777,1.969384760663108,0.32399999999999984,1623.2399999997579,-0.0014414528948888772,0.7496473558948099,0.5115,641
308,3.9933569786535306,0.107830084666931,-1.02284152548947,0.052981929690191575,0.685,617.2799999997951,0.0006022019695980722,0.976038920347239,0.7804555104800542,0.8842447275549845,2.2513087487903505,1.7287098212718504,0.32500000000000007,1498.9799999999814,-0.0017108277903904112,0.7691679769202558,0.456,640
309,4.017937328094304,0.09960447281846982,-0.893098679344805,-0.13666744882998708,0.572,515.0400000000373,0.0006653168348854496,0.9591079202211543,0.7877416098226467,0.8912844409332485,2.1524535516796037,1.7084160449367098,0.32500000000000007,1486.2600000002421,-0.0017424860020403556,0.7714485934561921,0.378,639
310,4.05668409703504,0.08307247594676406,-0.6596134282479262,-0.3747310578461064,0.416,375.23999999975786,0.000754378359188855,0.9674619606897303,0.806822533240028,0.9086955087305844,1.950439478290848,1.6640432709490076,0.325,1448.1000000000931,-0.001834395412248477,0.7774041413184954,0.2225,638
311,4.131432110091742,0.044926820911043275,-0.18710597918470429,-0.7885267895157272,0.121,109.62000000011176,0.0013495974950159452,0.9389425088612502,0.851900848765432,0.9416497662082497,1.5059593122749044,1.5545467977006826,0.311,1314.4200000003912,-0.0021259339399941142,0.7933147825433177,0.0555,637
312,4.174626666666667,0.011415244610774233,-0.3031715789534122,-0.651523009120101,0.008,14.160000000149012,0.0,0.6922378005816023,0.46549220125786156,0.40534213538062097,1.6829251669924474,1.4914696872136186,0.10400000000000001,804.4200000003912,-0.0015386593805085493,0.8192850233136044,0.9715,636
313,3.875797220190197,0.14266561229756006,-0.6794342525162538,0.485044840157926,1.54,1386.6599999996834,0.0003490244569863076,0.9691242729816729,0.720748303516348,0.8315038866036255,3.3918542663493803,1.9719555418498094,0.32600000000000007,1627.3799999998882,-0.0014387373851210323,0.749925262096301,0.0555,635
314,0.0,0.0,0.0,0.0,0.0,0.0,0.0,0.0,0.5216401226993865,0.5248728478501287,5.301778083158798,2.1117301408620803,0.119,817.4399999999441,-0.0018409361244074885,0.7052121073054561,0.2225,634
315,4.130776363636364,0.04495424570426057,-0.17087124637024598,-0.7927641892213056,0.121,109.62000000011176,0.0013502673747078158,0.9392055996032291,0.8602802180685358,0.9443370275509128,1.4423436698950844,1.5365788909610576,0.307,1288.1399999996647,-0.0021831928257167467,0.7975533910565165,0.378,633
316,4.056940106951871,0.08301481825143202,-0.6640347314941693,-0.3755063157306273,0.415,373.79999999981374,0.0007574632600685201,0.967766800987185,0.8112829030006979,0.9100409857594095,1.919689180766576,1.656137883848649,0.324,1438.0800000000745,-0.001853611117582894,0.7803798952083132,0.456,632
317,4.018069667318983,0.09921896818024188,-0.9397974883834346,-0.11486065171553576,0.569,512.7000000001863,0.000666417578095303,0.976020850095807,0.7911979716024341,0.8934719476064247,2.122955484509264,1.7018389978298865,0.32600000000000007,1484.6999999997206,-0.0017503230352691264,0.7731960878344755,0.5115,631
318,3.9479882763433363,0.13087249499516226,-1.1437602119302648,0.11843755794510098,0.799,1438.3199999998324,0.0003142459476961496,0.9823938229102761,0.5176290521978022,0.46097012750012983,0.9607636685397756,1.3614602916783054,0.20999999999999996,1461.660000000149,-0.0009726629881911401,0.8479497570879166,0.968,630
319,3.8759672714078377,0.14267608370448584,-0.6854500046192786,0.48334369395687166,1.5390000000000001,1384.7399999997579,0.0003494113120707576,0.9697478403779267,0.7171208230958231,0.8282740192369307,3.436852892723005,1.9815606634530727,0.32499999999999996,1633.0200000000186,-0.001426846276344814,0.7485513135836981,0.556,629
320,3.9765164502164496,0.11260148378669192,-1.0283422623886265,0.16610503031496565,0.772,694.9199999999255,0.0005575296990269913,0.9722398137303523,0.7756676994067238,0.8806289157195363,2.3347598357543458,1.7456380642077138,0.32799999999999996,1521.9599999999627,-0.001673719911877015,0.76739836816362,0.6005,628
321,3.9616317295188557,0.11646292130460124,-0.9978518955993092,0.260614137278422,0.857,771.7200000002049,0.0005174513188655598,0.9681138403514872,0.7696733944954128,0.873385872041589,2.3775178216294304,1.7543497213095331,0.32700000000000007,1531.1400000001304,-0.0016494263799199415,0.7655439701718921,0.6225,627
322,3.953430826140567,0.11881904807049407,-0.9473825188171356,0.286780558148885,0.904,813.5400000000373,0.0004996890397597034,0.9431381968423077,0.7692192739273929,0.8735058193006962,2.4208340657121052,1.7638345634326926,0.32599999999999996,1523.3999999999069,-0.001659440644491319,0.765704937311605,0.645,626
323,3.947494228504123,0.12003212179021862,-0.9402477809364722,0.3377441026159163,0.947,852.3599999998696,0.0004813829190272369,0.9631873503362643,0.7704898227183192,0.8725469279904094,2.407549670176677,1.7579725873966172,0.32699999999999996,1529.220000000205,-0.001650772886410698,0.7664396389190455,0.667,625
324,3.8926406659939454,0.1458236265380171,-1.0230979251672399,0.38403396719801014,1.106,1990.5,0.0002505097803254699,0.9684465834396129,0.5159822818791946,0.45857369927971486,0.9579121992281774,1.3591529780413714,0.21500000000000008,1495.7999999998137,-0.0009458032336684033,0.8469841230965733,0.9675,624
325,3.8746365021770677,0.14302861360344993,-0.6786472478481063,0.48547069255398495,1.539,1384.8599999998696,0.0003501999540219665,0.9696880667991103,0.7227327137546469,0.8325787690833094,3.299308744963289,1.9513673602234844,0.32499999999999996,1619.4599999999627,-0.0014528737113155118,0.7503364568574118,0.689,623
326,3.935689688506981,0.1227863877302299,-0.8810546805465078,0.39540544933782523,1.0370000000000001,933.839999999851,0.0004476677888361025,0.9583245650979458,0.7608840805717998,0.8628326834988909,2.567730740754085,1.7911437335093219,0.32599999999999985,1546.6800000001676,-0.001608634580676095,0.7637515119552404,0.7115,622
327,3.929780888429752,0.1245806682938814,-0.8264296841813397,0.39735533988965027,1.08,972.1800000001676,0.00043592916997509085,0.9353456758957336,0.7589668390433095,0.8625778086540564,2.633532644111062,1.8061359854301986,0.32699999999999996,1552.9199999999255,-0.0015998513553690434,0.7628227635662364,0.756,621
328,3.920060420650096,0.12733457395319633,-0.790202343552318,0.43333948654351595,1.1660000000000001,1049.9399999999441,0.0004118225504222253,0.9530387531845729,0.7480825810553084,0.8528484941707786,2.8205570745741984,1.8464457148745401,0.32799999999999985,1579.3799999998882,-0.0015468286240806158,0.7592890469215389,0.767,620
329,3.9173794559099435,0.12798178266813975,-0.7761384503890545,0.43690140584633985,1.189,1069.9199999999255,0.00040607437611879564,0.952426617718554,0.7452169620253165,0.8504608689734698,2.8594974475193755,1.854875919129761,0.32699999999999996,1585.3799999998882,-0.0015348355199846576,0.7582723771378971,0.778,619
330,3.865545323129252,0.1507339748758078,-0.8670893412235348,0.4995464596659387,1.3110000000000002,2360.5800000000745,0.00021686251055424752,0.9723690978476227,0.5126504527813712,0.45603835774108564,0.9868094715712923,1.3660818441512175,0.21999999999999997,1550.1599999996834,-0.0009068006576129571,0.8449341926950171,0.965,618
331,3.8762675145348835,0.14245939445176448,-0.6853370367057328,0.47879625106936224,1.534,1380.2399999997579,0.00035028769645501255,0.9697505915485626,0.7151100732600733,0.8259413884135834,3.4526569799388636,1.9839701983477536,0.32600000000000007,1644.2399999997579,-0.0014126941042185035,0.7477932538551679,0.7895,617
332,3.9127315266486,0.12965150224391866,-0.7477443329815037,0.4467983569479617,1.2340000000000002,1110.720000000205,0.00039592999594502523,0.9507881836964125,0.736393804755945,0.8417561810411723,3.040197929612124,1.8932552064371617,0.32800000000000007,1604.1599999996834,-0.0014946447710984488,0.7558836715748162,0.8005,616
333,3.910083911111111,0.13073807008845864,-0.7392339692979024,0.44145557266326946,1.2550000000000001,1130.279999999795,0.00039220097633077376,0.950416733646931,0.7352817157169693,0.8433672009824928,3.0260994947306905,1.8916702590035024,0.32800000000000007,1608.4799999999814,-0.0014909358950949455,0.7542799933440453,0.8005,615
334,3.909718544809228,0.13053001649584778,-0.733968416596491,0.4450496176849875,1.256,1129.8599999998696,0.00039183158527002584,0.9512409592930176,0.7388030817610064,0.8444359481596602,3.001835499481725,1.885684174365953,0.32800000000000007,1597.4399999999441,-0.0015086533694868632,0.7567116947415087,0.8005,614
335,3.8609803387030146,0.1516535635603278,-0.8389550299643558,0.5153936691204414,1.3490000000000002,2429.94000000041,0.00021167008546875708,0.973653623824089,0.5120331399097356,0.454613420587709,0.9866251932404451,1.3654207681112784,0.22100000000000009,1555.320000000298,-0.0009011414590255642,0.8449966056215222,0.9645,613
336,3.8760153454545456,0.14273175884394565,-0.6860915159623153,0.47784360888690197,1.5350000000000001,1380.7800000002608,0.00035073811848192,0.9695634332426716,0.7194229115479116,0.8300781687390707,3.3938317930665143,1.970839414194474,0.32699999999999996,1635.660000000149,-0.0014305917058012644,0.7494044401900429,0.8005,612
337,3.9101675843694497,0.1306522750810273,-0.7389836297436845,0.4465443834338678,1.256,1130.6400000001304,0.00039181476304670876,0.9505738710007964,0.7362243765586035,0.842786329861946,3.0697068558232576,1.8987857252957638,0.3290000000000002,1608.660000000149,-0.0014927260002096955,0.7555068330669227,0.8005,611
338,3.9096721631205673,0.13082919032706125,-0.7363518728641778,0.44422527000308104,1.2570000000000001,1130.8799999998882,0.00039228297840568577,0.9510754116288987,0.7426642947103276,0.8485589828279856,2.9469746137414417,1.8726509030475642,0.3290000000000002,1591.6200000001118,-0.0015229564054276279,0.7578144052604485,0.8005,610
339,3.909119254658385,0.1308754044313016,-0.7323371298457126,0.4438588552895201,1.256,1130.7000000001863,0.00039256219998100517,0.9506270595723098,0.746593417721519,0.8503402952285564,2.90338731209806,1.862631635501992,0.32899999999999996,1584.2399999997579,-0.0015349555462925131,0.7595184478161445,0.8005,609
340,3.909347471162378,0.1310576534092303,-0.7381107310313135,0.442268103582484,1.2570000000000001,1130.8199999998324,0.00039297196548664207,0.9514486272534796,0.7422984237074401,0.8475514926675934,2.9393294218597763,1.870840316038815,0.32800000000000007,1591.0200000000186,-0.0015219027107402081,0.7576209621417477,0.8005,608
341,3.8607574793388433,0.15158938886717768,-0.8380459495146853,0.5147961717203803,1.35,2428.9799999999814,0.00021172668471649474,0.9736561176929108,0.5129697674418604,0.45563121226874015,0.9915502231568958,1.3667064335964345,0.22199999999999998,1555.0799999996088,-0.000903673605932477,0.8456414598178678,0.964,607
342,3.876305393586007,0.14234275637285387,-0.6819712660204944,0.477396873783126,1.5310000000000001,1377.2399999997579,0.0003508124713318193,0.9692948323470095,0.7190193410616229,0.8290694184055645,3.372506795145709,1.9669565116617904,0.32800000000000007,1644.4199999999255,-0.0014211601788886728,0.7492485051174421,0.8005,606
343,3.9103904085257546,0.1306626065913855,-0.7388307318850251,0.44404531497105154,1.256,1129.8599999998696,0.0003920832896978111,0.9507804048940243,0.7371467039800996,0.8450206431763855,3.048018591721723,1.8959525405428368,0.33000000000000007,1612.7400000002235,-0.0014919103241232078,0.7556988196145605,0.8005,605
344,3.9102532859680283,0.13069534325748877,-0.7360441829218853,0.43894068932717106,1.2550000000000001,1129.7399999997579,0.00039214834763964254,0.9504122089854856,0.743906603773585,0.848529102638401,2.949421713913006,1.8729528365747024,0.32899999999999996,1595.5200000000186,-0.001519314613168489,0.7583788012603533,0.8005,604
345,3.9090244444444444,0.13086003959358924,-0.7305624160716429,0.4432536302113135,1.2550000000000001,1129.9799999999814,0.0003927194332594667,0.9507856599788528,0.7454760759493672,0.847499544450613,2.877825410922407,1.856403332584676,0.32800000000000007,1585.2599999997765,-0.0015302210796274062,0.7594688079946063,0.7895,603
346,3.8629542486395976,0.15139355970507573,-0.8532603618851304,0.5080138421889752,1.333,2399.5800000000745,0.00021419067002145098,0.9731156518428036,0.5132204827136334,0.45545726959126104,0.9713071860304163,1.3608632575850907,0.21899999999999986,1537.2000000001863,-0.0009142296042980038,0.845462927813813,0.965,602
347,3.8750857246904586,0.14280524633945646,-0.6808455878458504,0.4824076986229213,1.531,1378.4399999999441,0.00035155265237800696,0.9698703464950712,0.7287569478908189,0.8359457990889066,3.207937349839214,1.929326112875612,0.32699999999999996,1617.1800000001676,-0.0014661354640514534,0.7530982265736093,0.778,601
348,3.9141590616375344,0.12931919881651016,-0.7641770760874791,0.4439362889807389,1.213,1091.5800000000745,0.0004018837718880967,0.9521438691578108,0.7500867048346057,0.8533846169224218,2.8012322375311616,1.8399550933435795,0.32800000000000007,1576.9199999999255,-0.0015523796572711986,0.7601237087837603,0.767,600
349,3.9159669793621013,0.1286029196642609,-0.7773847965881893,0.4356757539979316,1.1900000000000002,1070.5200000000186,0.0004078125328410104,0.9526697842108595,0.7568033440514469,0.8565820144424512,2.677748424299307,1.8124978309191517,0.32799999999999985,1559.4599999999627,-0.0015816278464204211,0.7633458076953845,0.756,599
350,3.918802198852773,0.12778628377302187,-0.7872643669078299,0.4347630302679069,1.1680000000000001,1050.720000000205,0.00041282822468267753,0.9535858558099304,0.754944572896596,0.8564494019133221,2.6717887097736632,1.8124091526755175,0.32800000000000007,1564.2000000001863,-0.0015768865549437205,0.7621324884941658,0.7115,598
351,3.9294929752066112,0.12472622823012132,-0.8267082344924308,0.39806133257442883,1.08,971.9399999999441,0.00043651840330434207,0.938625974735568,0.7606065891472867,0.8629920771993506,2.561668643675665,1.7897980644298594,0.32799999999999985,1554.0600000000559,-0.0016019957251853598,0.7634767300417425,0.689,597
352,3.88643833819242,0.1470021661812898,-0.9891831325820957,0.41163998745413316,1.1480000000000001,2066.6400000001304,0.00024279909699052927,0.9682284261168894,0.5159481037924151,0.4587531828819553,0.963484838007421,1.3610814030039762,0.21599999999999997,1509.6599999996834,-0.000937429501024046,0.8470555209874797,0.964,596
353,3.8759259124087593,0.14262084417662071,-0.6828926325410549,0.4799005663595877,1.527,1374.6599999996834,0.000351937181040157,0.9700282535841944,0.7260704615384613,0.8336503670878226,3.221709920532845,1.9327405976870757,0.32899999999999996,1630.6200000001118,-0.0014491045592106373,0.7518826521635223,0.667,595
354,3.941088539325843,0.1216539522497174,-0.8802547558233456,0.35793498924035894,0.993,893.339999999851,0.0004646002759160384,0.9381665333183767,0.7639489993544222,0.8682011979360039,2.5072027420737086,1.7798392164910097,0.33000000000000007,1554.8999999999069,-0.001610721575226086,0.764354626355388,0.645,594
355,3.947052296819788,0.11991822428861444,-0.9387704986797787,0.3371910446199168,0.945,851.0400000000373,0.0004814424146001496,0.9626285148815594,0.7719998691099477,0.8732076233804764,2.381673253662301,1.7518157085110995,0.32800000000000007,1533.4799999999814,-0.001649466269939416,0.7673440613138378,0.6225,593
356,3.9531388888888896,0.11887004821306132,-0.9715416237407126,0.3029525494101533,0.902,812.5200000000186,0.0005006886949875333,0.965871280795125,0.7739319289005925,0.8753100940459712,2.3307686094713933,1.7416132941312312,0.32700000000000007,1525.0800000000745,-0.001663874219519192,0.7676706409428181,0.6005,592
357,3.959831558441558,0.11713886940075091,-0.9740442937060529,0.25070934512290366,0.858,772.1400000001304,0.0005201827318813576,0.9515474811983082,0.7757806600660067,0.8772296268398831,2.3059511368562084,1.7371393456466364,0.32700000000000007,1520.279999999795,-0.0016731890802271008,0.7679392513877118,0.556,591
358,3.929503640929065,0.13693393810089863,-1.140830034862704,0.2064418527316778,0.889,1599.4199999999255,0.00029528204773712877,0.9789771102064875,0.5190455922865014,0.46082780727118655,0.9316720080748353,1.3525126103323273,0.21000000000000008,1457.4599999999627,-0.0009763278717867867,0.8490658832279578,0.9645,590
359,3.874997591240876,0.14269277049293844,-0.6781024931663122,0.48489988555491376,1.527,1374.6000000000931,0.00035223133666156066,0.970053815676271,0.7358355181023721,0.8406059958627836,3.0643462537349855,1.8988037398961177,0.32899999999999996,1607.7600000002421,-0.0014886699618527337,0.7560234114301583,0.5115,589
360,3.9915503257328986,0.10894262236272495,-1.0021526228222126,0.044494867217826785,0.685,616.3799999998882,0.0006084196730961276,0.9591518682311283,0.7805015312916112,0.8836616343158039,2.236834761966053,1.725939144450773,0.32700000000000007,1506.4799999999814,-0.0017017890900464406,0.7694530189280023,0.456,588
361,4.0164757812500005,0.10015742715671486,-0.9032682544397077,-0.12775624300086044,0.571,513.4799999999814,0.0006713725517397402,0.9583219393904955,0.7894940107671601,0.8915181459303158,2.1475501737682157,1.7069824093254473,0.32700000000000007,1492.0200000000186,-0.0017386723056002902,0.7729277731295142,0.378,587
362,4.055984408602151,0.08329170138168815,-0.6619910215026179,-0.373287907797056,0.414,373.0800000000745,0.0007615098519654909,0.9676709389239091,0.8067063961485559,0.9093419910214771,1.9616051185574435,1.6677503915269847,0.326,1459.8599999998696,-0.0018189242814680416,0.7776465149248265,0.2225,586
363,4.13088,0.04492729049467217,-0.18024194385374281,-0.7848285749002395,0.121,109.68000000016764,0.0013511810144295514,0.9392055996032291,0.8468903714935558,0.9384294242349246,1.5582802095646198,1.5680245975940983,0.311,1324.8599999998696,-0.002098217011817308,0.7913768902377785,0.0555,585
364,4.174693333333334,0.01149866244809538,-0.24460969748517636,-0.6648482951208077,0.008,14.160000000149012,0.0,0.6922378005816023,0.462231141439206,0.40392562313996133,1.738726205836187,1.507276274867922,0.10400000000000001,807.9599999999627,-0.0015241301681200676,0.8171726019317355,0.968,584
365,3.8750144631117602,0.14264151502353495,-0.6776988633727701,0.481592256188263,1.526,1373.8199999998324,0.0003522529846151127,0.9696383475916059,0.7322033498759305,0.8390654893586049,3.1469367232106045,1.916715400242666,0.32899999999999996,1618.8599999998696,-0.001473413426782994,0.7545250521157576,0.0555,583
366,0.0,0.0,0.0,0.0,0.0,0.0,0.0,0.0,0.5156935601458079,0.5199815038539403,5.374918887342346,2.1229554803387938,0.118,824.3999999999069,-0.0018041669438823875,0.7009188918147495,0.2225,582
367,4.12934864864865,0.047506508386392095,0.6204269283970594,-0.9768154708191152,0.123,110.45999999996275,0.0013970998613308284,0.8910567223983192,0.8539064764841944,0.9407369317822777,1.510715530642237,1.5536864592793533,0.308,1301.220000000205,-0.0021459536832771206,0.7949382277714889,0.378,581
368,4.055585215053763,0.08340955119739545,-0.6786979553455139,-0.3682723217401192,0.413,372.12000000011176,0.0007646672830464247,0.9681854938174904,0.8104453472222222,0.9085593012936568,1.9263034371848597,1.657892034110341,0.324,1444.0799999996088,-0.001840037059897552,0.7804062643019364,0.456,580
369,4.016802745098039,0.09969529368934739,-0.9506806986577074,-0.10918502882609007,0.568,511.5,0.0006707192229108401,0.9766099916197402,0.7916492587601079,0.8939518985557025,2.126548249778569,1.7028178458043597,0.32800000000000007,1489.1400000001304,-0.0017459002859544189,0.7734837070529079,0.5115,579
370,3.947281032078103,0.13139283997926804,-1.141954629494603,0.11520237999484315,0.8,1440.2999999998137,0.0003151324980680447,0.9735619178383915,0.5176023480662983,0.4605122997996582,0.9426721324384886,1.356692875336278,0.20900000000000007,1453.9199999999255,-0.000977132269015247,0.8482111704251312,0.965,578
371,3.8740870614035092,0.14272894764285005,-0.6718763881650536,0.48669505336223223,1.5270000000000001,1374.779999999795,0.0003523092748386729,0.969486603855036,0.7401063322884013,0.844138760731262,3.004582278664164,1.8853004651964198,0.32800000000000007,1599.8999999999069,-0.0015051832524397568,0.75765946657614,0.556,577
372,3.9735959712230216,0.11420968650228482,-0.9743220687973997,0.1477312482790749,0.775,697.3799999998882,0.0005629007703470304,0.9330497830010664,0.7802365153538051,0.8827082934342856,2.2396033207329307,1.7248429504493943,0.32599999999999996,1503.4199999999255,-0.0017035002828238615,0.7696778783531315,0.6005,576
373,3.9591862516212712,0.11765756958592369,-1.0010778127614632,0.26279522315728043,0.86,774.0,0.0005213211555350632,0.9686563398463395,0.7777454727030626,0.8780611757487278,2.2565996565433686,1.7259983514153687,0.32600000000000007,1507.380000000354,-0.001691864513616364,0.7688250461337688,0.6225,575
374,3.9517427866831074,0.11948188294559477,-0.9517067143612157,0.293120161960078,0.904,813.6000000000931,0.0005026090340619104,0.9507860412639738,0.7783316279069766,0.8783597728767255,2.2817541862103177,1.7311988535686726,0.32600000000000007,1511.0400000000373,-0.0016886211143489044,0.7695909154627293,0.645,574
375,3.945319176470588,0.1207759252478007,-0.9415254805181315,0.3368427368949185,0.947,852.4199999999255,0.00048432300502544386,0.9634913841514334,0.7755589794565937,0.8746112022796582,2.2908697202316173,1.732349138603744,0.32599999999999996,1515.2400000002235,-0.0016754842508614684,0.7689716537872594,0.667,573
376,3.891740010065425,0.14626876868783054,-1.0230831116771684,0.38286363399657597,1.1070000000000002,1993.9799999999814,0.0002509164099446866,0.9689298882954528,0.5177356220258327,0.4599707294394855,0.9393947903084636,1.3541373763127584,0.21199999999999997,1476.839999999851,-0.0009613730871592851,0.8479460860974746,0.9645,572
377,3.8735598977355736,0.14284847334339712,-0.6701550672761014,0.48590255038432945,1.526,1374.0,0.00035268205453971844,0.9698792539145598,0.743674716267339,0.8467953210309743,2.913014496787813,1.8651600397492292,0.32899999999999996,1591.8600000003353,-0.001520529650884623,0.7589154599205263,0.689,571
378,3.9336481203007514,0.12378800767132947,-0.861174329161468,0.3836670784976993,1.038,933.7200000002049,0.00045172582778265334,0.943667105101442,0.7708661437908497,0.8713066711049562,2.4288081692618952,1.7606583691340856,0.32899999999999996,1536.2399999997579,-0.0016417228149928798,0.7673838620466462,0.7115,570
379,3.928603523316062,0.12486738778056435,-0.8442493876783326,0.40711368405073206,1.078,970.2000000001863,0.00043815001342105214,0.9569016194522607,0.7648621359223302,0.8661462960881956,2.498931849444041,1.7757715505476086,0.32899999999999996,1550.5200000000186,-0.0016141142022133893,0.7651544625135036,0.756,569
380,3.917915038314176,0.1280013324396525,-0.784959370494474,0.4333035429366917,1.165,1048.7399999997579,0.0004143732607838345,0.9535146709855536,0.75974039820167,0.8602230976426035,2.587486055582077,1.7944789799713665,0.33000000000000007,1563.8400000003166,-0.0015868860117966626,0.7637873876201674,0.767,568
381,3.9156036654135336,0.12870128378346368,-0.770026089483832,0.4343230753624207,1.1860000000000002,1067.8199999998324,0.00040918265519529587,0.9523375683946665,0.757017219387755,0.8604548318838344,2.6524450829266613,1.809924051574085,0.33099999999999996,1574.5800000000745,-0.001573640238386599,0.762217106386773,0.778,567
382,3.864731151721207,0.1511053027521004,-0.8680728378536067,0.4982763680199874,1.313,2362.6200000001118,0.00021727952583608089,0.9732364628753509,0.514760157790927,0.45759955542163755,0.9726725289680864,1.3625108413827816,0.21799999999999997,1526.4600000004284,-0.000924175670923772,0.8465746887626745,0.963,566
383,3.873841520467836,0.1426819161766176,-0.6729253904613746,0.4861411830042104,1.524,1372.2600000002421,0.00035262993846923204,0.9699070486131838,0.7475749051833124,0.848723896979501,2.8744202927241442,1.8547412711711058,0.32899999999999996,1585.8599999998696,-0.0015336207012090744,0.7605509660871153,0.7895,565
384,3.9092388437217704,0.1309797213495665,-0.7450430960645136,0.4464664946335659,1.2340000000000002,1111.3799999998882,0.0003997519324857625,0.9515545309104854,0.7599649032258065,0.8593433550711435,2.610746234525548,1.7976532409809403,0.32800000000000007,1556.9399999999441,-0.0015923747844578092,0.764312298792677,0.8005,564
385,3.9064994671403204,0.1317273278647315,-0.7325462366515105,0.44289368388903927,1.2550000000000001,1129.7399999997579,0.0003954623804278056,0.9514274368224281,0.7593444658944659,0.860632061954474,2.645675285173631,1.8054406784011785,0.33000000000000007,1560.9599999999627,-0.0015889781121880512,0.7635721239200487,0.8005,563
386,3.9062477797513324,0.13172070867120284,-0.7309400091297569,0.4423437716246026,1.2550000000000001,1129.5,0.00039554295536786086,0.9511509102703961,0.7595409266409265,0.859131590726849,2.609559128694075,1.7975348873112957,0.32899999999999996,1559.5800000000745,-0.0015885129122977263,0.7638578051973707,0.8005,562
387,3.8595924217462936,0.1525268290253957,-0.8484564318983492,0.5131249217148419,1.354,2437.1399999996647,0.0002123083517222344,0.9745955667406817,0.5150005996002665,0.45729761841311495,0.9533194910674334,1.357026634840656,0.21500000000000008,1507.5,-0.0009370080065503808,0.8467590902514095,0.9635,561
388,3.8735215801024134,0.14303327529945417,-0.6727316353067203,0.4858701620536967,1.525,1371.9599999999627,0.0003536008546117683,0.9700248052632344,0.7489071428571428,0.851091812141349,2.865594182915177,1.8536962251581333,0.32999999999999985,1588.9199999999255,-0.001535387597920373,0.7606674398748435,0.8005,560
389,3.9067016000000003,0.13157359954444453,-0.7319416623983872,0.44560819032493393,1.254,1129.3799999998882,0.0003949719660652669,0.9513608403720792,0.7569527226137092,0.8565999280664317,2.641073412445243,1.803992368282022,0.32899999999999996,1567.1400000001304,-0.0015745591832264406,0.76302536660857,0.8005,559
390,3.906760142348755,0.13160263713189324,-0.7307990629011769,0.44458376665594396,1.254,1128.839999999851,0.0003952461125540277,0.9509736368403439,0.7596691223574631,0.8599155930222937,2.6410949466481473,1.8047102864560076,0.33000000000000007,1566.3599999998696,-0.0015818328375617893,0.7640805900540485,0.8005,558
391,3.9069631386861317,0.13161508716588322,-0.7326762210634841,0.44234739835964604,1.254,1128.2999999998137,0.0003956463254850519,0.9518348597687377,0.7583998687664042,0.8582111484736115,2.633190272107778,1.8024729548784688,0.33000000000000007,1569.1200000001118,-0.0015770690361810616,0.7635786548587004,0.8005,557
392,3.907348127853881,0.13144693646382194,-0.7291948784929918,0.4391353580267053,1.252,1127.3999999999069,0.0003954655420371671,0.9510830902197126,0.758413612565445,0.8581915484259277,2.6396450334663513,1.8042011460567737,0.3310000000000002,1573.6800000001676,-0.0015719095395041243,0.7635958619764188,0.8005,556
393,3.860038526672312,0.15217222976369538,-0.8422856822694009,0.5133650288508917,1.352,2432.7599999997765,0.00021224003633833855,0.9745006047556825,0.515227346387576,0.45723380235409466,0.9610560673578648,1.3587370750098284,0.21799999999999997,1524.119999999646,-0.0009253383305328451,0.8468936822392752,0.9625,555
394,3.8739450714823174,0.14273835674621624,-0.6765888988012101,0.4825738420944121,1.5210000000000001,1368.839999999851,0.000353785894619705,0.970545195729165,0.7436634020618557,0.8467513148773055,2.883856507626189,1.8584257953046617,0.33000000000000007,1598.0400000000373,-0.0015164094163280374,0.7583091023820936,0.8005,554
395,3.906337887067395,0.13172634434269634,-0.7312345388115435,0.44573466900273573,1.256,1130.3999999999069,0.0003951084698394977,0.9511287228216747,0.7612806345009915,0.8605385374478766,2.5941187996269868,1.7931469794770765,0.3290000000000002,1557.8400000003166,-0.001594771389192231,0.7647831575541767,0.8005,553
396,3.906219069343065,0.1316910151168715,-0.7285475065663736,0.44288225889509464,1.254,1128.8999999999069,0.0003956448468469459,0.9514756360313578,0.7622117569352708,0.861111220546553,2.5906795417005455,1.792590027716441,0.33000000000000007,1559.160000000149,-0.0015946271281104866,0.7654235254508269,0.8005,552
397,3.9063361896080218,0.13183010699627817,-0.7299577994222903,0.4432578827360683,1.2550000000000001,1129.1400000001304,0.00039589846776906366,0.952101112973467,0.7625339920948616,0.8601966015355719,2.562852424110263,1.7856216089530432,0.32899999999999996,1560.2399999997579,-0.0015930394809119987,0.7653340473736076,0.7895,551
398,3.8615832332761575,0.15201617210929644,-0.8576138003209479,0.5080970425639076,1.3350000000000002,2402.220000000205,0.00021479340126567844,0.9740477205069349,0.5159467168262654,0.4582739878193711,0.9578816095048435,1.3579003679625452,0.21599999999999997,1505.2800000002608,-0.0009396598212545431,0.8469932481453472,0.963,550
399,3.8730763732129425,0.1427008668797147,-0.6680309966655633,0.48594693538017386,1.5210000000000001,1368.839999999851,0.00035359284376154605,0.9697840995934597,0.7511293697205979,0.8514825052789731,2.776038835889186,1.8333329365549715,0.33099999999999996,1584.0600000000559,-0.0015437521675843798,0.7614627466991589,0.778,549
400,3.9119193761814746,0.12977402538965818,-0.7544430577469541,0.44238977311506306,1.2100000000000002,1089.2999999998137,0.00040420583288195604,0.9522729562130328,0.7593517763157894,0.8607780258767417,2.57434790920507,1.790906103897764,0.32999999999999985,1564.679999999702,-0.0015865571910355697,0.7632839872948606,0.767,548
401,3.914820809248555,0.12888251379875412,-0.7699552414082347,0.4362656752545289,1.187,1068.839999999851,0.0004092474898926969,0.9525309154749136,0.7647862068965516,0.8629643151865573,2.509742039253556,1.7757732646409228,0.33000000000000007,1551.9599999999627,-0.0016075100629006779,0.7657047281309017,0.756,547
402,3.917683087512291,0.12781869968544032,-0.7827887601399941,0.4319093450688019,1.1640000000000001,1047.1200000001118,0.0004145478666191266,0.9536959773788262,0.7620420879842416,0.8630137321391907,2.5447689362333366,1.7848413949557593,0.33099999999999996,1568.7000000001863,-0.0015883416961901483,0.7640940013636887,0.7115,546
403,3.928707006369427,0.12508282175992022,-0.8235624091341851,0.39562359899768157,1.077,969.660000000149,0.0004387495451645995,0.9380702152841893,0.7665935185185185,0.8669547764170881,2.461630374615181,1.767636058898538,0.33199999999999985,1557.0600000000559,-0.0016109935546713226,0.7655936220364438,0.689,545
404,3.8859761833582462,0.14718455622113424,-0.9851734846697631,0.4124789552293623,1.1480000000000001,2066.939999999944,0.00024311641204792053,0.9681622811737597,0.5160223208191127,0.4591150327747358,0.9570505884566995,1.3594659321037974,0.21599999999999997,1508.339999999851,-0.0009385739331342795,0.8468211412111709,0.962,544
405,3.8738489826676714,0.14257000729637223,-0.6691648407831505,0.48663735494297644,1.5190000000000001,1367.1000000000931,0.00035376894525150307,0.9700519480110198,0.750700194300518,0.8521902954940557,2.787647018648075,1.8363165843168758,0.33199999999999985,1590.6000000000931,-0.0015388107366572734,0.761190884719661,0.667,543
406,3.9388426267281105,0.12222885932415957,-0.9081667161991258,0.37032512317223887,0.992,893.3999999999069,0.00046669331319426627,0.9606567537942567,0.7755397565922921,0.8752470204662929,2.3210265147341467,1.7379920186381195,0.32800000000000007,1522.9799999999814,-0.0016674546938597427,0.7686983187964669,0.645,542
407,3.9448806024096386,0.12128701266969484,-0.9224284770200986,0.32701835000417195,0.949,854.2799999997951,0.000485073922068624,0.947046546590034,0.7776504424778762,0.8760696241804009,2.254218309746715,1.7243253871348987,0.32600000000000007,1512.0600000000559,-0.0016828385697460018,0.7697995118731806,0.6225,541
408,3.9511160556257905,0.11988937984708413,-0.9508567703446227,0.2925283356995521,0.905,814.2599999997765,0.000503866814684062,0.9488080631992211,0.7804017123287672,0.8781752835744674,2.2189711687935816,1.7165229763033227,0.32599999999999996,1502.9399999999441,-0.001699233369779876,0.7708493921975079,0.6005,540
409,3.9587719041278295,0.11769983243928654,-0.9964790520543945,0.26535495350487887,0.858,772.9199999999255,0.0005221897115886947,0.9681923831628088,0.7826152322404373,0.8836830474088158,2.2198779800745543,1.7185922908314593,0.32699999999999996,1506.720000000205,-0.0017036224256757858,0.7702977193827568,0.556,539
410,3.9282523472668807,0.13740678510869703,-1.137265690011067,0.2057804580478434,0.89,1601.5800000000745,0.0002957688785310316,0.9684788969960083,0.5188278921220724,0.46109545019005077,0.9488399923806612,1.356876119950773,0.20900000000000007,1450.0800000000745,-0.000981242409863004,0.8486459373817731,0.9625,538
411,3.87328431372549,0.14264227358722395,-0.6710109045810202,0.48693375806781575,1.517,1365.2999999998137,0.0003544049816718693,0.9704651487739032,0.7552578673602082,0.8567154928027163,2.7307214759152627,1.8239501425942686,0.3320000000000001,1583.7000000001863,-0.0015551324217459794,0.7624356616198368,0.5115,537
412,3.990705852842809,0.10875340237666553,-1.0334105015552324,0.06541037776063678,0.683,615.0,0.0006094390708096262,0.9763468575424263,0.78598462594372,0.888362867854829,2.1888986157407677,1.7149370760627207,0.32699999999999996,1499.7000000001863,-0.0017208548499627909,0.7714194413208185,0.456,536
413,4.01553006012024,0.10070506869886424,-0.9114791604928114,-0.12247680124028885,0.57,513.1800000001676,0.0006752136635759014,0.9578291567493993,0.791142177808408,0.8928230442268862,2.1357412300975973,1.7042514504589215,0.32800000000000007,1493.8199999998324,-0.0017391609267250936,0.7731834470615989,0.378,535
414,4.054239944903581,0.08439582304212857,-0.5704590389875821,-0.39966696684880826,0.415,373.0800000000745,0.0007703555548832832,0.9437111455714153,0.8046289732770745,0.9062932275972664,1.9921020354380081,1.67380568991693,0.328,1464.4799999999814,-0.0018075835538414078,0.7777713249895394,0.2225,534
415,4.131072477064221,0.044780189220068274,-0.17347189045859235,-0.781866148745158,0.123,111.35999999986961,0.0013260007416448464,0.935691429592708,0.8413415109034268,0.9334024462106083,1.597335017467933,1.5778167718595746,0.309,1321.9799999999814,-0.002088529744455321,0.7902228049859491,0.0555,533
416,4.1744071428571425,0.011716750946710961,-0.008684363925099081,-0.7555005032738175,0.008,13.43999999994412,0.0,0.6746016897020859,0.4616774397972117,0.4036781632253727,1.7571672992445109,1.5121951684114294,0.10400000000000001,811.5,-0.0015149267843232019,0.8157097088201711,0.965,532
417,3.8749868480725627,0.1420951150390825,-0.6714394307176814,0.48151093649144616,1.514,1362.3599999998696,0.000353799516291724,0.9698664757711922,0.7448208040842373,0.8489365999015958,2.8648068453391193,1.855310997216898,0.3340000000000001,1613.0400000000373,-0.001506322389748907,0.7588141587749434,0.0555,531
418,4.14,0.0,0.0,0.0,0.0,0.0,0.0,0.0,0.5119280199252803,0.5120339997570198,5.030195446911055,2.079372491201417,0.11699999999999999,826.6200000001118,-0.0017796956228139655,0.713057516311896,0.2225,530
419,4.130835849056603,0.044713976058795325,-0.17200471070163692,-0.7889272105746338,0.12,108.18000000016764,0.0013621337123421258,0.935900294807868,0.849837706205813,0.9383067848984991,1.5584447839929894,1.5656278985830943,0.31,1310.279999999795,-0.0021226432482944163,0.7940767497226087,0.378,529
420,4.055312188365652,0.0835537682236081,-0.6826440695618747,-0.36547210518859863,0.412,371.160000000149,0.0007682062578550672,0.9684825190000459,0.8066752293577982,0.9065031457936161,1.9728037028212215,1.6688922236695511,0.326,1458.779999999795,-0.001815556777230206,0.7788387530656662,0.456,528
421,4.015521442885771,0.10027993229157996,-0.9612753745444125,-0.0991942899384928,0.57,513.6000000000931,0.0006725600865499341,0.9769082486008994,0.7937392211404728,0.8953628261769648,2.1077932356984626,1.698239999474635,0.32600000000000007,1480.3799999998882,-0.0017603475027832326,0.7742070900283167,0.5115,527
422,3.9458718861209965,0.13207126696617133,-1.142312078713101,0.11855841715495269,0.804,1446.839999999851,0.00031532751966605277,0.9712028416420355,0.5187328530259365,0.4609435454580361,0.939482588191499,1.3544689694352143,0.20599999999999996,1428.9599999999627,-0.0009955191345462449,0.8485904949967796,0.963,526
423,3.8734590497737553,0.1426794496881832,-0.6706659902960159,0.48683891752063835,1.518,1365.8999999999069,0.00035424934402886757,0.9704011432903791,0.7563018300653594,0.8570696409667599,2.6881015598633775,1.8145087626215826,0.33099999999999996,1575.7800000002608,-0.0015657987412949763,0.7632293918915519,0.556,525
424,3.9726013313609463,0.11406938180288136,-1.00806488267442,0.16583206706442297,0.773,695.6400000001304,0.000563785043617404,0.9558087084019352,0.7847729395604396,0.8856812284733027,2.1890863241907716,1.7132129010713655,0.32600000000000007,1498.7399999997579,-0.0017172272830334814,0.7713815623616789,0.6005,524
425,3.9586381333333334,0.11749781118540052,-0.99574418093259,0.2649390031615556,0.857,771.9599999999627,0.0005220817416677292,0.9680019061290375,0.7823974025974026,0.8824261784132007,2.2006596100577376,1.7144318961049763,0.32699999999999996,1506.3600000003353,-0.0017034048498464245,0.7706436365297434,0.6225,523
426,3.9514200253485425,0.11956235541331164,-0.9468442610485726,0.2921918887744371,0.902,812.1000000000931,0.0005037289719891177,0.9484631401648234,0.7788080842391303,0.8789922073954906,2.2351207087901823,1.7212919072298496,0.32800000000000007,1515.660000000149,-0.0016847898225141897,0.7691755637353457,0.645,522
427,3.945139298669891,0.12094811062364745,-0.9162486337749778,0.32529328282606523,0.946,851.2799999997951,0.00048543374595689474,0.946153692737434,0.7775237162162163,0.8779761126898977,2.269616851424554,1.728461609797633,0.32900000000000007,1523.8799999998882,-0.001672810280595066,0.768985008779609,0.667,521
428,3.8914795137092604,0.1464160587900318,-1.0203820156706842,0.3843571678840122,1.106,1991.279999999795,0.00025142305992401445,0.9685345227911394,0.5164926104972376,0.45905901896846607,0.9525935946828334,1.3577399441450873,0.21399999999999997,1490.7000000001863,-0.0009499723084002762,0.847439376837447,0.961,520
429,3.8741377928949357,0.1423862391423122,-0.668037296655192,0.48110482734034843,1.513,1362.4799999999814,0.00035455798003429165,0.9696117770095279,0.7536132731958762,0.8550005481564832,2.766187425623725,1.8326129254018246,0.33499999999999996,1598.160000000149,-0.0015364283901526346,0.762541264712568,0.689,519
430,3.933740818584071,0.12352621317746625,-0.8508373970135037,0.3802263194291075,1.034,930.5400000000373,0.00045207387680815337,0.9397861473061379,0.7699821381142099,0.8707202554488137,2.3981178883304235,1.7550769765206846,0.33099999999999996,1551.1200000001118,-0.0016254463266699526,0.7666473947770215,0.7115,518
431,3.928758404255319,0.12474941162743514,-0.8393660000462382,0.40814701080795207,1.0750000000000002,967.5600000000559,0.000438586769569661,0.9562281462529075,0.7670377807133422,0.867899359984076,2.4297124049618892,1.7616678299837085,0.33099999999999996,1558.9799999999814,-0.0016103009200420454,0.7653538094817487,0.756,517
432,3.9179144827586208,0.12762234427593258,-0.7763151480039139,0.43014445713768723,1.1600000000000001,1044.839999999851,0.00041474241927623494,0.9526178038330414,0.7621872062663184,0.863907525006617,2.5260299366837016,1.7823619217837252,0.33299999999999996,1577.7000000001863,-0.0015804013600789477,0.764227973049932,0.767,516
433,3.9145283236994217,0.12892323374740258,-0.7637164827614518,0.43633809866625606,1.187,1068.4799999999814,0.0004095729646870324,0.9526693994232526,0.7668718626155877,0.8669916319141832,2.474235592190557,1.7692568846113292,0.33199999999999985,1559.5200000000186,-0.001608491254883958,0.7661699257285046,0.778,515
434,3.8638127668845317,0.1516481459870586,-0.87140711549055,0.4982528614505885,1.314,2364.4799999999814,0.00021786365134795856,0.9738612908588207,0.5173172578444748,0.4591427728707465,0.9496290653947139,1.356172505735426,0.21699999999999986,1509.5400000000373,-0.0009390224101844587,0.8482355378577361,0.9605,514
435,3.8736095921450158,0.14253602710742105,-0.6685820848989907,0.48334126412637274,1.5150000000000001,1363.6800000001676,0.0003545302124837004,0.9697029810257204,0.7573190228013029,0.8573821332644075,2.6757569775774748,1.8116559947908346,0.33199999999999985,1581.0,-0.0015623946491546035,0.7637492900225458,0.7895,513
436,3.9088167130919214,0.13088647070968318,-0.7408571770093553,0.444669354102327,1.233,1109.160000000149,0.00040023887248963666,0.9518564512182057,0.7685559310801856,0.8674075919790855,2.471886650431445,1.7674275680628904,0.3320000000000001,1553.5200000000186,-0.0016157805906968083,0.7671022094353737,0.8005,512
437,3.905952285191957,0.1318779604040637,-0.7286287222557681,0.4406430154891463,1.252,1127.0400000000373,0.0003968337599772554,0.9520673411121953,0.7658261386138614,0.8639011030754165,2.4990855834192907,1.7736141571895643,0.3320000000000001,1560.3599999998696,-0.0016012727527151159,0.766484429708766,0.8005,511
438,3.9061411334552103,0.1317203813213381,-0.7253420358272495,0.4398640274161999,1.2510000000000001,1126.6800000001676,0.000396473010354451,0.9509902524706679,0.7655593153390389,0.8639208324990671,2.499437180449174,1.77369643739653,0.33299999999999996,1563.6000000000931,-0.0015978323426274299,0.7661306111080889,0.8005,510
439,3.8593700847457626,0.15254580875163692,-0.8456811287024673,0.5132047471511205,1.3510000000000002,2430.9599999999627,0.00021294428827576512,0.9749283166041363,0.5160513917175832,0.4578398013150871,0.9443585801625409,1.3548510429745622,0.21700000000000008,1516.7999999998137,-0.0009319042773789923,0.8472844918673804,0.96,509
440,3.874143797276853,0.1423917175858411,-0.6664842979693186,0.4847185149636717,1.5130000000000001,1361.7599999997765,0.00035463946803892155,0.9696519183650789,0.7533738849385908,0.8543825297740011,2.709989863692895,1.8197437624088098,0.33299999999999996,1592.7599999997765,-0.0015425153400489534,0.7622443827358598,0.8005,508
441,3.906695703839123,0.13138574778405718,-0.7217071113983291,0.44459751767833794,1.2510000000000001,1126.4399999999441,0.00039550458274798233,0.9504380996617162,0.7606358355091384,0.8604488890009897,2.553798749505094,1.7865013821063438,0.33299999999999996,1577.3999999999069,-0.0015747294413505097,0.7639806178008854,0.8005,507
442,3.9070803293687097,0.13140174405166072,-0.7244154043708555,0.4407493710088121,1.25,1125.1800000001676,0.00039606140454023927,0.9511381248239786,0.7589197530864197,0.8594870169324036,2.577344806212759,1.7918294381330757,0.3340000000000001,1584.4799999999814,-0.001564473535327442,0.7631442891850835,0.8005,506
443,3.9071349496797803,0.1313713203634315,-0.7233673558391027,0.4397555665663645,1.2510000000000001,1125.4199999999255,0.00039583439388476087,0.9511932052229859,0.7624169160702668,0.8634795327340652,2.5700087557514735,1.7899433378033112,0.3340000000000001,1581.8400000003166,-0.001574683821263313,0.7649981472174611,0.8005,505
444,3.9058385388127848,0.13178380976834214,-0.7246763471644067,0.44108955448908693,1.252,1127.160000000149,0.0003964526425777681,0.9510231008063972,0.7654553289473683,0.863704514288992,2.4967755447957334,1.772112761883266,0.3330000000000002,1565.2199999997392,-0.0015972095383124595,0.7659441538360208,0.8005,504
445,3.8590210414902626,0.15278893637452093,-0.8473701859058469,0.5133468761020138,1.352,2433.5400000000373,0.00021305344205109532,0.9751368044954287,0.5174174897119342,0.45768474900773204,0.9238888224322448,1.3482092116905025,0.21500000000000008,1501.4399999999441,-0.0009421636420596087,0.8484302101774539,0.9605,503
446,3.8732361573373675,0.1426051555691883,-0.6656999890158435,0.4891396812350088,1.5130000000000001,1361.8199999998324,0.00035515694582635774,0.9701651181841495,0.7568059895833334,0.8562745703457385,2.6311693785298553,1.801636440812231,0.33299999999999996,1581.5999999996275,-0.0015612970451091494,0.7632652932971321,0.8005,502
447,3.9057127853881273,0.13166071938258792,-0.722466800768716,0.4439217712423107,1.252,1127.339999999851,0.00039605538647330017,0.9509687925915414,0.7676113020489095,0.8649715535038458,2.472600627916652,1.766756295188989,0.3320000000000001,1558.5,-0.001607539341630771,0.7670242335225268,0.8005,501
448,3.905541590493602,0.13185146560535632,-0.7243678260509987,0.4433266849475782,1.252,1126.9799999999814,0.0003966332314306978,0.9516525387238101,0.7651994071146246,0.8630979463325078,2.4748197667669256,1.7676214076437016,0.3320000000000001,1563.2400000002235,-0.0015981969319319113,0.7658541398950439,0.8005,500
449,3.905759963436929,0.13191373753483893,-0.7243229110126741,0.4406764703959265,1.252,1126.5600000000559,0.00039714638026294886,0.9511183751840993,0.7676714661406969,0.8673095260107359,2.477332782369757,1.768961404518908,0.33299999999999996,1566.4799999999814,-0.0016017532881077497,0.7664296937148287,0.7895,499
450,3.861447852233677,0.15214024311503346,-0.857403334609617,0.5045087865123674,1.332,2398.6200000001118,0.00021540085270844734,0.9745467316304166,0.5165668252889191,0.4588659945782892,0.9521066589414966,1.3569814822585513,0.21699999999999986,1513.7399999997579,-0.000935286088065619,0.8471966442868419,0.9595,498
451,3.873756363636363,0.1423698333619621,-0.6674973029326119,0.4838931320579038,1.511,1359.4199999999255,0.00035525997472857056,0.9700112686921546,0.7555098837209302,0.856856951333005,2.6554124749086068,1.8078637056858406,0.3340000000000001,1593.8999999999069,-0.0015480794981363724,0.7619782468361964,0.778,497
452,3.9118594312796207,0.12968657752662027,-0.753160573539764,0.43824395470271305,1.207,1086.2999999998137,0.0004050498163926673,0.952395795810107,0.7640461639344263,0.8638347725529993,2.493109251455949,1.773633079049336,0.33299999999999996,1569.9000000003725,-0.0015900096319722303,0.7652795066113413,0.767,496
453,3.914554492753623,0.12873624155744656,-0.7635396929971563,0.43452114166507916,1.1840000000000002,1065.6000000000931,0.00041005952446699034,0.9529426760891351,0.763936780104712,0.8645070210995538,2.482421115237665,1.7716300447721034,0.33399999999999985,1572.720000000205,-0.0015887500597588692,0.7644952911225232,0.756,495
454,3.9172580708661418,0.12816039201945426,-0.7795154104716624,0.43011876192620685,1.1620000000000001,1046.5200000000186,0.00041596083767977764,0.9530203561931816,0.7689903162055337,0.8683632511784058,2.4294564741292266,1.7602112024116257,0.3340000000000001,1563.6000000000931,-0.0016072921681685418,0.7670487139510058,0.7115,494
455,3.927639851222104,0.12498917729989864,-0.8390872147961193,0.4089389832630762,1.076,968.7000000001863,0.00043900711898125957,0.9562716662856664,0.7740902666666667,0.8740437573896496,2.350685610751656,1.7441322068418605,0.33199999999999985,1544.279999999795,-0.0016406865760111437,0.7682609403378474,0.689,493
456,3.8849955246146197,0.1477105099042714,-0.9878550179129242,0.4099740105697251,1.151,2071.560000000056,0.0002434685278411723,0.9688211978350886,0.5167269204152249,0.4587331389361018,0.9479030967099922,1.3567733416265917,0.21300000000000008,1488.2400000002235,-0.0009513248711997347,0.8477013356239136,0.96,492
457,3.87342356060606,0.14245741626544364,-0.6664134219171034,0.4865123103294404,1.5110000000000001,1359.6000000000931,0.00035537091640472807,0.9700631646961492,0.7589807166123779,0.8577489289283392,2.5872894422908255,1.792612863560059,0.33299999999999996,1580.7599999997765,-0.0015666925387384477,0.7636797595211983,0.667,491
458,3.938408901734104,0.1221380404608321,-0.9032334452584339,0.37112365948766096,0.989,890.6400000001304,0.0004678596663926953,0.9605328253768372,0.7751388290713326,0.8736350632253007,2.273791438368704,1.7283394270664756,0.33000000000000007,1530.0,-0.0016575776603886766,0.7683748660813019,0.645,490
459,3.9443380894800484,0.12117317291029962,-0.916283596836303,0.32849556341121794,0.946,851.4599999999627,0.00048614228605566484,0.9459236370893742,0.7783614864864864,0.8781444733921876,2.2587747647750733,1.7258943220409921,0.32900000000000007,1523.5800000000745,-0.0016734807541658554,0.7694778851195362,0.6225,489
460,3.9510784537389103,0.11967344120603098,-0.944123013270548,0.29332577501168866,0.902,811.9199999999255,0.0005043949650506604,0.946731678687381,0.7800773251866937,0.8790305741867394,2.2129844758531876,1.7168629152837767,0.32800000000000007,1517.220000000205,-0.0016835879673938645,0.7701364400843356,0.6005,488
461,3.958418157543391,0.11750536154030786,-0.9910723799542827,0.2681150870278725,0.856,770.7599999997765,0.0005227733764177611,0.967817051974571,0.7826676390773406,0.88365873832357,2.2167183967643194,1.7190222684595924,0.33000000000000007,1518.4799999999814,-0.0016909934050946226,0.770760788434619,0.556,487
462,3.9282350933676757,0.13762062473126951,-1.1363918814668004,0.2060703928008079,0.889,1600.4399999999441,0.0002963759232708233,0.9664381586427074,0.5177189265536725,0.46027480480507754,0.9472981250484467,1.3571622063433757,0.21000000000000008,1457.6399999996647,-0.0009742926821632612,0.8484024918436898,0.96,486
463,3.8736738239757207,0.14235626020386652,-0.6693517053046949,0.4808552094739187,1.509,1357.1999999997206,0.0003558139219732172,0.9698606649086314,0.7593154244977316,0.8601275321438174,2.614316993141175,1.7992229902421248,0.33499999999999996,1589.4600000004284,-0.0015608457620405834,0.7635512411131388,0.5115,485
464,3.9901098827470682,0.10891533525870649,-1.0364096780833754,0.07184153833360284,0.682,614.2799999997951,0.0006109185342976936,0.9762353223777712,0.7849403556771545,0.8874498390695029,2.1957791728732765,1.717022263500803,0.32799999999999996,1504.679999999702,-0.0017128639894409162,0.7709600172158452,0.456,484
465,4.015246787148595,0.10034790888014852,-0.9615432471874836,-0.09771835314231188,0.569,512.2799999997951,0.0006746077450625618,0.9772503851363694,0.7921264137931034,0.8935908047502874,2.1236380225444726,1.7018987048339351,0.32900000000000007,1493.8199999998324,-0.0017405233893327044,0.7737496985714281,0.378,483
466,4.054484022038568,0.0839066560310918,-0.6878905305495469,-0.35517130012152687,0.414,372.95999999996275,0.0007680448396713726,0.9688376498378586,0.8049033028812367,0.9056873974395278,2.001518675071474,1.6759670033439111,0.327,1465.5600000000559,-0.0018041542848682595,0.7781896100571792,0.2225,482
467,4.130634259259259,0.04445091625063477,-0.1747821063819921,-0.778933344583215,0.122,110.22000000020489,0.0013293311037171256,0.9368173789156848,0.8399346243222309,0.9343073618902923,1.641095986782406,1.5888523174339793,0.309,1328.279999999795,-0.002076314622172254,0.7893990481335046,0.0555,481
468,4.170178571428571,0.020618668858452153,6.59933608510884,-2.3407141927974244,0.007,13.43999999994412,0.0,0.6746016897020859,0.4628263959390862,0.4046616432004873,1.7829295336088382,1.5180314218376687,0.10500000000000001,811.3199999998324,-0.001517597195994456,0.8173853140509778,0.963,480
469,3.8741435839028098,0.14211995382525205,-0.6642768783032214,0.4838919431930608,1.507,1356.2999999998137,0.00035551433920034985,0.9698713500939108,0.7578620801033593,0.8576216078731643,2.626200868259942,1.801895921031814,0.33499999999999996,1594.2000000001863,-0.0015510696166199597,0.7637384386455149,0.0555,479
470,0.0,0.0,0.0,0.0,0.0,0.0,0.0,0.0,0.51109950310559,0.5135418478103699,5.304664390275697,2.1134711476262633,0.118,827.5800000000745,-0.0017762377522728685,0.7019876460574545,0.2225,478
471,4.129611009174313,0.04675096421950697,0.4646702805582539,-0.938281346845342,0.124,111.24000000022352,0.0013684886846437785,0.8986241032181085,0.8475558451816745,0.9344662901106485,1.5755007477532255,1.5694545555379806,0.307,1303.3199999998324,-0.002124954015853499,0.7936343797934556,0.378,477
472,4.054134710743802,0.08401645824434868,-0.7011644214298927,-0.35023279781081373,0.414,373.20000000018626,0.0007690192400499809,0.969223887927699,0.8061829545454546,0.9039215941709802,1.9719651663656919,1.6677522380779193,0.325,1449.6599999996834,-0.0018232334398357206,0.7793930797447965,0.456,476
473,4.0141361445783135,0.10099903011066469,-0.9180570754057493,-0.11689183035462906,0.569,512.3999999999069,0.0006781896922440954,0.9563759431576064,0.7926150969529085,0.8928514878889007,2.1170791050248408,1.7003953430525223,0.32700000000000007,1487.0400000000373,-0.0017466151192941505,0.7745765391999424,0.5115,475
474,3.945940328336902,0.1319072278736866,-1.1486022759246608,0.1204311809239776,0.802,1442.8199999998324,0.0003158186349522864,0.982438782670446,0.5185291965566714,0.4598537260658754,0.9367044159358624,1.3533763002695363,0.20600000000000007,1435.4399999999441,-0.0009892925571217846,0.8489934973712769,0.96,474
475,3.8734207289293843,0.1424431929753057,-0.6687326283043786,0.4826691827225372,1.507,1356.779999999795,0.00035613944754066577,0.9702702777021655,0.7602789746917585,0.8599456672050056,2.5874409017537143,1.7930428797586162,0.33499999999999996,1587.3000000002794,-0.0015631353946876393,0.7641438938956402,0.556,473
476,3.9723796735905044,0.11394019358421854,-1.0335124265387796,0.18234103228265094,0.77,693.5400000000373,0.0005651012273575208,0.9725738577724732,0.7838847469220247,0.884137237307734,2.1941113480894128,1.7146172645057973,0.32800000000000007,1505.339999999851,-0.0017064657231901448,0.7713273568972819,0.6005,472
477,3.9577210947930572,0.11802637953290249,-0.9692685333493865,0.25620829995190536,0.857,771.0,0.0005247166271738343,0.9492759545127497,0.7799549763033176,0.8806421931263071,2.2087213906352243,1.7176322970481817,0.32900000000000007,1520.0400000000373,-0.0016826339750023605,0.7696398909145208,0.6225,471
478,3.9515839694656485,0.11919781331093544,-0.9625933002868763,0.30609908368675975,0.899,809.0400000000373,0.0005042448637366715,0.9649370003049282,0.7768480134680135,0.8763291961075848,2.240674651827172,1.7233803707398143,0.33100000000000007,1529.4600000004284,-0.0016644417646147671,0.7690477269253825,0.645,470
479,3.945015533980582,0.12091392709565202,-0.9102814744069696,0.32543620527949246,0.943,848.3999999999069,0.0004868115313284583,0.9446276383481017,0.7773032107023411,0.8772058436869421,2.261755197312592,1.7278175710600217,0.3320000000000001,1540.0800000000745,-0.00165328615324149,0.7688703706371154,0.667,469
480,3.8915991709844557,0.14637605577355364,-1.0181388937889004,0.38188116412002,1.104,1988.279999999795,0.00025173917256561345,0.9685578467015126,0.5174323489010989,0.46030069656921846,0.9584247238529047,1.3602715244962515,0.21599999999999997,1499.279999999795,-0.0009464756001481847,0.8479318978177247,0.958,468
481,3.8746713089802136,0.14184376355149642,-0.6638940640414952,0.48096255398520416,1.5050000000000001,1353.779999999795,0.0003554024942674491,0.9694774123523084,0.7577160025706942,0.8600395595670473,2.639554802044106,1.8061392632438238,0.33599999999999985,1602.1800000001676,-0.00154513339664373,0.7628543762562178,0.689,467
482,3.9335697674418606,0.12364668929881557,-0.8472518178435751,0.3794672298816305,1.033,929.5200000000186,0.0004529484308834837,0.9390592163807687,0.7736833000665336,0.8726110237645947,2.327091355146342,1.7402455700947808,0.33199999999999985,1548.4199999999255,-0.0016354848118917162,0.7682655318086251,0.7115,466
483,3.9279258235919237,0.1251487231958004,-0.8380154260807111,0.4080252850565609,1.0730000000000002,966.0,0.0004408306076535,0.9562748343841346,0.7737536021150033,0.8714179312181142,2.3332610331560355,1.7398811663356633,0.3340000000000001,1558.2000000001863,-0.0016221448132671698,0.7685196772059967,0.756,465
484,3.916908481262327,0.12833587614030634,-0.7783340315214105,0.4278756422884928,1.1620000000000001,1045.5,0.00041667079885907953,0.9536086165989521,0.772333840052875,0.8699673247176102,2.3612926700487353,1.7448921693980097,0.3340000000000001,1558.8000000002794,-0.0016190716721784868,0.7680275343383841,0.767,464
485,3.91400338491296,0.1288980470847339,-0.7588403668743582,0.4319575120432354,1.183,1064.8199999998324,0.00041089920732220367,0.9525444883422153,0.7684384615384614,0.8684104892363919,2.415085002428234,1.7581171861595482,0.3340000000000001,1566.2400000002235,-0.00160419500467576,0.7664607848639409,0.778,463
486,3.863694381533101,0.1517536466776529,-0.8707714875298085,0.4959449689912445,1.314,2365.439999999944,0.000217957867414764,0.9742740770837784,0.5175531143052704,0.45934449089319074,0.9454572692302108,1.3545722665505375,0.21599999999999997,1504.1400000001304,-0.0009428897563438759,0.847979355036316,0.9585,462
487,3.873822036474164,0.14221578987739153,-0.6668366782684378,0.48330145393162555,1.506,1355.5800000000745,0.000355950033104703,0.9700961695623683,0.7630520521172638,0.8616840056618507,2.530149800956984,1.7804890216382157,0.33399999999999985,1580.3999999999069,-0.0015755779929371562,0.7651087719725024,0.7895,461
488,3.908372625698324,0.13088765753806578,-0.736457382380538,0.4418875231717702,1.229,1105.8599999998696,0.00040143888928056184,0.9517807495628793,0.7695135224274406,0.8674323325004598,2.406334020520795,1.7540571861476524,0.33299999999999996,1561.8000000002794,-0.0016101429486448042,0.7671286908088726,0.8005,460
489,3.9056126258005492,0.13197906415504587,-0.7213670031801267,0.44057966546341554,1.25,1125.5400000000373,0.00039768450757038317,0.9506955535321667,0.7671391874180866,0.8666011045293769,2.4511254365995043,1.7641386893735715,0.33499999999999996,1570.6800000001676,-0.0015965042495926485,0.7663531404322284,0.8005,459
490,3.9060684692942247,0.13174144177883707,-0.7195916247273191,0.43871360226138384,1.249,1123.5,0.00039769113090502357,0.9512813588316679,0.764627420402859,0.8650536955615643,2.4953649548329295,1.7745934479392127,0.33699999999999997,1584.4799999999814,-0.0015780904392583368,0.7653157903722245,0.8005,458
491,3.8595778532032243,0.152504516429457,-0.8435701875829089,0.5105073322569891,1.348,2427.839999999851,0.0002131868749419389,0.9752022944862678,0.5172452091767881,0.4590842305246367,0.9405626608423856,1.3539612253500295,0.21900000000000008,1525.7999999998137,-0.0009285990935443706,0.8478325576126564,0.957,457
492,3.874952475247525,0.1420025045254684,-0.6677657308405429,0.47732295092839144,1.5030000000000001,1352.339999999851,0.00035623296244797445,0.9695173450754512,0.7541801658163265,0.8559554642051866,2.656971490832449,1.8096478546507433,0.33799999999999986,1614.3600000003353,-0.001525395971829749,0.7615835153990943,0.8005,456
493,3.9067063302752296,0.13125330302834443,-0.7206120814043073,0.4396361125194123,1.247,1122.6000000000931,0.00039640987562488783,0.950933244600903,0.7629379935275081,0.863348877669043,2.5182626795945247,1.7793894796623244,0.3370000000000002,1592.4599999999627,-0.0015656836683586115,0.7646662155609264,0.8005,455
494,3.906143721356554,0.13149732527538027,-0.716699300860292,0.4385179885121081,1.249,1124.1000000000931,0.00039675082243024865,0.9506997776139566,0.7643748534201954,0.8645263085382197,2.472724559904293,1.7693825171969308,0.33499999999999996,1581.2399999997579,-0.0015805581863341258,0.7648054080606802,0.8005,454
495,3.9064072477064222,0.1314352689693944,-0.7214229082015189,0.4382659106392967,1.2480000000000002,1122.660000000149,0.00039718265399234855,0.9509914712102461,0.7664885993485342,0.8657269277901493,2.462804260538051,1.7671509326228603,0.3360000000000001,1581.4799999999814,-0.0015839686031080822,0.7663055512059523,0.8005,453
496,3.9061257561869844,0.1315946960332506,-0.7183786784137438,0.43829051561245747,1.2480000000000002,1123.4399999999441,0.00039724108937688713,0.950409736086795,0.7654311848958333,0.8650809942296487,2.46343108806537,1.7677466617496154,0.3360000000000001,1581.5400000000373,-0.0015820015645001961,0.7656609756131306,0.8005,452
497,3.859471107339839,0.15251851406223738,-0.8439556012816505,0.5094432678902597,1.349,2427.9599999999627,0.00021319396383064307,0.9753906242736137,0.5155766014834794,0.4580101850917963,0.9527194070635403,1.3577251460818143,0.21799999999999997,1527.3000000002794,-0.000925537292670736,0.8466628502813189,0.957,451
498,3.874729855293222,0.1420809545455247,-0.6675505331678071,0.47954484155593274,1.503,1352.1000000000931,0.0003565451728017716,0.9698655952793444,0.7576524936061382,0.8598452303860888,2.6329111676688015,1.803852833802366,0.33799999999999986,1610.279999999795,-0.0015379108363365067,0.7628823720600965,0.8005,450
499,3.9062309807516042,0.13164785768787843,-0.720215842037017,0.44022645833433954,1.2480000000000002,1123.3799999998882,0.0003974601224372316,0.9510659210497606,0.7649961738002594,0.8655739412170967,2.49816566404024,1.7750599180915203,0.33699999999999997,1588.2600000002421,-0.0015751594687169325,0.7652174440395016,0.8005,449
500,3.906369880624426,0.13141938066376754,-0.7195553746953092,0.43570629315005194,1.2460000000000002,1122.0600000000559,0.0003970871334983847,0.9503810957214464,0.7634769579288025,0.864732218763821,2.499027595400954,1.7756388594779227,0.3380000000000001,1591.6200000001118,-0.0015691429348983403,0.7645275585591,0.8005,448
501,3.9066045871559636,0.1314215318124625,-0.717234483338296,0.4362558110678121,1.2460000000000002,1122.0600000000559,0.0003971947006728735,0.9503414598045888,0.7625129928894636,0.8626582381079126,2.494360303095032,1.7746026856106805,0.3380000000000001,1593.839999999851,-0.0015639208969576552,0.76441109203901,0.7895,447
502,3.862028811369509,0.15184800565506792,-0.8525799606314579,0.5018333508031657,1.329,2392.380000000354,0.00021554727470410247,0.9745869390303022,0.5145169117647059,0.4576549895495736,0.9629557509532369,1.3612721952387945,0.21999999999999997,1540.6200000001118,-0.0009164378831591826,0.8460426425026071,0.956,446
503,3.8756936641221373,0.14156845382344885,-0.666099192425897,0.4744646252075075,1.4989999999999999,1349.339999999851,0.00035599838497758036,0.96896854534792,0.7549147301587302,0.8579552821456009,2.6671245733663635,1.8123623752062037,0.3400000000000001,1621.4399999999441,-0.0015215057635651306,0.7616665781584807,0.778,445
504,3.9128908658420554,0.12922442844510434,-0.7438493385320695,0.43739155556532655,1.203,1082.7599999997765,0.0004048490111943586,0.9514970154233944,0.7640992894056848,0.8656956007178702,2.4980677701837166,1.7763744854580723,0.33799999999999986,1594.619999999646,-0.0015684476747099012,0.7646389338466641,0.767,444
505,3.9150602713178295,0.12828197440577258,-0.7531459531192581,0.4329389090874762,1.181,1062.5400000000373,0.00040971390398443416,0.9512443472579906,0.7649348897535667,0.866174058751367,2.4597044734393405,1.7681487374018743,0.33699999999999997,1587.4799999999814,-0.0015770675654486672,0.7645455770825073,0.756,443
506,3.9178178677196445,0.12759516957552194,-0.7696828085675587,0.42949467525631246,1.1580000000000001,1042.9799999999814,0.0004153833921308104,0.9520310637010645,0.7661779507133593,0.8696097527530803,2.4521176867969254,1.7676204549828847,0.3380000000000001,1587.7800000002608,-0.001581934585664224,0.7644443158186592,0.7115,442
507,3.9283728922091785,0.12440137141055578,-0.8303355932683418,0.4083685783761373,1.072,965.0400000000373,0.00043846073857967013,0.955288493752142,0.7725792899408285,0.8735979429384765,2.3624445386160176,1.7476457918621766,0.33599999999999985,1566.6000000000931,-0.0016145642549656165,0.7674707793347918,0.689,441
508,3.8856923230309075,0.14745261776135293,-0.9822845712638113,0.409466357926135,1.1480000000000001,2066.100000000093,0.00024366416681525938,0.9681237791625589,0.5162258855585831,0.45863634188135083,0.9539052297680679,1.3589030102645951,0.21700000000000008,1511.3400000003166,-0.000936088094839248,0.847200144035387,0.956,440
509,3.875371810542399,0.14189982185242522,-0.6684082182225382,0.4749946663966067,1.498,1348.5600000000559,0.00035698475163172444,0.9693642503778938,0.7529204819277108,0.8558102805156735,2.660895984150481,1.8114036296515708,0.33899999999999997,1624.2000000001863,-0.0015150881649850865,0.7608187952307185,0.667,439
510,3.940182441860465,0.1212267965862384,-0.8937403344967829,0.36958718058522266,0.983,885.1800000001676,0.0004670581471410717,0.9595360931148202,0.7694446043165466,0.8733397010562901,2.384322477079772,1.7555180430977047,0.3370000000000001,1574.3999999999069,-0.0016039597729951552,0.7654652020198699,0.645,438
511,3.946344945188794,0.1201994609151629,-0.9021536307379634,0.32341592229591287,0.939,845.5200000000186,0.00048535746881113413,0.9413673594333689,0.77221,0.8743499290850961,2.3299448014037125,1.7443726263324346,0.3360000000000001,1566.3000000002794,-0.0016163222127907125,0.7670611295190164,0.6225,437
512,3.953240076824584,0.11797219878709035,-0.9518179331729524,0.30592975827206065,0.893,804.0,0.0005020702676704747,0.9637453093353325,0.7738975,0.8773691738574773,2.3139362796768044,1.7417782693200667,0.3360000000000001,1565.1000000000931,-0.001623719042806382,0.7672885314900433,0.6005,436
513,3.960445491251682,0.11634511645027083,-0.9799021295459984,0.26777349884638285,0.849,764.6400000001304,0.0005214981620177654,0.9661477051076526,0.7726728891820581,0.8763492760579862,2.310480609397082,1.7420959540033134,0.33499999999999996,1562.279999999795,-0.001625143338157372,0.7666119191458931,0.556,435
514,3.9292156939040206,0.1369978277754426,-1.138007039927394,0.20942097921368277,0.883,1588.8599999998696,0.00029716182268501744,0.9780661555671035,0.5169015089163237,0.45973487737171287,0.9725827960796107,1.3655104538405003,0.21499999999999997,1500.779999999795,-0.0009438722776111799,0.8477590083996163,0.9545,434
515,3.877027739463601,0.141014701991618,-0.6656316038559544,0.4736675969064425,1.494,1344.3000000002794,0.00035595562957328237,0.9686192955522755,0.7527250628140703,0.8570009707934488,2.706733238730539,1.8227394460619835,0.34199999999999986,1639.3199999998324,-0.0015015938156552513,0.7606213705023813,0.5115,433
516,3.9922038983050845,0.10766673555017067,-1.024557333776099,0.07094489489714635,0.675,607.6800000001676,0.0006104254439778693,0.974658737972982,0.777204701986755,0.8843783211658094,2.278997677505072,1.7386011306362554,0.33599999999999997,1554.6000000000931,-0.0016458325682931821,0.7674363625557504,0.456,432
517,4.01768313253012,0.10007426455982397,-0.9036211776686374,-0.13548316997023582,0.563,506.339999999851,0.0006791676854216238,0.9538301181605182,0.782061045751634,0.8882256091145633,2.2247081144932324,1.728255459528273,0.3350000000000001,1539.6000000000931,-0.0016739927589433314,0.7694613600361002,0.378,431
518,4.056444808743169,0.08322889259156412,-0.673196037508129,-0.3698872483532471,0.408,367.20000000018626,0.0007731529609455534,0.9679875973333847,0.7983110146862484,0.9016896516029156,2.047806842464853,1.6881188351792817,0.333,1503.179999999702,-0.0017477065007291987,0.7750917325869772,0.2225,430
519,4.1322086538461535,0.04425458148752845,-0.15903667435873947,-0.7921243311831341,0.115,104.04000000003725,0.0014009528150410707,0.9350406949062283,0.8312118507681053,0.9269829289249691,1.6926630651743384,1.6025106861928589,0.316,1371.6599999996834,-0.0019929596124395365,0.7861677280801878,0.0555,429
520,4.170869230769231,0.018463946157100425,4.945451266249747,-2.021611504323304,0.007,12.0,0.0,0.655658045441586,0.4552149038461538,0.39813798606876644,1.9237935051006172,1.546722656400111,0.10600000000000001,833.820000000298,-0.0014501429258780717,0.8121081957909672,0.958,428
521,3.877159970126961,0.14104087115133032,-0.6663581849766915,0.47499121666035304,1.494,1344.779999999795,0.0003558197363553422,0.9682771575558283,0.7486696821515892,0.8540013722626231,2.727851154807423,1.8278124835285745,0.34099999999999997,1641.8999999999069,-0.0014918353134649996,0.7590374429993013,0.0555,427
522,0.0,0.0,0.0,0.0,0.0,0.0,0.0,0.0,0.4989767688679245,0.49636037353519036,5.283808471583782,2.107101027982411,0.118,849.660000000149,-0.0016750503895581667,0.7014012803637633,0.2225,426
523,4.131642718446602,0.04419592209460621,-0.1667094438902148,-0.7921209690973676,0.113,102.47999999998137,0.0014190880218595517,0.9348616985282959,0.8385238661710038,0.9292211091182092,1.6403212412046653,1.5873389908883533,0.314,1349.9399999999441,-0.0020340154748718373,0.7898857067037369,0.378,425
524,4.055920765027323,0.08407755979322304,-0.58455642554213,-0.4027167116546287,0.407,366.3599999998696,0.000781493006082531,0.9464502627952563,0.8007188337801608,0.9020300635569436,2.037841741467881,1.6852937036113462,0.332,1496.3999999999069,-0.0017576481785596182,0.777010145112774,0.456,424
525,4.0169061630218685,0.09921181143230151,-0.9556369288159265,-0.10077076774378359,0.56,504.4199999999255,0.0006777294788401292,0.9753139298425679,0.7833090553745928,0.8891829174182933,2.2186852785026634,1.7262307411992774,0.3350000000000001,1539.7800000002608,-0.0016733523063167937,0.7699573500567818,0.5115,423
526,3.9468914908579467,0.1315079655436703,-1.13817021839982,0.11978876743777553,0.794,1428.4799999999814,0.0003180662825186932,0.9676897939610675,0.5157552964690207,0.46024441511758585,0.9943902163192231,1.3726783071388142,0.21599999999999997,1505.6399999996647,-0.0009407482096139594,0.8465225527291975,0.9535,422
527,3.8778489902767395,0.14070612844396393,-0.6646136711094335,0.4722453548231812,1.492,1342.5600000000559,0.0003557654412691232,0.967936001769016,0.7467542527339003,0.8539287226667558,2.7643788138647363,1.83753485447906,0.34299999999999997,1654.4399999999441,-0.0014783164128620507,0.7580924798434089,0.556,421
528,3.975636788321168,0.11255201950624076,-0.9880955803326765,0.1655785074074242,0.763,686.6400000001304,0.0005634579052696582,0.9526141056226284,0.7725070332480819,0.8789972728166383,2.3020146479100685,1.7435908603216879,0.3360000000000001,1570.6800000001676,-0.0016182175043864897,0.7658140798135478,0.6005,420
529,3.9611415789473683,0.11638157691036824,-0.9412678042509395,0.24739684904417858,0.849,764.0400000000373,0.0005215204438446752,0.9388582037599276,0.7734564413265307,0.8785559715575917,2.304684496982193,1.741306655793864,0.3380000000000001,1573.3799999998882,-0.0016173342727733042,0.7663630399683885,0.6225,419
530,3.954409,0.1177155302055105,-0.9235610826562914,0.2923352719651763,0.892,803.1000000000931,0.0005015066720202728,0.9449377467105676,0.7692894803548795,0.8749058150615521,2.351141837374591,1.7518425856139126,0.3380000000000001,1584.0,-0.0015955230659941244,0.7648221258818172,0.645,418
531,3.947541239570918,0.11912899885782371,-0.8608847639144308,0.31626819900391717,0.935,841.3799999998882,0.00048332293333652477,0.9228254458910534,0.7670619798234553,0.8719094424866627,2.3817008229464323,1.757406365504829,0.3400000000000001,1592.820000000298,-0.0015833398788615597,0.7641976672366788,0.667,417
532,3.892950228774784,0.14544641292327123,-1.0052629976921372,0.3816447255987794,1.098,1976.3999999999069,0.0002517668945865505,0.9665752204968396,0.5140351159793815,0.45862048100136776,0.9851554401974498,1.3691987000103598,0.22199999999999998,1557.0,-0.000907054149844339,0.8454207696173645,0.9525,416
533,3.8778091928251124,0.14087824556153736,-0.665435368830066,0.4705403104175765,1.492,1342.9199999999255,0.0003559892280753001,0.968166311635493,0.7497697320341048,0.8558551340814794,2.7406313374371454,1.8308794343188461,0.34299999999999997,1646.1599999996834,-0.001491795345161538,0.759129571804075,0.689,415
534,3.93461769815418,0.12254497418215259,-0.831519970022792,0.37982694149626367,1.026,923.7599999997765,0.00045147927613385896,0.9352500702003599,0.7649862177470106,0.8690101991355554,2.426537936372628,1.7651889105260767,0.33799999999999986,1593.179999999702,-0.0015748795678325314,0.7638822286904434,0.7115,414
535,3.929107194994786,0.12403537057134514,-0.7975934240966334,0.3945570238027832,1.069,962.5200000000186,0.00043810542494399546,0.9339344310162923,0.7655976656151419,0.869470634498895,2.4416360125226717,1.7675582435148331,0.3380000000000001,1591.3799999998882,-0.0015786318014871484,0.764387401825263,0.756,413
536,3.919314975845411,0.12665002761564223,-0.7607375477876759,0.42648402107853606,1.1540000000000001,1038.720000000205,0.0004138823175134726,0.9512794723238119,0.765106191369606,0.8681785050617499,2.4642813684536726,1.77141019270036,0.34099999999999997,1604.5200000000186,-0.0015623322689618808,0.7644137942312075,0.767,412
537,3.9166656546489556,0.12736368806571274,-0.7444230968484504,0.427589184542026,1.175,1057.5600000000559,0.0004090793471174629,0.9502928178999808,0.7601704390847248,0.8653466532273926,2.539642626542123,1.788409737050322,0.3420000000000001,1622.6999999997206,-0.001536044695318877,0.7620880256040028,0.778,411
538,3.865695121951219,0.15081299483508032,-0.8595853509009701,0.4915145920071392,1.304,2347.3199999998324,0.00021821975510537866,0.9739340271510963,0.5132148195060164,0.4572899757231142,0.9856511585896404,1.3687754209454206,0.22599999999999998,1582.9799999999814,-0.0008895464959389487,0.8453911749649162,0.951,410
539,3.8785400449101792,0.14059204778657272,-0.6661209911145747,0.46680863404035006,1.4909999999999999,1341.2999999998137,0.00035576091972301736,0.9677175017258935,0.746557315598549,0.854124013334809,2.783279106970215,1.8404001059441355,0.34399999999999986,1659.660000000149,-0.001473385038472057,0.7574479352015225,0.7895,409
540,3.912125638686131,0.12913787000687035,-0.7199492301631336,0.4330531312614023,1.2200000000000002,1098.4799999999814,0.0003987046999001065,0.9487408821774631,0.7558593730792871,0.8608728328246558,2.5931564724542664,1.7991144640495784,0.34199999999999986,1632.0,-0.0015168476960222398,0.7608732457041243,0.8005,408
541,3.90973683737646,0.13010563987267987,-0.7086987479807361,0.4314790964378162,1.241,1116.839999999851,0.00039509881198754,0.9481831543169335,0.7538715943799632,0.8588057198762352,2.631878868492036,1.8077313799819175,0.3440000000000001,1641.660000000149,-0.0015035171250230171,0.7605656314851432,0.8005,407
542,3.9096205935251795,0.1299066653745616,-0.7032825179470175,0.432933501380591,1.241,1116.660000000149,0.00039478059472147477,0.9479728243830936,0.7523556776556777,0.8591200017240717,2.665168147835864,1.8157852814045385,0.34299999999999997,1644.8400000003166,-0.0015001105946176876,0.7596615701861926,0.8005,406
543,3.861438918918919,0.1516144921067931,-0.8323714862216001,0.5045824216401898,1.3410000000000002,2415.179999999702,0.0002130441728173753,0.9750544325743559,0.5124895597484277,0.4563378162713205,0.9920780377997285,1.370044481095505,0.22699999999999987,1594.7400000002235,-0.0008815992716599876,0.8448210836836572,0.951,405
544,3.8788518796992477,0.1406187103509096,-0.6702033004238017,0.4636325754916223,1.49,1340.5200000000186,0.0003558000604521996,0.96853168558752,0.7477129483282674,0.8526948971420224,2.7365709652611443,1.8287828449400658,0.34199999999999986,1651.8599999998696,-0.0014806757309908292,0.7584806511600011,0.8005,404
545,3.909012746858169,0.13046551126915848,-0.7135137233201183,0.4339187057252949,1.2440000000000002,1119.2399999997579,0.00039524441160834344,0.9489258210374072,0.7573792336217552,0.8614402558425363,2.5846483537438854,1.797128000568216,0.3420000000000001,1623.2400000002235,-0.0015278991709633814,0.7619284576897506,0.8005,403
546,3.908756193895871,0.1303806362100155,-0.707843248722706,0.4359633258328713,1.243,1118.279999999795,0.0003954070271017967,0.9490406331822906,0.7564959334565619,0.8602837717787771,2.6038157798180057,1.800976777923472,0.3420000000000001,1628.4599999999627,-0.0015208538573596817,0.7616756958822272,0.8005,402
547,3.9088956014362664,0.1301776458095086,-0.7075025812297948,0.4323079212053257,1.241,1116.720000000205,0.0003954676735728256,0.9486510273825408,0.7572810429447853,0.8626279096528873,2.5885881120648904,1.7982144345388325,0.34299999999999997,1633.8000000002794,-0.0015193111951202689,0.761849316458887,0.8005,401
548,3.909379424977539,0.13014853204947446,-0.7055911665643846,0.43418177118330653,1.241,1117.0800000000745,0.0003950190845960225,0.9485255820409162,0.7551507042253521,0.8599270065073218,2.59272732982002,1.7988331409980287,0.34299999999999997,1638.5400000000373,-0.0015100244456975281,0.7608220505326082,0.8005,400
549,3.8609867054424596,0.15160908255430097,-0.8306155793546708,0.5051963052596471,1.342,2416.079999999609,0.0002130506478117522,0.9749503416872557,0.5120947136563876,0.4565077729049821,0.9883869569168136,1.3695857720631104,0.22599999999999998,1593.4199999999255,-0.0008821910726557989,0.8443753138246398,0.9505,399
550,3.8784990254872564,0.1402547991290121,-0.6595608470502103,0.4710878100191763,1.487,1338.2400000002235,0.00035581141115345946,0.9674566490574016,0.7443047561709812,0.8510884636436125,2.787365659843145,1.84043450659317,0.345,1668.0600000000559,-0.0014610046567217726,0.7571128602412085,0.8005,398
551,3.9097876010781674,0.1301043422185213,-0.7071721289831938,0.4350569928104011,1.2420000000000002,1117.4399999999441,0.0003946906637745965,0.947867614669838,0.7534853138330286,0.8602027153015932,2.661236937110579,1.814465381544881,0.3440000000000001,1646.3999999999069,-0.0015005623449867494,0.7601229355687679,0.8005,397
552,3.9100967596759677,0.12963667415815688,-0.7036872149406812,0.42919508405781825,1.239,1115.160000000149,0.00039417384384327243,0.9475697659511031,0.7535186512758202,0.8595364956922972,2.652553361734654,1.812709061099581,0.345,1651.320000000298,-0.001495523026981278,0.7598597539844923,0.8005,396
553,3.9103256294964024,0.1297830379490993,-0.7041380365049026,0.4272240060100529,1.2380000000000002,1114.9199999999255,0.00039487210037295577,0.9474071600304675,0.7488746376811595,0.8551973996095652,2.6995055390701417,1.822607573839036,0.3460000000000001,1662.3599999998696,-0.0014763746689846098,0.7583765761552638,0.7895,395
554,3.8635135271807846,0.15113025653960707,-0.843872498452515,0.4991536207007622,1.324,2383.3799999998882,0.00021537234674046126,0.9744910180122942,0.513925332488917,0.4578635752081017,0.9779186357918501,1.366524400931032,0.22599999999999998,1588.5,-0.0008886537751513594,0.8457636994322949,0.9515,394
555,3.876670830216903,0.1410174459478703,-0.6620718724393826,0.4735813206606563,1.49,1341.4799999999814,0.0003567750246205185,0.9681858968154119,0.7530623161764706,0.8586574111194836,2.6643269392085838,1.813362548149383,0.34299999999999997,1638.3599999998696,-0.0015074862578808728,0.760078945622497,0.778,393
556,3.913781708449397,0.12887714348581605,-0.736041172508342,0.4338457338856315,1.2000000000000002,1080.1800000001676,0.00040478372663677227,0.9500891068213877,0.7630527691350343,0.8667747759984044,2.5044705563009604,1.7794173563577884,0.34199999999999986,1611.839999999851,-0.001551094002366051,0.763692698616825,0.767,392
557,3.9159009460737932,0.12821132671627153,-0.7489570249037971,0.430160096724576,1.1780000000000002,1060.3799999998882,0.000410357636237367,0.9505578987413192,0.7644426076107298,0.8678905285521322,2.4703005546203105,1.7721788336379822,0.34099999999999997,1608.0,-0.0015582852557925247,0.7643502281829437,0.756,391
558,3.919116891891892,0.12693512464632345,-0.7582934147289904,0.4251308356606451,1.1540000000000001,1038.779999999795,0.0004150226077769109,0.9507949544492711,0.7635400124843944,0.8670211003980325,2.455853634558797,1.769126655900074,0.34099999999999997,1609.8000000002794,-0.0015552348759039548,0.7636243265298372,0.7115,390
559,3.9306047071129715,0.1232967301843604,-0.8202431980869851,0.4018988477712774,1.066,959.6400000001304,0.0004371052100346913,0.9538443035257224,0.7627242518703243,0.8685159299003712,2.4552936111829204,1.7722409183489112,0.34099999999999997,1609.2599999997765,-0.0015562884415206946,0.7627203508796306,0.689,389
560,3.886554860771861,0.14688084934653062,-0.976643747018711,0.40991471550091474,1.1420000000000001,2055.600000000093,0.0002438879348645998,0.9686826311962452,0.5144619600257898,0.4589299792930968,0.9928865024634539,1.371602481625419,0.2230000000000001,1556.220000000205,-0.0009079436352060539,0.8459047756128028,0.951,388
561,3.8787309309309306,0.14035899353657671,-0.6686819619500852,0.465079897204716,1.484,1336.1400000001304,0.00035661653191411337,0.968138612847718,0.7479235860409146,0.8550008599181776,2.762060860281137,1.8355882263426058,0.34599999999999986,1668.179999999702,-0.0014689473674512985,0.7581125838371043,0.667,387
562,3.94243986332574,0.12018310490900344,-0.8829784774536455,0.3677284971315748,0.978,880.4399999999441,0.00046526323386141254,0.9574221304462167,0.7626600372902425,0.8688458003803414,2.464903643995374,1.7748830483010372,0.34199999999999997,1612.7399999997579,-0.001553810390776446,0.7633109228876956,0.645,386
563,3.9489864832535884,0.1185744202870926,-0.9123192625462724,0.3363572993273365,0.932,839.5200000000186,0.0004824830928179866,0.9599498531332034,0.7659763454317897,0.8730374661841341,2.4041911568841297,1.7638801588741253,0.34099999999999997,1605.3599999998696,-0.0015693925566685602,0.7633166357272795,0.6225,385
564,3.9551772499999998,0.11734561890109747,-0.8760031485416979,0.2804450675441332,0.89,801.4199999999255,0.0005005077359517557,0.9198550650128987,0.7680269641734758,0.875408629677584,2.366802529902518,1.7567806626286835,0.3400000000000001,1596.5400000000373,-0.0015842919621268123,0.7640337507541027,0.6005,384
565,3.9620715039577834,0.11504376115559797,-0.9640179490125416,0.2720382874958399,0.845,760.6200000001118,0.0005182942960065819,0.964142232548112,0.7721351043643263,0.8775677985571098,2.330718198682586,1.7484575998427818,0.3410000000000001,1587.0600000000559,-0.0015997560517783972,0.7660774822500008,0.556,383
566,3.9295558021559924,0.13674756284869313,-1.1353481934954772,0.20834486093616358,0.879,1582.2599999997765,0.0002978222039667149,0.977341396262921,0.5136540876389798,0.45965600911188476,1.0122181542665594,1.3797948055616547,0.21900000000000008,1535.820000000298,-0.0009199857707751653,0.8448407642689747,0.951,382
567,3.8774141573033707,0.1407304022014019,-0.6620850476378588,0.4715658948833078,1.488,1339.6200000001118,0.00035672669370721675,0.9681575443052834,0.7568660110633068,0.8615590575447509,2.5898974969045447,1.7986200640927033,0.34299999999999997,1633.6800000001676,-0.0015180050414292238,0.7615561521225328,0.5115,381
568,3.9925543801652887,0.10737747677252452,-1.0237630737393777,0.06926363579233966,0.673,605.7599999997765,0.0006107289888336946,0.9743892405655239,0.7789980012894906,0.8854266962404947,2.2472122979248645,1.7321955696477787,0.3360000000000001,1557.0600000000559,-0.0016457009423737864,0.7681811567860106,0.456,380
569,4.016305964214712,0.10001671236949305,-0.9006979093789824,-0.1222564565505947,0.561,504.89999999990687,0.0006810226779108644,0.9522481143792844,0.7853671874999999,0.8888878123157896,2.2090770385989362,1.7223224699058366,0.3370000000000001,1541.820000000298,-0.0016742873048546734,0.7712000170703497,0.378,379
570,4.056292032967033,0.08313297898731101,-0.6679843389497604,-0.37111475823374823,0.404,364.31999999983236,0.0007785858859777383,0.9677030352330366,0.796092018469657,0.9013410316132214,2.0781482143066095,1.695661945627554,0.336,1522.5600000000559,-0.0017218565221696245,0.773921334672333,0.2225,378
571,4.1323198019801985,0.04394560733407147,-0.14923099172100773,-0.7959136599418624,0.111,100.5,0.0014404434936290415,0.930594143634322,0.8311624819624821,0.9284154618395346,1.7088780771880723,1.6069925826551628,0.32,1389.8999999999069,-0.0019663513887093814,0.7860680015054335,0.0555,377
572,4.170707692307693,0.021722471526756968,6.329309748898854,-2.313145577810104,0.007,12.06000000005588,0.0,0.655658045441586,0.449922695035461,0.3937836886225155,1.9799661868823168,1.5597379368447783,0.10600000000000001,846.4799999999814,-0.0014085297361272346,0.8085929246158869,0.9545,376
573,3.8779577327327335,0.1404134393039166,-0.6635288855606118,0.47010785375847974,1.485,1336.679999999702,0.0003564963046425478,0.9683954932472549,0.7546662393162393,0.8611087084947346,2.6454848749140174,1.810795675013642,0.345,1646.4599999999627,-0.001501559316352252,0.7606884599671683,0.0555,375
574,0.0,0.0,0.0,0.0,0.0,0.0,0.0,0.0,0.49212193698949824,0.48756581706145524,5.343723312959858,2.112934952563691,0.118,859.5,-0.0016257720048536424,0.6984427772039172,0.2225,374
575,4.132628712871288,0.04417281140392509,-0.1535266001469764,-0.7993877451577224,0.111,100.5,0.0014462494246280974,0.9354270296905302,0.835473152889539,0.9278643967514537,1.6628694158747646,1.5934971790778387,0.317,1370.7000000001863,-0.0019980154460324433,0.7888058683644416,0.378,373
576,4.056445303867404,0.08292727343109908,-0.6729343652035373,-0.37188771938621246,0.403,362.87999999988824,0.000780405276929378,0.9672884978659265,0.7994505305039786,0.9027555509939638,2.067506202447097,1.6924267044776367,0.336,1512.2999999998137,-0.0017377270301861866,0.7758978700305982,0.456,372
577,4.016354183266932,0.09976061773429844,-0.8852774237794576,-0.12489306556764695,0.559,503.339999999851,0.0006816795175415459,0.9476039495735185,0.7787500645161292,0.8856153160093192,2.265770750996113,1.7362897775732093,0.3370000000000001,1556.5800000000745,-0.0016481787172021752,0.7680545673921799,0.5115,371
578,3.947171267605634,0.13127748588395843,-1.1443279655856111,0.1216964901133457,0.792,1425.779999999795,0.0003182952494776471,0.9809580733022427,0.5152819389110226,0.459891809932527,1.0015852257181432,1.3741146963299586,0.21699999999999997,1512.0600000000559,-0.000936790716145496,0.8465326790087015,0.95,370
579,3.8784949624060157,0.14022169428700904,-0.6584138508721278,0.47473552303010885,1.484,1335.7199999997392,0.00035626099772958066,0.9677082065290068,0.7380012582384661,0.8524204710920457,2.7987375284745983,1.8497629693974418,0.3440000000000001,1677.2400000002235,-0.0014506963535171724,0.7517507525598377,0.556,369
580,3.9758262079062954,0.11222284609667865,-0.9771233703609719,0.16734062388015866,0.761,684.660000000149,0.0005633052208554376,0.9482112875385468,0.769994746835443,0.8777692086343644,2.342111576313422,1.7525721343881544,0.3390000000000001,1586.0400000000373,-0.0015992925059743375,0.7642967700575919,0.6005,368
581,3.961423847167326,0.11565978985770775,-0.9303874694124268,0.25269979320835106,0.846,761.5200000000186,0.0005206626314680076,0.9403593200678354,0.7730227992400254,0.8787023433737166,2.302825077402325,1.7426235107760293,0.3400000000000001,1585.2599999997765,-0.001602772293892432,0.7660110327881983,0.6225,367
582,3.9537242197253435,0.11752544091672944,-0.9442073192553169,0.3071297257180339,0.892,802.7399999997579,0.0005005400265437913,0.962640386033634,0.7750439847231062,0.8808843285583985,2.2877711582996056,1.7382858486288408,0.33899999999999997,1576.0200000000186,-0.0016181263249273761,0.7667813324720026,0.645,366
583,3.9483050663449943,0.11939302287612631,-0.9216726659502665,0.33070226478549186,0.934,840.6000000000931,0.0004846516462005728,0.9606770984307146,0.7712950695322376,0.875083788785411,2.3257103342686793,1.7455599328101445,0.33999999999999997,1588.7999999998137,-0.001593610991445335,0.7662372037809488,0.667,365
584,3.892555973563803,0.14590381987032447,-1.0083743737441584,0.37900380797454314,1.098,1976.160000000149,0.0002524677969884745,0.9667643028520267,0.5147035529715762,0.45904669542236026,0.9785026424816494,1.367200831773663,0.22199999999999998,1554.119999999646,-0.0009098798232821954,0.8457607275643226,0.9495,364
585,3.8789936042136945,0.14027588489207932,-0.666657455803727,0.4692367047011924,1.482,1333.679999999702,0.0003566936643207906,0.9680245437948326,0.7513411231884056,0.8578820231742271,2.671127251565136,1.8169624350564417,0.3460000000000001,1661.4599999999627,-0.0014825828746828046,0.7592834069361997,0.689,363
586,3.936025081788441,0.12196083174276653,-0.8223435054794344,0.3762692244956642,1.023,920.9399999999441,0.000450546371780171,0.9333707068248762,0.7655868042526579,0.8711802492829236,2.405178683531153,1.7627795032454985,0.34099999999999997,1605.660000000149,-0.0015674746833201603,0.7639549937003919,0.7115,362
587,3.92960815047022,0.12370133596398386,-0.8167026943063123,0.40457762212763926,1.0670000000000002,960.4799999999814,0.0004378694590020426,0.9536984529980544,0.7655474278544542,0.8692391575342593,2.3992749724469373,1.759462047842954,0.3400000000000001,1600.6200000001118,-0.0015690161900728534,0.7638420425691673,0.756,361
588,3.9196448643410853,0.12645914715782558,-0.7561511260034068,0.4215319391278364,1.151,1035.839999999851,0.00041435892992541665,0.9506281873002649,0.7643139318885447,0.8691772503498539,2.4531728266347175,1.7706929680591879,0.34399999999999986,1621.9799999999814,-0.0015462145709691643,0.7636778620608287,0.767,360
589,3.9172008571428574,0.12743483087201474,-0.7443328987150379,0.42706951648344776,1.1740000000000002,1056.1200000001118,0.0004091546283032345,0.9501023889699824,0.7624507398273735,0.8669398336375536,2.4746790164092864,1.7756819169330313,0.3440000000000001,1627.1399999996647,-0.0015379573786756804,0.7633431530876238,0.778,359
590,3.8656726883561645,0.15068346214296588,-0.856980767827551,0.48990242076656954,1.302,2344.1400000001304,0.00021842052455994077,0.9741780597722534,0.5132175283732661,0.4579344623344138,0.9992777360336809,1.372640976164915,0.2270000000000001,1591.320000000298,-0.0008863097032767636,0.8450812729859437,0.9485,358
591,3.8790984198645595,0.1403383525011686,-0.6647140225910215,0.46429397868809347,1.48,1332.4199999999255,0.00035770101007871405,0.9679746084096694,0.7493240985576924,0.8564479504746962,2.692418417176121,1.8220454007120994,0.347,1670.6399999996647,-0.0014707558870995822,0.75841377526511,0.7895,357
592,3.912083211009175,0.12913640037389024,-0.7182932074683182,0.427102984577332,1.2160000000000002,1094.5800000000745,0.00039989077448897043,0.9479021712569529,0.7577518563603165,0.863876911789053,2.569507981336681,1.7955221163875512,0.347,1648.0800000000745,-0.0015075257844376858,0.7611810262914939,0.8005,356
593,3.909531379621281,0.1299419402005947,-0.7036870994497617,0.42384847511315976,1.237,1113.2399999997579,0.00039596578692962055,0.9474532820081454,0.756416140776699,0.8633009305235215,2.5887853123503737,1.8001589141843302,0.3470000000000002,1653.9599999999627,-0.0015003057307407368,0.7608340279149648,0.8005,355
594,3.9093269126912693,0.13011176534910954,-0.7009680414004591,0.4271728527750417,1.2400000000000002,1115.8799999998882,0.0003955024836992418,0.9470564961636777,0.7581546454767727,0.8631682563235187,2.555428722981146,1.791994596845917,0.345,1641.8999999999069,-0.0015134408802435955,0.761554805523418,0.8005,354
595,3.8609095713691217,0.15170891471588221,-0.8311232686511394,0.503461590966314,1.341,2414.0400000000373,0.00021345219810700182,0.9754440549278748,0.5137930730478589,0.4583214517498518,0.9959848565018277,1.3720593635428937,0.22699999999999987,1593.4200000003912,-0.0008859388992378137,0.8456097710966479,0.9485,353
596,3.8791179351921627,0.1403228991039165,-0.6640333888389707,0.46677841141260307,1.48,1332.3600000003353,0.00035747880663379404,0.9679054652843406,0.7494022275737507,0.855707870629037,2.6925933141374205,1.820953973323388,0.347,1667.6999999997206,-0.0014724337816222016,0.7587455069453788,0.8005,352
597,3.9092361510791376,0.13025725652470074,-0.7022993189657014,0.4304053986194811,1.2400000000000002,1116.779999999795,0.000395479992674186,0.9472423893336853,0.7594302325581396,0.8652588343179662,2.553172961657637,1.7914992143608701,0.345,1641.4799999999814,-0.0015181553970253813,0.7619889608395547,0.8005,351
598,3.909661065943993,0.12995076210386877,-0.7060765802999516,0.4275900877870188,1.237,1113.4199999999255,0.00039568003055361626,0.9478635937803211,0.7582856360316492,0.8638440089455472,2.56822380343651,1.7944626661770546,0.347,1649.9399999999441,-0.001506786219314402,0.7618503032549712,0.8005,350
599,3.9093249324932495,0.1299263877496277,-0.6990745507860772,0.4285326140023888,1.2380000000000002,1114.2000000001863,0.0003955137353818914,0.9472509366576851,0.7584301771533294,0.8637448144304721,2.5384180874731346,1.7889328935288855,0.347,1644.7800000002608,-0.001513281889956079,0.7617056431765312,0.8005,349
600,3.9093926059513078,0.12992120417953032,-0.7015418520117471,0.4268004101825957,1.237,1113.1800000001676,0.00039602040106451994,0.9478607806424496,0.7564479684657369,0.8630125257755218,2.5850861253023165,1.7994959948536264,0.347,1655.339999999851,-0.0014997453211973587,0.760742975442325,0.8005,348
601,3.8615668611921636,0.1516390083019845,-0.834463597559612,0.49915198713342634,1.3390000000000002,2410.1999999997206,0.00021350168669398688,0.9755022924229982,0.5135742660836977,0.45838697411395934,0.9953238058849352,1.3727689175014242,0.22999999999999998,1607.2800000002608,-0.0008782178593841573,0.845306109985256,0.947,347
602,3.8802379440665153,0.13986627175697167,-0.6661779447661513,0.46223034247052613,1.4769999999999999,1328.7000000001863,0.00035723803742437535,0.967345658026909,0.7511599880382773,0.8579760937081787,2.703463200014415,1.8239899955702317,0.34999999999999987,1678.7399999997579,-0.001466135273694222,0.7591865284235663,0.8005,346
603,3.9099672661870506,0.1297719766060127,-0.6984954819508173,0.4304142570987041,1.2400000000000002,1115.4599999999627,0.0003945829467885384,0.9470892966257071,0.7554937233394271,0.8598185146372568,2.5745608887677207,1.7954630727419674,0.3460000000000001,1646.1000000000931,-0.0015042876623434429,0.7608308871385356,0.8005,345
604,3.9103727436823097,0.12952657851180543,-0.6979969497423291,0.42539811404468764,1.237,1114.0800000000745,0.000394169872891087,0.9465197199032798,0.7585478632478633,0.8627986665159345,2.5495951026452692,1.789741494549589,0.347,1646.7000000001863,-0.0015090091895977392,0.762110276015296,0.8005,344
605,3.9097536519386833,0.12977494201713297,-0.6982423990319564,0.42910182978962585,1.2380000000000002,1113.9000000003725,0.00039510963506361106,0.9474192092865376,0.7529143980641259,0.8584087829833651,2.615373287466211,1.8049686755838275,0.3480000000000001,1659.179999999702,-0.001488757182575809,0.7598155005093881,0.7895,343
606,3.863628794926005,0.15109010541088855,-0.8436924004874133,0.49588836379781775,1.321,2378.160000000149,0.00021579283550507848,0.9745296163487003,0.5144300879396985,0.45842143103033395,0.9807684398402561,1.367854536647767,0.22899999999999987,1598.6399999996647,-0.0008827562925755683,0.845686186687373,0.9475,342
607,3.879155362537764,0.13988642318765,-0.6577988136599546,0.465503670422974,1.478,1330.2000000001863,0.00035715041644896384,0.9676770819371977,0.7505154726068634,0.85777854332044,2.6657053849372403,1.8156948022781267,0.3480000000000001,1669.7999999998137,-0.001475564107620065,0.7584871776118269,0.778,341
608,3.9156185981308416,0.12770968428855545,-0.7247945682847821,0.42796954061376946,1.193,1073.7000000001863,0.0004036507686924393,0.9493479938024892,0.7570715412621359,0.8626549173106368,2.55577671975135,1.7930725532255292,0.347,1653.1800000006333,-0.0015016309742860228,0.7610554153065597,0.767,340
609,3.9178637488106562,0.12691450301315407,-0.7305204697150658,0.4284844498664037,1.173,1055.5200000004843,0.00040805692592156095,0.9486831028031173,0.756814407814408,0.863056665268776,2.537324351754262,1.7896396626867355,0.345,1643.7599999997765,-0.001511505117647638,0.7607762181370077,0.756,339
610,3.9212353398058255,0.1258925846521143,-0.7517605288647911,0.4191847632270973,1.1480000000000001,1032.7800000002608,0.0004137106515981873,0.9492866176463245,0.7551044712990936,0.8634005348873955,2.5520605162223564,1.7937867439641306,0.3480000000000001,1660.2000000001863,-0.001495105990747431,0.7601159643546,0.7115,338
611,3.932257623554153,0.12238727342776864,-0.8080944156864649,0.4005194285918726,1.06,954.3600000003353,0.00043604436827343336,0.9520009305644409,0.7600333333333332,0.8664985438859707,2.493503277822982,1.781811417804731,0.3460000000000001,1640.699999999255,-0.0015223495260724752,0.7619424384801912,0.689,337
612,3.8877633906633906,0.146172866981513,-0.968106304375683,0.40698223732856736,1.136,2045.9400000004098,0.0002439754160916466,0.9680360944651804,0.5123296737766625,0.4584432211952818,1.0217873878019867,1.381511715792351,0.22699999999999987,1599.2400000002235,-0.0008813192230472106,0.8440289160042652,0.9455,336
613,3.8815507960576197,0.13942455086683594,-0.6660488864105583,0.45995708321988343,1.473,1325.5200000004843,0.00035711653608823195,0.9671462638430249,0.7431448702830189,0.8533586418774264,2.757268367268896,1.8375521772582752,0.351,1701.9599999999627,-0.0014339287558530354,0.7555145225768283,0.667,335
614,3.9442290137614675,0.11894062366833671,-0.8661605687632883,0.3661249096872187,0.972,875.2200000006706,0.0004633685373235238,0.955433008847862,0.7582006699147381,0.8678568790300311,2.5218907131557913,1.7897761106208008,0.347,1649.5200000004843,-0.0015133881627190258,0.7605786723686631,0.645,334
615,3.950042035928144,0.11778208465583384,-0.901046263650445,0.3373093816717882,0.93,837.0,0.00048060936954708516,0.9581708159484703,0.7649350216182829,0.8742505567755844,2.4063832427810077,1.7661627635274144,0.3450000000000001,1626.5400000000373,-0.0015499215074373902,0.7625582455109204,0.6225,333
616,3.9552811320754717,0.1165494232360302,-0.9295765838104808,0.3096837692287689,0.887,798.660000000149,0.0004994431751870835,0.9609758909242377,0.7729315094339623,0.877971276343331,2.33085346322763,1.7482796668185137,0.34299999999999997,1603.3799999998882,-0.001582869571582173,0.7663149439087137,0.6005,332
617,3.9613089709762535,0.11581988624098048,-0.9217236679788496,0.2504191132822475,0.845,760.6200000001118,0.0005212673116010106,0.9322359625685839,0.7698397363465159,0.8763912327828675,2.3396063474716575,1.7508048742139863,0.3410000000000001,1599.300000000745,-0.0015842797295165917,0.7646127063031368,0.556,331
618,3.929506619987269,0.13663559045999574,-1.1324036772768826,0.21081785907195677,0.877,1577.820000000298,0.0002984670207066661,0.9767829684045233,0.5140523533204384,0.45996037353086394,1.0113144809230494,1.3782780334536404,0.22099999999999997,1555.5,-0.0009091043573071797,0.8449916502631052,0.9465,330
619,3.879769916855631,0.14008490871986207,-0.6628245348421768,0.4614068962127868,1.4749999999999999,1327.3800000008196,0.0003583713907078559,0.9672802123213007,0.7509685285285286,0.8588353399297892,2.6553108253314086,1.8147814954073884,0.349,1675.0200000004843,-0.0014712572556430275,0.7584588440134333,0.5115,329
620,3.993904515050167,0.1063475388751724,-1.0147820473898574,0.0692334302800974,0.665,599.2200000006706,0.0006113091007278116,0.9725141838227372,0.7735559523809525,0.8833848170632311,2.3216755424938356,1.7507171309302527,0.34299999999999997,1601.7000000001863,-0.001591938309314318,0.7655534085681219,0.456,328
621,4.018823541247485,0.09816576741549465,-0.945514202706494,-0.10283849481884805,0.552,497.40000000037253,0.0006798130164387964,0.9742696144478382,0.7756652201257862,0.884950284377138,2.299707456267628,1.746257821465927,0.3440000000000001,1595.9399999994785,-0.001601980489664006,0.7663444034915771,0.378,327
622,4.05773407821229,0.08342668302446438,-0.5152815441334728,-0.42987064074281794,0.398,358.4400000004098,0.0007911053892823776,0.93674575083082,0.7887928434504793,0.8971721524962396,2.1458232548249363,1.7132638703434133,0.343,1569.7800000002608,-0.001658096982426684,0.771079031197365,0.2225,326
623,4.132661052631579,0.04392814561990503,-0.1557552935462736,-0.797645652875164,0.104,94.38000000081956,0.0015309329355045254,0.9320477981422185,0.8219678321678322,0.9218213012405222,1.7837349736161432,1.6257537444492258,0.327,1434.9000000003725,-0.0018860195189845993,0.7821333579846439,0.0555,325
624,4.169858333333333,0.025256914744763242,6.8301300050168905,-2.4545084541200066,0.006,11.160000000149012,0.0,0.6351973509204972,0.44242731481481484,0.38534510874483585,2.0537627367660996,1.5721513548098234,0.10700000000000001,866.820000000298,-0.0013440474697922378,0.8039186591851295,0.949,324
625,3.8815755690440064,0.13939864815724082,-0.6654657488601488,0.452542453633998,1.47,1323.179999999702,0.00035763537776407553,0.9666376842025765,0.743929090909091,0.8561447898890475,2.7864658906550552,1.8455166304533892,0.353,1711.0200000004843,-0.0014301918050029605,0.7554835530325252,0.0555,323
626,0.0,0.0,0.0,0.0,0.0,0.0,0.0,0.0,0.47852884615384617,0.47097381050989406,5.428613633993468,2.12353001893428,0.118,886.3800000008196,-0.001522310032983631,0.6959723226737208,0.2225,322
627,4.133166666666667,0.043988104452605474,-0.1584845848647758,-0.7996448709905457,0.103,92.7600000007078,0.0015584213506834197,0.9306780750259099,0.830684609929078,0.926046121116975,1.7334536369171456,1.611516420194348,0.327,1416.2400000002235,-0.0019262176808883984,0.7865049598848587,0.378,321
628,4.058451830985915,0.08208510304627903,-0.6539677514631625,-0.3859841645082254,0.394,355.320000000298,0.0007883997740590173,0.9657256684399236,0.7922301668806163,0.9019442948840912,2.1352055722789443,1.7124522081929685,0.34400000000000003,1564.8600000003353,-0.001671505229239838,0.7717197264054202,0.456,320
629,4.019302626262626,0.09857528870714034,-0.8734314359435871,-0.13208407180442028,0.551,496.1399999996647,0.0006832918908095148,0.9488652102104307,0.7759069592476489,0.8858460813934727,2.2945730961589597,1.7459753872484776,0.3450000000000001,1604.5800000000745,-0.0015923166541397945,0.7661492375259349,0.5115,319
630,3.947732125088841,0.13106932538492974,-1.133770022933262,0.11820590901639029,0.785,1412.820000000298,0.0003204151071496145,0.966073031516777,0.5105080943275973,0.4580116124034737,1.0606204014088068,1.3936124967591472,0.22399999999999998,1575.839999999851,-0.0008925731404078915,0.8428916954509657,0.9445,318
631,3.881842336874052,0.13926678929689185,-0.6650112773954318,0.45633600552336867,1.4709999999999999,1323.8999999994412,0.00035699718743168135,0.9665293972698417,0.7460325429756964,0.8561057344480287,2.724760104444546,1.831111965651005,0.351,1694.7600000007078,-0.0014460261925753957,0.7567465741230056,0.556,317
632,3.977242415316643,0.11169454843943724,-0.9423337982602744,0.1534707239433281,0.756,680.7599999997765,0.0005634164682435322,0.9317815020419562,0.769255875,0.8787752791228728,2.338282389365654,1.7537505926794024,0.3430000000000001,1607.9399999994785,-0.0015763313410136325,0.7636218562032021,0.6005,316
633,3.962731564986737,0.11480670809716645,-0.9603887259329058,0.2678952795936395,0.841,756.8400000007823,0.0005193491159325042,0.9635899564789223,0.7660842137973897,0.8762231380610342,2.4064031558801355,1.7677541115366657,0.344,1615.6200000001118,-0.001564831430878009,0.7628421141539066,0.6225,315
634,3.955976738305942,0.11636975602121237,-0.933529258696379,0.3030503981268066,0.884,795.5400000000373,0.0004996039301992891,0.9610003811320312,0.7664899876390606,0.8766108292369879,2.392737579260384,1.7639884176846305,0.3460000000000001,1625.8799999998882,-0.0015536989999934989,0.7625011443023205,0.645,314
635,3.949496882494005,0.11801316574513648,-0.9011870729959348,0.3347640500884122,0.928,835.7400000002235,0.0004820815051716073,0.9588776494797268,0.7672171215880893,0.8759216498437975,2.3727857727250834,1.7588358440151026,0.345,1622.8799999998882,-0.0015556141889707955,0.7631869215405398,0.667,313
636,3.893733333333333,0.14514179268201735,-1.001205324820545,0.3810800216010046,1.092,1965.4799999995157,0.0002524163992560901,0.9684352335394437,0.5126298179535468,0.4577790130839663,1.0291794727977912,1.3818269574970428,0.22699999999999987,1600.5599999995902,-0.0008801051378974119,0.8447723417586444,0.944,312
637,3.881871048632219,0.13925313653812477,-0.6649058670814467,0.45359162938602826,1.468,1320.7199999997392,0.00035796353438267146,0.9666337548785731,0.7456968878449793,0.857032520602945,2.7560432891503925,1.8379507663369772,0.3540000000000001,1710.5400000000373,-0.0014322555632082026,0.7559192305111989,0.689,311
638,3.938688448844884,0.12056022536106631,-0.8337306424771596,0.3856642042691443,1.0150000000000001,913.980000000447,0.0004488592430327738,0.9534814412728849,0.7567692913385826,0.866453756947902,2.5322692612461957,1.792236578558747,0.3480000000000001,1661.2200000006706,-0.0014991690324462619,0.7601589737256016,0.7115,310
639,3.9332159619450313,0.12192708988404587,-0.8013744172129771,0.39822722515530284,1.0570000000000002,951.2400000002235,0.0004359693375449387,0.9517126493690256,0.7567392663860493,0.8678500891974599,2.552932450856039,1.7974963210816743,0.3500000000000001,1668.5999999996275,-0.001493680927329835,0.7593712936804912,0.756,309
640,3.922479746835443,0.1252718588301086,-0.7391882702759642,0.41686472481746917,1.1440000000000001,1030.140000000596,0.00041289943888982785,0.947494754588034,0.7529770197486535,0.8629165561262927,2.6191787515468388,1.808238945710598,0.351,1678.0800000000745,-0.0014781047451232002,0.7585167397593554,0.767,308
641,3.920021531100478,0.12590127390777206,-0.725044695388954,0.4199950704750961,1.167,1050.2400000002235,0.0004069890693876791,0.9476254299157992,0.7548918967587034,0.8650069476506229,2.6026470793167418,1.8046505966753135,0.351,1673.339999999851,-0.0014860409833368094,0.7588332173840218,0.778,307
642,3.8674642150537633,0.14995215333096756,-0.846711734602339,0.48348018538912335,1.296,2333.2800000002608,0.00021851658776885242,0.973864325731204,0.5095252274105518,0.4569233554162471,1.0433723046319976,1.387651024685391,0.23399999999999999,1655.160000000149,-0.0008476134626199377,0.8420023535693836,0.942,306
643,3.883783460949464,0.13904506334983277,-0.6786793220221425,0.44193301108538874,1.4649999999999999,1318.5600000005215,0.0003580830163134588,0.9673829764817795,0.7430524340175952,0.8552978276313686,2.7943758726841246,1.84739713649496,0.3540000000000001,1715.3999999994412,-0.001425422729153014,0.755093763557892,0.7895,305
644,3.91435561694291,0.12796500342695824,-0.7073543802720459,0.4234262359858412,1.211,1089.8400000007823,0.0003984999866688202,0.9464534480872541,0.75069189511323,0.8608688077980168,2.660573809329705,1.8174084853752897,0.351,1686.2399999992922,-0.001464336059312649,0.7578406021605362,0.8005,304
645,3.912099456521739,0.12885031910031094,-0.7038929366045972,0.4274560331621491,1.232,1108.6199999991804,0.00039449195241376533,0.9519653802729848,0.7512480333730631,0.861434439823253,2.658752911671792,1.8170965714272223,0.353,1689.8999999994412,-0.00146098919061067,0.7580717311300224,0.8005,303
646,3.9109467450271245,0.1294754950286925,-0.6959746812241261,0.4201694071499508,1.235,1111.800000000745,0.00039477060631187686,0.945623890679516,0.7557723826714801,0.8635672595422896,2.593359345214199,1.8014106433871853,0.3510000000000002,1669.679999999702,-0.001486759278861382,0.7600974531904625,0.8005,302
647,3.862016081871345,0.15113052070266803,-0.8231372378040565,0.49786716233929545,1.336,2405.4599999999627,0.00021341161591897906,0.9754115410627069,0.5108606265356266,0.4573797044087286,1.026638127331779,1.3828267704814403,0.23199999999999998,1636.5,-0.0008590779540474305,0.8431377631999465,0.943,301
648,3.8818808073115,0.13919627531381001,-0.6618825520544975,0.4545317833425854,1.4669999999999999,1319.8199999993667,0.0003581150347378422,0.9664186534114317,0.74859775147929,0.8552179774945525,2.6808255572209783,1.8186495834182095,0.353,1697.6399999996647,-0.0014459477980990046,0.7582229526949317,0.8005,300
649,3.9116952898550723,0.129281459642712,-0.6971094306497081,0.42177739175358275,1.233,1109.5800000000745,0.0003948156558042836,0.9454345920482126,0.7513286729857821,0.8613868989697903,2.667242119842693,1.8186520088323925,0.353,1692.3600000003353,-0.001458771525415371,0.7584114160144021,0.8005,299
650,3.9119395285584773,0.129016345904251,-0.6957612391120298,0.4177240091706599,1.2320000000000002,1108.5,0.0003947338847019403,0.9460202730882237,0.7488462085308057,0.8576983420807932,2.6546519828324477,1.8156591868929124,0.35199999999999987,1694.2799999993294,-0.001452373547095766,0.7572309718036068,0.8005,298
651,3.9121555353902,0.1285546647059193,-0.701532189951005,0.42709831716467694,1.23,1106.9399999994785,0.0003941036801528035,0.9514029629697803,0.7498691898285037,0.8602857179586003,2.6592588679611406,1.8175758662613084,0.35399999999999987,1697.4599999999627,-0.001452629006985666,0.7573953654780073,0.8005,297
652,3.9115244565217395,0.12878909949366743,-0.6866244161837347,0.424474374050326,1.2320000000000002,1109.1000000005588,0.000393710648679103,0.9443165833572692,0.7516817479191439,0.8606831765823648,2.6192136079956523,1.808217563832988,0.35199999999999987,1686.6599999992177,-0.0014642275741799367,0.7580045867596465,0.8005,296
653,3.862587395309883,0.15089417834523294,-0.8203947985850477,0.49850932183697094,1.3330000000000002,2399.640000000596,0.00021351093966854665,0.9750726653749002,0.5090467673716011,0.4560341267938266,1.0422303000634683,1.3864078738939414,0.236,1664.4599999999627,-0.0008417196565426505,0.8421673689825135,0.9405,295
654,3.884016870229008,0.13857533564627922,-0.6672979028529764,0.44871718066774985,1.462,1315.140000000596,0.0003577828286595964,0.9654709096482039,0.74431889212828,0.8554393319223201,2.7699298375878323,1.8406791501854394,0.357,1725.1200000001118,-0.0014188947656269162,0.755525415938116,0.8005,294
655,3.912777989130435,0.12869774218759564,-0.6926564114196414,0.4185939171412315,1.2300000000000002,1107.7200000006706,0.00039384700681849126,0.9437691272003076,0.7483393298059964,0.8581755482961706,2.687416959143503,1.8234525005133422,0.35399999999999987,1708.019999999553,-0.0014384066881401748,0.7572957545295049,0.8005,293
656,3.912850090909091,0.12888300430584254,-0.701713734447099,0.4160562226472663,1.231,1107.7200000006706,0.0003941150048474409,0.9459826562955167,0.7486869770182675,0.8594358430544797,2.703377710970411,1.8257743172228436,0.355,1705.4400000004098,-0.0014440617406573314,0.7570830530445211,0.8005,292
657,3.9119863760217983,0.1286675974455119,-0.7029646221202186,0.42804692263319505,1.23,1107.359999999404,0.0003939197866530049,0.9512098982871646,0.7528067857142857,0.8609744036854144,2.6260270396199985,1.8087608619235582,0.353,1690.5599999995902,-0.0014627164510192861,0.7588994559608262,0.7895,291
658,3.8645743840271876,0.15057498987410647,-0.8337175318273533,0.49075467288517854,1.314,2366.3400000007823,0.00021607543006210155,0.9747362072788808,0.5098967878787879,0.45624270280712637,1.0372875830003832,1.3853332863029248,0.23499999999999988,1666.8600000003353,-0.0008400935313327628,0.8427266022636505,0.9415,290
659,3.8829865340474363,0.13905639012559634,-0.6644370413718028,0.44847680553260866,1.462,1315.3199999993667,0.00035896029338262686,0.9660831584927201,0.7423090803259604,0.8524454280568319,2.788128386870391,1.8441489878859423,0.357,1727.820000000298,-0.0014120732776308018,0.7551701711386776,0.778,289
660,3.917729190207156,0.12691008384976937,-0.7135807935987013,0.4207102222997051,1.1880000000000002,1068.8400000007823,0.00040290088008842855,0.9459405104315026,0.7523534124629082,0.8621380389487648,2.6399152268274477,1.8130790079131829,0.35399999999999987,1695.3600000003353,-0.0014595687054146458,0.7582877625716202,0.767,288
661,3.920268557692307,0.12600741381643002,-0.7200838344784115,0.4203690022835565,1.165,1048.6200000001118,0.0004077529031141354,0.9463782588985608,0.752082185273159,0.8620636544599216,2.623613521079985,1.8101197531008126,0.3540000000000001,1694.7599999997765,-0.0014605339124955743,0.7579705422053572,0.756,287
662,3.92322397260274,0.12487760080899696,-0.7335559557588525,0.41318307284297046,1.143,1028.2800000002608,0.00041231826178614073,0.9473983852924032,0.75140148456057,0.8627737321967331,2.630954271949772,1.8115951106269699,0.3540000000000001,1695.4199999999255,-0.0014612597594270407,0.7573615826823838,0.7115,286
663,3.9341791534391537,0.12161529770088875,-0.7983466074409105,0.3929760515130465,1.0550000000000002,949.7400000002235,0.00043545183409399976,0.9504700266748423,0.7573918870192308,0.8671202881835252,2.507869971937425,1.7863717214142918,0.351,1672.3799999998882,-0.0014913297324679535,0.7594846210390099,0.689,285
664,3.8880727045908183,0.1458531586310238,-0.9587907639230648,0.4069757770860161,1.1300000000000001,2034.0,0.00024456499535165446,0.9674256934011054,0.5090670343137255,0.45702366897966124,1.0747270271454612,1.3978578792354563,0.23399999999999999,1657.679999999702,-0.0008453234811082043,0.8422846193915692,0.9395,284
665,3.8845142635658916,0.13834693630419118,-0.6644181271422891,0.4480012835106507,1.4549999999999998,1309.800000000745,0.00035871859060949545,0.9658931124924864,0.7399194541231127,0.8512080322967676,2.831321485192891,1.8543488687974423,0.3600000000000001,1749.3600000003353,-0.0013893406787064287,0.75424398259727,0.667,283
666,3.945314918414919,0.11889958133774928,-0.8279447971484766,0.3439752014868003,0.97,872.5800000000745,0.00046413260015896416,0.9293325666343347,0.753014828209765,0.8656138476561339,2.5552033175412667,1.7988917772694537,0.3520000000000001,1681.859999999404,-0.0014765345654656533,0.7574015206620964,0.645,282
667,3.951106585365854,0.11727418778834144,-0.8441057482814687,0.31099766209033475,0.924,831.660000000149,0.0004808359867630461,0.9254039667809838,0.7566390881458966,0.8683518891299863,2.5021049825144903,1.78848903262205,0.3500000000000001,1668.3600000003353,-0.0014957393157426,0.7587720589227194,0.6225,281
668,3.9576331193838254,0.11557944866242617,-0.8798446657157166,0.2841391961058059,0.879,790.8600000003353,0.0004995405879410543,0.9340732020908665,0.7586410443230117,0.872012281105831,2.4888177616849276,1.7869792570337406,0.3520000000000001,1671.660000000149,-0.0014984599527789156,0.7591896215502142,0.6005,280
669,3.9649204576043067,0.1136382192043736,-0.9489443108969997,0.26096117227141075,0.834,751.140000000596,0.00051802836535849,0.9621893346180618,0.7585377039274925,0.8715358752330182,2.4685097014628283,1.78268691861372,0.3510000000000001,1666.2599999997765,-0.001504087834577437,0.7589208944286321,0.556,279
670,3.9301421323057157,0.13629941606672058,-1.1183169598609735,0.20824450522696822,0.871,1568.2199999997392,0.00029946194648820595,0.9600306325874695,0.5103804633688166,0.45776916576956017,1.062596762264957,1.3943036172715246,0.2270000000000001,1608.2399999992922,-0.0008737694233567841,0.8432301217153995,0.9405,278
671,3.8840011511895627,0.13896920579741423,-0.6749165282034411,0.44605600034803855,1.4549999999999998,1310.160000000149,0.0003600415319535957,0.9666894304968163,0.7376627350427352,0.850487026421392,2.832625785288986,1.8549184013461018,0.3620000000000001,1767.0,-0.001373613479341995,0.7527097352907841,0.5115,277
672,3.995905593220339,0.10549854215346569,-1.002089656057954,0.06876088581806837,0.659,593.7000000001863,0.0006118960262453368,0.9713083029936722,0.7631339034819792,0.8766151255078632,2.418230907836122,1.7744487668209077,0.349,1648.1399999996647,-0.0015302567902767575,0.7605937197137137,0.456,276
673,4.0198338775510205,0.09764178592778289,-0.9411977623432848,-0.1020013247718655,0.547,492.8400000007823,0.0006821907966653007,0.9725274810807977,0.7702135467980296,0.8827544272855032,2.3451802169377327,1.7589560257357544,0.3490000000000001,1633.4400000004098,-0.0015565426308597693,0.7635347485529995,0.378,275
674,4.058321714285714,0.08307567363591704,-0.49459507075618525,-0.4387742058487188,0.392,352.7400000002235,0.0007999458232487314,0.9349686719354944,0.783842125,0.8954138940814218,2.2184326192775243,1.7303201588993384,0.351,1609.6200000001118,-0.0016088731490975499,0.7682260243891437,0.2225,274
675,4.130974444444444,0.04794364801013116,1.6498719384277392,-1.1826543908484246,0.1,89.70000000018626,0.0017049822039736638,0.8574209618459653,0.8180812713602188,0.9199316233983597,1.8239500217878888,1.6371645692230825,0.334,1471.679999999702,-0.0018325560715393063,0.78086009810847,0.0555,273
676,4.17431,0.012888103903298616,1.0281013098277771,-1.1119977520180775,0.005,9.0,0.0,0.588591910067779,0.43524790486976217,0.38025706808320886,2.2207207563512483,1.6057968388077175,0.10700000000000001,888.6000000005588,-0.0012905842196724972,0.7979713659472037,0.9435,272
677,3.884065230769231,0.13854587817978836,-0.6688922696144162,0.4468900110116547,1.455,1309.3799999998882,0.0003591577585512302,0.9661799670164324,0.7411273145485912,0.8535907206865646,2.8154800552316406,1.850114389888444,0.3599999999999999,1753.0800000000745,-0.0013904165853171155,0.7541158588964568,0.0555,271
678,0.0,0.0,0.0,0.0,0.0,0.0,0.0,0.0,0.47122884187082403,0.46147152045937767,5.558072918636459,2.137080338911882,0.118,902.3400000007823,-0.0014634230521254636,0.6922273204294959,0.2225,270
679,4.130893333333333,0.049416934730942656,3.3022582883072458,-1.4409410042682291,0.099,89.51999999955297,0.001732010366676025,0.8297766556446549,0.8231117973629424,0.9221525550005589,1.8011499004975464,1.6293515887405576,0.331,1452.0,-0.0018666907809312915,0.7835345911233693,0.378,269
680,4.058590857142858,0.08303475556958681,-0.4752453560975751,-0.4449638405945429,0.392,352.37999999988824,0.0008013068756086503,0.9305709092379337,0.7853759694850603,0.8964181751079666,2.221652832046283,1.7325734477449029,0.349,1595.0400000000373,-0.0016256259825510122,0.7694389832373071,0.456,268
681,4.019948360655738,0.09820580262268078,-0.8054573199408512,-0.15036609193931993,0.545,490.20000000018626,0.0006879277338516881,0.9318593051284302,0.7707604281345565,0.8839760275739371,2.3570445855575226,1.7626263550113723,0.352,1644.5999999996275,-0.0015470172097496815,0.7635937833262308,0.5115,267
682,3.9485137832017227,0.13080888620163447,-1.1408996331101546,0.12242099226983492,0.78,1402.7400000002235,0.00032189280170854704,0.9784849374934536,0.5088010552451893,0.4569173955328257,1.079554846514542,1.3983517621692674,0.22999999999999998,1622.0999999996275,-0.0008633244224378986,0.8420480623904614,0.9395,266
683,3.884290161414297,0.1387886950452325,-0.6671665963258309,0.444954540437726,1.4529999999999998,1308.0599999995902,0.00036042630583017304,0.9656093214464047,0.7379142446869615,0.8512338035614586,2.826348422835226,1.8549728143209372,0.3600000000000001,1754.160000000149,-0.001384862730357132,0.7525133551831532,0.556,265
684,3.9787610447761197,0.11025220261413622,-0.9899412006454504,0.1843077583422339,0.748,673.3800000008196,0.0005625661422547968,0.9668454528000107,0.75949407138536,0.8711974145937615,2.4548436590141467,1.7809328254805703,0.3510000000000001,1663.3199999993667,-0.0015067554035127905,0.7600421983928618,0.6005,264
685,3.963994912985274,0.11394701275906682,-0.9452959267432823,0.2661061175199245,0.835,751.6200000001118,0.0005194560853091356,0.962148094120732,0.7617663221884499,0.8735811410142018,2.4389958197515895,1.775484783062387,0.3510000000000001,1656.9599999999627,-0.001516911329397884,0.7606858013253602,0.6225,263
686,3.95631307106599,0.11582203484325665,-0.9163975829022388,0.30484925542292596,0.88,791.820000000298,0.000500242540467548,0.9598730114058873,0.7620399635036498,0.8745885358142549,2.4369982842629376,1.7746142892142922,0.3500000000000001,1655.8799999998882,-0.001519258539259555,0.7601328452748177,0.645,262
687,3.949501694915254,0.11773308475364361,-0.8926939093153399,0.32940610863704856,0.923,831.3000000007451,0.000483650348068724,0.9582196004210497,0.7597637910085053,0.8703956430089498,2.440698636771417,1.7748726647848627,0.349,1657.9799999995157,-0.0015115111865687237,0.7601313404595664,0.667,261
688,3.893615349075975,0.14520900073244344,-0.9975802439546646,0.3793199830333476,1.0890000000000002,1961.5800000000745,0.00025307244676707247,0.9684503231995726,0.5106177309361438,0.45744906305878397,1.052728649790506,1.3899405702186731,0.22999999999999998,1621.9199999999255,-0.0008658748609427915,0.8431907746356506,0.94,260
689,3.8825046047582497,0.13917940480635596,-0.6630034730213419,0.4489229297020186,1.458,1311.5400000000373,0.0003605077965576411,0.9665504751805551,0.7492529274004684,0.859146718125709,2.6500484537498252,1.81501894099517,0.3580000000000001,1718.339999999851,-0.001433651611340502,0.7569506358269964,0.689,259
690,3.938153480662983,0.12055282382153076,-0.8318497976242964,0.38004894105465464,1.0110000000000001,910.6800000006333,0.0004506932386559538,0.9532792971577421,0.7589730513595165,0.8692041404561003,2.4702951537756315,1.7794292419012068,0.351,1667.9399999994785,-0.0014991829176327185,0.7597000893687317,0.7115,258
691,3.932601378579003,0.12215471259488044,-0.7973570222329069,0.39249792121852634,1.054,948.7800000002608,0.00043802327734849416,0.9514454491695438,0.7551535050928699,0.8663756897135423,2.513361870680712,1.7892547925060487,0.35199999999999987,1680.2399999992922,-0.0014820091479232872,0.7581837335365309,0.756,257
692,3.9218745098039216,0.12557824165237136,-0.7414299657085133,0.4064455133698554,1.141,1026.6000000005588,0.00041535366934868415,0.9485488068041317,0.7546013087447947,0.8635595561799515,2.5472407468240537,1.7939227854405877,0.355,1700.6399999996647,-0.0014572511887907375,0.7589048413528483,0.767,256
693,3.9186273946360153,0.1271588148579637,-0.7375278863117973,0.4077664224286379,1.167,1050.300000000745,0.0004112907672128026,0.94888944715407,0.7557601918465229,0.8649746527199936,2.528700431163374,1.7892054651429419,0.35199999999999987,1677.4200000008568,-0.0014824361398104097,0.7589298055655621,0.778,255
694,3.8663225315354506,0.15054518489441643,-0.852643209899119,0.4806142631252493,1.2950000000000002,2331.7799999993294,0.00021951939697884202,0.974899390245309,0.5091441574415745,0.45657451804598165,1.0466826793669703,1.388008780078386,0.23399999999999999,1649.0999999996275,-0.0008503629049968318,0.8418329062874088,0.9395,254
695,3.88257305019305,0.13936638665437648,-0.670125985571925,0.44582404141384785,1.458,1312.2599999997765,0.000360803787388007,0.9667218925780733,0.7542367918902801,0.8627873678722173,2.59114823513535,1.800575649917557,0.3560000000000001,1700.160000000149,-0.0014601646421208891,0.7591514843747693,0.7895,253
696,3.9163207865168537,0.12752115703154823,-0.7033419958373264,0.40811989988684394,1.203,1083.0,0.00039998828239169666,0.9452282125169802,0.740724115942029,0.8548309751099401,2.765168363539895,1.842370516378506,0.357,1732.5600000005215,-0.0014112560231530006,0.7529962666460428,0.8005,252
697,3.9140927206551406,0.12814925582482523,-0.7077334606978329,0.4195788655762342,1.225,1102.5599999995902,0.00039436217011070134,0.9511557453943202,0.7430341998844598,0.8553981736325892,2.7456641050145185,1.8377068042195133,0.3579999999999999,1739.2800000002608,-0.001405914045673021,0.7542614743646449,0.8005,251
698,3.9116073569482293,0.12938039647211108,-0.7070293553259361,0.4188555023819732,1.228,1105.3199999993667,0.00039715398795844896,0.9519620169528801,0.7511438781487991,0.8615710719076749,2.6459908414059576,1.8143439907361427,0.357,1715.519999999553,-0.0014409379479645838,0.7578597124686799,0.8005,250
699,3.8620645256087323,0.15109339009156975,-0.8202312625388681,0.49371028375100817,1.332,2396.2800000002608,0.00021430085129197604,0.9761165959530608,0.5072820143884893,0.4551082187503365,1.0670682802396678,1.3946659596403452,0.236,1675.1399999996647,-0.0008343244297531856,0.8412295725101412,0.938,249
700,3.8840967692307697,0.13883876145790325,-0.6683137587816805,0.4439001107708981,1.452,1306.6200000001118,0.0003609150561792296,0.9659867035030494,0.744352196531792,0.8536711298294961,2.706833054156684,1.8254927513681403,0.359,1737.9000000003725,-0.0014077618485635298,0.7554595056826272,0.8005,248
701,3.9124125454545453,0.12857156816699988,-0.7022268688195661,0.4218247925708941,1.227,1104.4199999999255,0.0003951192809647157,0.9511235539623215,0.7486883147386965,0.8616767836363987,2.6624501914727707,1.820071594380241,0.357,1713.7199999997392,-0.0014412851953558231,0.7556786555037468,0.8005,247
702,3.912514402917046,0.12836323536677688,-0.6971728197537748,0.41706572762939176,1.226,1104.1200000001118,0.0003950726413655357,0.9509573162799826,0.7490680726420621,0.8614272553672435,2.639787505944577,1.814798702081415,0.3560000000000001,1713.0600000005215,-0.001441071126910939,0.7558373873919494,0.8005,246
703,3.9120323583180987,0.12861610884081998,-0.6907138240167274,0.429628105814073,1.226,1103.0999999996275,0.0003955291779371386,0.9504157901880876,0.7445455445544554,0.8574119081129571,2.7248749503396006,1.8325058525015316,0.359,1730.1000000005588,-0.0014200254123847668,0.754700573517692,0.8005,245
704,3.912122272727273,0.12888888918216196,-0.7028324024375538,0.41830760361186003,1.228,1105.320000000298,0.00039569075160279625,0.9516120299638757,0.7526093805309735,0.861669268842222,2.582220132791716,1.7998375125399129,0.3560000000000001,1703.820000000298,-0.0014516469204387322,0.7579570656281084,0.8005,244
705,3.8624093198992453,0.15130807686841685,-0.8243682944445552,0.49127615011411424,1.331,2395.5600000005215,0.00021461854507360623,0.9761536425529975,0.5068425837320575,0.4557847178015857,1.0743526500185325,1.3986626099489738,0.236,1680.179999999702,-0.000831633874912383,0.8403908977478954,0.9365,243
706,3.884748558067031,0.13860695055890604,-0.6739685851880188,0.4384324671027208,1.446,1301.6399999996647,0.000361829005386365,0.9666687655283411,0.7468948926291353,0.8544111659683474,2.7211809901199686,1.8282264047092849,0.3620000000000001,1747.6800000006333,-0.0014016790965445324,0.7575371244419451,0.8005,242
707,3.9114893577981653,0.12906590466525986,-0.7071413815522702,0.420565176803455,1.228,1105.320000000298,0.00039613195120661145,0.9523673115638808,0.7552074207061639,0.8634218879086575,2.571630074040894,1.7970978598449276,0.3560000000000001,1694.9399999994785,-0.0014655426464212475,0.759659136653509,0.8005,241
708,3.9126153775322283,0.12865709246183404,-0.6983248065642718,0.41923608554816705,1.225,1101.9599999999627,0.0003966749526586681,0.9517142132502537,0.7452620770128355,0.8584166654830883,2.6925765364177785,1.8248743251988333,0.3599999999999999,1737.660000000149,-0.0014142712472010224,0.7542060910711821,0.8005,240
709,3.911632293577982,0.12931097518846915,-0.707107763183255,0.4150984986156985,1.228,1105.019999999553,0.00039706140107877434,0.9516262884912767,0.7538061419200953,0.8622707345341671,2.563518191482885,1.7954663898461294,0.35599999999999987,1700.7000000001863,-0.0014575267776320484,0.7585403692889976,0.7895,239
710,3.864648065348237,0.1507232823682805,-0.8349066338341578,0.4852099441009779,1.312,2361.420000000857,0.00021703153504858204,0.9755792467943747,0.5086377643504532,0.4568711969190012,1.0627762453501193,1.3945218136689417,0.23699999999999988,1677.5400000000373,-0.0008353062193333863,0.8414620033524431,0.9365,238
711,3.8843667962674964,0.13878211103786034,-0.6692078905524612,0.4422050594515625,1.449,1304.160000000149,0.00036160904458208356,0.9660827957117034,0.7506189442815249,0.8614874698195917,2.6310983152609886,1.8096945020472175,0.3600000000000001,1727.699999999255,-0.0014307368852254224,0.7568670866772071,0.778,237
712,3.917727946768061,0.1270718696467981,-0.7114611149200938,0.41340660534966855,1.1840000000000002,1065.9000000003725,0.00040432979641668784,0.946144300096538,0.7465423688862699,0.8599945882973642,2.6626538686858847,1.8196872206480554,0.357,1721.3999999994412,-0.0014304953088023543,0.7547216390946293,0.767,236
713,3.9203597667638483,0.12594940654906747,-0.7208512422718645,0.4075018291484091,1.159,1043.0400000000373,0.00040983502293661956,0.9461969640927248,0.7469,0.8605571269762742,2.6539270474123615,1.8187494641453616,0.359,1730.1000000005588,-0.0014247825517854228,0.7550137081519722,0.756,235
714,3.9225638339920943,0.12536066573954854,-0.7368803398959489,0.40381989317613254,1.1400000000000001,1025.9400000004098,0.0004150142392035667,0.9477459246050596,0.7495510979228488,0.8628280439982114,2.592615187683405,1.805340639548297,0.3560000000000001,1709.820000000298,-0.0014485958149837285,0.7553842268289278,0.7115,234
715,3.9345427194860814,0.12187357199753733,-0.7994424020993027,0.3850538122498399,1.0530000000000002,947.5200000004843,0.0004379903883471014,0.9509800307630658,0.7545633532934132,0.8670247483678524,2.5292537029364635,1.7924015161465832,0.355,1693.6200000001118,-0.0014711347278002667,0.7575146221886523,0.689,233
716,3.887250397614314,0.14622461484277674,-0.960328242963636,0.4050205934582596,1.134,2040.7800000002608,0.00024468316711853205,0.9691975064276948,0.5098961922596755,0.457708106859388,1.0653113161882297,1.3945501133806188,0.23099999999999987,1626.5400000000373,-0.0008644578753648662,0.8423555671068483,0.937,232
717,3.883439984532096,0.13918421013898144,-0.6790750699472992,0.44360429508046034,1.445,1300.5,0.0003633751226810677,0.9669902553529439,0.7468952106174266,0.8574420844473617,2.6720130108940845,1.8186013441963846,0.361,1741.859999999404,-0.0014105293252294892,0.755910007098832,0.667,231
718,3.944345727482679,0.11921108334433135,-0.8192615234039464,0.34102705899020874,0.966,869.7599999997765,0.00046731411452387875,0.9294641215695446,0.7541132265717675,0.8657943275257096,2.5074167338661653,1.7880711021266609,0.3550000000000001,1692.7799999993294,-0.0014708314599580312,0.7574773041310422,0.645,230
719,3.9509257557436515,0.11721749440435165,-0.883150628360382,0.33220252863851274,0.921,829.2000000001863,0.0004825815022247594,0.956465821401576,0.7560092426952891,0.8686230110366348,2.479767063267616,1.783552855541238,0.353,1683.4199999999255,-0.0014821961290825852,0.7576640692901973,0.6225,229
720,3.9570307397959184,0.11537651357186443,-0.9074747224272799,0.30426182503852545,0.875,787.6200000001118,0.0005007923886421293,0.9588444945215997,0.7558038667459845,0.8689087109102737,2.5178978950520445,1.791960668744232,0.3550000000000001,1688.4599999999627,-0.0014781037785834598,0.7580661571949002,0.6005,228
721,3.9646457604306864,0.11360470219749656,-0.9391156720892306,0.2609449606955934,0.83,747.2400000002235,0.0005204923092555317,0.9609919328813767,0.7558389548693587,0.8705125151064504,2.4986020919448615,1.789406941573895,0.355,1691.2799999993294,-0.001477128846347117,0.7575483517641372,0.556,227
722,3.929818082368082,0.1363361750305037,-1.1157920912237886,0.2102034617094965,0.867,1561.2000000001863,0.00030095658850220965,0.9640430245041033,0.5079265768524188,0.45649162127923015,1.1117058776315218,1.4068793274433087,0.2320000000000001,1640.6399999996647,-0.0008532074201042197,0.8412699759406567,0.9345,226
723,3.8856927795031053,0.1385747290895043,-0.6809427932058498,0.4323203585512264,1.439,1294.6200000001118,0.00036366271871904706,0.9666237089023625,0.7433769012485811,0.8566442048098095,2.7183449483840025,1.8308558254461669,0.3650000000000002,1769.9400000004098,-0.0013839651985544511,0.7537560620560109,0.5115,225
724,3.995516949152542,0.10585100036986574,-0.9359411340482415,0.04782645460688677,0.658,592.320000000298,0.0006145749475758053,0.9425568034313304,0.759834491017964,0.8767967940490623,2.473395358419358,1.7874612011018103,0.35399999999999987,1677.7799999993294,-0.001499919071064591,0.7586278857913769,0.456,224
725,4.019499385245902,0.09794945088030212,-0.8433220036283653,-0.1339474348919916,0.544,489.3600000003353,0.0006881184041579048,0.9410992998789567,0.7673442563482469,0.8815914461124851,2.3983142442381222,1.7710635453566699,0.354,1661.8799999998882,-0.0015258866618375437,0.7623656797514138,0.378,223
726,4.058929310344827,0.08214387569515096,-0.6419595825149513,-0.3925726125448291,0.387,348.72000000067055,0.0008028851641313908,0.964841340468696,0.7797612169637369,0.891722976491962,2.249462646301801,1.7378052111242641,0.353,1634.7599999997765,-0.0015766947951950082,0.7666938225046691,0.2225,222
727,4.130080681818182,0.05362978855281305,8.146355836947018,-2.1050492611874394,0.097,87.59999999962747,0.0018387711187540891,0.7799357834941401,0.8056804130579615,0.9108787650630366,1.930635085081632,1.6622449599023497,0.337,1506.660000000149,-0.0017651255039152125,0.7757727161100642,0.0555,221
728,4.16649,0.03023711663208337,6.978348972279125,-2.529891113495827,0.005,9.059999999590218,0.0,0.588591910067779,0.4321073660714285,0.3771029075372592,2.274379974162141,1.6162918512394608,0.10800000000000001,900.7800000002608,-0.0012598824556417742,0.7961241458971441,0.938,220
729,3.885294181536074,0.13827919313253992,-0.6725097363008938,0.43763171264593936,1.4380000000000002,1294.2000000001863,0.0003630699927266713,0.9658356035564238,0.7453201479795106,0.8570664021883689,2.7191005558647774,1.8307231675308353,0.3650000000000002,1764.5400000000373,-0.0013907859518771755,0.7553668170582419,0.0555,219
730,0.0,0.0,0.0,0.0,0.0,0.0,0.0,0.0,0.46554770240700216,0.45740522072623724,5.676409968223647,2.1576937382877572,0.119,916.9200000008568,-0.0014251099786457635,0.6880694430632703,0.2225,218
731,4.132634831460674,0.044250079869274594,-0.15854767455564467,-0.7995262916055983,0.098,88.38000000081956,0.0016430878527972448,0.9276003946154096,0.8192276098901099,0.9190919188931144,1.8334846935152136,1.6360182007376034,0.332,1464.0599999995902,-0.0018393981478184325,0.781728353207084,0.378,217
732,4.058354178674351,0.08230725463781566,-0.6543798019746099,-0.38764380477667393,0.386,347.70000000018626,0.0008073595152255183,0.9653899661868336,0.7794515769944342,0.8916679700765553,2.2912079848988256,1.7476777240189583,0.353,1625.5800000000745,-0.001584963892545903,0.7671275971534297,0.456,216
733,4.019107786885246,0.09794545050150195,-0.9395495425483498,-0.09731342390373593,0.543,488.9400000004098,0.0006890887097000479,0.9719951001224097,0.7671774134790529,0.8804817050019401,2.3948891770696,1.7704394541863295,0.353,1655.2199999997392,-0.001530139055691066,0.7626111433344964,0.5115,215
734,3.9472693687230995,0.13096421041345888,-1.140426575860247,0.12544082610378296,0.779,1401.7800000002608,0.000323006567244343,0.9784963386633008,0.507673658235657,0.4563827837592649,1.0911339654985142,1.4025367240274111,0.22899999999999987,1627.0200000004843,-0.0008599245710573926,0.8409893691736976,0.9335,214
735,3.886704672897196,0.1384701398684958,-0.684493070912414,0.4287362925115043,1.435,1291.5,0.0003643796007401539,0.9668293738969165,0.7458536752136752,0.8581903789711267,2.6752974168457477,1.820945131612718,0.365,1762.5600000005215,-0.001394745923867999,0.7548749300585579,0.556,213
736,3.9785711509715993,0.11024791573527674,-0.9370499100896748,0.16511320065605783,0.746,671.4599999999627,0.0005634951911618898,0.9425633563256938,0.7571577313432836,0.8731874501701425,2.4738498599986256,1.7866787164573754,0.3530000000000001,1682.8199999993667,-0.001488955540485772,0.7577133901988803,0.6005,212
737,3.9640822580645154,0.11375315501995484,-0.8840298274646816,0.2500852903275543,0.831,747.5999999996275,0.0005206241922177132,0.9345894015103979,0.7489848413631023,0.8663521345842641,2.574022052243417,1.8083535056861364,0.3560000000000001,1710.0600000005215,-0.0014507064286725497,0.754096831301235,0.6225,211
738,3.9580948849104858,0.11526397759951286,-0.864210494068967,0.2768041345933515,0.872,784.679999999702,0.000501996762937709,0.9322134591369828,0.7532794947121034,0.8692245009206786,2.503474139855582,1.7911609329208766,0.3570000000000001,1711.5600000005215,-0.0014551470386648558,0.7555023761682054,0.645,210
739,3.9521783454987833,0.11638727717462975,-0.869802118730366,0.3286263984020339,0.917,824.9400000004098,0.00048177421441415535,0.9554545945407986,0.7505310122878875,0.8663031604703711,2.542395479822563,1.799353163493036,0.3569999999999999,1714.679999999702,-0.0014478265644130063,0.7551979835402308,0.667,209
740,3.8943954076367384,0.1445086308239629,-0.9801196221937736,0.37918933660290205,1.082,1947.6000000005588,0.00025369750288775704,0.9672231354196847,0.5045298224852071,0.4553351402092554,1.1362558069529207,1.4159993875574872,0.23699999999999988,1697.4599999999627,-0.0008205818278079632,0.8389531535033447,0.931,208
741,3.886837587548638,0.1381387888326695,-0.6760077317407442,0.42982395896909736,1.433,1290.1200000001118,0.0003639895800343971,0.9657524180345416,0.7444581011938601,0.8570165082785286,2.6735562628125793,1.8204612239944007,0.365,1766.4599999999627,-0.001390562767811632,0.7540514290490316,0.689,207
742,3.9392288716814163,0.12068360873786708,-0.7824877274920397,0.35269058672605597,1.007,906.7199999997392,0.00045276953043225525,0.9254314413519886,0.7505746059544658,0.8647260748830057,2.5768850140294592,1.8036381305387539,0.359,1721.3999999994412,-0.001440236072401175,0.7555806757403151,0.7115,206
743,3.9339182108626196,0.12171225871596612,-0.7890072652571973,0.381365269151931,1.048,943.4400000004098,0.0004385132167090521,0.9505300552813082,0.7494809801633606,0.862864700677572,2.588718376845904,1.8060856552937898,0.3580000000000001,1722.6000000005588,-0.0014353503693933975,0.7557098494316292,0.756,205
744,3.92350531496063,0.12501704053818158,-0.7277269330075384,0.39365555385381396,1.135,1021.7400000002235,0.0004154091959290643,0.9463830033151965,0.7474823972206137,0.8613259982512679,2.6228234855024084,1.8126069692090112,0.3600000000000001,1736.8799999998882,-0.001419220774896957,0.7545753280495412,0.767,204
745,3.9198743022136666,0.126373682977874,-0.7148265069498301,0.40014727256420624,1.159,1043.5800000000745,0.0004111611231274382,0.9462827166696489,0.7497111435239208,0.8617622076692237,2.585342869342055,1.802562580865832,0.3580000000000001,1723.2000000001863,-0.0014350529442932287,0.7556786096221272,0.778,203
746,3.867235475466782,0.15001171516900658,-0.8397954947314252,0.4746332593412869,1.286,2314.9199999999255,0.00022041135513785047,0.9754370441235037,0.5039536940081443,0.4539257084305548,1.1162718568860734,1.4095775712911955,0.2410000000000001,1726.5,-0.0008054552558793291,0.8385065424724469,0.93,202
747,3.886503125,0.13844823632646153,-0.6817012191167207,0.42977156474524475,1.4300000000000002,1286.5800000000745,0.0003659244079324412,0.9659153141642235,0.7572297762478487,0.8599073951505274,2.558868895969411,1.7874047043701355,0.3680000000000001,1751.2200000006706,-0.0014169908330374501,0.7610222396906452,0.7895,201
748,3.915285780669145,0.12825177024008508,-0.699828760314154,0.3957205523036836,1.2000000000000002,1080.3600000003353,0.0004029093549424446,0.944209681882279,0.7448223306544203,0.8594655787776394,2.6766706075174778,1.8230973511535875,0.3619999999999999,1751.039999999106,-0.0014055508501448074,0.7533030017705684,0.8005,200
749,3.913034429223744,0.12877818504445515,-0.6950163461984422,0.40493983183286014,1.221,1099.2599999997765,0.00039783655817864804,0.9500457531831273,0.7442393348623854,0.8566174574454141,2.679480906944894,1.8219602083758457,0.361,1750.9799999995157,-0.0014011824560021314,0.7538357791777999,0.8005,199
750,3.9129423992673993,0.129005722760513,-0.7001341402888626,0.40330376461950795,1.22,1097.9399999994785,0.00039890209600866903,0.9502248059495451,0.7429779680365296,0.8573473430805972,2.702129828143576,1.828141278191644,0.363,1760.2199999997392,-0.0013935855677218597,0.7528971205757236,0.8005,198
751,3.862378110501898,0.15108350497070883,-0.816168821381011,0.4851603536483975,1.324,2382.899999999441,0.00021551343582184622,0.9767289941167181,0.5045861449275363,0.45480701410658503,1.1112243417578211,1.4094167741580463,0.242,1733.0400000000373,-0.000803432346257145,0.8387047027324563,0.9275,197
752,3.8873171249018066,0.13819208741500816,-0.68152367779643,0.4254762033162579,1.421,1278.5400000000373,0.00036739196810378405,0.9655301865253921,0.755333728144388,0.8571881653226551,2.6391201627081635,1.8014238488390637,0.3740000000000001,1782.9599999999627,-0.0013865595590192912,0.7610413894242192,0.8005,196
753,3.9144464285714293,0.12874994364684741,-0.7062807856845255,0.39536242923810133,1.219,1096.5,0.00039879943288339994,0.9504282376524681,0.7418770408163265,0.8578129906785226,2.750269314257073,1.8394136089482804,0.365,1773.5999999996275,-0.0013823498809111751,0.7525423441744086,0.8005,195
754,3.9132639853747717,0.1289164535127229,-0.697578483080926,0.40156152660596556,1.221,1098.4799999995157,0.0003984000370145473,0.9502160691580984,0.7389466439135379,0.8525170820939153,2.7680938246038345,1.8397048871069719,0.363,1766.0400000000373,-0.0013811925517794646,0.7517372528210801,0.8005,194
755,3.91255365630713,0.12919201062279387,-0.6947817866263319,0.40289019628027556,1.222,1099.2000000001863,0.0003991096399423094,0.950266864661594,0.743550888252149,0.855749744142099,2.704280415012592,1.8268333731227286,0.3619999999999999,1757.7599999997765,-0.001395281135532865,0.7539108040099387,0.8005,193
756,3.9132629017447194,0.1287981023835427,-0.6897804150225872,0.4016883472277905,1.218,1095.9599999999627,0.0003983144019861682,0.949637943353355,0.7331360022396416,0.8492431303723481,2.8452594410237833,1.8588170930614394,0.365,1794.1199999991804,-0.0013485967026902895,0.7489967796315548,0.8005,192
757,3.862882064297801,0.15120153579370776,-0.8191554198423097,0.4814378415890384,1.32,2376.1800000006333,0.00021636009642133472,0.9770407224137674,0.5045155172413793,0.454885936805874,1.0924326978888157,1.404078009898573,0.24499999999999988,1748.4599999999627,-0.0007971959150921108,0.8382826644780951,0.9235,191
758,3.889889178515008,0.13769138827298538,-0.6949560638198875,0.41068664095977636,1.413,1271.3999999994412,0.0003683956987780772,0.9656637871529018,0.7473456004427228,0.8491010593395211,2.741790743863329,1.8221602904363272,0.377,1813.320000000298,-0.0013470106164622194,0.7581034559853934,0.8005,190
759,3.9154932966023877,0.12793190083391648,-0.6917967511304033,0.3961127460270306,1.215,1093.7399999992922,0.00039705014812913643,0.9482393206148341,0.730082869855395,0.8471577299714691,2.9104424399573894,1.8718152001809005,0.367,1806.1200000001118,-0.0013350153617512153,0.7476484600979255,0.8005,189
760,3.915957957681693,0.12806190912145757,-0.6918679004708199,0.39313148387954866,1.214,1092.2999999998137,0.0003979276879135933,0.9475338445185288,0.7253278142076504,0.8449966860715982,3.001435958220517,1.892855431913439,0.3699999999999999,1835.4599999999627,-0.0013053637675041752,0.7457341513986316,0.8005,188
761,3.9164699448529414,0.12809051654905515,-0.6923125545962843,0.38543924252892003,1.214,1091.9400000004098,0.0003981917975887104,0.9479073152370978,0.7235623227917122,0.8427739825713236,3.0307528176813996,1.8988182364604624,0.3699999999999999,1841.820000000298,-0.0012963803800651295,0.7451120500614762,0.7895,187
762,3.865813887698243,0.14999085239408214,-0.8164370787505897,0.4790920386110574,1.303,2344.5600000005215,0.00021757390927057427,0.9756563473323147,0.5018791383219955,0.4545244572662097,1.136726527279495,1.4178494391837109,0.2470000000000001,1771.9199999999255,-0.0007838092022956561,0.8362666087185241,0.9205,186
763,3.890007052297939,0.13746582632712395,-0.6822330958652647,0.4141323672703183,1.409,1267.7400000002235,0.00036879234596011055,0.9650483934319432,0.763960734463277,0.8557427509581583,2.5871476119205976,1.7799513412692158,0.3799999999999999,1806.5400000000373,-0.0013684193319617871,0.7667170459175231,0.778,185
764,3.9195156920077974,0.1269086549830949,-0.6995024581169793,0.38262760371211074,1.173,1055.820000000298,0.00040810692078828024,0.9445694012874442,0.7345255600229753,0.8499901947211931,2.851876421804752,1.8588341987956933,0.3660000000000001,1792.9199999999255,-0.0013520419739436423,0.7497165094816409,0.767,184
765,3.922480257936508,0.12606316711242832,-0.7110079581052093,0.3771685086704293,1.1520000000000001,1037.5800000000745,0.00041272890354992386,0.944259599191958,0.7310900978698905,0.8454767620774395,2.8732844154659816,1.8612178212805217,0.3660000000000001,1791.2999999998137,-0.0013475616050214125,0.7486531545101917,0.756,183
766,3.9247086032388667,0.1251627262463183,-0.7221929590477956,0.3805365812484059,1.1300000000000001,1016.5200000004843,0.00041823453025289944,0.9462777997276409,0.7324627147766323,0.8477869833221026,2.851893120160881,1.8583448031711902,0.3660000000000001,1798.9799999995157,-0.0013445096684634701,0.748971357187003,0.7115,182
767,3.936189571899012,0.12106437943531652,-0.7692108732536935,0.3666623395260689,1.042,937.6800000006333,0.00043896531110550825,0.9485157077535366,0.7362826412918108,0.852848982513845,2.7817446284406344,1.847295166091744,0.365,1785.7200000006706,-0.001362053210956026,0.7499788196986213,0.689,181
768,3.887379417773238,0.14572418642145274,-0.934751313246772,0.4061806531314554,1.12,2017.1399999996647,0.00024667803947552556,0.9687599067045208,0.4990585237258348,0.45263326987846064,1.2024633804511993,1.4352602874840144,0.2430000000000001,1756.679999999702,-0.000785808347916395,0.8347061680728678,0.9185,180
769,3.889639574816026,0.13754395364906613,-0.6805941387549233,0.41223206306719323,1.4,1259.339999999851,0.00037138738453128684,0.9650667415496602,0.7526369909502264,0.8491638547962745,2.738356880484611,1.816107538981443,0.3800000000000001,1821.660000000149,-0.001345143656962524,0.7624695025981145,0.667,179
770,3.946909199522103,0.11787843141262548,-0.7860270799606086,0.3265509799307052,0.958,861.7199999997392,0.0004657693338579329,0.9296340667810542,0.7375270615563299,0.8571776305521281,2.766940791891475,1.8457449308353449,0.363,1773.7200000006706,-0.001376893866953822,0.749532207564971,0.645,178
771,3.953254636591479,0.1160711407228922,-0.8508861393869007,0.31879898152257735,0.911,820.6200000001118,0.0004825079166741517,0.9537963057025468,0.7325006936416185,0.8537413800589537,2.8045538317772767,1.8563544463273147,0.363,1780.3799999998882,-0.001363859275035486,0.7473293636001377,0.6225,177
772,3.9591491436100132,0.11447415924919109,-0.8177349253007615,0.26926837119520874,0.868,781.2599999997765,0.0005002685721295464,0.9259869304766809,0.7383389179755672,0.8588849209339258,2.72332536884183,1.8386057421637265,0.363,1770.480000000447,-0.0013822752404481168,0.7491747006998154,0.6005,176
773,3.9652147426981923,0.11283799356026623,-0.8484144300684706,0.24324796745111593,0.822,739.7400000002235,0.0005214055322293307,0.9312962057982525,0.7353789959607617,0.8566342324109236,2.7712582708981026,1.8506077669912613,0.3640000000000001,1783.9199999999255,-0.0013662856877834787,0.7484825328841945,0.556,175
774,3.928794803464357,0.136044595579212,-1.1031973817655147,0.2246429499842895,0.859,1546.4400000004098,0.0003027715817560717,0.9726608821986995,0.49914093078758953,0.4530482339133755,1.1994252257375662,1.435122462187873,0.2400000000000001,1727.339999999851,-0.0007992867183185745,0.8347373028406319,0.9145,174
775,3.8918894088669953,0.1367686705001609,-0.6822735631059875,0.4073632395710639,1.393,1253.7599999997765,0.0003709612046486431,0.9644411180048839,0.7675265235055136,0.8562847103294244,2.5027372987524696,1.7606994888576561,0.379,1773.7200000006706,-0.0014049346108081365,0.7684997528663832,0.5115,173
776,3.994704232804233,0.1045570337356913,-0.9664061070233823,0.08158575376901936,0.649,584.5200000004843,0.0006161394891486214,0.9676624754152235,0.7422237507348618,0.8651989561402388,2.6573792970041463,1.8291301544618137,0.361,1750.679999999702,-0.001409032438433601,0.75038100010088,0.456,172
777,4.018465042372881,0.09838566486728767,-0.8325098194656011,-0.12279254772237447,0.539,484.9199999999255,0.0006967626616299393,0.9402409224138719,0.7489411625148281,0.8720940059798978,2.6029259973168575,1.81947359980072,0.361,1736.2200000006706,-0.0014335983339587852,0.752686865631583,0.378,171
778,4.057159821428572,0.08320555534677376,-0.6564844631079887,-0.38508500905729626,0.383,344.88000000081956,0.0008220863801377261,0.9643651759723894,0.7659931914893617,0.88527648693696,2.4292710976595497,1.780956530060611,0.36,1693.859999999404,-0.001499383606056876,0.7602091174711088,0.2225,170
779,4.131440476190477,0.0454787176998861,-0.13370159577869645,-0.8086182405241875,0.095,85.5,0.0017422295190462228,0.9274105965309213,0.7929480640854473,0.9021754127091088,2.0437050201595515,1.6899817982512921,0.339,1541.3999999994412,-0.0017016166738032705,0.7706987335105329,0.0555,169
780,4.1689099999999994,0.023351871207440568,4.454811949750883,-1.992794273210358,0.005,9.179999999701977,0.0,0.588591910067779,0.4260482102908278,0.3730184547193115,2.466396859276207,1.6569113039580254,0.10900000000000001,918.5400000000373,-0.001217371253702616,0.7910960958843837,0.918,168
781,3.8912485572959605,0.13740174103909183,-0.6924238043710997,0.39849610542301583,1.387,1248.660000000149,0.00037433844301376797,0.9650104638546051,0.7538562605277934,0.8468405068194826,2.766616930557497,1.8229104307160537,0.3839999999999999,1833.7799999993294,-0.0013305893596572945,0.7648353045399439,0.0555,167
782,0.0,0.0,0.0,0.0,0.0,0.0,0.0,0.0,0.45313796498905906,0.44368564384089465,6.028284116707386,2.2025821819361484,0.119,941.1000000005588,-0.0013408246784523774,0.6800705171033016,0.2225,166
783,4.129536249999999,0.04883595180081109,0.9905902290660098,-1.06497667275533,0.091,81.59999999962747,0.0019233469487349656,0.8770724047385349,0.7968166223404255,0.9036662364478579,2.045321136969063,1.6877435461045,0.342,1547.8199999993667,-0.0016997403956507233,0.7729453465868857,0.378,165
784,4.057508682634731,0.08305022983192892,-0.652410154070433,-0.3856662934928961,0.381,342.90000000037253,0.0008257628149896894,0.9643181046721354,0.7641672925499696,0.8833429209109641,2.4627686548884657,1.7890589107957886,0.36,1697.8799999998882,-0.0014910553803620886,0.7600598214335538,0.456,164
785,4.0189903846153845,0.09826502693036201,-0.8062516004111959,-0.13308974899428577,0.536,482.28000000026077,0.0007002394027756055,0.9373489739327951,0.7476536094674556,0.8698827364141088,2.62151578958325,1.823680622438242,0.361,1743.480000000447,-0.0014217652376035466,0.7532777595970652,0.5115,163
786,3.9455595539033452,0.13141503484658604,-1.130895618938596,0.13823963756185248,0.77,1385.2200000006706,0.00032755257345249,0.9759802970729899,0.49773618421052634,0.4525980000744232,1.2351211561478141,1.446877587870796,0.23799999999999988,1721.640000000596,-0.0008003474570668922,0.8337299448501909,0.9115,162
787,3.8931301324503313,0.13685557661643924,-0.6847564008765765,0.3924049303183693,1.382,1244.160000000149,0.00037427764859254654,0.9642286292333213,0.7697839375348579,0.8457976812579457,2.6752276716763497,1.7854810671195973,0.395,1847.339999999851,-0.001333205564000287,0.7748308646260279,0.556,161
788,3.9802785381026435,0.10863858530833888,-0.9364765455423214,0.1848631385494643,0.734,661.2000000001863,0.0005636016852390939,0.9622979487865989,0.7389162980209547,0.8623746778378413,2.712133315127084,1.8400547378435994,0.3630000000000001,1770.5400000000373,-0.001385844763976715,0.7488150686620509,0.6005,160
789,3.9662513927576604,0.11197761901309894,-0.8848983713888288,0.2608919951390667,0.82,738.3600000003353,0.0005185596548295876,0.9567413988241089,0.7353143681477207,0.8578436008758502,2.7714463148766253,1.851146479894185,0.364,1784.7599999997765,-0.00136750391887464,0.7479202179282869,0.6225,159
790,3.9596310846560847,0.11433866437709161,-0.8048489730813464,0.26444422092251924,0.866,779.6399999996647,0.0004997145958693755,0.9245753659810371,0.7321958214081283,0.8562874959004425,2.832983400133445,1.8635307333870368,0.366,1800.179999999702,-0.001349795997333672,0.7464288198678591,0.645,158
791,3.952980527638191,0.11609410500897303,-0.8333828599904125,0.31310124358891644,0.91,819.1200000001118,0.00048341696439620734,0.9526866762283523,0.7342568221070813,0.8573257707151299,2.8043217669265204,1.8570524035790323,0.3649999999999999,1787.339999999851,-0.001364498143480788,0.7475512861098436,0.667,157
792,3.89242599893447,0.14448518957318038,-0.9532524198883201,0.3839768760646361,1.074,1933.0800000000745,0.000255574653389348,0.9685709550433595,0.4977712543554007,0.4519683354511557,1.2134235606147845,1.439035086040171,0.24499999999999988,1773.4199999999255,-0.00077733327193962,0.8336543685364993,0.9075,156
793,3.8936931780366053,0.13726910436877174,-0.7032120051645654,0.3899153728177723,1.377,1238.7000000001863,0.0003772469252602946,0.9655537160390127,0.7908493150684933,0.8526328692198081,2.4022642499565787,1.7138950881962716,0.39600000000000013,1803.179999999702,-0.001392791416914393,0.7838998973389592,0.689,155
794,3.9421508045977007,0.1191986296870053,-0.7863219909211634,0.343437504238663,0.995,895.2000000001863,0.00045326186990007504,0.9493237242638914,0.7317171821305841,0.8512156381881205,2.8540208862859773,1.863835365584902,0.365,1800.7800000002608,-0.0013433948559001916,0.7471929243320705,0.7115,154
795,3.93579978021978,0.12152068071540664,-0.7475462920830132,0.3595507686147603,1.0410000000000001,937.140000000596,0.00044077123192695926,0.9467496403206517,0.723357966101695,0.8466262968574897,2.9717055858004118,1.8895671556080051,0.3660000000000001,1821.9000000003725,-0.001316557703209304,0.7431891323602998,0.756,153
796,3.9245090263691678,0.12551108620787862,-0.7037296188465221,0.3646474067588679,1.1280000000000001,1015.140000000596,0.0004200904677045239,0.9438793083276901,0.7273171654432524,0.8473394599202551,2.957891497547079,1.8831795238459843,0.3680000000000001,1823.0999999996275,-0.0013198036340312158,0.7457362135670471,0.767,152
797,3.9213199401794614,0.126699886813522,-0.6943607768646975,0.35969559540987245,1.149,1034.160000000149,0.00041600710101419677,0.942655145090061,0.7266046892655367,0.8455725477682754,2.974695776273972,1.8855725888875607,0.3680000000000001,1824.5999999996275,-0.0013152741008602682,0.7457434315569124,0.778,151
798,3.866155830706889,0.15005656128350667,-0.8200156385216641,0.4657693430795688,1.272,2289.7800000002608,0.00022297644215246845,0.977073435862862,0.4940994366197182,0.4506582951847754,1.2426804166902734,1.4493315782596605,0.2510000000000001,1826.820000000298,-0.0007505765870706164,0.8306675650711273,0.9005,150
799,3.8945955536912753,0.13683079522145525,-0.6963505328501798,0.3899436364202421,1.365,1227.839999999851,0.00037918000119012847,0.9648405028084603,0.7796629691876751,0.8436137969529306,2.6299379226413038,1.7665042301493485,0.397,1837.980000000447,-0.0013438671740129307,0.7813633276270682,0.7895,149
800,3.9177970106075217,0.12825102406785138,-0.6896515743334874,0.35854485614468806,1.187,1067.7000000001863,0.0004082788438963435,0.947609952614851,0.7217090354767185,0.841991925573099,3.098254905758097,1.9116624536282356,0.3719999999999999,1857.4199999999255,-0.0012832140302608333,0.7441401108957383,0.8005,148
801,3.9138125708884686,0.12963462051895275,-0.683663667530038,0.3632247490415704,1.2100000000000002,1088.820000000298,0.00040470658032163033,0.9493412500714198,0.724785294117647,0.8381088390981872,3.1506876504167334,1.9172186043325292,0.375,1856.3999999994412,-0.0012819265860920775,0.7485778355403949,0.8005,147
802,3.913591981132076,0.12955579225469566,-0.6927688512794097,0.37339113400341956,1.214,1092.300000000745,0.00040314732107922665,0.9529066462989313,0.7291381059751971,0.841026081135783,3.017807786694485,1.8884671567663913,0.3700000000000001,1827.9000000003725,-0.001309861156417947,0.7498289526137352,0.8005,146
803,3.8611184245076595,0.1514047941076427,-0.7967562407729876,0.47405665030333405,1.308,2354.820000000298,0.00021877623487398298,0.9785808363822198,0.4961718006795017,0.45174153740914547,1.2213413547739913,1.4424581990319212,0.25,1818.4199999999255,-0.0007568691139594153,0.8321737505825583,0.8975,145
804,3.8945251895534962,0.13699636200051574,-0.7027313426613775,0.3865367195879486,1.3579999999999999,1222.800000000745,0.00038128178685491615,0.9654924323307768,0.8092215497737557,0.8466259609823307,2.3510405329656487,1.6775253410452242,0.40900000000000003,1821.0,-0.0013842905802761065,0.7952125336494208,0.8005,144
805,3.9136427488151653,0.12931937533424417,-0.6782495015440788,0.3703121090718668,1.207,1086.0599999995902,0.00040460152063234045,0.9495213288075434,0.7176094026548672,0.8376849335734116,3.167365235066743,1.9258468133314834,0.371,1861.6200000001118,-0.0012717803322158593,0.7430543433463299,0.8005,143
806,3.9130642789820924,0.12993123012743224,-0.6922671301405341,0.37152683131426123,1.213,1091.820000000298,0.000404490611027468,0.9524454926327732,0.7158562224669603,0.8318802548224494,3.2083257487498447,1.9300049517599673,0.371,1869.4199999999255,-0.0012589272562862999,0.744071896568154,0.8005,142
807,3.9137517502365187,0.1301609833637188,-0.7012765849755667,0.3622734902331326,1.2100000000000002,1089.1200000001118,0.0004062506274204602,0.952733701107985,0.725675,0.8378624355584606,3.1012122512017513,1.9053385464357204,0.373,1854.4199999999255,-0.0012829946782634658,0.7486854399670091,0.8005,141
808,3.9131999053030304,0.1302951815005678,-0.6953879344198799,0.36070848324198806,1.209,1087.7400000002235,0.00040709037229375136,0.9520176159140901,0.73072328539823,0.8352598352088121,3.0934866831421797,1.8973850004239783,0.377,1861.9199999999255,-0.0012780528190796717,0.753396617130343,0.8005,140
809,3.860911247803163,0.15143995026797777,-0.792741884546659,0.4757311539529278,1.3030000000000002,2347.019999999553,0.0002193681975558224,0.9786849076174065,0.49314860646599773,0.4508153802778927,1.249233277124591,1.451632512484868,0.2530000000000001,1848.2999999998137,-0.0007411517198147371,0.8295163667135481,0.8915,139
810,3.8958446049277833,0.13650975460473877,-0.700752620714213,0.378935768229949,1.346,1211.4000000003725,0.0003837083546767271,0.9646295153780778,0.8290304815864024,0.8496551188157208,2.20707027793431,1.6272675810240984,0.41900000000000004,1819.2000000001863,-0.0014045297698330682,0.8048627481931833,0.8005,138
811,3.914675071090047,0.12945288708902092,-0.6913134567934076,0.36581400015479154,1.2060000000000002,1085.7599999997765,0.0004052816758678862,0.9519097878630444,0.7190244024458031,0.8370111666469092,3.16418073107418,1.9211384060247398,0.371,1854.1800000006333,-0.0012790282280315246,0.7439399825556031,0.8005,137
812,3.913296880907372,0.12987078338930705,-0.6963625781733174,0.36375090460814974,1.211,1090.0200000004843,0.00040512479715014833,0.9539660241225516,0.7317108877721944,0.8373123085130991,3.0851259192778304,1.8957544080727216,0.375,1843.800000000745,-0.0012943884469336555,0.7532367056476406,0.8005,136
813,3.9131682765151514,0.1301119804519229,-0.6977256531237921,0.3643485674545744,1.21,1089.660000000149,0.0004056497975036315,0.9537921736061723,0.7289860178970918,0.8386699495250801,3.0662429714852077,1.894386820038564,0.373,1840.8600000003353,-0.0012972716427331833,0.7504094217226753,0.7895,135
814,3.86299710467706,0.15104873883057932,-0.7997021298558651,0.4706328462478269,1.2850000000000001,2313.4199999999255,0.00022206894137306716,0.9782948688412428,0.4943454241071429,0.4510654266997887,1.2383823421928808,1.447531529900556,0.2530000000000001,1846.320000000298,-0.0007430441409137319,0.8305627644140938,0.8875,134
815,3.89663641025641,0.13663303217889092,-0.7074122404109753,0.3688882860832579,1.338,1204.9199999999255,0.0003861556485534859,0.9651092651268555,0.7947515572858732,0.8436588429178719,2.5282997860224974,1.7286348686174997,0.40900000000000003,1853.0400000000373,-0.001344445438954628,0.7895976858866908,0.778,133
816,3.918962082514734,0.12837323180260937,-0.6916757205440835,0.3512907649536822,1.164,1048.019999999553,0.0004164570529299351,0.9471591979377894,0.7132044125758412,0.8333203769118722,3.237552145851172,1.9400516448684408,0.3700000000000001,1867.4400000004098,-0.0012592913136672656,0.7412801272345474,0.767,132
817,3.921546560319043,0.12697267082864086,-0.6944829280046303,0.34949352742230755,1.147,1032.3600000003353,0.0004181556000758548,0.948540932234955,0.7177995005549389,0.8344930679390905,3.1996414008731993,1.9274293254412072,0.371,1856.5800000000745,-0.0012734415627737997,0.7442374127843073,0.756,131
818,3.9240737538148522,0.12610102576679666,-0.7100173497592053,0.34816219204380333,1.1239999999999999,1011.7199999997392,0.00042388902381843685,0.9499046101739415,0.7174337583148558,0.8337925700691095,3.2039720379782803,1.927727213633632,0.3720000000000001,1861.2000000001863,-0.0012696080724967928,0.7440189663630428,0.7115,130
819,3.9357094505494508,0.12185434685222551,-0.7279463675259041,0.3352484141523535,1.0410000000000001,936.3600000003353,0.00044257571196884446,0.9456890561220294,0.7163360290016731,0.8409910182287117,3.1348821985405397,1.9219759818042406,0.3679999999999999,1846.9199999999255,-0.001286183820221157,0.740325440560628,0.689,129
820,3.8851447707367335,0.14540962697930032,-0.8932267052041691,0.410471021237744,1.11,1998.6000000005588,0.00024827958620867536,0.9710377780919054,0.49106060606060603,0.44829446512828164,1.2967124412349715,1.4628260301907123,0.25,1834.7400000002235,-0.0007424845273832024,0.8289596281789052,0.882,128
821,3.898981590319792,0.13612064316785544,-0.7110145804771366,0.3550483221434389,1.326,1192.6200000001118,0.0003894794129371485,0.9646969292824575,0.8156266776677668,0.8438411824689958,2.3769757863051773,1.6705859588005694,0.42399999999999993,1873.0800000000745,-0.001346331653534878,0.7989249595141339,0.667,127
822,3.948703143893592,0.11732864085930123,-0.7714778225875056,0.31158988805080473,0.946,851.9400000004098,0.0004687374639364311,0.9479269006533207,0.7166996649916249,0.8420808245221005,3.095517075872584,1.91519447807986,0.367,1843.7399999992922,-0.0012896446683656488,0.7401937649101403,0.645,126
823,3.951700501882058,0.11618595442123339,-0.7928486118364102,0.30584037689320515,0.911,820.4400000004098,0.0004827046279229275,0.9495810607046862,0.721981590909091,0.8479434243008065,2.9945760028269657,1.895764838000338,0.3639999999999999,1812.6000000005588,-0.0013240304770298706,0.7417195123534993,0.6225,125
824,3.9568321052631577,0.11533481349986305,-0.7629068678876489,0.2612931526367081,0.869,781.8600000003353,0.0005030381301004937,0.9223304482289421,0.7268659246575343,0.851700023833041,2.9208086134812747,1.8805101706905503,0.363,1805.2800000002608,-0.0013358482675130648,0.7437716015251369,0.6005,124
825,3.964256865464632,0.1127761404072734,-0.8440144562752612,0.25943990301085795,0.823,741.4200000008568,0.0005196180980762483,0.9540271230239384,0.7295610344827587,0.8535375971113724,2.8514980821261355,1.8670837618445906,0.3630000000000001,1792.5600000005215,-0.001352305937107944,0.7447869207384548,0.556,123
826,3.9234967957276368,0.13725027776744503,-1.0714047285989574,0.2511293798619795,0.858,1543.5600000005215,0.0003055955254967328,0.9695366066237545,0.49389515752625435,0.450854766263577,1.2888532370715806,1.460609184448803,0.2420000000000001,1764.8999999994412,-0.0007763756275658868,0.8306134103459507,0.8785,122
827,3.897571143847487,0.13629274315932072,-0.7013553006392002,0.36616241354021306,1.32,1187.5800000000745,0.00039093235748725326,0.9642202811233342,0.8258869829012686,0.8510278660625686,2.0994188188966483,1.605450383241902,0.42900000000000005,1867.8600000003353,-0.0013716703162051007,0.8015377540967726,0.5115,121
828,3.9932937611408197,0.10469379849422784,-0.9231791122727655,0.09637229313641704,0.64,576.7800000002608,0.0006235742879977434,0.9643484787987718,0.7316356195965419,0.858256396634322,2.8198010485779808,1.8647341061483174,0.363,1786.980000000447,-0.0013623922757121279,0.7453823948441387,0.456,120
829,4.014160297239915,0.09940056538601981,-0.7970849857940867,-0.09936739668632888,0.538,484.0800000000745,0.0007045462231629386,0.9343012540689369,0.7402381286549707,0.8676405527079414,2.708071568477952,1.8432199677442413,0.362,1762.3199999993667,-0.0013989090440735962,0.7483530236430495,0.378,119
830,4.052372916666666,0.08643749745218228,-0.452871232181018,-0.42752560299840325,0.384,345.71999999973923,0.0008512971568960403,0.9248883504597617,0.7479094786729857,0.8738322866667865,2.611487018329271,1.8238068818369495,0.36,1738.6200000001118,-0.001432349513876208,0.7517236132729488,0.2225,118
831,4.12561686746988,0.05691380907335514,6.102282234225328,-1.8575188612158635,0.094,84.71999999973923,0.002042786050261876,0.798826624592198,0.7753987096774194,0.8902982938063144,2.2147245642948405,1.7304041035563025,0.34400000000000003,1595.4599999999627,-0.0016130852570315577,0.7630916394624736,0.0555,117
832,4.171322222222223,0.015408258968632646,1.2574012319814631,-1.199164165647241,0.005,8.220000000670552,0.0,0.5616594212987628,0.41909379760609355,0.3695677410769409,2.6846510362871756,1.7031393651815931,0.10999999999999999,945.4199999999255,-0.001166110472777561,0.7846017534001888,0.88,116
833,3.898585987815492,0.13579522624427945,-0.6974419832878,0.36687032692384863,1.315,1182.9599999999627,0.00039085867608261774,0.9633431451990171,0.8892552719200887,0.8649872001424538,1.4825221684824914,1.420133147326781,0.45799999999999996,1857.179999999702,-0.0014405527227868014,0.8274680521694978,0.0555,115
834,0.0,0.0,0.0,0.0,0.0,0.0,0.0,0.0,0.4498049030786774,0.4370394864882405,6.337789601353444,2.241801798184816,0.113,902.4600000008941,-0.001376080187041852,0.6811483210982683,0.2225,114
835,4.1252810126582276,0.05544562611578693,4.585173441631751,-1.6450744924778498,0.089,80.33999999985099,0.0021272465714604356,0.8146654642909115,0.782330249343832,0.8917436138340761,2.1843606473064447,1.7204301648221296,0.34099999999999997,1569.2999999998137,-0.0016477815965936905,0.7675707415940245,0.378,113
836,4.053021321321321,0.08617486038343361,-0.45349654620420177,-0.43459832650353325,0.38,342.0,0.0008564775316765627,0.9247249101435494,0.7548007177033492,0.8791698481876986,2.551079724403495,1.8103467394047268,0.36,1722.0599999995902,-0.0014573544839279868,0.755043814875833,0.456,112
837,4.0148480769230765,0.09904712749618035,-0.776415041325436,-0.10333578752372297,0.536,482.51999999955297,0.000704953105902375,0.9348778836703792,0.7403764671361502,0.8654814125845,2.68376833459914,1.837773212921947,0.36,1754.2799999993294,-0.0014042086075588297,0.7490525622957798,0.5115,111
838,3.9393633655994047,0.1331686052899256,-1.095952815125182,0.1651067522924802,0.768,1383.2400000002235,0.0003318419458102384,0.9537729903842032,0.4940814117647059,0.4514250007567017,1.2869940499954495,1.460666137561966,0.24,1750.199999999255,-0.0007836930475943443,0.8307319208225165,0.8735,110
839,3.8996256993006995,0.13535777608043917,-0.6995614751894661,0.36329583551270034,1.308,1176.9000000003725,0.00039174064896972135,0.9637126552137442,0.8777076314301866,0.8521682291303987,1.786717002776208,1.4869548633122949,0.44399999999999995,1822.019999999553,-0.0014391955812769724,0.8248869987571508,0.556,109
840,3.978742113564669,0.10834497377418696,-0.7888052103076522,0.14827649670757947,0.727,654.0,0.0005677775324935794,0.926275192649248,0.7254540045766591,0.8529904730680181,2.8874456158357704,1.8792081477993055,0.3620000000000001,1798.8600000003353,-0.0013419992801845819,0.7422898546828699,0.6005,108
841,3.9650531380753136,0.1121538295736876,-0.8263272593349607,0.2489989508040982,0.819,737.4000000003725,0.0005196298926619842,0.952593299868576,0.7274368810472397,0.8507895925166725,2.912808924173075,1.8791697538334036,0.365,1809.7800000002608,-0.0013330505757060392,0.7448405740984393,0.6225,107
842,3.959947941567065,0.11347611098834473,-0.7922787315591435,0.2684541897228598,0.86,774.480000000447,0.0004998845932778994,0.9498424249277521,0.7181379059350506,0.8462326862674552,3.066993225549167,1.9134186505038941,0.3670000000000001,1839.0,-0.0012987888341417168,0.7399545509491258,0.645,106
843,3.953474559193954,0.11571922375583436,-0.7696422701837489,0.2868910797257652,0.907,816.7800000002608,0.00048286161216584423,0.9479354707360097,0.7201665540540539,0.8455004197343011,3.054902921230024,1.908472922302251,0.3659999999999999,1829.7000000001863,-0.0013050387932267266,0.7418048174039563,0.667,105
844,3.889877801724138,0.14451243680413095,-0.9107098994011826,0.38599757176375926,1.062,1912.320000000298,0.00025807753722246877,0.9705850032759494,0.49170228158041185,0.44829717244500406,1.296787673214407,1.462966677170433,0.2530000000000001,1850.5200000004843,-0.0007360666261553642,0.8299815777972609,0.8665,104
845,3.902422859664607,0.13523419823673974,-0.7043533900326233,0.34453558380552235,1.297,1167.2400000002235,0.00039484195060907046,0.9623382495881555,0.8809725243274185,0.8541816153452355,1.804573501259343,1.487169634935791,0.43999999999999995,1799.8799999998882,-0.0014613716821990105,0.8251763982525124,0.689,103
846,3.9425996531791903,0.11965218357640531,-0.7298135928788492,0.3090035913281898,0.989,890.5200000004843,0.0004572672944495675,0.9451498532071337,0.7164592925322854,0.8413606507287942,3.1502527025893805,1.9266487092479239,0.3650000000000002,1835.0400000000373,-0.0012940727029263908,0.7406785977450926,0.7115,102
847,3.9361429042904295,0.12219781070598418,-0.7043407034952178,0.30866337635473556,1.0390000000000001,935.820000000298,0.00044418496950910427,0.9423710968242306,0.7137961602671118,0.8382650577670654,3.2229146047230923,1.9402246922232556,0.367,1850.2199999997392,-0.0012760817408599987,0.7404129123718594,0.756,101
848,3.924777845528455,0.12658185517700957,-0.6793285459187057,0.31371495877570466,1.125,1013.160000000149,0.00042492867209800364,0.9445309102172458,0.7124627006087437,0.8338430684783573,3.2874096328684246,1.950863274554386,0.369,1861.2600000007078,-0.0012621819291435954,0.7410195197923819,0.767,100
849,3.9221638722554895,0.12763826990456825,-0.6784268169649992,0.3159727204227527,1.1460000000000001,1031.3999999994412,0.00042109779377463044,0.9469045365456933,0.714350743801653,0.8324802539703563,3.3072137249949876,1.9529939040640116,0.371,1871.820000000298,-0.0012546167335749673,0.7432841485330515,0.778,99
850,3.864125432211101,0.15060316069418486,-0.7957780964944052,0.45100248403948673,1.258,2263.9199999999255,0.00022646585504796155,0.9793359608339118,0.49157647382920105,0.44935561569040017,1.2699257031484814,1.4568977271799677,0.2550000000000001,1870.2000000001863,-0.0007303918693808589,0.8287278764003724,0.861,98
851,3.9046569271758442,0.13488640000951593,-0.7087554256482989,0.3297829119063731,1.2870000000000001,1158.539999999106,0.00039689621636793273,0.961951549366437,0.8420784065934066,0.8308385758967378,2.43352549927128,1.6465585520068684,0.43899999999999983,1874.699999999255,-0.0013397253241340845,0.8137997720308278,0.7895,97
852,3.917907087378641,0.12937809214536317,-0.6892777705036277,0.328001658833728,1.18,1061.5800000000745,0.00041490429774247413,0.9523145508218869,0.7137301762114537,0.8301452331518306,3.342042105135701,1.9588311953194566,0.3700000000000001,1870.7999999998137,-0.001251310500585232,0.7437601962774676,0.8005,96
853,3.913614624881292,0.13111990222423733,-0.7076990498896727,0.33068187271186,1.2040000000000002,1083.3600000003353,0.0004118862225145672,0.9560338551605986,0.7009990185950413,0.8166452134527986,3.579835698242726,1.9977358398744567,0.3879999999999999,1994.519999999553,-0.001150650789841606,0.7387177773948141,0.8005,95
854,3.9140005714285717,0.13107116478461373,-0.6927911502701285,0.32305872399329205,1.202,1081.3199999993667,0.00041280235211208193,0.954068087113159,0.7093293094072866,0.8291339023953358,3.4057529638276325,1.9719672066437115,0.373,1895.4000000003725,-0.001230340905798006,0.7405289934472739,0.8005,94
855,3.859919333333333,0.15175237222597757,-0.781429451096157,0.46014220909570613,1.288,2317.9199999999255,0.0002228113522444265,0.9803851276072502,0.4919525881057269,0.4499837423618683,1.2692155752046013,1.4564155824164888,0.2549999999999999,1870.7400000002235,-0.0007308624623481722,0.8291237580706412,0.8585,93
856,3.903652181656278,0.13515205776642164,-0.7087761093738298,0.33366847602027155,1.285,1156.2000000001863,0.0003983967249519213,0.9624809685154396,0.821955934065934,0.8340658657003683,2.504806017989279,1.6842404690696058,0.42799999999999994,1876.679999999702,-0.0013327739307676947,0.8044554110743846,0.8005,92
857,3.9145317399617587,0.13078901745675958,-0.6955817485192886,0.3263415033999483,1.197,1077.660000000149,0.0004133488398134834,0.9546848303375512,0.7094205240174672,0.8294115393256349,3.410012774396259,1.974290973432277,0.3719999999999999,1887.9000000003725,-0.0012350989080925627,0.7409680605055716,0.8005,91
858,3.9139588962892478,0.13133005199304137,-0.7098080752553617,0.3277593735984146,1.203,1082.7599999997765,0.0004130280739285976,0.9569794879518765,0.7045924097664544,0.8237689264441609,3.536213227155086,1.9968862184785028,0.379,1942.5599999995902,-0.0011889307028824412,0.7397348885061641,0.8005,90
859,3.913996666666667,0.13121272164170217,-0.7066931702894523,0.32600508166179676,1.201,1080.9000000003725,0.0004135247661585373,0.9564635876102765,0.6991631918323481,0.8257452638679463,3.51442790974156,1.9994392220762527,0.3719999999999999,1917.2400000002235,-0.0012040527164321497,0.7349261211413506,0.8005,89
860,3.9137746666666664,0.13134788940673808,-0.7017540646288563,0.32025108785872264,1.201,1081.679999999702,0.0004136662300983699,0.9557877932202332,0.7059237731733916,0.8298764133610961,3.441843545443617,1.9843779283444594,0.3699999999999999,1889.5200000004843,-0.001231900915703774,0.7383906882694373,0.8005,88
861,3.8599777430865303,0.1518001092341159,-0.782583741129141,0.45451040100865703,1.285,2312.5800000000745,0.00022334697881685344,0.9807388524966739,0.48983753409710856,0.44827116525265465,1.2887415903978852,1.462104887111573,0.256,1887.7800000002608,-0.0007211660210909481,0.8274028636854242,0.854,87
862,3.9038317160826597,0.13497136023954165,-0.7006257280853685,0.33422250229150974,1.276,1148.4000000003725,0.00040070244451317194,0.9621280300317766,0.8196122414756847,0.8382520985727955,2.5037742808543486,1.6957824421956893,0.4189999999999998,1845.0,-0.0013572993096629116,0.8034589765282645,0.8005,86
863,3.9137853728489485,0.13144760327922028,-0.7013796582254801,0.3182918625941324,1.199,1078.5,0.00041477737834215233,0.9551415628374662,0.7115793763676148,0.8301433112447678,3.380481898468135,1.966692716208815,0.3720000000000001,1883.160000000149,-0.001241441046020238,0.7418172630824434,0.8005,85
864,3.9129898095238094,0.13191333175000167,-0.7062081477338142,0.3199959838878829,1.2020000000000002,1081.9799999995157,0.00041555072114469294,0.9567626182220014,0.700409544235925,0.8238625567204401,3.5257104328167514,1.9991950129452947,0.373,1921.0800000000745,-0.0012009930630892329,0.7365527195382723,0.8005,84
865,3.912665300285987,0.13200150508384081,-0.7090266547009496,0.31733486801869737,1.2000000000000002,1080.1200000001118,0.00041653648044933365,0.9571075799436999,0.705177928416486,0.8287893322164,3.442269220142581,1.9837766746563967,0.3719999999999999,1900.0200000004843,-0.001223806798992564,0.7379370637833201,0.7895,83
866,3.861108073973839,0.1514014381728602,-0.7847125810404507,0.4546397006191312,1.268,2283.9000000003725,0.00022564928441856264,0.9803901106939108,0.4889284153005465,0.4483449708579382,1.2927708942334393,1.4645019846640024,0.256,1887.660000000149,-0.0007211774804683359,0.8265522609654237,0.8515,82
867,3.9045123646209388,0.13486171505151034,-0.714580729715256,0.33029868193448336,1.268,1141.2599999997765,0.00040287815984472964,0.9632751624479562,0.8075480907581628,0.8348765313357757,2.6420339203241756,1.73272498589772,0.41700000000000004,1863.1200000001118,-0.001331773552239782,0.7984352751050675,0.778,81
868,3.919375988142292,0.1292317145671382,-0.6949536148114643,0.3139405456593188,1.159,1042.9199999999255,0.0004220888961273498,0.9528801881011936,0.7009026030368763,0.8263380142381795,3.4774654576859296,1.9926698234357993,0.369,1900.019999999553,-0.0012171413930158127,0.735602245522525,0.767,80
869,3.9217739739739743,0.1283902819231578,-0.6955822849415014,0.30524018573607276,1.1440000000000001,1029.4199999999255,0.0004245981674175188,0.9515296253656488,0.6996224864864865,0.8266115950081553,3.4935581884857205,1.9965309265001667,0.3699999999999999,1906.199999999255,-0.0012129809352831324,0.7346089978456818,0.756,79
870,3.9244016309887875,0.12739840024542012,-0.6780296880002954,0.2911668069740092,1.123,1010.7000000001863,0.00042897849678336976,0.9468999580991423,0.7017718546637745,0.8280158614478025,3.4853854446277346,1.9939420331792224,0.3700000000000001,1900.3799999998882,-0.0012187302573064749,0.735626338470629,0.7115,78
871,3.936221145374449,0.12290285419802398,-0.6817094075101133,0.2805742685673351,1.038,934.9200000008568,0.00044739957797055083,0.9388310890738697,0.7041815803814714,0.8314131830684746,3.4004832799902296,1.978153986848503,0.3699999999999999,1890.4199999999255,-0.0012326764496096486,0.7359405965826159,0.689,77
872,3.8822892523364487,0.14586435984858712,-0.8608366631484032,0.4064823077187854,1.1030000000000002,1986.0,0.00025040196705121545,0.973064761107451,0.4890975220264317,0.44768292536490345,1.3139816289932575,1.4687534895600989,0.2539999999999998,1870.5,-0.0007260024140431755,0.8271741671948147,0.8465,76
873,3.906194818181818,0.1345132241824153,-0.7113475028543883,0.3196060537608203,1.259,1133.160000000149,0.0004049076882106591,0.9626618918909104,0.7857054794520547,0.834951574038696,2.760903304433361,1.7791099986403995,0.41000000000000014,1880.5200000004843,-0.0013047961039781481,0.7869601062351312,0.667,75
874,3.9470551932367153,0.1185062881186595,-0.7305169582417355,0.2754658492349368,0.947,852.6000000005588,0.00047349389329389633,0.9466723055722548,0.7081758923668314,0.8369649158859631,3.291145380875072,1.9571019660587112,0.3690000000000001,1876.679999999702,-0.0012523053899713681,0.7365187776144411,0.645,74
875,3.951466035353535,0.11732813665748874,-0.7553669608106945,0.2707216104561496,0.908,817.4400000004098,0.0004889240000736101,0.9484453432080492,0.7119423353624793,0.8396248697945344,3.220937410278779,1.9425933990133568,0.3679999999999999,1861.859999999404,-0.0012680990702906817,0.7381797720865114,0.6225,73
876,3.9576388079470206,0.11493031086996724,-0.7675618310425096,0.2499265894880779,0.863,777.0600000005215,0.0005046054136410795,0.9491817784330314,0.7109072535991141,0.8400548245513891,3.1589138934346668,1.9313451027714712,0.3680000000000001,1862.0999999996275,-0.0012693874040877451,0.7370125100166249,0.6005,72
877,3.9631613668061365,0.11359197894820504,-0.6982542862650254,0.19960528016971948,0.821,738.9599999999627,0.0005244472154193159,0.9167507354754714,0.7182987136465324,0.8458142018260603,3.0762107502805573,1.9143360436668393,0.367,1842.7800000002608,-0.0012953288215885135,0.7401759909746191,0.556,71
878,3.9189321954484604,0.13794075813110354,-1.0293432903275963,0.26730980938926246,0.855,1540.5600000005215,0.0003077448850803128,0.9666015505438588,0.4905909195402298,0.4487465903554931,1.3283405602983809,1.4722231208940046,0.245,1792.2000000001863,-0.0007598615416994301,0.8285156510297349,0.8455,70
879,3.903516529680365,0.13486674454816808,-0.7131735641758157,0.32672795006016314,1.253,1127.7000000001863,0.00040787026093528744,0.9642755214128961,0.8329415488976822,0.8479336008405831,2.1671406143672733,1.6138174767261149,0.42300000000000004,1824.0,-0.0014023652478304216,0.8068129688567903,0.5115,69
880,3.989707295373665,0.10601429224678338,-0.7763888149854838,0.0604696600583874,0.644,579.2400000002235,0.0006276120457723985,0.9284505753015042,0.7248714611872147,0.8534954922695374,2.888954412859886,1.8795985659136059,0.363,1804.5,-0.0013384794106326568,0.7418389494407042,0.456,68
881,4.011065744680851,0.09977868557392429,-0.8751800788518613,-0.04762032356826065,0.537,483.3600000003353,0.0007092259885796477,0.9650534688621969,0.7294389497980381,0.8580692217930346,2.829258379530243,1.8700370752522064,0.363,1787.5800000000745,-0.0013606212429947075,0.7438718098677997,0.378,67
882,4.047818208955224,0.08794297892209892,-0.7111501104403084,-0.3313859684895866,0.383,345.12000000011176,0.0008693090290286386,0.9638800319535583,0.7411183948447568,0.8686553505998079,2.71166566721252,1.8452754668170686,0.361,1758.7799999993294,-0.0014033041932678483,0.7487621772374983,0.2225,66
883,4.1213870588235295,0.058073838032848706,3.9180098149421063,-1.537583266019746,0.096,86.5800000000745,0.0020866935346948207,0.8218801230494915,0.7668711353431688,0.883264466753417,2.3120890185323226,1.7525388353084235,0.342,1605.9000000003725,-0.001584339265834106,0.7597605447828493,0.0555,65
884,4.164063636363636,0.028849723490088127,5.375447059875743,-2.1834090148296714,0.006,10.259999999776483,0.0,0.6129553096878929,0.4166106406080349,0.36819220248887796,2.7255267192472594,1.7128958129214837,0.109,947.820000000298,-0.0011566100147287093,0.7824901922606188,0.848,64
885,3.9037839122486298,0.13550325457634874,-0.7200598352103142,0.32430619211264766,1.253,1126.859999999404,0.000410091390344526,0.9646152533048582,0.8427971558589306,0.8557535815806067,2.0064211495403086,1.5799631522827868,0.42400000000000015,1811.6399999996647,-0.0014284020078295207,0.8102852717971356,0.0555,63
886,0.0,0.0,0.0,0.0,0.0,0.0,0.0,0.0,0.4493393296089385,0.4422713613685589,6.716168897105238,2.2981198794864777,0.115,924.0600000005215,-0.0013519510374735211,0.6736006715608996,0.2225,62
887,4.124432530120482,0.05077939400697434,-0.21165419506577443,-0.7862911671688101,0.093,84.54000000003725,0.0019706298137651605,0.9288043582358463,0.773825392670157,0.8864802581802169,2.292962244761325,1.7454967869907128,0.338,1574.339999999851,-0.0016269639276994192,0.7638519248261213,0.378,61
888,4.047239762611276,0.08808477462860452,-0.7083310555785398,-0.33381932355977517,0.383,345.3600000003353,0.0008709201181897824,0.9639410613134963,0.7467809210526317,0.8713834310604142,2.6234535194103277,1.826054714336085,0.357,1722.2400000002235,-0.0014405992752438543,0.7519405743664926,0.456,60
889,4.00932914893617,0.10126838321266196,-0.7630300971661974,-0.08289811374635389,0.539,485.339999999851,0.0007154024210758661,0.9333837932638843,0.7386299411764706,0.8643470292971074,2.723452553809162,1.8455635849502583,0.359,1752.1200000001118,-0.001403113565008838,0.7483148441468751,0.5115,59
890,3.933299331352155,0.1346366348985359,-1.0855891632718344,0.19654305300697764,0.77,1387.2600000007078,0.00033426377293143414,0.9714212301054251,0.4943897497020262,0.450124767970422,1.2828939479375645,1.4578410924220402,0.23799999999999988,1729.7399999992922,-0.000791104169175054,0.8315476437031701,0.8425,58
891,3.9031245196706315,0.1355504555198609,-0.718777361663868,0.3300560729198475,1.249,1123.9799999995157,0.0004112203643606542,0.9648534272157471,0.8646043874643874,0.8631875122924024,1.8089960764252764,1.5205388054608617,0.43399999999999994,1807.2000000001863,-0.001456624447932446,0.8180051346741458,0.556,57
892,3.9747990595611284,0.11001153770971242,-0.8413471506460941,0.17591446813058922,0.729,656.7000000001863,0.0005734877308764336,0.9569558646954542,0.723944827586207,0.8506903744770918,2.933179173327794,1.8865653223858652,0.361,1793.2800000002608,-0.001343114095180662,0.7423981564982403,0.6005,56
893,3.960798470097357,0.11423493402133815,-0.7920680071220665,0.2291457775218814,0.822,739.980000000447,0.0005271644031074849,0.9522991828442423,0.7246608123569794,0.8481173572973745,2.939726824228968,1.8848334684563854,0.362,1800.1200000001118,-0.0013345935591728357,0.7437508616926315,0.6225,55
894,3.954446367239102,0.11636673181438609,-0.7655861398397117,0.24738344553904987,0.865,779.160000000149,0.0005096480416044505,0.9499567689097022,0.7205564131668557,0.8446331020086885,3.0219269741497383,1.901163943877965,0.363,1814.4599999999627,-0.0013163238523503985,0.7424200947176456,0.645,54
895,3.948529848866499,0.11854658744745632,-0.7495162928655086,0.25685179408084136,0.91,818.4600000008941,0.0004937735449069862,0.9495408857093901,0.7225626704545456,0.8469351161045942,3.032776681900744,1.9025902276028257,0.3639999999999999,1813.1399999996647,-0.0013212165078014303,0.7427913210230808,0.667,53
896,3.884268810289389,0.14613064885020785,-0.8871127679934805,0.3939825576413641,1.068,1922.5800000000745,0.00025943937967169565,0.9732412020132561,0.4939446171560161,0.44980058288295865,1.2646284239593344,1.4535455972448592,0.246,1789.980000000447,-0.0007644662967667253,0.8311285040228202,0.838,52
897,3.9031227440147327,0.13584282232139558,-0.720401189601608,0.32657172329581263,1.242,1118.2199999997392,0.00041435232747816464,0.9652437854078839,0.8426852383687534,0.8581991609642077,1.9649024278072895,1.572173501235985,0.41999999999999993,1793.699999999255,-0.0014464690549093806,0.8089635344191551,0.689,51
898,3.9372283737024225,0.12296479754054868,-0.707763432812258,0.27362157724792974,0.993,893.5800000000745,0.0004690926259463531,0.9453947057574833,0.7206175240248729,0.842871685187296,3.1172033711106018,1.9172832870518386,0.365,1824.179999999702,-0.0013054312118728913,0.7432448851779642,0.7115,50
899,3.9306703296703294,0.125606869976804,-0.7133914015893099,0.28582647705172276,1.042,937.3799999998882,0.0004563762414609431,0.9511407340672247,0.7182308732394366,0.839203249655485,3.17923428885517,1.9286910722900867,0.3640000000000001,1828.5600000005215,-0.0012962742906666644,0.7428349423458125,0.756,49
900,3.918881262729124,0.13001259342763702,-0.710228327396067,0.297317343547331,1.123,1011.3000000007451,0.00043808458684772947,0.9557008230469733,0.725347329960652,0.8372560664968179,3.186864729819531,1.923807091161264,0.369,1833.4199999999255,-0.001294090536593343,0.7495602629080561,0.767,48
901,3.9163665330661326,0.13145807132219636,-0.709754945554883,0.2962682768058837,1.1440000000000001,1029.4199999999255,0.0004351380144888515,0.9566904470958366,0.7263409167132476,0.8359248929996758,3.187745532844172,1.9202690104768934,0.371,1844.0400000000373,-0.001286492171241388,0.7502271090032095,0.778,47
902,3.859855514705883,0.1522927983502311,-0.793913712123647,0.45276824349090683,1.246,2243.94000000041,0.00023123630171656304,0.9812833334174874,0.4930372159090909,0.44968879312342896,1.2558134886374104,1.4512250570694816,0.248,1813.140000000596,-0.0007544640211614359,0.829949437854244,0.833,46
903,3.905607899628253,0.1356032116751207,-0.7292558967978149,0.3101682532035938,1.232,1108.7999999998137,0.0004172984566399311,0.9649060258749381,0.8145518456375839,0.8438959366329749,2.415689390992883,1.6859535509033878,0.41600000000000015,1841.7000000001863,-0.0013651517686932946,0.7996824155395136,0.7895,45
904,3.912864585365854,0.13286287244914685,-0.7188044677272689,0.29977397368182424,1.174,1056.4799999995157,0.00042920318023259433,0.9595535887887813,0.7235939091915836,0.8335543598612918,3.2513068961820144,1.9343042666639643,0.373,1860.9599999999627,-0.0012696083314474884,0.7493627173773968,0.8005,44
905,3.9081553639846742,0.13497609638865665,-0.7272115167327211,0.30133816275294956,1.195,1075.0800000000745,0.000428443353578083,0.9624195874301119,0.7286661317100167,0.8314516420190665,3.231138557163,1.9249649419052177,0.377,1863.1200000001118,-0.001269503004898327,0.7540577654936695,0.8005,43
906,3.9083973128598846,0.13486896801205922,-0.7376043598299855,0.3045283374057341,1.1920000000000002,1072.679999999702,0.00042910344611377945,0.963791151876892,0.7221778642936596,0.8325296155898404,3.2687293199103244,1.9391160012891115,0.373,1854.3600000003353,-0.0012728129601639719,0.7488112698796355,0.8005,42
907,3.856825992779783,0.15320453647577348,-0.7863485671291222,0.4579395155070928,1.268,2282.640000000596,0.00022850617351406077,0.981888382598678,0.4908197523916714,0.44876673887617863,1.2735843040323296,1.4573467122336776,0.25,1830.5400000000373,-0.0007452780676705875,0.8279565098732123,0.83,41
908,3.904867070895522,0.1358306960531819,-0.727096333114182,0.3151426547453532,1.2269999999999999,1104.9599999999627,0.00041958314630900344,0.9651962192229433,0.8072514140271493,0.8456436667558044,2.44342506567014,1.6963040615032194,0.40900000000000003,1822.6200000001118,-0.0013799737376725026,0.7942843019557378,0.8005,40
909,3.9089441770933586,0.13475674473906663,-0.7322515524185378,0.29861584540167957,1.189,1070.339999999851,0.0004293234297908765,0.9625216830056185,0.7172863261943987,0.830510386419271,3.360719048078688,1.9594217988564864,0.373,1876.9199999999255,-0.0012488625385427975,0.746383167574029,0.8005,39
910,3.9086514423076917,0.13515362505526426,-0.7374255142254675,0.2965967229805364,1.191,1071.7200000006706,0.0004303952079854382,0.9635534225146366,0.7129130148270181,0.8307468100891982,3.3788936200603716,1.9668235206318434,0.371,1876.5,-0.0012467904013187497,0.7430205766686756,0.8005,38
911,3.9103903660886314,0.13464083893751683,-0.7398090636092691,0.2888534029491786,1.188,1068.6000000005588,0.0004302942757914239,0.9637025835446804,0.7056914223669924,0.8278699992886247,3.489218836173637,1.9930111167450828,0.371,1898.9399999994785,-0.00122266995047861,0.7388903748984113,0.8005,37
912,3.9105532755298653,0.1349251708178101,-0.736909336827384,0.2785706420672516,1.188,1069.0200000004843,0.00043105968220791827,0.9629415503570685,0.7037002698327037,0.8239330605954951,3.551910568837865,2.001899950937953,0.3740000000000001,1909.980000000447,-0.0012103244165001666,0.7386053219954088,0.8005,36
913,3.85788075351793,0.15272588117037814,-0.7849994926490709,0.44848822989754583,1.261,2270.5200000004843,0.00022915219304184614,0.982153820907773,0.4896087699944842,0.44717842629044735,1.291420326414758,1.4614847979634866,0.254,1867.7999999998137,-0.0007274106032202317,0.8276345092965458,0.8235,35
914,3.9089594900849858,0.13461487533606203,-0.7267570817634987,0.29582952571079546,1.213,1091.4599999999627,0.00042117554979537284,0.9638138183140191,0.7910693458980045,0.8364976935283979,2.73497136457798,1.7685682653852208,0.4079999999999999,1859.4599999999627,-0.0013251995404294553,0.7896278296032928,0.8005,34
915,3.9110369439071566,0.1347653564743406,-0.7426312957919681,0.28167239187987353,1.184,1065.2999999998137,0.00043194804410054096,0.9632495439411456,0.6999606125738849,0.8242055083021095,3.5843386160447004,2.0135526341112597,0.373,1917.5400000000373,-0.001200578388645341,0.736097659826637,0.8005,33
916,3.9105665703275534,0.1348472259956348,-0.7365336729257139,0.2790778986257232,1.186,1067.3400000007823,0.00043138376089228025,0.9635573130514131,0.7124892566467714,0.8284466461777293,3.448424408778174,1.977726243595883,0.375,1898.7599999997765,-0.001228266954902013,0.7436594913150055,0.8005,32
917,3.9110651837524175,0.1350018916601005,-0.7407493020378828,0.2712801819777688,1.183,1064.9400000004098,0.00043302991035862077,0.9635678653196338,0.6935583510638298,0.8229321929497766,3.6671214565500456,2.0343413764826725,0.373,1938.0600000005215,-0.0011819160204656367,0.732279603181499,0.7895,31
918,3.8595935202205887,0.15220932084171654,-0.7858963431435146,0.44250373003087706,1.246,2242.2599999997765,0.00023130094868023505,0.9820998414752421,0.486882972972973,0.4474065991119944,1.3386220180181958,1.4766257659257933,0.2570000000000001,1907.0999999996275,-0.0007109925901141043,0.8250758975457669,0.8185,30
919,3.911639068441064,0.13434741040835899,-0.7328429312645102,0.28062204946810687,1.204,1083.300000000745,0.0004234962915692225,0.9633961061160432,0.7743120849210671,0.8280278406667464,2.9391179374966887,1.8188317071372724,0.40700000000000003,1893.0600000005215,-0.0012790714475336023,0.781922146650269,0.778,29
920,3.9176751992031873,0.13215229557138158,-0.7205404115155716,0.2647806067502735,1.149,1033.980000000447,0.0004362833486702321,0.9578787007930843,0.6845500263574064,0.8144554600558707,3.817255768689117,2.0635369595712216,0.3719999999999999,1955.2799999993294,-0.001155447033857433,0.7285783854948039,0.767,28
921,3.921131712259372,0.13070981150990793,-0.7222391498857923,0.25973308709532983,1.131,1018.2599999997765,0.0004382014871516919,0.9568703160905779,0.6850807651991614,0.8161111066114712,3.8496077681517047,2.071404897516736,0.3739999999999999,1965.5400000000373,-0.0011494448698441497,0.7283486466335349,0.756,27
922,3.923846865364851,0.12967930356294857,-0.711889822444379,0.2518658926609693,1.114,1002.480000000447,0.0004413674811036483,0.9548812548661403,0.6814203451882845,0.813805080084803,3.8657301292572956,2.0761999223652703,0.373,1969.980000000447,-0.0011420924119051321,0.7266720718720852,0.7115,26
923,3.9355498338870434,0.12493942114109605,-0.6771160771658007,0.2244304749245507,1.034,930.7199999997392,0.00045758468826068003,0.9441091472403189,0.6826005249343833,0.8156286005231308,3.820380007494598,2.0676084397744705,0.3719999999999999,1963.6200000001118,-0.0011492259435403672,0.726638336301399,0.689,25
924,3.8796024058577405,0.14668701964222713,-0.8367142162335566,0.3971436247118612,1.0950000000000002,1971.480000000447,0.0002538152359161133,0.9762780151889954,0.48542722878625133,0.4460045346366369,1.3654663980378148,1.4830058842807965,0.2589999999999999,1918.2000000001863,-0.0007040657034718647,0.8243173257941785,0.8115,24
925,3.9147376685934487,0.13335646988045197,-0.7234630570462466,0.2636150983299956,1.188,1069.0200000004843,0.0004259944990460435,0.9611427395631549,0.7221322007318347,0.8189130676336968,3.5304761955328274,1.980828796651611,0.395,1972.3799999998882,-0.0011760137776111184,0.7543293901581227,0.667,23
926,3.9477991535671095,0.11997145892127489,-0.6870623912628586,0.2089768845249362,0.946,851.640000000596,0.0004803137818036547,0.9412005262069479,0.6887059290629962,0.8221895848392982,3.6814201212578572,2.0404882623553173,0.3720000000000001,1947.2400000002235,-0.0011707095740830615,0.7288753378856231,0.645,22
927,3.9535996207332493,0.11790391383915189,-0.701216580914013,0.2011592084772056,0.905,814.5,0.0004937118407317765,0.9432642164051743,0.6915701923076923,0.8239796740242407,3.592244102419337,2.0219736163315245,0.3709999999999999,1928.2799999993294,-0.0011885879659217626,0.7296443821619584,0.6225,21
928,3.9598616,0.1149598052126309,-0.7062206315527337,0.19217854229163212,0.858,772.0800000000745,0.0005079625307379479,0.9457724890983158,0.693396272630458,0.8272298286997561,3.5481656617716784,2.014271752880201,0.372,1934.2199999997392,-0.0011901480644790547,0.73039583483791,0.6005,20
929,3.9665407876230665,0.1124215789092521,-0.7101446250797365,0.16933935384208196,0.813,732.4200000008568,0.0005239861904663102,0.9456416222953972,0.6997742734122712,0.832173056339549,3.4229174921274366,1.9887792679471685,0.3720000000000001,1914.7199999997392,-0.0012134973544721517,0.7328722922933645,0.556,19
930,3.916695128552097,0.13756120741446468,-0.9739417622939528,0.2735632602283953,0.846,1522.9199999999255,0.00030998779857758867,0.9657911463922612,0.48616009879253563,0.4467115048694705,1.403207032628874,1.4936668528832393,0.2540000000000001,1878.2400000002235,-0.0007195734538480748,0.825121199954099,0.805,18
931,3.9178230019493183,0.13257632594887164,-0.7162486934448613,0.24110972333039607,1.1740000000000002,1056.5400000000373,0.0004286570825279892,0.9595810220485369,0.7836325708061003,0.8336678303061349,2.904782280168874,1.80979256040785,0.4119999999999999,1891.3199999993667,-0.0012912659015114469,0.7854640452166642,0.5115,17
932,3.9942084532374107,0.10362002476364125,-0.7654443198254754,0.0491446865134531,0.635,572.160000000149,0.000620157403320245,0.9534419169571307,0.7071001088731628,0.8420700351231338,3.2221700016744785,1.9503819746066446,0.372,1892.5800000000745,-0.0012473007495632659,0.7336702145052838,0.456,16
933,4.013910799136069,0.09827791041395836,-0.7633786728349965,-0.0821635271137386,0.529,476.22000000067055,0.0007074695380802497,0.9574856675269022,0.7154045704845814,0.8508222876704218,3.0578364997728054,1.9193659170814452,0.372,1870.7400000002235,-0.0012783492557732097,0.7365258412117108,0.378,15
934,4.048246483180429,0.08783570366781969,-0.6218113258011293,-0.36246867457047866,0.373,336.0,0.0008910864704628294,0.9581713256467594,0.7256225824482951,0.8605409174970217,2.888926122013361,1.8872474464434024,0.371,1842.9599999999627,-0.0013166175313569536,0.740307372051855,0.2225,14
935,4.119839473684211,0.05392111294337901,-0.2893815872218868,-0.7494223755169691,0.08499999999999999,77.34000000078231,0.002291032618039248,0.9268538751619715,0.7491551640340219,0.8698794030139501,2.4871812646010465,1.7921719972767574,0.352,1696.3800000008196,-0.0014688920467194966,0.7519636232200946,0.0555,13
936,4.162690909090909,0.03158447259478809,4.524231722713943,-2.0127827666870473,0.006,10.259999999776483,0.0,0.6129553096878929,0.403481875,0.35494580306326523,3.109601324444089,1.7800217700570868,0.11099999999999999,988.3799999998882,-0.0010626131686898284,0.7726838550148781,0.8065,12
937,3.9180576320939333,0.1324341832929689,-0.7173776773821539,0.2492152228154817,1.171,1053.2999999998137,0.0004295424346805031,0.9598479330594056,0.7738316387236344,0.8294036912388667,2.9383084039915186,1.8187772024015023,0.40900000000000003,1904.7600000007078,-0.0012725504096951724,0.7807568279853847,0.0555,11
938,0.0,0.0,0.0,0.0,0.0,0.0,0.0,0.0,0.4298387840670859,0.4227847851186179,7.545382986776348,2.4026435888572575,0.117,983.4000000003725,-0.0012034470064686237,0.6577373386572023,0.2225,10
939,4.119624324324324,0.053657699496816195,-0.3423643856377381,-0.7289960744150912,0.083,75.1800000006333,0.0023469230122803034,0.9325147317902885,0.7536097711811998,0.8704128282602511,2.4629714109179357,1.7849055642536578,0.35,1667.0999999996275,-0.0015000847727042307,0.7554672407137197,0.378,9
940,4.048114110429448,0.08799200129892967,-0.6134212647184638,-0.3698849504344906,0.371,334.7400000002235,0.0008959187037612176,0.9580746956110132,0.732690284090909,0.8653469512380422,2.7956209870022715,1.8672015051030189,0.369,1811.4599999999627,-0.0013508304949735837,0.7439082311765075,0.456,8
941,4.012896760259179,0.09961652670154066,-0.576905842259245,-0.1516888040006544,0.528,475.62000000011176,0.0007156859842141343,0.9191539877617655,0.7234889821029082,0.8560624408911439,2.9555184883196794,1.8971145580885047,0.37,1842.0599999995902,-0.0013102414923613324,0.740499055029123,0.5115,7
942,3.9311135542168674,0.13416813231438207,-1.0218213337093993,0.20759371314053987,0.76,1368.4200000008568,0.00033727716555075884,0.9654665156611796,0.48698376259798437,0.44691628962511265,1.378423705745866,1.4866078947067511,0.2489999999999999,1839.5400000000373,-0.0007353816589691052,0.8257439852320563,0.799,6
943,3.9193471976401177,0.13245238683415353,-0.7302387794294729,0.2424318293581319,1.1640000000000001,1047.0,0.00043224960252608,0.9603126573101755,0.8222437362637363,0.835575538656958,2.463927236847045,1.674183466661963,0.42799999999999994,1874.160000000149,-0.001336934792299389,0.8027133460945539,0.556,5
944,3.9799771790808243,0.10891672362281285,-0.59331477404116,0.0598926746681584,0.721,649.0800000000745,0.0005723791790129769,0.9110988440333709,0.7020290043290043,0.83719910204972,3.3499707662315448,1.9769150496320047,0.372,1904.6399999996647,-0.0012289152942126331,0.7322840980249724,0.6005,4
945,3.967048377997179,0.11277924283258338,-0.692429580795336,0.1420852564792126,0.8119999999999999,731.2200000006706,0.000526221099852051,0.9446799837822215,0.6972795710455764,0.8312800757060825,3.4964461961113713,2.0049573508952685,0.372,1921.1399999996647,-0.0012049706085345085,0.7318068930476351,0.6225,3
946,3.9613918666666663,0.11526014507150667,-0.6787679976390835,0.1563468494512816,0.857,771.7200000006706,0.0005096247728234202,0.9422176806087031,0.6935659903897491,0.8281642006118071,3.6124457126185607,2.030204533575438,0.372,1931.1000000005588,-0.0011923809606310828,0.7306199812804447,0.645,2
947,3.95522614213198,0.11769459380000645,-0.6604552383995537,0.16116830104644872,0.901,810.9600000008941,0.0004949661057743331,0.9402477623815769,0.6905356877323421,0.8239813758760167,3.648917826018957,2.0363631279279324,0.372,1940.7000000001863,-0.0011774511886917226,0.7295134253655553,0.667,1
948,3.884728727471327,0.14514981397399654,-0.8416989647192712,0.37241926919107626,1.048,1886.4000000003725,0.0002628489339497536,0.9754337160536529,0.4851115772703133,0.4454818488984586,1.3703230808088378,1.4840802173935852,0.2610000000000001,1938.9000000003725,-0.0006958029674794326,0.8241726028962594,0.792,0
