cycle_number,voltage_mean,voltage_std,voltage_kurtosis,voltage_skewness,CC_Q,CC_charge_time,voltage_slope,voltage_entropy,current_mean,current_std,current_kurtosis,current_skewness,CV_Q,CV_charge_time,current_slope,current_entropy,SOH,RUL
1,3.865056461644782,0.1431012882466291,-0.6306143010337211,0.6008150604570357,1.651,1485.72,0.0003244418113524563,0.9616378824093207,0.7162475493782005,0.8438941009182576,3.0502622847097705,1.915279997885756,0.27900000000000014,1403.0400000000002,-0.0016926467386425453,0.740365126633123,0.956,555
2,3.8616530612244895,0.14498918750163017,-0.6543151404012937,0.5945877931860593,1.6219999999999999,1459.4400000000005,0.00033482620580350784,0.9645045667862956,0.7428053375196233,0.8593866949129051,2.7008452393295155,1.8332697718334616,0.26900000000000013,1309.6799999999985,-0.0018733082589157447,0.7527841015332375,0.9415,554
3,3.8611215461703656,0.1469611807734994,-0.6830632508304619,0.5551654450496414,1.5950000000000002,1435.9199999999983,0.00034594408754525126,0.9699507361938449,0.7507659999999999,0.8644901871825891,2.612745093885291,1.8113918654160008,0.268,1283.5800000000017,-0.0019309049952243164,0.7566433503934985,0.95,553
4,3.8571186781609192,0.15072705587709626,-0.7134582714137925,0.5003171358581737,1.589,1429.9799999999996,0.00035750870545088177,0.9778002992269618,0.747060125588697,0.8602103314810786,2.6823919409823684,1.82665418206378,0.2709999999999999,1308.9599999999991,-0.001879543989190504,0.7554921293377648,0.9635,552
5,3.857409320809249,0.15176915703800675,-0.7272060522158443,0.482909791600379,1.5799999999999998,1422.0600000000013,0.00036245999107175915,0.9795605037348912,0.7365108396946564,0.8485306917312047,2.8261282557583627,1.857429272012428,0.27500000000000013,1345.5,-0.0017978979107357287,0.7525707889735883,0.9905,551
6,3.858736290322581,0.1528763980129929,-0.7610614062551422,0.45499128366012676,1.558,1401.9000000000015,0.0003710146706665018,0.9818397989388907,0.722950432276657,0.8380033169984841,3.1329415154311953,1.9250821876442739,0.28600000000000003,1425.5400000000009,-0.0016593536444764782,0.7491666143127176,0.9725,550
7,3.864755140845071,0.1455499721233588,-0.6811121668108004,0.5495487093321643,1.622,1459.5599999999977,0.00033722882920216924,0.9694579584796653,0.7053662717770034,0.8258335633508318,3.4217611185744197,1.9890802253005697,0.2889999999999999,1475.4599999999991,-0.0015641638217919552,0.7417059186807798,0.954,549
8,3.864529441260745,0.1471473984146148,-0.7067986510504625,0.515854584993527,1.595,1435.4400000000023,0.00034743819728174833,0.972513282427614,0.7090694855532065,0.824250288146555,3.349039312731179,1.9712903712112988,0.28600000000000003,1458.239999999998,-0.0015851410872082788,0.7442640541783809,0.95,548
9,3.861839234104046,0.15033757011757312,-0.7297499376311753,0.47603370016344454,1.58,1421.8199999999997,0.0003591689409249371,0.9784412600068036,0.7159227532097004,0.8273373236461115,3.2698519110839808,1.9511276435401539,0.2869999999999999,1441.2599999999948,-0.0016174502904663995,0.7476131524314091,0.9635,547
10,3.859151559100798,0.15209829713510628,-0.7455401899509377,0.46067268707974374,1.577,1419.179999999993,0.0003644180626367949,0.9809071322010907,0.7214531069364162,0.8308905090639341,3.1781779718182586,1.9305853150128158,0.2849999999999999,1423.3799999999974,-0.0016496781467614287,0.7501397443409014,0.9935,546
11,3.858653778429934,0.15324302497952713,-0.7629206177405443,0.45456368753150317,1.5579999999999998,1402.199999999997,0.00037183333576937407,0.9820978124826916,0.7248767727930534,0.8329662498908402,3.110199770581934,1.9142835592298229,0.28600000000000003,1421.1599999999962,-0.0016611999519826298,0.751132667234493,0.982,545
12,3.8617001396648045,0.14666180804791223,-0.674892048402147,0.5528291936193026,1.631,1467.6600000000035,0.00033779336463972604,0.9702454095417153,0.7200432740213523,0.8294044748051943,3.246541716790455,1.9445370108674518,0.28700000000000014,1439.5800000000017,-0.0016250021655621347,0.7500580314843381,0.965,544
13,3.861232696390658,0.14809279202300527,-0.6996527250965112,0.5279893951473639,1.6099999999999999,1448.5199999999895,0.00034629327530098786,0.9736592657742287,0.7238652111667859,0.8319807187819759,3.2039348403594987,1.9336756037284255,0.28700000000000014,1431.5999999999913,-0.001642640260215315,0.7512771495522704,0.961,543
14,3.8588279485346675,0.1509675672594727,-0.7241735276801551,0.4885722341271553,1.5950000000000002,1434.8399999999965,0.00035724014687466075,0.978929738706988,0.727506734250543,0.833089990827483,3.1199285423119534,1.912908649850828,0.28600000000000003,1415.7599999999948,-0.0016697041117985382,0.7528427022650633,0.972,542
15,3.857503746397695,0.1524054952498416,-0.7387134730630063,0.4708176803315254,1.5819999999999999,1423.979999999996,0.00036380715888463294,0.9808005293634761,0.7314710659898478,0.8356178101247179,3.069757821065398,1.9006094480331517,0.28700000000000014,1413.0,-0.001681984762938959,0.7544731132387721,1.0015,541
16,3.856828111273792,0.15330660815160657,-0.7583611611958831,0.46680933897741966,1.556,1400.7000000000116,0.00037216246036641577,0.9817861913413753,0.7466926008968611,0.8448750914998678,2.791520419834745,1.8363707212435474,0.28400000000000003,1370.9400000000023,-0.0017706171424866492,0.7605366646559245,0.9905,540
17,3.8595692468619247,0.14732921387200903,-0.6710091493233059,0.5551372876871175,1.633,1469.3999999999942,0.0003389852627540033,0.9712962235450157,0.7307191642651297,0.8355593088430373,3.108930585068615,1.9098682939105998,0.28800000000000003,1422.4800000000105,-0.001667843851286901,0.7547006126112491,0.9735,539
18,3.858755845070423,0.1487866948041055,-0.694586980875564,0.533515345550642,1.618,1455.6000000000058,0.0003461129794346973,0.9742775927675322,0.7344091703056769,0.8380041532229874,3.0472986175529684,1.8950330524065613,0.28600000000000003,1407.2400000000052,-0.0016957837411216879,0.7559937219068679,0.97,538
19,3.8569062588904695,0.15146733118502625,-0.718252543417099,0.4950498973308358,1.6019999999999999,1441.8600000000006,0.0003564994528100899,0.9790196235971215,0.7364653479853479,0.8370801216618088,2.976793714479773,1.8784238979348495,0.28500000000000014,1398.7200000000012,-0.0017076273703309148,0.7570156645038177,0.981,537
20,3.856750395398993,0.1524928116651922,-0.7360599619537296,0.47577138250434053,1.583,1425.179999999993,0.0003634672877034486,0.9807676275747448,0.7395427944403803,0.838814816147215,2.951908278713521,1.8713414333737814,0.28800000000000003,1401.4200000000128,-0.0017119081867969833,0.7585543270750251,1.0045,536
21,3.8565372161172164,0.15327031123484844,-0.7546008852551767,0.4674636646502727,1.555,1399.800000000003,0.00037237607557123563,0.9817658759006108,0.7507017151379568,0.8465091110520141,2.7350073507161206,1.8210170482661088,0.28600000000000003,1374.0599999999977,-0.0017736260500592204,0.7621612314220508,0.995,535
22,3.858451820728291,0.14767151700417389,-0.6679738915879905,0.5578977333857293,1.6320000000000001,1469.1600000000035,0.0003398334481236926,0.9720453392372557,0.7364361981063364,0.8378153994816323,2.992582739294857,1.8815343883050577,0.2889999999999999,1412.5200000000186,-0.0016928937688067307,0.757033655738231,0.979,534
23,3.8573655610444604,0.1492898862169841,-0.6873653370964261,0.5374000057976787,1.62,1458.0,0.00034665705608124067,0.9746195019649462,0.7382481263776635,0.8369718608567268,2.9377181648180706,1.868143403129032,0.2869999999999999,1399.5599999999977,-0.0017102599553424514,0.7583333970506075,0.976,533
24,3.8558132667617695,0.15148164020274565,-0.7155668143570031,0.4992775494013721,1.6019999999999999,1441.5599999999977,0.00035658510382324295,0.9791781347225811,0.7433298154981549,0.8421808838832228,2.8972567471508377,1.8580191180651486,0.28700000000000014,1393.859999999986,-0.001731274654645217,0.7596929385399901,0.9865,532
25,3.855888095238095,0.1525797653346677,-0.7333104219117965,0.4783806712431293,1.5839999999999999,1426.1999999999825,0.0003634754136015441,0.9807334878866255,0.7460506646971935,0.8424046119837555,2.851796765072189,1.8466936639747205,0.28900000000000015,1392.539999999979,-0.0017361706354728649,0.7610208020240108,1.007,531
26,3.8562409257898604,0.15321683853484536,-0.7502788980135646,0.46992197776884564,1.555,1399.5599999999977,0.0003723473456662085,0.9815623888709719,0.7552222305389222,0.8474886464608036,2.677475356283291,1.8062796596304296,0.2879999999999998,1373.5199999999895,-0.0017807525508601308,0.7646790230508711,0.998,530
27,3.8578234057463208,0.14792939731722293,-0.6689536068409856,0.5561429639909503,1.631,1467.7799999999988,0.0003406919266563709,0.9724605042915588,0.7405908163265306,0.839366234452656,2.9481679370647056,1.869890638229842,0.29000000000000004,1411.3800000000047,-0.0017007106061707566,0.7589045618111944,0.982,529
28,3.8571368904593637,0.14928596888246198,-0.6882624403199378,0.5348704114447934,1.619,1456.5,0.00034712437976338353,0.9751505571274609,0.7422120146520147,0.8401349321537843,2.9300030497511385,1.8650473566817067,0.28900000000000015,1404.4199999999837,-0.0017129822015676966,0.7597068384642428,0.9795,528
29,3.8554403283369028,0.1514859844329052,-0.7121231291555317,0.4991838350453995,1.601,1441.5,0.00035663610785520813,0.9791276993397505,0.7464706921944035,0.8435213052640997,2.8760698261206343,1.8517392994398596,0.29000000000000004,1397.1000000000058,-0.0017321848998536568,0.7615447417352977,0.9895,527
30,3.85566440433213,0.15242971894003143,-0.728924604107775,0.4812033879031457,1.583,1424.5199999999895,0.0003634773867640869,0.9807084733584829,0.7490596904937361,0.8439153307417553,2.835835026433263,1.841492188788765,0.29100000000000015,1395.0,-0.0017384491501707153,0.7625852996566196,1.0085,526
31,3.856570839469809,0.15323029326697007,-0.7515948031125697,0.46844126771870925,1.551,1396.5,0.0003731482271604147,0.9817963820436476,0.757794580549369,0.8505588458888607,2.6975089447879306,1.809377556879615,0.2919999999999998,1384.9200000000128,-0.001772511622981872,0.7657395264966373,0.9995,525
32,3.8580545263157893,0.14796009453210796,-0.6694016836271857,0.5550738876367883,1.629,1465.9200000000128,0.00034129569912655545,0.9727523572932492,0.7420458575581395,0.8390671538739319,2.9346928942493014,1.8654794682626419,0.2909999999999999,1416.2999999999884,-0.0016968997081136322,0.7600845084129161,0.984,524
33,3.8571159830268744,0.1492817160346133,-0.6854901602947971,0.5354905624378041,1.616,1455.0599999999977,0.00034740931199820984,0.9751054056345542,0.742004366812227,0.838693576759906,2.9230747380516373,1.8624150408935294,0.2909999999999999,1412.6999999999825,-0.0017000972095822557,0.759769067798499,0.981,523
34,3.85572926481085,0.15145142050020705,-0.7107960082983471,0.49943811496652424,1.601,1440.7200000000012,0.0003567064444382314,0.9789904869355113,0.7444817518248175,0.8411808088689927,2.8992611569379756,1.855914835051331,0.29100000000000015,1408.679999999993,-0.0017120793212409332,0.7606104155115364,0.9915,522
35,3.855523393501805,0.15256960863278182,-0.7284964465682275,0.48029491204751446,1.583,1425.1199999999953,0.00036375627552907223,0.9806977510189996,0.7504606484893146,0.8427557326126572,2.7808548090019425,1.8276177020584787,0.29100000000000015,1395.7200000000012,-0.0017394061674947318,0.7634166888098607,1.009,521
36,3.856588348082596,0.15309706077882154,-0.7513478350073486,0.46611385130325794,1.55,1394.8800000000047,0.00037322610332347135,0.9818515336381453,0.7564278966789668,0.8482662735782491,2.6974978794888758,1.8083831837841529,0.2929999999999999,1393.6199999999953,-0.0017571881203726537,0.7653283049864112,1.0,520
37,3.8581438510189745,0.1480531329333352,-0.6706632533768149,0.5534480548265751,1.627,1464.4800000000105,0.00034186993146069527,0.9729107536589265,0.7436175704989154,0.8411032194543293,2.938142798983507,1.864936283663925,0.29400000000000004,1421.6399999999849,-0.001694150410983069,0.7605407494691121,0.985,519
38,3.8568306440198157,0.14941855073078653,-0.6876691194105562,0.5337415391828345,1.615,1453.7400000000198,0.0003480572806683242,0.9752428996773789,0.7424463432295438,0.8395383344321947,2.934263009780989,1.8632592373376675,0.29300000000000015,1419.7799999999988,-0.0016937798351547356,0.7599334056505147,0.9825,518
39,3.8554674767691206,0.1514936647216042,-0.7109786507989124,0.4996334253903,1.599,1439.0400000000081,0.00035716259317974757,0.9791715882165797,0.7486670321637428,0.8430413358287863,2.8578713306149037,1.845186659362328,0.29200000000000004,1406.7600000000093,-0.0017221555885097398,0.763035521388012,0.9925,517
40,3.855426661849711,0.15252496386875625,-0.7254432483859583,0.48370286087700676,1.583,1424.2200000000012,0.0003637704805269031,0.980552689228578,0.7527765095729013,0.8438658858983128,2.743667459054115,1.8185024946261246,0.29100000000000015,1396.9800000000105,-0.001742441450730984,0.764397037390387,1.009,516
41,3.8561883308714915,0.15299692946410887,-0.7479174076020962,0.46783760240939387,1.548,1393.679999999993,0.0003733504872336162,0.9817944290296442,0.7590674298375184,0.8500599276355801,2.6570442417239812,1.798435208602082,0.2929999999999999,1391.3999999999942,-0.0017664546970546867,0.7662082994348134,1.0005,515
42,3.857874331926863,0.1480029832922865,-0.6670798804763005,0.553162304340507,1.6260000000000001,1462.7999999999884,0.000342209799061066,0.9727484625838904,0.7440791335740071,0.8389630623258842,2.9059712137006803,1.8570463579104368,0.2939999999999998,1424.820000000007,-0.0016885281864825552,0.7614096523211613,0.986,514
43,3.857065131112686,0.14944410759189103,-0.6866860782545516,0.5327926283187263,1.614,1452.2999999999884,0.0003484971954086719,0.975340435917208,0.7430646676300577,0.8382837297801153,2.920846836447388,1.8594031096636514,0.2929999999999999,1423.8600000000442,-0.0016883215378306923,0.7605470146991999,0.9835,513
44,3.8556390557939912,0.15145810694245604,-0.7082920853990915,0.4999137374207028,1.597,1438.0800000000163,0.00035739833592353534,0.979070239898568,0.7475296215429403,0.8410468864997351,2.847710858393084,1.842179668678631,0.2929999999999999,1413.6599999999744,-0.0017110755836382988,0.7621046941576498,0.993,512
45,3.8555169920462764,0.15248049442452344,-0.7256141928932771,0.48105181312208223,1.581,1422.960000000021,0.00036403905757527764,0.980646417681475,0.7501420975965041,0.843407940112707,2.7992653720116714,1.8311043761884604,0.29400000000000004,1412.039999999979,-0.0017197558520736088,0.7629146138208758,1.009,511
46,3.8565502586844045,0.15302448677279723,-0.7492806318167649,0.46367573842756543,1.547,1392.179999999993,0.00037384358673156373,0.9819246412625752,0.75750073313783,0.8474953597326385,2.7044397140525316,1.8082222176240783,0.29499999999999993,1402.4400000000023,-0.001746334202772136,0.7662432753906165,1.0,510
47,3.8586747004933057,0.14775189392762952,-0.6699688103839607,0.5517152439392814,1.622,1459.5599999999977,0.00034235976546958234,0.9727312717882692,0.741173233404711,0.8373272567035853,2.9733454425779193,1.8716233065499202,0.29600000000000004,1440.899999999965,-0.0016633575522390113,0.7600942657483315,0.985,509
48,3.8579497515968773,0.14889431111495038,-0.684600500664954,0.5338910253060213,1.6099999999999999,1449.4199999999837,0.000347915183553134,0.9749914771523011,0.7415899141630903,0.8371555563267524,2.969974006131906,1.8697181207298088,0.29499999999999993,1437.5999999999767,-0.001667758351566263,0.7601272616251802,0.983,508
49,3.856239183381089,0.15137918993232072,-0.7102672080970951,0.4976948759471408,1.597,1436.8800000000047,0.00035747318609524585,0.979158611725108,0.7455912635379062,0.8391139029434117,2.8903994353976756,1.8508510631672448,0.29500000000000015,1424.640000000014,-0.0016911067902188612,0.7619972714609484,0.993,507
50,3.856043736422882,0.15240588266614388,-0.7287522676488036,0.47839437629278886,1.579,1421.100000000035,0.0003643313528214651,0.9808002115612736,0.7507927431059507,0.8431833944260005,2.822202488924317,1.8355346979802878,0.29600000000000004,1417.679999999993,-0.0017126846495197998,0.7639236952085121,1.0085,506
51,3.8570952627683197,0.15298970260598568,-0.7514488383127969,0.4615767837069711,1.5430000000000001,1389.4199999999837,0.0003746223181259003,0.9820204775126681,0.7559011653313912,0.8455331040832653,2.701641192580446,1.8075947104359633,0.29699999999999993,1411.9199999999837,-0.001730243963368829,0.7660019406222122,1.001,505
52,3.857668098591549,0.14826709343980146,-0.6719213749049473,0.5503023996296416,1.6219999999999999,1459.859999999986,0.00034341607641918357,0.9732637959816929,0.7518353454545454,0.843747310301265,2.8021487348155496,1.8311625297138743,0.29500000000000015,1414.079999999958,-0.0017182067412149773,0.7644831828739036,0.9875,504
53,3.8574599431818184,0.1494694973334589,-0.6888016024485544,0.5294253020704315,1.609,1448.6399999999558,0.00034950710786337474,0.9757020554828078,0.7443997844827587,0.8368739604285554,2.891641273475698,1.85151065471295,0.29600000000000004,1431.0,-0.0016797949951472826,0.7616811622146106,0.9835,503
54,3.856257962697274,0.15126347407928373,-0.7105019752718555,0.49757028393634073,1.5939999999999999,1434.179999999993,0.0003579486107219212,0.9791032531394896,0.7463115660919539,0.840295996419533,2.8898239168412134,1.8505838169297923,0.29600000000000004,1431.2999999999884,-0.0016859924427065785,0.7619661806634024,0.993,502
55,3.855936185641769,0.15223078424626396,-0.7261403546692482,0.4790515200694964,1.577,1418.8800000000047,0.0003645216368213993,0.9806803456840208,0.7524317655571636,0.8440526086312474,2.8119679698462603,1.8323596085973073,0.29699999999999993,1421.8800000000047,-0.0017101649642191179,0.7645971615925821,1.0075,501
56,3.8568791697553744,0.15299457158741034,-0.7516254137948728,0.45968748120949876,1.542,1388.219999999972,0.00037494886563091347,0.982158545829588,0.7569898982558141,0.8477025124200913,2.707159026866991,1.8088889465446725,0.2969999999999997,1414.5599999999977,-0.0017306111727554726,0.7662195179757476,0.9995,500
57,3.859115243472124,0.14772472350334293,-0.667890807993345,0.5506225176608517,1.6199999999999999,1457.7600000000093,0.00034273039266429113,0.9723149154849307,0.7419325035561877,0.835184063930721,2.953099689453744,1.8655773287476993,0.29700000000000015,1445.8800000000047,-0.0016560290386702736,0.7610753824352258,0.985,499
58,3.8582482930298716,0.148995954066025,-0.6866272496164445,0.5305308081689384,1.608,1446.719999999972,0.00034885907806834256,0.975037188413495,0.7429399857448324,0.8365097802101067,2.95867504496033,1.8662740258193067,0.29699999999999993,1443.2399999999907,-0.0016615849644737752,0.7612849848131769,0.983,498
59,3.8568811063218393,0.15110714133297387,-0.7119748207490257,0.4964485111945424,1.591,1432.2600000000093,0.0003580780867359069,0.9791096808486801,0.7450145103645461,0.8387302575173592,2.9195478860035067,1.8564371790469798,0.29800000000000004,1438.679999999993,-0.0016737064367415573,0.7618285041874144,0.9925,497
60,3.8565123277737494,0.1522540854107312,-0.7272948041370442,0.4768082999351894,1.576,1418.4000000000233,0.00036473639682947493,0.9808051463388799,0.7475773314203731,0.840299280678119,2.8668522066652375,1.8443317952450768,0.29800000000000004,1434.2399999999907,-0.0016854589805083682,0.762548859011344,1.007,496
61,3.8571818991097926,0.15299735327816927,-0.7536272681725431,0.45758602963078177,1.541,1386.5999999999767,0.00037546677140230957,0.9822499574116001,0.7558124187725631,0.8464790871205076,2.7237644052785157,1.812195880719369,0.29899999999999993,1423.859999999986,-0.0017161047290078437,0.7654257568462914,0.9995,495
62,3.858556789250353,0.14798384174199042,-0.6685853428182691,0.5494393171868462,1.6159999999999999,1454.9399999999441,0.00034405788894982937,0.9728960200085034,0.7422268465909091,0.8359261201109363,2.9336345418544987,1.8605666110232604,0.29800000000000004,1448.0999999999767,-0.0016562748640467986,0.7608929660273694,0.9855,494
63,3.8578291310541317,0.14900965067154953,-0.6866881410054857,0.5292857850322115,1.606,1444.7399999999907,0.0003494255524085089,0.9752915524784618,0.7440260127931769,0.8387862639587785,2.946068032675636,1.8625319400599116,0.29800000000000004,1446.9599999999627,-0.001662646944911774,0.7611288772668956,0.984,493
64,3.8562561063218395,0.1513706404473119,-0.7112990138793887,0.49845203213095024,1.592,1432.2000000000116,0.0003587352973960733,0.9792247406292733,0.7484416247304098,0.8402186276467289,2.8328842733179656,1.8360973023284362,0.29699999999999993,1430.6999999999534,-0.0016901062009641334,0.7628181072182565,0.993,492
65,3.8559075471698114,0.15223742465356035,-0.7251818070668472,0.48126566099280305,1.575,1417.5599999999977,0.0003648692112353533,0.9805609467341893,0.7529930835734869,0.8444654516663858,2.781885057183443,1.824699091281469,0.29899999999999993,1427.759999999951,-0.001705507084651342,0.7645541848019427,1.0065,491
66,3.8570105341246292,0.15285477143685663,-0.7500036430899018,0.46105888325251576,1.5410000000000001,1386.6599999999744,0.0003750444734282572,0.9819730501475126,0.7578526430123098,0.847972446325177,2.6621162099806597,1.7974408083585982,0.29899999999999993,1420.0800000000163,-0.0017271461285634129,0.7657416572632366,0.9995,490
67,3.8586400566171273,0.14796747836924942,-0.6694407475489004,0.5501985729832359,1.6139999999999999,1453.0199999999604,0.00034443249240858194,0.972878509990107,0.7454533711852378,0.8380417404947234,2.9064263287565586,1.8543168090559285,0.30000000000000004,1449.179999999993,-0.0016602534026758037,0.7622977223986998,0.9855,489
68,3.858286376604851,0.14897723803209834,-0.6870962291637586,0.5297785148069939,1.603,1442.9399999999441,0.0003497267820422739,0.9753698073356473,0.7431063120567376,0.8375635751189825,2.9348084841575304,1.8596642741945506,0.29900000000000015,1450.4400000000023,-0.001657045781234179,0.7605842125447446,0.983,488
69,3.8567407194244603,0.15119667088510605,-0.7101263203589907,0.4974349024395052,1.589,1429.8600000000442,0.00035895352901917955,0.9790983895333333,0.7465703069236259,0.8389472980147579,2.8698348744143347,1.8447306125200211,0.29800000000000004,1440.420000000042,-0.0016747156391869204,0.7619876805149829,0.9925,487
70,3.8563271999999995,0.1521547287209298,-0.7258706641430597,0.4768107841237454,1.573,1415.0999999999767,0.0003653077976792705,0.9807864297176883,0.7503634739099356,0.8429683115175981,2.8286424872370297,1.835257642690227,0.29899999999999993,1438.5599999999977,-0.0016870117327636755,0.7634687813491057,1.0055,486
71,3.8576930855018587,0.15303730609824814,-0.7547479131593522,0.45655857278768114,1.538,1384.0200000000186,0.0003762660929153175,0.9823279658135504,0.7540416247304098,0.8447872850733082,2.7042379541089865,1.807089796887545,0.2999999999999998,1431.3600000000442,-0.001706154461989984,0.7644353805274524,0.9975,485
72,3.8593898581560286,0.14731968638451295,-0.666560589827613,0.5497749480828777,1.6119999999999999,1451.100000000035,0.00034341327632747483,0.9721511660545095,0.7416804792107118,0.8349573917953739,2.9504958605772362,1.8643109344818192,0.30000000000000004,1459.6199999999953,-0.0016408507296856063,0.7606036421427805,0.984,484
73,3.8589608850820842,0.14891646324726227,-0.6897297997539189,0.5273390867652759,1.6019999999999999,1441.5599999999977,0.00034990021434397664,0.9750537509594014,0.741371388301621,0.8348164282804422,2.9714210689204448,1.8680435211640547,0.30000000000000004,1459.140000000014,-0.0016397984526393546,0.7603222085257859,0.9825,483
74,3.857310014409222,0.15102625867071848,-0.7100392960607884,0.4952905336714193,1.587,1428.2999999999884,0.0003588661922573127,0.9790214480580679,0.7429206652512385,0.8360818657378621,2.9181367912450824,1.855683675836788,0.30000000000000004,1453.8600000000442,-0.0016518767446969255,0.7608946890061961,0.9915,482
75,3.8566336,0.15218785523391376,-0.7260720163862739,0.477036539596785,1.572,1414.2600000000093,0.00036565062665983733,0.980789544999953,0.7498869658119659,0.841458509765931,2.820623016640072,1.833342290514663,0.30000000000000004,1443.899999999965,-0.0016785486687340679,0.7635325650800703,1.005,481
76,3.8571058779761906,0.15310927619468637,-0.7519308411890933,0.46038898915923493,1.537,1382.7000000000116,0.00037676758038998495,0.9821467374270788,0.7607187861271675,0.8517189367705044,2.6371583271471186,1.7918834232790606,0.2999999999999998,1423.079999999958,-0.0017325410440825872,0.7665251210300125,0.9985,480
77,3.8583891412349183,0.1477034426239598,-0.6659972747961063,0.549716824217352,1.6099999999999999,1449.6599999999744,0.00034460601520020385,0.9727173631640648,0.7487515237420269,0.8418522975032534,2.8726696661788047,1.8454456463185414,0.30200000000000005,1451.0999999999767,-0.0016680891427676686,0.7629327725750661,0.986,479
78,3.857484,0.14906913676243147,-0.6850138171879516,0.5297367036371406,1.6,1440.4799999999814,0.00035053535378603396,0.9753586769886495,0.7529361945636625,0.844311643734448,2.8130614398429667,1.8313875133153263,0.30099999999999993,1438.2600000000093,-0.0016921529667985249,0.7646308914878557,0.984,478
79,3.8558302308802306,0.15112631301714483,-0.7054556848907656,0.500495115182817,1.585,1426.7999999999884,0.0003593699523294181,0.9789596051232873,0.7554906474820144,0.8457380114528016,2.742668199937963,1.8150977163011914,0.30000000000000004,1430.4000000000233,-0.0017068007138639233,0.7654248935046867,0.9925,477
80,3.856014795918368,0.15232216173376226,-0.7239351461663368,0.4796530706012167,1.57,1413.0,0.00036627570114690974,0.9806637013861081,0.7579753602305476,0.8481907587240041,2.716975363555246,1.8099519930921324,0.30000000000000004,1429.2000000000116,-0.0017144692748662766,0.7663341268689224,1.0045,476
81,3.8572274217585694,0.1531366546484777,-0.7537628076072522,0.45848186192810975,1.536,1382.2200000000303,0.000376962638481739,0.9822822462208645,0.7635097897026831,0.853282047446683,2.586164528337349,1.7803711585196424,0.30099999999999993,1419.8399999999674,-0.0017425563042335434,0.767496578673111,0.997,475
82,3.8587859886201996,0.14744255771280496,-0.6639317494346462,0.55160847727857,1.6099999999999999,1448.1599999999744,0.0003442971570371856,0.9724161426533383,0.7508253551136364,0.8432463720126246,2.839913844407695,1.8382703270525176,0.30200000000000005,1449.780000000028,-0.0016740886048520736,0.7642049090227756,0.985,474
83,3.858036363636364,0.1489419596499271,-0.6843295198928159,0.529100589743121,1.5979999999999999,1438.7399999999907,0.00035063146191473775,0.9751355046767294,0.7509660498220639,0.8420422220647411,2.826698911431272,1.834452550893704,0.30200000000000005,1446.719999999972,-0.0016765910991592959,0.764113953457423,0.983,473
84,3.8566421242774567,0.15104428127337421,-0.7085560904416113,0.497212748518691,1.5839999999999999,1425.0,0.0003597436444919094,0.9790454607096611,0.7521095645967166,0.8426965516770868,2.797060726860046,1.8277443641359703,0.30100000000000016,1442.4000000000233,-0.0016846182730004614,0.7643775647172155,0.9915,472
85,3.8564654014598534,0.15217671362428645,-0.7242264917561787,0.4773936749451618,1.5679999999999998,1411.140000000014,0.0003664179766492676,0.980710381074457,0.7532902787705504,0.8432836005629373,2.735482871353957,1.8141775078537041,0.30100000000000016,1440.1800000000512,-0.001690401844986435,0.7645565823107625,1.0035,471
86,3.8575506716417913,0.15298253325543842,-0.7539722542697138,0.45593045369156887,1.533,1379.8199999999488,0.0003772936069673849,0.9822827275756341,0.7604140591204037,0.8493340617779804,2.6096177663560614,1.7855766843294987,0.3019999999999998,1428.719999999972,-0.0017235916302035638,0.7665354710912314,0.996,470
87,3.8596443732193735,0.14734133615889808,-0.667071614867905,0.5499651707736715,1.607,1446.0600000000559,0.00034462383587128154,0.9724448100036344,0.745397257383966,0.8385356914613366,2.8856522793847414,1.848962741885203,0.30300000000000016,1464.0,-0.001645544220160271,0.761762605308545,0.984,469
88,3.858609756097561,0.14869970536030172,-0.6847757399832552,0.5285555676335905,1.595,1435.9199999999255,0.00035079346163157245,0.9752396772296612,0.7484839689265538,0.8407011234262163,2.8761490825054237,1.84556024315952,0.30299999999999994,1458.4799999999814,-0.0016580990460474195,0.7631408448483185,0.9825,468
89,3.856826917510854,0.15092493566234838,-0.7088930195506205,0.4966407731702872,1.5819999999999999,1423.1999999999534,0.0003599059477441423,0.9790548435861124,0.7531454415954417,0.8443000546496581,2.7874291874302735,1.8253992700181703,0.30200000000000005,1445.8199999999488,-0.0016835747824782495,0.7648281759180003,0.991,467
90,3.8559115412710003,0.15203084799135566,-0.7222514121749093,0.480901260581997,1.566,1410.0,0.00036630590686328334,0.9806201704256677,0.7620416485900215,0.8504033897239648,2.629322371363905,1.7889566655870601,0.30200000000000005,1423.9199999999255,-0.0017308743768617069,0.7683075080790103,1.0035,466
91,3.856401568334578,0.15293805414484074,-0.7490128677548222,0.46366233008253466,1.532,1378.7399999999907,0.00037734590715937714,0.9819531329494353,0.7714123620309051,0.8564306998679042,2.4258683074012977,1.7432816662774608,0.2989999999999997,1399.140000000014,-0.0017831682421065862,0.7708991465894297,0.997,465
92,3.858940941512126,0.14757819962155092,-0.6659220158025461,0.548824498751124,1.604,1444.079999999958,0.0003457319152507527,0.9728835611485396,0.7541172830725462,0.8436165164406177,2.76014876875381,1.8201161735776366,0.30299999999999994,1447.6199999999953,-0.0016815358522082199,0.7654154396345306,0.9845,464
93,3.8582170136396265,0.1489264399988478,-0.6844384904559484,0.5289061762486448,1.595,1435.0200000000186,0.000351539601370957,0.9753348139835439,0.7525632551528074,0.8429323922486646,2.7811474654110873,1.8244458816753129,0.30200000000000005,1448.640000000014,-0.0016782564577392934,0.7648274381538349,0.982,463
94,3.8571950724637687,0.1508606122922216,-0.7084964367284563,0.4962081001721181,1.5799999999999998,1421.4599999999627,0.0003602113692289903,0.9789478053764235,0.7517896380411639,0.8419897734111247,2.7747177373162684,1.8227429062410778,0.30300000000000016,1450.6799999999348,-0.0016742443214917899,0.7641387862650568,0.99,462
95,3.857025164594002,0.1518647556464898,-0.724351476584316,0.47372288156498343,1.565,1407.780000000028,0.00036663460997800394,0.9807515424376697,0.7546850852272726,0.8450174716011208,2.7507473449389277,1.8168396853351385,0.30300000000000016,1449.1799999999348,-0.001683032481474383,0.7654883801270101,1.002,461
96,3.8577774700598804,0.15284790117227856,-0.7544723520978307,0.4517992952344386,1.529,1376.1599999999162,0.00037804547469812383,0.9823782093689509,0.7633862365591398,0.8520150288210732,2.618762636656739,1.7869186259486554,0.3039999999999998,1436.6399999998976,-0.0017191536579925371,0.7681874337969852,0.994,460
97,3.86027494646681,0.14718758243096505,-0.6674737705565645,0.5483805611190151,1.603,1442.8800000000047,0.000345029692596493,0.9720455860838632,0.746342027972028,0.8388894700471549,2.888330895167968,1.8494509564805708,0.30500000000000016,1472.8200000000652,-0.0016373813853247403,0.7624520756583855,0.9825,459
98,3.8593785611510794,0.14848634599454696,-0.6865358488600317,0.5269565466912864,1.591,1431.9599999999627,0.0003513044585802121,0.9749906556858283,0.7470418767507002,0.8392539118779858,2.900109401568306,1.8510357456774047,0.30500000000000016,1470.6000000000931,-0.00164024522882989,0.7627631861061204,0.9805,458
99,3.857630601885424,0.15056195834562972,-0.7079334341084249,0.49234983375814106,1.578,1420.140000000014,0.0003599346360125646,0.9788363532254573,0.7507135211267606,0.8426234732683902,2.8430790533212242,1.837701850475168,0.30499999999999994,1462.1399999998976,-0.001658936328950543,0.7637592000452582,0.9885,457
100,3.857581185944363,0.15199706471640176,-0.7263350473968946,0.4706895524936351,1.563,1406.9399999999441,0.00036722322265100296,0.9808783258107908,0.7521713276836157,0.8415009509791846,2.780482780698744,1.8233969890139563,0.30500000000000016,1458.1800000000512,-0.0016653122938840937,0.7649098349600757,1.001,456
101,3.8583473408239706,0.15292828313021226,-0.7557091447238933,0.4506253491114077,1.528,1374.780000000028,0.00037868432173715033,0.9824553513888148,0.7603592302209552,0.8479653785223712,2.628164351269053,1.7889457046540533,0.30499999999999994,1444.7399999999907,-0.0017014454510927294,0.7674176800202038,0.993,455
102,3.8605158798283266,0.14693089914952362,-0.6670065877799494,0.5479998562472556,1.6,1439.8800000000047,0.00034519083164975166,0.9721705547503648,0.7457755741127349,0.8390784453056211,2.919349940098817,1.855698783876564,0.30600000000000005,1479.359999999986,-0.0016286245434464772,0.762509453501263,0.981,454
103,3.8598610511159106,0.14823346038354676,-0.6857279196297972,0.5246668059319364,1.5899999999999999,1430.3999999999069,0.00035113173555785846,0.974707224646525,0.7455973574408902,0.8395490300484093,2.934460956336089,1.85861232534545,0.30600000000000005,1480.6199999999953,-0.0016277573746241026,0.7617959010524542,0.98,453
104,3.8577046477850407,0.1507495077662096,-0.7096116341038674,0.49286656493119163,1.5759999999999998,1418.640000000014,0.00036071356882807213,0.9789452461598582,0.7480206727400139,0.8400965963544188,2.846462245779037,1.8376373321203305,0.30500000000000016,1469.1600000000326,-0.0016463120557542535,0.7622705476388243,0.9885,452
105,3.856804835164835,0.15172167992222543,-0.7211937852288002,0.47540821541004835,1.561,1404.9000000000233,0.0003671052137198899,0.9805378364567539,0.7564123142250531,0.8465613614421457,2.7421809012611806,1.8140747853854784,0.30600000000000005,1454.4599999999627,-0.001681026737597741,0.7656472770905333,1.0005,451
106,3.858045952023988,0.15296811334647786,-0.7552739234853467,0.45144449159766364,1.526,1373.6999999999534,0.000379028015801458,0.9824361152478132,0.7634235167977127,0.8499878824164862,2.581706030187725,1.7774613220621684,0.30500000000000016,1440.0,-0.0017129253435863082,0.7689142102734384,0.9925,450
107,3.8609309949892623,0.1469113083218392,-0.6672764958043675,0.5447371993610926,1.599,1438.920000000042,0.00034542970835121136,0.9718013204409529,0.7451962577962578,0.8386293346379264,2.9130882616858056,1.8544640306558424,0.30699999999999994,1486.0800000000745,-0.0016211657198447384,0.7616478792676078,0.981,449
108,3.8597218457101654,0.14834588732340503,-0.6863856468277119,0.5248358657718194,1.587,1428.719999999972,0.0003518021238057387,0.9750956820086522,0.7468202787456445,0.8395293914244296,2.892864399750996,1.8484243064143955,0.30700000000000016,1477.5599999999395,-0.001633877005698963,0.7621726282173971,0.9795,448
109,3.857959490909091,0.15050552697140412,-0.7087838853319868,0.4916838112429201,1.574,1416.0599999999395,0.00036079510139231644,0.9788172937747296,0.7497699510831587,0.8417936262578373,2.865048416148035,1.8423393635978924,0.30600000000000005,1473.719999999972,-0.0016440675299601423,0.7634989406038766,0.987,447
110,3.8578749816581075,0.15187020662383593,-0.7264457606386978,0.4698958791861382,1.5599999999999998,1403.8200000000652,0.00036771658638121244,0.9808720484193193,0.7526525910364146,0.8452065957769074,2.8091402737521722,1.8294563836869873,0.30699999999999994,1469.8800000000047,-0.0016572508756055456,0.7638964059724509,0.999,446
111,3.858429902329076,0.15283198162995146,-0.7570788707397318,0.44667296510832927,1.523,1370.759999999893,0.00037958083136798153,0.9825686431842388,0.7610559943582511,0.8495052771482029,2.675015778341411,1.7986379147433156,0.30799999999999983,1460.1599999999162,-0.0016844538555164964,0.7677042099451309,0.99,445
112,3.862131276901004,0.14650864821950385,-0.6684784691837007,0.5437275603923561,1.5959999999999999,1436.219999999972,0.0003451294193439529,0.9713712235463221,0.7401743326488707,0.835321580208056,3.014149601376281,1.8773111499182868,0.30900000000000016,1504.6199999999953,-0.001589591316713808,0.7598491277498444,0.9785,444
113,3.8616229046242774,0.14794358348009176,-0.6909985072313498,0.5215073580914364,1.5839999999999999,1425.5999999999767,0.00035164914935775007,0.9745745251848872,0.7379622693096377,0.8326558901205462,3.0410101496400834,1.882444301107253,0.30900000000000016,1507.2600000000093,-0.00158142559649349,0.7590810915882897,0.977,443
114,3.859083831026948,0.1501799377041124,-0.7107042880395982,0.48900006957354586,1.571,1413.8399999999674,0.00036062967454177064,0.9787700861997505,0.7458435684647303,0.8391787197730006,2.9332486571638636,1.8572616368570112,0.30800000000000005,1488.5399999999208,-0.0016198193487174104,0.7622691064644719,0.9865,442
115,3.857846402349486,0.15187944972934714,-0.7279350407245997,0.4690332795260818,1.559,1402.8000000000466,0.00036804420538192586,0.9808674689419904,0.7566701977401131,0.8445058930821148,2.7106608489393498,1.8060009684818563,0.30600000000000005,1457.5200000000186,-0.0016757483502843125,0.7661550302430384,0.999,441
116,3.85791969924812,0.15298698682193382,-0.7551097173922794,0.45332871500745087,1.522,1369.7999999999302,0.00038007903813773854,0.9824042788086381,0.7701227077363896,0.8552753377911757,2.5240641990329253,1.763382366080569,0.30699999999999994,1436.7600000000093,-0.0017311019090577196,0.771050349788657,0.9915,440
117,3.86095111270639,0.14693973797235574,-0.6686765508172088,0.5442131069841986,1.594,1434.5400000000373,0.00034656887224731117,0.9722934063330687,0.7494747741487143,0.8403212740778397,2.8490465940459133,1.83935184180973,0.30800000000000005,1481.8199999999488,-0.0016326732458787209,0.763857803375027,0.9805,439
118,3.8596518063583813,0.14849239866871666,-0.6858746117022863,0.5238771925613817,1.5839999999999999,1425.3000000000466,0.00035306184180669184,0.9752514212258215,0.750247210599721,0.8402845608018819,2.827404690625926,1.8332139880549352,0.30700000000000016,1476.4799999999814,-0.0016397995140516235,0.764126501783372,0.9785,438
119,3.858115379008747,0.1506237895236395,-0.7094455854844082,0.49170827388190247,1.57,1412.9399999999441,0.0003618827206820961,0.9789576471355103,0.7535427068723702,0.8420615031540993,2.7611773545545066,1.8178652863348372,0.30699999999999994,1468.0200000000186,-0.00165696337107201,0.7654300010679865,0.986,437
120,3.8575940397350994,0.15167781489059842,-0.7244650777652,0.4708627931981943,1.555,1399.6199999999953,0.0003683770039251231,0.9807703154697189,0.7592863091037403,0.847109413667949,2.6888424272477023,1.8010412881416238,0.30800000000000005,1459.6199999999953,-0.0016801329319992735,0.767275219559405,0.998,436
121,3.8582015813253006,0.15274281447924437,-0.7552729925588064,0.4476089780092666,1.52,1367.7600000000093,0.00038012274225693754,0.9825675019325344,0.7659470629865535,0.852704948082653,2.5860385810714774,1.7780269571926706,0.30899999999999994,1454.8800000000047,-0.0017012071067682277,0.7694424252154717,0.99,435
122,3.8611999281092735,0.1468058122023706,-0.667576078918743,0.5435193349703127,1.5919999999999999,1432.8000000000466,0.0003467028996210878,0.9719806615286183,0.7491588235294118,0.8406942250966182,2.848609418957815,1.8391481213813594,0.30900000000000016,1487.9399999999441,-0.0016262995633756468,0.7633868931284601,0.9795,434
123,3.8600785249457696,0.14840901550904476,-0.6862640929032526,0.5229099614976136,1.582,1424.1600000000326,0.0003531487553857418,0.9749523221623735,0.7522431154381085,0.8434713242059386,2.8329685280129926,1.8347962295153033,0.30900000000000016,1480.3200000000652,-0.0016412507425649227,0.7646037838595083,0.9775,433
124,3.858583357664234,0.15046366536476444,-0.7097609086962962,0.4904290464565075,1.5679999999999998,1411.0200000000186,0.0003620217243162701,0.9789671725700045,0.753977062937063,0.842425851881689,2.762631708889323,1.8186517203123123,0.30800000000000005,1472.0400000000373,-0.0016521696624500926,0.7655786618828528,0.985,432
125,3.858086735445836,0.1516551600417364,-0.7280489716428447,0.46664583904365387,1.553,1397.8800000000047,0.0003688419610208094,0.9809277622783878,0.7586647926914968,0.8465673732293225,2.7019344936028036,1.8039147758856384,0.30899999999999994,1464.9000000000233,-0.0016721352969277848,0.7671318186487885,0.997,431
126,3.8583360482654596,0.1527285825812499,-0.7551591052883038,0.4483842924911579,1.518,1366.0200000000186,0.00038060469473514804,0.9825392533487778,0.764413863476425,0.8509982220554115,2.6146961514750338,1.7843539784156381,0.31000000000000005,1463.1600000000326,-0.0016875397334726425,0.769349215323528,0.9885,430
127,3.8617976978417268,0.14658505069115657,-0.6662892674277114,0.5426884909342429,1.5899999999999999,1431.4799999999814,0.00034649634597290317,0.9715092218179747,0.7473386097728837,0.8390848339695995,2.876612072437764,1.8452867979417724,0.31000000000000005,1496.5800000000745,-0.0016131995561414708,0.7628125184176063,0.9785,429
128,3.8601357971014494,0.1482046021986234,-0.6868053853410068,0.5218979565558898,1.579,1421.579999999958,0.0003533083275949948,0.9750109678976978,0.7516431644691186,0.8426929652142859,2.8207348423554297,1.8318088043367082,0.31000000000000005,1483.8000000000466,-0.0016369168478785427,0.7645027083402428,0.9775,428
129,3.8580710007304604,0.1505408912089054,-0.7081650860844348,0.49229848214213073,1.567,1410.0,0.0003624617273833166,0.9788999828518775,0.7573398311048558,0.8449473830711854,2.677286937339134,1.7988609848771266,0.30800000000000005,1463.1600000000326,-0.0016722130987266647,0.7664742609027593,0.9855,427
130,3.857217109144542,0.15171888625042212,-0.7250176079625383,0.4708726340190037,1.5519999999999998,1396.2600000000093,0.00036937613389556134,0.9808574898608067,0.7648652019844082,0.8510609496060008,2.6082127904846697,1.7826128792321587,0.30800000000000005,1452.6600000000326,-0.0017000054658906046,0.7694149719294846,0.9965,426
131,3.857764932126697,0.15273013719319442,-0.7521959448134892,0.45237450055089173,1.518,1365.4199999999255,0.0003807494200259128,0.982372888146245,0.7706837837837838,0.8538127769931626,2.502981136703969,1.7578419143495565,0.30899999999999994,1447.859999999986,-0.001717891752598308,0.7718317593610436,0.99,425
132,3.8597935205183584,0.14707224557706722,-0.6646248877826233,0.5444355749014276,1.589,1430.4000000000233,0.0003479066044752813,0.972351639432759,0.7590508771929825,0.8479859814904704,2.697887448687278,1.8049142857844722,0.31000000000000005,1468.0200000000186,-0.001671020961949817,0.7673393585323435,0.9795,424
133,3.859206598984772,0.14843916526209558,-0.6855371397396333,0.5207348950471973,1.578,1420.4399999999441,0.00035415113036576563,0.9752455692354116,0.7588798036465639,0.8467789625950656,2.718619262531968,1.8086245660503673,0.31000000000000005,1468.2000000000698,-0.0016674825722332596,0.7676041714326862,0.9775,423
134,3.857981944444445,0.1505757086198015,-0.7076816453301684,0.49218633862393607,1.5659999999999998,1408.859999999986,0.0003628168192013502,0.9788500458424592,0.7611689655172414,0.8497419229014082,2.657207032505866,1.7944383457047635,0.30899999999999994,1463.579999999958,-0.0016821429152012438,0.7675395728814561,0.9845,422
135,3.8572636162361618,0.1517528845644103,-0.724913343745023,0.47027284400421615,1.551,1395.4199999999255,0.0003696789746629836,0.9807933846128962,0.7641494350282487,0.8503069398002536,2.6002921098586356,1.7815345866588748,0.30900000000000016,1457.1600000000326,-0.001692979810324432,0.768991617881694,0.996,421
136,3.8578846792452834,0.15271120854985995,-0.7527842082410867,0.4517051823025345,1.516,1364.2799999999115,0.000380982234925412,0.9823676743124525,0.7684158527954706,0.8527447619707927,2.517250599184835,1.762247694133509,0.31000000000000005,1454.7000000000698,-0.001705350825818452,0.7710549792991728,0.9885,420
137,3.860739942321557,0.14702071451265625,-0.6668584664597677,0.5413575587836912,1.587,1428.3000000000466,0.00034836095231080327,0.972475969069694,0.7538109722222222,0.8427834520511029,2.7385682617889433,1.8144731400908052,0.31000000000000005,1482.5400000000373,-0.0016414670485712232,0.7651944380638832,0.9785,419
138,3.859542223837209,0.1483986454650141,-0.6884517033951347,0.5209009182072766,1.575,1417.5,0.0003547367699470533,0.9754622849910892,0.7570012534818941,0.8463507447967066,2.7378964639061056,1.813149699036354,0.31100000000000017,1478.1000000000931,-0.001654316468367766,0.7666410130062782,0.9765,418
139,3.8582666422823704,0.15056933125007638,-0.7094828561072224,0.4904953781241981,1.565,1407.780000000028,0.00036312241855475516,0.9788242702974387,0.762987755102041,0.850531428606339,2.6498339420696944,1.793092581238165,0.31000000000000005,1463.280000000028,-0.001684280023653059,0.7686112532065419,0.984,417
140,3.8574210643015525,0.151694251649434,-0.7265530462042493,0.46876247948572797,1.548,1393.3199999999488,0.0003700968561658787,0.980847291377394,0.7637953521126759,0.8506890011847235,2.6076473232333637,1.7833272894589376,0.31000000000000005,1462.2000000000698,-0.0016877252673750589,0.7691140007689239,0.995,416
141,3.857847921390779,0.15276157409095792,-0.7513808591751348,0.452468644641419,1.514,1362.719999999972,0.0003815793163314584,0.9823116627748698,0.768002251935257,0.8540268053124026,2.5453919228906257,1.7685914436330346,0.31200000000000006,1462.3800000000047,-0.0016969324957710487,0.7705717123333105,0.988,415
142,3.8604553068592056,0.14682955304377132,-0.6667401607485148,0.543578982316377,1.585,1426.3800000000047,0.00034829936746384813,0.9723336752661321,0.7590721563154222,0.8475228184989608,2.6990868871547526,1.8049652869243005,0.31100000000000017,1475.579999999958,-0.0016613686825277547,0.7674242250082886,0.978,414
143,3.8595829818181815,0.14835576212464938,-0.6875651463672376,0.5198821789956919,1.574,1416.3000000000466,0.0003549736675294031,0.9754629183086947,0.7592493723849373,0.847508933372064,2.7024007852271588,1.8052399424737342,0.31099999999999994,1476.6600000000326,-0.0016605968869999011,0.7676833897671291,0.976,413
144,3.858106969919296,0.15026505374091634,-0.7090527922348442,0.48954225098247406,1.561,1404.4799999999814,0.0003632171197793232,0.9790004299184306,0.7626747191011236,0.8502038663502497,2.632109242952163,1.7886973300339795,0.31000000000000005,1466.1600000000326,-0.0016807029956554817,0.7684057919846706,0.9835,412
145,3.857058431952663,0.15182500182702052,-0.722961812846544,0.4736899574455326,1.5479999999999998,1392.7200000000885,0.0003705626573953755,0.9806568535537862,0.7670692579505299,0.8536393128095252,2.568373758154771,1.7746729618351917,0.31000000000000005,1456.5599999999395,-0.001701499333597707,0.77011056697447,0.9945,411
146,3.8576495086923654,0.15263191260916806,-0.750404940871134,0.45192994790334157,1.514,1362.4800000000978,0.00038130456861382124,0.9822592497956066,0.7704366147308781,0.8547193574323318,2.471594168331185,1.7524383841655113,0.31099999999999994,1453.3800000000047,-0.0017121286660832173,0.7711622115137107,0.988,410
147,3.860356760665221,0.14690509157036222,-0.6669762022486672,0.542495029586834,1.583,1424.4599999999627,0.0003489819269705653,0.9725780121876507,0.7594117073170731,0.8485962551344748,2.6806481574483385,1.8011713550729072,0.31099999999999994,1477.5,-0.0016613777634791414,0.7675762445459965,0.9775,409
148,3.859264919941776,0.1484844364660644,-0.6888766954239465,0.5205873202121716,1.5719999999999998,1415.0400000000373,0.00035561249522945136,0.9755575462076883,0.7625124123422159,0.8493696712641495,2.644785000293215,1.7923430629510888,0.31100000000000017,1469.219999999972,-0.0016757175838843584,0.7690574631314575,0.976,408
149,3.8578557184750735,0.1505483242516944,-0.7080730879466097,0.4895827024587938,1.561,1404.780000000028,0.00036387718548204305,0.9789727453543726,0.7648900353356891,0.8500433200166204,2.5672878476936134,1.774370946586881,0.31000000000000005,1457.1600000000326,-0.0016944725146556942,0.7696753653320496,0.9825,407
150,3.857366987416728,0.1516713930097242,-0.7255252409968582,0.4695711621368035,1.546,1391.0400000000373,0.00037067223836132396,0.9807983241312265,0.7662014114326041,0.8517414380551566,2.54296031767709,1.7686546719240916,0.31000000000000005,1458.420000000042,-0.0016966254304388712,0.769866081424075,0.994,406
151,3.8580013626040883,0.15265167310308855,-0.7518466258385965,0.45036992329211784,1.512,1360.6199999999953,0.00038189720648133124,0.982320716969081,0.7694830508474577,0.8532264206775393,2.466508091934566,1.7517871345775082,0.31099999999999994,1457.9399999999441,-0.0017037167322014803,0.7712867725022883,0.986,405
152,3.8614109341057206,0.1466236064215747,-0.6681209331218412,0.5404657908112575,1.5799999999999998,1422.2399999999907,0.00034887934024663075,0.972350453260245,0.7583123354123356,0.8464144194866134,2.7011176931980145,1.8063698540400352,0.31300000000000017,1486.5,-0.0016468539378026745,0.7678741178021474,0.9755,404
153,3.8603119533527694,0.14814990073648793,-0.6879692305519214,0.5192452006450203,1.57,1413.1799999999348,0.00035530132210579574,0.9750884529989521,0.7558840940525587,0.8453976673625968,2.730142013384996,1.8122910593145678,0.31200000000000006,1488.719999999972,-0.0016405253010931694,0.7660561447774393,0.974,403
154,3.859128707782672,0.15023790897379494,-0.7109888988807063,0.4876007374614925,1.559,1402.6799999999348,0.0003636819369548245,0.9789123019810705,0.7650826086956523,0.8515922581573123,2.619123774184442,1.7862274716872868,0.31200000000000006,1468.2600000000093,-0.0016817928749208405,0.7697876828278555,0.9815,402
155,3.857813269088213,0.15167894640899027,-0.7277267256401343,0.46622511802615335,1.543,1389.2399999999907,0.0003711826265224509,0.9809181828871997,0.7632355695317959,0.8498297603849971,2.5994762891438796,1.7812615079705523,0.31300000000000017,1472.9399999999441,-0.001673812578751333,0.7686008087339647,0.993,401
156,3.857696669190007,0.15263700737108393,-0.7516962417683226,0.4509693522923003,1.511,1360.2000000000698,0.0003819005945714628,0.982265385859298,0.7721355319148936,0.8559461338497966,2.444446945373546,1.7469882262103287,0.31200000000000006,1452.1800000000512,-0.0017175781025955002,0.7724570977861587,0.9865,400
157,3.860274583635048,0.14719540999333336,-0.6677149496988828,0.5397459913881767,1.581,1422.6599999999162,0.0003501603950798175,0.9725658755924952,0.7653580825752275,0.8529984886575492,2.605197737574249,1.7842583259486853,0.31200000000000006,1471.6199999999953,-0.0016809813638075277,0.7696089480028867,0.977,399
158,3.858471886380189,0.14872489786190385,-0.6843910290505266,0.5221219768700234,1.572,1414.4399999999441,0.00035628077642594865,0.9754323534350212,0.7677085046066618,0.8517020518962111,2.5178628213854797,1.7633338222653478,0.31000000000000005,1452.1200000001118,-0.0017053100237456615,0.7711288898687557,0.975,398
159,3.8576717647058825,0.15045846692407355,-0.7079361282353718,0.4901368523722542,1.556,1401.0,0.00036463590776684193,0.9789712211710235,0.7678788135593222,0.8530983651685725,2.519952213989942,1.7644089937046024,0.31100000000000017,1458.0,-0.0017008690102088917,0.770837334073355,0.982,397
160,3.857232690882135,0.15173687827529936,-0.7236989848733675,0.47056253670909653,1.544,1389.359999999986,0.0003712284303222215,0.9806882452999273,0.7701120226308346,0.8556045188846014,2.4972190741767726,1.7588470700299206,0.31100000000000017,1456.2000000000698,-0.0017089464367886697,0.7710540857547197,0.9925,396
161,3.857834874905232,0.1524864415370131,-0.7510777440940175,0.4502468515729319,1.51,1358.9399999999441,0.0003819575814924174,0.9822737913245772,0.7747250355618777,0.858137691885157,2.405294854727888,1.7392002149748376,0.31099999999999994,1447.6799999999348,-0.0017277765326093176,0.7731614028625629,0.986,395
162,3.860663741841914,0.14696018444007852,-0.6679467728478463,0.540986951870701,1.5779999999999998,1420.1999999999534,0.0003501791475102553,0.9726847509121554,0.7663221678321678,0.8533673678666966,2.5894190436067985,1.7809424606014137,0.31299999999999994,1472.8199999999488,-0.0016807377175679728,0.7702529405176403,0.9755,394
163,3.859406856309264,0.14847474570963456,-0.6859810268690749,0.5194560650856311,1.5690000000000002,1412.280000000028,0.0003562260374791888,0.9753363455402377,0.7639676718092567,0.8495226273866247,2.567098114514053,1.775328834064015,0.31100000000000017,1468.140000000014,-0.0016805616273615123,0.7694081038862131,0.9745,393
164,3.85811140544518,0.15036139330256212,-0.7080056679439659,0.48986488868844735,1.554,1399.3200000000652,0.00036491317156312907,0.9790051229210085,0.7657296973961998,0.8514592050083785,2.524792901539165,1.765894934273686,0.31100000000000017,1463.7600000000093,-0.0016906674419037227,0.7698502050760747,0.981,392
165,3.857270527097253,0.15168719568331657,-0.7237937098541107,0.46957901111915096,1.541,1387.0800000000745,0.00037172940671511726,0.9808096860999079,0.7673781843771992,0.852368628836815,2.5117135183752968,1.7628943380776132,0.31200000000000006,1463.1000000000931,-0.0016937493330306105,0.7704643561192007,0.992,391
166,3.857913667425968,0.15254876681516807,-0.7523997119370911,0.4488813895142125,1.5070000000000001,1356.4799999999814,0.0003828267143763998,0.982384388874336,0.7695721207865169,0.8551291342209029,2.4674386256267837,1.7535911332257827,0.31299999999999994,1465.3200000000652,-0.0016976019014901835,0.7713146834939285,0.984,390
167,3.8615368917937545,0.1465827354030447,-0.6673990132857126,0.5386059785985604,1.576,1418.279999999795,0.0003497906424223502,0.9721042775188253,0.7612641522491349,0.8480047484836928,2.6421054880098387,1.7929529313969603,0.31400000000000006,1487.6999999999534,-0.0016509057818723046,0.7685504952781922,0.9745,389
168,3.8599997078159234,0.14816331084719023,-0.6859078651649435,0.520548403587975,1.567,1410.0,0.00035610329773170634,0.9751386380372522,0.7645388111888113,0.8498609122921896,2.575869038030598,1.777863811673238,0.31200000000000006,1472.7600000000093,-0.0016751843610831962,0.7697340275459549,0.9735,388
169,3.8578828424153166,0.15035846837706168,-0.708801931896593,0.48906806350069965,1.553,1398.2399999999907,0.00036515637312788747,0.9791082415963827,0.7662752106741573,0.8526854640904071,2.524517476006606,1.764898566869274,0.31200000000000006,1465.6799999999348,-0.001690518857822201,0.769114816965943,0.9815,387
170,3.8561913882702306,0.1516955356217383,-0.7210204863728835,0.47575702589274793,1.5419999999999998,1387.3199999998324,0.00037155866649696886,0.9805584457426685,0.777656690647482,0.860777309284524,2.333376781861384,1.7220861615929581,0.30900000000000016,1431.660000000149,-0.0017567933685122786,0.7734309557009602,0.9925,386
171,3.8568972685887712,0.15289820021200065,-0.7517984843949614,0.45934798171532987,1.508,1357.4399999999441,0.00038326843283664037,0.9821016299508036,0.7825136034732274,0.8643537953672192,2.2550459092112236,1.7061667850140747,0.30899999999999994,1422.5400000000373,-0.0017770871384329072,0.7758983654875019,0.987,385
172,3.858698693759071,0.14775704497947514,-0.6697950367139267,0.5404298202396791,1.577,1419.3599999998696,0.0003523244313032824,0.9737900563181079,0.7756557377049179,0.8598484514570681,2.3925941185280344,1.736438791705271,0.31100000000000017,1445.0399999998044,-0.001735639990537393,0.7727955737656599,0.977,384
173,3.857931167883212,0.1490627251873227,-0.6859400402774107,0.5223682429845957,1.568,1411.3799999998882,0.0003578330682273007,0.9760035944450998,0.7752181428571429,0.8592219059885778,2.3926356302336735,1.7363276502120053,0.31000000000000005,1441.5600000000559,-0.0017384760737449941,0.7733506171486418,0.975,383
174,3.856780706921944,0.15079107727708135,-0.7059451167264941,0.49280106931392137,1.554,1398.5400000000373,0.00036607259428397197,0.9790673330859878,0.7745878917378918,0.8590355731476517,2.3991603707731617,1.7377412540532127,0.31100000000000017,1445.8199999998324,-0.0017327330386377679,0.7727038030029836,0.981,382
175,3.856473977695167,0.1517584172109067,-0.7207543230362901,0.47646038986389705,1.5399999999999998,1385.339999999851,0.00037227988367924777,0.9804890757119736,0.7757036350677119,0.8593805109605007,2.374436643131798,1.7317247188618536,0.31099999999999994,1444.7399999999907,-0.001736058125656514,0.7729995637954623,0.9915,381
176,3.8571680334092635,0.15267310227480035,-0.7501081342282534,0.4555707545486627,1.5070000000000001,1356.3000000000466,0.0003830388993310201,0.9820894568594978,0.7769286324786325,0.8618421889653964,2.3395019370730985,1.7255914332664732,0.31200000000000006,1445.4000000001397,-0.0017397730129604006,0.7730268273540528,0.9855,380
177,3.8592025436046513,0.14732191512861123,-0.6667058901986249,0.5396579104385539,1.575,1417.0800000000745,0.00035187722563430514,0.9730324718289042,0.7709662676056337,0.8555810957709414,2.45087224445657,1.7497406546522944,0.31299999999999994,1462.440000000177,-0.0017041306661243095,0.7715309818547272,0.9755,379
178,3.8588372807017546,0.1486837491069176,-0.6874802694596212,0.5202840770934142,1.566,1408.7399999999907,0.0003576796731139908,0.9757228203769792,0.7720667372881356,0.8576383068811191,2.4504976422289344,1.7499019644914544,0.31200000000000006,1457.6999999999534,-0.0017126523495727488,0.7719692939921654,0.974,378
179,3.85714332103321,0.15049854253468048,-0.7083569423212479,0.4903315023189572,1.551,1395.6599999999162,0.0003661605305328141,0.9790737334057,0.7707267655367233,0.8562283790881328,2.4393346041527915,1.7469591928417163,0.31099999999999994,1458.1200000001118,-0.0017105657376370123,0.771319206201527,0.98,377
180,3.8566941964285713,0.1517684322662754,-0.7222335056044846,0.474057963514367,1.5379999999999998,1384.3199999998324,0.00037258323928591243,0.9805605545516105,0.774169383416017,0.858815185204917,2.4064905133372054,1.7394407714305768,0.31200000000000006,1452.4799999999814,-0.0017232306798910231,0.7723152250715514,0.9905,376
181,3.8575702887537995,0.15279931326934018,-0.7520898056919929,0.4529736591849843,1.506,1355.280000000028,0.00038370704887386785,0.9821954660317176,0.7750118439716313,0.8599706670902479,2.34414651611902,1.7275130117640929,0.31200000000000006,1451.5799999998417,-0.001727265672472879,0.7721270814305156,0.985,375
182,3.859516145454545,0.14738834784745208,-0.671152784262171,0.5367173618139439,1.5739999999999998,1416.3600000001024,0.0003522430261427306,0.9732092373813036,0.7719057163020466,0.8562392524970669,2.4174364848351004,1.742616327718287,0.31300000000000017,1458.4799999999814,-0.001710262954246276,0.771846428122746,0.975,374
183,3.858644915874177,0.14870965334231928,-0.6866453972595403,0.5197990540382597,1.565,1407.8999999999069,0.00035794645648662383,0.9756712115701799,0.7750859065155807,0.8597965924340011,2.425847028459329,1.7440942898346194,0.31200000000000006,1453.9799999999814,-0.0017231050875071016,0.7731963331888912,0.9735,373
184,3.8568788774002956,0.15058976475019584,-0.7071881936642668,0.4903610634270816,1.55,1394.7000000001863,0.0003665966078376081,0.9790190967786928,0.7739231586402266,0.858447652468602,2.403371774295426,1.7388695462710144,0.31200000000000006,1454.280000000028,-0.0017210068577736166,0.7720224278911384,0.9795,372
185,3.8566573025335322,0.1516728401610909,-0.724942956612189,0.47291846864518655,1.536,1382.1599999999162,0.00037294693866057427,0.9807726223709906,0.7736356484762581,0.8582373379344077,2.3738397593755103,1.7329573999105874,0.31200000000000006,1452.5999999998603,-0.0017233243773941175,0.7719644107310164,0.99,371
186,3.8570444106463886,0.15252652259921456,-0.7484030967063617,0.45667756561417433,1.505,1354.1999999999534,0.0003832216322051649,0.9819559805762179,0.772933380581148,0.860023502712734,2.331076467182106,1.725031666266258,0.31100000000000017,1452.0,-0.0017270677724565986,0.7704526162368015,0.984,370
187,3.8596816460305896,0.14713094497422602,-0.6683542324011515,0.5372561236870248,1.572,1414.2600000000093,0.00035214450803627037,0.9729608412677716,0.7729821378340367,0.8579545407177955,2.4341646878706573,1.7466412786486825,0.31400000000000006,1464.5400000000373,-0.0017061250320566013,0.7724654600379889,0.974,369
188,3.8591775824175825,0.1485372544628425,-0.6870116852636388,0.5196069443421851,1.562,1405.8600000001024,0.0003580503835411265,0.9756570461505216,0.7714704146170064,0.8571105808277287,2.454301359066851,1.7508686922096273,0.31400000000000006,1464.780000000028,-0.0017027402850350135,0.7714850473732084,0.972,368
189,3.8576481152993347,0.15036321861774338,-0.7069142027925643,0.48854316230884076,1.548,1393.3799999998882,0.00036640821179568085,0.978965357727519,0.7698455758426966,0.8557085972266629,2.4446872036112,1.7491881450421516,0.31300000000000017,1466.0400000000373,-0.001698627520844254,0.7705712959836328,0.9785,367
190,3.8571885906040273,0.1515937044222972,-0.7235342523224673,0.47184300473507984,1.535,1381.5,0.0003729721785965319,0.980695282648765,0.7719785362420831,0.8584662087632094,2.418384201952083,1.74335006493697,0.31299999999999994,1462.5600000000559,-0.001708734540811985,0.7711746952897217,0.9895,366
191,3.8577274181264283,0.152686385033187,-0.7523414662143466,0.4513368712114586,1.502,1352.219999999972,0.0003843080940107502,0.9822405212984744,0.7715101683029452,0.8604891051768825,2.3849880657307576,1.7376775477650537,0.31499999999999995,1468.0200000000186,-0.0017065628556719684,0.769962486948797,0.983,365
192,3.860486214442013,0.14695164115795628,-0.6697447992057852,0.5367222300032553,1.569,1412.3400000000838,0.0003522223475788088,0.9729396637363151,0.7681275958188153,0.854178884264307,2.482585696782472,1.7583525614809636,0.31499999999999995,1477.8000000000466,-0.0016807473804220931,0.7703293840363367,0.9725,364
193,3.8593506969919296,0.14826086102714175,-0.6847996274846615,0.5184481478654075,1.56,1403.9399999999441,0.00035789873888269325,0.9753158732913819,0.7701633753501399,0.8552670440877191,2.4708308712811586,1.755214306506497,0.31400000000000006,1470.6000000000931,-0.0016920594376588522,0.7711784313433067,0.971,363
194,3.858149704142012,0.15045268563329847,-0.7101542071739315,0.48636037054922693,1.548,1392.4799999999814,0.00036688867182293924,0.9790703787244565,0.7697376223776223,0.8569855140827859,2.472698567992687,1.7552302695232715,0.31400000000000006,1472.1000000000931,-0.001693223780402125,0.7701912867630063,0.9775,362
195,3.8575130597014926,0.15157437298656318,-0.7250969535277871,0.4697309544683043,1.533,1379.9399999999441,0.00037343723459163774,0.9807132418690884,0.7714065918653578,0.8576318161313322,2.438215598973823,1.7475876373709194,0.31400000000000006,1468.0799999998417,-0.0017008817730519636,0.7710131162542174,0.9885,361
196,3.857949237804878,0.15267388445836025,-0.7522960941355397,0.45042142050221395,1.501,1350.9600000001956,0.00038467188567388943,0.9823241766914724,0.7686558967201674,0.8577811813584211,2.4098807446689783,1.7432449556635838,0.31499999999999995,1475.5200000000186,-0.001691636371260291,0.7685921782474286,0.9815,360
197,3.8610477372262775,0.14685900499103868,-0.6700521315589887,0.5364941420771108,1.568,1411.1999999999534,0.00035226748150902305,0.972708769036254,0.7683422623178349,0.8563940307638382,2.4989559225767586,1.7619270425784201,0.31600000000000006,1484.1599999999162,-0.0016769913923273204,0.7700681647684645,0.9715,359
198,3.859822019019752,0.14799962117405197,-0.6844593218221284,0.5182466398985036,1.5570000000000002,1401.6599999999162,0.000357855819339143,0.9752934777634225,0.769668932038835,0.8554724317051157,2.4755636162137558,1.755901625051463,0.31500000000000017,1477.1399999998976,-0.0016844142987819982,0.7713831866886206,0.9705,358
199,3.8581489675516223,0.15013326741323227,-0.7104505279911093,0.4853313804186846,1.544,1389.660000000149,0.0003669498214017627,0.9790915017886144,0.7694157053509382,0.8568062217020422,2.4713105529317296,1.7555653719587319,0.31500000000000017,1475.8200000000652,-0.0016885295393579429,0.7702671885364055,0.9765,357
200,3.8575003717472116,0.15153541245379007,-0.7258071642179971,0.4672223428433131,1.532,1378.5,0.000373753820926921,0.9807825841987428,0.7684278472222223,0.8547620282936856,2.4447208751100575,1.7495035239471801,0.31500000000000017,1475.8200000000652,-0.0016858584494709502,0.7702353725692354,0.988,356
201,3.8581860288534546,0.15253969676898213,-0.7513687225241554,0.44960303295629206,1.5,1349.4600000001956,0.000384840469180851,0.982246161523499,0.7673011065006915,0.8573184123722914,2.4287056635247497,1.7473477237072408,0.31600000000000006,1482.4799999999814,-0.0016821902677200322,0.767605892064307,0.9805,355
202,3.8613645818181817,0.14651579023044556,-0.6682859134653496,0.5356267211628258,1.565,1409.1000000000931,0.00035203342805990254,0.9724998806338717,0.7665825997248968,0.8536939911242234,2.513584555003275,1.765779400697508,0.31699999999999995,1491.0,-0.001664151057916566,0.7696318271270983,0.9705,354
203,3.8604625915080533,0.14789677010301996,-0.6880026920441735,0.5158295722271106,1.5550000000000002,1400.1599999999162,0.0003580040982367459,0.9750608776785309,0.7663462491397109,0.8539496869199458,2.52159646426271,1.7672076725331638,0.31699999999999995,1488.3599999998696,-0.001666363092095946,0.7693299856040071,0.969,353
204,3.85880036954915,0.15013980410434322,-0.7109428240040438,0.4854670893191111,1.542,1387.7400000002235,0.0003674107359135215,0.9790664109838924,0.7659225206611568,0.8533534114259247,2.5090199987926844,1.7641842474740106,0.31600000000000006,1488.4200000001583,-0.001665197339838723,0.7695151485902746,0.9755,352
205,3.857932985852569,0.15136806069266714,-0.7267045289669287,0.4647825074676926,1.53,1376.4000000001397,0.0003739690349305074,0.9808402020363431,0.7666470709855272,0.8543948242994517,2.4863715496360834,1.758510949101139,0.31700000000000017,1486.7399999999907,-0.0016703577609650379,0.7691326541077018,0.987,351
206,3.8583463117870727,0.15257006996066513,-0.7541287452369665,0.4448286300623271,1.498,1348.3200000000652,0.00038515866074916445,0.982459294026878,0.7676583906464925,0.8584383664360918,2.454329885462357,1.7529400261378036,0.31699999999999995,1489.6200000001118,-0.0016753551673122677,0.767992088547084,0.9795,350
207,3.8622588492352516,0.14635287731202484,-0.670368012810882,0.5343911121757879,1.5630000000000002,1406.7600000000093,0.00035223975552414163,0.9724980108823046,0.7635929692832765,0.8512541965414897,2.5411572403372213,1.771941804420979,0.31800000000000006,1501.6799999999348,-0.0016446699318135238,0.768567783825087,0.969,349
208,3.861162536656892,0.14776729046641263,-0.6869097534664927,0.5141805915570128,1.554,1398.3000000000466,0.0003583546661474576,0.9748686635955838,0.7639785616438356,0.8510720644349308,2.544158708624238,1.7723922280286593,0.31699999999999995,1495.9799999999814,-0.0016510530605017384,0.769014729748488,0.968,348
209,3.8592015532544384,0.15001690856276326,-0.7129511743777006,0.4822500011160871,1.54,1386.6000000000931,0.0003674244205368041,0.9790114387231448,0.7664367697594502,0.8539681188955306,2.531618236769213,1.7689231128731424,0.31800000000000006,1491.9599999999627,-0.0016625884979316833,0.7694848449344464,0.9745,347
210,3.858301193139449,0.1515043792236663,-0.7272706165748621,0.4630150923884535,1.528,1375.5600000000559,0.00037459458040201205,0.9808943477147255,0.7670426218256691,0.8558499969357566,2.498712907334392,1.7619165233123482,0.31800000000000006,1492.0200000000186,-0.001665603927839861,0.7691485378505426,0.986,346
211,3.858666971080669,0.15256521791382976,-0.7553658234012497,0.4446277446292249,1.497,1347.2399999999907,0.0003855055179723897,0.982459533960208,0.7679661845730028,0.8589966044985767,2.4370221277931865,1.749477995680559,0.31800000000000006,1488.5400000000373,-0.0016776323913179193,0.7678256838039871,0.979,345
212,3.862190802919708,0.14632044335380995,-0.6721837913305295,0.5330561700654148,1.562,1405.2600000000093,0.00035260476234872697,0.9724165585687429,0.7653943383356071,0.8535492633055372,2.5404938147535043,1.7716575751270554,0.3190000000000002,1501.5,-0.0016494277151921373,0.7689762981613378,0.9685,344
213,3.861129221732746,0.1477965941354601,-0.6875620685528459,0.5145218934906447,1.5530000000000002,1396.9199999999255,0.0003586202229551903,0.9750824517476316,0.7640412046543464,0.8514262087088674,2.5397117755061203,1.771285274701789,0.31699999999999995,1498.3199999998324,-0.0016495441958245278,0.7685372391221027,0.9675,343
214,3.8591193786982245,0.15001208510970818,-0.7107073042696315,0.4826654977840519,1.5390000000000001,1385.160000000149,0.0003678608956106198,0.978944451314376,0.766086694101509,0.8531721214386827,2.5183678937664427,1.7660336232597234,0.31699999999999995,1493.5800000000745,-0.001659195217089075,0.7693368352271922,0.974,342
215,3.8582746825989545,0.15135318961219427,-0.7260846540890444,0.4629442593614014,1.526,1373.0400000000373,0.00037488442409478785,0.9809195905828246,0.7658210562414265,0.8533621617118807,2.4939879844831356,1.7610299365744861,0.31700000000000017,1494.720000000205,-0.0016591846937653888,0.7689203518071587,0.985,341
216,3.858786443259711,0.15231641363230167,-0.7532565575559911,0.4429368382036423,1.494,1345.2600000000093,0.0003855636102782857,0.9824738991747675,0.769790476190476,0.8575780654543708,2.4138773952067174,1.743840081160466,0.31800000000000006,1485.719999999972,-0.001680021644542734,0.7700339023084479,0.978,340
217,3.8626015328467154,0.14641970749430575,-0.6714329162453558,0.5322243324497772,1.5610000000000002,1404.5400000000373,0.00035299979993910985,0.9720838474767949,0.7654972789115646,0.8543333727034492,2.5568554035835565,1.7762979297790669,0.32000000000000006,1506.3000000000466,-0.0016447300656266491,0.7694799694543333,0.9675,339
218,3.8615916911764705,0.14759666870324692,-0.688746971041506,0.5149432257572837,1.5490000000000002,1394.1000000000931,0.0003588305312906655,0.9751189536914433,0.7627248130523454,0.8517158222795375,2.5699678528176175,1.7785776780302882,0.31899999999999995,1507.0800000000745,-0.001638957410794549,0.7676811598167506,0.966,338
219,3.8597137777777775,0.15005899646263257,-0.7129004924413089,0.48227840208719724,1.538,1383.8400000000838,0.00036827754259892854,0.9789506407250536,0.7643760736196319,0.8537104621587502,2.5574715621780806,1.7755226602064642,0.31899999999999995,1503.9599999999627,-0.0016469856374344944,0.7683094560438342,0.973,337
220,3.8588519431988044,0.15118298818382722,-0.7257481991050572,0.4606519550755647,1.524,1371.4799999999814,0.0003750457471138092,0.9808881070435177,0.763682493188011,0.8517569840976658,2.529523821091905,1.768548358417965,0.3190000000000002,1504.5,-0.0016432783473625838,0.7684648575420676,0.984,336
221,3.8591884057971013,0.15224487201975487,-0.7523294391693716,0.43960871078114383,1.494,1344.2399999999907,0.0003858730512637484,0.9825324147313059,0.7678178204249486,0.8563070818703791,2.4418248039558774,1.7505960971837218,0.3190000000000002,1495.619999999879,-0.0016647959965079336,0.7689778141560097,0.976,335
222,3.863454645208486,0.14590254681936488,-0.6718997769645214,0.5292669464144137,1.5570000000000002,1400.8799999998882,0.0003526797922724294,0.9718813987987903,0.7610853198653199,0.8502506652749653,2.611268891951118,1.788022992046668,0.3210000000000002,1522.8000000000466,-0.001617240514346739,0.7677186593226693,0.9655,334
223,3.862704642593957,0.14719252367937374,-0.6887570117044239,0.5103243745893951,1.546,1391.280000000028,0.0003588101346132595,0.9746294838459136,0.7587925503355704,0.8499601113728744,2.648941309179186,1.796706773829839,0.32099999999999995,1527.5400000000373,-0.0016086622590513594,0.7663215517997305,0.9645,333
224,3.8605005965697243,0.14967061541614246,-0.7134254798982136,0.4784849330848328,1.535,1381.0799999998417,0.00036814480299645545,0.9788087323297526,0.7600831186440679,0.8496106173211906,2.617352643946946,1.7889416909986393,0.32000000000000006,1519.3799999998882,-0.0016190391501144732,0.7671748685908437,0.971,332
225,3.8595268421052635,0.15108151311633258,-0.7297360059569113,0.45687480770696803,1.522,1369.7399999999907,0.00037512140748527975,0.9809343830337859,0.7602002032520325,0.8504274110295758,2.588677203042444,1.7825310822955729,0.32000000000000006,1519.4399999999441,-0.0016211434783424642,0.7669108555984573,0.983,331
226,3.859626457055215,0.15246860808773557,-0.7578915125139813,0.43510127736257237,1.492,1343.4599999999627,0.00038658666403353336,0.9828034514308378,0.7655571915473756,0.8561150253707174,2.503016518938007,1.7636451367065327,0.32099999999999995,1510.3200000000652,-0.0016454780304217128,0.7678376833810769,0.9745,330
227,3.8644555555555553,0.14580417283321648,-0.6728876308112586,0.5284237076159862,1.5550000000000002,1399.4399999999441,0.0003528073798141176,0.9715607493756614,0.7586478552278819,0.8495546504374536,2.6755298037319912,1.8026819934087626,0.32299999999999995,1536.5400000000373,-0.0015983187747856482,0.7665038961550207,0.9645,329
228,3.863631504818384,0.14710974670279112,-0.6917176204464606,0.5089632855312979,1.544,1389.1799999999348,0.00035908863658639154,0.9745719102318915,0.7566207357859531,0.8490912678718142,2.7097684661298462,1.8104718266852506,0.32400000000000007,1539.119999999879,-0.0015924391035888991,0.765480334441273,0.963,328
229,3.8611060492905156,0.1494543665600208,-0.7131886943007197,0.4766948023918022,1.532,1379.0400000000373,0.00036820428209144397,0.9787164701905139,0.7582106469002696,0.8485466603962974,2.6451648151052165,1.7952815629199819,0.32099999999999995,1527.780000000028,-0.0016070403477666017,0.7660428869757466,0.97,327
230,3.8597580887885634,0.15099657209950945,-0.7287652866063192,0.45393921450464997,1.521,1368.9599999999627,0.0003752477018116035,0.980957481895232,0.7608898442789438,0.851304365887534,2.5942174118986205,1.7841525589738498,0.32099999999999995,1520.3999999999069,-0.001621326575149503,0.7670334784016146,0.9815,326
231,3.8602468101460414,0.15219199185255372,-0.7577785382612934,0.43191282331882014,1.4889999999999999,1340.1000000000931,0.00038685121820480434,0.9828283823972401,0.7623706359945872,0.8523031041980275,2.534428196984667,1.7710180124501516,0.32200000000000006,1522.3200000000652,-0.0016242424892054974,0.7672827736333246,0.973,325
232,3.8653957964601773,0.14537653425826508,-0.672560578209596,0.5273839086599917,1.552,1396.7399999999907,0.00035241290630672474,0.9710073370212445,0.7533865205843294,0.844843544019448,2.724809940339097,1.81416515642295,0.32400000000000007,1551.2399999999907,-0.0015719824509957167,0.76456687538274,0.9625,324
233,3.8647551263001487,0.14675882998362477,-0.6934238462708464,0.5071730643508923,1.54,1386.4200000001583,0.00035896408217231607,0.9743914084709818,0.7523101986754966,0.8463015906800805,2.7785870926964185,1.825966753914437,0.32499999999999996,1555.1399999998976,-0.0015676698530617842,0.7634937978335581,0.9615,323
234,3.862239715781601,0.1492819069924697,-0.7151101183799327,0.47230623648224296,1.53,1377.1200000001118,0.0003683344456147793,0.9785837358311954,0.7546430472388558,0.8478639327658942,2.745840883733739,1.817860548428241,0.32400000000000007,1547.4599999999627,-0.001580634826465672,0.7646229821648528,0.9685,322
235,3.8610485305199695,0.15090885219284444,-0.7318969163285343,0.4493791893175358,1.519,1366.6200000001118,0.0003756857614732751,0.9810596914948138,0.7567148098732488,0.8494426518483671,2.699142423289244,1.8072762184563849,0.32399999999999984,1543.6799999999348,-0.001589448194167095,0.7655060353071428,0.9805,321
236,3.8610234615384615,0.1522729807213167,-0.759519116224622,0.42763221701535714,1.488,1338.9600000001956,0.0003875093900817588,0.9830184028190541,0.7596513386880858,0.851573916147806,2.613877948562145,1.7888561993301613,0.32400000000000007,1538.5200000000186,-0.0016020303833194224,0.765877957498599,0.971,320
237,3.8666822616407983,0.14495464015639295,-0.6730026812844621,0.5262622345015386,1.549,1393.6799999999348,0.0003522135389468107,0.9704783436065924,0.746716557591623,0.8411444324928674,2.842094059800453,1.8408560993310992,0.32600000000000007,1574.220000000205,-0.0015363524530533196,0.762151851403591,0.96,319
238,3.8660340773809527,0.14641818723838307,-0.6936560108903245,0.5033103434651086,1.538,1383.8400000000838,0.000358846167602417,0.9735970146608066,0.7475468279921519,0.8431402207833301,2.8764276677236698,1.8477261610858582,0.32599999999999985,1574.5199999997858,-0.0015385639231287036,0.7620244930524671,0.9595,318
239,3.8633238380809596,0.1489395174271242,-0.7170225486033339,0.4684042794235234,1.5270000000000001,1374.119999999879,0.0003683888183987847,0.9784287784693376,0.7473812089356111,0.8420385551923134,2.82533209173525,1.8357976827363889,0.32499999999999996,1567.1399999998976,-0.0015464354398529699,0.7616036004622532,0.9665,317
240,3.861948111782477,0.15067504713834737,-0.7342526502603346,0.4441502504809941,1.515,1363.7999999998137,0.00037602247206420847,0.9810894012470327,0.7509292602377807,0.8439224327356175,2.7677896107883635,1.822476069419137,0.32499999999999996,1558.7999999998137,-0.0015601616412191353,0.7633170287377369,0.979,316
241,3.861359861325116,0.15222784555158117,-0.7619721709714509,0.42124904837615973,1.485,1336.9799999999814,0.00038804230659928026,0.9831625580691116,0.7542800925925927,0.847151848627632,2.689835752702418,1.8056992304232564,0.32600000000000007,1556.6399999998976,-0.001571422073596781,0.7637267698860101,0.969,315
242,3.868235037037037,0.14441777536687983,-0.674630696895782,0.5249407426362512,1.545,1390.5,0.00035171628919342134,0.9702524271349952,0.7415983193277311,0.8381287223010225,2.9337060403753306,1.8612691786436413,0.32800000000000007,1592.7000000001863,-0.0015085500401772363,0.7596509238623487,0.958,314
243,3.8676908140403286,0.14595371841799504,-0.6980377843620111,0.4984174333616088,1.532,1379.1599999999162,0.00035898924588264626,0.9733129516136875,0.7396455247907276,0.8358663962028609,3.001117050621499,1.8754035417360584,0.32899999999999996,1599.4199999999255,-0.001496428590346021,0.759436714889011,0.957,313
244,3.865132006010518,0.14865683077392483,-0.7212891716400489,0.46291821857838156,1.523,1370.8799999998882,0.0003686554530929662,0.97832001671182,0.7425946313065978,0.8400470199528574,2.9647040516070575,1.866539365061592,0.32799999999999985,1592.3999999999069,-0.0015124790505135414,0.7597427391171084,0.9645,312
245,3.8633010590015124,0.1504919265894273,-0.7375705849042484,0.4365945157770194,1.5130000000000001,1361.5200000000186,0.00037635504862618835,0.9811873707118134,0.7433178339818418,0.839245691387434,2.9084372329436228,1.8535935208140524,0.32799999999999985,1587.4199999999255,-0.0015175587473072046,0.7598926292175482,0.977,311
246,3.8624502314814815,0.1520281348172375,-0.7632914884362543,0.41459026451261904,1.483,1334.7600000000093,0.00038827488622632353,0.9833281158787186,0.7475882467532466,0.8437054359255423,2.8382434228554096,1.8389746032649983,0.32899999999999996,1585.2600000000093,-0.001529838550380291,0.7611963522313091,0.9665,310
247,3.869947994056464,0.1438114129092752,-0.677812626563131,0.5197583053959327,1.54,1386.3600000001024,0.00035136908204929404,0.9695421367459364,0.7349510476190476,0.8352531507983273,3.10105377997209,1.898664662345939,0.33099999999999996,1622.160000000149,-0.0014689347448549957,0.7572637279093447,0.955,309
248,3.8696234456928846,0.1453971606151746,-0.7006595337989565,0.4953558816051907,1.528,1375.1999999999534,0.0003586969464643254,0.9726171323594062,0.7311979113924051,0.8305966664207279,3.154136424909834,1.9092062669036045,0.32999999999999985,1626.780000000028,-0.0014544140579433541,0.7558453509433778,0.954,308
249,3.8671397136397894,0.14820176174673153,-0.7254748702298217,0.45629283778829743,1.518,1366.7399999999907,0.0003687354803710607,0.9780451921663567,0.7331797709923663,0.8309614211550032,3.112290934757528,1.8988193248526686,0.33000000000000007,1618.5600000000559,-0.001465314227969493,0.7568539594029,0.962,307
250,3.864742033383915,0.15014132712336356,-0.7420794572803544,0.4294594216242292,1.508,1357.5,0.0003766666125473316,0.9813075303117228,0.7347410452517528,0.8325961659833243,3.063671461830543,1.8878881298072467,0.33000000000000007,1615.5,-0.0014726814099555812,0.7570996392403312,0.975,306
251,3.863738485316847,0.1520463868737248,-0.7669754697842328,0.40618123268112516,1.481,1332.9599999999627,0.0003890323643479464,0.9835915410990438,0.7388605363984675,0.8376762678617281,2.9788826967230726,1.8699659262557524,0.33099999999999996,1611.9599999999627,-0.0014874662477562734,0.7577499563030176,0.9635,305
252,3.8723710134128164,0.1433686259094684,-0.6858832372853492,0.5128852008877736,1.536,1381.9800000002142,0.000351458099428824,0.9690641194208527,0.7252910392034847,0.8281267755425273,3.288109359146773,1.939408501402929,0.33299999999999996,1654.9799999999814,-0.0014190837719874518,0.7531389768174185,0.952,304
253,3.8715924812030083,0.14477651048104107,-0.7060801519022997,0.48710886186673275,1.522,1370.1000000000931,0.0003586276331769362,0.9718782970960437,0.720937259764414,0.8235963177865979,3.354007160183408,1.9528031130988173,0.33199999999999985,1660.9200000001583,-0.001404219338642318,0.7515863441965615,0.9515,303
254,3.868820408163265,0.14786493097805994,-0.731915695418957,0.4481113223331518,1.514,1362.5400000000373,0.0003691891367832886,0.9777904390127996,0.7250711790393013,0.826642978890892,3.303457519356483,1.9405272209442532,0.3320000000000001,1650.6599999999162,-0.0014212575426728472,0.753481423156508,0.9595,302
255,3.866395972644377,0.14997272499465764,-0.7466789524312301,0.4206633900551645,1.506,1355.1599999999162,0.00037703703732408137,0.9811943352979909,0.7256277847309137,0.8262111260222197,3.246162963621563,1.9282907517185197,0.33199999999999985,1645.6200000001118,-0.0014270385118690305,0.7534526164647776,0.973,301
256,3.8650731424148606,0.1518687582079658,-0.7709626946779649,0.3955042856902655,1.479,1330.8000000000466,0.000389345394180124,0.9838949680968552,0.7299981840951785,0.8334450158763814,3.1620576901517783,1.9105689757853035,0.33299999999999996,1644.719999999972,-0.0014426858210668612,0.7538845161838474,0.9605,300
257,3.8741394618834084,0.14276569550079912,-0.688374401857387,0.5095787998547652,1.531,1378.0200000000186,0.00035106305420249463,0.9680921386440275,0.7167253987730062,0.8207383734691405,3.428869686211655,1.9696337978771838,0.33399999999999985,1679.3400000000838,-0.0013811485287537192,0.7501995899734207,0.9495,299
258,3.8736572720422005,0.14447938677579822,-0.7113171072919364,0.4818289984949062,1.518,1366.5,0.0003589655876341354,0.9714733648335483,0.7128531383302865,0.8191802234872646,3.5256097278655343,1.989830522372927,0.33499999999999996,1690.6799999999348,-0.001365301978374578,0.7480409533126764,0.9495,298
259,3.870152160727824,0.14755089857988446,-0.7354560588583019,0.44064938292748185,1.51,1358.6999999999534,0.0003696139072211042,0.9777315073643925,0.7167682656826568,0.8198190495065676,3.434941260948653,1.9684557243053322,0.33299999999999996,1674.4199999999255,-0.0013840579476240842,0.7496891336076335,0.9575,297
260,3.8676272103658538,0.1497356963560343,-0.750855504491005,0.4164790346182649,1.502,1351.2600000000093,0.00037763110543634993,0.9813986463697877,0.7206264069264069,0.8223783501714451,3.3660015407051747,1.9532552246091501,0.33299999999999996,1665.059999999823,-0.001399542517706334,0.7513742278188301,0.9715,296
261,3.8661362790697678,0.15176609478692263,-0.7732719306358877,0.3903344538636667,1.476,1328.5800000000745,0.00038989822359349215,0.9840215250306122,0.7265947858472998,0.8306200634758182,3.2393352160642834,1.9269088816607802,0.33499999999999996,1659.1799999999348,-0.0014225625397398423,0.7524228452955726,0.958,295
262,3.8754770037453183,0.1422123264352151,-0.6868405578633414,0.5088329131166534,1.528,1375.0200000000186,0.0003504177882130763,0.9665386202679772,0.7104677360774819,0.8172659493992428,3.5557010156118682,1.9965058799821733,0.3360000000000001,1701.6000000000931,-0.0013517433676556883,0.7470537713829924,0.947,294
263,3.8751243386243392,0.14405476842444928,-0.7142597057287308,0.47996131049234725,1.514,1362.719999999972,0.0003588861272667585,0.9711939049251431,0.7095776164549303,0.8164568363511825,3.5949352130232564,2.0040828029995303,0.33499999999999996,1701.8999999999069,-0.0013489128308084126,0.747048254090501,0.9475,293
264,3.871122872340425,0.14753509867003203,-0.7422819399933904,0.43663130880244605,1.506,1355.3999999999069,0.0003704461263576735,0.9778466017822451,0.7132792682926828,0.8171913649522274,3.512406744306965,1.9846252670306754,0.3340000000000001,1689.3000000000466,-0.0013648016997768605,0.7484832907419576,0.9555,292
265,3.868864045801527,0.14984799340666533,-0.7568920273348896,0.4090644868422398,1.4989999999999999,1349.160000000149,0.00037860715704695675,0.9814730373773777,0.7149869062119366,0.8205936176742744,3.4887826059623297,1.979668237142779,0.33499999999999996,1690.8600000001024,-0.0013696477378306047,0.7484900546740175,0.9695,291
266,3.8670019409937884,0.15185232992947367,-0.7784664125024618,0.38224181129903145,1.474,1326.6599999999162,0.0003908326508450736,0.9842982747895849,0.7205044895448955,0.8244654666490009,3.3023385355093495,1.9399433883206418,0.33499999999999996,1674.719999999972,-0.001397136578614781,0.7498229382507352,0.9565,290
267,3.8765587087087083,0.14179224436731014,-0.6839701888884226,0.5117916819972191,1.525,1372.440000000177,0.0003500038298562156,0.9665739163703272,0.7094231280193237,0.8150645217409007,3.5699718974827572,1.998758865498677,0.33599999999999985,1704.719999999972,-0.0013451867573212883,0.7471186218356929,0.9455,289
268,3.875962196969697,0.14392895350496618,-0.7160137020251742,0.4760113920219249,1.5110000000000001,1359.6599999999162,0.00035944642537820177,0.9708877612565596,0.7071541466346154,0.8147015375906742,3.6487518653707554,2.015568134081986,0.33699999999999997,1714.0800000000745,-0.001334660407951274,0.7457054446748657,0.9455,288
269,3.871816679360244,0.14717731571032494,-0.7407413697911376,0.43432173663268586,1.502,1352.280000000028,0.00037045255722336154,0.9774851030210044,0.7117298001211387,0.8170217700351775,3.5667675225022117,1.9959774300134123,0.33599999999999985,1700.3400000000838,-0.0013540623835104593,0.7478531961997532,0.954,287
270,3.869470466717674,0.1496590574993343,-0.7585524871425737,0.40756182690097875,1.495,1346.1599999999162,0.0003790623779604082,0.9814698068658312,0.7131508474576272,0.8190372188098465,3.535805775966571,1.9896628398335823,0.33699999999999997,1700.7600000000093,-0.0013572984276649955,0.7476478172319213,0.968,286
271,3.8674982879377433,0.15166156457193142,-0.7800757457821126,0.379433822725732,1.47,1323.4799999999814,0.00039130332026373363,0.9843751749148909,0.7214867565910484,0.8258294330174974,3.321750026285275,1.9441012994327518,0.33599999999999985,1678.9799999999814,-0.0013943768883212225,0.75076719885135,0.9545,285
272,3.878316102332581,0.14135980904774037,-0.6874225682970265,0.5037693849272346,1.5210000000000001,1369.0800000000745,0.0003499240812758334,0.9663551355183941,0.7059782089552239,0.8148020585519198,3.6702464711438605,2.0203450568317365,0.33899999999999997,1725.8400000000838,-0.0013244642322141377,0.7450404584529918,0.9435,284
273,3.876833738601823,0.14346781857721613,-0.7176596121596566,0.4713557765052785,1.506,1355.220000000205,0.0003595365478531085,0.9703943491903589,0.7041541766109785,0.8126246085152942,3.708707506771148,2.027836271055813,0.3380000000000001,1726.2600000000093,-0.0013196415224023727,0.7445321599501606,0.944,283
274,3.873057099236641,0.14713840589098895,-0.7447383797301499,0.4303504757441738,1.4989999999999999,1349.1000000000931,0.0003713333736826337,0.9774142173646818,0.707420119760479,0.815280550375291,3.6624920226876245,2.0169217220027247,0.33699999999999997,1719.119999999879,-0.001331321574713457,0.7452430639064128,0.952,282
275,3.8703636503067487,0.14948625066594445,-0.761721110528498,0.3999846546427625,1.4929999999999999,1343.219999999972,0.00037949214783336127,0.9814410921119439,0.709343329326923,0.8157294347288665,3.5973219118532196,2.0025123869055217,0.33699999999999997,1713.3600000001024,-0.0013398589626519364,0.7463146786462723,0.9665,281
276,3.8685628215120813,0.1519050343698847,-0.7870568787641004,0.37095433647729187,1.468,1321.2600000000093,0.0003926768234593748,0.9847324723719585,0.7182537855844944,0.8247763401302749,3.429423980507117,1.967291894812522,0.33899999999999997,1700.219999999972,-0.0013713070747385422,0.7491319695262961,0.953,280
277,3.8795603318250382,0.1411997705740132,-0.6958244717095772,0.49632804094306343,1.518,1365.780000000028,0.00035054271060122415,0.9660898058183921,0.7035402497027349,0.8115107396688691,3.6994331279453823,2.0263866871874114,0.3380000000000001,1732.6200000001118,-0.0013130523347889193,0.7442876723860105,0.9415,279
278,3.8778899466869765,0.1432896312907505,-0.7198711384135175,0.46691156885933394,1.5030000000000001,1352.219999999972,0.00035996207047375625,0.9700888976069443,0.700482119597395,0.8094164267225791,3.765218475536905,2.039561057911873,0.3380000000000001,1739.6400000001304,-0.0013021477538893444,0.7427342144390087,0.942,278
279,3.873860336906585,0.14675534044980357,-0.7465865065062358,0.42575806712491315,1.494,1345.1999999999534,0.0003715643189066039,0.9773391507976916,0.7050248214285715,0.8128859089086801,3.7011778631420196,2.0247526760382666,0.33899999999999997,1730.4599999999627,-0.001317302889096728,0.744348892482383,0.9505,277
280,3.8710390468870104,0.1493258092906971,-0.7645024724880254,0.39699355456369684,1.4889999999999999,1340.0400000000373,0.00038004744627318903,0.9816683167599762,0.7064146690518783,0.8151602417909154,3.6237178228622016,2.008000069624503,0.3380000000000001,1724.8799999998882,-0.001328024533657964,0.7441686170519681,0.9655,276
281,3.86888703125,0.15195521619370095,-0.7893108232827304,0.3689947283183247,1.4649999999999999,1318.5,0.00039369470781693906,0.9847850062972988,0.7168242314647377,0.8229730618301715,3.441632709210918,1.9692724515472884,0.3400000000000001,1708.4399999999441,-0.0013615262592916982,0.7484717951962007,0.952,275
282,3.8799274376417237,0.14132518615078815,-0.699297508890389,0.49410601709021634,1.514,1362.5399999998044,0.00035171012743121053,0.9662821081524738,0.7049685393258427,0.8138825393372454,3.714156015259338,2.029053988820333,0.34099999999999997,1741.3799999998882,-0.0013096916110224841,0.7447054894887567,0.9405,274
283,3.8783803053435117,0.14329891224991043,-0.7221659193274417,0.4657436484576843,1.5,1349.4000000001397,0.000360776489301071,0.970162903953063,0.7012369693396227,0.8116548883175699,3.7799928592011742,2.0427709169923656,0.3400000000000001,1746.780000000028,-0.0012994055924690007,0.7426394354367043,0.9405,273
284,3.8745070606293166,0.14670616451216217,-0.749932348312659,0.42229645590528214,1.4909999999999999,1341.9000000001397,0.00037237546449832743,0.9774609278368512,0.7034682060390763,0.8115707060617684,3.7283941937778096,2.030536594195635,0.33899999999999997,1739.8200000000652,-0.001307614100997277,0.7439376588330592,0.949,272
285,3.871626733436055,0.14927463159524115,-0.7646885047596124,0.3953123109896023,1.486,1336.8599999998696,0.0003809079302436849,0.9815569286903549,0.7047374851720047,0.8127629358513657,3.665198682163103,2.0170533381635556,0.33899999999999997,1735.9199999999255,-0.0013146131506924807,0.7438928024726176,0.9635,271
286,3.869304072043853,0.15188237136883848,-0.7922732950884113,0.36351314408469987,1.4609999999999999,1315.1400000001304,0.00039464407673543857,0.9849185327265134,0.7127542362768498,0.8197292922429622,3.507721167492483,1.9839530380405532,0.34199999999999986,1725.719999999972,-0.0013392043171452544,0.7470320185183214,0.95,270
287,3.8812321699544765,0.14092896005192324,-0.7013276997210549,0.490555808492526,1.5090000000000001,1358.1599999999162,0.0003518700720542465,0.9660263066170276,0.701103157894737,0.8103780709037033,3.805877419545114,2.048248006346589,0.34299999999999997,1760.8200000000652,-0.0012861652054941737,0.7434150013108545,0.9385,269
288,3.8796638314176244,0.1427913690897877,-0.7269518200328227,0.4626956855946492,1.494,1344.059999999823,0.0003609966364131778,0.9705067193778115,0.6978444444444445,0.8085787040149139,3.8381136269989202,2.0553588878696987,0.34099999999999997,1761.0600000000559,-0.0012814198954008162,0.7415105201894192,0.939,268
289,3.8753995384615387,0.14671163239184062,-0.7528939983793475,0.4171842590775624,1.488,1339.1400000001304,0.00037324495277850454,0.9773108033988088,0.7001608108108108,0.8092206501811777,3.768209529566004,2.0393196235574327,0.34099999999999997,1752.780000000028,-0.0012916380755332183,0.7426104294543451,0.948,267
290,3.871642966948501,0.14949591434640402,-0.7673946895448083,0.3952587392621552,1.482,1333.9799999999814,0.00038227389099228573,0.9815842337504767,0.7053901350557839,0.8146854804986359,3.681834347848813,2.0206975391747637,0.3420000000000001,1747.4399999999441,-0.0013075920642185346,0.7439911343550061,0.9625,266
291,3.8696080398162325,0.1517318511572911,-0.7926026974395546,0.36235918171260384,1.4569999999999999,1311.1799999999348,0.00039550847951279073,0.9849663621802915,0.7123383458646615,0.8211324334952137,3.5298239426682922,1.9892213000725303,0.34299999999999997,1735.3200000000652,-0.0013326015826112506,0.7464362125708778,0.9485,265
292,3.8813101481481485,0.14096128550455753,-0.7004064670344752,0.4846409963969973,1.507,1355.6999999999534,0.0003526987094626678,0.9654913417831551,0.6991180476730987,0.8084487412487099,3.8152392554713916,2.0505046267132157,0.34299999999999997,1768.9799999999814,-0.0012769457160302818,0.7430101683212678,0.9375,264
293,3.8795759162303662,0.14289690440244449,-0.723241635156576,0.46012751571581606,1.491,1342.2600000000093,0.0003617652274382041,0.9700144427565602,0.7015540308747856,0.8105243353994047,3.7666818771541664,2.040333160501564,0.3420000000000001,1757.1000000000931,-0.0012912163636430323,0.7434684050206745,0.938,263
294,3.875257680722891,0.14673492297315308,-0.7536684517138847,0.4161123348005663,1.484,1335.9599999999627,0.0003741482850107499,0.9777348953558791,0.7038915137614679,0.8125253546101435,3.70684065245152,2.0263573788207245,0.3420000000000001,1752.2399999999907,-0.001299961002711679,0.7441228206052076,0.947,262
295,3.872099471299094,0.14926221594163722,-0.7677244281936599,0.3909911053921111,1.479,1331.339999999851,0.00038251899142415765,0.9816834154383343,0.7080057736720553,0.8150277515990018,3.6001623628645234,2.00355343022041,0.3420000000000001,1739.9399999999441,-0.0013177503387968431,0.7454881427863341,0.961,261
296,3.8695888036809816,0.15183402730257037,-0.7927719041982972,0.36342191693353815,1.4549999999999998,1309.2600000000093,0.00039627444764833925,0.9849738060126094,0.7118594688221709,0.8190221971750583,3.4843554863015207,1.9795755977231475,0.3440000000000001,1738.380000000121,-0.0013283872564620344,0.7470046028769154,0.9475,260
297,3.8814237741456163,0.14101771509170666,-0.7047913766234766,0.48154294025120004,1.502,1351.9199999999255,0.0003537488711072967,0.9656404420554002,0.6982510135135136,0.809670799268261,3.8291906965630744,2.054675233158363,0.3460000000000001,1782.5400000000373,-0.00126759834055812,0.7418591780166943,0.936,259
298,3.880266341829085,0.142669265940223,-0.7246952320046329,0.4583584526131493,1.487,1338.1799999999348,0.00036245201732301876,0.9703898225490747,0.7000809065155807,0.8101541113039358,3.79034973786605,2.0450466706346098,0.3440000000000001,1771.2000000001863,-0.0012778963085338534,0.7422470813537839,0.9365,258
299,3.8761797888386127,0.1463983028006089,-0.7551521446904688,0.41540836785401203,1.48,1331.5200000000186,0.00037472527555323763,0.9775449030794214,0.7002580919931858,0.8104627165052035,3.780386982866447,2.041650333744844,0.3440000000000001,1768.9800000002142,-0.0012817829954759191,0.7419857904786059,0.945,257
300,3.8733669440242053,0.1490368607029352,-0.7706741563255521,0.38438051265133905,1.475,1327.5,0.00038332888395348067,0.981555508685436,0.7041547890535919,0.813416929838752,3.687594873705539,2.0228670319602173,0.34399999999999986,1760.8200000000652,-0.001295471202677152,0.7435067419562824,0.959,256
301,3.870274039938556,0.15161679476205797,-0.7945319702386593,0.3569775789317997,1.451,1305.3599999998696,0.0003971035733875116,0.985107427354488,0.7077976068376068,0.8184193257036771,3.5936682781038556,2.0044652790245743,0.34599999999999986,1762.9199999999255,-0.0013041798173569253,0.7449440807656167,0.945,255
302,3.883096125186289,0.14054871646554648,-0.7069949766498529,0.4762344090465065,1.497,1347.6599999999162,0.00035392616823912533,0.9653155645349506,0.6917141745414119,0.8047283823568776,3.9095087804592197,2.0715560075717154,0.3480000000000001,1817.220000000205,-0.0012307922141906917,0.7388433672231165,0.9355,254
303,3.880345795795796,0.1429597662830344,-0.7296413039413232,0.4536639913447632,1.484,1336.2600000000093,0.0003636415301653547,0.9704096607286858,0.7005369971671388,0.8094434487823668,3.7557614803156563,2.037254309739643,0.345,1772.3400000000838,-0.0012778611120122078,0.742753443693233,0.9355,253
304,3.876028571428572,0.14640821312824961,-0.7512430363982463,0.4146841399164391,1.477,1329.8999999999069,0.0003750707154561482,0.9770423264154998,0.7048759544159544,0.813154068321957,3.6919664439472974,2.0230493223899257,0.3450000000000002,1762.4399999999441,-0.0012948029899725023,0.7442315466793724,0.944,252
305,3.873066793025019,0.14897795771803965,-0.7718497488780551,0.38500652357240117,1.4709999999999999,1324.0800000000745,0.00038400781176745914,0.9816620010170856,0.7086289308176099,0.8171040908920114,3.5829307938006902,2.001012936827135,0.345,1756.0799999998417,-0.0013086214098911868,0.7452630683510117,0.958,251
306,3.8699356206630693,0.15180647197630617,-0.7939716841480289,0.3607026790675772,1.449,1303.5600000000559,0.0003978490330051017,0.9850769926981786,0.7105134020618558,0.8189916837102016,3.4915982453202012,1.981388660644238,0.34599999999999986,1753.5,-0.0013169585705169683,0.7456647724853008,0.9455,250
307,3.881187919463087,0.14115089233225034,-0.7016581747999435,0.48163378623173686,1.497,1346.7000000001863,0.00035560246818829055,0.9660511378660656,0.7017692957746479,0.8119537015351623,3.696430822149713,2.025840798633827,0.347,1782.8999999999069,-0.0012752027740481695,0.7429098224447093,0.934,249
308,3.880875131876413,0.1426975554180467,-0.7337536556397444,0.4491081679916792,1.478,1330.8600000001024,0.00036452061202196556,0.970608192615747,0.7011854974704891,0.8120279132890303,3.7709322807555754,2.0422371550801994,0.3480000000000001,1785.4200000001583,-0.0012718893815890048,0.7427790601496193,0.934,248
309,3.8768475000000007,0.14639716646873946,-0.7570580758055927,0.4103699743119382,1.4729999999999999,1325.0999999998603,0.0003765043942000557,0.977351999472082,0.7001978028169015,0.8110606721735999,3.7492236397646703,2.0366360540132127,0.3470000000000002,1782.780000000028,-0.00127272986627666,0.7415475225195431,0.942,247
310,3.874189049429658,0.14890501283714488,-0.7740576443333507,0.3766823461668096,1.466,1320.0,0.0003850560458078713,0.9817599001866805,0.7035617812852312,0.8136780391241641,3.6890804185780652,2.024582220719598,0.3480000000000001,1781.7600000000093,-0.00127995071140442,0.7431484624943588,0.956,246
311,3.8709316074188562,0.1516275965686602,-0.7977149059872772,0.34993206827666495,1.444,1299.780000000028,0.0003989461491823767,0.9852558988078502,0.7079993774759479,0.8182707061645285,3.564727397354048,1.9990648048588944,0.34799999999999986,1774.1400000001304,-0.001296186713572041,0.7443150641445428,0.9425,245
312,3.884051312828207,0.1401000883383173,-0.7082729680857178,0.4755948729778895,1.488,1338.8400000000838,0.00035503054704944236,0.9655978771888091,0.6917670154185023,0.8072366485502609,3.9286532031402857,2.0772722304909013,0.34999999999999987,1824.5999999998603,-0.0012301904710581657,0.7381597177044585,0.9305,244
313,3.88344339908953,0.14182322612915937,-0.7360981520178571,0.44258627387231075,1.472,1323.9600000001956,0.00036451047554390495,0.9697709845043393,0.6921548458149781,0.8069865158811333,3.955443758127643,2.082162197142105,0.351,1822.2600000000093,-0.0012309415716975642,0.7386642168815823,0.931,243
314,3.8790895817490494,0.14593063740693868,-0.762666841378894,0.3967520758267865,1.466,1319.4599999999627,0.0003773477151085978,0.977283093205295,0.6924185532854776,0.8068958278648807,3.9057750249659406,2.0721512681912952,0.3490000000000002,1818.6599999999162,-0.0012339821610461578,0.7382176478754158,0.939,242
315,3.87597961832061,0.14865548176258617,-0.7805160072610664,0.3668777858055065,1.462,1315.380000000121,0.00038588906348029984,0.981697548538255,0.6954770464601769,0.8083739767628444,3.858941625139522,2.061566834626527,0.351,1814.9399999999441,-0.0012412461276337314,0.7394137879536412,0.9535,241
316,3.8718625386996903,0.15137804648139852,-0.8008403103539878,0.34479082211258605,1.4409999999999998,1296.719999999972,0.0003993679780677749,0.9853793687934981,0.7042945098039215,0.8168952803453808,3.6147741184043474,2.0099527040116674,0.34999999999999987,1792.1999999999534,-0.0012794276449442747,0.7420364711392845,0.9425,240
317,3.8820680898876407,0.14068895503712148,-0.7032544878811615,0.4797314972539026,1.488,1339.0800000000745,0.0003565838156442825,0.9663974457463749,0.7053199774901519,0.8145976056308716,3.6355093323287377,2.0131411039508875,0.349,1782.119999999879,-0.0012832387144842486,0.7443539345558833,0.9315,239
318,3.8815157056145675,0.14238970044167784,-0.7317550287799115,0.44746871557155743,1.4700000000000002,1323.2999999998137,0.00036589763238388783,0.9706605724252306,0.7001306875349357,0.8094507376146264,3.741275999107695,2.0347333294676924,0.3490000000000002,1795.9200000001583,-0.0012627978908135086,0.7426974708020315,0.931,238
319,3.877384082254379,0.14603156090891184,-0.7577964727332445,0.40289744256888643,1.464,1317.3600000001024,0.0003779602499041446,0.9775809067771677,0.7036119820828668,0.8155950441735401,3.6815800293952723,2.02320321829606,0.3500000000000001,1792.8599999998696,-0.0012745188546039255,0.743163108921986,0.939,237
320,3.87459425727412,0.1487104145387376,-0.7762554824217984,0.37392561180179534,1.4589999999999999,1312.9799999999814,0.00038672458660206924,0.9818629825223665,0.7074025799214807,0.8188470540305893,3.6254559317402055,2.011304475933537,0.351,1790.6999999999534,-0.0012822608360142846,0.7441191561440895,0.953,236
321,3.8710200155159042,0.15152814674988002,-0.799417852840326,0.34857365075527347,1.4369999999999998,1293.8999999999069,0.00040040838077985637,0.9852639451341834,0.7111283776144715,0.8218546831205054,3.469693314046517,1.9785926135909564,0.351,1776.5400000000373,-0.0013042240977818552,0.7448760599018818,0.9415,235
322,3.882375903614458,0.14054270644640127,-0.7049233318906465,0.4729375278672042,1.483,1334.1000000000931,0.00035767862202475397,0.9668060727183228,0.7040470228158041,0.8160393378863834,3.669142873075778,2.0217940870990403,0.35199999999999987,1802.7600000000093,-0.0012686007507154945,0.7433351634046735,0.9295,234
323,3.8826960396039607,0.1420706813724942,-0.732833269533284,0.43889482880725966,1.465,1318.3199999998324,0.0003664994486785302,0.9702361868348582,0.6937268092105262,0.8075584705972491,3.8444476138987023,2.05922901798962,0.3520000000000001,1830.3600000001024,-0.0012297177189952405,0.738969365506246,0.929,233
324,3.8782493506493503,0.1458782546417742,-0.7593007165947259,0.39939079873138117,1.4600000000000002,1313.6399999998976,0.0003786546149744198,0.977396516285009,0.7001498335183132,0.8134403008354655,3.73557969909648,2.036115357524174,0.351,1809.6000000000931,-0.0012566093030553839,0.7407564039855685,0.9375,232
325,3.8752056024558708,0.14859724737394608,-0.7807005336649295,0.3676298673962076,1.453,1308.1800000001676,0.00038783331175022744,0.9820177935849645,0.700301603982301,0.8142687654266191,3.739760415891241,2.036080646153401,0.353,1815.3000000000466,-0.0012545780092030655,0.740581201245514,0.951,231
326,3.871956074766355,0.15142867033693821,-0.8033430463975515,0.3412793808704859,1.4329999999999998,1290.1200000001118,0.00040151284923726496,0.9855323167365864,0.7067358859698155,0.8198615266653924,3.5689466653552566,2.0008755460928036,0.35199999999999987,1796.6999999999534,-0.001281898950406257,0.7428809695989493,0.9375,230
327,3.8859179138321993,0.13968304673154647,-0.7109245356761473,0.46319423642690866,1.476,1328.339999999851,0.0003570534673770682,0.9644911629273909,0.6927745642701525,0.807892602893749,3.891620338203553,2.069970637045015,0.3540000000000001,1845.5400000000373,-0.0012177884011714344,0.7385014136596172,0.926,229
328,3.8852555895865235,0.1412132707454684,-0.737697382603403,0.4319598504681221,1.459,1312.8599999998696,0.00036614377451613426,0.9693590191931765,0.6913828431372548,0.8056707616511822,3.91427353602165,2.074466642521267,0.3540000000000001,1845.839999999851,-0.0012131107856111246,0.7379920957478586,0.9265,228
329,3.8795451340996165,0.14544551304010073,-0.7607987866048402,0.3943763242545482,1.455,1309.4399999999441,0.00037881550543519756,0.9768679126993388,0.6984676211453745,0.8115806600223923,3.7894698964655156,2.0462583899037785,0.3530000000000002,1824.0,-0.0012426210051020375,0.7405389795607323,0.936,227
330,3.874636894696388,0.14848622777124582,-0.7734505415365178,0.372174224747404,1.451,1305.8999999999069,0.0003883905556074219,0.9817189817350623,0.7037608235948802,0.8162602915383705,3.634853071761235,2.013339514956317,0.353,1803.9599999999627,-0.0012693843133516213,0.742030155140006,0.95,226
331,3.8715768691588783,0.1515091391768262,-0.8028404598727743,0.34557441681602546,1.432,1288.9799999999814,0.00040178320537861875,0.9853639444171961,0.7157498303167421,0.8263853631591384,3.3846899361788143,1.9593817998619738,0.3520000000000001,1774.9199999999255,-0.0013151239935471342,0.7467008823845793,0.9385,225
332,3.8844619556913673,0.14027156455852086,-0.7100476166005567,0.46413678966386196,1.475,1327.5,0.00035884517528139833,0.965693575031167,0.6991312777777778,0.8109090725479378,3.724623474139352,2.0329193564005434,0.355,1826.7000000001863,-0.0012419829512914588,0.7411426347965434,0.927,224
333,3.882751196911197,0.14213274814606375,-0.7334190357999475,0.4393356782599349,1.46,1314.0600000000559,0.00036773620535003723,0.9705064569735727,0.70073986599665,0.8120161639740097,3.711687833597164,2.0294487471243516,0.3530000000000002,1815.0600000000559,-0.0012533399276333627,0.7417709815313939,0.927,223
334,3.878606749418154,0.14594218318135158,-0.7619325721543726,0.39848155376002686,1.453,1307.7600000002421,0.00038051884933948204,0.9774767360804736,0.704314485458613,0.8172684030040974,3.67225167172146,2.021791325064609,0.355,1812.7800000002608,-0.0012626327880208728,0.7425784283297824,0.935,222
335,3.8749281931464172,0.14868186697690539,-0.7789452887612605,0.3696527032389827,1.448,1302.839999999851,0.0003897173237354655,0.9819750411869016,0.7043586786114221,0.8159433964242476,3.614741894748237,2.0094395198001527,0.3540000000000001,1811.6999999997206,-0.0012635612051714068,0.7425601469553694,0.9485,221
336,3.8723974097331237,0.15118972251053944,-0.8046706121227176,0.33903599936758033,1.428,1285.2000000001863,0.00040245812606641904,0.9855742682767585,0.711316985376828,0.8220066297557653,3.422684981120325,1.9678462098936096,0.353,1787.7600000002421,-0.0012979582852552492,0.7445862762289882,0.937,220
337,3.884633004552352,0.14002959990347863,-0.7069020119250418,0.4634743478081116,1.472,1324.3799999998882,0.0003588353604569536,0.9656563977504661,0.7015619439868205,0.8140636552765103,3.6878353645997297,2.0254887126827157,0.3560000000000001,1826.8799999998882,-0.0012475417476309927,0.7418287945442134,0.926,219
338,3.8833426493108725,0.14212537197741673,-0.7367448691634233,0.4348336147122505,1.457,1311.1200000001118,0.0003687128801978041,0.9703333362418385,0.7003201320132014,0.8126156517235376,3.7102276391840263,2.02963391453322,0.355,1824.7800000002608,-0.001246824545154723,0.7411561823794929,0.9255,218
339,3.8789120862201694,0.1457959582195734,-0.7625065586927287,0.39392620701852393,1.45,1304.7599999997765,0.00038107891731982836,0.9771393668170577,0.7035096631695196,0.8152762437645924,3.651793713226885,2.01749264864669,0.35399999999999987,1817.8799999998882,-0.0012564967126539742,0.7427926128612139,0.9335,217
340,3.875130858468677,0.14845840771933286,-0.7797891525334668,0.3672115372264946,1.444,1299.4199999999255,0.0003903834605992323,0.9820468922840188,0.7051793905817174,0.8186932965396524,3.631313683860588,2.012813377962216,0.3550000000000002,1813.7999999998137,-0.0012662656000020209,0.7422257760185627,0.947,216
341,3.872260798122065,0.15142674291498243,-0.806183064817902,0.3390449471081299,1.426,1282.9199999999255,0.00040385136378928027,0.9855555854465157,0.7121772067039106,0.8249032843931403,3.4414901862656118,1.9727236150432073,0.355,1796.9399999999441,-0.0012941233140874506,0.7445217921289123,0.936,215
342,3.884782763857252,0.14000619818764135,-0.704197901472051,0.4612947858696865,1.4700000000000002,1322.7599999997765,0.0003596934550018138,0.9653952349809872,0.7025290021929824,0.8156657439247272,3.687267234738817,2.0251473968600666,0.3580000000000001,1831.5,-0.0012481299059256114,0.7420414351043404,0.926,214
343,3.882153645433615,0.14231678366441486,-0.734551648614262,0.4351554990877801,1.456,1309.6200000001118,0.00036961671440139,0.9706788697187893,0.7077449388209122,0.8169385270358167,3.5583165978902622,1.9969496039806778,0.355,1804.0800000000745,-0.0012740844516804664,0.7445642238135496,0.9255,213
344,3.8782587191358022,0.1458359098557507,-0.7612555440065023,0.39878993395001433,1.447,1302.179999999702,0.0003819708628563389,0.9778150357565978,0.7056900110987793,0.8163314837629847,3.599861390057013,2.005090434316551,0.355,1810.1400000001304,-0.0012677843702530549,0.7432201170875146,0.9325,212
345,3.8744814241486067,0.14853423674109592,-0.7747894910902495,0.3704588961039611,1.443,1298.5800000000745,0.0003906321627198332,0.9816923253043434,0.7071250277469479,0.8192756174084412,3.5473162739525623,1.994309075003107,0.3550000000000002,1807.6200000001118,-0.001274372825787059,0.7431118883027337,0.946,211
346,3.8719505882352943,0.15136020789168203,-0.8046300631557379,0.34203719937030064,1.422,1280.0400000000373,0.0004042831987954332,0.9854703616821247,0.7175199436619717,0.8274342615515745,3.3330184317052325,1.948889900073371,0.355,1781.3999999999069,-0.0013136498312651711,0.7470055420736113,0.935,210
347,3.885038584474886,0.14012956569492582,-0.7091615749783085,0.4569456707307091,1.467,1319.9399999999441,0.00036066596992804275,0.9656391518722511,0.703471279516749,0.8147444023552333,3.6274280109026202,2.0123606811354033,0.3580000000000001,1829.8199999998324,-0.0012498051825881992,0.7426367521441792,0.924,209
348,3.8837294615384614,0.14214541536136463,-0.7364998106972704,0.4290726920440597,1.451,1305.9599999999627,0.0003705530632273055,0.9702207110123088,0.6994905361050328,0.8120411442394733,3.716162513203047,2.030404995217012,0.357,1837.5600000000559,-0.001237425863429019,0.7406708280917936,0.9235,208
349,3.8792774767801856,0.14565011127515484,-0.7664101675528836,0.3903675117390474,1.442,1298.2800000002608,0.00038262859602296464,0.9779191762637786,0.7053160418963615,0.8175870676406847,3.634451995792312,2.0136932659735303,0.357,1822.9199999999255,-0.0012586473208666355,0.7428072586239235,0.931,207
350,3.8754719937936386,0.1485018426359945,-0.7807261768201688,0.36377740987927837,1.439,1294.7999999998137,0.00039179067615839483,0.9819613413238621,0.7056629895201324,0.8194342266483368,3.576887286837751,2.001955541408274,0.3560000000000001,1821.4799999999814,-0.0012625461470508134,0.7418045225737329,0.944,206
351,3.872694330708662,0.15141375728037307,-0.8112279192397178,0.3352089183123888,1.419,1276.380000000354,0.00040570041672439343,0.9857266025253684,0.7122216351501669,0.8235686293976884,3.4177461856813363,1.9675276798465764,0.357,1804.5600000000559,-0.001287636243574173,0.7447599560796214,0.9335,205
352,3.886174828375286,0.13975940834472456,-0.7158549992344576,0.4555935353850089,1.461,1314.779999999795,0.0003611477412542789,0.9659775157942648,0.7021887982599239,0.815128264968807,3.6911797737028413,2.026240370709863,0.3590000000000002,1845.1800000001676,-0.0012371643060560022,0.7419475844578036,0.9225,204
353,3.884350077041603,0.14192296564177115,-0.7392959176864826,0.42712725767575077,1.447,1301.5800000000745,0.00037113022349663196,0.970420664096027,0.7006117583015786,0.8144039121714371,3.7182221112329525,2.0322837141752372,0.359,1842.9000000003725,-0.0012365686073725908,0.7410080132774834,0.922,203
354,3.879578837209302,0.14551072099392034,-0.7627818762285954,0.38648934971919974,1.439,1295.2199999997392,0.0003835631556417031,0.9772611446676354,0.7020047045951859,0.8137042852750339,3.671962250129015,2.0214277458550693,0.3579999999999999,1835.7600000002421,-0.001242327861370586,0.7417215178838938,0.9295,202
355,3.87600933125972,0.14845724799063606,-0.7838129176399629,0.36068228603525354,1.436,1291.8599999998696,0.00039250232377318467,0.9819554733390036,0.7049599999999999,0.8190228525172998,3.5906955553441033,2.0048736195085954,0.3580000000000001,1828.0799999996088,-0.00125697772485285,0.741555380731362,0.9425,201
356,3.8732498817966903,0.15143970183079852,-0.8143447513351942,0.332850155771248,1.416,1273.7400000002235,0.0004068814757501575,0.9858952517895644,0.7125171935662783,0.824867398816904,3.4412013179645173,1.9727341060200503,0.3580000000000001,1811.3400000003166,-0.0012831405758129825,0.7450765024254836,0.932,200
357,3.8865486983154667,0.13970639690246495,-0.7144707889442272,0.45280329874450914,1.4580000000000002,1311.8999999999069,0.00036206653194768867,0.9658633449218993,0.7007281148429036,0.8129618535138952,3.703937514153294,2.028684611121748,0.3610000000000002,1853.8799999998882,-0.0012277019001297616,0.7417768841959298,0.921,199
358,3.8845139876352404,0.14204422074549714,-0.7453187016613354,0.42187488223521835,1.443,1298.279999999795,0.000372427909316868,0.9710193564155064,0.7001061855670104,0.8146277603357258,3.719412800013445,2.032162616297288,0.359,1850.6400000001304,-0.0012311380573266693,0.7402719153421812,0.921,198
359,3.8801381211180126,0.14581401517937048,-0.7680313201316196,0.3849194241248483,1.437,1293.119999999646,0.0003847306382603752,0.9774843218189528,0.7012683578832515,0.8144974276730423,3.6621104452443465,2.0201347082637446,0.3580000000000001,1839.7800000002608,-0.0012410482896135523,0.7406563440014895,0.928,197
360,3.876458814352574,0.14822864958201218,-0.781755271985404,0.3598336037489681,1.432,1288.5,0.00039327397758598517,0.98191509366823,0.707083874518437,0.8193538987906226,3.55411339757962,1.9960209700249902,0.3579999999999999,1825.8000000002794,-0.0012615422696249205,0.7427757615936647,0.941,196
361,3.8733207576953435,0.15148954782288918,-0.8138225009698319,0.3311739518946196,1.413,1271.4599999999627,0.00040770603176566,0.9858593638424713,0.7133374861572537,0.8247010883769869,3.415841802332002,1.967444923592601,0.359,1813.2599999997765,-0.0012825215107171576,0.7452626285932303,0.9315,195
362,3.8860944061302685,0.13994488723809598,-0.7207829604860874,0.4477114489617648,1.454,1308.9599999999627,0.0003633900757416989,0.9665154352010746,0.7019619665045921,0.8152764513929704,3.680858069412473,2.0236145135407066,0.3620000000000001,1857.3599999998696,-0.001229295131135035,0.7415799523939773,0.9205,194
363,3.883760371517028,0.14225938586535067,-0.741137078604654,0.42475564288166034,1.441,1296.3599999998696,0.00037362745993932883,0.9706598865997504,0.7048740196078431,0.8164440057557288,3.630473442115056,2.0128305476709842,0.3599999999999999,1842.7199999997392,-0.0012431877860431067,0.7431434155572267,0.92,193
364,3.8799116043613706,0.14574369862030173,-0.7696923005963221,0.3848579615480892,1.433,1289.3999999999069,0.0003856160813519366,0.9777817750958969,0.7047873569482288,0.817621154604806,3.6261631997344077,2.012037517169243,0.3599999999999999,1841.6400000001304,-0.001245349544945493,0.7424264135159044,0.9265,192
365,3.8766441842310697,0.14815247740707388,-0.7856261027633225,0.35823736905991377,1.4280000000000002,1285.0800000000745,0.0003939854368382284,0.982151510180559,0.7078724573941726,0.8200781883991747,3.5536554067592823,1.9957304886374174,0.359,1827.9599999999627,-0.001261763726180587,0.7434055548622922,0.9395,191
366,3.873511331220286,0.15125118644834806,-0.8162483712444715,0.33013520740035285,1.408,1266.9599999999627,0.00040862355685934005,0.9859063730673051,0.7111098071625344,0.823668637413604,3.4279922676359913,1.9709354332058415,0.3600000000000001,1822.6800000001676,-0.0012738098237961594,0.7437952686562509,0.93,190
367,3.8867521538461536,0.139758752782039,-0.7191131503860557,0.44446772662240114,1.4500000000000002,1305.2999999998137,0.0003641754458197775,0.9657208043941415,0.7000922252010724,0.8155827528375038,3.714880561339754,2.032282621728754,0.3640000000000001,1872.1200000001118,-0.0012175332108692561,0.740250616005109,0.9185,189
368,3.884997507788162,0.14151492542107674,-0.737254009557081,0.4272548291788727,1.436,1291.7999999998137,0.00037300602868165904,0.9696348291726463,0.7023997837837838,0.8162913043143004,3.6956161632223132,2.027566405551733,0.3620000000000001,1856.9399999999441,-0.0012299661311613122,0.7419322668433052,0.918,188
369,3.8808115534738485,0.1454806092346604,-0.774824801743351,0.3784049908130357,1.429,1285.6200000001118,0.00038622969104631656,0.9777181408136295,0.7037823752711496,0.8170175103893415,3.661552860031729,2.0194380766367055,0.3619999999999999,1851.3000000002794,-0.001237048964308935,0.7419982068998509,0.925,187
370,3.877427016444792,0.14824792924363425,-0.7883381654623891,0.3542147386611021,1.425,1282.6200000001118,0.000395012911837598,0.9819976746423907,0.7061990705303445,0.8189945583870663,3.5586139552159235,1.998239336560499,0.3599999999999999,1837.8600000003353,-0.0012523731525718148,0.7424627387358643,0.938,186
371,3.8738258346581875,0.1513965327987907,-0.8174424048115485,0.3290154768404563,1.406,1264.9799999999814,0.00040953218747688725,0.9859589482677064,0.7107385376580538,0.8233315809058295,3.4363360328152144,1.971648543219435,0.361,1827.1200000001118,-0.0012707950181495929,0.7437673096386941,0.929,185
372,3.886100539707016,0.13999813609215087,-0.7218560900083109,0.44387840426158764,1.447,1302.3599999998696,0.00036543231531248034,0.9668851278695397,0.7020333333333333,0.8151194770509512,3.6442334072783895,2.0159430566249714,0.363,1863.660000000149,-0.0012257023875297398,0.7414298070270458,0.919,184
373,3.884527604976672,0.14186841585201607,-0.7398849434554124,0.42379772388683895,1.435,1291.619999999646,0.00037387850224750185,0.9708575126722241,0.7061205225911812,0.8172004398541192,3.5718708589346884,2.0002200230094425,0.361,1843.6800000001676,-0.0012455270744545072,0.743385977043709,0.918,183
374,3.880258183241973,0.14576288015533845,-0.772434333438913,0.3831183788793226,1.427,1283.7599999997765,0.0003874416944344083,0.9778873884207522,0.703710200759631,0.8158808927971,3.62420775335738,2.010774940113498,0.3620000000000001,1853.2800000002608,-0.0012357005283991412,0.7420742777717517,0.924,182
375,3.876785423197492,0.14845528320959267,-0.7909867897168659,0.35450180427452216,1.422,1280.0400000000373,0.0003963917111934777,0.9822092210961506,0.7095713267543861,0.8212103956191438,3.4936382088164706,1.9827351432392204,0.361,1832.339999999851,-0.0012619563521165601,0.7437829533707849,0.937,181
376,3.8730247217806046,0.15121351382415865,-0.8141712955006843,0.3347187428681576,1.403,1262.8799999998882,0.0004098868418272115,0.9857315303667614,0.7170897336293006,0.8277922539919405,3.3041417409489418,1.9430061892610782,0.361,1811.160000000149,-0.0012930094569766188,0.7463600606882853,0.929,180
377,3.8858737451737455,0.14043527627253544,-0.723933523925012,0.44064247684721886,1.446,1300.9799999999814,0.000367126244597194,0.9668902127898502,0.7041915318230852,0.8180471413498216,3.578935097390451,2.00342290335195,0.3639999999999999,1862.160000000149,-0.0012333109859264612,0.7418799103119098,0.9175,179
378,3.885172819314642,0.14190052145843107,-0.7461098353732774,0.4146833918744227,1.431,1288.5,0.00037503427177271257,0.9706371058138958,0.7061951086956522,0.8190118910168273,3.5866260032847475,2.0033311412701456,0.363,1848.8999999999069,-0.0012447768877320992,0.7430449532596997,0.9165,178
379,3.8802698039215686,0.14577857165054575,-0.7747455239354806,0.37834057340587984,1.423,1280.8199999998324,0.00038845773367767903,0.9780543207604853,0.7073314673913044,0.8197856113220967,3.5764045480357547,2.0009554046060667,0.363,1848.4199999999255,-0.0012456240250139333,0.7432539700278669,0.923,177
380,3.877377576711251,0.14829966144066004,-0.7929289167734463,0.3537360130086987,1.418,1276.3799999998882,0.000397108285271345,0.9821516936510019,0.7085202843083651,0.8209285550546264,3.505301908380325,1.9860154925658444,0.3619999999999999,1837.0200000000186,-0.0012588061224969769,0.7432614385490119,0.935,176
381,3.8737176236044655,0.15130463544095554,-0.8204414149854777,0.32491775436759224,1.399,1259.1000000000931,0.00041127020775992746,0.9861164777714582,0.7108318705430609,0.824057699107904,3.401776563031178,1.964242414482349,0.3610000000000002,1831.5600000000559,-0.0012699976952910514,0.7432179063549568,0.9265,175
382,3.8864068885448915,0.14026551222032124,-0.7268490055862271,0.44046564507750074,1.4420000000000002,1297.7399999997579,0.000367456301473805,0.9665022822933408,0.7044387963460506,0.817723756987252,3.5987328309505955,2.0069954907141487,0.365,1868.160000000149,-0.0012285163286113962,0.742233709284169,0.916,174
383,3.885243080531666,0.14192762773707077,-0.747848142185171,0.41469205903298867,1.4280000000000002,1285.0800000000745,0.0003761380895445828,0.9706296540260446,0.7078332972387656,0.8198715929051167,3.5842464331894863,2.0016730097077975,0.365,1855.2599999997765,-0.0012432577557879483,0.7439820853435013,0.916,173
384,3.880749410840534,0.14590022346117412,-0.7792832765226416,0.37773344711663415,1.421,1278.4799999999814,0.0003894224010558788,0.9780994338499633,0.7063272186147186,0.8194233265998162,3.601138581744552,2.0055518916375097,0.365,1855.9799999999814,-0.001240549343330491,0.7427504548780275,0.9215,172
385,3.8774771293375396,0.1484920947107789,-0.7968924834263778,0.35221708319937495,1.415,1273.5599999995902,0.00039848140840695144,0.9823913460536451,0.7118147299509002,0.8233621792581269,3.4840756556470325,1.9806263997679276,0.363,1839.7800000002608,-0.0012612826610918643,0.7449520144136096,0.9335,171
386,3.87356552,0.15125297835711904,-0.8181322500820962,0.32913866655585655,1.3960000000000001,1256.1000000000931,0.0004123082968762002,0.9859000754018751,0.7140753710830127,0.8251818652752989,3.3315195915166065,1.9485156472850669,0.3630000000000002,1828.0800000000745,-0.0012758540899187613,0.7449179083972061,0.926,170
387,3.886022558139535,0.1401793096799291,-0.7223458012017545,0.44913041807030524,1.439,1295.0999999996275,0.0003679833183114437,0.966536281198857,0.7054549999999999,0.8179576463963637,3.5510788292839948,1.9961311333717588,0.3660000000000001,1866.4799999999814,-0.0012321578501336844,0.7427121534245769,0.9155,169
388,3.885691699295223,0.141967270589052,-0.7526921045330828,0.41489957049559983,1.4240000000000002,1281.9599999999627,0.0003772337551227992,0.971350618686982,0.7056745425188375,0.8162428322230784,3.5932763954320723,2.0039478062319036,0.365,1863.9599999999627,-0.001230065817279908,0.7434140973004465,0.9145,168
389,3.8805932283464566,0.1457070471151278,-0.77705263495023,0.3760919017815521,1.417,1275.0,0.0003901296097060652,0.9781023847422605,0.7053778077753781,0.8185877782934586,3.5762951720864926,2.0008923186384298,0.3639999999999999,1859.820000000298,-0.0012371118161006855,0.741942299944891,0.92,167
390,3.8776458498023714,0.14841896043638952,-0.7944359582155345,0.3499332562693723,1.4120000000000001,1270.8599999998696,0.0003991686254477054,0.9822802676560537,0.7103593257205002,0.8238336279944886,3.4866268853117504,1.982025194551722,0.3639999999999999,1847.8199999998324,-0.0012549570289961732,0.7435078801505012,0.932,166
391,3.8741597756410258,0.15146350843394202,-0.8227936127944067,0.3249859273000114,1.392,1253.1000000000931,0.00041369146149407564,0.9861219729507161,0.7119196730245232,0.8254692083648266,3.377812308201598,1.9589023524404325,0.3640000000000001,1842.839999999851,-0.0012645472276222505,0.7435866981866495,0.9245,165
392,3.886720668220668,0.13968657320114597,-0.7209172810435596,0.4450390129413204,1.435,1291.5600000000559,0.0003675926504738101,0.965710244248099,0.7039549839228295,0.8163973902511737,3.5763602577089415,2.00140548399916,0.3660000000000001,1873.320000000298,-0.0012244854498647815,0.7423127156638978,0.914,164
393,3.8862967032967033,0.14221454408193251,-0.7568984991817369,0.406423654011422,1.4220000000000002,1279.1399999996647,0.0003786418539809384,0.9707946099634992,0.7021122329059829,0.8145419407750568,3.6511266474955892,2.0170375663619233,0.367,1879.6200000001118,-0.0012144851785495085,0.7415315155845438,0.913,163
394,3.8812868774703557,0.14560255499372585,-0.7805524715479351,0.3728636728817639,1.4120000000000001,1270.9199999999255,0.00039136933221761125,0.9783755401751745,0.7038256575415994,0.8178553651139917,3.604986082618094,2.006630384812129,0.3660000000000001,1870.9199999999255,-0.001227133202998423,0.7412519963667493,0.9185,162
395,3.8778406026962733,0.1484365966435789,-0.7966738385313912,0.3464086026766572,1.409,1267.7400000002235,0.0004004054491172213,0.9821755282375281,0.7089553272038939,0.8218807189059262,3.518149999099755,1.9879171084199094,0.3660000000000001,1857.179999999702,-0.0012457447274106615,0.743108603455549,0.93,161
396,3.8745686495176845,0.15137403249255824,-0.822722469945516,0.3203523826110633,1.389,1250.160000000149,0.00041477840773685565,0.9861144549528339,0.7139775777414076,0.8274415144995286,3.3540493927655213,1.9549212616440423,0.3659999999999999,1846.1400000001304,-0.0012641106053514859,0.7443120120209693,0.9245,160
397,3.885705987558321,0.13994591274240248,-0.7165566239414618,0.447712254295348,1.435,1291.2599999997765,0.0003682704748046301,0.9665446533359734,0.7120309652928417,0.8232058198434554,3.420607348550816,1.9675204137528564,0.3659999999999999,1852.6200000001118,-0.001253866883300212,0.7451024770542901,0.9145,159
398,3.884569811320754,0.14253864721073434,-0.7529659293359199,0.41207548472289285,1.42,1278.2399999997579,0.00037976455002357697,0.9714836285059667,0.7061069854916711,0.8183242053744435,3.520613827388056,1.9890132608767028,0.3659999999999999,1869.3000000002794,-0.0012310470332640338,0.7425846315624464,0.9125,158
399,3.8801989723320154,0.14599775094901601,-0.7767416255348998,0.37793015810622527,1.412,1270.6200000001118,0.000392343342361415,0.9781140376900102,0.711044305856833,0.8232943223939185,3.4583661457522012,1.975402238514699,0.365,1851.720000000205,-0.0012534789100357147,0.7442095373214511,0.918,157
400,3.877391428571429,0.14830730543254197,-0.7949990226134775,0.3504678680621047,1.406,1265.220000000205,0.0004007908656329196,0.9823484892758368,0.7139222040370977,0.8253560141086214,3.3813954214990893,1.9590929038818112,0.365,1841.7599999997765,-0.0012656048170462824,0.74507988869513,0.929,156
401,3.8737983105390184,0.15142163746251527,-0.82205874404228,0.3244364293222983,1.387,1248.2400000002235,0.00041553654704611537,0.9860007511357115,0.7173171412924425,0.8288884919679933,3.2593229428056496,1.9338694330779564,0.365,1833.0,-0.001280715175272377,0.7454945427882738,0.9235,155
402,3.886789305230289,0.13964648453629272,-0.7206480740295715,0.44021556344406465,1.4300000000000002,1286.9399999999441,0.0003687106806464702,0.9668838087154695,0.7101007530930608,0.8226616046588303,3.4531872514512783,1.9759584574706448,0.3680000000000001,1867.679999999702,-0.001241225811656003,0.743963997584453,0.9125,154
403,3.885463514578409,0.14206884538921524,-0.7566353295238719,0.4097773689865055,1.414,1273.3199999998324,0.0003800649285306239,0.9717234593844276,0.7041822494669508,0.818844481194944,3.5603549862264208,1.9981621460693166,0.3679999999999999,1883.8199999998324,-0.0012211717390692189,0.740880406237601,0.911,153
404,3.8788253021756645,0.14540688575098412,-0.7563560347590212,0.394265199434871,1.407,1265.6400000001304,0.00039298018425520313,0.977344834776553,0.6998513821138213,0.8147760692817885,3.6697242421984555,2.018550345163792,0.367,1864.7400000002235,-0.001232456077727451,0.739593049941204,0.9155,152
405,3.8778494820717135,0.14864680588714055,-0.800929566698001,0.3468939861043657,1.401,1260.8400000003166,0.00040296123808254545,0.9826314508466805,0.7097121951219512,0.8204493066423139,3.441919271874058,1.9709621362277618,0.365,1853.8199999998324,-0.001248579586340164,0.7439374276448611,0.927,151
406,3.8743227786752823,0.15132593164768254,-0.8273752040057829,0.32074692923885517,1.381,1242.9599999999627,0.00041699697015829245,0.9862590058785259,0.7133761956521738,0.8261890031442319,3.323197986731566,1.9477616060402538,0.3660000000000001,1848.2999999998137,-0.0012638976696857961,0.7439341938173446,0.9215,150
407,3.8886050117462805,0.13935586521284304,-0.7281305720584719,0.431928691932617,1.427,1283.6999999997206,0.0003693243193656924,0.9667608117941401,0.706591550802139,0.8196585386370813,3.5010542177484805,1.9856138697577617,0.369,1879.6200000001118,-0.0012266832968509547,0.7427508431655608,0.9105,149
408,3.886478068091845,0.14178013922392899,-0.7561512403522683,0.40501738796872655,1.409,1268.6400000001304,0.00038091713310980837,0.9711986051916285,0.7016855549654806,0.8158240443584621,3.6008859927494674,2.0067551219288564,0.369,1893.0,-0.0012090888457660797,0.7406507257338624,0.9085,148
409,3.8817648369132853,0.14557214543622043,-0.7826262498336902,0.3693151751679556,1.4020000000000001,1261.5599999995902,0.00039412619202545864,0.9782112539436908,0.7049133012820513,0.8193991643184222,3.5601736822108254,1.9969390803926723,0.3680000000000001,1880.2800000002608,-0.001224453789960731,0.7411773848944914,0.914,147
410,3.8775027113237637,0.14836940226931492,-0.7996137448021678,0.34763313942733165,1.397,1257.2999999998137,0.00040353859546920026,0.9826181072549013,0.7136763172189027,0.824566444032016,3.372521806904915,1.9566749110170252,0.3660000000000001,1848.2999999998137,-0.0012606294234587948,0.7451141840970815,0.9255,146
411,3.873741538461539,0.15148114800272808,-0.8258833576113749,0.32600578500873073,1.379,1241.220000000205,0.0004178126450057799,0.9861464489266099,0.719135090609555,0.8298889528678813,3.194069870004258,1.920262914425715,0.365,1828.7400000002235,-0.0012874032201832706,0.746244582935762,0.921,145
412,3.8878274294670847,0.14002140116528308,-0.7335646686026194,0.4262402642830596,1.425,1281.839999999851,0.0003715623386002987,0.9671778590534142,0.7112640021459228,0.823355382884073,3.3965320052341132,1.963039722474931,0.3700000000000001,1870.9799999999814,-0.001241439757266033,0.7441809265648323,0.911,144
413,3.885019572107766,0.1423607775358987,-0.7569182195774316,0.40843962802955036,1.409,1268.4599999999627,0.00038255595887767266,0.9721054832469287,0.7115721055465806,0.8223518742703009,3.424749185041277,1.9683537208420767,0.3679999999999999,1866.2999999998137,-0.0012431064654485416,0.7446695645379307,0.9085,143
414,3.88052966507177,0.14588690072258578,-0.7811852328362332,0.37472504175504767,1.4000000000000001,1259.8799999998882,0.00039549500430254204,0.9785825249660142,0.7099519137466308,0.823007061523492,3.4237776609338137,1.9685087006671573,0.367,1862.7599999997765,-0.0012462950564749132,0.7432401403153964,0.913,142
415,3.877418494795837,0.14866117818602012,-0.8019218459308117,0.34611583973040894,1.3940000000000001,1254.6000000000931,0.0004050945382617553,0.9826955470421556,0.7139646963123645,0.8263925573904483,3.363460335969428,1.9550508689152737,0.367,1851.7199999997392,-0.0012619053889417222,0.7444960857821558,0.923,141
416,3.874599594155844,0.15147147694004612,-0.8311001073688695,0.3211153838838714,1.3739999999999999,1236.4199999999255,0.0004195818533055169,0.986351296176346,0.7176960196292257,0.8298174980936222,3.246781608463481,1.9312783690926818,0.367,1841.220000000205,-0.0012766174471947984,0.7455026850236094,0.919,140
417,3.888921462264151,0.13990852413331162,-0.7357679694034278,0.42032326724377544,1.419,1276.8599999998696,0.0003728834621708826,0.966533669625449,0.7094693660095898,0.8227182455112397,3.4568629735530667,1.9761704790496064,0.371,1885.7399999997579,-0.0012298189432129428,0.7431394770835175,0.908,139
418,3.8865673566878978,0.14235831315382796,-0.7645660237862977,0.4008323043991188,1.403,1262.5800000000745,0.0003841441492196122,0.9720667355401356,0.7057151434643995,0.8181086624215591,3.5482207753719592,1.9948509751393755,0.371,1891.6200000001118,-0.0012160468858388588,0.7424606726814253,0.9055,138
419,3.8801569118835895,0.14543423049335286,-0.7663695839982645,0.3798431179811879,1.395,1254.9599999999627,0.0003961913709518631,0.9775795599894547,0.7064446575342466,0.8211008382626461,3.508652297520097,1.9868333940185536,0.3679999999999999,1879.4399999999441,-0.001229119985000748,0.7412449984403805,0.91,137
420,3.8790431518151816,0.1484871462299276,-0.8071937313728181,0.33907920578454853,1.387,1248.4200000003912,0.0004067861649930446,0.9826422847606993,0.7054360458765702,0.821493415384236,3.5220216863148384,1.9893655486420907,0.3699999999999999,1885.9199999999255,-0.0012244678151291156,0.7403317642748081,0.92,136
421,3.8757974058577407,0.1515696347862747,-0.8377018409015058,0.3126301336619329,1.368,1230.8400000003166,0.0004218424567530554,0.9865983727400003,0.7122973509933775,0.8257318695700683,3.349988448793564,1.9535050821332465,0.369,1866.7199999997392,-0.0012497423893830328,0.7434274577239988,0.9165,135
422,3.8901556726093998,0.13960484060704295,-0.7410117278126975,0.4185529646985097,1.412,1270.5600000000559,0.00037397120227172147,0.9666217059258322,0.7076326110509209,0.819986622944894,3.5247361617372412,1.989680595844668,0.373,1901.1000000000931,-0.0012135671815894865,0.7431083308441898,0.9055,134
423,3.8869972176759413,0.14204653898906364,-0.7642549911388032,0.4020101140052747,1.3980000000000001,1258.3199999998324,0.00038474905401494555,0.9717934794758788,0.7046702173913043,0.817563883094576,3.554657731849945,1.9960089537361871,0.3699999999999999,1894.6200000001118,-0.0012126643649228368,0.7417488928277993,0.9035,133
424,3.881822861842106,0.1460004303630863,-0.7864658857472047,0.3652483290681353,1.392,1252.5,0.0003981731150347133,0.9784400911099065,0.7100397908640617,0.8232155907280897,3.4399221116935923,1.9714508127154304,0.369,1871.7000000001863,-0.001240430311899211,0.7429592022685948,0.908,132
425,3.878551738410596,0.14846302700123898,-0.8057253516853491,0.33784966873421135,1.382,1243.7400000002235,0.00040837128060836254,0.9825040877834371,0.7071123018042647,0.821761864624811,3.4701237933397895,1.9782242325828525,0.3699999999999999,1883.6400000001304,-0.0012284028256845003,0.7410458677240612,0.9175,131
426,3.875512594458438,0.15157328563066969,-0.8368612837655407,0.3107801957343658,1.363,1226.8799999998882,0.000423193313391747,0.9865741532547171,0.713699834619625,0.8277409859545348,3.3217358313375076,1.9474583260738525,0.371,1868.2199999997392,-0.0012520057595151242,0.7435436217907546,0.916,130
427,3.889029837398374,0.1404211753582379,-0.746936033255809,0.41510288739927337,1.407,1266.3000000002794,0.00037744339331159134,0.9682628852141406,0.7057460215053765,0.8176022403213319,3.5241640756003774,1.9881351338940352,0.3760000000000001,1915.7399999997579,-0.0012010925942147386,0.742338832405816,0.904,129
428,3.887193344289236,0.14186783495728592,-0.7643682046829912,0.398776934845621,1.393,1253.0999999996275,0.00038588646978374787,0.9716389056132242,0.7042376349892009,0.8182488405559931,3.586378802996691,2.00234413299053,0.373,1908.3000000002794,-0.001204539263261255,0.7412255759668999,0.901,128
429,3.882669579554823,0.14563821797258103,-0.789631613382455,0.3614947862084271,1.385,1246.5600000000559,0.0003993261831000798,0.9786107630930291,0.7096269188596491,0.8245175281011733,3.464089995365394,1.977419249994468,0.3699999999999999,1878.2999999998137,-0.0012361503422864042,0.7424779370173995,0.9045,127
430,3.8797279534109816,0.1482773761134244,-0.8091079570401991,0.33527106742690577,1.375,1237.7999999998137,0.00040983608925049085,0.9825571862580411,0.7037466919739696,0.8191836691045061,3.5355437515432158,1.9922098336344771,0.371,1898.7600000002421,-0.0012123982099619542,0.739876747029696,0.9145,126
431,3.8760819409282705,0.1515446506027091,-0.8408907968987775,0.30653366297468154,1.356,1220.1000000000931,0.00042559348616315817,0.9867272714417981,0.7077663215258855,0.8224571626299605,3.4109068400564624,1.9663625552608592,0.371,1889.7600000002421,-0.0012268751712606993,0.7414438263404011,0.913,125
432,3.8906209150326796,0.1397499639792281,-0.7448392254445366,0.40923048388594246,1.4,1260.4200000003912,0.0003774480576380645,0.9665582205548302,0.7031034115138592,0.8160666811703289,3.6362161909883266,2.011458682975472,0.3779999999999999,1932.7199999997392,-0.0011853001282141327,0.7416604001544537,0.9005,124
433,3.8890661436829075,0.1415642358996803,-0.7670671916341183,0.3935169531752312,1.386,1247.2199999997392,0.00038699433582442544,0.9711696876984104,0.6989331908070551,0.8143194053895791,3.668819666413266,2.0197731469768154,0.3739999999999999,1927.0800000000745,-0.001183890946531731,0.7390951488692054,0.8975,123
434,3.8836540315876973,0.14594624682288404,-0.797486525393353,0.35414613367295106,1.376,1238.880000000354,0.0004025365055189147,0.9784825223164035,0.7033161725067385,0.8192534554184778,3.6089677057264087,2.0068351557385697,0.373,1910.1000000000931,-0.0012033738696811734,0.739833473740613,0.901,122
435,3.8812897907949786,0.14843681011074153,-0.8187072125127965,0.32669891996500655,1.367,1230.5999999996275,0.0004126994881182,0.9829075845546734,0.6993888650963598,0.8180368220649327,3.6715674592550265,2.021434558796526,0.3739999999999999,1923.4199999999255,-0.0011901847970393223,0.7378608350099863,0.9105,121
436,3.877440288379983,0.1517938317761357,-0.8493866269590948,0.2986809969948113,1.348,1213.6800000001676,0.0004286902090660525,0.9870002385156225,0.7016170064377683,0.820272422780558,3.5608280857432355,1.9982176652678607,0.3739999999999999,1919.4000000003725,-0.0011991935013231732,0.7378327868285921,0.91,120
437,3.8909786710418377,0.13988477267667074,-0.7504905029421041,0.410187772138734,1.395,1255.2000000001863,0.00037947166070208596,0.9675081122128704,0.7034346276595745,0.8138956038084636,3.628518595205268,2.008639771864751,0.3779999999999999,1935.8999999999069,-0.0011807764237239911,0.7426174190381043,0.899,119
438,3.888842336371169,0.14177698340606715,-0.7718094703306981,0.39050958853064,1.381,1243.0799999996088,0.00038893310620502844,0.9719032758363327,0.7013785637727761,0.8174963029989294,3.608602656670511,2.007453187616472,0.3740000000000001,1921.619999999646,-0.0011933319838858141,0.7393601249185566,0.895,118
439,3.882688647746244,0.14577638775217672,-0.7944130103256266,0.3578069381621599,1.371,1233.9599999999627,0.0004037142007202758,0.9784587867903618,0.7054270460704607,0.8200833097991103,3.5195914630441294,1.9881870834243813,0.3719999999999999,1901.0400000000373,-0.0012135385372881184,0.7406192814490885,0.899,117
440,3.8801853904282124,0.1485175128903004,-0.8162194028619658,0.32998257340139603,1.363,1226.6999999997206,0.0004142216635798206,0.982918300320287,0.7031109848484849,0.8187243148976046,3.520087784826176,1.9885333348750136,0.3719999999999999,1903.5600000000559,-0.001209447910961018,0.7392473254233525,0.9075,116
441,3.876698721227621,0.15168161268939678,-0.8462239188546885,0.30509689559048014,1.3419999999999999,1207.9199999999255,0.00043029222879537737,0.9868029454621443,0.7039166216945494,0.8220221040655672,3.471041276335221,1.9797600817180787,0.373,1908.119999999646,-0.0012110827032798283,0.7386355955828616,0.9075,115
442,3.891219538334708,0.140012370053876,-0.751571641890187,0.40543130306877295,1.3880000000000001,1249.0800000000745,0.0003817059097613098,0.9672745813213455,0.7035251851851853,0.8133779929387894,3.6373424490036417,2.009897260226163,0.3800000000000001,1946.3400000003166,-0.001173725312312731,0.7430099244093201,0.895,114
443,3.8904175000000003,0.14157824218183884,-0.7749859929871068,0.38280979321820724,1.373,1235.5800000000745,0.0003908162066225501,0.9715951212152653,0.6973765799256506,0.8133806997850213,3.6939981266484248,2.0247143704522443,0.3760000000000001,1939.8599999998696,-0.0011740825582098554,0.7378459857415967,0.8905,113
444,3.884973154362416,0.14558973175465573,-0.7984710826913961,0.34960407909362345,1.363,1227.0,0.00040547406470346065,0.977977715843248,0.7003958757364755,0.8168106721816512,3.6690636094911255,2.0194461671344692,0.3740000000000001,1922.4600000004284,-0.001190152821375169,0.7389887805816554,0.894,112
445,3.8818637055837564,0.1484463270605095,-0.8223658701408558,0.3193797963750256,1.353,1217.6399999996647,0.0004172815205025768,0.9828817324875789,0.6973237206823028,0.8150505198753198,3.696529277937649,2.025980737397268,0.3739999999999999,1931.9399999999441,-0.001179880346634045,0.7369919561430986,0.903,111
446,3.877955364806867,0.15172972721055683,-0.8512928328532436,0.2981763033053098,1.333,1200.0599999995902,0.00043344942400471776,0.9870364549443049,0.6977636508781266,0.8186978103999364,3.6336943125337893,2.0141066144205073,0.375,1935.0,-0.0011844771740727727,0.7360632464853282,0.903,110
447,3.89328755186722,0.1396311774830892,-0.7540818474791138,0.39748961588798026,1.3780000000000001,1240.9199999999255,0.00038326652376365533,0.9661896447684271,0.6999533506493507,0.8110321122208887,3.777748818446054,2.036675610228465,0.3859999999999999,1982.9399999999441,-0.0011454995366415712,0.7419377296972831,0.8905,109
448,3.892223005877414,0.14134684323370503,-0.7837846912608617,0.37464185045209575,1.363,1226.4599999999627,0.00039319778956397634,0.9714586479757139,0.6908871861924687,0.8093215519760784,3.849317089285556,2.05712267713772,0.377,1969.1399999996647,-0.001145389035001179,0.7352470973224388,0.8855,108
449,3.887274725274725,0.14523838760377458,-0.8055250641897631,0.338145454333564,1.354,1218.2399999997579,0.0004076300338365441,0.9779947090936576,0.6916939249867935,0.8097916331322409,3.7958067022796813,2.045849502966009,0.3740000000000001,1949.7000000001863,-0.001159459225909941,0.734882565469088,0.8895,107
450,3.8832827234042555,0.14839105916096854,-0.8283420435861033,0.31121703965646785,1.346,1210.679999999702,0.0004196706001971263,0.9828228196883153,0.6930367001586463,0.8121647923043296,3.769166987046688,2.040724292184721,0.375,1947.4199999999255,-0.001164252722660918,0.7349446150435539,0.899,106
451,3.8778171551724143,0.15179419934503105,-0.8532976691331084,0.2959157450054159,1.3279999999999998,1194.5399999995716,0.0004355750135913211,0.9870452881944235,0.7027839612486545,0.8200570870241194,3.5186760609092733,1.9892193659726558,0.373,1914.119999999646,-0.0012038963855893839,0.7384990412378644,0.9005,105
452,3.8928966611018363,0.13969971144918114,-0.7573893794201627,0.3962631069752045,1.371,1234.0800000000745,0.0003855424259980743,0.9667127670260033,0.7118366614664586,0.8100926059026017,3.659175820737521,2.0020115960142695,0.3920000000000001,1981.0200000000186,-0.0011553607174775277,0.7495902240265335,0.889,104
453,3.8913961214165256,0.14170011348675443,-0.7832073125380852,0.37594951239530794,1.357,1221.3599999998696,0.00039581864987422766,0.9714852137780092,0.6953414518674383,0.8111480252390801,3.7674604526074766,2.0392710968089407,0.3780000000000001,1957.6200000001118,-0.001158265138638499,0.7375035031849434,0.883,103
454,3.8870367884451995,0.1455639843914766,-0.8108894623514673,0.3338759458586142,1.347,1212.3599999998696,0.00041060202284101666,0.9783792068545659,0.6941855249204666,0.812090728684483,3.747699244926025,2.0359180495219054,0.3739999999999999,1942.8599999998696,-0.001168458591402554,0.7354356305386089,0.886,102
455,3.8834704020530366,0.14848053362768532,-0.8283448920731651,0.30895300641857193,1.337,1204.0799999996088,0.0004222864305263729,0.9829002813937733,0.6929800847457628,0.8116070646260541,3.746541882967887,2.0360982782472616,0.3739999999999999,1944.839999999851,-0.0011659128494351878,0.7346051621662752,0.8945,101
456,3.8792348090277775,0.1518978721852959,-0.8579819127789401,0.29001811822309775,1.319,1186.619999999646,0.0004389228070788246,0.987172045805435,0.6960555732484076,0.815840359929437,3.6699231289139593,2.0205189768447314,0.375,1940.2199999997392,-0.0011767268119211285,0.7354644803938921,0.896,100
457,3.8946382031905964,0.13946919485104592,-0.7602301050830902,0.3878932065068824,1.363,1226.6400000001304,0.0003874207977527065,0.9663071608220561,0.7131624870466321,0.8080006332101769,3.654275022695165,1.9964020698787772,0.393,1987.8600000003353,-0.001150559347004408,0.7503268987347617,0.884,99
458,3.893387074829932,0.1414304429702292,-0.7915127571933933,0.36424138449581206,1.346,1211.279999999795,0.0003985166135908049,0.9714559372056832,0.6882126811594202,0.8070850083535938,3.9507117849737554,2.0770963480739555,0.3800000000000001,1990.2600000002421,-0.0011277159069155041,0.7342566120520787,0.878,98
459,3.889037928082191,0.14553342813903808,-0.8211810447065995,0.32680622462503645,1.3370000000000002,1202.6999999997206,0.00041398121382934784,0.9783734847505807,0.689155374934452,0.8079243075320597,3.8585252574600615,2.058601718936991,0.3759999999999999,1964.7600000002421,-0.0011458637381382521,0.7335847837753575,0.881,97
460,3.885319137931034,0.148404661427252,-0.8384629288838563,0.30174320696710233,1.327,1194.4199999999255,0.0004255928154406636,0.9830068412771867,0.6881044979079498,0.8081264619890165,3.8860098768724143,2.0649589250251457,0.3759999999999999,1968.7800000002608,-0.0011422478800664202,0.7325572710738272,0.8895,96
461,3.8805079615048124,0.15172122126483523,-0.863750679746754,0.28075568319810484,1.308,1177.1999999997206,0.0004420063326485207,0.9873837001659314,0.6905298162729658,0.8125901742612331,3.797054933420222,2.04701611276672,0.3760000000000001,1962.1200000001118,-0.0011547457252815215,0.7329268256383055,0.891,95
462,3.8967573964497038,0.13908330804218352,-0.7656073177651037,0.378431579653387,1.354,1217.9399999999441,0.0003892726784837483,0.965726745139793,0.7189270171785529,0.807766501742552,3.6311669088202194,1.9868132356005224,0.395,1977.9599999999627,-0.0011598706484702594,0.7543488902539665,0.8795,94
463,3.8939247863247863,0.14168310982945923,-0.7931450739369801,0.3602670583165012,1.3390000000000002,1204.9199999999255,0.00040154813599374827,0.9712779020290255,0.6852687757201645,0.8056645241496817,4.001681991509197,2.0877828768270845,0.381,2002.1400000001304,-0.0011165890105125163,0.7324758536700746,0.874,93
464,3.888454012079379,0.14550730972636036,-0.8207131238451817,0.32702473526351716,1.326,1193.7599999997765,0.00041697406557606527,0.9787911751887393,0.6931241994750655,0.8107743593844692,3.8392317312175575,2.0534646995602284,0.3779999999999999,1962.6000000000931,-0.0011526810819937007,0.7356351507013033,0.8775,92
465,3.884662478336222,0.14869132997292428,-0.8368179669712732,0.30310101500048464,1.3210000000000002,1188.2999999998137,0.0004285798449012059,0.9830749025920608,0.6908576983709931,0.8113590592069984,3.820009378725313,2.05107235318068,0.3760000000000001,1960.1400000001304,-0.001154226460025613,0.7334236582529473,0.885,91
466,3.8802478873239443,0.1519270036144027,-0.8660125082510257,0.2811373228168777,1.3,1170.0600000000559,0.0004452986373364617,0.9874092462284613,0.6955213983050849,0.8146793777426077,3.6938463604774174,2.025183999721416,0.3760000000000001,1944.5400000000373,-0.001171699103971309,0.735436736072858,0.8885,90
467,3.894758453695837,0.13978631730405533,-0.7720444630775902,0.38396058583221404,1.347,1212.1200000001118,0.0003931062407637305,0.9677279785908479,0.7386346235418875,0.8148954666160868,3.3617526770023964,1.9219201087719868,0.3979999999999999,1941.8400000003166,-0.0012051208576051291,0.7644289841874842,0.8775,89
468,3.8938745266781405,0.14169818024925898,-0.7973691229706681,0.3538554562060183,1.33,1196.8199999998324,0.00040434276366306835,0.9718634596468116,0.6841605951770138,0.8057720605286574,4.000712004354061,2.088188484181588,0.381,2007.6000000000931,-0.0011133936865805026,0.7314978862822016,0.8695,88
469,3.8900258680555564,0.1454972244373335,-0.8248465437828649,0.3202251604702731,1.318,1186.1999999997206,0.00041969803330593167,0.9784683635810534,0.6861663376623376,0.8044705276347878,3.951123972069521,2.0767929221236066,0.377,1982.160000000149,-0.0011284743240213624,0.7326568498821879,0.8725,87
470,3.8862880244755242,0.1486539590803071,-0.8472325604813635,0.2950071271733007,1.309,1178.0999999996275,0.00043239191365419816,0.9835959279068966,0.6855930353430354,0.8079978243621929,3.952617832430156,2.0786598576015276,0.377,1982.339999999851,-0.0011320958590495648,0.7312888699633528,0.88,86
471,3.881729343971631,0.15210843146728562,-0.873672475937223,0.2748359496122973,1.29,1161.4199999999255,0.0004493528705727699,0.9876352328221671,0.6898081407563025,0.8093092166258281,3.8077398172224406,2.0475025918628833,0.375,1961.339999999851,-0.001151548759539825,0.732932643932724,0.883,85
472,3.8982610111396743,0.13899809862097404,-0.7733161201310184,0.36935258672180643,1.336,1201.8599999998696,0.0003944035006752438,0.9656667980393701,0.7399614062500001,0.8092823120707894,3.434125869952748,1.928769037557046,0.40600000000000014,1976.6999999997206,-0.0011772969368575423,0.7662201944667605,0.872,84
473,3.896143191673894,0.14167327401581406,-0.8069113422714063,0.343928310774383,1.32,1187.7599999997765,0.0004074268105941027,0.9717044844739862,0.6760734209196564,0.7984479359175849,4.147955325660828,2.1178297618510964,0.3819999999999999,2038.320000000298,-0.0010824585917882479,0.7275891442258821,0.864,83
474,3.891651663747811,0.14543359141138643,-0.8335437010951181,0.3090933539157166,1.307,1176.2399999997579,0.00042320998258994796,0.978386039777117,0.6797551282051282,0.8013187949985423,4.095657983472999,2.108341703734024,0.3780000000000001,2007.7800000002608,-0.0011038500247814744,0.7297043642676674,0.867,82
475,3.887211992945327,0.14847169440545133,-0.8519604999516135,0.2893460583452175,1.298,1167.7199999997392,0.00043571072419688845,0.9835634302895301,0.679356937307297,0.8034601952766599,4.073547448382426,2.104052681338717,0.3780000000000001,2004.660000000149,-0.0011089321275888062,0.7280069963568504,0.8745,81
476,3.8833816964285703,0.15216558614708503,-0.8808254084688039,0.2649841668052094,1.281,1153.4399999999441,0.000452770942340423,0.9877919651616773,0.6856324675324674,0.8084206105909619,3.9306795290103587,2.0746843145016403,0.377,1982.7000000001863,-0.0011327548629349088,0.7306537583901597,0.8785,80
477,3.89874974137931,0.13894447888962924,-0.7781784525949398,0.36583302043791394,1.3270000000000002,1194.4199999999255,0.00039673252644879895,0.9663800003281813,0.7511452592980619,0.811226194363952,3.315148303407275,1.8954126484294769,0.4099999999999999,1965.9599999999627,-0.0011944833460936506,0.7723162474828612,0.8695,79
478,3.894485091543156,0.14191456619006979,-0.8045486470437799,0.351373444585075,1.3130000000000002,1181.5200000000186,0.00041022510430333806,0.9725627903074034,0.6853492276004118,0.805343629523789,3.958877484438232,2.0785446472884925,0.381,2000.339999999851,-0.0011185131780529754,0.732236109875789,0.861,78
479,3.8906038732394372,0.14579393049783254,-0.8315694493282146,0.3140177224973869,1.3,1170.119999999646,0.000426474667995867,0.9787847480318129,0.6828831698502841,0.8054033226553549,4.006297832470731,2.089803097564589,0.3780000000000001,1994.5800000000745,-0.0011193431643783814,0.7302900750053378,0.863,77
480,3.8867414374445435,0.14839242132240046,-0.8490456562359552,0.29246476703084406,1.29,1160.5800000000745,0.00043811979175601437,0.9834539068838729,0.6833778816199377,0.8064443770893902,3.9600382425417866,2.0802689106883023,0.377,1983.839999999851,-0.0011286613112968641,0.7296603509600625,0.87,76
481,3.8824256963162624,0.15231895056891276,-0.8786047171528435,0.2680304173582838,1.273,1146.1800000001676,0.0004559844352371185,0.987737998155055,0.6876269733403032,0.8106298935804185,3.868177740425697,2.062051036456546,0.3760000000000001,1970.7599999997765,-0.0011444617456955863,0.7312134124011607,0.874,75
482,3.9005439130434785,0.13905149390360558,-0.7898016161112502,0.35437639194931037,1.3150000000000002,1184.1599999996834,0.00040074172029824366,0.9668369874797927,0.7640690636316605,0.807108227806124,3.2512668317959905,1.864291346302716,0.42199999999999993,1991.0400000000373,-0.0011833883796766257,0.7792929186539174,0.8645,74
483,3.8970138082673693,0.14175933792307746,-0.8123941503389793,0.33623074948343784,1.301,1170.8999999999069,0.0004137320327944275,0.9721132164870137,0.674163862618218,0.7929095942034586,4.229582198866235,2.128491636696058,0.387,2069.2800000002608,-0.0010593431685653756,0.7279090557341478,0.855,73
484,3.892820195729537,0.14537830617735367,-0.8416488217320883,0.3040859247489483,1.2870000000000001,1157.6399999996647,0.00042997076963206105,0.9788810882364773,0.6728807906741003,0.7981859752248357,4.211544326808126,2.1322953722632056,0.3800000000000001,2032.0200000000186,-0.0010821626026409237,0.7250220417466193,0.857,72
485,3.8883663685152055,0.14855623309587143,-0.8553125474679328,0.28096281447028415,1.2810000000000001,1152.6000000000931,0.00044166391668902305,0.9832761537956135,0.6796214470284238,0.8023370635892833,4.038486963339658,2.096532856789047,0.3760000000000001,1992.179999999702,-0.0011155585555789275,0.7282207271861012,0.864,71
486,3.883707887579329,0.15223384629474926,-0.8832949032261599,0.2635861689742909,1.262,1135.8599999998696,0.0004599730191144888,0.9877668235029439,0.6811339700567889,0.8062640349809135,4.02214253664766,2.0933881642357903,0.377,1995.4199999999255,-0.0011193239671629337,0.7278577245274112,0.869,70
487,3.9022091228070175,0.13893477207394986,-0.7976725528446806,0.3455028326064097,1.304,1173.839999999851,0.00040405712511083883,0.9669119402878595,0.7733473035439137,0.8015879742288018,3.2508850127425317,1.8506994252937428,0.42999999999999994,2004.660000000149,-0.0011729272967241134,0.7849949975977819,0.859,69
488,3.89804347826087,0.14174794765952864,-0.8214514492721188,0.3330220809428358,1.29,1161.0600000000559,0.0004171689358775086,0.9718278502562115,0.6748605342741935,0.7952935462392361,4.213511044848221,2.1293592223209727,0.383,2042.5800000000745,-0.0010749535745337763,0.7277641018532598,0.8495,68
489,3.893812813620072,0.1455199669370768,-0.8460592622367038,0.2929670430016478,1.277,1149.2399999997579,0.0004337390845327336,0.9783673224165436,0.6679341377576672,0.7949678594518091,4.309270943274363,2.1521132821140387,0.3799999999999999,2048.760000000242,-0.0010663448773531204,0.722200717480534,0.8515,67
490,3.8895677797833934,0.14848623354881232,-0.8659637040971839,0.273838222333353,1.2690000000000001,1141.679999999702,0.0004461759966204478,0.9836405915619353,0.6770035860655738,0.7998749906669561,4.14302347860738,2.117835356734986,0.3780000000000001,2010.839999999851,-0.0010983775551363345,0.7273283123730302,0.859,66
491,3.885012979890311,0.15226986005009566,-0.8932950117400384,0.25447763427733344,1.252,1126.7400000002235,0.00046396908347270173,0.9880872791569455,0.6758179723502303,0.8012635559386154,4.13507208988442,2.115879998031322,0.3779999999999999,2012.3999999999069,-0.001099616437711717,0.7256165319289638,0.865,65
492,3.9018179894179887,0.13923854781532025,-0.7944878747672535,0.34206084214958166,1.2970000000000002,1167.8999999999069,0.0004069939591806154,0.9664669909312446,0.7708395480225988,0.8015308162389513,3.257435714680784,1.8517173384570829,0.42799999999999994,2004.8999999999069,-0.0011723584630118386,0.783301681647329,0.8565,64
493,3.8987393939393935,0.14157723594085625,-0.8191392430605644,0.32322744619993066,1.284,1155.839999999851,0.00041872374782595174,0.9719094439278654,0.6774336703741153,0.7968608690048185,4.170486962882307,2.120062016849022,0.3819999999999999,2037.0600000000559,-0.0010815743415142085,0.7290999958792128,0.846,63
494,3.8943296663660956,0.14551058279642418,-0.8508202022578697,0.28904514568760653,1.2690000000000001,1141.7999999998137,0.00043658873962769054,0.9788468674387185,0.6686910920986413,0.7958205138648929,4.297479033271733,2.149247162653983,0.3800000000000001,2046.8999999999069,-0.00106899439090434,0.7221222915755175,0.848,62
495,3.889866515426497,0.1487733496566053,-0.8663641240959055,0.27056043588356504,1.262,1135.2599999997765,0.0004495135862017114,0.983426778018046,0.6748427551020407,0.7983013924252527,4.172783931203342,2.1228527720253774,0.3779999999999999,2018.160000000149,-0.0010919662132888878,0.7258217158392305,0.855,61
496,3.8853693652253916,0.15258125646657578,-0.8963717662482154,0.25199759864384175,1.244,1119.4199999999255,0.0004679555782695397,0.9881063202039565,0.675850281042412,0.8019205526719729,4.164007871869592,2.1217272436126744,0.3780000000000001,2016.1200000001118,-0.0010976294893853345,0.7258058188499686,0.8605,60
497,3.9040943950177938,0.13880501168417964,-0.8062571140315766,0.32959236855260804,1.286,1157.880000000354,0.0004095945435170201,0.9668032197519344,0.7527458949515554,0.8019524020525687,3.463897408899234,1.9130430106025609,0.42199999999999993,2019.179999999702,-0.0011513768516694938,0.7737726210556989,0.85,59
498,3.9009304230423036,0.1413919324115847,-0.830646869776154,0.31108758692484534,1.272,1144.5,0.0004224270493431312,0.9715643113141491,0.6736351202404809,0.794887053772215,4.29869948551164,2.1475711767108496,0.3839999999999999,2056.6200000001118,-0.0010638448011767564,0.7270420802520212,0.841,58
499,3.8959888181818183,0.1453962544949766,-0.8588878034609064,0.28298907354215713,1.2590000000000001,1132.7399999997579,0.0004398735266436286,0.9790999890851678,0.6651994502748626,0.7915926569358117,4.370775767537172,2.1646303456665428,0.381,2060.220000000205,-0.001053538918594274,0.7217225446128366,0.843,57
500,3.891497346752059,0.14870795315578003,-0.8766555816126984,0.2641999382469345,1.2510000000000001,1125.779999999795,0.0004530908116335802,0.9837637167702977,0.6673542338709677,0.7929859540053918,4.313297248241399,2.153014356235096,0.379,2044.0200000000186,-0.0010659396958634427,0.722255667495637,0.8495,56
501,3.8867259740259748,0.15268717326906708,-0.9045953242471079,0.24319208454991154,1.234,1110.6000000000931,0.0004722431139353783,0.9883843999536901,0.6704901572805683,0.7959421334248737,4.2571789850620565,2.140903012985186,0.3780000000000001,2030.5800000000745,-0.0010786974572267233,0.7237324246320244,0.8555,55
502,3.905430197132617,0.13880902631625558,-0.8090918662918778,0.3181462416196547,1.278,1149.4199999999255,0.00041260301283955027,0.965952007558757,0.7581396728016359,0.7999540838681846,3.4380028278763355,1.9026349120022887,0.42399999999999993,2014.9799999999814,-0.0011543330736998602,0.7759740492886744,0.8455,54
503,3.90233708068903,0.1411948228429091,-0.8383030856207156,0.3045020668832564,1.262,1135.5,0.0004254864026729176,0.9720632686802521,0.6652566140177689,0.7887463631803999,4.438742231220249,2.1770490667592513,0.3859999999999999,2087.5200000000186,-0.0010356787069037928,0.7230803811352484,0.837,53
504,3.896902658111824,0.14541780023764447,-0.8651873771404412,0.2729168463589241,1.248,1123.8000000002794,0.00044362857395615116,0.9790957382033015,0.6624875868917577,0.7905004616605735,4.444718309779869,2.1811161223404696,0.3820000000000001,2073.9599999999627,-0.0010421726236591777,0.7196682113309317,0.838,52
505,3.892420645161291,0.14884100905193481,-0.881028730744688,0.25196014257384836,1.242,1117.4399999999441,0.00045710236086540155,0.983595006345466,0.6659608739326971,0.7923513141886762,4.360926584556261,2.1631701328657424,0.379,2051.160000000149,-0.0010592429929434564,0.7213722805592127,0.8445,51
506,3.8869712149532707,0.15267973613854094,-0.9066979964831354,0.23750854182697098,1.225,1102.2000000001863,0.00047597341794748633,0.988417939358313,0.666827556675063,0.7942252831689022,4.3438794237465075,2.1587827210723995,0.3780000000000001,2044.3799999998882,-0.0010661342111670945,0.7214320414907818,0.851,50
507,3.9065450767841003,0.13871403318486822,-0.8182317718853751,0.3160863737024117,1.2670000000000001,1140.7800000002608,0.0004155781891430611,0.9670861143371342,0.7492549188640973,0.7944089409621549,3.5546883521937174,1.930814609371809,0.42300000000000004,2029.7999999998137,-0.0011328142317325108,0.7726672263257596,0.842,49
508,3.901848175182482,0.14160562727883486,-0.8376148350649872,0.3007534023032506,1.255,1128.9599999999627,0.00042912878557397054,0.9719184495941968,0.6650045994065283,0.7901271146291932,4.396708286307418,2.167594568523549,0.3839999999999999,2081.8199999998324,-0.0010411788370717474,0.7221056776825228,0.8325,48
509,3.8973015682656826,0.14565666224722687,-0.8686212618171001,0.26744175497479833,1.24,1116.0,0.0004474424170149515,0.9788909517274285,0.662232406947891,0.7892513583833375,4.4445481730827785,2.1803790271432284,0.381,2076.2999999998137,-0.0010399405575779667,0.7195782399926444,0.8335,47
510,3.8934203342618385,0.14878173112771706,-0.8842665605254956,0.24765624009066484,1.2329999999999999,1109.2199999997392,0.0004603684832521555,0.9835689728928276,0.66351205,0.7893452904550576,4.395504963575148,2.1705171314245018,0.379,2059.920000000391,-0.0010499445754605981,0.7205699833329275,0.8395,46
511,3.888093226716839,0.15280072263965852,-0.9111907662162886,0.23496899543885053,1.216,1094.880000000354,0.0004794384610317375,0.9882793694070255,0.6663538849646822,0.7921958667334765,4.334688668672223,2.1564675213668214,0.377,2041.1399999996647,-0.001065645924045893,0.721456149707552,0.8465,45
512,3.908174340309372,0.13864378205577507,-0.8192171420833696,0.29672909382581336,1.2570000000000001,1131.4199999999255,0.00041894438029443486,0.9657210828474664,0.7537281171125694,0.7889676296901715,3.5958424516516097,1.9312583500255673,0.42799999999999994,2041.0200000000186,-0.0011219659220760643,0.7765798927941983,0.836,44
513,3.904237569060774,0.1410540533943278,-0.8448325938631758,0.29209209844289186,1.242,1118.160000000149,0.0004318041643623761,0.9715593168635628,0.6608211170994611,0.7851769689119338,4.509040799140478,2.1923763198181474,0.3859999999999999,2102.5200000000186,-0.0010207016164696097,0.7210245364272088,0.8275,43
514,3.898187243947858,0.14555706219659986,-0.8760535316454163,0.2633862650487215,1.229,1105.9799999999814,0.00045131360269903115,0.9795779747312577,0.6607244433448788,0.7886615730892267,4.475112209097092,2.1881515786492187,0.381,2082.179999999702,-0.0010347586488768856,0.7190515960524115,0.8285,42
515,3.894300937207123,0.14888569031175772,-0.8921216730513195,0.2397206852712114,1.2209999999999999,1099.2599999997765,0.00046488240780752355,0.9838511699629626,0.659359553349876,0.7870371839780194,4.476173902831469,2.188006625275183,0.3800000000000001,2075.94000000041,-0.0010355409311015565,0.7184077569194515,0.8345,41
516,3.8892217267552183,0.15287869466503687,-0.9194707450150466,0.2254801181835357,1.205,1085.220000000205,0.0004840669009886822,0.9884882667592455,0.6600039342629482,0.787826492453585,4.480895336045541,2.1869899414371003,0.379,2068.3199999998324,-0.0010412778615177744,0.7180776852519656,0.8415,40
517,3.909518290441176,0.13829447517476628,-0.8259219574723016,0.28907664504611075,1.245,1120.3199999998324,0.00042218226768021567,0.9659070383004366,0.729736842105263,0.7897594732303229,3.8706865699898447,2.011233890643987,0.42100000000000004,2074.8599999998696,-0.001086638945652801,0.7637672258201869,0.8305,39
518,3.905926833797585,0.14114839917507754,-0.8568210473489475,0.27520839857198953,1.231,1108.1999999997206,0.000436089953794025,0.9722266558814242,0.6570811678832118,0.7831746953259088,4.563973168252043,2.2058707661915022,0.3860000000000001,2116.44000000041,-0.0010079902729894594,0.718321616108417,0.822,38
519,3.8997070356472796,0.14492804708917562,-0.8685492744673047,0.25703370008174603,1.221,1098.2399999997579,0.0004525552941654647,0.9781063090992292,0.6576591334318069,0.785954376860668,4.5202681426028315,2.1975771209761197,0.3819999999999999,2091.3000000002794,-0.001024518636138115,0.7179143043917157,0.823,37
520,3.8956038752362945,0.14883877282876493,-0.8983019881633743,0.23035691500527225,1.211,1089.5400000000373,0.00046912436903721443,0.9836975676129676,0.6569829651448208,0.7867126683445718,4.57149338150845,2.2086038285794216,0.3819999999999999,2098.560000000056,-0.0010203649189847058,0.7163657515565961,0.829,36
521,3.8905425837320577,0.15279639024737554,-0.9261959613922119,0.21652221596698412,1.1949999999999998,1076.160000000149,0.0004880765417627313,0.9885610069557833,0.6578011875309253,0.7859960136311975,4.526063119703735,2.196318443487667,0.381,2082.2400000002235,-0.0010294762641304427,0.717440668512226,0.8375,35
522,3.9096665740740737,0.1385872676466918,-0.8303640294350787,0.28387743008854144,1.236,1112.4599999999627,0.0004261766350030699,0.966315341404409,0.7259525609149677,0.7888612254396491,3.847170283881418,2.0089635582709833,0.41700000000000004,2070.839999999851,-0.0010874826359015056,0.7615901995382381,0.826,34
523,3.906148127340824,0.14113639825078436,-0.8530163445933399,0.26899815555557094,1.2220000000000002,1099.7399999997579,0.0004395332883346096,0.9710540712378583,0.6579714973519499,0.7823002786951777,4.583844766886816,2.2079124591341017,0.391,2139.600000000093,-0.0009965283055147457,0.7197748878615899,0.818,33
524,3.901281929990539,0.1454029167053506,-0.8817316197157989,0.24153397605986265,1.21,1089.0,0.0004581077435223709,0.9783002732520168,0.6594524252817247,0.7851943363140454,4.53205078228272,2.199788454695505,0.385,2103.4199999999255,-0.0010176668922573715,0.7193632680175659,0.8185,32
525,3.896010761904762,0.1486267340383809,-0.8990226767726228,0.23027786354602972,1.201,1080.839999999851,0.0004721745030729575,0.9835032514599312,0.6582583292383292,0.7868344845579889,4.543498935499686,2.20303892576621,0.383,2096.5800000000745,-0.0010221197030551154,0.7175179887932074,0.824,31
526,3.8909706846673093,0.15293877856581237,-0.928860147229599,0.2130635050451314,1.1869999999999998,1067.880000000354,0.0004923030712297379,0.9885637295726918,0.6580878217821782,0.7857002824037921,4.515769236474799,2.195731244716528,0.3799999999999999,2080.1399999996647,-0.0010305551946143351,0.7179077947386777,0.832,30
527,3.911295981308411,0.13812053646634456,-0.8342006205711385,0.27888642583592976,1.224,1102.0799999996088,0.0004288662905206589,0.9663465999478964,0.7320316841579211,0.7910619491200498,3.7659476788058672,1.9914462072183503,0.41900000000000004,2061.119999999646,-0.001098700311930803,0.7644985611423535,0.821,29
528,3.9080258734655335,0.1408368246677091,-0.8556042149914731,0.25928488243777703,1.2120000000000002,1090.5,0.00044240975685974735,0.9710045976497442,0.6581189097925713,0.7840394928883726,4.571765830028112,2.208411350212092,0.3900000000000001,2135.2199999997392,-0.0009999997297006616,0.7190274861701701,0.8125,28
529,3.9024535816618915,0.14487886455884186,-0.8888760930247668,0.2359685857170389,1.199,1078.1999999997206,0.0004610895327891667,0.9791190182085012,0.6503195557701593,0.7809298562889462,4.662259354693266,2.2281293471100967,0.3849999999999998,2132.100000000093,-0.0009927283496728853,0.7137638830177429,0.814,27
530,3.897046301633045,0.14860947670197838,-0.9001689740977685,0.22425649756587054,1.191,1072.0200000000186,0.00047600603187723084,0.9833165981395091,0.6545252076209086,0.7841247472917746,4.580216793341048,2.211754298352158,0.383,2108.0400000000373,-0.0010110146166018993,0.7162363581590149,0.819,26
531,3.892273417721519,0.153039705903867,-0.9374545091205762,0.20374074818856305,1.175,1057.5,0.0004976779976602136,0.9888029843314933,0.654100637567435,0.7837972933985838,4.632967868316807,2.2185357441103966,0.3820000000000001,2100.779999999795,-0.0010147735440565046,0.7150461920035005,0.827,25
532,3.9132352830188672,0.13795576195736822,-0.8355608259204503,0.25910489720474966,1.213,1091.5799999996088,0.0004325389605597016,0.9653730438768807,0.7158287952987267,0.788604664795986,3.9939132434427904,2.0518585966287457,0.4179999999999999,2104.0200000000186,-0.001060133817626857,0.7561492629601053,0.8155,24
533,3.909384541984733,0.14038765258612987,-0.8606132090969125,0.24777342834569613,1.199,1079.2199999997392,0.0004458137054455064,0.9709921138896517,0.6562250000000001,0.7809813529526375,4.614952688854162,2.216852058484757,0.3929999999999998,2155.320000000298,-0.0009853832728932176,0.7193723556355616,0.8075,23
534,3.903379768786127,0.1450358294280515,-0.8918740526622786,0.22854291839699356,1.187,1068.8400000003166,0.00046583244294647383,0.9790339730221717,0.6532101259689922,0.783224989760135,4.607370578109065,2.2179946363530294,0.3859999999999999,2126.5200000000186,-0.0010001538301280038,0.7157200671054125,0.8085,22
535,3.89794083414161,0.14839021063570002,-0.9074116676750865,0.21581837051361322,1.18,1061.8199999998324,0.0004801837535937062,0.9840124054657726,0.6603736193293885,0.7880793539609032,4.479399535736519,2.192159918948798,0.383,2090.220000000205,-0.0010283365067807117,0.7195509663394393,0.8135,21
536,3.892462671905697,0.15306618699860994,-0.9368534147229965,0.20328900260830657,1.1660000000000001,1048.7999999998137,0.0005017757185627621,0.9886889842894523,0.6567210707269154,0.7858210232007089,4.541862777916788,2.202388397419325,0.3819999999999999,2097.4799999999814,-0.0010198671950795788,0.7163893823225745,0.822,20
537,3.9139433333333327,0.13774063605249603,-0.8407732884901948,0.25565531068814745,1.201,1081.0200000000186,0.0004362182535869477,0.9660721872518134,0.7115759024390244,0.7901389477209091,4.012429791561686,2.0601960913009636,0.41700000000000004,2112.1800000001676,-0.0010552417390240591,0.7533949049344919,0.8105,19
538,3.9107092396535132,0.14040151963596398,-0.8625854083461695,0.23599047472947335,1.189,1069.9799999999814,0.0004498235309010142,0.9706948450047982,0.6549669057867049,0.7846545677395779,4.608578062535975,2.220386938744442,0.391,2154.1800000001676,-0.000987956382833644,0.7170127931574054,0.802,18
539,3.905214980544747,0.14485890395086445,-0.8941021260266488,0.21196207733642677,1.177,1059.0,0.0004696069571731776,0.9782607870468508,0.6510195004803073,0.7819639964220084,4.633028218714958,2.224700846735938,0.3879999999999999,2145.060000000056,-0.0009880874331867258,0.7141987553163845,0.803,17
540,3.9004651026392962,0.14840394873506801,-0.9152331987775368,0.1963468554773176,1.17,1053.0,0.00048444841402325536,0.9835619007794572,0.6559929480901078,0.784386447929507,4.515135039943279,2.2003088100957378,0.3840000000000001,2104.9799999999814,-0.0010146625995928373,0.7174850989302687,0.808,16
541,3.894128330019881,0.1527447968924176,-0.9457017265031555,0.19039142143848495,1.152,1036.3199999998324,0.0005069973190510133,0.9889020181069686,0.6516075169738119,0.7814447454341608,4.631597118348518,2.222152996368456,0.3839999999999999,2124.3599999998696,-0.0009981622784949443,0.7149654043479831,0.8165,15
542,3.9162627167630064,0.13735027793819654,-0.8394412210692908,0.2354610265159769,1.187,1069.0200000000186,0.00044004398106877894,0.9650021166103985,0.6965005741626794,0.785575616657915,4.223149854002472,2.1129675038866873,0.4169999999999998,2152.6800000001676,-0.0010187942569747693,0.7456359238347857,0.8045,14
543,3.913107317073171,0.1396932737031119,-0.8731168607103319,0.22400404306648103,1.173,1055.5200000000186,0.0004540541831527342,0.9709056813610105,0.6448459093034129,0.7772170322236476,4.778398089514167,2.2567841089761815,0.3939999999999999,2204.2199999997392,-0.0009498052760373469,0.712120359273039,0.796,13
544,3.907293300492611,0.14449410194702983,-0.9041620580532319,0.19904248563128957,1.162,1045.2599999997765,0.0004748401557052924,0.9785212907344844,0.6434592470588235,0.7773018310048068,4.7912963208287405,2.2592072244523034,0.391,2188.9799999999814,-0.0009558212603673435,0.711055630002276,0.797,12
545,3.90216875,0.14807596538584628,-0.9260848059792997,0.18787063849388627,1.154,1038.3599999998696,0.0004902137979744696,0.9838965188023729,0.6479877502383222,0.7804704239059186,4.713505718162376,2.242931472222266,0.3880000000000001,2161.9799999999814,-0.0009745218612900865,0.7133819176220231,0.8015,11
546,3.8953076381909546,0.152692862582544,-0.9519535370716139,0.18197607539452101,1.1380000000000001,1024.3199999998324,0.0005129224199782724,0.9890200033418972,0.6468286873508353,0.7807625111630161,4.734293948232777,2.2441564710660655,0.3879999999999999,2158.2000000001863,-0.0009774734726695974,0.711880305236639,0.8105,10
547,3.917489278752437,0.13689700134636126,-0.8436532389043387,0.224950892542296,1.175,1056.6599999996834,0.00044391170873287703,0.9649047632908923,0.6959103235014272,0.7846377988511625,4.201399738826111,2.110212932026404,0.4179999999999999,2165.880000000354,-0.0010111145801945227,0.7455433752082226,0.799,9
548,3.914302068965517,0.13946498081392042,-0.873188494140821,0.21495799274572294,1.161,1044.9599999999627,0.00045783760860484794,0.970683982164365,0.6455158041958041,0.7806453787280124,4.771700789951133,2.2572747422418376,0.39600000000000013,2209.739999999758,-0.0009510477783380331,0.7119759059178936,0.7905,8
549,3.907667330677291,0.14434574191440408,-0.9040654900248426,0.1947629292488454,1.149,1033.679999999702,0.0004797924607876097,0.9784439408380523,0.6447713345864662,0.7798790814533277,4.762871918936171,2.254018924405351,0.3919999999999999,2192.160000000149,-0.0009582170325427876,0.7111464257555199,0.791,7
550,3.9030452357071215,0.1481563463430321,-0.9289885258884887,0.17906371613270655,1.141,1026.720000000205,0.0004962057466011903,0.9840599061957961,0.6514059580552908,0.7843348285757129,4.646724507033362,2.230225257758625,0.3900000000000001,2161.5,-0.0009814493724448516,0.7148622448364476,0.7955,6
551,3.894737791286728,0.15291723497008952,-0.9502898886920885,0.18230895735038843,1.126,1013.5800000000745,0.0005192368311998023,0.9889054997750553,0.6488762064022935,0.7817591389527082,4.670070329499057,2.2326279854556415,0.3880000000000001,2156.5800000000745,-0.0009808068562232233,0.7133223622324263,0.805,5
552,3.9195244817374135,0.13675688633965422,-0.8480813578520077,0.21082281987456516,1.16,1044.0,0.00044881962335682854,0.9647068336979515,0.7093061816452687,0.7870383126477836,4.090569269698381,2.081221668311458,0.42599999999999993,2165.939999999944,-0.0010209796969900561,0.7536539409366672,0.793,4
553,3.916487624750499,0.13919132911372914,-0.8726367430322668,0.193404882593158,1.146,1031.7599999997765,0.00046295795247303063,0.9694133902667154,0.6446601289134438,0.7796564206816172,4.822292336611111,2.268452756152217,0.401,2237.7000000001863,-0.000935722492254753,0.7118624640438025,0.7845,3
554,3.909658266129032,0.14397070790557093,-0.9059149381345808,0.1778418123372825,1.135,1021.3199999998324,0.000484432930318344,0.9774236722095934,0.640681104921077,0.7780885055097497,4.863296723376198,2.2756437285251176,0.395,2219.5200000000186,-0.0009405750673818557,0.7086597485349293,0.7845,2
555,3.904681707317073,0.14821096917659027,-0.935902396877287,0.16298103818993312,1.1260000000000001,1013.1000000000931,0.0005033464115847461,0.9842231849790682,0.6479342278719398,0.7828166089939788,4.704383725391395,2.243227983120759,0.393,2188.2000000001863,-0.0009650172038085568,0.7132033801056286,0.7885,1
556,3.8979312435765676,0.1527443838594808,-0.9588413632276351,0.15940011144095614,1.113,1001.6999999997206,0.0005249614608146781,0.9887420670571933,0.6490928571428571,0.7832908273491072,4.65903203848052,2.2319473308330684,0.393,2178.060000000056,-0.0009726269152553814,0.7137082699033233,0.798,0
