cycle_number,relax_var,relax_ske,relax_max,relax_min,relax_mean,relax_kur,relax_duration_s,relax_points,relax_start_voltage,relax_end_voltage,relax_voltage_delta,window_s,window_points,SOH,RUL,discharge_capacity_in_Ah
1,3.0131950019328397e-06,1.285301979710254,4.200017,4.193203,4.195217525773195,1.3485756345547713,943.668399999995,97,4.199985,4.193203,-0.0067820000000002,943.668399999995,97,1.0046385110554976,769.0,2.411132426533194
2,3.0131950019328397e-06,1.285301979710254,4.200017,4.193203,4.195217525773195,1.3485756345547713,943.668399999995,97,4.199985,4.193203,-0.0067820000000002,943.668399999995,97,1.0046385110554976,768.0,2.411132426533194
3,2.981972691118532e-06,1.2912188829683855,4.200027,4.193264,4.19525665625,1.349197959224631,948.7669999999998,96,4.2,4.193264,-0.006736,948.7669999999998,96,1.004083265704134,767.0,2.4097998376899215
4,2.9666480904209024e-06,1.2906485838421338,4.200017,4.193296,4.195251154639175,1.356275482464262,945.8316999999952,97,4.200002,4.193296,-0.0067059999999994,945.8316999999952,97,1.0038154320746329,766.0,2.409157036979119
5,2.9463815607817452e-06,1.2918381915848347,4.200015,4.193297,4.195260958762886,1.3693845447515502,945.1287000000012,97,4.199997,4.193309,-0.0066879999999995,945.1287000000012,97,1.0034362632784022,765.0,2.4082470318681652
6,2.9463815607817452e-06,1.2918381915848347,4.200015,4.193297,4.195260958762886,1.3693845447515502,945.1287000000012,97,4.199997,4.193309,-0.0066879999999995,945.1287000000012,97,1.0034362632784022,764.0,2.4082470318681652
7,2.906435508772194e-06,1.285663117177028,4.200027,4.193349,4.195311916666667,1.340049186920663,946.9183000000194,96,4.199989,4.193349,-0.0066399999999999,946.9183000000194,96,1.003493574358853,763.0,2.4083845784612463
8,2.8491813762062787e-06,1.295971131688181,4.200022,4.19343,4.195358052083333,1.3717734639160173,944.9126000000106,96,4.200017,4.19343,-0.0065869999999996,944.9126000000106,96,1.002816804724186,762.0,2.4067603313380466
9,2.6985020210526267e-06,1.2970664531858818,4.200006,4.193365,4.195256499999999,1.5130344800153872,933.1576999999816,96,4.199995,4.193365,-0.0066300000000003,933.1576999999816,96,1.002248555387981,761.0,2.4053965329311544
10,2.852329344931245e-06,1.29923407889817,4.200006,4.193405,4.195329608247422,1.3751631234965995,949.876099999994,97,4.200006,4.193405,-0.0066009999999998,949.876099999994,97,1.0015216501964606,760.0,2.4036519604715054
11,2.852329344931245e-06,1.29923407889817,4.200006,4.193405,4.195329608247422,1.3751631234965995,949.876099999994,97,4.200006,4.193405,-0.0066009999999998,949.876099999994,97,1.0015216501964606,759.0,2.4036519604715054
12,2.8615799753005825e-06,1.3016567509403127,4.200023,4.193398,4.195333061855671,1.3906213030750272,942.5638999999792,97,4.200023,4.193398,-0.0066249999999996,942.5638999999792,97,1.0018935281704786,758.0,2.4045444676091483
13,2.8456162384022773e-06,1.2889807543555498,4.200016,4.193442,4.195353381443299,1.344511768581309,943.5973999999989,97,4.199967,4.193442,-0.0065249999999998,943.5973999999989,97,1.0012900376458191,757.0,2.403096090349966
14,2.6063196614035117e-06,1.3075684619333274,4.200019,4.193472,4.195323541666666,1.555798109021541,938.7714000000268,96,4.200002,4.193472,-0.0065299999999997,938.7714000000268,96,1.0005869411633936,756.0,2.4014086587921444
15,2.5984313263158805e-06,1.3044512588250226,4.200017,4.19349,4.195333000000001,1.5426982144334669,937.5732999999892,96,4.199988,4.193492,-0.0064960000000002,937.5732999999892,96,1.0001854977163864,755.0,2.4004451945193273
16,2.5984313263158805e-06,1.3044512588250226,4.200017,4.19349,4.195333000000001,1.5426982144334669,937.5732999999892,96,4.199988,4.193492,-0.0064960000000002,937.5732999999892,96,1.0001854977163864,754.0,2.4004451945193273
17,2.819065228737254e-06,1.2991197517996933,4.200014,4.193452,4.195365020618556,1.3799203774705655,941.0847000000068,97,4.200004,4.193452,-0.0065520000000001,941.0847000000068,97,1.0001976693252044,753.0,2.4004744063804906
18,2.569818194736728e-06,1.307090827500377,4.200007,4.193503,4.195356375,1.551571841154057,939.250699999975,96,4.199983,4.193503,-0.0064799999999998,939.250699999975,96,0.9995571412529138,752.0,2.398937139006993
19,2.7778858743556415e-06,1.3095488410026732,4.200021,4.193523,4.195394443298969,1.401309873378722,944.6592999999992,97,4.199993,4.193529,-0.0064640000000002,944.6592999999992,97,0.9989177503350638,751.0,2.397402600804153
20,2.747330210051445e-06,1.3041735465156212,4.200022,4.193538,4.195411907216495,1.392879645243767,941.6147999999812,97,4.200022,4.193538,-0.0064839999999994,941.6147999999812,97,0.9986862509843684,750.0,2.3968470023624837
21,2.747330210051445e-06,1.3041735465156212,4.200022,4.193538,4.195411907216495,1.392879645243767,941.6147999999812,97,4.200022,4.193538,-0.0064839999999994,941.6147999999812,97,0.9986862509843684,749.0,2.3968470023624837
22,2.7682885227663098e-06,1.3031197689928211,4.200024,4.193543,4.195406525773196,1.3925039200075076,943.0332000000052,97,4.200024,4.193543,-0.0064809999999999,943.0332000000052,97,0.9986133288550696,748.0,2.396671989252167
23,2.735036329896873e-06,1.3126357876109085,4.200006,4.193586,4.1954225773195875,1.4043175031525077,941.5987000000314,97,4.200006,4.193593,-0.0064130000000002,941.5987000000314,97,0.9982741693798872,747.0,2.3958580065117294
24,2.7209543956185036e-06,1.31169260705709,4.200012,4.193562,4.195432855670103,1.4103996300802932,945.2196999999578,97,4.200005,4.193571,-0.0064339999999996,945.2196999999578,97,0.99782008723258,746.0,2.3947682093581917
25,2.5337678592105772e-06,1.323884575201452,4.200027,4.193588,4.195379312500001,1.5870718970486402,934.8919999999924,96,4.199986,4.193588,-0.0063979999999999,934.8919999999924,96,0.9973238203237624,745.0,2.3935771687770298
26,2.5337678592105772e-06,1.323884575201452,4.200027,4.193588,4.195379312500001,1.5870718970486402,934.8919999999924,96,4.199986,4.193588,-0.0063979999999999,934.8919999999924,96,0.9973238203237624,744.0,2.3935771687770298
27,2.5410579788376397e-06,1.3198581986226807,4.200017,4.19355,4.195375822916667,1.5838105355988925,937.9115999999922,96,4.199981,4.193557,-0.0064239999999999,937.9115999999922,96,0.9973553757368564,743.0,2.393652901768455
28,2.33519460582322e-06,1.31792916491541,4.200014,4.193588,4.195329894736842,1.7325569565533798,926.89029999997,95,4.200006,4.193588,-0.006418,926.89029999997,95,0.997237764751688,742.0,2.393370635404051
29,2.679503634235522e-06,1.3273240173767908,4.200025,4.193645,4.195460618556701,1.4571528301641536,945.6592999999413,97,4.199982,4.193645,-0.0063370000000002,945.6592999999413,97,0.9965758422036451,741.0,2.3917820212887486
30,2.691352778508829e-06,1.3242104307600435,4.200027,4.193586,4.195466520833333,1.444713628230439,942.4053999999304,96,4.200006,4.193586,-0.0064200000000003,942.4053999999304,96,0.9961495930382596,740.0,2.390759023291823
31,2.691352778508829e-06,1.3242104307600435,4.200027,4.193586,4.195466520833333,1.444713628230439,942.4053999999304,96,4.200006,4.193586,-0.0064200000000003,942.4053999999304,96,0.9961495930382596,739.0,2.390759023291823
32,2.5148361148025794e-06,1.3189478009393791,4.200006,4.193595,4.195399031249999,1.5760734344405258,939.6785999999848,96,4.199995,4.193597,-0.0063980000000007,939.6785999999848,96,0.9960137782975296,738.0,2.3904330679140706
33,2.503471720492761e-06,1.3215864191401216,4.200014,4.193561,4.195416484210526,1.579935394532304,931.3549999999814,95,4.200005,4.193561,-0.0064440000000001,931.3549999999814,95,0.99582261805633,737.0,2.389974283335192
34,2.4943948403506273e-06,1.3262565875126135,4.200017,4.193632,4.195415708333334,1.6142842418323071,934.546500000055,96,4.200003,4.193632,-0.0063709999999996,934.546500000055,96,0.9953408885149806,736.0,2.3888181324359534
35,2.4511334441209045e-06,1.3387341467308722,4.200012,4.193672,4.195451705263158,1.6355155527445686,937.4257000000216,95,4.199996,4.193672,-0.0063239999999993,937.4257000000216,95,0.9949988263776726,735.0,2.387997183306414
36,2.4511334441209045e-06,1.3387341467308722,4.200012,4.193672,4.195451705263158,1.6355155527445686,937.4257000000216,95,4.199996,4.193672,-0.0063239999999993,937.4257000000216,95,0.9949988263776726,734.0,2.387997183306414
37,2.479108651644847e-06,1.3232401415681785,4.200012,4.193626,4.19542653125,1.5953337438640909,937.5929999999936,96,4.199994,4.193626,-0.0063680000000001,937.5929999999936,96,0.994955690835168,733.0,2.387893658004403
38,2.476642588353844e-06,1.328953675997712,4.200016,4.193606,4.195428568421053,1.619005629504119,934.8049999999348,95,4.199999,4.193606,-0.006393,934.8049999999348,95,0.9944862214031024,732.0,2.3867669313674456
39,2.6239043818729552e-06,1.333158131588167,4.200031,4.193676,4.19550381443299,1.481677216644004,944.3839000000152,97,4.200007,4.193676,-0.0063310000000003,944.3839000000152,97,0.994160431850136,731.0,2.385985036440326
40,2.657293013960663e-06,1.327533018673116,4.200013,4.193669,4.195479082474226,1.4409106598945347,949.6504999999888,97,4.199974,4.193669,-0.0063050000000002,949.6504999999888,97,0.9937084327436232,730.0,2.3849002385846956
41,2.657293013960663e-06,1.327533018673116,4.200013,4.193669,4.195479082474226,1.4409106598945347,949.6504999999888,97,4.199974,4.193669,-0.0063050000000002,949.6504999999888,97,0.9937084327436232,729.0,2.3849002385846956
42,2.626166965850532e-06,1.3268860627915529,4.200013,4.193696,4.195497690721649,1.451395049146726,946.8999999999068,97,4.20001,4.193707,-0.0063029999999999,946.8999999999068,97,0.993707024275298,728.0,2.384896858260715
43,2.642069313788556e-06,1.334664160411937,4.200014,4.193666,4.195477463917526,1.4742994467672923,940.856400000048,97,4.199981,4.193666,-0.0063149999999998,940.856400000048,97,0.9933041213977278,727.0,2.383929891354547
44,2.4421883472587354e-06,1.346795452330256,4.200014,4.193682,4.195435677083332,1.6708889140504044,932.7439000000012,96,4.200004,4.193691,-0.0063129999999995,932.7439000000012,96,0.9930781782325616,726.0,2.383387627758148
45,2.4273119200656354e-06,1.3368564120436568,4.200004,4.193703,4.19546121875,1.617987030074126,936.5498000000372,96,4.199993,4.193708,-0.006285,936.5498000000372,96,0.9925293702046448,725.0,2.382070488491147
46,2.4273119200656354e-06,1.3368564120436568,4.200004,4.193703,4.19546121875,1.617987030074126,936.5498000000372,96,4.199993,4.193708,-0.006285,936.5498000000372,96,0.9925293702046448,724.0,2.382070488491147
47,2.600663549398591e-06,1.3318814965562904,4.200021,4.193732,4.195524948453608,1.4708889232806688,941.9301000001142,97,4.200006,4.193732,-0.0062740000000003,941.9301000001142,97,0.9927103442886888,723.0,2.382504826292853
48,2.628089388316149e-06,1.3306785492203794,4.200015,4.193681,4.195497804123712,1.4603275361258885,944.3445999999532,97,4.2,4.193681,-0.0063190000000004,944.3445999999532,97,0.9923554049591188,722.0,2.381652971901885
49,2.596624721434659e-06,1.3448027162956069,4.200011,4.19371,4.195509134020618,1.503954643048965,940.5229999999284,97,4.199976,4.193711,-0.0062649999999999,940.5229999999284,97,0.9920876216027912,721.0,2.381010291846699
50,2.593960283934543e-06,1.3372949646683687,4.200021,4.193722,4.195520865979382,1.4954057920819914,943.841400000034,97,4.199996,4.193727,-0.0062689999999996,943.841400000034,97,0.9914962592298212,720.0,2.379591022151571
51,2.593960283934543e-06,1.3372949646683687,4.200021,4.193722,4.195520865979382,1.4954057920819914,943.841400000034,97,4.199996,4.193727,-0.0062689999999996,943.841400000034,97,0.9914962592298212,719.0,2.379591022151571
52,2.6270674432988916e-06,1.327773984036873,4.200023,4.193685,4.195502257731959,1.4562558595355148,944.8903999999166,97,4.200023,4.19369,-0.0063329999999997,944.8903999999166,97,0.9914944564494764,718.0,2.3795866954787437
53,2.5726690182561097e-06,1.3418950045533036,4.200018,4.193724,4.195527113402062,1.506993967264744,940.407600000035,97,4.200008,4.19375,-0.0062580000000007,940.407600000035,97,0.9911029037035256,717.0,2.3786469688884613
54,2.4332921762060688e-06,1.3495952887289635,4.200027,4.193677,4.195445614583334,1.6762412429156828,936.6931000000332,96,4.200003,4.193677,-0.0063259999999996,936.6931000000332,96,0.9905267715105248,716.0,2.3772642516252596
55,2.591941773684173e-06,1.332554445424415,4.200015,4.193701,4.195534125,1.468527141067875,942.000299999956,96,4.200004,4.193701,-0.0063029999999999,942.000299999956,96,0.9902592638259848,715.0,2.376622233182363
56,2.591941773684173e-06,1.332554445424415,4.200015,4.193701,4.195534125,1.468527141067875,942.000299999956,96,4.200004,4.193701,-0.0063029999999999,942.000299999956,96,0.9902592638259848,714.0,2.376622233182363
57,2.428655008771992e-06,1.3436748356721508,4.200012,4.193686,4.195451291666667,1.6583905426572616,938.3177999999608,96,4.199984,4.193686,-0.0062980000000001,938.3177999999608,96,0.9903486654261286,713.0,2.3768367970227087
58,2.5955940491836436e-06,1.348311211649078,4.200023,4.193734,4.19550530927835,1.525395752348754,942.800500000012,97,4.2,4.193734,-0.0062660000000001,942.800500000012,97,0.9898577034982278,712.0,2.3756584883957466
59,2.4065615561404443e-06,1.3540020345583572,4.200019,4.193718,4.195466041666666,1.6913489068739502,931.7391000001226,96,4.200019,4.193718,-0.0063010000000005,931.7391000001226,96,0.9894360870723776,711.0,2.374646608973706
60,2.392964915350949e-06,1.3544813177898452,4.20003,4.193747,4.1954821041666674,1.708583451038297,939.2594999999274,96,4.199995,4.193755,-0.00624,939.2594999999274,96,0.9891667860155356,710.0,2.3740002864372856
61,2.392964915350949e-06,1.3544813177898452,4.20003,4.193747,4.1954821041666674,1.708583451038297,939.2594999999274,96,4.199995,4.193755,-0.00624,939.2594999999274,96,0.9891667860155356,709.0,2.3740002864372856
62,2.4185848276316576e-06,1.359755285729174,4.200011,4.193697,4.1954516875,1.708241364913389,936.8569999998437,96,4.199989,4.193697,-0.0062920000000001,936.8569999998437,96,0.9892774683329474,708.0,2.3742659239990735
63,2.3996245192983093e-06,1.3574688450813144,4.200016,4.193729,4.195468666666667,1.6979267347362872,939.1611999999732,96,4.199991,4.193729,-0.0062619999999995,939.1611999999732,96,0.988909976349728,707.0,2.373383943239347
64,2.4016271893640627e-06,1.367744423248933,4.200014,4.193717,4.195456677083333,1.7504317576894723,934.4022000001278,96,4.20001,4.193717,-0.0062929999999994,934.4022000001278,96,0.9884554361231488,706.0,2.3722930466955567
65,2.5816560191151156e-06,1.3552100388776105,4.200015,4.19371,4.195516958762886,1.5366962933486064,943.1541000001598,97,4.200015,4.19371,-0.0063049999999993,943.1541000001598,97,0.9881859769545884,705.0,2.3716463446910123
66,2.5816560191151156e-06,1.3552100388776105,4.200015,4.19371,4.195516958762886,1.5366962933486064,943.1541000001598,97,4.200015,4.19371,-0.0063049999999993,943.1541000001598,97,0.9881859769545884,704.0,2.3716463446910123
67,2.579305989690739e-06,1.3474111741830015,4.200015,4.193726,4.195520226804124,1.519977570838552,941.2053000000304,97,4.200015,4.193726,-0.0062889999999997,941.2053000000304,97,0.9882399189192114,703.0,2.371775805406107
68,2.405056852521977e-06,1.359447855141819,4.200029,4.193734,4.195466010416666,1.7159813688395782,932.3288999998476,96,4.200029,4.193742,-0.0062869999999994,932.3288999998476,96,0.9879018468058636,702.0,2.370964432334073
69,2.3731614893640157e-06,1.3601015311776372,4.200007,4.193766,4.195479760416666,1.7192556866723885,932.120599999791,96,4.199993,4.193766,-0.0062269999999999,932.120599999791,96,0.9873724509774608,701.0,2.369693882345906
70,2.3877687368420595e-06,1.3640125691637592,4.200025,4.193748,4.195476,1.734111994013635,935.4140000001062,96,4.199997,4.193748,-0.0062489999999995,935.4140000001062,96,0.9870853816711678,700.0,2.3690049160108027
71,2.3877687368420595e-06,1.3640125691637592,4.200025,4.193748,4.195476,1.734111994013635,935.4140000001062,96,4.199997,4.193748,-0.0062489999999995,935.4140000001062,96,0.9870853816711678,699.0,2.3690049160108027
72,2.398283215679871e-06,1.3547033107073725,4.20002,4.19369,4.1954644270833334,1.7089132009194663,935.65419999999,96,4.199999,4.19369,-0.0063089999999998,935.65419999999,96,0.9871464240621493,698.0,2.369151417749158
73,2.3999384614035097e-06,1.352949290380846,4.200025,4.193742,4.195473458333333,1.6900158253746995,934.840999999782,96,4.200025,4.193748,-0.0062769999999998,934.840999999782,96,0.9868043899899124,697.0,2.36833053597579
74,2.361431505153598e-06,1.3669294059896897,4.2,4.193753,4.195487322916667,1.74119448060778,939.3867999999784,96,4.199998,4.193757,-0.0062410000000001,939.3867999999784,96,0.9863746429408884,696.0,2.367299143058132
75,2.3666325258771277e-06,1.3586253994260358,4.200005,4.193716,4.195486145833333,1.7131991025661055,938.8570000000764,96,4.200004,4.193719,-0.006285,938.8570000000764,96,0.9860201838319428,695.0,2.366448441196663
76,2.3666325258771277e-06,1.3586253994260358,4.200005,4.193716,4.195486145833333,1.7131991025661055,938.8570000000764,96,4.200004,4.193719,-0.006285,938.8570000000764,96,0.9860201838319428,694.0,2.366448441196663
77,2.601355833977627e-06,1.346839182225788,4.200021,4.193715,4.19551175257732,1.5063958120432992,943.8614000000524,97,4.200013,4.193715,-0.0062980000000001,943.8614000000524,97,0.9861951001029178,693.0,2.3668682402470025
78,2.5500529574741617e-06,1.3499792843690022,4.20002,4.193747,4.195544288659794,1.523268009479167,942.8582000001334,97,4.199998,4.193747,-0.0062509999999997,942.8582000001334,97,0.9858117078387908,692.0,2.365948098813098
79,2.350688252522029e-06,1.3695978753971687,4.200012,4.193794,4.195499489583333,1.7395825849024162,938.813300000038,96,4.199976,4.193796,-0.0061800000000005,938.813300000038,96,0.9853622649642144,691.0,2.3648694359141142
80,2.3647919223682932e-06,1.3722501802720788,4.200015,4.19376,4.1954873125,1.761903038585278,935.6517000000458,96,4.200001,4.19376,-0.0062410000000001,935.6517000000458,96,0.9850403528737876,690.0,2.36409684689709
81,2.3647919223682932e-06,1.3722501802720788,4.200015,4.19376,4.1954873125,1.761903038585278,935.6517000000458,96,4.200001,4.19376,-0.0062410000000001,935.6517000000458,96,0.9850403528737876,689.0,2.36409684689709
82,2.3839929995614178e-06,1.3640546139782734,4.200003,4.193727,4.195467729166666,1.7334624263042229,930.4902999999468,96,4.200003,4.193727,-0.0062759999999997,930.4902999999468,96,0.9853034256646036,688.0,2.364728221595049
83,2.359891196052553e-06,1.375582920438891,4.200021,4.193764,4.1954880625,1.7639279431731585,939.2402999999468,96,4.200021,4.193764,-0.0062569999999997,939.2402999999468,96,0.9848937383670848,687.0,2.363744972081004
84,2.372759291118574e-06,1.3727367070462215,4.200023,4.193758,4.19548884375,1.7489393001948623,934.1489999999758,96,4.200023,4.193758,-0.0062649999999999,934.1489999999758,96,0.9844067145405868,686.0,2.3625761148974083
85,2.5496806269330675e-06,1.3549646107713398,4.200013,4.193757,4.195537474226804,1.536980276982065,941.9481999999844,97,4.200006,4.193757,-0.0062490000000003,941.9481999999844,97,0.9841353030853048,685.0,2.3619247274047313
86,2.5496806269330675e-06,1.3549646107713398,4.200013,4.193757,4.195537474226804,1.536980276982065,941.9481999999844,97,4.200006,4.193757,-0.0062490000000003,941.9481999999844,97,0.9841353030853048,684.0,2.3619247274047313
87,2.385075875329037e-06,1.360194871020936,4.200007,4.193717,4.19547309375,1.729448525229405,933.4761999999172,96,4.200004,4.193717,-0.0062869999999994,933.4761999999172,96,0.9843537147841248,683.0,2.3624489154818993
88,2.5450422394758333e-06,1.3588893683251153,4.20001,4.193743,4.195528989690722,1.5569529903554415,941.9671000000088,97,4.2,4.193746,-0.0062540000000002,941.9671000000088,97,0.9839246676349496,682.0,2.361419202323879
89,2.349968392385122e-06,1.371333395624172,4.20001,4.193778,4.1955057263157896,1.742276501470315,937.8642999997828,95,4.199992,4.193778,-0.0062139999999999,937.8642999997828,95,0.9834985099186756,681.0,2.360396423804821
90,2.377717589035177e-06,1.3716922358735633,4.200027,4.193733,4.195480395833333,1.7634837800117622,938.3123000001068,96,4.200019,4.193733,-0.0062860000000002,938.3123000001068,96,0.9832477247946236,680.0,2.3597945395070963
91,2.377717589035177e-06,1.3716922358735633,4.200027,4.193733,4.195480395833333,1.7634837800117622,938.3123000001068,96,4.200019,4.193733,-0.0062860000000002,938.3123000001068,96,0.9832477247946236,679.0,2.3597945395070963
92,2.3712278858552412e-06,1.3701146847066743,4.200005,4.193742,4.19547259375,1.7537054747715,932.8353999999816,96,4.199997,4.193753,-0.0062439999999996,932.8353999999816,96,0.9833035417737352,678.0,2.3599285002569643
93,2.5587160433849553e-06,1.3567886396119426,4.200004,4.193756,4.195523907216495,1.543599615587007,940.6262999998872,97,4.199974,4.193761,-0.0062129999999998,940.6262999998872,97,0.9828843941614994,677.0,2.3589225459875984
94,2.3647272419956974e-06,1.3733545111157537,4.200006,4.193734,4.195473510416666,1.7706068002715454,935.9228000000584,96,4.200001,4.193734,-0.0062670000000002,935.9228000000584,96,0.9825781972107138,676.0,2.358187673305713
95,2.3525874416666977e-06,1.376178245806578,4.200031,4.193753,4.195491770833333,1.766307730355774,935.0800000000744,96,4.20001,4.193753,-0.0062569999999997,935.0800000000744,96,0.9823388854502656,675.0,2.3576133250806377
96,2.3525874416666977e-06,1.376178245806578,4.200031,4.193753,4.195491770833333,1.766307730355774,935.0800000000744,96,4.20001,4.193753,-0.0062569999999997,935.0800000000744,96,0.9823388854502656,674.0,2.3576133250806377
97,2.367021205263231e-06,1.3756146672781115,4.200013,4.193776,4.195476125,1.7723095185337328,936.0540000000036,96,4.199993,4.193776,-0.0062170000000003,936.0540000000036,96,0.9823982041119088,673.0,2.357755689868581
98,2.5238943172251584e-06,1.3696018986540808,4.200011,4.193809,4.195540216494845,1.5900874474210345,947.1648999999744,97,4.199967,4.193809,-0.0061580000000001,947.1648999999744,97,0.9820513031227271,672.0,2.3569231274945452
99,2.343895360416597e-06,1.380385945466433,4.200019,4.193795,4.195498197916667,1.7871815929225252,933.4682999998332,96,4.200018,4.193798,-0.0062199999999998,933.4682999998332,96,0.9817065423327532,671.0,2.356095701598608
100,2.5515779617697207e-06,1.3615825855373884,4.200021,4.193768,4.195523701030928,1.5631928464496396,941.2765999999827,97,4.200006,4.193789,-0.0062170000000003,941.2765999999827,97,0.9813234558444972,670.0,2.355176294026793
101,2.5515779617697207e-06,1.3615825855373884,4.200021,4.193768,4.195523701030928,1.5631928464496396,941.2765999999827,97,4.200006,4.193789,-0.0062170000000003,941.2765999999827,97,0.9813234558444972,669.0,2.355176294026793
102,2.3656223183114008e-06,1.3791588295101689,4.200002,4.193773,4.1954686979166675,1.773854801926802,936.810800000094,96,4.200002,4.193783,-0.0062189999999997,936.810800000094,96,0.981507408096862,668.0,2.3556177794324684
103,2.5172391327320083e-06,1.3669360893581428,4.199997,4.193769,4.195545948453608,1.580920345753499,940.9731000000612,97,4.199984,4.193769,-0.006215,940.9731000000612,97,0.981136747763346,667.0,2.35472819463203
104,2.3762070877193705e-06,1.38029583822973,4.200016,4.193727,4.195466166666667,1.7990880006142729,934.7268000000622,96,4.200004,4.193727,-0.0062769999999998,934.7268000000622,96,0.9806996036222372,666.0,2.353679048693369
105,2.3479991919956084e-06,1.3753853468840351,4.200016,4.193755,4.195487864583334,1.7784961001724366,938.4313000000548,96,4.199991,4.193755,-0.0062359999999994,938.4313000000548,96,0.9804506312242508,665.0,2.353081514938202
106,2.3479991919956084e-06,1.3753853468840351,4.200016,4.193755,4.195487864583334,1.7784961001724366,938.4313000000548,96,4.199991,4.193755,-0.0062359999999994,938.4313000000548,96,0.9804506312242508,664.0,2.353081514938202
107,2.53670947981101e-06,1.3794723876152564,4.200017,4.193791,4.19552775257732,1.6229606271039994,940.9980000001378,97,4.199993,4.193803,-0.0061900000000001,940.9980000001378,97,0.9806273116175468,663.0,2.353505547882112
108,2.342799810416734e-06,1.384179419120964,4.200018,4.193789,4.195496489583333,1.7963757664120965,938.1691000000574,96,4.200007,4.193789,-0.0062180000000005,938.1691000000574,96,0.9803494455651908,662.0,2.3528386693564576
109,2.3363407884868823e-06,1.3876032535821936,4.199995,4.193781,4.19548603125,1.8056945365004096,931.4205999998376,96,4.199994,4.193806,-0.0061879999999998,931.4205999998376,96,0.9799846733310912,661.0,2.3519632159946187
110,2.3281769287795254e-06,1.3881100574277956,4.200016,4.19383,4.1955205684210535,1.7959311430474745,934.5202000001444,95,4.200016,4.19383,-0.0061859999999995,934.5202000001444,95,0.9795951412707348,660.0,2.3510283390497633
111,2.3281769287795254e-06,1.3881100574277956,4.200016,4.19383,4.1955205684210535,1.7959311430474745,934.5202000001444,95,4.200016,4.19383,-0.0061859999999995,934.5202000001444,95,0.9795951412707348,659.0,2.3510283390497633
112,2.3403118051535474e-06,1.389427366191119,4.200013,4.193806,4.195485427083334,1.8178067225265184,935.6284999998752,96,4.200013,4.193806,-0.0062069999999998,935.6284999998752,96,0.9796895434039576,658.0,2.3512549041694983
113,2.333860620943137e-06,1.3814027985892992,4.200025,4.193768,4.195508322916667,1.8007088139679437,939.1768000000156,96,4.200025,4.193774,-0.0062509999999997,939.1768000000156,96,0.9791267129134426,657.0,2.349904110992262
114,2.5303871477664183e-06,1.3800046162653956,4.200026,4.193778,4.195534525773196,1.6193187674664018,941.503000000026,97,4.200004,4.193778,-0.0062259999999998,941.503000000026,97,0.9787897813108608,656.0,2.349095475146066
115,2.3552167262061105e-06,1.394549792206767,4.200022,4.193782,4.195477322916666,1.8437062384997511,935.6001999999862,96,4.200008,4.193797,-0.0062110000000004,935.6001999999862,96,0.9783586071287635,655.0,2.3480606571090323
116,2.3552167262061105e-06,1.394549792206767,4.200022,4.193782,4.195477322916666,1.8437062384997511,935.6001999999862,96,4.200008,4.193797,-0.0062110000000004,935.6001999999862,96,0.9783586071287635,654.0,2.3480606571090323
117,2.3462011779604375e-06,1.3849885660820511,4.200017,4.193762,4.19548446875,1.799038317082648,933.3904000001494,96,4.19998,4.193762,-0.0062179999999996,933.3904000001494,96,0.978770448247839,653.0,2.3490490757948135
118,2.3364252837718453e-06,1.3891312374562472,4.20002,4.193768,4.195486020833333,1.8138878971404293,936.0978999999352,96,4.20002,4.193772,-0.0062480000000002,936.0978999999352,96,0.9781756004230154,652.0,2.347621441015237
119,2.530486655927775e-06,1.3813099563886762,4.200003,4.193776,4.195523896907217,1.6269661480215878,941.1381000000983,97,4.200003,4.193776,-0.0062269999999999,941.1381000000983,97,0.9778571338701552,651.0,2.3468571212883726
120,2.3315112340425117e-06,1.3945046248317168,4.200002,4.193804,4.1955,1.8336167203170315,938.999499999918,95,4.199995,4.193826,-0.0061690000000007,938.999499999918,95,0.9774515293132248,650.0,2.345883670351739
121,2.3315112340425117e-06,1.3945046248317168,4.200002,4.193804,4.1955,1.8336167203170315,938.999499999918,95,4.199995,4.193826,-0.0061690000000007,938.999499999918,95,0.9774515293132248,649.0,2.345883670351739
122,2.527842460910743e-06,1.383920342127218,4.200002,4.193767,4.195523494845361,1.645821548719978,942.440600000322,97,4.2,4.193769,-0.0062310000000005,942.440600000322,97,0.9778161311286224,648.0,2.3467587147086935
123,2.3379804100875995e-06,1.398742724580256,4.200018,4.193785,4.195479770833334,1.852900946668541,936.9360999995844,96,4.199996,4.193785,-0.0062109999999995,936.9360999995844,96,0.977392866069438,647.0,2.345742878566651
124,2.532004001288621e-06,1.3885497745699509,4.200019,4.193766,4.1955195360824735,1.6473002701748354,944.0343999997712,97,4.199993,4.193766,-0.0062269999999999,944.0343999997712,97,0.976914667469698,646.0,2.344595201927275
125,2.540134322809388e-06,1.3826891255068468,4.20001,4.193765,4.195519989690721,1.629547004897446,940.4326000004075,97,4.199987,4.193773,-0.0062139999999999,940.4326000004075,97,0.9766525147051136,645.0,2.343966035292272
126,2.540134322809388e-06,1.3826891255068468,4.20001,4.193765,4.195519989690721,1.629547004897446,940.4326000004075,97,4.199987,4.193773,-0.0062139999999999,940.4326000004075,97,0.9766525147051136,644.0,2.343966035292272
127,2.360535436732422e-06,1.3955920030042386,4.200018,4.193759,4.195464260416666,1.8330778151330176,938.2210999997332,96,4.199976,4.193765,-0.0062110000000004,938.2210999997332,96,0.976897321545286,643.0,2.344553571708686
128,2.5163169147337818e-06,1.387773011105917,4.20003,4.193787,4.195539567010309,1.6441273496405056,940.7035999996588,97,4.200006,4.193789,-0.0062170000000003,940.7035999996588,97,0.9766314329020164,642.0,2.3439154389648396
129,2.33737086304825e-06,1.3966122188029806,4.200006,4.193755,4.195479177083333,1.8431623944077056,939.2788000004366,96,4.199993,4.193755,-0.0062379999999997,939.2788000004366,96,0.9763239443807586,641.0,2.3431774665138208
130,2.3487513995613675e-06,1.3959980888443273,4.200012,4.193766,4.195472604166667,1.8407591041509783,930.9846999999136,96,4.200012,4.193776,-0.0062360000000003,930.9846999999136,96,0.9760535149465892,640.0,2.3425284358718144
131,2.3487513995613675e-06,1.3959980888443273,4.200012,4.193766,4.195472604166667,1.8407591041509783,930.9846999999136,96,4.200012,4.193776,-0.0062360000000003,930.9846999999136,96,0.9760535149465892,639.0,2.3425284358718144
132,2.3453394490131016e-06,1.405673742335203,4.200016,4.193762,4.1954723437500006,1.8728094845992185,933.94420000026,96,4.200009,4.193762,-0.0062469999999992,933.94420000026,96,0.9762926660586984,638.0,2.3431023985408763
133,2.532999285008669e-06,1.3882053645926524,4.200038,4.193789,4.195527835051546,1.6557047086580714,942.4309000000358,97,4.200019,4.193806,-0.0062129999999998,942.4309000000358,97,0.975854000896594,637.0,2.3420496021518256
134,2.511629312500013e-06,1.388625482798753,4.20002,4.193761,4.195541,1.6636595976169262,948.591099999845,97,4.200012,4.193761,-0.0062509999999997,948.591099999845,97,0.9754944589034564,636.0,2.341186701368295
135,2.5093911761169e-06,1.3919046821344734,4.200019,4.193808,4.195538969072165,1.6645646666618812,941.7051999997348,97,4.199996,4.193808,-0.0061879999999998,941.7051999997348,97,0.9751978854456068,635.0,2.3404749250694565
136,2.5093911761169e-06,1.3919046821344734,4.200019,4.193808,4.195538969072165,1.6645646666618812,941.7051999997348,97,4.199996,4.193808,-0.0061879999999998,941.7051999997348,97,0.9751978854456068,634.0,2.3404749250694565
137,2.3728358087719844e-06,1.4034030457588662,4.20003,4.193767,4.195452208333333,1.8751921466159855,934.5120000001044,96,4.20003,4.193768,-0.0062619999999995,934.5120000001044,96,0.9753685938604648,633.0,2.340884625265115
138,2.3361616384867667e-06,1.4034287244118144,4.200009,4.193761,4.19547365625,1.8804491940904655,935.3058000002056,96,4.200004,4.193761,-0.0062429999999995,935.3058000002056,96,0.9750057300201788,632.0,2.3400137520484288
139,2.3239896262062067e-06,1.3999910315333983,4.200014,4.193769,4.195484072916667,1.856930758998811,937.7803000002168,96,4.200004,4.193769,-0.0062350000000002,937.7803000002168,96,0.9746473024886144,631.0,2.3391535259726743
140,2.4914194269759327e-06,1.402549103634864,4.200017,4.193801,4.195544010309278,1.7043966422452876,940.1691999998876,97,4.199997,4.193801,-0.006196,940.1691999998876,97,0.9743278032245812,630.0,2.338386727738995
141,2.4914194269759327e-06,1.402549103634864,4.200017,4.193801,4.195544010309278,1.7043966422452876,940.1691999998876,97,4.199997,4.193801,-0.006196,940.1691999998876,97,0.9743278032245812,629.0,2.338386727738995
142,2.3543031631578567e-06,1.397617163531541,4.200022,4.193766,4.195462375,1.8541630517645105,936.0834000003524,96,4.199986,4.193766,-0.0062199999999998,936.0834000003524,96,0.9746393588746338,628.0,2.339134461299121
143,2.3650252288377705e-06,1.3970844477378013,4.20001,4.193728,4.195448947916667,1.863906143064456,938.2867999998851,96,4.199993,4.193728,-0.0062649999999999,938.2867999998851,96,0.9741858690772708,627.0,2.33804608578545
144,2.5173200259878582e-06,1.3959171678988735,4.200019,4.193781,4.195525927835051,1.683602189461952,941.254800000228,97,4.200004,4.193781,-0.0062229999999994,941.254800000228,97,0.9738337930300824,626.0,2.3372011032721978
145,2.48949880427619e-06,1.4022213006046922,4.200009,4.193804,4.19555378125,1.6860061464061815,941.9588000001386,96,4.200009,4.193804,-0.0062049999999995,941.9588000001386,96,0.973588990688593,625.0,2.336613577652623
146,2.48949880427619e-06,1.4022213006046922,4.200009,4.193804,4.19555378125,1.6860061464061815,941.9588000001386,96,4.200009,4.193804,-0.0062049999999995,941.9588000001386,96,0.973588990688593,624.0,2.336613577652623
147,2.5434521389603957e-06,1.391893235926932,4.200019,4.193759,4.195509917525773,1.6652819616067087,942.8934999997728,97,4.199993,4.19377,-0.0062230000000003,942.8934999997728,97,0.973850684867636,623.0,2.3372416436823262
148,2.3547914171052794e-06,1.4052925476104574,4.200012,4.193755,4.1954541875,1.872115396817049,932.8500000000932,96,4.199983,4.193755,-0.0062279999999992,932.8500000000932,96,0.9733212605242758,622.0,2.335971025258262
149,2.32026626217102e-06,1.412930921549322,4.200009,4.19379,4.19547696875,1.9021967902218957,938.4720999998972,96,4.200009,4.193795,-0.0062139999999999,938.4720999998972,96,0.9730530643602704,621.0,2.3353273544646487
150,2.5022793048245735e-06,1.4067716873540568,4.200013,4.193811,4.195541979166666,1.7091025251695595,941.188500000164,96,4.200013,4.193816,-0.0061970000000002,941.188500000164,96,0.9727774047004134,620.0,2.334665771280992
151,2.5022793048245735e-06,1.4067716873540568,4.200013,4.193811,4.195541979166666,1.7091025251695595,941.188500000164,96,4.200013,4.193816,-0.0061970000000002,941.188500000164,96,0.9727774047004134,619.0,2.334665771280992
152,2.3557515148025943e-06,1.3973887999581511,4.200005,4.193727,4.1954614687500005,1.8544227138422549,931.5438999999316,96,4.199991,4.193732,-0.006259,931.5438999999316,96,0.97321416056944,618.0,2.335713985366656
153,2.174170186562109e-06,1.4105457399041694,4.200014,4.19374,4.195391347368421,2.0812142932623794,922.7615000000224,95,4.20001,4.193747,-0.0062629999999996,922.7615000000224,95,0.9726022571792206,617.0,2.3342454172301292
154,2.519809380798925e-06,1.4043942100730264,4.200012,4.193792,4.19551674226804,1.69762518951902,944.746999999974,97,4.200012,4.193792,-0.0062199999999998,944.746999999974,97,0.9722215407357592,616.0,2.333331697765822
155,2.363050262719281e-06,1.4173080590441176,4.200028,4.193746,4.195450395833333,1.9041164398091064,939.7994000003672,96,4.200028,4.193747,-0.0062809999999995,939.7994000003672,96,0.9718260472147632,615.0,2.332382513315431
156,2.363050262719281e-06,1.4173080590441176,4.200028,4.193746,4.195450395833333,1.9041164398091064,939.7994000003672,96,4.200028,4.193747,-0.0062809999999995,939.7994000003672,96,0.9718260472147632,614.0,2.332382513315431
157,2.370362987719343e-06,1.3943236099455578,4.200024,4.193732,4.195448541666667,1.8467459998298472,939.6129999998956,96,4.199995,4.193737,-0.0062580000000007,939.6129999998956,96,0.9721390512321636,613.0,2.3331337229571925
158,2.1497141888017905e-06,1.404427476204092,4.200022,4.193759,4.195412494736842,2.067604116576137,928.2238999996334,95,4.200008,4.193759,-0.0062490000000003,928.2238999996334,95,0.971745509890837,612.0,2.3321892237380086
159,2.5134711350944037e-06,1.409678128655171,4.200008,4.193787,4.195512896907217,1.7301780666788766,944.3950000000186,97,4.200008,4.193787,-0.006221,944.3950000000186,97,0.9713567691964728,611.0,2.3312562460715345
160,2.3380771749999276e-06,1.421214960579384,4.200028,4.193778,4.1954609375,1.9320162759447543,939.3924000002444,96,4.199999,4.193778,-0.006221,939.3924000002444,96,0.9710775085111768,610.0,2.330586020426824
161,2.3380771749999276e-06,1.421214960579384,4.200028,4.193778,4.1954609375,1.9320162759447543,939.3924000002444,96,4.199999,4.193778,-0.006221,939.3924000002444,96,0.9710775085111768,609.0,2.330586020426824
162,2.1698506445688532e-06,1.4022573620365562,4.200014,4.193715,4.195388610526315,2.0566775665299306,925.433299999684,95,4.199978,4.193715,-0.0062629999999996,925.433299999684,95,0.9712211202770428,608.0,2.3309306886649024
163,2.527905431578972e-06,1.4067595765695011,4.200023,4.193775,4.195521,1.7139861454454208,940.8399000000207,96,4.200019,4.193783,-0.0062360000000003,940.8399000000207,96,0.9709019103485016,607.0,2.330164584836404
164,2.341962426315815e-06,1.414837231001129,4.200014,4.193759,4.195460375000001,1.9061904950977728,937.973300000187,96,4.199991,4.193766,-0.0062249999999997,937.973300000187,96,0.9705442561101808,606.0,2.3293062146644337
165,2.3419470100784213e-06,1.4048221624934811,4.2,4.193776,4.1954718947368415,1.8715836645008592,934.238399999682,95,4.199989,4.193776,-0.0062130000000006,934.238399999682,95,0.9701986877146704,605.0,2.328476850515209
166,2.3419470100784213e-06,1.4048221624934811,4.2,4.193776,4.1954718947368415,1.8715836645008592,934.238399999682,95,4.199989,4.193776,-0.0062130000000006,934.238399999682,95,0.9701986877146704,604.0,2.328476850515209
167,2.536703792526024e-06,1.3989693872717983,4.200007,4.193736,4.195501350515464,1.699348730282654,940.5653999997304,97,4.200005,4.193738,-0.0062670000000002,940.5653999997304,97,0.970477491835692,603.0,2.3291459804056607
168,2.4989129426546396e-06,1.4059233489828435,4.200019,4.193789,4.195528072164948,1.7095175344681297,940.6811000001616,97,4.200007,4.193789,-0.0062180000000005,940.6811000001616,97,0.97014715573358,602.0,2.328353173760592
169,2.3380846367324453e-06,1.4188317715027128,4.200013,4.19379,4.195464072916667,1.9188248983772265,934.8577000000514,96,4.199997,4.19379,-0.0062069999999998,934.8577000000514,96,0.9697418215832548,601.0,2.3273803717998116
170,2.5128387106958557e-06,1.406625402890184,4.200023,4.193764,4.195522515463917,1.720955577588669,941.533100000117,97,4.200002,4.193767,-0.0062349999999993,941.533100000117,97,0.9694350463841206,600.0,2.3266441113218894
171,2.5128387106958557e-06,1.406625402890184,4.200023,4.193764,4.195522515463917,1.720955577588669,941.533100000117,97,4.200002,4.193767,-0.0062349999999993,941.533100000117,97,0.9694350463841206,599.0,2.3266441113218894
172,2.3543741569077984e-06,1.4091942011579053,4.20001,4.193769,4.19545496875,1.8853809532939976,939.7741000000389,96,4.199985,4.193769,-0.0062160000000002,939.7741000000389,96,0.96965492588202,598.0,2.327171822116848
173,2.3230886016448588e-06,1.4170641820457626,4.200005,4.193789,4.19547240625,1.9194727897800663,930.498399999924,96,4.199988,4.193802,-0.0061860000000004,930.498399999924,96,0.9693231619808274,597.0,2.3263755887539856
174,2.504641939218077e-06,1.397393832644953,4.200011,4.193821,4.195536092783504,1.680453316160159,943.0194000001064,97,4.200011,4.193837,-0.0061739999999996,943.0194000001064,97,0.9689479936614565,596.0,2.325475184787495
175,2.507543728951892e-06,1.4013334454045194,4.200005,4.193795,4.195523855670103,1.7054341908983282,945.7334000002592,97,4.2,4.193795,-0.0062050000000004,945.7334000002592,97,0.9686146756024484,595.0,2.324675221445876
176,2.507543728951892e-06,1.4013334454045194,4.200005,4.193795,4.195523855670103,1.7054341908983282,945.7334000002592,97,4.2,4.193795,-0.0062050000000004,945.7334000002592,97,0.9686146756024484,594.0,2.324675221445876
177,2.3467254577850084e-06,1.4052632163535446,4.200017,4.193746,4.195463927083334,1.8775606580880295,938.4344000001438,96,4.199984,4.193748,-0.0062359999999994,938.4344000001438,96,0.9689647196977148,593.0,2.3255153272745157
178,2.5071382789474163e-06,1.405611541231134,4.200016,4.193806,4.1955431249999995,1.7119108236387244,946.3865999998524,96,4.20001,4.193812,-0.0061979999999994,946.3865999998524,96,0.9686309048248576,592.0,2.3247141715796578
179,2.3215534183115033e-06,1.4228802986138187,4.200006,4.193795,4.195475385416667,1.9217300306611231,935.0737999998964,96,4.199994,4.193816,-0.0061780000000002,935.0737999998964,96,0.9682351693273114,591.0,2.323764406385547
180,2.3190921469298516e-06,1.4149648352058732,4.200017,4.193775,4.195475020833333,1.9193639638890976,939.310699999798,96,4.200017,4.193777,-0.00624,939.310699999798,96,0.967891291677992,590.0,2.322939100027181
181,2.3190921469298516e-06,1.4149648352058732,4.200017,4.193775,4.195475020833333,1.9193639638890976,939.310699999798,96,4.200017,4.193777,-0.00624,939.310699999798,96,0.967891291677992,589.0,2.322939100027181
182,2.3429558437498663e-06,1.4118548070062686,4.200006,4.193748,4.19545659375,1.913599561466309,934.8314000000246,96,4.199997,4.193748,-0.0062489999999995,934.8314000000246,96,0.9681756605374424,588.0,2.323621585289862
183,2.3374837364035e-06,1.4273343221238175,4.200021,4.19374,4.195455229166667,1.965291393325464,935.118799999822,96,4.2,4.19374,-0.0062600000000001,935.118799999822,96,0.9678308090952786,587.0,2.3227939418286687
184,2.5019601045962007e-06,1.4169867730933254,4.20002,4.193798,4.195525546391752,1.7450181241714602,943.626699999906,97,4.200006,4.19382,-0.0061860000000004,943.626699999906,97,0.9675074482044764,586.0,2.3220178756907437
185,2.492777847508539e-06,1.424848556360609,4.200019,4.193818,4.195523835051547,1.766304394949599,942.5756999999284,97,4.199997,4.193818,-0.0061789999999994,942.5756999999284,97,0.9671880699882272,585.0,2.3212513679717452
186,2.492777847508539e-06,1.424848556360609,4.200019,4.193818,4.195523835051547,1.766304394949599,942.5756999999284,97,4.199997,4.193818,-0.0061789999999994,942.5756999999284,97,0.9671880699882272,584.0,2.3212513679717452
187,2.5497977897335573e-06,1.4001422903100589,4.200008,4.193743,4.19548643298969,1.6930271677623758,946.0712999999524,97,4.199996,4.193745,-0.0062509999999997,946.0712999999524,97,0.9673634732414051,583.0,2.3216723357793723
188,2.332023357456256e-06,1.4231317301847566,4.200023,4.193757,4.195461229166667,1.9398512917918336,935.3113000001758,96,4.199997,4.193757,-0.00624,935.3113000001758,96,0.9671200309429836,582.0,2.321088074263161
189,2.332957298245502e-06,1.427064879460061,4.20001,4.193769,4.195456583333333,1.9609251115533832,938.4890999998896,96,4.20001,4.193774,-0.0062359999999994,938.4890999998896,96,0.966701082364826,581.0,2.3200825976755826
190,2.5105488021907405e-06,1.4179631879602228,4.200007,4.193777,4.195508226804124,1.7565145128323183,944.8437999999152,97,4.200006,4.193778,-0.0062280000000001,944.8437999999152,97,0.966306690372692,580.0,2.319136056894461
191,2.5105488021907405e-06,1.4179631879602228,4.200007,4.193777,4.195508226804124,1.7565145128323183,944.8437999999152,97,4.200006,4.193778,-0.0062280000000001,944.8437999999152,97,0.966306690372692,579.0,2.319136056894461
192,2.5334705679825498e-06,1.40455087567672,4.200015,4.193756,4.195516479166667,1.710550078595674,949.3368999999948,96,4.200007,4.193757,-0.0062500000000005,949.3368999999948,96,0.9665580147441484,578.0,2.319739235385956
193,2.341104715350988e-06,1.4241450361386976,4.200014,4.193748,4.195447854166667,1.9558261742552037,937.9777000001632,96,4.199996,4.193756,-0.00624,937.9777000001632,96,0.9662759685439912,577.0,2.319062324505579
194,2.3280759421052527e-06,1.4361361937342958,4.200012,4.193755,4.195454125,1.9899345446562344,938.8930999999866,96,4.200011,4.193755,-0.0062559999999995,938.8930999999866,96,0.96589104790669,576.0,2.3181385149760563
195,2.5326858219501592e-06,1.4097528371184629,4.200023,4.193762,4.195503969072164,1.726561421982805,940.2669999999924,97,4.200005,4.193768,-0.0062369999999996,940.2669999999924,97,0.9655375295835378,575.0,2.3172900710004907
196,2.5326858219501592e-06,1.4097528371184629,4.200023,4.193762,4.195503969072164,1.726561421982805,940.2669999999924,97,4.200005,4.193768,-0.0062369999999996,940.2669999999924,97,0.9655375295835378,574.0,2.3172900710004907
197,2.557744798539438e-06,1.4083779744425822,4.20001,4.193716,4.19547818556701,1.7239955680701216,944.1543000000528,97,4.19999,4.193716,-0.0062739999999994,944.1543000000528,97,0.9658404461320896,573.0,2.318017070717015
198,2.3501187509517167e-06,1.418972577447558,4.200021,4.193726,4.1954578105263165,1.923845365361227,934.8426000000908,95,4.200021,4.193726,-0.0062949999999997,934.8426000000908,95,0.965457476059674,572.0,2.3170979425432177
199,2.1490341982384367e-06,1.425200711836089,4.200024,4.193734,4.195407606382979,2.1333615519404847,929.1420999998228,94,4.200006,4.193734,-0.006272,929.1420999998228,94,0.9651119209416398,571.0,2.3162686102599355
200,2.5232680006443236e-06,1.4113232700036258,4.200004,4.19376,4.19549524742268,1.7336788859477958,941.5989999999292,97,4.199995,4.19376,-0.0062350000000002,941.5989999999292,97,0.96476890948427,570.0,2.3154453827622477
201,2.5232680006443236e-06,1.4113232700036258,4.200004,4.19376,4.19549524742268,1.7336788859477958,941.5989999999292,97,4.199995,4.19376,-0.0062350000000002,941.5989999999292,97,0.96476890948427,569.0,2.3154453827622477
202,2.1805466141097327e-06,1.4049997140198256,4.200016,4.193734,4.195373484210526,2.064348352556268,922.470100000035,95,4.199996,4.193736,-0.0062599999999992,922.470100000035,95,0.9650686073604446,568.0,2.316164657665067
203,2.5452551664518982e-06,1.419951149543945,4.20002,4.193748,4.195482144329897,1.7605268278358577,940.6453999998048,97,4.199999,4.193748,-0.0062509999999997,940.6453999998048,97,0.9647366744815864,567.0,2.315368018755807
204,2.1834819713326102e-06,1.4192497427469006,4.199999,4.193695,4.195348431578948,2.138316147191056,922.5410000002012,95,4.199998,4.193695,-0.0063029999999999,922.5410000002012,95,0.9642371858428208,566.0,2.31416924602277
205,2.5514520410222715e-06,1.4107378919110458,4.200009,4.193721,4.195469443298968,1.7304299080866543,945.7992000002414,97,4.200002,4.193721,-0.0062809999999995,945.7992000002414,97,0.9639542052511316,565.0,2.313490092602716
206,2.5514520410222715e-06,1.4107378919110458,4.200009,4.193721,4.195469443298968,1.7304299080866543,945.7992000002414,97,4.200002,4.193721,-0.0062809999999995,945.7992000002414,97,0.9639542052511316,564.0,2.313490092602716
207,2.376406810087656e-06,1.4226110714755045,4.200011,4.193728,4.195414895833333,1.937310857452657,937.6868000002578,96,4.199996,4.193735,-0.0062609999999994,937.6868000002578,96,0.9642693099606968,563.0,2.314246343905672
208,2.1857047446807764e-06,1.4246739189727538,4.20001,4.193651,4.195344,2.144799169329849,929.9287000000476,95,4.20001,4.193651,-0.0063589999999997,929.9287000000476,95,0.9639763308206882,562.0,2.3135431939696516
209,2.3398884893640746e-06,1.432063413134374,4.200014,4.193759,4.195444260416667,1.9774253847579757,937.6694000000134,96,4.200014,4.193802,-0.0062120000000005,937.6694000000134,96,0.9636021354635936,561.0,2.3126451251126245
210,2.534509272766232e-06,1.4305587911636486,4.200031,4.193765,4.195482525773196,1.7959929115782305,941.7046000002885,97,4.200025,4.193765,-0.0062600000000001,941.7046000002885,97,0.963276396324878,560.0,2.3118633511797073
211,2.534509272766232e-06,1.4305587911636486,4.200031,4.193765,4.195482525773196,1.7959929115782305,941.7046000002885,97,4.200025,4.193765,-0.0062600000000001,941.7046000002885,97,0.963276396324878,559.0,2.3118633511797073
212,2.578498709621987e-06,1.4091109346086568,4.200006,4.193704,4.195452536082474,1.72197612328783,946.7199999997392,97,4.199973,4.193705,-0.0062680000000003,946.7199999997392,97,0.9634821724832734,558.0,2.312357213959856
213,2.4193140171052568e-06,1.4410112153243146,4.200027,4.193638,4.1953650625,2.0128456801610546,933.116099999752,96,4.200002,4.193638,-0.0063639999999995,933.116099999752,96,0.963124571859364,557.0,2.3114989724624735
214,2.1875542638298033e-06,1.4257322984181822,4.200013,4.193675,4.1953456000000005,2.1519909173267373,928.7838999996892,95,4.199997,4.193698,-0.0062989999999993,928.7838999996892,95,0.9627775960897208,556.0,2.31066623061533
215,2.385566987719437e-06,1.4236589005656612,4.20002,4.193681,4.195404791666667,1.9500989352329143,931.5895000002348,96,4.199995,4.193681,-0.0063140000000005,931.5895000002348,96,0.9623861640752964,555.0,2.3097267937807113
216,2.385566987719437e-06,1.4236589005656612,4.20002,4.193681,4.195404791666667,1.9500989352329143,931.5895000002348,96,4.199995,4.193681,-0.0063140000000005,931.5895000002348,96,0.9623861640752964,554.0,2.3097267937807113
217,2.3774855106384323e-06,1.4275381582794315,4.200001,4.193694,4.195414,1.956508202237123,937.628800000064,95,4.199979,4.193694,-0.006285,937.628800000064,95,0.9627341998552256,553.0,2.310562079652541
218,2.3908260038073567e-06,1.42132356112485,4.200006,4.193686,4.195412621052631,1.9343251818795193,931.3519999999552,95,4.200006,4.193703,-0.0063029999999999,931.3519999999552,95,0.9625386891423496,552.0,2.3100928539416388
219,2.3962025684210724e-06,1.4322035269826956,4.200026,4.193673,4.19539825,1.9787033127228055,935.1337999999524,96,4.200019,4.193673,-0.0063459999999997,935.1337999999524,96,0.9621601579473408,551.0,2.3091843790736175
220,2.373291732810688e-06,1.4416723815113677,4.200031,4.193717,4.19542027368421,1.9973751614340192,934.9141999999993,95,4.200021,4.193717,-0.0063039999999991,934.9141999999993,95,0.9617239265618672,550.0,2.3081374237484815
221,2.373291732810688e-06,1.4416723815113677,4.200031,4.193717,4.19542027368421,1.9973751614340192,934.9141999999993,95,4.200021,4.193717,-0.0063039999999991,934.9141999999993,95,0.9617239265618672,549.0,2.3081374237484815
222,2.195313965957525e-06,1.420450848903437,4.200012,4.193672,4.195336600000001,2.1378898303816256,928.316000000108,95,4.199988,4.193672,-0.0063159999999999,928.316000000108,95,0.9620375140401732,548.0,2.3088900336964153
223,2.402880182456212e-06,1.434480758795445,4.200019,4.193691,4.1953838333333335,1.98357039171734,935.1672999998556,96,4.200019,4.193691,-0.0063279999999998,935.1672999998556,96,0.9616512322048242,547.0,2.307962957291578
224,2.370049817434172e-06,1.4374291883035013,4.20001,4.193719,4.19541115625,1.983294277047936,936.400899999775,96,4.20001,4.193719,-0.006291,936.400899999775,96,0.9612824437688938,546.0,2.307077865045345
225,2.2247865908175504e-06,1.422404098160598,4.200016,4.193628,4.195314452631579,2.1401355712373067,929.5270000002348,95,4.200012,4.193647,-0.0063649999999997,929.5270000002348,95,0.9608531266782612,545.0,2.306047504027827
226,2.2247865908175504e-06,1.422404098160598,4.200016,4.193628,4.195314452631579,2.1401355712373067,929.5270000002348,95,4.200012,4.193647,-0.0063649999999997,929.5270000002348,95,0.9608531266782612,544.0,2.306047504027827
227,2.3964363855261877e-06,1.4360448974716156,4.200016,4.193684,4.1953886874999995,1.98967696659288,939.7172000003048,96,4.200016,4.193684,-0.0063319999999995,939.7172000003048,96,0.9612421325265308,543.0,2.3069811180636735
228,2.5889233159364973e-06,1.419561928703334,4.200023,4.193686,4.195438701030928,1.7612023230357037,942.6501000002028,97,4.200023,4.193686,-0.0063370000000002,942.6501000002028,97,0.9609377824660684,542.0,2.306250677918564
229,2.3955465995520617e-06,1.4336686455835324,4.200021,4.193681,4.195401378947368,1.977294811185106,939.3482999997212,95,4.20001,4.193696,-0.0063139999999997,939.3482999997212,95,0.96056007533787,541.0,2.3053441808108883
230,2.3815846814694316e-06,1.434489326562082,4.200017,4.193705,4.195403947916667,1.9838475342863655,938.2908000000753,96,4.199989,4.193712,-0.0062770000000007,938.2908000000753,96,0.9602373743909748,540.0,2.304569698538339
231,2.3815846814694316e-06,1.434489326562082,4.200017,4.193705,4.195403947916667,1.9838475342863655,938.2908000000753,96,4.199989,4.193712,-0.0062770000000007,938.2908000000753,96,0.9602373743909748,539.0,2.304569698538339
232,2.597426253865896e-06,1.417513361728321,4.200015,4.193674,4.195434639175257,1.752644160688106,944.499799999874,97,4.199997,4.193677,-0.0063199999999996,944.499799999874,97,0.9605125726727058,538.0,2.305230174414494
233,2.58265105219296e-06,1.4175578227597276,4.200006,4.193684,4.195455520833334,1.7443296499969478,944.1506999996492,96,4.199998,4.193684,-0.0063139999999997,944.1506999996492,96,0.9602303522303788,537.0,2.304552845352909
234,2.3788007424413088e-06,1.434887995921801,4.200012,4.193713,4.195412789473684,1.9757530600283428,938.6134000001476,95,4.199972,4.193722,-0.0062499999999996,938.6134000001476,95,0.9598548677542575,536.0,2.303651682610218
235,2.39051425252208e-06,1.4279637552847328,4.200011,4.193685,4.195394822916666,1.9681925731301144,932.2982999999076,96,4.200006,4.193685,-0.0063209999999997,932.2982999999076,96,0.9595945550901646,535.0,2.3030269322163948
236,2.39051425252208e-06,1.4279637552847328,4.200011,4.193685,4.195394822916666,1.9681925731301144,932.2982999999076,96,4.200006,4.193685,-0.0063209999999997,932.2982999999076,96,0.9595945550901646,534.0,2.3030269322163948
237,2.609902851589203e-06,1.4188261195570535,4.200015,4.193653,4.1954258865979375,1.7591789967007752,945.87360000005,97,4.200006,4.193655,-0.0063510000000004,945.87360000005,97,0.9598871080874736,533.0,2.303729059409936
238,2.56345841709611e-06,1.421781560127727,4.200026,4.193729,4.195450453608247,1.7673897615920722,943.5259000002408,97,4.199986,4.193729,-0.0062569999999997,943.5259000002408,97,0.9594841368090528,532.0,2.3027619283417264
239,2.0060534061999357e-06,1.3965149817373426,4.200019,4.193626,4.195260329787234,2.2583595680318536,919.3810000000522,94,4.20001,4.193626,-0.0063839999999997,919.3810000000522,94,0.959082326066404,531.0,2.3017975825593697
240,2.3852594245613546e-06,1.4427204162800045,4.200007,4.193686,4.195385833333333,2.01043339823802,936.5298999994992,96,4.200007,4.193686,-0.0063210000000006,936.5298999994992,96,0.9587469788028544,530.0,2.3009927491268507
241,2.3852594245613546e-06,1.4427204162800045,4.200007,4.193686,4.195385833333333,2.01043339823802,936.5298999994992,96,4.200007,4.193686,-0.0063210000000006,936.5298999994992,96,0.9587469788028544,529.0,2.3009927491268507
242,2.4221427210526142e-06,1.4160502338170935,4.200025,4.193663,4.195374625,1.931231420093655,937.0313999997452,96,4.20001,4.193663,-0.0063469999999998,937.0313999997452,96,0.959040998848674,528.0,2.3016983972368172
243,2.3796290245613057e-06,1.4333597392874526,4.200021,4.193683,4.195393333333333,1.9868563356336604,932.4725999999793,96,4.199983,4.193683,-0.0062999999999995,932.4725999999793,96,0.9588732557945768,527.0,2.301295813906984
244,2.4199598314692175e-06,1.4301618284378506,4.200009,4.19363,4.195365510416667,1.9745619874128455,932.3040999993682,96,4.200004,4.19363,-0.0063740000000001,932.3040999993682,96,0.9584362598357988,526.0,2.300247023605917
245,2.3959613867325237e-06,1.426598938244208,4.20001,4.193674,4.195388114583333,1.9620623409746296,937.2003999995068,96,4.20001,4.193674,-0.0063360000000001,937.2003999995068,96,0.9580954104236912,525.0,2.2994289850168586
246,2.3959613867325237e-06,1.426598938244208,4.20001,4.193674,4.195388114583333,1.9620623409746296,937.2003999995068,96,4.20001,4.193674,-0.0063360000000001,937.2003999995068,96,0.9580954104236912,524.0,2.2994289850168586
247,2.4353041960526844e-06,1.429971116343449,4.200007,4.193599,4.1953481875,1.971425010538831,932.529099999927,96,4.200007,4.193606,-0.0064010000000003,932.529099999927,96,0.9593072208608122,523.0,2.3023373300659493
248,2.600294350300655e-06,1.422825243739521,4.200006,4.193666,4.195417938144329,1.7673547665450235,944.5678999992087,97,4.199998,4.193679,-0.0063189999999995,944.5678999992087,97,0.9579085944350108,522.0,2.298980626644026
249,2.424194357785082e-06,1.440211514803737,4.200021,4.193645,4.1953558229166665,2.0030069861560142,937.0414999993518,96,4.200002,4.193651,-0.0063509999999995,937.0414999993518,96,0.9576135971295578,521.0,2.2982726331109387
250,2.422350731469199e-06,1.4377795585960889,4.200006,4.193644,4.195355572916667,1.9877177281128968,935.7522999998182,96,4.199997,4.193644,-0.0063529999999998,935.7522999998182,96,0.957376877128357,520.0,2.2977045051080567
251,2.422350731469199e-06,1.4377795585960889,4.200006,4.193644,4.195355572916667,1.9877177281128968,935.7522999998182,96,4.199997,4.193644,-0.0063529999999998,935.7522999998182,96,0.957376877128357,519.0,2.2977045051080567
252,2.4657124407614193e-06,1.4254612383479757,4.200016,4.193548,4.195342242105263,1.9536849448363305,935.3809999991208,95,4.200002,4.193548,-0.0064539999999997,935.3809999991208,95,0.9576110478902872,518.0,2.2982665149366888
253,2.4069258121709607e-06,1.4355612620340137,4.200035,4.193654,4.19537690625,1.986815919328865,931.0467999996616,96,4.199983,4.193654,-0.0063289999999991,931.0467999996616,96,0.9572646357106112,517.0,2.297435125705467
254,2.606824808633961e-06,1.4245717623115246,4.200001,4.193629,4.19540606185567,1.7851948374786546,943.0476999999956,97,4.199995,4.19363,-0.0063650000000006,943.0476999999956,97,0.9568697869038268,516.0,2.296487488569184
255,2.427678957456208e-06,1.433136657644013,4.200016,4.193604,4.195348604166667,1.9956836858688711,930.5524999992922,96,4.199995,4.193604,-0.0063910000000007,930.5524999992922,96,0.9564570081519512,515.0,2.2954968195646828
256,2.427678957456208e-06,1.433136657644013,4.200016,4.193604,4.195348604166667,1.9956836858688711,930.5524999992922,96,4.199995,4.193604,-0.0063910000000007,930.5524999992922,96,0.9564570081519512,514.0,2.2954968195646828
257,2.449334584100883e-06,1.427364566602021,4.200014,4.193621,4.195338427083334,1.965805751234948,934.2695000004024,96,4.200001,4.193621,-0.00638,934.2695000004024,96,0.9569083599119748,513.0,2.2965800637887392
258,2.426109847032335e-06,1.4304917682852138,4.200005,4.193645,4.195366536842106,1.9583770099713873,935.4088999992236,95,4.200002,4.193645,-0.0063569999999995,935.4088999992236,95,0.9565290830022136,512.0,2.2956697992053123
259,2.444465380592092e-06,1.434696140196941,4.200021,4.193597,4.19534640625,1.995006824133585,930.128100000322,96,4.2,4.193597,-0.0064030000000006,930.128100000322,96,0.9561176946912324,511.0,2.294682467258958
260,2.4267042123181083e-06,1.44102971423197,4.200035,4.193637,4.195367021052632,2.0122567069796884,930.679899999872,95,4.200035,4.193637,-0.0063979999999999,930.679899999872,95,0.9556889618751484,510.0,2.2936535085003564
261,2.4267042123181083e-06,1.44102971423197,4.200035,4.193637,4.195367021052632,2.0122567069796884,930.679899999872,95,4.200035,4.193637,-0.0063979999999999,930.679899999872,95,0.9556889618751484,509.0,2.2936535085003564
262,2.641663682456064e-06,1.4102356311164614,4.200033,4.193621,4.195410291666667,1.7289365704976514,941.8628000002354,96,4.199986,4.193621,-0.0063649999999997,941.8628000002354,96,0.9561532423351048,508.0,2.294767781604252
263,2.4270683367324416e-06,1.4413099392305593,4.200021,4.193665,4.195356177083333,1.9976557086134872,936.623300000094,96,4.200011,4.193665,-0.0063459999999997,936.623300000094,96,0.955729236500712,507.0,2.2937501676017087
264,2.6070439525342452e-06,1.4231119616176693,4.200012,4.193666,4.195406329896907,1.782503466588111,949.5753999995068,97,4.199986,4.193676,-0.00631,949.5753999995068,97,0.9552850966772864,506.0,2.292684232025487
265,2.622485367982498e-06,1.422412368363586,4.200025,4.193608,4.195421645833334,1.7697586310291098,941.4835999999196,96,4.200025,4.193608,-0.0064169999999998,941.4835999999196,96,0.9548613570401088,505.0,2.291667256896261
266,2.622485367982498e-06,1.422412368363586,4.200025,4.193608,4.195421645833334,1.7697586310291098,941.4835999999196,96,4.200025,4.193608,-0.0064169999999998,941.4835999999196,96,0.9548613570401088,504.0,2.291667256896261
267,2.4454141749999257e-06,1.4232731249839723,4.200006,4.193608,4.1953413125,1.9445205169378783,939.7859999993816,96,4.199977,4.193613,-0.0063639999999995,939.7859999993816,96,0.95534261758249,503.0,2.292822282197976
268,2.425927668311408e-06,1.4289654490967123,4.200005,4.193624,4.195351927083333,1.965902893052093,937.4450999991968,96,4.199986,4.193624,-0.0063620000000002,937.4450999991968,96,0.954935629421385,502.0,2.291845510611324
269,2.446117226206224e-06,1.4272438249133137,4.200009,4.193623,4.195342072916667,1.9652039870124771,934.9761000005528,96,4.200009,4.193626,-0.0063829999999995,934.9761000005528,96,0.9545052575400492,501.0,2.290812618096118
270,2.435760410416569e-06,1.443676314383556,4.200009,4.193599,4.195332989583334,2.013166737175528,936.777499999851,96,4.200006,4.193601,-0.0064049999999999,936.777499999851,96,0.9540997651276204,500.0,2.2898394363062886
271,2.435760410416569e-06,1.443676314383556,4.200009,4.193599,4.195332989583334,2.013166737175528,936.777499999851,96,4.200006,4.193601,-0.0064049999999999,936.777499999851,96,0.9540997651276204,499.0,2.2898394363062886
272,2.4664586789472796e-06,1.4266145987541752,4.200009,4.193591,4.1953263750000005,1.9538079806213404,937.8472999995574,96,4.199986,4.193591,-0.0063950000000003,937.8472999995574,96,0.9543920566721292,498.0,2.2905409360131097
273,2.449917768421117e-06,1.4379868976515155,4.200002,4.193601,4.195324,1.9905822145499423,939.4819999998437,96,4.199996,4.193601,-0.0063949999999994,939.4819999998437,96,0.9539509394607176,497.0,2.289482254705722
274,2.6743232845790213e-06,1.4281708091136662,4.200044,4.193583,4.195360597938144,1.7841388326567809,945.2734000002964,97,4.199981,4.193583,-0.0063979999999999,945.2734000002964,97,0.953682453830055,496.0,2.288837889192132
275,2.4496778627191953e-06,1.4313440239462691,4.200021,4.193588,4.195335895833334,1.972518201347381,938.9844000004232,96,4.200021,4.193588,-0.0064329999999994,938.9844000004232,96,0.9533409143847172,495.0,2.288018194523321
276,2.4496778627191953e-06,1.4313440239462691,4.200021,4.193588,4.195335895833334,1.972518201347381,938.9844000004232,96,4.200021,4.193588,-0.0064329999999994,938.9844000004232,96,0.9533409143847172,494.0,2.288018194523321
277,2.655853584210527e-06,1.411819133732737,4.200007,4.193585,4.195393875000001,1.7428762539467535,941.9020999995992,96,4.2,4.193595,-0.0064049999999999,941.9020999995992,96,0.953591201485402,493.0,2.2886188835649643
278,2.4814884311404884e-06,1.4292647437434345,4.200043,4.193559,4.195312395833334,1.9795881002308309,938.2757999999448,96,4.200001,4.193559,-0.0064420000000007,938.2757999999448,96,0.9531352470425004,492.0,2.2875245929020007
279,2.6661429387887023e-06,1.417422317328751,4.200023,4.193593,4.195368536082475,1.764721842295787,943.3876999998464,97,4.200023,4.193593,-0.0064299999999999,943.3876999998464,97,0.9527890596552572,491.0,2.286693743172617
280,2.458220525329071e-06,1.4339211550482802,4.200019,4.193587,4.19532346875,1.9915855602183288,938.7691000001504,96,4.199995,4.193593,-0.0064020000000004,938.7691000001504,96,0.952390780087618,490.0,2.2857378722102832
281,2.458220525329071e-06,1.4339211550482802,4.200019,4.193587,4.19532346875,1.9915855602183288,938.7691000001504,96,4.199995,4.193593,-0.0064020000000004,938.7691000001504,96,0.952390780087618,489.0,2.2857378722102832
282,2.5074280288378138e-06,1.4183029616620164,4.200026,4.193532,4.195289947916667,1.939639659490369,933.1184000000358,96,4.200026,4.193565,-0.0064609999999998,933.1184000000358,96,0.9526449521449444,488.0,2.2863478851478667
283,2.474982184098484e-06,1.4288973127345124,4.20001,4.19357,4.195331431578947,1.9545204539998424,939.4355000006036,95,4.2,4.193602,-0.0063979999999999,939.4355000006036,95,0.9523199621790298,487.0,2.2855679092296715
284,2.659110831140358e-06,1.4114768957485504,4.200011,4.193572,4.1953931041666666,1.735819181070693,943.0444000000134,96,4.199991,4.193597,-0.0063940000000002,943.0444000000134,96,0.9520342341774172,486.0,2.2848821620258013
285,2.4338361583426214e-06,1.441696461999484,4.200012,4.193612,4.195352326315789,1.9991295515393737,939.421899999492,95,4.200002,4.193628,-0.0063739999999992,939.421899999492,95,0.9515879668375752,485.0,2.28381112041018
286,2.4338361583426214e-06,1.441696461999484,4.200012,4.193612,4.195352326315789,1.9991295515393737,939.421899999492,95,4.200002,4.193628,-0.0063739999999992,939.421899999492,95,0.9515879668375752,484.0,2.28381112041018
287,2.6920532446305155e-06,1.4159522079001106,4.200031,4.193572,4.195345721649485,1.7523519113038106,942.7784000001848,97,4.200031,4.193572,-0.0064590000000004,942.7784000001848,97,0.9520045528320314,483.0,2.2848109267968755
288,2.4911744824562445e-06,1.428659393945923,4.200012,4.193521,4.195287541666667,1.968204217551227,931.3014000002296,96,4.199981,4.193521,-0.0064600000000005,931.3014000002296,96,0.9515680528319276,482.0,2.2837633267966257
289,2.48881868673244e-06,1.4290662297701435,4.200006,4.193506,4.195299864583333,1.963071849748134,935.2736999997868,96,4.200005,4.193506,-0.0064989999999998,935.2736999997868,96,0.951385202539523,481.0,2.283324486094855
290,2.6829302076889357e-06,1.4132465923621629,4.200027,4.193569,4.195362443298969,1.7496553352816329,943.2231999998912,97,4.200003,4.193569,-0.0064339999999996,943.2231999998912,97,0.95090146154907,480.0,2.282163507717768
291,2.6829302076889357e-06,1.4132465923621629,4.200027,4.193569,4.195362443298969,1.7496553352816329,943.2231999998912,97,4.200003,4.193569,-0.0064339999999996,943.2231999998912,97,0.95090146154907,479.0,2.282163507717768
292,2.713654671821107e-06,1.4152298918833068,4.200025,4.19354,4.195337072164948,1.741211413648784,940.531799999997,97,4.200004,4.193551,-0.0064529999999995,940.531799999997,97,0.951351381360964,478.0,2.2832433152663136
293,2.514876005263232e-06,1.4257492283355149,4.200006,4.193517,4.195277125,1.9583880028474892,936.6584999999033,96,4.199995,4.193517,-0.0064780000000004,936.6584999999033,96,0.9512298784292744,477.0,2.2829517082302586
294,2.492575789034974e-06,1.4309115944328743,4.200026,4.193548,4.195296645833333,1.974414854884491,931.7774000004864,96,4.200004,4.193567,-0.006437,931.7774000004864,96,0.9507094235473934,476.0,2.281702616513744
295,2.6897107813573512e-06,1.411734411107049,4.200007,4.193564,4.195346226804123,1.7303693969625011,947.3515999997036,97,4.199971,4.193567,-0.0064039999999998,947.3515999997036,97,0.9501733470729604,475.0,2.2804160329751046
296,2.6897107813573512e-06,1.411734411107049,4.200007,4.193564,4.195346226804123,1.7303693969625011,947.3515999997036,97,4.199971,4.193567,-0.0064039999999998,947.3515999997036,97,0.9501733470729604,474.0,2.2804160329751046
297,2.2901881583424933e-06,1.418415431875192,4.199997,4.193536,4.195234326315789,2.1254011094011056,928.4975999994203,95,4.199997,4.193538,-0.0064589999999995,928.4975999994203,95,0.9512064125411642,473.0,2.282895390098794
298,2.495012346929762e-06,1.4290000619132224,4.200027,4.193542,4.195296895833333,1.973397218101606,936.9683999996632,96,4.200027,4.193545,-0.006482,936.9683999996632,96,0.950078912893536,472.0,2.280189390944486
299,2.505991755153517e-06,1.4311712810044008,4.200029,4.193536,4.195287385416667,1.977580427997228,939.0065999999642,96,4.200014,4.193557,-0.0064570000000001,939.0065999999642,96,0.9497324054042264,471.0,2.279357772970143
300,2.7089859379296334e-06,1.4160171673207336,4.200027,4.193546,4.195333546391753,1.764338932953391,948.127199999988,97,4.199982,4.193547,-0.0064350000000006,948.127199999988,97,0.94945906205521,470.0,2.278701748932504
301,2.7089859379296334e-06,1.4160171673207336,4.200027,4.193546,4.195333546391753,1.764338932953391,948.127199999988,97,4.199982,4.193547,-0.0064350000000006,948.127199999988,97,0.94945906205521,469.0,2.278701748932504
302,2.7233555650772567e-06,1.4034675895854374,4.200016,4.193508,4.195330505154639,1.7202949865325512,949.2929999995976,97,4.200012,4.193508,-0.0065040000000005,949.2929999995976,97,0.9498985463613524,468.0,2.2797565112672458
303,2.716872708333431e-06,1.4106359610822736,4.200032,4.193522,4.195336999999999,1.7393302745408454,946.1223000008612,97,4.199994,4.193522,-0.0064720000000004,946.1223000008612,97,0.9500135634988072,467.0,2.2800325523971368
304,2.7031141048109908e-06,1.4239877311614189,4.200041,4.193554,4.195336247422681,1.784279565891968,941.474100000225,97,4.20001,4.19357,-0.0064399999999995,941.474100000225,97,0.9488289185671132,466.0,2.2771894045610717
305,2.5053136263158256e-06,1.430491616408988,4.200004,4.193509,4.195276125,1.9743659429494105,932.160000000149,96,4.199983,4.193516,-0.0064669999999997,932.160000000149,96,0.9484804128082523,465.0,2.2763529907398055
306,2.5053136263158256e-06,1.430491616408988,4.200004,4.193509,4.195276125,1.9743659429494105,932.160000000149,96,4.199983,4.193516,-0.0064669999999997,932.160000000149,96,0.9484804128082523,464.0,2.2763529907398055
307,2.530502235610192e-06,1.4254366743591371,4.200022,4.193489,4.195278305263158,1.9563129043193928,936.5674999998882,95,4.200012,4.193489,-0.0065230000000005,936.5674999998882,95,0.9489262373761284,463.0,2.277422969702708
308,2.520519164802671e-06,1.4311394613928154,4.200006,4.19351,4.195259843750001,1.9691404125755043,939.2675000000744,96,4.199975,4.19351,-0.0064650000000003,939.2675000000744,96,0.94841622717519,462.0,2.2761989452204556
309,2.53937841041655e-06,1.4241516599352937,4.200002,4.193514,4.195255010416666,1.9435298314080536,933.246700000018,96,4.199998,4.193517,-0.0064809999999999,933.246700000018,96,0.9479893157087288,461.0,2.275174357700949
310,2.534898599890395e-06,1.431974634397572,4.200019,4.193491,4.195253322916667,1.9815419858603696,939.7161999996752,96,4.199992,4.193513,-0.0064789999999996,939.7161999996752,96,0.9476534725777536,460.0,2.274368334186608
311,2.534898599890395e-06,1.431974634397572,4.200019,4.193491,4.195253322916667,1.9815419858603696,939.7161999996752,96,4.199992,4.193513,-0.0064789999999996,939.7161999996752,96,0.9476534725777536,459.0,2.274368334186608
312,2.735927841065197e-06,1.4024483018765084,4.200016,4.193527,4.195319948453609,1.7174373019514788,940.5477999998257,97,4.199996,4.19353,-0.0064659999999996,940.5477999998257,97,0.948233950677406,458.0,2.2757614816257745
313,2.741732914948489e-06,1.41551631832558,4.200035,4.193521,4.195306958762886,1.7519582925726946,940.3475999999793,97,4.200008,4.193522,-0.0064860000000006,940.3475999999793,97,0.9476157939600608,457.0,2.2742779055041455
314,2.323484634938291e-06,1.415340267284313,4.200007,4.193493,4.19519347368421,2.1195776161738835,927.8865999998524,95,4.199987,4.193493,-0.006494,927.8865999998524,95,0.9470728263070504,456.0,2.272974783136921
315,2.736476542096223e-06,1.4210806953898718,4.200019,4.193529,4.1953115463917525,1.7682461007850026,948.826500000432,97,4.200006,4.193552,-0.0064539999999997,948.826500000432,97,0.9469445437562168,455.0,2.2726669050149204
316,2.736476542096223e-06,1.4210806953898718,4.200019,4.193529,4.1953115463917525,1.7682461007850026,948.826500000432,97,4.200006,4.193552,-0.0064539999999997,948.826500000432,97,0.9469445437562168,454.0,2.2726669050149204
317,2.7131304351374483e-06,1.4334913163329823,4.200025,4.193527,4.1953116597938145,1.8196212433610364,947.751600000076,97,4.200006,4.193527,-0.0064790000000005,947.751600000076,97,0.944110400997,453.0,2.2658649623928
318,2.4877447121710866e-06,1.4382999388648103,4.200006,4.193546,4.19528734375,2.0101819061536177,937.1179000008852,96,4.2,4.193557,-0.0064429999999999,937.1179000008852,96,0.9428183917738172,452.0,2.262764140257161
319,2.484977131469283e-06,1.4358818148440702,4.200018,4.19353,4.195291572916667,2.0008279091871883,938.0098999999464,96,4.199999,4.19353,-0.006469,938.0098999999464,96,0.942496278851212,451.0,2.261991069242909
320,2.5136521498901945e-06,1.4453577817598249,4.200021,4.193532,4.195263635416667,2.0267392087554374,936.7779000001028,96,4.200004,4.193533,-0.0064709999999994,936.7779000001028,96,0.9421880782186788,450.0,2.2612513877248293
321,2.5136521498901945e-06,1.4453577817598249,4.200021,4.193532,4.195263635416667,2.0267392087554374,936.7779000001028,96,4.200004,4.193533,-0.0064709999999994,936.7779000001028,96,0.9421880782186788,449.0,2.2612513877248293
322,2.5267837069078123e-06,1.4132298141553077,4.200003,4.193453,4.195261906249999,1.9411526400715915,934.128700000234,96,4.19998,4.193467,-0.0065129999999999,934.128700000234,96,0.9429702746209996,448.0,2.263128659090399
323,2.516830646381648e-06,1.4316272951106588,4.200012,4.193477,4.1952612812500005,2.0012019676235497,936.8476999998092,96,4.199999,4.193485,-0.0065140000000001,936.8476999998092,96,0.9424502555692856,447.0,2.2618806133662854
324,2.7090456980240585e-06,1.4249108368504304,4.200025,4.193517,4.195330226804123,1.7910776456448194,942.8132999995725,97,4.200008,4.193563,-0.0064450000000002,942.8132999995725,97,0.9422717977005742,446.0,2.261452314481378
325,2.5021245569078316e-06,1.432205368324611,4.20001,4.193515,4.19527603125,1.9884227976096107,936.6662999996915,96,4.20001,4.193557,-0.0064529999999995,936.6662999996915,96,0.9418804568821624,445.0,2.2605130965171893
326,2.5021245569078316e-06,1.432205368324611,4.20001,4.193515,4.19527603125,1.9884227976096107,936.6662999996915,96,4.20001,4.193557,-0.0064529999999995,936.6662999996915,96,0.9418804568821624,444.0,2.2605130965171893
327,2.554308220614106e-06,1.4270303571421583,4.200033,4.193456,4.195242895833333,1.9784701440667465,935.8294999999924,96,4.2,4.193456,-0.0065439999999998,935.8294999999924,96,0.9426129819657456,443.0,2.2622711567177896
328,2.5404207048247157e-06,1.4305299973404346,4.200018,4.193456,4.195239770833333,1.9913091634282616,930.7782000005244,96,4.200018,4.193456,-0.0065619999999997,930.7782000005244,96,0.9421962870902216,442.0,2.261271089016532
329,2.5171949059350675e-06,1.441361168662254,4.200007,4.19348,4.19526557894737,2.009199031138444,937.7023000000044,95,4.19999,4.19348,-0.0065099999999995,937.7023000000044,95,0.9418384134698516,441.0,2.2604121923276437
330,2.5399780627193924e-06,1.42678317690634,4.200009,4.19347,4.195247854166667,1.9675453273852008,933.6818000003695,96,4.199988,4.19347,-0.0065180000000006,933.6818000003695,96,0.94150209066277,440.0,2.2596050175906477
331,2.5399780627193924e-06,1.42678317690634,4.200009,4.19347,4.195247854166667,1.9675453273852008,933.6818000003695,96,4.199988,4.19347,-0.0065180000000006,933.6818000003695,96,0.94150209066277,439.0,2.2596050175906477
332,2.5809355972588295e-06,1.4227271956103682,4.200023,4.193462,4.195221552083333,1.9608909724452928,936.8578000003472,96,4.200023,4.193464,-0.0065590000000002,936.8578000003472,96,0.9420492323588324,438.0,2.260918157661198
333,2.5429799719298515e-06,1.4382047267485245,4.200027,4.193472,4.195238916666667,2.017473985213172,939.5347999995574,96,4.200027,4.193472,-0.0065550000000005,939.5347999995574,96,0.9419561671436082,437.0,2.2606948011446595
334,2.561154107950511e-06,1.4088184286752152,4.200003,4.193425,4.19524409473684,1.9104488514941529,939.6515999995172,95,4.199979,4.193425,-0.0065539999999995,939.6515999995172,95,0.941323593340651,436.0,2.259176624017562
335,2.7277334168814553e-06,1.423726554209063,4.200024,4.193501,4.195306824742269,1.7804431341178044,942.8677000002936,97,4.199976,4.193515,-0.0064610000000007,942.8677000002936,97,0.9408722677481336,435.0,2.258093442595521
336,2.7277334168814553e-06,1.423726554209063,4.200024,4.193501,4.195306824742269,1.7804431341178044,942.8677000002936,97,4.199976,4.193515,-0.0064610000000007,942.8677000002936,97,0.9408722677481336,434.0,2.258093442595521
337,2.5778186647258607e-06,1.4209169917313214,4.20002,4.193443,4.195234926315789,1.9421102520161155,937.7298000007868,95,4.20002,4.193445,-0.0065750000000006,937.7298000007868,95,0.9411641910197384,433.0,2.258794058447372
338,2.566322857782887e-06,1.4245375817966788,4.200006,4.193455,4.195236157894736,1.9611669209992209,937.5882999999448,95,4.199992,4.193482,-0.0065099999999995,937.5882999999448,95,0.9404628315079412,432.0,2.257110795619059
339,2.759974447594438e-06,1.4209745588150866,4.200022,4.19344,4.195281896907217,1.7737232682116733,946.6334000006318,97,4.200022,4.19344,-0.0065819999999998,946.6334000006318,97,0.940224061274317,431.0,2.2565377470583607
340,2.784979124570465e-06,1.4056146975583823,4.200008,4.19341,4.195274979381443,1.7294925634034626,946.432599999942,97,4.200007,4.193417,-0.00659,946.432599999942,97,0.9396965110046518,430.0,2.2552716264111643
341,2.784979124570465e-06,1.4056146975583823,4.200008,4.19341,4.195274979381443,1.7294925634034626,946.432599999942,97,4.200007,4.193417,-0.00659,946.432599999942,97,0.9396965110046518,429.0,2.2552716264111643
342,2.6175088069078396e-06,1.4092024358792683,4.200012,4.193371,4.19519284375,1.9130654730467405,935.4895999999716,96,4.200012,4.193371,-0.0066410000000001,935.4895999999716,96,0.9402794963205748,428.0,2.2566707911693795
343,2.5753530335948587e-06,1.433050740112274,4.200027,4.193433,4.195234421052632,2.0054501999370866,934.3066000007092,95,4.200026,4.19346,-0.0065660000000002,934.3066000007092,95,0.9395685217642932,427.0,2.2549644522343035
344,2.588692155153602e-06,1.431575003216517,4.200015,4.193398,4.195197947916667,1.9992096435491589,938.629900000058,96,4.199987,4.193398,-0.0065889999999999,938.629900000058,96,0.9391898448402776,426.0,2.2540556276166663
345,2.5826349824561896e-06,1.4175056479992654,4.200009,4.193412,4.195212416666666,1.9470528270784695,935.3192999996244,96,4.199988,4.193412,-0.0065759999999999,935.3192999996244,96,0.9387814200915486,425.0,2.2530754082197166
346,2.5826349824561896e-06,1.4175056479992654,4.200009,4.193412,4.195212416666666,1.9470528270784695,935.3192999996244,96,4.199988,4.193412,-0.0065759999999999,935.3192999996244,96,0.9387814200915486,424.0,2.2530754082197166
347,2.6265936824561617e-06,1.407904500190649,4.200023,4.1934,4.195198791666667,1.913934194069476,938.612699999474,96,4.200004,4.1934,-0.0066040000000002,938.612699999474,96,0.9393843388013938,423.0,2.254522413123345
348,2.8416294370704727e-06,1.4148377057744133,4.200022,4.193399,4.195228020618558,1.7529832871370554,943.5537000000476,97,4.199995,4.193399,-0.006596,943.5537000000476,97,0.9387647578681196,422.0,2.2530354188834867
349,2.630556668311415e-06,1.4273701662506029,4.20002,4.193361,4.195169760416667,1.9686946478639664,934.3091000001878,96,4.199999,4.193376,-0.0066230000000002,934.3091000001878,96,0.9381604632040482,421.0,2.2515851116897156
350,2.6134590309071595e-06,1.4168048188726643,4.200016,4.193372,4.195205968421052,1.9356213813958945,934.517600000836,95,4.200006,4.193372,-0.006634,934.517600000836,95,0.9378634405420712,420.0,2.250872257300971
351,2.6134590309071595e-06,1.4168048188726643,4.200016,4.193372,4.195205968421052,1.9356213813958945,934.517600000836,95,4.200006,4.193372,-0.006634,934.517600000836,95,0.9378634405420712,419.0,2.250872257300971
352,2.8354513183113274e-06,1.394964250842316,4.200016,4.193377,4.195254197916667,1.69333768016245,943.1021999996156,96,4.199991,4.193377,-0.0066139999999998,943.1021999996156,96,0.938355223699031,418.0,2.2520525368776743
353,2.8183384097937136e-06,1.4070722571833565,4.200029,4.193398,4.195242917525774,1.7443681018051609,945.0647999998182,97,4.200029,4.193398,-0.0066309999999996,945.0647999998182,97,0.9377996744480276,417.0,2.250719218675266
354,2.8491738971219124e-06,1.4020067681077706,4.200016,4.193365,4.195224463917526,1.7196462991803272,941.3758999994023,97,4.200007,4.193365,-0.0066420000000002,941.3758999994023,97,0.9373141937129832,416.0,2.2495540649111594
355,2.828588831469186e-06,1.3977407439589418,4.200009,4.193337,4.195248010416666,1.704822787661334,943.3336000004784,96,4.199979,4.193337,-0.0066420000000002,943.3336000004784,96,0.9370233936548888,415.0,2.2488561447717332
356,2.828588831469186e-06,1.3977407439589418,4.200009,4.193337,4.195248010416666,1.704822787661334,943.3336000004784,96,4.199979,4.193337,-0.0066420000000002,943.3336000004784,96,0.9370233936548888,414.0,2.2488561447717332
357,2.887327322809289e-06,1.397127517108873,4.200004,4.193322,4.195193989690721,1.6949038793956173,943.572700000368,97,4.2,4.193328,-0.006672,943.572700000368,97,0.9372503897439328,413.0,2.2494009353854385
358,2.654946668311436e-06,1.4119787081278898,4.200012,4.193317,4.195158572916667,1.9239852892664655,936.7168999994174,96,4.200012,4.193317,-0.0066949999999996,936.7168999994174,96,0.9366880985223438,412.0,2.248051436453625
359,2.856605251933088e-06,1.4035722178033991,4.200014,4.193343,4.195209525773196,1.7253317618036594,944.4884999999776,97,4.200014,4.193343,-0.0066710000000007,944.4884999999776,97,0.9361789915640384,411.0,2.2468295797536917
360,2.8629083326889816e-06,1.393143945169705,4.200002,4.193336,4.1952104432989685,1.6889488170932414,943.439100000076,97,4.199993,4.19334,-0.006653,943.439100000076,97,0.9359833262476402,410.0,2.2463599829943366
361,2.8629083326889816e-06,1.393143945169705,4.200002,4.193336,4.1952104432989685,1.6889488170932414,943.439100000076,97,4.199993,4.19334,-0.006653,943.439100000076,97,0.9359833262476402,409.0,2.2463599829943366
362,2.8857591449743123e-06,1.3923583213402044,4.200016,4.193305,4.195190288659793,1.6992540048615532,942.6072000004352,97,4.199974,4.193305,-0.0066690000000004,942.6072000004352,97,0.9363274669157428,408.0,2.247185920597783
363,3.0918993982747497e-06,1.3753027745691908,4.200035,4.193316,4.195249061224489,1.4837075942993043,951.127199999988,98,4.199979,4.193316,-0.0066629999999996,951.127199999988,98,0.9358755125118527,407.0,2.2461012300284464
364,2.8641853163660547e-06,1.4013421400887878,4.200016,4.19336,4.195205360824743,1.716461826387142,941.769999999553,97,4.200006,4.19336,-0.0066459999999999,941.769999999553,97,0.9352347366675964,406.0,2.244563368002231
365,2.6865206937499325e-06,1.420990541865064,4.200021,4.19333,4.195134531249999,1.9455987232273144,931.3200999991968,96,4.200012,4.193352,-0.0066600000000001,931.3200999991968,96,0.9350565420581418,405.0,2.24413570093954
366,2.6865206937499325e-06,1.420990541865064,4.200021,4.19333,4.195134531249999,1.9455987232273144,931.3200999991968,96,4.200012,4.193352,-0.0066600000000001,931.3200999991968,96,0.9350565420581418,404.0,2.24413570093954
367,2.9074149531786425e-06,1.3830012968784131,4.200012,4.193289,4.195187412371134,1.6621001599507834,941.114100000821,97,4.199997,4.193295,-0.0067019999999997,941.114100000821,97,0.935377166845654,403.0,2.2449052004295695
368,2.8844423380583795e-06,1.3921865725449705,4.200016,4.193356,4.195199216494845,1.6869542000628015,941.7869999995456,97,4.199992,4.193356,-0.0066360000000003,941.7869999995456,97,0.9347686071748336,402.0,2.2434446572196007
369,2.687610291995603e-06,1.408754430772496,4.200028,4.193298,4.195139447916667,1.9156450410612016,937.9904999993742,96,4.199996,4.193298,-0.0066979999999992,937.9904999993742,96,0.9343252458026068,401.0,2.242380589926257
370,2.6739489130482557e-06,1.4072802300102747,4.20001,4.193303,4.195139614583334,1.9227743302313496,939.8915999997408,96,4.199993,4.193303,-0.0066899999999998,939.8915999997408,96,0.9341364807393214,400.0,2.2419275537743713
371,2.6739489130482557e-06,1.4072802300102747,4.20001,4.193303,4.195139614583334,1.9227743302313496,939.8915999997408,96,4.199993,4.193303,-0.0066899999999998,939.8915999997408,96,0.9341364807393214,399.0,2.2419275537743713
372,2.727565231469419e-06,1.4007197128669828,4.200008,4.193266,4.1950946770833335,1.8745166379882812,936.3042999999598,96,4.200008,4.193274,-0.0067340000000006,936.3042999999598,96,0.9344772057272102,398.0,2.2427452937453043
373,2.916211689218274e-06,1.3965266684779694,4.200009,4.193307,4.195174092783505,1.6983717268838308,948.5504999998956,97,4.200007,4.193307,-0.0067000000000003,948.5504999998956,97,0.9338296495691945,397.0,2.2411911589660667
374,2.692406780592101e-06,1.408167300200154,4.200025,4.193311,4.19513490625,1.909863064843615,936.0530999992044,96,4.19999,4.193311,-0.0066790000000001,936.0530999992044,96,0.9332821523874236,396.0,2.239877165729817
375,2.9260772199313062e-06,1.394968623438996,4.200023,4.193281,4.195168391752577,1.7102111790969237,949.1047999998556,97,4.199991,4.193298,-0.0066929999999993,949.1047999998556,97,0.9328707375895576,395.0,2.238889770214938
376,2.9260772199313062e-06,1.394968623438996,4.200023,4.193281,4.195168391752577,1.7102111790969237,949.1047999998556,97,4.199991,4.193298,-0.0066929999999993,949.1047999998556,97,0.9328707375895576,394.0,2.238889770214938
377,3.142865505154662e-06,1.365027182105437,4.200021,4.19328,4.195215428571429,1.455485975274711,950.2236999999732,98,4.200002,4.19328,-0.0067219999999998,950.2236999999732,98,0.9334963097147532,393.0,2.2403911433154073
378,2.958707908934693e-06,1.3912712346025822,4.200022,4.193228,4.195152134020618,1.687211747483237,945.8806999996305,97,4.199997,4.193228,-0.0067689999999993,945.8806999996305,97,0.9328822003437296,392.0,2.2389172808249507
379,2.934914854811186e-06,1.3856798051532178,4.200013,4.19328,4.19515724742268,1.6732942032031972,946.136800000444,97,4.199989,4.193292,-0.0066970000000008,946.136800000444,97,0.9323508341452662,391.0,2.2376420019486387
380,2.9673221365980148e-06,1.3840970703421818,4.200026,4.193238,4.1951473917525774,1.6674324585608988,945.066200000234,97,4.200026,4.193238,-0.0067880000000002,945.066200000234,97,0.9318859746776058,390.0,2.2365263392262538
381,2.9673221365980148e-06,1.3840970703421818,4.200026,4.193238,4.1951473917525774,1.6674324585608988,945.066200000234,97,4.200026,4.193238,-0.0067880000000002,945.066200000234,97,0.9318859746776058,389.0,2.2365263392262538
382,2.762698806579027e-06,1.3950769176650688,4.200013,4.193221,4.1950773125000005,1.8684664782038405,937.3097000000998,96,4.199993,4.193224,-0.0067690000000002,937.3097000000998,96,0.9323930114374333,388.0,2.237743227449839
383,2.9682147712628887e-06,1.393676759566164,4.20002,4.193259,4.195136453608248,1.6942442927191093,943.5389999998732,97,4.20002,4.193262,-0.0067580000000004,943.5389999998732,97,0.931888313793346,387.0,2.23653195310403
384,3.179505753944789e-06,1.3721320037507057,4.200022,4.193249,4.19519356122449,1.478458422318803,951.5570000000298,98,4.199995,4.193278,-0.006717,951.5570000000298,98,0.9311674178499296,386.0,2.2348018028398307
385,3.1276751567432085e-06,1.3762880586802526,4.200023,4.193299,4.195220346938775,1.4942689340999693,950.1577000003308,98,4.199987,4.193305,-0.0066820000000005,950.1577000003308,98,0.9307572001803004,385.0,2.2338172804327208
386,3.1276751567432085e-06,1.3762880586802526,4.200023,4.193299,4.195220346938775,1.4942689340999693,950.1577000003308,98,4.199987,4.193305,-0.0066820000000005,950.1577000003308,98,0.9307572001803004,384.0,2.2338172804327208
387,2.9886719787372427e-06,1.3741402380896637,4.200002,4.193203,4.195129979381443,1.630360449368076,942.5074999993668,97,4.199995,4.193203,-0.0067920000000007,942.5074999993668,97,0.931355985863007,383.0,2.2352543660712167
388,2.9520591898626062e-06,1.3852143371051184,4.200016,4.193262,4.195152484536083,1.665775264847126,943.30189999938,97,4.200006,4.193264,-0.006742,943.30189999938,97,0.9308126981820029,382.0,2.2339504756368065
389,2.7709598105261903e-06,1.3967533576011757,4.200014,4.193214,4.19507025,1.8800787095025335,935.0642999997362,96,4.200002,4.193214,-0.0067879999999993,935.0642999997362,96,0.93009255836767,381.0,2.2322221400824076
390,2.9999625487541843e-06,1.3880916910841032,4.200019,4.193199,4.195119845360825,1.6746946611275957,940.3086000001058,97,4.200004,4.193199,-0.0068049999999999,940.3086000001058,97,0.9300635806525372,380.0,2.2321525935660893
391,2.9999625487541843e-06,1.3880916910841032,4.200019,4.193199,4.195119845360825,1.6746946611275957,940.3086000001058,97,4.200004,4.193199,-0.0068049999999999,940.3086000001058,97,0.9300635806525372,379.0,2.2321525935660893
392,3.00506944265464e-06,1.374086923331095,4.200021,4.193181,4.1951240721649485,1.637969087303038,946.5149999996648,97,4.199978,4.193181,-0.0067969999999997,946.5149999996648,97,0.9303612726710568,378.0,2.232867054410536
393,3.016928649269797e-06,1.3841828288987994,4.200023,4.193181,4.195106298969073,1.667132279555927,944.5941999992356,97,4.200023,4.193181,-0.0068419999999997,944.5941999992356,97,0.9296109919665628,377.0,2.2310663807197506
394,3.008539479596277e-06,1.380855047905713,4.20002,4.193208,4.195107546391752,1.649264437186812,944.3468000004068,97,4.199979,4.193209,-0.0067699999999994,944.3468000004068,97,0.929141333321586,376.0,2.229939199971806
395,3.013867527920962e-06,1.3789892759493765,4.200025,4.193198,4.195114154639175,1.6436108047589155,944.6204999992624,97,4.200025,4.193204,-0.0068210000000004,944.6204999992624,97,0.9287199472668772,375.0,2.228927873440505
396,3.013867527920962e-06,1.3789892759493765,4.200025,4.193198,4.195114154639175,1.6436108047589155,944.6204999992624,97,4.200025,4.193204,-0.0068210000000004,944.6204999992624,97,0.9287199472668772,374.0,2.228927873440505
397,3.0433783825171302e-06,1.372302278073291,4.200018,4.19313,4.1950926907216495,1.6290244328421086,944.1406999994068,97,4.200018,4.19313,-0.006888,944.1406999994068,97,0.9291772057205446,373.0,2.230025293729307
398,3.2295718402062177e-06,1.36037813603553,4.200025,4.193171,4.195158785714285,1.4396973482741289,950.5937999999152,98,4.200006,4.193172,-0.0068340000000004,950.5937999999152,98,0.9287320674663492,372.0,2.2289569619192378
399,3.05258100687268e-06,1.3770390629010698,4.200007,4.193155,4.19508281443299,1.6403787049588687,940.4901999998838,97,4.199996,4.193157,-0.0068389999999993,940.4901999998838,97,0.9281603027999934,371.0,2.227584726719984
400,3.0207891118986155e-06,1.3801423950385134,4.200019,4.193172,4.195105051546391,1.6529313227332003,947.673599999398,97,4.200013,4.193172,-0.0068410000000005,947.673599999398,97,0.9276497927809828,370.0,2.2263595026743586
401,3.0207891118986155e-06,1.3801423950385134,4.200019,4.193172,4.195105051546391,1.6529313227332003,947.673599999398,97,4.200013,4.193172,-0.0068410000000005,947.673599999398,97,0.9276497927809828,369.0,2.2263595026743586
402,3.0791333230241503e-06,1.3684171838239376,4.200034,4.193129,4.195077226804123,1.6173916875126628,948.8865000000224,97,4.199998,4.193129,-0.006869,948.8865000000224,97,0.9284759416005368,368.0,2.2283422598412885
403,3.052263151202788e-06,1.3769714663624757,4.200028,4.193149,4.19508587628866,1.6373384756227982,949.4802000001072,97,4.19998,4.193153,-0.0068270000000003,949.4802000001072,97,0.9278247905987708,367.0,2.2267794974370494
404,3.2573830717442053e-06,1.356527734814095,4.200025,4.193137,4.195149020408163,1.4321435417561506,950.9040000000967,98,4.200009,4.193137,-0.0068719999999995,950.9040000000967,98,0.927368894786253,366.0,2.225685347487007
405,3.059100378947422e-06,1.3680065970374076,4.200013,4.19311,4.195094,1.6094856767246903,947.934299999848,96,4.199982,4.19311,-0.0068720000000004,947.934299999848,96,0.9266492960416778,365.0,2.2239583105000267
406,3.059100378947422e-06,1.3680065970374076,4.200013,4.19311,4.195094,1.6094856767246903,947.934299999848,96,4.199982,4.19311,-0.0068720000000004,947.934299999848,96,0.9266492960416778,364.0,2.2239583105000267
407,3.091596312714859e-06,1.355092092127408,4.2,4.193096,4.195064824742268,1.580210837319464,946.7960000000894,97,4.199998,4.193096,-0.0069020000000001,946.7960000000894,97,0.9272069438032312,363.0,2.225296665127755
408,3.279823237113369e-06,1.349865535182561,4.200019,4.193144,4.195134142857143,1.4103014591816063,953.9172000000252,98,4.200006,4.193144,-0.0068619999999999,953.9172000000252,98,0.9268105533565824,362.0,2.2243453280557977
409,3.099929378436206e-06,1.3692129039636338,4.200017,4.193095,4.195053701030928,1.6187334555374728,940.581999999471,97,4.200015,4.193095,-0.00692,940.581999999471,97,0.9261419813180868,361.0,2.222740755163408
410,3.0819739596220068e-06,1.3679895688380517,4.200006,4.193091,4.195061463917526,1.6166299298577598,947.8366000000389,97,4.199995,4.193096,-0.0068990000000006,947.8366000000389,97,0.9255493050606772,360.0,2.221318332145625
411,3.0819739596220068e-06,1.3679895688380517,4.200006,4.193091,4.195061463917526,1.6166299298577598,947.8366000000389,97,4.199995,4.193096,-0.0068990000000006,947.8366000000389,97,0.9255493050606772,359.0,2.221318332145625
412,2.90288012357457e-06,1.3761284778806877,4.200014,4.193029,4.194978114583333,1.8095565601386832,939.6140000000596,96,4.200014,4.193029,-0.0069850000000002,939.6140000000596,96,0.925998243984138,358.0,2.222395785561931
413,3.113348895833227e-06,1.3601559349350745,4.200035,4.193075,4.195053,1.5920521167848525,941.0325999995694,97,4.200007,4.193089,-0.0069180000000006,941.0325999995694,97,0.9256103083186696,357.0,2.221464739964807
414,3.090056827963887e-06,1.365945021927765,4.200019,4.193113,4.195067278350516,1.6019930578123147,942.7940999995916,97,4.200001,4.193141,-0.0068600000000005,942.7940999995916,97,0.9249528504296278,356.0,2.219886841031107
415,2.886205506908012e-06,1.372950782633206,4.200025,4.193079,4.19499359375,1.7919841176109066,939.0645000003278,96,4.200001,4.193079,-0.0069220000000003,939.0645000003278,96,0.924441523350716,355.0,2.2186596560417184
416,2.886205506908012e-06,1.372950782633206,4.200025,4.193079,4.19499359375,1.7919841176109066,939.0645000003278,96,4.200001,4.193079,-0.0069220000000003,939.0645000003278,96,0.924441523350716,354.0,2.2186596560417184
417,3.1437114942009993e-06,1.3495425421683656,4.200007,4.193048,4.195031329896907,1.5565310972056356,949.1783000007272,97,4.200007,4.193086,-0.0069210000000001,949.1783000007272,97,0.9249362623640468,353.0,2.2198470296737125
418,3.0965170601376183e-06,1.3600138119266008,4.20001,4.19309,4.195062340206185,1.5889839920958448,949.5799000002444,97,4.199989,4.19309,-0.0068990000000006,949.5799000002444,97,0.9244188511617988,352.0,2.218605242788317
419,3.13409286217102e-06,1.3567406626956842,4.200005,4.193052,4.19504646875,1.5710884325693413,943.469299999997,96,4.199985,4.193052,-0.006933,943.469299999997,96,0.923832849780818,351.0,2.2171988394739635
420,3.3243618009019e-06,1.3401924801172185,4.200015,4.193063,4.195126618556701,1.3830289393314188,955.684399999678,97,4.200009,4.193063,-0.0069459999999992,955.684399999678,97,0.9234917902974878,350.0,2.2163802967139707
421,3.3243618009019e-06,1.3401924801172185,4.200015,4.193063,4.195126618556701,1.3830289393314188,955.684399999678,97,4.200009,4.193063,-0.0069459999999992,955.684399999678,97,0.9234917902974878,349.0,2.2163802967139707
422,3.1724298855241328e-06,1.3515622247841164,4.200021,4.193027,4.1950202268041235,1.5644543706050364,944.0781999994068,97,4.200014,4.193027,-0.0069870000000005,944.0781999994068,97,0.924207910581001,348.0,2.2180989853944024
423,2.9227272416665955e-06,1.3667274700038683,4.200021,4.193055,4.194971479166667,1.7765373800774804,939.1700999997556,96,4.200006,4.193061,-0.0069449999999999,939.1700999997556,96,0.9235181700902672,347.0,2.216443608216641
424,3.154235583118514e-06,1.3524385330390165,4.200019,4.19303,4.195026144329897,1.5673025889505214,945.7520999992266,97,4.199992,4.193063,-0.0069289999999995,945.7520999992266,97,0.9230132569204562,346.0,2.2152318166090947
425,3.1366540470362177e-06,1.3583702787989285,4.200019,4.193052,4.19503512371134,1.5894528688933698,946.0848000003024,97,4.199999,4.193054,-0.0069449999999999,946.0848000003024,97,0.922612148716452,345.0,2.214269156919485
426,3.1366540470362177e-06,1.3583702787989285,4.200019,4.193052,4.19503512371134,1.5894528688933698,946.0848000003024,97,4.199999,4.193054,-0.0069449999999999,946.0848000003024,97,0.922612148716452,344.0,2.214269156919485
427,3.1697522042763224e-06,1.3501620308506672,4.200019,4.193012,4.19502871875,1.5535587248061593,949.9512000000104,96,4.199995,4.193012,-0.0069829999999999,949.9512000000104,96,0.9232010060389902,343.0,2.2156824144935765
428,3.1641553009019874e-06,1.3541373324358552,4.200016,4.193035,4.1950193814432994,1.581055811406188,947.4824000000954,97,4.200016,4.193035,-0.0069809999999996,947.4824000000954,97,0.9224838798470456,342.0,2.213961311632909
429,3.403205271302301e-06,1.333614731445344,4.200017,4.192977,4.195059806122449,1.3696843555625926,951.1010999996216,98,4.200017,4.192977,-0.0070399999999999,951.1010999996216,98,0.9218822482969834,341.0,2.21251739591276
430,2.961611954759347e-06,1.3610701304833277,4.20002,4.192991,4.194952505263157,1.7622671742895597,936.3499999996276,95,4.199994,4.193011,-0.0069829999999999,936.3499999996276,95,0.921359977195117,340.0,2.2112639452682807
431,2.961611954759347e-06,1.3610701304833277,4.20002,4.192991,4.194952505263157,1.7622671742895597,936.3499999996276,95,4.199994,4.193011,-0.0069829999999999,936.3499999996276,95,0.921359977195117,339.0,2.2112639452682807
432,3.2307712422680115e-06,1.3399685662158871,4.200027,4.192936,4.194980134020619,1.532965387222183,947.073700000532,97,4.199997,4.192936,-0.0070609999999993,947.073700000532,97,0.9218717054215708,338.0,2.2124920930117695
433,3.1873588219500916e-06,1.350231335363267,4.200012,4.193006,4.195002030927835,1.555839558453416,944.878299999982,97,4.199999,4.193008,-0.0069910000000001,944.878299999982,97,0.9213242394263164,337.0,2.2111781746231594
434,3.2256247272337156e-06,1.354221788757648,4.200027,4.192979,4.1949744329896905,1.563303050797619,942.3126999996604,97,4.200027,4.192979,-0.0070480000000001,942.3126999996604,97,0.9206736503070386,336.0,2.2096167607368926
435,3.4213959255207227e-06,1.3324135410398867,4.200025,4.193006,4.195052632653062,1.3586913404757903,951.3628000002354,98,4.20001,4.193006,-0.0070040000000002,951.3628000002354,98,0.9203437000857648,335.0,2.2088248802058357
436,3.4213959255207227e-06,1.3324135410398867,4.200025,4.193006,4.195052632653062,1.3586913404757903,951.3628000002354,98,4.20001,4.193006,-0.0070040000000002,951.3628000002354,98,0.9203437000857648,334.0,2.2088248802058357
437,3.253952109965588e-06,1.336750009074544,4.2,4.192926,4.194953742268042,1.517577981770016,943.0175000000744,97,4.199983,4.192926,-0.0070569999999996,943.0175000000744,97,0.9206824011894256,333.0,2.209637762854621
438,3.209581864690686e-06,1.3472175852096182,4.200014,4.19298,4.194991226804124,1.5543465091606294,941.7501999996604,97,4.199993,4.19298,-0.0070129999999997,941.7501999996604,97,0.9201727228500884,332.0,2.208414534840212
439,3.225073073024086e-06,1.3419166272092609,4.200023,4.192943,4.194977226804124,1.538405909951249,944.3870000001044,97,4.199991,4.192943,-0.0070480000000001,944.3870000001044,97,0.9195948670196602,331.0,2.2070276808471845
440,3.218081269544656e-06,1.3435050792992922,4.200008,4.192964,4.194975793814433,1.5448982155371502,947.9824999999256,97,4.200008,4.192964,-0.0070440000000004,947.9824999999256,97,0.9191951153037486,330.0,2.2060682767289967
441,3.218081269544656e-06,1.3435050792992922,4.200008,4.192964,4.194975793814433,1.5448982155371502,947.9824999999256,97,4.200008,4.192964,-0.0070440000000004,947.9824999999256,97,0.9191951153037486,329.0,2.2060682767289967
442,3.263774657431225e-06,1.3298287133818123,4.200019,4.192906,4.194964608247423,1.5013602687582357,945.4714999999852,97,4.199965,4.192906,-0.0070589999999999,945.4714999999852,97,0.919831386687821,328.0,2.2075953280507705
443,3.4614965205132604e-06,1.3172821534947938,4.200021,4.192924,4.195029489795918,1.323528509826263,955.689699999988,98,4.2,4.192924,-0.0070760000000005,955.689699999988,98,0.919250892754094,327.0,2.2062021426098255
444,3.2602461982389355e-06,1.3387323171381085,4.200013,4.192945,4.194958268041237,1.5210488138951352,946.0944999996572,97,4.200013,4.192945,-0.0070680000000002,946.0944999996572,97,0.9187300351842864,326.0,2.204952084442287
445,3.251348009235268e-06,1.3439452635493638,4.200009,4.192933,4.194955618556701,1.5501603208598485,944.8718000007792,97,4.199992,4.192933,-0.0070589999999999,944.8718000007792,97,0.9180982388471932,325.0,2.2034357732332635
446,3.251348009235268e-06,1.3439452635493638,4.200009,4.192933,4.194955618556701,1.5501603208598485,944.8718000007792,97,4.199992,4.192933,-0.0070589999999999,944.8718000007792,97,0.9180982388471932,324.0,2.2034357732332635
447,3.2749383890352565e-06,1.334706056270231,4.200016,4.1929,4.194972104166667,1.5025835192302377,942.5430999994278,96,4.200007,4.1929,-0.0071070000000004,942.5430999994278,96,0.918874241122962,323.0,2.205298178695109
448,3.292461835051583e-06,1.3349469764278792,4.200022,4.192875,4.194940092783505,1.5169383520321005,946.7713000001386,97,4.200013,4.192875,-0.0071380000000003,946.7713000001386,97,0.9182437523759844,322.0,2.2037850057023625
449,3.5018563687144177e-06,1.3157341978397732,4.200007,4.192916,4.195000112244898,1.3154574433857378,956.014000000432,98,4.2,4.192916,-0.0070839999999998,956.014000000432,98,0.9176883307864666,321.0,2.20245199388752
450,3.2767953256015416e-06,1.3357981520335245,4.200013,4.192915,4.194950865979381,1.5199621999918675,941.6893999995664,97,4.200011,4.192917,-0.0070940000000003,941.6893999995664,97,0.91710809797522,320.0,2.201059435140528
451,3.2767953256015416e-06,1.3357981520335245,4.200013,4.192915,4.194950865979381,1.5199621999918675,941.6893999995664,97,4.200011,4.192917,-0.0070940000000003,941.6893999995664,97,0.91710809797522,319.0,2.201059435140528
452,3.3102780732455585e-06,1.3244859154182245,4.200035,4.192875,4.194950270833333,1.4848386658376262,948.367399999872,96,4.199995,4.192875,-0.0071200000000004,948.367399999872,96,0.9176454688166062,318.0,2.202349125159855
453,3.3102296273624993e-06,1.328609758881384,4.200013,4.19288,4.1949234845360825,1.499886431840213,941.94550000038,97,4.200013,4.19288,-0.0071330000000005,941.94550000038,97,0.9171583067029164,317.0,2.2011799360869997
454,3.520620767620283e-06,1.3114281220419532,4.200018,4.192878,4.194987479591838,1.3089086802975838,953.36439999938,98,4.199977,4.192883,-0.0070939999999994,953.36439999938,98,0.9165656626836238,316.0,2.199757590440697
455,3.537174513960324e-06,1.3129128313483294,4.200024,4.192846,4.194995082474226,1.3024214388215198,952.5537999998778,97,4.19999,4.192846,-0.0071439999999993,952.5537999998778,97,0.915956808022293,315.0,2.198296339253503
456,3.537174513960324e-06,1.3129128313483294,4.200024,4.192846,4.194995082474226,1.3024214388215198,952.5537999998778,97,4.19999,4.192846,-0.0071439999999993,952.5537999998778,97,0.915956808022293,314.0,2.198296339253503
457,3.352432960910535e-06,1.323476785008652,4.200028,4.192831,4.194906494845361,1.4800606837241976,947.1716999998316,97,4.199995,4.192831,-0.0071640000000003,947.1716999998316,97,0.9166792379506156,313.0,2.200030171081478
458,3.5478001802017886e-06,1.311634540348512,4.200004,4.192861,4.194976397959183,1.297866862424201,953.4205000000076,98,4.200002,4.192861,-0.0071409999999998,953.4205000000076,98,0.9161252547731096,312.0,2.198700611455463
459,3.558039061645343e-06,1.3150262755969486,4.200023,4.192857,4.194961897959184,1.3141316566898245,958.151999999769,98,4.199976,4.192858,-0.0071180000000001,958.151999999769,98,0.9153688366278694,311.0,2.1968852079068864
460,3.5345014185995685e-06,1.3108487074155803,4.200027,4.192882,4.195004525773196,1.2970755045963451,959.3285999996588,97,4.200001,4.192882,-0.0071190000000003,959.3285999996588,97,0.9150177956767128,310.0,2.196042709624111
461,3.5345014185995685e-06,1.3108487074155803,4.200027,4.192882,4.195004525773196,1.2970755045963451,959.3285999996588,97,4.200001,4.192882,-0.0071190000000003,959.3285999996588,97,0.9150177956767128,309.0,2.196042709624111
462,3.605844483589259e-06,1.304049058917727,4.200024,4.192821,4.194943969387754,1.2756888141532197,955.9939000001176,98,4.200014,4.192824,-0.0071900000000004,955.9939000001176,98,0.9155011827369496,308.0,2.197202838568679
463,3.358895413230402e-06,1.335186638773299,4.200027,4.192812,4.194898422680412,1.524156578501051,943.6321000000462,97,4.199995,4.192816,-0.0071790000000007,943.6321000000462,97,0.9147672220779344,307.0,2.195441332987042
464,3.351023943299055e-06,1.3335140995385006,4.200007,4.19284,4.194895742268041,1.500378309219585,944.317400000058,97,4.200007,4.19284,-0.0071669999999999,944.317400000058,97,0.914109165780828,306.0,2.1938619978739875
465,3.365944782431294e-06,1.3250971161225502,4.200022,4.192815,4.194891391752577,1.4847611110849486,947.3606000002474,97,4.199997,4.19282,-0.0071769999999995,947.3606000002474,97,0.9137690979338106,305.0,2.1930458350411453
466,3.365944782431294e-06,1.3250971161225502,4.200022,4.192815,4.194891391752577,1.4847611110849486,947.3606000002474,97,4.199997,4.19282,-0.0071769999999995,947.3606000002474,97,0.9137690979338106,304.0,2.1930458350411453
467,3.4124341782646968e-06,1.321029483339665,4.200024,4.192803,4.194870391752577,1.468213159491636,949.9593000002204,97,4.20001,4.192803,-0.0072070000000001,949.9593000002204,97,0.9145348720755786,303.0,2.1948836929813886
468,3.630917610036e-06,1.3059394008687502,4.200014,4.19279,4.194926091836734,1.2909757423935069,951.7935999995098,98,4.199988,4.19279,-0.0071980000000007,951.7935999995098,98,0.9137342099115467,302.0,2.1929621037877123
469,3.393872829467318e-06,1.3193241395791733,4.20002,4.19278,4.19487193814433,1.4660368182340284,947.8256000000983,97,4.199998,4.19278,-0.0072179999999999,947.8256000000983,97,0.9134323764799532,301.0,2.192237703551888
470,3.171559061142104e-06,1.3267172797223192,4.200029,4.192752,4.194817705263157,1.6454476649189913,938.4427000004798,95,4.199983,4.192752,-0.0072309999999999,938.4427000004798,95,0.9128246161657092,300.0,2.190779078797702
471,3.171559061142104e-06,1.3267172797223192,4.200029,4.192752,4.194817705263157,1.6454476649189913,938.4427000004798,95,4.199983,4.192752,-0.0072309999999999,938.4427000004798,95,0.9128246161657092,299.0,2.190779078797702
472,3.683295211866274e-06,1.295485168204114,4.200008,4.192742,4.194893673469387,1.2549688376086618,950.270599999465,98,4.200002,4.192742,-0.0072599999999996,950.270599999465,98,0.9132896977574148,298.0,2.1918952746177953
473,3.638239563223365e-06,1.300682230157799,4.200013,4.192749,4.19491706122449,1.281581176224558,952.5770999994128,98,4.199981,4.192751,-0.0072299999999998,952.5770999994128,98,0.9126155305124332,297.0,2.1902772732298397
474,3.4025005728093074e-06,1.314774001477466,4.200022,4.19278,4.194872010309279,1.4515039783838692,949.9961000001058,97,4.199999,4.19278,-0.007219,949.9961000001058,97,0.912190241501838,296.0,2.189256579604411
475,3.4205303747852414e-06,1.3127496681661952,4.200009,4.192759,4.194861855670103,1.4469751223856924,940.458599999547,97,4.200004,4.192759,-0.0072450000000001,940.458599999547,97,0.9117014946578452,295.0,2.1880835871788284
476,3.4205303747852414e-06,1.3127496681661952,4.200009,4.192759,4.194861855670103,1.4469751223856924,940.458599999547,97,4.200004,4.192759,-0.0072450000000001,940.458599999547,97,0.9117014946578452,294.0,2.1880835871788284
477,3.6950103917526496e-06,1.2924607932747607,4.200038,4.192727,4.194902857142857,1.2482641813081954,952.8529000002892,98,4.200038,4.192731,-0.0073069999999999,952.8529000002892,98,0.9123901857514708,293.0,2.1897364458035296
478,3.418139354276283e-06,1.313568000194557,4.200009,4.192732,4.19487515625,1.4438259456304885,946.6118000000716,96,4.2,4.192732,-0.0072679999999998,946.6118000000716,96,0.9117888088632322,292.0,2.1882931412717572
479,3.4142366303693817e-06,1.3126735427252552,4.200008,4.192747,4.194864876288659,1.4584058638858024,948.2464000005276,97,4.200002,4.192747,-0.0072549999999997,948.2464000005276,97,0.9110386517159283,291.0,2.186492764118228
480,3.6562923610395016e-06,1.28953042386562,4.200004,4.192729,4.194923185567011,1.239894441115346,953.4851000001654,97,4.199986,4.192742,-0.007244,953.4851000001654,97,0.9105700505110764,290.0,2.1853681212265834
481,3.6562923610395016e-06,1.28953042386562,4.200004,4.192729,4.194923185567011,1.239894441115346,953.4851000001654,97,4.199986,4.192742,-0.007244,953.4851000001654,97,0.9105700505110764,289.0,2.1853681212265834
482,3.747865905323019e-06,1.2876730497855282,4.200026,4.192671,4.194861306122449,1.2425153209213478,951.8004999998956,98,4.200002,4.192671,-0.0073309999999997,951.8004999998956,98,0.9113943684812548,288.0,2.187346484355011
483,3.2117515574561897e-06,1.3152950885392758,4.200012,4.192698,4.1947791458333334,1.6269010391095908,937.1061000004412,96,4.200012,4.192702,-0.0073100000000003,937.1061000004412,96,0.9108378213752352,287.0,2.1860107713005643
484,3.4614211720361447e-06,1.3052833231598584,4.200025,4.192733,4.194844876288659,1.4279381683659769,947.1254999991506,97,4.200011,4.192733,-0.0072780000000003,947.1254999991506,97,0.910237616351367,286.0,2.184570279243281
485,3.4741021211340433e-06,1.3143321504299204,4.200019,4.192719,4.1948240618556705,1.4549633845304482,949.5569000001996,97,4.200004,4.192719,-0.0072849999999995,949.5569000001996,97,0.9095361810694854,285.0,2.182886834566765
486,3.4741021211340433e-06,1.3143321504299204,4.200019,4.192719,4.1948240618556705,1.4549633845304482,949.5569000001996,97,4.200004,4.192719,-0.0072849999999995,949.5569000001996,97,0.9095361810694854,284.0,2.182886834566765
487,3.536759166022428e-06,1.2917326887143463,4.200012,4.192627,4.194798443298969,1.387318194362964,947.3698000013828,97,4.200012,4.192689,-0.0073230000000004,947.3698000013828,97,0.9102694611559742,283.0,2.184646706774338
488,3.4914102615978973e-06,1.3008881048654504,4.200013,4.192648,4.194814391752577,1.4090385845502147,944.7022000011056,97,4.199974,4.192661,-0.0073129999999999,944.7022000011056,97,0.909783993839116,282.0,2.1834815852138783
489,3.49183694692975e-06,1.3056761824846443,4.200027,4.192675,4.194831854166666,1.4269329109066544,945.947100000456,96,4.199985,4.192675,-0.0073099999999994,945.947100000456,96,0.9093869412897488,281.0,2.182528659095397
490,3.538399978737049e-06,1.2986614953156668,4.200029,4.19265,4.194798979381444,1.4112688621564868,945.0070999991148,97,4.20001,4.19265,-0.0073599999999993,945.0070999991148,97,0.9085808169674586,280.0,2.1805939607219007
491,3.538399978737049e-06,1.2986614953156668,4.200029,4.19265,4.194798979381444,1.4112688621564868,945.0070999991148,97,4.20001,4.19265,-0.0073599999999993,945.0070999991148,97,0.9085808169674586,279.0,2.1805939607219007
492,3.7610071964023753e-06,1.280660580522745,4.200023,4.192661,4.194856173469388,1.2119122330679066,952.6995999999344,98,4.200001,4.192686,-0.0073150000000001,952.6995999999344,98,0.9091436552338972,278.0,2.181944772561353
493,3.5050582714776436e-06,1.30810904765166,4.200033,4.192662,4.194803247422681,1.4400950215692787,948.2816000003368,97,4.200033,4.192662,-0.007371,948.2816000003368,97,0.9083373762086854,277.0,2.1800097029008447
494,3.787052921102383e-06,1.2871256565292502,4.200038,4.19266,4.194836081632653,1.232200391446821,950.282499998808,98,4.199953,4.19266,-0.0072929999999997,950.282499998808,98,0.9076441371920974,276.0,2.1783459292610337
495,3.7799755448138738e-06,1.2841964033034092,4.200033,4.192609,4.1948434183673475,1.225175608955515,952.6611999999732,98,4.200006,4.192609,-0.007397,952.6611999999732,98,0.9072946169629488,275.0,2.1775070807110772
496,3.7799755448138738e-06,1.2841964033034092,4.200033,4.192609,4.1948434183673475,1.225175608955515,952.6611999999732,98,4.200006,4.192609,-0.007397,952.6611999999732,98,0.9072946169629488,274.0,2.1775070807110772
497,3.5573607295961416e-06,1.2913570811884694,4.20001,4.192609,4.194774453608248,1.3797055031949026,946.430999999866,97,4.199973,4.19262,-0.0073530000000001,946.430999999866,97,0.9080265871602576,273.0,2.179263809184618
498,3.539743423574444e-06,1.2953417807313354,4.200023,4.192616,4.194804197916667,1.388783203317654,943.991700001061,96,4.200012,4.192616,-0.0073959999999999,943.991700001061,96,0.9071989026842188,272.0,2.177277366442125
499,3.551894119298364e-06,1.3009639297847226,4.20002,4.192598,4.194805166666667,1.4046431659389556,942.7292999997736,96,4.200019,4.192598,-0.0074209999999999,942.7292999997736,96,0.9065453858092312,271.0,2.1757089259421547
500,3.769525784557102e-06,1.2850708729417173,4.200012,4.19268,4.194848734693878,1.2179552197013144,955.0811999998988,98,4.200007,4.19268,-0.007327,955.0811999998988,98,0.906112330167744,270.0,2.1746695924025854
501,3.769525784557102e-06,1.2850708729417173,4.200012,4.19268,4.194848734693878,1.2179552197013144,955.0811999998988,98,4.200007,4.19268,-0.007327,955.0811999998988,98,0.906112330167744,269.0,2.1746695924025854
502,3.632899539948473e-06,1.277824065129756,4.200007,4.192544,4.194742041237114,1.3375956654816306,944.3311999998988,97,4.19997,4.192544,-0.0074260000000005,944.3311999998988,97,0.9069865866881855,268.0,2.1767678080516455
503,3.5685437317440182e-06,1.2937310233233,4.200018,4.192616,4.194778505154639,1.3862082183558324,947.5896000005304,97,4.200013,4.192616,-0.007397,947.5896000005304,97,0.9064037274479084,267.0,2.1753689458749803
504,3.848139957079733e-06,1.2722664026636783,4.200012,4.192595,4.194813040816326,1.1879514214394402,950.4682999998332,98,4.200004,4.192595,-0.0074089999999999,950.4682999998332,98,0.905804191292927,266.0,2.1739300591030246
505,3.8043887052387696e-06,1.2711263255993763,4.200009,4.192606,4.194839530612246,1.191623881852249,957.389699999243,98,4.200005,4.192609,-0.0073959999999999,957.389699999243,98,0.9053953622321902,265.0,2.1729488693572563
506,3.8043887052387696e-06,1.2711263255993763,4.200009,4.192606,4.194839530612246,1.191623881852249,957.389699999243,98,4.200005,4.192609,-0.0073959999999999,957.389699999243,98,0.9053953622321902,264.0,2.1729488693572563
507,3.6266001516322774e-06,1.280540678174647,4.200012,4.19256,4.194748257731958,1.3500421501940827,948.5723999999464,97,4.199997,4.192569,-0.0074279999999999,948.5723999999464,97,0.9059618897106468,263.0,2.174308535305552
508,3.862314950978426e-06,1.2738566323272222,4.200029,4.192603,4.194804448979592,1.1875821611713977,950.867499999702,98,4.200008,4.192608,-0.0074000000000005,950.867499999702,98,0.9054134292271904,262.0,2.1729922301452564
509,3.849862275299886e-06,1.2687617967112117,4.200006,4.192569,4.1948108469387755,1.1813288532141797,957.8075999990106,98,4.199999,4.192575,-0.0074240000000003,957.8075999990106,98,0.9056137980684276,261.0,2.1734731153642257
510,3.6049083737113207e-06,1.284044090955058,4.200017,4.192565,4.194756793814433,1.3669023615623304,948.680099999532,97,4.199995,4.192565,-0.0074300000000002,948.680099999532,97,0.90559110085613,260.0,2.1734186420547124
511,3.6049083737113207e-06,1.284044090955058,4.200017,4.192565,4.194756793814433,1.3669023615623304,948.680099999532,97,4.199995,4.192565,-0.0074300000000002,948.680099999532,97,0.90559110085613,259.0,2.1734186420547124
512,3.924665736692702e-06,1.248418803128572,4.20001,4.192488,4.194773479591837,1.124340189163081,954.489600000903,98,4.199982,4.192489,-0.0074930000000001,954.489600000903,98,0.905914275699246,258.0,2.17419426167819
513,3.8507568059119745e-06,1.269196016306836,4.20002,4.192582,4.194809091836735,1.1868153481588997,955.0436000004412,98,4.20002,4.192585,-0.007435,955.0436000004412,98,0.9055284028983012,257.0,2.1732681669559226
514,3.8641950766752425e-06,1.2653764001738843,4.200027,4.192531,4.194826164948453,1.1626759828192008,959.1354999989272,97,4.200001,4.192531,-0.0074700000000005,959.1354999989272,97,0.9046797694249296,256.0,2.171231446619831
515,3.886717088154809e-06,1.2668116653128625,4.200021,4.192535,4.194788326530612,1.1811110911611062,950.7255999986082,98,4.199985,4.192535,-0.0074499999999995,950.7255999986082,98,0.9040160267014,255.0,2.1696384640833597
516,3.886717088154809e-06,1.2668116653128625,4.200021,4.192535,4.194788326530612,1.1811110911611062,950.7255999986082,98,4.199985,4.192535,-0.0074499999999995,950.7255999986082,98,0.9040160267014,254.0,2.1696384640833597
517,3.93029799076451e-06,1.2537026520560242,4.200021,4.192497,4.1947983917525775,1.1342132940994172,955.648500001058,97,4.199998,4.192497,-0.0075009999999995,955.648500001058,97,0.9049126687072492,253.0,2.171790404897398
518,3.695492923539514e-06,1.2751844289552114,4.200021,4.192499,4.19470781443299,1.3285789450443493,948.1420999988914,97,4.200001,4.192499,-0.0075020000000005,948.1420999988914,97,0.9038064759753512,252.0,2.1691355423408427
519,3.9003193267410375e-06,1.2636498731322023,4.200027,4.192518,4.19478381632653,1.1635111126678024,950.8413999993354,98,4.199971,4.192574,-0.007397,950.8413999993354,98,0.9035590967152456,251.0,2.1685418321165892
520,3.9148797425836065e-06,1.264237797018698,4.200007,4.192499,4.19477237755102,1.172558860037133,959.7876999992876,98,4.199981,4.192516,-0.0074649999999998,959.7876999992876,98,0.903339702975918,250.0,2.168015287142203
521,3.9148797425836065e-06,1.264237797018698,4.200007,4.192499,4.19477237755102,1.172558860037133,959.7876999992876,98,4.199981,4.192516,-0.0074649999999998,959.7876999992876,98,0.903339702975918,249.0,2.168015287142203
522,3.956379960130521e-06,1.2579579112240828,4.200019,4.192475,4.19475456122449,1.15918591095595,952.4276999998838,98,4.200002,4.192475,-0.0075269999999996,952.4276999998838,98,0.9029564008463284,248.0,2.167095362031188
523,3.9313850019987165e-06,1.2611072606014264,4.20001,4.192497,4.194769316326531,1.1603110112044956,955.136000001803,98,4.2,4.192497,-0.0075029999999998,955.136000001803,98,0.9027156056559936,247.0,2.1665174535743845
524,3.727611571950147e-06,1.2719601789036152,4.200019,4.192453,4.194688969072165,1.3215356930453033,949.512800000608,97,4.200007,4.192464,-0.007543,949.512800000608,97,0.9020407635776776,246.0,2.164897832586426
525,3.675896108032797e-06,1.277433068749128,4.200004,4.192523,4.194712639175258,1.3376490418951712,948.0408999994396,97,4.199989,4.192523,-0.0074659999999999,948.0408999994396,97,0.901314398251827,245.0,2.1631545558043848
526,3.675896108032797e-06,1.277433068749128,4.200004,4.192523,4.194712639175258,1.3376490418951712,948.0408999994396,97,4.199989,4.192523,-0.0074659999999999,948.0408999994396,97,0.901314398251827,244.0,2.1631545558043848
527,4.225721577819007e-06,1.2276408241257688,4.200023,4.192434,4.194796535353535,0.9562178371958252,960.529299998656,99,4.199987,4.192434,-0.0075529999999996,960.529299998656,99,0.9021323539657584,243.0,2.16511764951782
528,3.994825368083509e-06,1.2503901111871372,4.200005,4.192441,4.194732153061224,1.1216916231554517,952.1252999994904,98,4.199975,4.192441,-0.0075340000000005,952.1252999994904,98,0.9010751259450978,242.0,2.1625803022682346
529,3.979745577214218e-06,1.2517074893926776,4.200006,4.192449,4.194737010204082,1.1347355635786394,952.882600000128,98,4.199997,4.192451,-0.0075459999999996,952.882600000128,98,0.9008890752619076,241.0,2.162133780628578
530,4.002661766147676e-06,1.2530329267807423,4.200025,4.192434,4.1947358061224485,1.1494826394824167,952.3139999993144,98,4.20002,4.192434,-0.0075859999999998,952.3139999993144,98,0.8999612161395012,240.0,2.159906918734803
531,4.002661766147676e-06,1.2530329267807423,4.200025,4.192434,4.1947358061224485,1.1494826394824167,952.3139999993144,98,4.20002,4.192434,-0.0075859999999998,952.3139999993144,98,0.8999612161395012,239.0,2.159906918734803
532,4.006892649800113e-06,1.2485716983977082,4.200019,4.192459,4.19473437755102,1.1267531134329265,954.4787999987602,98,4.199991,4.192461,-0.00753,954.4787999987602,98,0.900967028525194,238.0,2.1623208684604656
533,3.752057519544626e-06,1.2669355341190858,4.200017,4.192434,4.194673793814433,1.3106196771501026,947.5330000016838,97,4.200002,4.192434,-0.0075679999999991,947.5330000016838,97,0.9001787887964684,237.0,2.160429093111524
534,4.000174680412425e-06,1.2551457144226073,4.200016,4.19244,4.194730428571428,1.1445035286476777,953.9262000005692,98,4.200015,4.19244,-0.0075749999999992,953.9262000005692,98,0.899323577720239,236.0,2.1583765865285733
535,4.010279401632308e-06,1.2485888658438031,4.200019,4.192419,4.1947427422680414,1.1202098891841683,952.0750999990852,97,4.200006,4.192419,-0.007587,952.0750999990852,97,0.8995911900180935,235.0,2.1590188560434243
536,4.010279401632308e-06,1.2485888658438031,4.200019,4.192419,4.1947427422680414,1.1202098891841683,952.0750999990852,97,4.200006,4.192419,-0.007587,952.0750999990852,97,0.8995911900180935,234.0,2.1590188560434243
537,4.338621691610155e-06,1.2167848073704972,4.200024,4.192341,4.19474611111111,0.9311113478706332,964.9522999990731,99,4.199987,4.192341,-0.0076460000000002,964.9522999990731,99,0.8998575282446383,233.0,2.159658067787132
538,4.027315805175754e-06,1.2509154784953014,4.200019,4.192387,4.194712265306123,1.1372294475707494,951.336599998176,98,4.200001,4.192399,-0.0076020000000003,951.336599998176,98,0.8986785222441154,232.0,2.156828453385877
539,3.792564644627216e-06,1.2622090198377416,4.200026,4.192403,4.194670135416667,1.299304501636647,945.2262999992818,96,4.200026,4.19241,-0.0076160000000005,945.2262999992818,96,0.8979119468323318,231.0,2.154988672397596
540,3.7900021753289127e-06,1.2626514607644277,4.200018,4.192402,4.19467384375,1.3005877112446291,949.0935999993236,96,4.199995,4.19241,-0.0075850000000006,949.0935999993236,96,0.8980296347248568,230.0,2.155271123339656
541,3.7900021753289127e-06,1.2626514607644277,4.200018,4.192402,4.19467384375,1.3005877112446291,949.0935999993236,96,4.199995,4.19241,-0.0075850000000006,949.0935999993236,96,0.8980296347248568,229.0,2.155271123339656
542,4.112444103092822e-06,1.2443908133934956,4.200027,4.192339,4.194677714285715,1.1152733120418945,956.5804999992253,98,4.200008,4.192358,-0.0076500000000008,956.5804999992253,98,0.8984867871486646,228.0,2.156368289156795
543,3.847526579467421e-06,1.2615452916425578,4.20002,4.192335,4.194615061855671,1.3003393014214528,945.9671999998392,97,4.200008,4.192335,-0.0076730000000004,945.9671999998392,97,0.8973786643218653,227.0,2.1537087943724766
544,4.07759348043331e-06,1.2414666129320322,4.200009,4.19236,4.194687234693878,1.1068695560540838,956.8112000003456,98,4.199987,4.19236,-0.0076270000000002,956.8112000003456,98,0.8968564053035154,226.0,2.152455372728437
545,4.06631397233334e-06,1.243494543027322,4.200014,4.192379,4.194696193877552,1.1181413571065746,952.6170000005512,98,4.199994,4.192389,-0.0076049999999998,952.6170000005512,98,0.896344777165926,225.0,2.151227465198222
546,4.06631397233334e-06,1.243494543027322,4.200014,4.192379,4.194696193877552,1.1181413571065746,952.6170000005512,98,4.199994,4.192389,-0.0076049999999998,952.6170000005512,98,0.896344777165926,224.0,2.151227465198222
547,4.155337365137829e-06,1.234234146200611,4.200021,4.192299,4.194658295918367,1.0862145355909525,956.9491999987512,98,4.200015,4.1923,-0.0077149999999992,956.9491999987512,98,0.8970019517895003,223.0,2.1528046842948005
548,3.886619039304278e-06,1.255592085807367,4.200027,4.192325,4.194599340206185,1.2856464350945518,949.2108999993652,97,4.200007,4.192328,-0.0076790000000004,949.2108999993652,97,0.8962132804659697,222.0,2.150911873118327
549,4.121842743341904e-06,1.2400420260482,4.200024,4.192327,4.194694164948453,1.0937704396777392,950.15180000104,97,4.199997,4.192327,-0.00767,950.15180000104,97,0.8953533556968185,221.0,2.1488480536723644
550,4.3329302729333195e-06,1.2214484932502754,4.200004,4.192352,4.19473494949495,0.9382528589198352,961.7592000011356,99,4.199974,4.192358,-0.0076160000000005,961.7592000011356,99,0.8948375415495368,220.0,2.147610099718888
551,4.3329302729333195e-06,1.2214484932502754,4.200004,4.192352,4.19473494949495,0.9382528589198352,961.7592000011356,99,4.199974,4.192358,-0.0076160000000005,961.7592000011356,99,0.8948375415495368,219.0,2.147610099718888
552,4.430668313749661e-06,1.2056936599953698,4.200014,4.19227,4.19468994949495,0.8947152455418013,964.806400001049,99,4.199988,4.192273,-0.0077150000000001,964.806400001049,99,0.8953789996450711,218.0,2.1489095991481704
553,3.897662846434663e-06,1.2435902399247645,4.2,4.192303,4.194589865979381,1.2461714382219378,949.2657000012696,97,4.2,4.192303,-0.0076970000000002,949.2657000012696,97,0.8945660590632767,217.0,2.146958541751864
554,4.16606593351559e-06,1.2348747923057195,4.200011,4.192278,4.194638326530612,1.086215586291194,951.3040999993682,98,4.199986,4.192278,-0.007708,951.3040999993682,98,0.8939380731579549,216.0,2.145451375579092
555,4.159794942654764e-06,1.2393147008429397,4.200025,4.192293,4.194659927835052,1.0968094347207802,950.5774999987334,97,4.200016,4.192293,-0.0077229999999994,950.5774999987334,97,0.8931257476772494,215.0,2.1435017944253985
556,4.159794942654764e-06,1.2393147008429397,4.200025,4.192293,4.194659927835052,1.0968094347207802,950.5774999987334,97,4.200016,4.192293,-0.0077229999999994,950.5774999987334,97,0.8931257476772494,214.0,2.1435017944253985
557,4.21537423990555e-06,1.219054888701801,4.200023,4.192206,4.1946442680412375,1.045667831623144,954.329500000924,97,4.199992,4.192206,-0.0077860000000002,954.329500000924,97,0.8940233238849615,213.0,2.1456559773239077
558,4.413996573532466e-06,1.206944164230921,4.200022,4.192258,4.19472093877551,0.8948984030058296,960.4589000009,98,4.19999,4.192258,-0.0077319999999998,960.4589000009,98,0.8931661048380373,212.0,2.1435986516112893
559,4.166423060781862e-06,1.229777489620335,4.200016,4.192283,4.194659041237114,1.067843635320838,954.8235999997704,97,4.199984,4.192283,-0.0077009999999999,954.8235999997704,97,0.8926813018909582,211.0,2.1424351245382995
560,4.213595002840382e-06,1.2292947916363457,4.200011,4.192238,4.194621867346939,1.075961768997333,954.3450000006706,98,4.200011,4.192238,-0.0077730000000002,954.3450000006706,98,0.8917550323722445,210.0,2.140212077693387
561,4.213595002840382e-06,1.2292947916363457,4.200011,4.192238,4.194621867346939,1.075961768997333,954.3450000006706,98,4.200011,4.192238,-0.0077730000000002,954.3450000006706,98,0.8917550323722445,209.0,2.140212077693387
562,4.2638991559013595e-06,1.2222455103607517,4.200021,4.192242,4.194606755102041,1.0559648292638264,960.0333999991416,98,4.200021,4.192242,-0.0077789999999993,960.0333999991416,98,0.8927782768120281,208.0,2.1426678643488675
563,3.9877879684278335e-06,1.2338219875525835,4.200026,4.192218,4.1945551030927835,1.2149446329484443,949.55189999938,97,4.199992,4.192218,-0.0077739999999995,949.55189999938,97,0.8917927053586744,207.0,2.1403024928608185
564,4.4646168010719324e-06,1.1997097408527408,4.20001,4.192225,4.194677070707071,0.8815497906552849,966.5816000010818,99,4.200009,4.192225,-0.007784,966.5816000010818,99,0.8911419676331656,206.0,2.1387407223195973
565,4.22651245360812e-06,1.2286678178011543,4.200022,4.192237,4.1946137142857145,1.0767951847630912,958.86969999969,98,4.199967,4.19224,-0.007727,958.86969999969,98,0.8905359359261,205.0,2.13728624622264
566,4.22651245360812e-06,1.2286678178011543,4.200022,4.192237,4.1946137142857145,1.0767951847630912,958.86969999969,98,4.199967,4.19224,-0.007727,958.86969999969,98,0.8905359359261,204.0,2.13728624622264
567,4.067868749141074e-06,1.2213204817342105,4.200019,4.192156,4.194513288659794,1.1729583644711723,947.1596000008284,97,4.200002,4.192156,-0.0078459999999997,947.1596000008284,97,0.8913814575208678,203.0,2.139315498050083
568,4.491145393321041e-06,1.2077137123761348,4.200018,4.192206,4.1946615454545455,0.9025214512663656,964.51070000045,99,4.200012,4.192209,-0.007803,964.51070000045,99,0.8904431318847948,202.0,2.1370635165235075
569,4.541178465677308e-06,1.202455971999958,4.200007,4.192185,4.194629727272727,0.8926710371174424,961.9673999994992,99,4.199991,4.192185,-0.0078059999999995,961.9673999994992,99,0.8896492643003431,201.0,2.1351582343208233
570,4.509856236445987e-06,1.1988956346401831,4.200016,4.192222,4.194659373737374,0.8832948401378129,967.741700001061,99,4.200002,4.19223,-0.0077719999999992,967.741700001061,99,0.8889385858316536,200.0,2.1334526059959686
571,4.509856236445987e-06,1.1988956346401831,4.200016,4.192222,4.194659373737374,0.8832948401378129,967.741700001061,99,4.200002,4.19223,-0.0077719999999992,967.741700001061,99,0.8889385858316536,199.0,2.1334526059959686
572,4.571083273721996e-06,1.1939967082423542,4.200025,4.192189,4.194652326530613,0.8614591132241265,966.0446999985724,98,4.200025,4.192201,-0.0078240000000002,966.0446999985724,98,0.8900268789225456,198.0,2.1360645094141093
573,4.286159462234344e-06,1.2185540368118215,4.200023,4.19221,4.194585959183673,1.0397311304874806,950.4625000003724,98,4.199992,4.19221,-0.0077819999999997,950.4625000003724,98,0.888751127770161,197.0,2.1330027066483863
574,4.295168643488338e-06,1.2239276260730063,4.200021,4.192159,4.194574295918367,1.063649315743043,959.1929999999702,98,4.199981,4.19216,-0.0078209999999998,959.1929999999702,98,0.8878447785400739,196.0,2.1308274684961774
575,4.324442247002051e-06,1.2151544971889916,4.2,4.192149,4.194564020408163,1.0318840294243672,959.9934000000358,98,4.199999,4.192157,-0.0078420000000001,959.9934000000358,98,0.8871143675386208,195.0,2.12907448209269
576,4.324442247002051e-06,1.2151544971889916,4.2,4.192149,4.194564020408163,1.0318840294243672,959.9934000000358,98,4.199999,4.192157,-0.0078420000000001,959.9934000000358,98,0.8871143675386208,194.0,2.12907448209269
577,4.358616113296904e-06,1.2029717180438428,4.200013,4.192116,4.1945569897959185,1.000942832734944,950.884600000456,98,4.199993,4.19212,-0.007873,950.884600000456,98,0.888176103383902,193.0,2.1316226481213647
578,4.360976594150861e-06,1.211995386642809,4.200021,4.192115,4.19455006122449,1.0279899627642703,953.6130999997258,98,4.200007,4.192115,-0.007892,953.6130999997258,98,0.8872729652454635,192.0,2.129455116589112
579,4.077492545614e-06,1.2182910534956015,4.200016,4.192139,4.194519958333333,1.1708288587255882,942.3742999993264,96,4.199987,4.192139,-0.007848,942.3742999993264,96,0.8862630753294672,191.0,2.1270313807907213
580,4.357651056701105e-06,1.215957073689884,4.200019,4.192132,4.194542357142858,1.0386760476109838,956.8661000002176,98,4.200001,4.192132,-0.0078690000000003,956.8661000002176,98,0.8858105384479189,190.0,2.1259452922750053
581,4.357651056701105e-06,1.215957073689884,4.200019,4.192132,4.194542357142858,1.0386760476109838,956.8661000002176,98,4.200001,4.192132,-0.0078690000000003,956.8661000002176,98,0.8858105384479189,189.0,2.1259452922750053
582,4.414774784767554e-06,1.1994640785556965,4.200008,4.192097,4.194528244897959,0.9931719349003516,951.9563999995588,98,4.200006,4.1921,-0.0079060000000001,951.9563999995588,98,0.8865916280172347,188.0,2.127819907241363
583,4.6034335889964116e-06,1.19383146288429,4.20003,4.192131,4.194627438775511,0.8644078193784925,962.8276000004262,98,4.199995,4.192131,-0.0078640000000005,962.8276000004262,98,0.8855036929605691,187.0,2.1252088631053656
584,4.133289219716371e-06,1.2284086099107625,4.200005,4.19209,4.194452319587628,1.1990308383557529,941.9473999999464,97,4.200005,4.192095,-0.0079099999999998,941.9473999999464,97,0.8848203562665132,186.0,2.1235688550396317
585,4.123994224011914e-06,1.2239393219428538,4.200021,4.192075,4.194467587628866,1.193053649714085,949.777499999851,97,4.199986,4.192088,-0.0078979999999999,949.777499999851,97,0.8840536957557074,185.0,2.1217288698136976
586,4.123994224011914e-06,1.2239393219428538,4.200021,4.192075,4.194467587628866,1.193053649714085,949.777499999851,97,4.199986,4.192088,-0.0078979999999999,949.777499999851,97,0.8840536957557074,184.0,2.1217288698136976
587,4.73119961781073e-06,1.1755248584232254,4.200025,4.192016,4.194558121212122,0.8236852652876796,965.5823999997228,99,4.19999,4.192016,-0.0079739999999999,965.5823999997228,99,0.885328353880762,183.0,2.1247880493138287
588,4.188993706400531e-06,1.2215579778920755,4.200015,4.192019,4.1944274329896905,1.1830852899353563,940.1064999997616,97,4.199986,4.192019,-0.0079669999999998,940.1064999997616,97,0.883824852503536,182.0,2.1211796460084864
589,3.29893461130173e-06,1.1625520989762663,4.199994,4.192017,4.1942347659574475,1.430075630218402,919.2680999990552,94,4.199994,4.192019,-0.007975,919.2680999990552,94,0.883134231788873,181.0,2.119522156293295
590,4.4312993953291585e-06,1.2097024891320831,4.200015,4.192071,4.194510081632654,1.0120540368731308,954.1370000001044,98,4.199986,4.192086,-0.0079000000000002,954.1370000001044,98,0.8828343993958434,180.0,2.118802558550024
591,4.4312993953291585e-06,1.2097024891320831,4.200015,4.192071,4.194510081632654,1.0120540368731308,954.1370000001044,98,4.199986,4.192086,-0.0079000000000002,954.1370000001044,98,0.8828343993958434,179.0,2.118802558550024
592,4.5509650704818405e-06,1.1965368428291066,4.200033,4.191943,4.1944530408163265,0.9952249003359976,959.0522000007333,98,4.20002,4.191954,-0.0080660000000003,959.0522000007333,98,0.8834802069381659,178.0,2.120352496651598
593,4.708863510410275e-06,1.179720364414648,4.20001,4.19204,4.194556141414142,0.8295231621620602,966.7709999997168,99,4.199995,4.192042,-0.0079530000000005,966.7709999997168,99,0.8825382954659583,177.0,2.1180919091183
594,4.488949495160958e-06,1.1980455689806715,4.200014,4.19202,4.194492377551021,0.993330148458099,959.1996999997646,98,4.2,4.192038,-0.007962,959.1996999997646,98,0.8816828540884416,176.0,2.11603884981226
595,4.468483510309173e-06,1.2066260982606398,4.200007,4.19205,4.194484642857143,1.0076677641577017,959.3215999994428,98,4.200007,4.192055,-0.0079520000000004,959.3215999994428,98,0.8810247166129545,175.0,2.1144593198710906
596,4.468483510309173e-06,1.2066260982606398,4.200007,4.19205,4.194484642857143,1.0076677641577017,959.3215999994428,98,4.200007,4.192055,-0.0079520000000004,959.3215999994428,98,0.8810247166129545,174.0,2.1144593198710906
597,4.530367124999894e-06,1.1898750222750327,4.200021,4.191942,4.194484999999999,0.968866832627134,954.3808999992908,97,4.200006,4.191942,-0.008064,954.3808999992908,97,0.8819429569195899,173.0,2.1166630966070157
598,4.50812701546415e-06,1.2006785411056962,4.20003,4.192009,4.194486785714286,0.9921141558308596,955.490700000897,98,4.200015,4.192009,-0.0080059999999999,955.490700000897,98,0.8808934099739751,172.0,2.1141441839375403
599,4.4492425189352285e-06,1.1919186344392578,4.200017,4.192027,4.194504459183673,0.9776498768220612,958.1642999984324,98,4.200017,4.192027,-0.0079899999999994,958.1642999984324,98,0.880121141923184,171.0,2.1122907406156415
600,4.458329634235316e-06,1.1989436465977923,4.200025,4.192039,4.1945196185567015,0.9864478245914704,956.9035000000148,97,4.200025,4.192039,-0.0079859999999998,956.9035000000148,97,0.879396894805387,170.0,2.1105525475329285
601,4.458329634235316e-06,1.1989436465977923,4.200025,4.192039,4.1945196185567015,0.9864478245914704,956.9035000000148,97,4.200025,4.192039,-0.0079859999999998,956.9035000000148,97,0.879396894805387,169.0,2.1105525475329285
602,4.608977297811998e-06,1.1879931620738675,4.200033,4.19192,4.194436663265305,0.964649898907084,958.9050999991596,98,4.200027,4.19192,-0.0081070000000007,958.9050999991596,98,0.8803182448316775,168.0,2.112763787596026
603,4.5391629951609754e-06,1.200045185166834,4.20002,4.191932,4.194459877551021,1.0034568570490916,950.8138000015168,98,4.20001,4.191932,-0.0080779999999993,950.8138000015168,98,0.8793887918073295,167.0,2.110533100337591
604,4.517501621291795e-06,1.195750999113085,4.200008,4.191997,4.194468612244898,0.9814585914108088,955.8173000011592,98,4.200008,4.191997,-0.0080110000000006,955.8173000011592,98,0.8783404865895343,166.0,2.1080171678148822
605,4.53782741005676e-06,1.1956094529962673,4.20001,4.191995,4.19445436734694,0.9776975043137104,957.7675000000744,98,4.199996,4.191995,-0.0080009999999992,957.7675000000744,98,0.8776082034087476,165.0,2.106259688180994
606,4.53782741005676e-06,1.1956094529962673,4.20001,4.191995,4.19445436734694,0.9776975043137104,957.7675000000744,98,4.199996,4.191995,-0.0080009999999992,957.7675000000744,98,0.8776082034087476,164.0,2.106259688180994
607,4.900801052772549e-06,1.1637608848534935,4.200012,4.191874,4.194465737373737,0.7884935204840628,961.868599999696,99,4.199991,4.191876,-0.008115,961.868599999696,99,0.8788521408570518,163.0,2.109245138056924
608,4.806768920222447e-06,1.178168717070322,4.200012,4.191956,4.194507090909092,0.8210609146237031,963.065600000322,99,4.200003,4.191956,-0.0080469999999994,963.065600000322,99,0.8776825220204278,162.0,2.1064380528490267
609,4.807224110351408e-06,1.179435171927881,4.200043,4.191958,4.194529153061224,0.8242630247915512,969.1369000002742,98,4.199989,4.191958,-0.0080310000000007,969.1369000002742,98,0.8768169562254235,161.0,2.1043606949410165
610,4.836454199873727e-06,1.1744589207163911,4.200012,4.191909,4.194513836734694,0.8155289062732543,963.4697000011802,98,4.200012,4.191909,-0.0081030000000001,963.4697000011802,98,0.8762065485514866,160.0,2.102895716523568
611,4.836454199873727e-06,1.1744589207163911,4.200012,4.191909,4.194513836734694,0.8155289062732543,963.4697000011802,98,4.200012,4.191909,-0.0081030000000001,963.4697000011802,98,0.8762065485514866,159.0,2.102895716523568
612,4.65290811960892e-06,1.1780655036451302,4.200006,4.191859,4.1944017653061225,0.9410606969361992,954.298499999568,98,4.199981,4.191869,-0.0081120000000005,954.298499999568,98,0.8772740495993797,158.0,2.1054577190385113
613,4.6513342605722445e-06,1.1881172697477604,4.200028,4.191892,4.1943971326530605,0.9622853694741004,950.3722999989986,98,4.199981,4.191892,-0.008089,950.3722999989986,98,0.8761015315856013,157.0,2.102643675805443
614,4.894468625710007e-06,1.1687245897395464,4.200031,4.191875,4.194495816326531,0.792324460820248,966.567599998787,98,4.200031,4.191875,-0.0081560000000004,966.567599998787,98,0.8750945505981661,156.0,2.100226921435598
615,4.91145287033605e-06,1.1681584665655262,4.200019,4.191881,4.194463313131314,0.8046902452143465,963.6415999997408,99,4.200006,4.191881,-0.0081249999999997,963.6415999997408,99,0.8743472861663328,155.0,2.0984334867991987
616,4.91145287033605e-06,1.1681584665655262,4.200019,4.191881,4.194463313131314,0.8046902452143465,963.6415999997408,99,4.200006,4.191881,-0.0081249999999997,963.6415999997408,99,0.8743472861663328,154.0,2.0984334867991987
617,4.980481633477586e-06,1.1527311884654,4.200015,4.191815,4.194439828282828,0.760210533140135,961.7304999995976,99,4.200015,4.191815,-0.0081999999999995,961.7304999995976,99,0.8758757339764291,153.0,2.10210176154343
618,4.645585421523087e-06,1.195797758540738,4.200023,4.191881,4.194394336734694,0.9749083625654156,950.732799999416,98,4.199986,4.191881,-0.0081049999999995,950.732799999416,98,0.8743221268208135,152.0,2.0983731043699523
619,4.412697651632241e-06,1.1958307901554623,4.200037,4.191845,4.194317257731958,1.1023215451260628,949.2954000011086,97,4.200021,4.191847,-0.0081739999999994,949.2954000011086,97,0.8736565605030555,151.0,2.0967757452073332
620,4.692033488402032e-06,1.1830418050628502,4.200024,4.191815,4.194399618556701,0.9560192427391168,955.6754999998956,97,4.200024,4.191815,-0.0082089999999999,955.6754999998956,97,0.8727506400959991,150.0,2.094601536230398
621,4.692033488402032e-06,1.1830418050628502,4.200024,4.191815,4.194399618556701,0.9560192427391168,955.6754999998956,97,4.200024,4.191815,-0.0082089999999999,955.6754999998956,97,0.8727506400959991,149.0,2.094601536230398
622,4.7502138422049e-06,1.1753736138974231,4.200019,4.191775,4.1943548163265305,0.931862881409122,953.4637000001968,98,4.200019,4.191775,-0.0082440000000003,953.4637000001968,98,0.8741635852531562,148.0,2.0979926046075748
623,4.741974605196652e-06,1.184742254576571,4.200037,4.191811,4.1943581530612235,0.949375568477184,957.1825999990106,98,4.200037,4.191812,-0.0082250000000003,957.1825999990106,98,0.8730408446007834,147.0,2.09529802704188
624,4.689946704467379e-06,1.186671714923438,4.200038,4.191836,4.194401061855671,0.9590646309407752,956.893999999389,97,4.200038,4.191843,-0.0081949999999997,956.893999999389,97,0.8721931357867008,146.0,2.093263525888082
625,4.9824870909090295e-06,1.162496443502108,4.200018,4.191815,4.1944249696969695,0.7860075640959958,961.9451999999584,99,4.199984,4.191815,-0.0081689999999996,961.9451999999584,99,0.8714811719841017,145.0,2.091554812761844
626,4.9824870909090295e-06,1.162496443502108,4.200018,4.191815,4.1944249696969695,0.7860075640959958,961.9451999999584,99,4.199984,4.191815,-0.0081689999999996,961.9451999999584,99,0.8714811719841017,144.0,2.091554812761844
627,4.5052632493555004e-06,1.178298549699838,4.200003,4.19176,4.19427355670103,1.053763304806376,948.9386999998242,97,4.199983,4.19176,-0.0082229999999992,948.9386999998242,97,0.8719900115281303,143.0,2.0927760276675125
628,4.76653380401852e-06,1.1765826664728167,4.200035,4.191774,4.194343989795918,0.933791492045874,951.9066000003368,98,4.200024,4.191774,-0.0082500000000003,951.9066000003368,98,0.871141270543957,142.0,2.0907390493054967
629,4.7626451088786464e-06,1.1815176475833988,4.200012,4.191785,4.194336275510204,0.9482694672230152,959.9988000001758,98,4.199972,4.191789,-0.0081829999999998,959.9988000001758,98,0.8709944536499392,141.0,2.090386688759854
630,5.069426246753183e-06,1.1607064799586613,4.200024,4.191741,4.194382424242424,0.7778086954898078,967.7503999993204,99,4.200005,4.191741,-0.0082639999999996,967.7503999993204,99,0.869168733140469,140.0,2.0860049595371257
631,5.069426246753183e-06,1.1607064799586613,4.200024,4.191741,4.194382424242424,0.7778086954898078,967.7503999993204,99,4.200005,4.191741,-0.0082639999999996,967.7503999993204,99,0.869168733140469,139.0,2.0860049595371257
632,4.878089519040771e-06,1.1652380481688491,4.200033,4.191693,4.194300918367347,0.8969575334673077,955.8488999996334,98,4.199993,4.191693,-0.0083000000000001,955.8488999996334,98,0.8706580224921318,138.0,2.089579253981116
633,5.057015731958869e-06,1.1604217102382215,4.200026,4.191766,4.194414142857142,0.7761315693871129,963.5512000005692,98,4.200026,4.191766,-0.0082599999999999,963.5512000005692,98,0.869002348162568,137.0,2.0856056355901633
634,5.0760161950112306e-06,1.1656393725330123,4.200031,4.191735,4.1943792222222225,0.7958253637248358,967.3418000005186,99,4.199985,4.191735,-0.0082499999999994,967.3418000005186,99,0.8689870344922868,136.0,2.085568882781488
635,5.085484317273175e-06,1.156856819852368,4.200031,4.191678,4.194393632653061,0.7664791809909879,964.0870999991894,98,4.20001,4.191678,-0.0083320000000002,964.0870999991894,98,0.8678956419065592,135.0,2.082949540575742
636,5.085484317273175e-06,1.156856819852368,4.200031,4.191678,4.194393632653061,0.7664791809909879,964.0870999991894,98,4.20001,4.191678,-0.0083320000000002,964.0870999991894,98,0.8678956419065592,134.0,2.082949540575742
637,5.176141865032554e-06,1.140786264175254,4.200007,4.191653,4.194361969387755,0.7240539431219961,965.3561000004412,98,4.200007,4.191653,-0.0083540000000006,965.3561000004412,98,0.8689661989261692,133.0,2.085518877422806
638,5.091678610595854e-06,1.157475377614111,4.200032,4.191716,4.194371404040403,0.780464548114475,964.6124000009148,99,4.200007,4.191716,-0.0082909999999998,964.6124000009148,99,0.8677598002743042,132.0,2.08262352065833
639,5.105313370645174e-06,1.1555936964060531,4.20002,4.191763,4.1943726565656565,0.7624409293236569,964.0504999998956,99,4.200015,4.191772,-0.0082429999999993,964.0504999998956,99,0.8670207141690613,131.0,2.080849714005747
640,5.126498762111175e-06,1.1541065070344527,4.200014,4.191691,4.194356747474747,0.7646524352722919,965.2127000000328,99,4.200009,4.191691,-0.008318,965.2127000000328,99,0.8664868810913292,130.0,2.07956851461919
641,5.126498762111175e-06,1.1541065070344527,4.200014,4.191691,4.194356747474747,0.7646524352722919,965.2127000000328,99,4.200009,4.191691,-0.008318,965.2127000000328,99,0.8664868810913292,129.0,2.07956851461919
642,5.230050004535234e-06,1.1407545249870297,4.200029,4.191641,4.194323444444445,0.7245485516346446,966.0769999995828,99,4.199972,4.191641,-0.008331,966.0769999995828,99,0.867557228859171,128.0,2.0821373492620103
643,4.8810585820533856e-06,1.1625005277235678,4.200012,4.191648,4.194289479591836,0.9017669630554042,959.8472000006586,98,4.200008,4.191648,-0.0083600000000005,959.8472000006586,98,0.8663624570584522,127.0,2.079269896940285
644,5.1408773024120115e-06,1.1591801323648592,4.200029,4.19171,4.194348606060606,0.7776537369994379,965.924699999392,99,4.199986,4.191725,-0.008261,965.924699999392,99,0.8642726374451162,126.0,2.0742543298682787
645,5.13442993477816e-06,1.1507820418186383,4.200031,4.191693,4.194375408163265,0.7510784842472775,961.667500000447,98,4.200031,4.191693,-0.0083380000000001,961.667500000447,98,0.863907179186849,125.0,2.0733772300484374
646,5.13442993477816e-06,1.1507820418186383,4.200031,4.191693,4.194375408163265,0.7510784842472775,961.667500000447,98,4.200031,4.191693,-0.0083380000000001,961.667500000447,98,0.863907179186849,124.0,2.0733772300484374
647,5.2841158684808025e-06,1.1356421489631157,4.200016,4.191607,4.194301222222222,0.7209979266188862,967.4589000009,99,4.200008,4.191607,-0.0084010000000001,967.4589000009,99,0.8652934131328766,123.0,2.0767041915189037
648,5.188473760255596e-06,1.147300473777369,4.200028,4.191678,4.194335070707071,0.7480271344411125,963.49469999969,99,4.200015,4.191678,-0.008337,963.49469999969,99,0.8642471694182046,122.0,2.0741932066036908
649,5.491638437847922e-06,1.1227520937492323,4.20001,4.191578,4.19438703030303,0.5866345435138665,970.2308000009508,99,4.199982,4.191578,-0.0084040000000005,970.2308000009508,99,0.8632750825971985,121.0,2.0718601982332765
650,5.2067130871983575e-06,1.1508619337575992,4.200033,4.191664,4.194332212121211,0.7568819164199745,962.0600000005217,99,4.19999,4.191665,-0.0083249999999992,962.0600000005217,99,0.8623952465766909,120.0,2.069748591784058
651,5.2067130871983575e-06,1.1508619337575992,4.200033,4.191664,4.194332212121211,0.7568819164199745,962.0600000005217,99,4.19999,4.191665,-0.0083249999999992,962.0600000005217,99,0.8623952465766909,119.0,2.069748591784058
652,5.0911864380390675e-06,1.1454692491184162,4.200023,4.191497,4.194198510204082,0.8550415289731133,954.811499999836,98,4.199993,4.191497,-0.008496,954.811499999836,98,0.8633369060179799,118.0,2.0720085744431516
653,4.105962537066272e-06,1.1496653123737353,4.200001,4.191547,4.194008073684211,1.2347997781274471,923.1555000003428,95,4.199985,4.191547,-0.0084379999999999,923.1555000003428,95,0.8620695409831038,117.0,2.068966898359449
654,5.272222599464265e-06,1.1396163393876375,4.200012,4.191583,4.1942914949494945,0.7301663949475685,965.7486999984832,99,4.199989,4.191586,-0.0084030000000003,965.7486999984832,99,0.8610878973357283,116.0,2.066610953605748
655,5.283163891981191e-06,1.1446542924523462,4.200016,4.191558,4.194290161616161,0.7434051893338567,960.319699998945,99,4.200012,4.191558,-0.0084540000000004,960.319699998945,99,0.8601702174464356,115.0,2.0644085218714454
656,5.283163891981191e-06,1.1446542924523462,4.200016,4.191558,4.194290161616161,0.7434051893338567,960.319699998945,99,4.200012,4.191558,-0.0084540000000004,960.319699998945,99,0.8601702174464356,114.0,2.0644085218714454
657,5.660669949393686e-06,1.1019135955142876,4.200016,4.191515,4.194317989999999,0.5453244841065512,972.3789000008256,100,4.199984,4.191515,-0.0084689999999998,972.3789000008256,100,0.8617983877204779,113.0,2.068316130529147
658,5.581229018585874e-06,1.113049782139673,4.200035,4.191577,4.19434654,0.5739818818655045,971.2981000002474,100,4.199986,4.191577,-0.0084090000000003,971.2981000002474,100,0.8602717147016159,112.0,2.064652115283878
659,5.339498025973946e-06,1.1331320865722856,4.200027,4.191557,4.194274787878788,0.7092611415449674,960.3083000015469,99,4.200012,4.191572,-0.0084400000000002,960.3083000015469,99,0.859186126064726,111.0,2.0620467025553424
660,5.2742702931353425e-06,1.1395089262626283,4.200011,4.191577,4.194289181818181,0.7328861401647564,967.693900000304,99,4.200011,4.191577,-0.0084340000000002,967.693900000304,99,0.8583430679143338,110.0,2.060023362994401
661,5.2742702931353425e-06,1.1395089262626283,4.200011,4.191577,4.194289181818181,0.7328861401647564,967.693900000304,99,4.200011,4.191577,-0.0084340000000002,967.693900000304,99,0.8583430679143338,109.0,2.060023362994401
662,5.3902229439290355e-06,1.126249534739406,4.20004,4.191507,4.194257707070707,0.6943910599245049,963.4263999983668,99,4.200009,4.191507,-0.008502,963.4263999983668,99,0.8601693794154063,108.0,2.064406510596975
663,4.789906210266436e-06,1.1550178454768147,4.200019,4.191511,4.194129525773196,0.9922862786204488,950.0286999996752,97,4.199991,4.191514,-0.008477,950.0286999996752,97,0.8583238156534556,107.0,2.0599771575682935
664,5.07605912181802e-06,1.1541431788988563,4.200014,4.191497,4.194194693877552,0.871415210576175,957.0347000006586,98,4.200012,4.191497,-0.008515,957.0347000006586,98,0.8574416462704195,106.0,2.0578599510490068
665,5.374465698716535e-06,1.1302423345358132,4.200011,4.191475,4.194267367346939,0.7036535065989975,966.9038999993354,98,4.200006,4.191475,-0.0085310000000005,966.9038999993354,98,0.856141984133627,105.0,2.0547407619207045
666,5.374465698716535e-06,1.1302423345358132,4.200011,4.191475,4.194267367346939,0.7036535065989975,966.9038999993354,98,4.200006,4.191475,-0.0085310000000005,966.9038999993354,98,0.856141984133627,104.0,2.0547407619207045
667,5.724838984745479e-06,1.0888993680191836,4.200005,4.191415,4.194309929292929,0.5087750234022574,970.6162000000476,99,4.200005,4.191415,-0.0085899999999998,970.6162000000476,99,0.857776883425578,103.0,2.058664520221387
668,5.385790718820839e-06,1.1302397501460102,4.200011,4.191502,4.1942435555555555,0.7065071416572528,963.649299999699,99,4.199991,4.191502,-0.0084889999999999,963.649299999699,99,0.8563412394013707,102.0,2.0552189745632896
669,5.11895131033027e-06,1.155613951086952,4.200026,4.191506,4.194171734693878,0.8790965416730177,959.4195999987425,98,4.200018,4.191509,-0.0085090000000001,959.4195999987425,98,0.854826454451717,101.0,2.051583490684121
670,5.684816682424132e-06,1.1113484157130342,4.200022,4.191455,4.19428538,0.5660863450360107,974.9703000001608,100,4.199977,4.191456,-0.008521,974.9703000001608,100,0.8542308340582738,100.0,2.050154001739857
671,5.684816682424132e-06,1.1113484157130342,4.200022,4.191455,4.19428538,0.5660863450360107,974.9703000001608,100,4.199977,4.191456,-0.008521,974.9703000001608,100,0.8542308340582738,99.0,2.050154001739857
672,5.569073413316866e-06,1.1156212151301248,4.200015,4.191367,4.194169929292928,0.6681972943841834,965.6455000005662,99,4.199973,4.191367,-0.0086060000000003,965.6455000005662,99,0.8560450225425047,98.0,2.054508054102011
673,5.492567734900158e-06,1.1253856579958574,4.200025,4.191451,4.194203414141414,0.6936309676637835,961.1776000000536,99,4.199995,4.191451,-0.0085440000000005,961.1776000000536,99,0.8547156614114714,97.0,2.051317587387531
674,5.47151845083484e-06,1.1284979307239815,4.200025,4.191439,4.194210575757577,0.7081806386618932,966.575400000438,99,4.20001,4.191443,-0.0085670000000002,966.575400000438,99,0.8535473796188825,96.0,2.048513711085318
675,5.24002155438679e-06,1.1404662722702703,4.200018,4.191379,4.1941073673469385,0.839525221430871,954.8464999999852,98,4.199993,4.191379,-0.0086139999999996,954.8464999999852,98,0.8525761548230198,95.0,2.0461827715752476
676,5.24002155438679e-06,1.1404662722702703,4.200018,4.191379,4.1941073673469385,0.839525221430871,954.8464999999852,98,4.199993,4.191379,-0.0086139999999996,954.8464999999852,98,0.8525761548230198,94.0,2.0461827715752476
677,5.85130465010113e-06,1.0934086127230749,4.200038,4.191368,4.19422942,0.5261692488374807,971.3706000000238,100,4.199964,4.191368,-0.0085959999999998,971.3706000000238,100,0.8542017523811846,93.0,2.050084205714843
678,5.5372743079776535e-06,1.122352607335927,4.200036,4.191385,4.194176757575758,0.6852208967289903,963.9900000002236,99,4.199988,4.191385,-0.0086029999999999,963.9900000002236,99,0.852297719119889,92.0,2.0455145258877336
679,5.837045055656462e-06,1.1085656832345756,4.200033,4.191347,4.19422193,0.5629371088804658,971.5693999994546,100,4.200012,4.191347,-0.0086649999999997,971.5693999994546,100,0.8508080768982645,91.0,2.041939384555835
680,5.838500041515077e-06,1.1003107298771304,4.200027,4.191342,4.19422283,0.5428448458911337,972.1387000009418,100,4.200027,4.191342,-0.0086850000000007,972.1387000009418,100,0.8499653354444061,90.0,2.0399168050665746
681,5.838500041515077e-06,1.1003107298771304,4.200027,4.191342,4.19422283,0.5428448458911337,972.1387000009418,100,4.200027,4.191342,-0.0086850000000007,972.1387000009418,100,0.8499653354444061,89.0,2.0399168050665746
682,5.682789469072238e-06,1.095340729668803,4.200016,4.191284,4.194150642857143,0.6117499795139336,963.2407999988644,98,4.199982,4.191284,-0.0086980000000007,963.2407999988644,98,0.8512563844677695,88.0,2.043015322722647
683,5.307901139175426e-06,1.1426353243635998,4.200025,4.191358,4.194084214285714,0.8506224278774597,958.3895000014454,98,4.200025,4.191358,-0.0086669999999999,958.3895000014454,98,0.8491350149266493,87.0,2.0379240358239583
684,5.926214142525288e-06,1.0937898990878645,4.200039,4.19132,4.194201830000001,0.5253325776905857,970.6729000005872,100,4.199991,4.191326,-0.0086649999999997,970.6729000005872,100,0.8471944876162637,86.0,2.033266770279033
685,5.926523046060451e-06,1.098652295201762,4.200023,4.191278,4.1941923800000005,0.532607223885246,971.4530999995768,100,4.200023,4.191278,-0.0087450000000002,971.4530999995768,100,0.8460985354674829,85.0,2.030636485121959
686,5.926523046060451e-06,1.098652295201762,4.200023,4.191278,4.1941923800000005,0.532607223885246,971.4530999995768,100,4.200023,4.191278,-0.0087450000000002,971.4530999995768,100,0.8460985354674829,84.0,2.030636485121959
687,6.010955998383855e-06,1.080330013326022,4.200009,4.191242,4.194165959999999,0.4957097360845233,978.6933999992908,100,4.199989,4.191258,-0.008731,978.6933999992908,100,0.84786509275281,83.0,2.034876222606744
688,5.686861879406232e-06,1.114391128957268,4.200038,4.19128,4.1941152424242425,0.6638151846191249,967.5978999994696,99,4.199991,4.19128,-0.0087109999999999,967.5978999994696,99,0.8473256523763381,82.0,2.0335815657032112
689,5.937663730908983e-06,1.0907780994113314,4.200004,4.191306,4.194180079999999,0.5112014304545389,973.84450000152,100,4.199986,4.191306,-0.00868,973.84450000152,100,0.8460984070429763,81.0,2.030636176903143
690,5.690221833230332e-06,1.1170409451706516,4.200029,4.191261,4.194105323232323,0.6769017086979141,966.8179999999702,99,4.200002,4.191271,-0.0087309999999991,966.8179999999702,99,0.8451675212182451,80.0,2.028402050923788
691,5.690221833230332e-06,1.1170409451706516,4.200029,4.191261,4.194105323232323,0.6769017086979141,966.8179999999702,99,4.200002,4.191271,-0.0087309999999991,966.8179999999702,99,0.8451675212182451,79.0,2.028402050923788
692,6.089915504646477e-06,1.0807461501452718,4.200007,4.191174,4.19412752,0.4966084602657408,975.0548000000416,100,4.2,4.191189,-0.0088110000000005,975.0548000000416,100,0.8465826141459034,78.0,2.031798273950168
693,5.76408989424847e-06,1.1075105922699262,4.200035,4.19121,4.194086606060607,0.6556623838693714,964.0191000010818,99,4.200027,4.19121,-0.0088170000000005,964.0191000010818,99,0.8449413400207522,77.0,2.027859216049805
694,5.428865429938884e-06,1.1282841631021168,4.20001,4.191218,4.194024153061224,0.8117638261262554,954.2017000000924,98,4.20001,4.191218,-0.0087919999999996,954.2017000000924,98,0.8440318012827718,76.0,2.025676323078652
695,4.833090286732456e-06,1.1383101739714272,4.200016,4.191139,4.1938561354166675,1.075339383675154,935.2508000005035,96,4.200006,4.191139,-0.0088670000000004,935.2508000005035,96,0.8426316452402703,75.0,2.0223159485766486
696,4.833090286732456e-06,1.1383101739714272,4.200016,4.191139,4.1938561354166675,1.075339383675154,935.2508000005035,96,4.200006,4.191139,-0.0088670000000004,935.2508000005035,96,0.8426316452402703,74.0,2.0223159485766486
697,6.213114103434376e-06,1.0716376325632802,4.200019,4.191065,4.194088759999999,0.4754323836404066,970.3855999987572,100,4.199998,4.191065,-0.0089329999999998,970.3855999987572,100,0.8442494101163432,73.0,2.0261985842792236
698,5.502410412371146e-06,1.1272054431962422,4.200021,4.191176,4.193983857142857,0.8012629051320994,953.0164000000804,98,4.20001,4.191183,-0.0088270000000001,953.0164000000804,98,0.8410718473179828,72.0,2.0185724335631585
699,5.84729273301075e-06,1.116503400387579,4.200037,4.191089,4.194048265306122,0.6740739651644567,968.5156999994068,98,4.200015,4.191089,-0.0089259999999997,968.5156999994068,98,0.8399945438901012,71.0,2.0159869053362427
700,5.83171755555532e-06,1.1196650994386768,4.200033,4.191218,4.194048555555556,0.6747236783304396,960.894200000912,99,4.200012,4.191218,-0.0087939999999999,960.894200000912,99,0.8388854643847377,70.0,2.0133251145233704
701,5.83171755555532e-06,1.1196650994386768,4.200033,4.191218,4.194048555555556,0.6747236783304396,960.894200000912,99,4.200012,4.191218,-0.0087939999999999,960.894200000912,99,0.8388854643847377,69.0,2.0133251145233704
702,5.630757135809003e-06,1.1111084088058645,4.200035,4.191087,4.193944091836735,0.7638338945536964,959.308199999854,98,4.200035,4.191101,-0.0089339999999999,959.308199999854,98,0.8403955620736886,68.0,2.0169493489768526
703,5.892265694083571e-06,1.1061378209152624,4.200053,4.191128,4.194024858585858,0.6540210676931526,963.9229000005872,99,4.200003,4.191149,-0.0088539999999994,963.9229000005872,99,0.8386050497111396,67.0,2.012652119306735
704,5.851156074417543e-06,1.1110752430634174,4.200022,4.191168,4.1940303131313135,0.660982248465745,960.1869000010192,99,4.199991,4.191175,-0.0088159999999994,960.1869000010192,99,0.8371354562203164,66.0,2.009125094928759
705,5.872731081838879e-06,1.10863262531517,4.20002,4.191117,4.194017414141414,0.6584382446786652,964.9624000005424,99,4.199997,4.191117,-0.0088799999999995,964.9624000005424,99,0.8360137464871611,65.0,2.0064329915691865
706,5.872731081838879e-06,1.10863262531517,4.20002,4.191117,4.194017414141414,0.6584382446786652,964.9624000005424,99,4.199997,4.191117,-0.0088799999999995,964.9624000005424,99,0.8360137464871611,64.0,2.0064329915691865
707,6.55384488039614e-06,1.0486424791756188,4.200034,4.191078,4.1941138019801985,0.3413291990850289,984.126899998635,101,4.199971,4.191138,-0.008833,984.126899998635,101,0.8376914454982417,63.0,2.01045946919578
708,5.9538329587715055e-06,1.104996312780642,4.20001,4.191075,4.193989020202021,0.6381753146291937,965.757500000298,99,4.199995,4.191076,-0.0089190000000005,965.757500000298,99,0.8356310576731198,62.0,2.0055145384154875
709,5.971354608740488e-06,1.0989263138546257,4.200026,4.19105,4.193993323232323,0.6350664492682823,965.7872000001372,99,4.200026,4.19105,-0.0089760000000005,965.7872000001372,99,0.8345813805176457,61.0,2.0029953132423497
710,6.214169107606638e-06,1.083502614023324,4.200025,4.191105,4.194089212121212,0.4894636781857922,973.1523000001908,99,4.199979,4.191105,-0.0088739999999996,973.1523000001908,99,0.8332633149979805,60.0,1.999831955995153
711,6.214169107606638e-06,1.083502614023324,4.200025,4.191105,4.194089212121212,0.4894636781857922,973.1523000001908,99,4.199979,4.191105,-0.0088739999999996,973.1523000001908,99,0.8332633149979805,59.0,1.999831955995153
712,6.640480030098942e-06,1.047768627774604,4.200033,4.191029,4.1940839009900985,0.335314595846981,981.5125000011176,101,4.200025,4.191029,-0.0089959999999997,981.5125000011176,101,0.8349437457007086,58.0,2.0038649896817007
713,6.2698920238383105e-06,1.0798673481780847,4.200023,4.191055,4.19404358,0.4907587449945239,975.1181000005454,100,4.2,4.191055,-0.0089449999999997,975.1181000005454,100,0.8331210285753395,57.0,1.9994904685808148
714,5.989175089053746e-06,1.1005674636566265,4.200007,4.19105,4.193969484848486,0.631483635191846,967.2429999988526,99,4.199974,4.191056,-0.0089180000000004,967.2429999988526,99,0.8316838715729784,56.0,1.996041291775148
715,6.013862000824603e-06,1.0986580420857834,4.200027,4.191026,4.193967171717172,0.6314454560443878,967.6963999997824,99,4.200027,4.191029,-0.008998,967.6963999997824,99,0.8305082148491288,55.0,1.9932197156379092
716,6.013862000824603e-06,1.0986580420857834,4.200027,4.191026,4.193967171717172,0.6314454560443878,967.6963999997824,99,4.200027,4.191029,-0.008998,967.6963999997824,99,0.8305082148491288,54.0,1.9932197156379092
717,6.403768919191733e-06,1.065289705656843,4.200019,4.190959,4.1940045,0.4609841711262419,973.9517999999224,100,4.200009,4.190959,-0.0090499999999993,973.9517999999224,100,0.8322389713618906,53.0,1.9973735312685377
718,6.055632580705333e-06,1.0977131562388562,4.20001,4.19103,4.19394996969697,0.6235981262760548,968.4294000007212,99,4.199993,4.19103,-0.0089630000000004,968.4294000007212,99,0.8305349585635249,52.0,1.9932839005524596
719,6.020189538922949e-06,1.0957724850973876,4.200039,4.190998,4.1939838673469385,0.6171560393758266,969.3894999995828,98,4.199972,4.190998,-0.0089740000000002,969.3894999995828,98,0.8289786535838193,51.0,1.989548768601166
720,6.0525989350651245e-06,1.0878559809297197,4.199997,4.190992,4.193941393939394,0.6045913039896593,967.177899999544,99,4.199997,4.191003,-0.0089939999999995,967.177899999544,99,0.8277270509979763,50.0,1.986544922395143
721,6.0525989350651245e-06,1.0878559809297197,4.199997,4.190992,4.193941393939394,0.6045913039896593,967.177899999544,99,4.199997,4.191003,-0.0089939999999995,967.177899999544,99,0.8277270509979763,49.0,1.986544922395143
722,6.1719303026178955e-06,1.077476658576688,4.200007,4.190912,4.193908323232324,0.5771094833312831,969.4064000006764,99,4.199992,4.190914,-0.0090779999999996,969.4064000006764,99,0.8295066024098052,48.0,1.9908158457835323
723,5.820936073216801e-06,1.104465548517131,4.200026,4.190945,4.193846265306123,0.7459279331610431,956.2348999995738,98,4.199981,4.190953,-0.0090279999999998,956.2348999995738,98,0.8274962313410031,47.0,1.9859909552184072
724,6.093212246581105e-06,1.0957536645819124,4.20003,4.190969,4.193954204081632,0.6237919736928612,968.7487000003456,98,4.200026,4.190969,-0.0090570000000003,968.7487000003456,98,0.8262406663068543,46.0,1.9829775991364504
725,6.156968690373206e-06,1.0999699503729152,4.200052,4.190954,4.193914323232323,0.6319698568172183,969.6761000007392,99,4.200052,4.190954,-0.0090980000000007,969.6761000007392,99,0.8264436857026562,45.0,1.983464845686375
726,6.156968690373206e-06,1.0999699503729152,4.200052,4.190954,4.193914323232323,0.6319698568172183,969.6761000007392,99,4.200052,4.190954,-0.0090980000000007,969.6761000007392,99,0.8264436857026562,44.0,1.983464845686375
727,6.848436326930906e-06,1.0312468495574685,4.200016,4.190843,4.194004425742574,0.3022313791427296,980.8849999997764,101,4.199984,4.190843,-0.0091409999999996,980.8849999997764,101,0.8283786241587342,43.0,1.988108697980962
728,6.517193091733504e-06,1.068919256811155,4.200034,4.19086,4.193969898989899,0.4629218156416907,976.0886000003666,99,4.200034,4.19086,-0.0091739999999997,976.0886000003666,99,0.8266397914988234,42.0,1.983935499597176
729,6.202690539888553e-06,1.0850808928664366,4.200021,4.190874,4.193884636363635,0.5965578684428992,961.2582000009716,99,4.199972,4.190884,-0.0090880000000002,961.2582000009716,99,0.8253575150170349,41.0,1.9808580360408836
730,6.201296274582402e-06,1.091475575104235,4.20002,4.190886,4.1938823030303025,0.6131774805963901,968.9379999991506,99,4.199997,4.190895,-0.0091019999999995,968.9379999991506,99,0.8244634815403405,40.0,1.9787123556968176
731,6.201296274582402e-06,1.091475575104235,4.20002,4.190886,4.1938823030303025,0.6131774805963901,968.9379999991506,99,4.199997,4.190895,-0.0091019999999995,968.9379999991506,99,0.8244634815403405,39.0,1.9787123556968176
732,6.655557121616285e-06,1.0536276748075877,4.200024,4.190792,4.193893359999999,0.4316014097485574,972.5933000016958,100,4.199985,4.190792,-0.0091929999999997,972.5933000016958,100,0.8259943981065283,38.0,1.982386555455668
733,6.572786020614381e-06,1.0644679545516045,4.200024,4.190812,4.193944858585858,0.4501541459489444,976.5719999987632,99,4.199967,4.190812,-0.0091549999999998,976.5719999987632,99,0.8240501272801047,37.0,1.9777203054722512
734,6.551370560296958e-06,1.068123663206511,4.200021,4.190841,4.193946303030303,0.4655699494764138,976.024700000882,99,4.2,4.190841,-0.0091590000000003,976.024700000882,99,0.8208623469602515,36.0,1.9700696327046037
735,6.605329383737509e-06,1.0742663955013083,4.200029,4.190865,4.19391449,0.4818480951016002,979.7287000007929,100,4.200016,4.190865,-0.0091510000000001,979.7287000007929,100,0.8195407355408736,35.0,1.9668977652980968
736,6.605329383737509e-06,1.0742663955013083,4.200029,4.190865,4.19391449,0.4818480951016002,979.7287000007929,100,4.200016,4.190865,-0.0091510000000001,979.7287000007929,100,0.8195407355408736,34.0,1.9668977652980968
737,6.7336074925253636e-06,1.051663869321582,4.200047,4.190729,4.193866320000001,0.4329975869350608,978.1334000006318,100,4.200047,4.190731,-0.0093159999999992,978.1334000006318,100,0.8215729712902041,33.0,1.97177513109649
738,6.626193166060713e-06,1.0632124947745212,4.200005,4.190804,4.19389184,0.4574292839906726,971.9115999992936,100,4.199991,4.190809,-0.009182,971.9115999992936,100,0.8194921069896828,32.0,1.9667810567752384
739,6.622707209647532e-06,1.0652712246383165,4.200044,4.190799,4.193928545454545,0.4571621169514546,978.6480000000448,99,4.200011,4.190799,-0.0092119999999997,978.6480000000448,99,0.8188464519957689,31.0,1.965231484789845
740,6.358859440527673e-06,1.0890440961278216,4.200039,4.190816,4.1938187373737374,0.6017972025884579,969.5224999990314,99,4.200021,4.190825,-0.0091959999999993,969.5224999990314,99,0.8185206274416057,30.0,1.9644495058598537
741,6.358859440527673e-06,1.0890440961278216,4.200039,4.190816,4.1938187373737374,0.6017972025884579,969.5224999990314,99,4.200021,4.190825,-0.0091959999999993,969.5224999990314,99,0.8185206274416057,29.0,1.9644495058598537
742,7.1116765457425675e-06,1.0271703652984143,4.200025,4.190694,4.193905881188119,0.2953852560538212,988.7560000009836,101,4.2,4.190694,-0.0093060000000004,988.7560000009836,101,0.8188024811378793,28.0,1.9651259547309103
743,6.993213569504876e-06,1.0404405049909176,4.20003,4.190804,4.193941445544554,0.319410912128264,982.9592000003904,101,4.200025,4.190804,-0.0092210000000001,982.9592000003904,101,0.8176330592948656,27.0,1.9623193423076777
744,6.711336252525193e-06,1.057353232127188,4.200012,4.190725,4.1938625,0.4428207271068691,975.1085999999196,100,4.199986,4.190725,-0.0092610000000004,975.1085999999196,100,0.816799445289106,26.0,1.9603186686938543
745,6.731280633838639e-06,1.063595840202062,4.200033,4.190756,4.19385635,0.4547331900461309,978.506500000134,100,4.200033,4.190756,-0.0092769999999999,978.506500000134,100,0.8158548958525781,25.0,1.9580517500461871
746,6.731280633838639e-06,1.063595840202062,4.200033,4.190756,4.19385635,0.4547331900461309,978.506500000134,100,4.200033,4.190756,-0.0092769999999999,978.506500000134,100,0.8158548958525781,24.0,1.9580517500461871
747,7.241851771287447e-06,1.019955373598006,4.200027,4.190619,4.193857534653466,0.2830257678963219,981.9290999993682,101,4.199986,4.190624,-0.0093620000000003,981.9290999993682,101,0.8176444610368474,23.0,1.9623467064884337
748,6.505226719851417e-06,1.0758335925436358,4.20005,4.19066,4.193762545454545,0.5768524788780716,964.1360999997704,99,4.200012,4.19066,-0.0093519999999998,964.1360999997704,99,0.8158045266190977,22.0,1.9579308638858344
749,6.509736812615818e-06,1.0760635264625915,4.200028,4.190665,4.193751727272727,0.5863908173457215,966.8455999996512,99,4.200021,4.190665,-0.0093559999999994,966.8455999996512,99,0.8141154533784516,21.0,1.953877088108284
750,6.55559424324909e-06,1.082476262733196,4.20004,4.190638,4.193734040404039,0.588059201972988,969.933199999854,99,4.20004,4.19064,-0.0094000000000002,969.933199999854,99,0.8125081739513628,20.0,1.9500196174832705
751,6.55559424324909e-06,1.082476262733196,4.20004,4.190638,4.193734040404039,0.588059201972988,969.933199999854,99,4.20004,4.19064,-0.0094000000000002,969.933199999854,99,0.8125081739513628,19.0,1.9500196174832705
752,6.671167116470799e-06,1.0635766105853874,4.200024,4.190579,4.1936996161616165,0.5466321618876404,964.6848000008612,99,4.199998,4.190579,-0.0094190000000002,964.6848000008612,99,0.8145856249788206,18.0,1.9550054999491693
753,6.955057757575846e-06,1.054384547412077,4.200032,4.190586,4.1937694,0.4354790021819461,974.6666999999434,100,4.199989,4.190586,-0.0094030000000007,974.6666999999434,100,0.812496139119127,17.0,1.9499907338859048
754,6.927063917070717e-06,1.0570184788173649,4.200023,4.190614,4.193778609999999,0.4361015239811081,975.1294999998064,100,4.199996,4.190614,-0.0093819999999995,975.1294999998064,100,0.8113028070802526,16.0,1.9471267369926064
755,6.930228898080695e-06,1.0532962120954452,4.200036,4.190582,4.193776029999999,0.4227101581542887,974.7737000007182,100,4.199997,4.190582,-0.0094149999999997,974.7737000007182,100,0.8097418883942057,15.0,1.9433805321460935
756,6.930228898080695e-06,1.0532962120954452,4.200036,4.190582,4.193776029999999,0.4227101581542887,974.7737000007182,100,4.199997,4.190582,-0.0094149999999997,974.7737000007182,100,0.8097418883942057,14.0,1.9433805321460935
757,7.406844734851408e-06,1.0177520560238422,4.200031,4.190495,4.193795693069307,0.2766865621871139,983.6098999995738,101,4.200013,4.190495,-0.0095179999999999,983.6098999995738,101,0.8119963074371186,13.0,1.9487911378490843
758,7.287348139604051e-06,1.0279004122429296,4.200019,4.19056,4.193830019801981,0.3005276446764298,980.639000000432,101,4.199999,4.190578,-0.0094209999999996,980.639000000432,101,0.8083071022293304,12.0,1.939937045350393
759,6.978961953205613e-06,1.0560005146608182,4.200031,4.190547,4.193772838383838,0.4361822286856851,973.1090999990702,99,4.200031,4.190547,-0.0094840000000004,973.1090999990702,99,0.806622099666353,11.0,1.9358930391992473
760,6.97769497616155e-06,1.055896221937047,4.200035,4.190583,4.19374856,0.4365413057145151,979.167299998924,100,4.200035,4.190583,-0.0094519999999995,979.167299998924,100,0.8052170730927255,10.0,1.9325209754225412
761,6.97769497616155e-06,1.055896221937047,4.200035,4.190583,4.19374856,0.4365413057145151,979.167299998924,100,4.200035,4.190583,-0.0094519999999995,979.167299998924,100,0.8052170730927255,9.0,1.9325209754225412
762,7.166338413232462e-06,1.035097032936688,4.200039,4.190467,4.19371247,0.3920547053429661,975.4912999998778,100,4.199981,4.190474,-0.0095070000000001,975.4912999998778,100,0.8073508583372895,8.0,1.9376420600094948
763,7.082583918367337e-06,1.047129263911282,4.200016,4.190492,4.193733333333333,0.4142504437957015,976.5316999983042,99,4.200014,4.190492,-0.0095220000000004,976.5316999983042,99,0.8053159882907377,7.0,1.9327583718977703
764,7.108776525252506e-06,1.0523755760632814,4.200051,4.190543,4.1937204,0.4274912905664858,978.7755000013858,100,4.200021,4.19055,-0.0094709999999995,978.7755000013858,100,0.8036928497020154,6.0,1.9288628392848368
765,6.812435023706616e-06,1.0712267759644467,4.200054,4.190467,4.193618343434344,0.5671808264085119,966.0524000003934,99,4.199987,4.190467,-0.0095200000000001,966.0524000003934,99,0.8021435309067911,5.0,1.9251444741762984
766,6.812435023706616e-06,1.0712267759644467,4.200054,4.190467,4.193618343434344,0.5671808264085119,966.0524000003934,99,4.199987,4.190467,-0.0095200000000001,966.0524000003934,99,0.8021435309067911,4.0,1.9251444741762984
767,7.258395826427476e-06,1.0255277832459115,4.200031,4.190353,4.193687898989899,0.3648478165784841,977.8437000010164,99,4.200031,4.190353,-0.009678,977.8437000010164,99,0.8043289145681851,3.0,1.930389394963644
768,6.78892331033042e-06,1.0599737659334068,4.200027,4.19048,4.1936612653061225,0.5306840300797808,967.18209999986,98,4.199988,4.19048,-0.0095080000000002,967.18209999986,98,0.8019490635286091,2.0,1.9246777524686616
769,7.11820709173352e-06,1.0471674769770138,4.200023,4.190485,4.19372498989899,0.411526190538289,978.3983999993652,99,4.199999,4.190485,-0.0095140000000002,978.3983999993652,99,0.8004233038285934,1.0,1.921015929188624
770,7.195926047979834e-06,1.0486235005626123,4.200033,4.190437,4.19367265,0.4231885213609874,972.1461000014096,100,4.200004,4.190439,-0.0095650000000002,972.1461000014096,100,0.7991116834632142,0.0,1.917868040311714
771,7.195926047979834e-06,1.0486235005626123,4.200033,4.190437,4.19367265,0.4231885213609874,972.1461000014096,100,4.200004,4.190439,-0.0095650000000002,972.1461000014096,100,0.7991116834632142,-1.0,1.917868040311714
772,7.301212022120784e-06,1.027244802380877,4.200022,4.190352,4.19365241,0.3730702428045265,970.6458000000566,100,4.200022,4.190352,-0.0096699999999998,970.6458000000566,100,0.8011284772441889,-2.0,1.9227083453860536
773,7.607770792277701e-06,1.0255410776694418,4.200045,4.1904,4.193713514851485,0.286525547087153,981.8068000003695,101,4.200033,4.1904,-0.009633,981.8068000003695,101,0.7992064419189016,-3.0,1.9180954606053635
774,6.955461209235315e-06,1.0580622724669364,4.200035,4.190362,4.193574070707071,0.5305433093236727,964.256500000134,99,4.199989,4.190362,-0.009627,964.256500000134,99,0.7973263310134994,-4.0,1.9135831944323984
775,7.536871265757687e-06,1.0195724846985117,4.200014,4.190419,4.19374837,0.272077512234095,983.253299999982,100,4.200004,4.190421,-0.0095830000000001,983.253299999982,100,0.7959129178507515,-5.0,1.9101910028418032
776,7.536871265757687e-06,1.0195724846985117,4.200014,4.190419,4.19374837,0.272077512234095,983.253299999982,100,4.200004,4.190421,-0.0095830000000001,983.253299999982,100,0.7959129178507515,-6.0,1.9101910028418032
777,7.381743416060568e-06,1.0242129405213405,4.200019,4.190328,4.193619410000001,0.3645456117963359,979.1631000004708,100,4.199951,4.190328,-0.0096230000000003,979.1631000004708,100,0.7984149555134156,-7.0,1.9161958932321972
778,7.657820268118755e-06,1.019244085087468,4.20005,4.190357,4.193686247524752,0.2766887714960688,980.757600000128,101,4.199977,4.190357,-0.0096199999999999,980.757600000128,101,0.79610998905338,-8.0,1.910663973728112
779,7.665722131683535e-06,1.0192349034843735,4.200027,4.190372,4.193685356435644,0.2727782356750032,982.6642000004648,101,4.200027,4.190377,-0.0096500000000006,982.6642000004648,101,0.794459613466532,-9.0,1.9067030723196767
780,7.699831734851624e-06,1.0212991501880715,4.200031,4.190313,4.193670693069307,0.278823314105399,983.743599999696,101,4.199999,4.190323,-0.0096759999999997,983.743599999696,101,0.7932512429530101,-10.0,1.903802983087224
781,7.699831734851624e-06,1.0212991501880715,4.200031,4.190313,4.193670693069307,0.278823314105399,983.743599999696,101,4.199999,4.190323,-0.0096759999999997,983.743599999696,101,0.7932512429530101,-11.0,1.903802983087224
782,7.818752994455346e-06,1.0005799201753105,4.200027,4.190228,4.1936406336633665,0.2392252374640486,989.1940999999642,101,4.199999,4.19023,-0.0097690000000003,989.1940999999642,101,0.7954701052897476,-12.0,1.909128252695394
783,7.781421496435636e-06,1.0170861609044215,4.200026,4.190294,4.1936389405940595,0.267991012822629,982.1562000010164,101,4.199995,4.1903,-0.0096950000000006,982.1562000010164,101,0.79282503577162,-13.0,1.902780085851888
784,7.768003322178215e-06,1.014830284615421,4.200019,4.190281,4.193642326732674,0.2670466501163067,980.065399998799,101,4.199983,4.190281,-0.0097019999999998,980.065399998799,101,0.7911131566752967,-14.0,1.898671576020712
785,7.776034968316762e-06,1.0172866750583869,4.200028,4.190269,4.193631564356435,0.2709467905069331,985.0713999997824,101,4.200004,4.190269,-0.009735,985.0713999997824,101,0.7897471493408115,-15.0,1.8953931584179475
786,7.776034968316762e-06,1.0172866750583869,4.200028,4.190269,4.193631564356435,0.2709467905069331,985.0713999997824,101,4.200004,4.190269,-0.009735,985.0713999997824,101,0.7897471493408115,-16.0,1.8953931584179475
787,7.318845656359806e-06,1.0351934483313336,4.200015,4.190134,4.193435434343434,0.4781920136569031,969.1403999999166,99,4.200007,4.190134,-0.0098730000000006,969.1403999999166,99,0.7919481606323635,-17.0,1.9006755855176725
788,7.227162066790396e-06,1.0526507366176796,4.200027,4.19015,4.193449212121212,0.5210686906833715,960.2355000004172,99,4.199966,4.19015,-0.0098159999999998,960.2355000004172,99,0.789578122478381,-18.0,1.8949874939481144
789,7.586451452424379e-06,1.0356613143738576,4.200023,4.190156,4.19351339,0.391185726037135,972.5906000006944,100,4.200012,4.190156,-0.009856,972.5906000006944,100,0.7877197857347605,-19.0,1.890527485763425
790,7.881186206336843e-06,1.014004149251163,4.200002,4.190179,4.193591207920792,0.254751652482454,985.9178999997677,101,4.199986,4.190179,-0.0098070000000003,985.9178999997677,101,0.7870173617861729,-20.0,1.8888416682868148
791,7.881186206336843e-06,1.014004149251163,4.200002,4.190179,4.193591207920792,0.254751652482454,985.9178999997677,101,4.199986,4.190179,-0.0098070000000003,985.9178999997677,101,0.7870173617861729,-21.0,1.8888416682868148
792,8.337061368375071e-06,0.9749530881413836,4.200033,4.190103,4.193634911764706,0.1148623518357032,999.4040999989955,102,4.2,4.190119,-0.009881,999.4040999989955,102,0.7887804019690186,-22.0,1.8930729647256443
793,7.628238250101073e-06,1.027868965379522,4.200032,4.19014,4.19351682,0.3801828502317161,978.2663000002505,100,4.200028,4.19014,-0.0098879999999992,978.2663000002505,100,0.7863985828746158,-23.0,1.887356598899078
794,7.578620902626412e-06,1.0358791601826218,4.200029,4.190188,4.193518079999999,0.3927355427773342,975.946000000462,100,4.199983,4.190188,-0.0097949999999995,975.946000000462,100,0.784715460617382,-24.0,1.8833171054817168
795,8.225237487920793e-06,0.9862711182266368,4.200023,4.190155,4.193673821782178,0.1283694325665334,992.9430999998004,101,4.200019,4.190155,-0.0098640000000003,992.9430999998004,101,0.7831939268029244,-25.0,1.8796654243270183
796,8.225237487920793e-06,0.9862711182266368,4.200023,4.190155,4.193673821782178,0.1283694325665334,992.9430999998004,101,4.200019,4.190155,-0.0098640000000003,992.9430999998004,101,0.7831939268029244,-26.0,1.8796654243270183
797,7.928763370100883e-06,1.0119346609111384,4.200054,4.189987,4.19342806,0.3465204541368503,972.7330000009388,100,4.200011,4.19,-0.0100109999999995,972.7330000009388,100,0.7854815493204632,-27.0,1.8851557183691117
798,7.712039708686898e-06,1.028351214224792,4.200034,4.190084,4.19347478,0.3734217620828279,976.3479000013322,100,4.200034,4.190084,-0.0099499999999999,976.3479000013322,100,0.7831678084996397,-28.0,1.879602740399135
799,7.731782202020041e-06,1.0321440988526107,4.200029,4.190067,4.193461,0.3858771572663091,977.274299999699,100,4.200029,4.19007,-0.0099589999999993,977.274299999699,100,0.7813407496634294,-29.0,1.8752177991922303
800,8.074570737272968e-06,1.006458643871329,4.200037,4.190039,4.19354899,0.243561479179986,980.8594999983908,100,4.19998,4.190039,-0.0099410000000004,980.8594999983908,100,0.7803796992796351,-30.0,1.872911278271124
801,8.074570737272968e-06,1.006458643871329,4.200037,4.190039,4.19354899,0.243561479179986,980.8594999983908,100,4.19998,4.190039,-0.0099410000000004,980.8594999983908,100,0.7803796992796351,-31.0,1.872911278271124
802,8.565728612308159e-06,0.9612942243710556,4.200018,4.189983,4.19356262745098,0.0863561745457883,997.2591000013052,102,4.199989,4.189984,-0.0100050000000004,997.2591000013052,102,0.7827417260988601,-32.0,1.878580142637264
803,7.838967676767557e-06,1.0235004943873998,4.200037,4.190035,4.193436,0.3677396927363823,979.7658000010996,100,4.200025,4.190035,-0.0099900000000001,979.7658000010996,100,0.7801985205447292,-33.0,1.8724764493073496
804,8.497604012813005e-06,0.9853528010432372,4.200028,4.190081,4.193564352941177,0.1239177237469615,993.5413000006228,102,4.200006,4.190081,-0.0099249999999999,993.5413000006228,102,0.778424150419653,-34.0,1.868217961007167
805,8.142700748316833e-06,1.0130419675133662,4.200015,4.19008,4.193496435643564,0.2642429029495501,984.8945000004024,101,4.199995,4.190091,-0.0099040000000005,984.8945000004024,101,0.7767460733344321,-35.0,1.8641905760026372
806,8.142700748316833e-06,1.0130419675133662,4.200015,4.19008,4.193496435643564,0.2642429029495501,984.8945000004024,101,4.199995,4.190091,-0.0099040000000005,984.8945000004024,101,0.7767460733344321,-36.0,1.8641905760026372
807,8.03795219101009e-06,1.0036072209922948,4.200004,4.189883,4.19337147,0.318131551083781,979.0583000015469,100,4.199997,4.189883,-0.0101139999999997,979.0583000015469,100,0.7795650008174156,-37.0,1.8709560019617977
808,8.264655393267395e-06,1.0005006399297158,4.200023,4.189963,4.193465128712871,0.2389417135212808,987.5417999997736,101,4.199997,4.189963,-0.010034,987.5417999997736,101,0.7767226076114038,-38.0,1.864134258267369
809,8.222302391414064e-06,1.0024234613038343,4.20001,4.189954,4.1934945500000005,0.2367753856840413,982.2861999999732,100,4.200006,4.189954,-0.0100519999999999,982.2861999999732,100,0.7752439423645914,-39.0,1.8605854616750193
810,8.270881721616183e-06,1.0047574299777746,4.20001,4.189972,4.19347266,0.2389740149915855,982.3915999997408,100,4.199965,4.189972,-0.0099929999999996,982.3915999997408,100,0.7735745451585795,-40.0,1.8565789083805904
811,8.270881721616183e-06,1.0047574299777746,4.20001,4.189972,4.19347266,0.2389740149915855,982.3915999997408,100,4.199965,4.189972,-0.0099929999999996,982.3915999997408,100,0.7735745451585795,-41.0,1.8565789083805904
812,9.16322215781492e-06,0.9356965882165598,4.200027,4.189825,4.193531864077669,-0.0311482882122007,1000.8496999982744,103,4.199987,4.189825,-0.0101620000000002,1000.8496999982744,103,0.775885219623569,-42.0,1.8621245270965656
813,8.397986034455488e-06,0.9954410964737124,4.200014,4.189887,4.193426633663366,0.2245320874409624,986.1372999995948,101,4.200002,4.189891,-0.0101109999999993,986.1372999995948,101,0.7736475711035152,-43.0,1.8567541706484365
814,8.43638889445541e-06,0.99497360270084,4.200028,4.189857,4.193409366336633,0.2247213164340937,980.6655999999492,101,4.200004,4.189871,-0.0101329999999997,980.6655999999492,101,0.771463320242404,-44.0,1.8515119685817696
815,7.68529396103891e-06,1.0453253502165705,4.200026,4.189897,4.193266757575758,0.496779222411885,966.5803000014276,99,4.200002,4.189901,-0.0101009999999996,966.5803000014276,99,0.7697529842688038,-45.0,1.847407162245129
816,7.68529396103891e-06,1.0453253502165705,4.200026,4.189897,4.193266757575758,0.496779222411885,966.5803000014276,99,4.200002,4.189901,-0.0101009999999996,966.5803000014276,99,0.7697529842688038,-46.0,1.847407162245129
817,8.909707539215602e-06,0.9571779144801308,4.200024,4.189772,4.19344081372549,0.0797319357809769,994.0355999991298,102,4.200019,4.189783,-0.0102359999999999,994.0355999991298,102,0.7722959722587652,-47.0,1.8535103334210363
818,8.417570344545417e-06,0.9993349890032064,4.200022,4.189878,4.19342633,0.2292153066189373,981.521099999547,100,4.19997,4.189878,-0.0100920000000002,981.521099999547,100,0.7698452957857709,-48.0,1.84762870988585
819,8.545690088316706e-06,0.997615243955054,4.200028,4.189802,4.193361564356436,0.2326394002172391,983.4235000014304,101,4.199984,4.189849,-0.010135,983.4235000014304,101,0.7675546072081656,-49.0,1.8421310572995977
820,8.538970822376108e-06,0.9994350158399076,4.200022,4.189827,4.1933647227722775,0.232227085103212,989.2995000015944,101,4.199983,4.189833,-0.0101499999999994,989.2995000015944,101,0.7663365563186364,-50.0,1.8392077351647271
821,8.538970822376108e-06,0.9994350158399076,4.200022,4.189827,4.1933647227722775,0.232227085103212,989.2995000015944,101,4.199983,4.189833,-0.0101499999999994,989.2995000015944,101,0.7663365563186364,-51.0,1.8392077351647271
822,8.688315307920524e-06,0.9748798298678628,4.200023,4.189727,4.193339821782178,0.1832663891148436,982.7197999991477,101,4.200006,4.189727,-0.0102789999999997,982.7197999991477,101,0.7686288198406922,-52.0,1.8447091676176612
823,8.642780774851491e-06,0.99306922599445,4.200019,4.189734,4.193334306930693,0.2216678433970593,986.439600000158,101,4.199989,4.189734,-0.0102550000000007,986.439600000158,101,0.766279961440783,-53.0,1.8390719074578792
824,8.308345089292763e-06,1.0139497893844085,4.200042,4.189696,4.19326004,0.3458856006923447,974.0787000004202,100,4.20001,4.189699,-0.0103109999999997,974.0787000004202,100,0.7644564243983547,-54.0,1.8346954185560511
825,8.579577400594107e-06,0.9997423495889792,4.200019,4.18976,4.1933381386138615,0.2310810763534814,985.121899999678,101,4.199962,4.18976,-0.0102020000000004,985.121899999678,101,0.7625873770200899,-55.0,1.830209704848216
826,8.579577400594107e-06,0.9997423495889792,4.200019,4.18976,4.1933381386138615,0.2310810763534814,985.121899999678,101,4.199962,4.18976,-0.0102020000000004,985.121899999678,101,0.7625873770200899,-56.0,1.830209704848216
827,9.125091641980191e-06,0.9487258866038362,4.200032,4.189634,4.193393910891089,0.0596198083449377,999.9397999998182,101,4.199998,4.189634,-0.010364,999.9397999998182,101,0.7653509304166333,-57.0,1.83684223299992
828,9.003262330129926e-06,0.965611452580755,4.200039,4.189738,4.19340112745098,0.094439930949755,993.6663000006228,102,4.199997,4.189741,-0.010256,993.6663000006228,102,0.762655399758557,-58.0,1.830372959420537
829,8.597059468585625e-06,0.9980682855502876,4.200021,4.189721,4.19335619,0.2266830074418484,987.91069999896,100,4.199951,4.189721,-0.0102300000000008,987.91069999896,100,0.7609771946871129,-59.0,1.8263452672490708
830,8.74382949089118e-06,1.0000775698206257,4.200018,4.189665,4.193276702970297,0.2322440754226193,981.2616999987512,101,4.199976,4.189665,-0.0103110000000006,981.2616999987512,101,0.7589951491296427,-60.0,1.8215883579111425
831,8.74382949089118e-06,1.0000775698206257,4.200018,4.189665,4.193276702970297,0.2322440754226193,981.2616999987512,101,4.199976,4.189665,-0.0103110000000006,981.2616999987512,101,0.7589951491296427,-61.0,1.8215883579111425
832,9.269856533100382e-06,0.9505660609850696,4.200033,4.189557,4.193327039215686,0.0637081984399858,998.6904000006616,102,4.200018,4.189557,-0.0104610000000002,998.6904000006616,102,0.7616407118921208,-62.0,1.82793770854109
833,8.929679019999906e-06,0.9871643398264184,4.200024,4.189583,4.193232000000001,0.2076610759199599,981.963899999857,101,4.200024,4.189585,-0.0104389999999998,981.963899999857,101,0.7595506932594154,-63.0,1.822921663822597
834,9.135733147920852e-06,0.9726737966121296,4.20004,4.189609,4.193374178217822,0.1011008867673095,990.2855000011624,101,4.200028,4.189609,-0.0104189999999997,990.2855000011624,101,0.757251755385806,-64.0,1.8174042129259345
835,8.487709125656521e-06,1.01554140429252,4.200016,4.18961,4.193174160000001,0.337017715433507,975.4286000002176,100,4.199985,4.18963,-0.0103549999999996,975.4286000002176,100,0.7556494240467804,-65.0,1.813558617712273
836,8.487709125656521e-06,1.01554140429252,4.200016,4.18961,4.193174160000001,0.337017715433507,975.4286000002176,100,4.199985,4.18963,-0.0103549999999996,975.4286000002176,100,0.7556494240467804,-66.0,1.813558617712273
837,9.78533395012339e-06,0.9201312859594638,4.200029,4.189509,4.193336029126214,-0.0556218128045098,1003.9356999993324,103,4.199933,4.189519,-0.0104139999999999,1003.9356999993324,103,0.7588539503100574,-67.0,1.8212494807441375
838,8.998674210098943e-06,0.9927057671191288,4.200061,4.189535,4.1931969009901,0.2235374147026183,984.500300001353,101,4.199986,4.189538,-0.0104480000000002,984.500300001353,101,0.7554398061545646,-68.0,1.813055534770955
839,9.026198265148356e-06,0.9904631070533788,4.200034,4.189557,4.193192069306931,0.2062514846808709,985.6170000005512,101,4.200002,4.18956,-0.0104419999999993,985.6170000005512,101,0.7545556572600195,-69.0,1.8109335774240467
840,8.997912756435784e-06,0.9981940056847854,4.200037,4.189548,4.193190940594059,0.2287047350440061,985.5509999990464,101,4.200027,4.189574,-0.010453,985.5509999990464,101,0.7527644955559628,-70.0,1.8066347893343109
841,8.997912756435784e-06,0.9981940056847854,4.200037,4.189548,4.193190940594059,0.2287047350440061,985.5509999990464,101,4.200027,4.189574,-0.010453,985.5509999990464,101,0.7527644955559628,-71.0,1.8066347893343109
842,9.847789652198656e-06,0.920199630404712,4.200031,4.189419,4.193323067961165,-0.0586009125179463,1009.5223999992012,103,4.199978,4.189419,-0.0105589999999997,1009.5223999992012,103,0.7554467056080997,-72.0,1.813072093459439
843,9.168212314455662e-06,0.9810519800359044,4.200023,4.189463,4.193156633663366,0.1955342918445106,983.2081000003964,101,4.199979,4.189463,-0.0105159999999999,983.2081000003964,101,0.7527059407353713,-73.0,1.806494257764891
844,8.833807399898567e-06,1.010652906822413,4.200029,4.189444,4.193054289999999,0.3296372254718385,974.0494999997318,100,4.200009,4.189444,-0.0105649999999997,974.0494999997318,100,0.7507510873454596,-74.0,1.8018026096291029
845,9.134458349901217e-06,0.9955239296932742,4.20004,4.189455,4.1931440099009905,0.2226587739245302,989.07860000059,101,4.200009,4.189455,-0.0105539999999999,989.07860000059,101,0.7489560926053989,-75.0,1.797494622252957
846,9.134458349901217e-06,0.9955239296932742,4.20004,4.189455,4.1931440099009905,0.2226587739245302,989.07860000059,101,4.200009,4.189455,-0.0105539999999999,989.07860000059,101,0.7489560926053989,-76.0,1.797494622252957
847,9.71071406920982e-06,0.9478196596787588,4.200053,4.189386,4.193184343137255,0.057475706585452,998.4466000013052,102,4.200012,4.189386,-0.0106260000000002,998.4466000013052,102,0.7520821608748469,-77.0,1.8049971860996328
848,8.831198117056634e-06,-0.5067368583842334,4.196412,4.176577,4.189842717391304,3.149189239490682,900.0459000002593,92,4.176577,4.186356,0.0097789999999999,900.0459000002593,92,0.7454059167907019,-78.0,1.7889742002976845
849,9.6759214867987e-06,0.9634065125623112,4.200031,4.189363,4.193160833333334,0.0933384589545798,992.7520000003278,102,4.199985,4.189365,-0.0106200000000002,992.7520000003278,102,0.7468555667952931,-79.0,1.7924533603087034
850,9.251082896435794e-06,0.997689086185424,4.200039,4.189402,4.193100059405941,0.2275857167872943,982.6383999995888,101,4.199995,4.189402,-0.010593,982.6383999995888,101,0.7451468219273182,-80.0,1.7883523726255637
851,9.251082896435794e-06,0.997689086185424,4.200039,4.189402,4.193100059405941,0.2275857167872943,982.6383999995888,101,4.199995,4.189402,-0.010593,982.6383999995888,101,0.7451468219273182,-81.0,1.7883523726255637
852,9.422781346930628e-06,0.96599035586785,4.200025,4.189275,4.1930794257425745,0.1698277528409546,983.5610000006856,101,4.200024,4.189277,-0.0107470000000002,983.5610000006856,101,0.7482305698644925,-82.0,1.795753367674782
853,9.645399000395928e-06,0.9634855562195574,4.200024,4.189342,4.1931928019801985,0.087227441936259,998.3366999998688,101,4.199979,4.189342,-0.010637,998.3366999998688,101,0.7451856270362833,-83.0,1.78844550488708
854,9.041588010505455e-06,1.010748543651097,4.200048,4.189319,4.1929776400000005,0.3343040474497019,972.0644000004976,100,4.200001,4.189319,-0.010682,972.0644000004976,100,0.7431683583722747,-84.0,1.783604060093459
855,8.734304950113302e-06,1.0307262462715954,4.200027,4.18926,4.192853222222222,0.4572575077714025,961.4022000003606,99,4.200005,4.189268,-0.0107369999999997,961.4022000003606,99,0.7416392823030614,-85.0,1.7799342775273472
856,8.734304950113302e-06,1.0307262462715954,4.200027,4.18926,4.192853222222222,0.4572575077714025,961.4022000003606,99,4.200005,4.189268,-0.0107369999999997,961.4022000003606,99,0.7416392823030614,-86.0,1.7799342775273472
857,9.38087190090919e-06,0.9816649886513964,4.200027,4.189036,4.192883910000001,0.2828444352031716,971.6374999992548,100,4.199979,4.189036,-0.0109430000000001,971.6374999992548,100,0.7448093666890031,-87.0,1.7875424800536075
858,9.203731557979584e-06,0.998570059262572,4.200046,4.189215,4.19292676,0.3126531942609665,975.2453000005336,100,4.199991,4.189215,-0.0107759999999998,975.2453000005336,100,0.7424167829076661,-88.0,1.7818002789783989
859,9.605097987524872e-06,0.9848481124024288,4.200063,4.189233,4.19300304950495,0.1984429873062123,983.742199998349,101,4.200002,4.189241,-0.0107609999999995,983.742199998349,101,0.7405447692457581,-89.0,1.7773074461898193
860,9.547441030891142e-06,0.9888150839810498,4.200069,4.189286,4.193008702970297,0.2059570482959114,984.2041999995708,101,4.199985,4.189286,-0.0106989999999997,984.2041999995708,101,0.7389154088863582,-90.0,1.7733969813272596
861,9.547441030891142e-06,0.9888150839810498,4.200069,4.189286,4.193008702970297,0.2059570482959114,984.2041999995708,101,4.199985,4.189286,-0.0106989999999997,984.2041999995708,101,0.7389154088863582,-91.0,1.7733969813272596
862,1.0101576111434553e-05,0.9369749891394852,4.200025,4.189121,4.193056549019608,0.0379795460948293,998.4732000008224,102,4.200014,4.189121,-0.0108930000000002,998.4732000008224,102,0.7406648908564394,-92.0,1.7775957380554546
863,1.0037933305377844e-05,0.9616085825041404,4.200037,4.189196,4.193046039215686,0.0881871660379225,993.1473000012338,102,4.200035,4.189199,-0.0108359999999994,993.1473000012338,102,0.7377994270138768,-93.0,1.7707186248333042
864,9.642617788712796e-06,0.9793513454959496,4.200033,4.18917,4.192975346534652,0.1918003835567443,981.1118000000716,101,4.199974,4.18917,-0.0108040000000002,981.1118000000716,101,0.7352332674226245,-94.0,1.7645598418142987
865,1.0017647765870578e-05,0.9683651684608278,4.200029,4.189191,4.193055235294118,0.0981686239183194,994.1742000002414,102,4.20002,4.189191,-0.0108290000000002,994.1742000002414,102,0.73333805524313,-95.0,1.7600113325835118
866,1.0017647765870578e-05,0.9683651684608278,4.200029,4.189191,4.193055235294118,0.0981686239183194,994.1742000002414,102,4.20002,4.189191,-0.0108290000000002,994.1742000002414,102,0.73333805524313,-96.0,1.7600113325835118
867,1.0636582938511464e-05,0.9144697067306088,4.200035,4.188997,4.193064514563107,-0.0685125067667762,1004.194699998945,103,4.199975,4.188997,-0.0109780000000005,1004.194699998945,103,0.7365031512714602,-97.0,1.7676075630515042
868,1.0079896841778469e-05,0.9539616322965722,4.200027,4.189124,4.19302756862745,0.0686013585982103,997.2896999996156,102,4.199973,4.189124,-0.0108490000000003,997.2896999996156,102,0.7337518396795301,-98.0,1.761004415230872
869,1.0525452027032384e-05,0.9329141694733468,4.200032,4.189125,4.1930810485436885,-0.0404642841225193,1001.5384999997914,103,4.199981,4.189132,-0.0108490000000003,1001.5384999997914,103,0.7314435765476677,-99.0,1.7554645837144025
870,1.0825815571228511e-05,0.9144174496481244,4.200034,4.189118,4.193149355769231,-0.1306248533196181,1010.0855000000448,104,4.200004,4.189118,-0.0108860000000001,1010.0855000000448,104,0.7298988255842689,-100.0,1.7517571814022452
871,1.0825815571228511e-05,0.9144174496481244,4.200034,4.189118,4.193149355769231,-0.1306248533196181,1010.0855000000448,104,4.200004,4.189118,-0.0108860000000001,1010.0855000000448,104,0.7298988255842689,-101.0,1.7517571814022452
872,1.072102986693306e-05,0.9163189288017696,4.200043,4.188992,4.193038320388349,-0.0654664889366758,1008.9083000011742,103,4.199986,4.188996,-0.0109899999999996,1008.9083000011742,103,0.7333066253892415,-102.0,1.7599359009341795
873,1.095139524262508e-05,0.9062139410200886,4.200035,4.189075,4.193128259615384,-0.1445389822484752,1012.1748999990524,104,4.200016,4.189075,-0.0109409999999998,1012.1748999990524,104,0.7304564004221942,-103.0,1.753095361013266
874,9.879565793267125e-06,0.9796805782481114,4.200033,4.189042,4.192903128712871,0.1879978604144008,982.3881999999284,101,4.200004,4.189042,-0.0109620000000001,982.3881999999284,101,0.7284842336413873,-104.0,1.7483621607393294
875,1.0183683374455487e-05,0.9584249815352122,4.200004,4.18907,4.193000633663367,0.0741452459134031,996.2158000003546,101,4.199976,4.18907,-0.0109060000000003,996.2158000003546,101,0.7262819729065294,-105.0,1.7430767349756704
876,1.0183683374455487e-05,0.9584249815352122,4.200004,4.18907,4.193000633663367,0.0741452459134031,996.2158000003546,101,4.199976,4.18907,-0.0109060000000003,996.2158000003546,101,0.7262819729065294,-106.0,1.7430767349756704
877,9.760776515050897e-06,0.978376787977746,4.200039,4.188895,4.19274451,0.2659186282410637,978.9734000004828,100,4.199951,4.188895,-0.0110560000000008,978.9734000004828,100,0.7296349708433673,-107.0,1.7511239300240813
878,1.049260804125416e-05,0.9505152557589288,4.200026,4.188956,4.192903833333333,0.0631028689972361,991.2006000000983,102,4.200002,4.188975,-0.0110269999999994,991.2006000000983,102,0.7268711412737678,-108.0,1.7444907390570428
879,1.0002361937821683e-05,0.9810186022439942,4.20003,4.189034,4.192850732673267,0.1944539351391876,985.350700000301,101,4.20003,4.18904,-0.0109899999999996,985.350700000301,101,0.724956855958414,-109.0,1.7398964543001934
880,9.651759274343456e-06,0.9982573474209676,4.200044,4.188899,4.19274872,0.3132711856947852,976.226599998772,100,4.200014,4.188899,-0.0111150000000002,976.226599998772,100,0.7227807327683159,-110.0,1.734673758643958
881,9.651759274343456e-06,0.9982573474209676,4.200044,4.188899,4.19274872,0.3132711856947852,976.226599998772,100,4.200014,4.188899,-0.0111150000000002,976.226599998772,100,0.7227807327683159,-111.0,1.734673758643958
882,1.0618538988545594e-05,0.9334075798215576,4.200023,4.188779,4.1928796274509805,0.0376321125672847,990.7261999994516,102,4.200016,4.188779,-0.0112369999999994,990.7261999994516,102,0.7261580970448407,-112.0,1.7427794329076176
883,1.090599231753258e-05,0.9240317217337304,4.200021,4.188936,4.19295672815534,-0.0532940976338731,1000.425699999556,103,4.199922,4.18894,-0.0109820000000002,1000.425699999556,103,0.7246279711278527,-113.0,1.7391071307068464
884,1.0878407967447114e-05,0.92406293472421,4.200042,4.188924,4.192964398058252,-0.0522447262597256,1008.8795999996364,103,4.199983,4.188927,-0.0110559999999999,1008.8795999996364,103,0.7224348790593492,-114.0,1.7338437097424382
885,1.0668020361580667e-05,0.957782574147923,4.200037,4.188863,4.192832401960786,0.0725630745606316,992.4102999996394,102,4.200019,4.188864,-0.0111550000000004,992.4102999996394,102,0.7207133146006673,-115.0,1.7297119550416016
886,1.0668020361580667e-05,0.957782574147923,4.200037,4.188863,4.192832401960786,0.0725630745606316,992.4102999996394,102,4.200019,4.188864,-0.0111550000000004,992.4102999996394,102,0.7207133146006673,-116.0,1.7297119550416016
